Variant_ID,AL_1,AL_2,AL_3,AL_4,AL_5,AL_6,AL_7,AL_8,AL_9,AL_10,AL_11,AL_12,AL_13,AL_14,AL_15,AL_16,AL_17,AL_18,AL_19,AL_20,AL_21,AL_22,AL_23,AL_24,AL_25,AL_26,CAT_1,AL_27,AL_28,AL_29,AL_30,AL_31,AL_32,AL_33,AL_34,AL_35,AL_36,AL_37,AL_38,AL_39,AL_40,AL_41,AL_42,AL_43,AL_44,AL_45,AL_46,AL_47,AL_48,AL_49,AL_50,AL_51,AL_52,AL_53,AL_54,AL_55,AL_56,AL_57,AL_58,AL_59,AL_60,AL_61,AL_62,AL_63,AL_64,AL_65,AL_66,AL_67,AL_68,AL_69,AL_70,AL_71,AL_72,AL_73,AL_74,AL_75,AL_76,AL_77,AL_78,AL_79,AL_80,AL_81,AL_82,AL_83,AL_84,AL_85,AL_86,AL_87,AL_88,AL_89,AL_90,AL_91,AL_92,AL_93,AL_94,AL_95,CAT_2,AL_96,AL_97,AL_98,CAT_3,CAT_4,EK_1,EK_2,EK_3,AL_99,AL_100,AL_101,AL_102,AL_103,AL_104,AL_105,AL_106,AL_107,AL_108,AL_109,AL_110,AL_111,AL_112,AL_113,AL_114,AL_115,AL_116,AL_117,AL_118,AL_119,AL_120,AL_121,AL_122,AL_123,AL_124,AL_125,AL_126,AL_127,AL_128,AL_129,AL_130,AL_131,AL_132,AL_133,AL_134,AL_135,AL_136,AL_137,AL_138,AL_139,AL_140,AL_141,AL_142,AL_143,AL_144,AL_145,AL_146,AL_147,AL_148,AL_149,AL_150,AL_151,AL_152,AL_153,AL_154,AL_155,AL_156,AL_157,AL_158,AL_159,AL_160,AL_161,AL_162,AL_163,AL_164,AL_165,AL_166,AL_167,AL_168,AL_169,AL_170,AL_171,AL_172,AL_173,AL_174,AL_175,AL_176,AL_177,AL_178,AL_179,AL_180,AL_181,AL_182,AL_183,AL_184,CAT_5,AL_186,AL_187,AL_188,AL_189,AL_190,AL_191,AL_192,AL_193,AL_194,AL_195,AL_196,AL_197,AL_198,AL_199,AL_200,AL_201,AL_202,AL_203,AL_204,AL_205,AL_206,AL_207,AL_208,AL_209,AL_210,AL_211,AL_212,AL_213,AL_214,AL_215,AL_216,AL_217,AL_218,AL_219,AL_220,AL_221,AL_222,CAT_6,AL_223,AL_224,AL_225,AL_226,AL_227,AL_228,AL_229,AL_230,AL_231,AL_232,AL_233,AL_234,AL_235,AL_236,AL_237,AL_238,AL_239,AL_240,AL_241,AL_242,AL_243,AL_244,AL_245,AL_246,AL_247,AL_248,AL_249,AL_250,AL_251,AL_252,AL_253,AL_254,AL_255,AL_256,AL_257,AL_258,AL_259,AL_260,AL_261,AL_262,AL_263,AL_264,AL_265,AL_266,AL_267,AL_268,AL_269,AL_270,AL_271,AL_272,AL_273,AL_274,AL_275,AL_276,AL_277,AL_278,AL_279,AL_280,AL_281,AL_282,AL_283,AL_284,AL_285,AL_286,AL_287,AL_288,AL_289,AL_290,AL_291,AL_292,AL_293,AL_294,AL_295,AL_296,AL_297,AL_298,AL_299,AL_300,AL_301,AL_302,AL_303,AL_304,AL_305,AL_306,AL_307,AL_308,AL_309,AL_310,AL_311,AL_312,AL_313,AL_314,AL_315,AL_316,AL_317,AL_318,AL_319,AL_320,AL_321,AL_322,AL_323,AL_324,AL_325,AL_326,AL_327,AL_328,AL_329,AL_330,AL_331,AL_332,AL_333,AL_334,EK_4,EK_5,EK_6,EK_7,EK_8,EK_9,AA_1,AA_2,Label,miss_AL1_6,miss_AL7_15,miss_AL16_25,miss_AL27_38,miss_EK3,miss_pc1,miss_pc2,miss_pc3,miss_pc4,miss_pc5,miss_pc6,miss_pc7,miss_pc8,miss_pc9,miss_pc10,n_pops,n_nonmiss_AL,max_AF,min_AF_nz,log_max_AF,log_min_AF,BA1_flag,BS1_flag,PM2_flag,BS2_proxy,n_pops_squared,npops_tier_0,npops_tier_10,npops_tier_26,sum_flags,n_valid_flags,frac_flags,EK7xEK9,EK2xEK4,EK4xEK6,EK7_minus_EK9,max_prob_EK,n_EK_path,n_EK_ben,EK_net_evidence,cat1_multipop,cat1_AFR,cat1_NFE,cat1_gnomADe,cat1_gnomADg,cat1_te,cat2_AllofUs_AFR,cat2_AllofUs_AMR,cat2_AllofUs_EAS,cat2_AllofUs_EUR,cat2_AllofUs_MID,cat2_AllofUs_OTH,cat2_AllofUs_SAS,cat2_missing,cat6_has_filter,cat6_segdup,cat6_lcr,geno_consistent,geno_missing,aa1_class,aa2_class,aa_class_change,aa_involves_G,aa_involves_P,aa_involves_C,aa_involves_R,aa_to_special,aa_from_special,aa_class_changed,blosum62_approx,aa_change_te
VAR_001979,,,,,,,0.001345143892082,0.0968923318854954,1.2426480987085976e-08,6.030437568248612e-11,4.935412240636176e-10,1.7911174347902127e-08,0.0002885445285012,7.453029738805984e-05,3.7326960492130527e-06,,,,,,,,,,,0.0052895269877788,gnomADe_REMAINING,,,,,,,,,,,,,,,,,,,,,,,,,,,,,,,,,,,,,,,,,,,,,,,,,0.0,0.0004875191352589,1.0,0.0,0.0067376861837038,1.0,1.0,9.658228198764377e-18,0.0,1.0,0.0431832625622934,1.0,0.0,1.0512139294673498e-05,1.0,1.0,1.3095083692207705e-08,0.0,1.0,1.051259823256892e-05,1.0,AllofUs_EUR,1.0,3.4841521387799048e-15,0.0,T/T,T/T,5.676220856527633,5.436310528234492,,0.0,9.110137227765274e-07,1.0,0.0,4.127587958689317e-06,1.0,1.0,4.517474357962172e-05,1.0,0.0,0.0027705678213907,1.0,0.0,0.0012398452388829,1.0,0.0,0.011573289444505,1.0,0.0,0.0030546516396606,1.0,0.0,5.630145427738096e-06,1.0,1.0,0.0007582404133197,1.0,1.0,3.644041512505888e-05,1.0,1.0,0.0020408683174204,1.0,1.0,8.69170952892546e-06,1.0,0.0,0.0313728734675085,1.0,1.0,1.2524026861253728e-06,1.0,1.0,1.0578070731154526e-05,1.0,1.0,0.0275659957220094,1.0,1.0,3.754620020843611e-09,1.0,0.0,9.375913293201742e-07,1.0,0.0,0.0131344855155355,1.0,1.0,0.0025825352629992,1.0,1.0,2.506500004521501e-06,1.0,1.0,0.0034473681829404,1.0,0.0,0.0599917912590226,1.0,0.0,3.6607337821188532e-09,1.0,0.0,0.0002088552902871,1.0,1.0,0.0322027065382023,1.0,1.0,9.576000000000003e-08,1.0,0.0,0.0003942431170799,1.0,,,T/T,7.626451521896152e-05,,,,,,,,,,,,,,,,,,,,,,,,,,,,,,,,,,,,,,,,,,,,,,,,,,,,,,,,,,,,,,,,,,,,,,,,,,,,,,,,,,,,,,,,,,,,,,,,,,,,,,,,,,,,,,1.0,0.0041959577553366,1.0,3.8387367388030153e-08,1.0,1.0,0.0,0.0001014640707168,1.0,1.2465328668625385e-15,0.0,1.8937310763139533e-11,1.0,1.0,1.0,0.0,0.0001604375849195,1.0,1.0,0.0,1.0761881889404568e-05,1.0,1.0,0.0,1.0531334280589372e-05,1.0,1.0,0.0,0.0001832208556947,1.0,0.0,1.0,0.0451175937314498,1.0,1.0,0.0,3.719614618611799e-08,1.0,0.0,1.0,0.996890603119488,0.9909272806760436,0.985634718227865,7.425320601580931,0.6780527161913196,7.6683854408123535,L,P,1,1.0,0.0,1.0,1.0,1.0,-1.1459324037209822,-6.562119973939158,2.7846702631043154,-0.8159844555757458,-2.6227348982270846,1.5783578391578417,-0.004173349595877784,-0.7822143338226768,0.02262225873539537,0.2106775049433258,10.0,159.0,0.0968923318854954,6.030437568248612e-11,-1.0137105919026896,-10.219643972682709,1.0,1.0,0.0,0.0,100.0,0.0,1.0,0.0,50.0,62,0.8064516129032258,56.94022039452724,5.4194068812365055,0.9825699887096829,-0.24306483923142252,0.996890603119488,5.0,0.0,5.0,0.0,0.0,0.0,1.0,0.0,0.686920920297272,0.0,0.0,0.0,1.0,0.0,0.0,0.0,0.0,0.0,0.0,0.0,1.0,0.0,hydrophobic,special,hydrophobic_to_special,0.0,1.0,0.0,0.0,1.0,0.0,1.0,-3,0.8744937483693579
VAR_001959,,,,,,,0.0105346317655825,1.016652503621542e-06,0.0270731269770175,1.7613779125309513e-07,0.0008098422414898,8.486350970982523e-08,2.773974824533947e-06,0.0015506751827007,0.0004330476992456,,,,,,,,,,,0.0942092638929462,gnomADe_NFE,,,,,,,,,,,,,,,,,,,,,,,,,,,,,,,,,,,,,,,,,,,,,,,,,1.0,0.0999932341387015,1.0,1.0,0.00419253560047,1.0,1.0,0.0001900699253086,0.0,1.0,4.105415079972634e-05,0.0,0.0,2.166382292979218e-09,0.0,0.0,0.0004611726406914,1.0,0.0,3.008702628757964e-05,1.0,AllofUs_OTH,0.0,0.018916203531115,1.0,C/C,C/C,5.75980285683495,5.6169181060947375,4.931367482470997,0.0,2.6380769128762474e-06,1.0,0.0,6.872070374825407e-07,1.0,0.0,1.1691119507971998e-09,1.0,1.0,1.2612356085182396e-06,1.0,0.0,0.0002646738515088,1.0,1.0,1.1846318407807342e-14,1.0,1.0,0.0007896894039073,1.0,0.0,0.0088093646752054,1.0,1.0,0.0685560904826441,1.0,1.0,4.782512709370446e-06,1.0,0.3124285772286614,0.069605944087865,1.0,0.0,0.0134624047187364,1.0,1.0,8.91395154988061e-15,1.0,0.0,0.003516903691855,1.0,0.0,0.0379782016682776,1.0,0.0,3.182400000032348e-06,1.0,1.0,0.0619291091146809,1.0,0.0,1.5732515471723582e-05,1.0,1.0,8.033141720549318e-14,1.0,0.0,0.0010680431354769,1.0,1.0,0.0001647888353501,1.0,1.0,1.834636313710498e-09,1.0,1.0,2.1238171283417905e-05,1.0,0.0,0.0024258911514296,1.0,1.0,0.0080663192710232,1.0,1.0,7.200186563559291e-09,1.0,1.0,2.5733672138556244e-05,1.0,0.0,0.0003761382117361,1.0,,,C/C,5.987832529523896e-05,1.0,0.0343462303136632,0.0,3.3630665761370027e-18,1.0,0.0,0.0,0.0028001330705672,1.0,1.0,1.0,1.0,1.5118913929750933e-06,1.0,2.466894894253728e-05,1.0,0.0030684071149223,1.0,0.0,0.0,1.8956831870383004e-10,1.0,1.0,1.0,6.934596758062286e-05,1.0,0.0,,,,,1.0,0.0010406936117279,1.0,0.0,1.0,,1.0,3.804627313093688e-05,1.0,0.0058005201786455,1.0,1.0,0.0,6.548010567375527e-05,1.0,0.0,1.0,0.0,1.4068690405322611e-09,1.0,0.0,0.0,1.0791094265441528e-05,1.0,0.2827461235362261,1.0,3.026991051470504e-07,1.0,0.0,1.0,8.808949527853203e-06,1.0,0.0,1.0,8.808678000000448e-06,1.0,0.0,0.0,3.2260961065848326e-08,1.0,0.0,0.0,0.0,0.0011688493392463,1.0,0.004695727226389,1.0,1.0,0.0,0.0333449832920432,1.0,0.0,1.0,1.0,4.9258802466992106e-15,1.0,0.0,1.0,1.1532305343464776e-05,1.0,1.0,0.0,0.0138530977044377,1.0,1.0,0.0,1.0066860000750858e-05,1.0,1.0,0.0,8.05584151587776e-05,1.0,1.0,0.0,6.7722212897624575e-09,1.0,0.0,0.0,1.0,0.0070303434517423,1.0,0.001257305836269,1.0,0.0,0.0,2.983706280874209e-09,1.0,0.0999999999999999,1.0,0.0063151132829161,1.0,1.0,1.0,1.0,0.0109818319561281,1.0,1.0,0.0,0.0005371683708179,1.0,1.0,1.0,1.5932452861365868e-07,1.0,0.0,0.0,2.2900880031190413e-06,1.0,1.0,1.0,0.0693591576240391,1.0,0.0,1.0,0.0002342058154046,1.0,0.0,0.0,0.9952551217350972,1.0,0.9633068445136204,6.682952223274756,0.5763303171402341,7.8719678199395,S,F,1,1.0,0.0,1.0,1.0,0.0,-7.181394632309608,0.5478636893823805,5.665958022127194,0.5779194796077518,-0.5412789409101714,2.5742779246107332,0.3128646697613946,-0.7119108833251209,1.0147455391926157,0.2563547978681285,10.0,263.0,0.0942092638929462,8.486350970982523e-08,-1.0259063895662346,-7.071279005914123,1.0,1.0,0.0,0.0,100.0,0.0,1.0,0.0,77.0,93,0.8279569892473119,52.60798484381202,5.59026651345739,0.9587360708046556,-1.1890155966647438,1.0,6.0,0.0,6.0,0.0,0.0,1.0,1.0,0.0,0.8264378219714592,0.0,0.0,0.0,0.0,0.0,1.0,0.0,0.0,0.0,0.0,0.0,1.0,0.0,polar,hydrophobic,polar_to_hydrophobic,0.0,0.0,0.0,0.0,0.0,0.0,1.0,0,0.7355851245308769
VAR_001788,,,,,,,0.0002757016098805,0.0940846648107452,0.0246176697696258,0.0078962341813127,1.293841926918324e-09,0.0576096316023584,0.0003503661913672,0.0128299074510257,0.0007517119156974,4.73310235856397e-05,0.0414671499349323,0.0046866496785091,0.0001270157916102,0.018550974542351,2.4903870161912688e-06,0.0001755340278507,0.00010584,0.0261109759316975,0.0142454119106632,0.0003677337728788,gnomADg_NFE,,,,,,,,,,,,,0.0,0.0011952402634785,1.0,0.0,3.9545207870589504e-05,1.0,1.0,7.667887873247795e-07,1.0,1.0,7.816542305624079e-05,1.0,0.0,0.0191957824529809,1.0,1.0,0.0013979020815876,1.0,0.0,0.0709628225204526,1.0,1.0,0.0378986153598512,1.0,1.0,0.0008630553273089,1.0,0.0,0.0009693460130854,1.0,0.0,0.007151953696092,1.0,0.0,0.016216403614021,1.0,0.0,0.0002347939799267,1.0,1.0,6.281816563759715e-05,1.0,1.0,0.0014399984203866,1.0,1.0,0.0454853485805177,0.0,0.0,0.0002996127256102,1.0,0.0,9.027033082969136e-05,1.0,0.0,0.0003772294671387,1.0,AllofUs_EUR,1.0,2.6070911753264928e-05,1.0,G/G,G/G,5.711172931129304,5.461034446597962,3.185344730746647,1.0,1.2890957574906969e-05,1.0,0.0,7.018651803971085e-05,1.0,0.0,0.0004257203461639,1.0,0.0,0.0056027084799125,1.0,1.0,0.0017691263103028,1.0,1.0,6.933595192092579e-05,1.0,0.0,0.0032234245368228,1.0,1.0,7.904700907841256e-05,1.0,1.0,0.014861192824042,1.0,1.0,0.069844170799585,1.0,0.0,0.0031804231263527,1.0,1.0,8.354296943138195e-05,1.0,1.0,2.5284360604979874e-05,1.0,0.0,4.14405042255603e-05,1.0,0.0,9.343964178277397e-08,1.0,1.0,0.0094275593913166,1.0,1.0,0.0002396268386955,1.0,0.0,0.0001077608699711,1.0,0.0,0.0022383376220846,1.0,1.0,0.0930006993000159,1.0,0.0,0.0760194241517638,1.0,1.0,2.500411617477318e-06,1.0,1.0,1.34552284899307e-05,1.0,0.0,0.0389574881612617,1.0,1.0,0.0107826823970588,1.0,0.0,0.0816523265168615,1.0,0.0,0.000115798844713,1.0,1.0,0.0034492001800997,1.0,0.0,0.0018486229370346,G/G,0.0002395894638067,0.0,4.994134676482672e-05,1.0,0.0037650812322821,1.0,0.0,0.0,0.0491913043062021,1.0,1.0,1.0,0.0,3.10802720759889e-06,1.0,0.0997337956880519,1.0,2.1603591166561527e-05,1.0,1.0,0.0,0.0243676733123529,1.0,0.0,0.0,0.0004904549208847,1.0,0.0,0.0,0.0949789068702488,1.0,0.0,1.0,1.5676402487432046e-06,1.0,0.0,1.0,,0.0,0.00014813177473,0.0,0.0006306407312792,1.0,0.0,1.0,4.249889575804068e-11,1.0,0.0,1.0,1.0,1.1729095970544331e-09,1.0,1.0,0.0,6.757423262602533e-10,1.0,0.0,1.0,0.073242873894992,1.0,0.0,0.0,0.0560858929524782,1.0,1.0,1.0,6.82490660062646e-05,1.0,0.0,0.0,5.1617569759944246e-05,1.0,0.0,0.0,1.0,3.464136126760391e-05,0.0,0.0999944882821472,1.0,0.0,1.0,0.0010220981183646,1.0,0.0,1.0,1.0,3.795024862639849e-12,1.0,1.0,1.0,0.0020599949701211,1.0,1.0,1.0,2.4387324986717268e-06,1.0,1.0,1.0,8.07740260999643e-05,1.0,0.0,0.0,0.0057583275230674,1.0,1.0,1.0,0.0244078787803145,1.0,0.0,1.0,1.0,0.0543580945312232,0.0,9.219573707181801e-18,1.0,1.0,0.0,0.0006109264233946,1.0,0.1,1.0,1.502501549591814e-05,1.0,0.0,1.0,1.0,0.0004704850926563,1.0,0.0,0.0,2.6750109409374297e-06,1.0,0.0,0.0,2.255665124560941e-05,1.0,1.0,1.0,7.744106326771293e-05,1.0,1.0,1.0,0.0005820043497841,1.0,1.0,1.0,0.0023894313455042,1.0,1.0,1.0,1.0,0.9926476731184458,0.9874900941735928,7.887456668188998,0.605801645255783,11.896,G,E,1,1.0,0.0,0.0,1.0,0.0,-9.664425758298718,1.3499860969377946,-0.12602191691733247,0.37741946761678713,-0.3605297514815905,0.1824212032362198,0.9587085413505725,0.7733978267010226,-0.6324834664635439,-0.07939666817866306,20.0,315.0,0.0940846648107452,1.293841926918324e-09,-1.0264811579841115,-8.888118444002082,1.0,1.0,0.0,1.0,400.0,0.0,0.0,0.0,91.0,103,0.883495145631068,93.82918452477632,5.461034446597962,0.9874900941735928,-4.008543331811003,1.0,6.0,0.0,6.0,0.0,0.0,1.0,0.0,1.0,0.7461721108334329,0.0,0.0,0.0,1.0,0.0,0.0,0.0,0.0,0.0,0.0,0.0,1.0,0.0,special,neg_charged,special_to_neg_charged,1.0,0.0,0.0,0.0,0.0,1.0,1.0,0,0.7519062467766378
VAR_001874,,,,,,,,,,,,,,,,,,,,,,,,,,,,,,,,,,,,,,,,,,,,,,,,,,,,,,,,,,,,,,,,,,,,,,,,,,,,,,,,,,,,,,,,,,,,,,,,,,,,,T/T,T/T,5.04903477059814,2.802612145943014,0.9748403250002442,,,,,,,,,,,,,,,,,,,,,,,,,,,,,,,,,,,,,,,,,,,,,,,,,,,,,,,,,,,,,,,,,,,,,,,,,,,,,,,,,,,,,,,T/T,,,,,,,,,,,,,,,,,,,,,,,,,,,,,,,,,,,,,,,,,,,,,,,,,,,,,,,,,,,,,,,,,,,,,,,,,,,,,,,,,,,,,,,,,,,,,,,,,,,,,,,,,,,,,,,,,,,,,,,,,,,,,,,,,,,,,,,,,,,,,,,,,,,,,,,1.0,0.9648788035337847,0.9946724550557412,1.491006547374454,0.6497747208396616,0.954652993314549,S,R,1,1.0,1.0,1.0,1.0,0.0,7.9832658475143266,1.110473819360434,0.7581133467456967,0.8939678506860212,-0.051531957628236036,0.3355656458072709,-0.36501707859039345,0.34222455309622,-0.05071508944522977,-0.11988723048277419,0.0,0.0,0.0,,-15.0,-14.698970004336019,0.0,0.0,1.0,0.0,0.0,1.0,0.0,0.0,0.0,1,0.0,1.4233938635026135,2.802612145943014,0.9946724550557412,0.536353554059905,1.0,3.0,1.0,2.0,0.0,0.0,0.0,0.0,0.0,0.8215209917795393,0.0,0.0,0.0,0.0,0.0,0.0,0.0,1.0,0.0,0.0,0.0,1.0,0.0,polar,pos_charged,polar_to_pos_charged,0.0,0.0,0.0,1.0,0.0,0.0,1.0,0,0.8332845932641224
VAR_001775,,,,,,,0.0061821025920787,0.0069074654502584,4.454568681757278e-09,2.6467385411507256e-05,0.0098130867028157,2.3801172191752586e-07,0.0064905913455416,3.683123573016523e-05,3.617766851010469e-05,,,,,,,,,,,1.0476002018715996e-05,gnomADe_SAS,,,,,,,,,,,,,1.0,0.0997282873038201,1.0,0.0,0.0001351351459754,1.0,1.0,0.0977821563298377,1.0,1.0,1.3411599787129072e-07,0.0,0.0,0.0002489401940694,0.0,1.0,2.928386418369693e-05,1.0,0.0,5.232442121817523e-05,1.0,0.0,6.527593106759994e-17,1.0,0.0,0.0507038456171416,1.0,0.0,4.085148522837264e-15,1.0,0.0,3.2350413706640955e-10,1.0,0.0,0.0010905348172777,1.0,,,,,,,,,,,,,,,,,,,,,,,,,,G/G,G/G,5.681762218220271,5.414010128304121,,0.0,2.841225816215532e-13,1.0,0.0,0.0199561814023915,1.0,0.0,5.199436188879219e-06,1.0,0.0,0.0437535822562414,1.0,1.0,7.389968066085324e-06,1.0,1.0,1.1569603362489343e-06,1.0,0.0,2.6673813290819794e-08,1.0,1.0,0.000243329572205,1.0,0.0,0.0998577758329461,1.0,0.0,0.0191914257413712,1.0,1.0,0.0038461733694569,1.0,0.0,0.0299533948211576,1.0,1.0,0.099994073891135,1.0,0.0,0.0843601755381456,1.0,1.0,0.0001204942008493,1.0,0.0,1.5798398561528214e-10,1.0,0.0,0.0055301412758816,1.0,0.0,8.25125691441308e-16,1.0,0.0,2.604931191452344e-07,1.0,1.0,0.0073888908769013,1.0,0.0,0.0007167883365991,1.0,1.0,2.475535821267145e-05,1.0,0.0,0.0004661911372609,1.0,0.0,9.738105023932768e-05,1.0,0.0,5.8562733039899824e-05,1.0,1.0,0.0132596929693393,1.0,1.0,1.7229845767002837e-12,1.0,0.0,0.0920853105266504,1.0,,,G/G,0.0001540375873021,,,,,,,,,,,,,,,,,,,,,,,,,,,,,,,,,,,,,,,,,,,,,,,,,,,,,,,,,,,,,,,,,,,,,,,,,,,,,,,,,,,,,,,,,,,,,,,,,,,,,,,,,,,,,,1.0,0.0069915119382884,0.0,0.000296426828215,1.0,0.0,0.0,2.4538713039498023e-06,1.0,0.0998532805354307,0.0,2.2284448957582068e-06,1.0,0.0,1.0,0.0,7.798273176262604e-08,1.0,1.0,0.0,0.0044959241143021,1.0,1.0,0.0,0.0002575487075497,1.0,0.0,0.0,1.943715847788434e-09,1.0,0.0,0.0,0.0521644140357492,1.0,1.0,0.0,0.0003751561428456,1.0,1.0,1.0,0.9910735915547644,0.992799427862409,0.9810154556811288,7.1679477739199005,0.6621924931679805,11.762792865913106,W,C,1,1.0,0.0,1.0,1.0,1.0,-1.6341936577740945,-6.182704244717381,-2.0096578418073214,-1.5270299798674138,2.90664253300695,-0.7288395580109308,0.0913096050339024,-0.8759102410765031,-0.062891605019335,0.3223788123877071,10.0,171.0,0.0098130867028157,4.454568681757278e-09,-2.00819436396097,-8.35119424311188,0.0,0.0,0.0,0.0,100.0,0.0,1.0,0.0,50.0,61,0.819672131147541,84.31508493830273,5.365682462572236,0.9722585110326301,-4.594845091993205,0.992799427862409,5.0,0.0,5.0,0.0,0.0,0.0,1.0,0.0,0.7328486700971664,0.0,0.0,0.0,0.0,0.0,0.0,0.0,1.0,0.0,0.0,0.0,1.0,0.0,hydrophobic,hydrophobic,hydrophobic_to_hydrophobic,0.0,0.0,1.0,0.0,0.0,0.0,0.0,0,0.8641469856072381
VAR_001781,,,,,,,1.0611019848920886e-05,0.0029686595467223,0.0064243097311634,4.44259842312895e-08,5.776463612257123e-07,0.0021199614658506,1.3977000483577256e-05,0.0008706392871969,1.7892152785969644e-05,,,,,,,,,,,1.4851559135250338e-05,gnomADe_NFE,,,,,,,,,,,,,1.0,0.0001513194447376,1.0,0.0,0.0678393939316376,1.0,0.0,6.337788581902969e-06,1.0,1.0,6.154505038924047e-06,0.0,1.0,0.0114731583818924,1.0,0.0,0.0055936094494572,1.0,0.0,0.0011601959072715,1.0,0.0,1.4182974470771638e-08,1.0,0.0,0.0139156697725371,1.0,0.0,0.0154193064487125,1.0,0.0,0.0606932728691906,1.0,1.0,2.2588668216003703e-05,1.0,0.0,5.814193493990724e-12,1.0,0.0,2.0953923985820555e-05,1.0,0.0,0.0130939063176757,0.0,1.0,4.24991509428892e-14,0.0,0.0,7.009200001380895e-06,1.0,1.0,1.574703731594708e-17,0.0,1.0,0.0302577219445124,1.0,AllofUs_EUR,1.0,0.0798582016619116,0.0,G/G,G/G,5.70132915180115,5.464111099934193,,0.0,0.0362065859683813,1.0,1.0,9.610504101638836e-06,1.0,0.0,0.0124149862807377,1.0,0.0,3.77054551493929e-07,1.0,1.0,1.2276001717517385e-05,1.0,0.0,0.0194487161580085,1.0,0.0,0.0030499163247118,1.0,0.0,0.0599588879245027,1.0,1.0,0.0075164039286144,1.0,1.0,1.7425752181758807e-05,1.0,1.0,3.870534291773534e-11,1.0,0.0,1.026002510269574e-05,1.0,0.0,0.0933474242340439,1.0,1.0,0.0084422523817197,1.0,0.0,0.0029424281544359,1.0,1.0,0.0301481866421936,1.0,1.0,0.0004736334672742,1.0,0.0,3.847285829979434e-05,1.0,0.0,5.782441007008091e-06,1.0,0.0,1.260063339200167e-06,1.0,1.0,0.011474702333908,1.0,0.0,1.7894173288520777e-07,1.0,0.0,0.0017503989366254,1.0,1.0,0.0204783884451989,1.0,1.0,2.3827499722306867e-05,1.0,1.0,0.0984602666593385,1.0,1.0,0.0080036706357116,1.0,1.0,1.954811255537832e-07,1.0,1.0,0.0034860316024651,G/G,8.505637339588658e-05,1.0,0.0001019619336883,0.0,7.721617555388135e-06,1.0,0.0,0.0,0.0137966732204701,1.0,0.0,1.0,1.0,0.002097036714014,1.0,0.0999953556363161,0.0,1.831458186918028e-06,1.0,0.0,0.0,5.5988698619050224e-05,1.0,1.0,0.0,0.0082400620247598,1.0,0.0,,,,,1.0,0.0037091506018182,1.0,1.0,1.0,,0.0,1.2640557667193891e-05,1.0,0.0068090768398793,1.0,1.0,0.0,3.111114626049059e-07,1.0,0.0,1.0,0.0,8.392354028501456e-15,1.0,1.0,1.0,0.000348221532242,1.0,1.0,0.0,0.0053100494704591,1.0,1.0,1.0,0.0188043058035654,1.0,1.0,1.0,2.639709000000001e-05,1.0,0.0,0.0,2.2825678206097168e-10,1.0,0.0,1.0,1.0,0.001226564662975,0.0,0.0425637594631462,1.0,0.0,0.0,0.005545613997303,1.0,1.0,1.0,0.0,0.0012382712601915,1.0,0.0,1.0,4.637304327130949e-06,1.0,1.0,1.0,3.956306703427494e-09,1.0,0.0,1.0,0.0003696878724853,1.0,0.0,1.0,0.0536942033341882,1.0,1.0,1.0,0.0015992919889742,1.0,0.0,1.0,0.0,0.0012583853651237,1.0,0.000113372907226,1.0,1.0,1.0,0.0131408809257588,1.0,3.2224381663470354e-10,1.0,1.808315349441629e-12,1.0,0.0,1.0,0.0,0.0022445375797445,1.0,1.0,1.0,4.64390640844005e-09,1.0,1.0,1.0,1.4183076186805122e-07,1.0,1.0,1.0,1.3158540000000014e-05,1.0,1.0,1.0,0.0917677586399732,1.0,0.0,1.0,0.0760160057808336,1.0,0.0,1.0,0.944121150938287,1.0,1.0,6.131981581632307,0.6338181868865409,11.185888062193012,E,K,1,1.0,0.0,1.0,1.0,1.0,-9.06839317944489,0.9134766674799698,0.1041249033420596,0.19390608033069268,0.8479297032191715,2.4487858084201903,0.34742675761372643,-1.007087111772419,0.8832681455194079,-0.7898051223613328,10.0,301.0,0.0064243097311634,4.44259842312895e-08,-2.1921735288606197,-7.352362932104138,0.0,0.0,0.0,0.0,100.0,0.0,1.0,0.0,90.0,102,0.8823529411764706,68.59165957156826,5.15878286052454,0.944121150938287,-5.053906480560705,1.0,5.0,0.0,5.0,0.0,0.0,1.0,1.0,0.0,0.8264378219714592,0.0,0.0,0.0,1.0,0.0,0.0,0.0,0.0,0.0,0.0,0.0,1.0,0.0,neg_charged,pos_charged,neg_charged_to_pos_charged,0.0,0.0,0.0,0.0,0.0,0.0,1.0,1,0.8039055130752403
VAR_001918,,,,,,,3.755700722218561e-05,0.0990504762686801,0.0112687250943882,3.884669325064845e-05,0.0029255457002288,0.0002332670737873,3.076202747134962e-05,4.510531251005277e-05,3.15760706559984e-05,2.9547068602906925e-05,2.261615295005847e-05,2.2242993136923165e-16,2.5839542686448477e-06,1.322253385750493e-19,4.618336257960494e-07,0.0001697407155951,2.64606367384153e-05,2.433948705049409e-12,0.0004178655565947,0.0386800693667333,gnomADe_FIN,,,,,,,,,,,,,1.0,8.944490751951232e-07,1.0,0.0,0.0914822995140045,1.0,0.3437025300588586,2.1570171769470588e-12,1.0,0.0,6.518485538595042e-05,1.0,1.0,0.0208759410743312,1.0,0.0,9.355749551752215e-05,1.0,1.0,0.0040082476700255,1.0,1.0,0.0013774379639218,1.0,0.0,0.0001290615159335,1.0,1.0,0.0007234494567312,1.0,1.0,0.0056963283043895,1.0,1.0,0.0114757671058758,1.0,1.0,0.0007599405932317,1.0,0.0,0.0167692056832,1.0,0.0,1.1291405324773588e-05,1.0,1.0,0.0010256324804391,0.0,0.0,2.4889252939731377e-05,1.0,0.0,0.0001214639007978,1.0,1.0,0.0021162021853978,1.0,AllofUs_EUR,1.0,0.00095272942131,1.0,C/C,C/C,5.815203882042234,6.16,3.5649470010999043,0.0,0.0935168991271946,1.0,0.0,4.7079064839685495e-05,1.0,1.0,0.0185288884738804,1.0,0.0,7.170258602850902e-05,1.0,1.0,3.008700505633223e-05,1.0,0.0,0.0024390961802523,1.0,1.0,0.0001304104994116,1.0,1.0,3.2207212283827505e-05,1.0,1.0,0.0078821456189397,1.0,0.0,0.000159570005034,1.0,0.1705106744944961,0.0001384130515537,1.0,1.0,3.1986000554224e-05,1.0,0.0,0.0999397863335731,1.0,1.0,0.0390245520776162,1.0,0.0,0.000445542572704,1.0,0.0,0.0041240089759014,1.0,1.0,2.4409625878941623e-05,1.0,0.0,6.8481e-05,1.0,0.0,0.0017997609413748,1.0,1.0,1.777780148244444e-05,1.0,0.0,3.635201705111792e-05,1.0,0.0,2.784684718982142e-05,1.0,1.0,0.0014289598390781,1.0,1.0,0.0393253647263802,1.0,1.0,0.0001031399999999,1.0,0.0,2.560500000008077e-05,1.0,0.0,7.236121144028583e-05,1.0,1.0,0.01730442588325,1.0,1.0,0.0414652277251714,C/C,0.0003546332713638,0.0,8.227593029087582e-05,0.0,6.841261320729261e-09,1.0,0.0,1.0,0.0005453752462154,1.0,0.0,1.0,0.0,1.856124840715768e-10,1.0,0.0999953385395903,1.0,1.257553999164315e-06,1.0,0.0,0.0,0.0008217799818792,1.0,0.0,0.0,0.0220130182523603,1.0,0.0,0.0,0.0001052757494504,1.0,1.0,0.0,2.3761234888753296e-09,1.0,1.0,0.0,,1.0,0.0002650266891045,0.0,0.0045564859476957,1.0,1.0,0.0,0.028186323908651,1.0,1.0,1.0,1.0,4.455553510084151e-16,1.0,0.0,0.0,0.0029275539145813,1.0,0.0,1.0,0.0002912895,1.0,0.0,1.0,0.0003509967972162,1.0,1.0,1.0,0.0008719365563321,1.0,0.0,1.0,7.941997606547364e-05,1.0,0.0,0.0,0.0,0.0019641122727695,1.0,0.0777920836134656,1.0,0.0,1.0,0.0002882468714398,1.0,1.0,1.0,1.0,0.0033772983758532,1.0,0.0,1.0,0.0277867091771795,1.0,1.0,1.0,0.0064510179833069,1.0,0.0,0.0,0.0377066200982045,1.0,0.0,1.0,0.0001281070173508,1.0,0.0,0.0,0.0004467003355741,1.0,1.0,0.0,0.0,3.697446064445194e-05,1.0,0.0025479437165815,1.0,1.0,0.0,0.0002605137318866,1.0,0.0999799786706901,1.0,7.152813790033407e-05,1.0,0.0,1.0,0.0,2.431765204332696e-06,1.0,0.0,1.0,3.87069954490605e-05,1.0,0.0,1.0,0.0374523776860539,1.0,0.0,0.0,0.0557658645937709,1.0,1.0,1.0,0.0050790846217888,1.0,1.0,1.0,2.965338000000002e-05,1.0,0.0,1.0,1.0,0.9989124933128548,1.0,8.087677905534175,0.6032079412070759,8.040315684575642,S,L,1,1.0,0.0,0.0,1.0,0.0,-9.664425758298718,1.3499860969377946,-0.12602191691733247,0.37741946761678713,-0.3605297514815905,0.1824212032362198,0.9587085413505725,0.7733978267010226,-0.6324834664635439,-0.07939666817866306,20.0,315.0,0.0990504762686801,1.322253385750493e-19,-1.0041434318835076,-14.999942579061257,1.0,1.0,0.0,1.0,400.0,0.0,0.0,0.0,87.0,103,0.8446601941747572,65.02748351566231,6.16,1.0,0.04736222095853293,1.0,6.0,0.0,6.0,0.0,0.0,0.0,1.0,0.0,0.6093110286591608,0.0,0.0,0.0,1.0,0.0,0.0,0.0,0.0,0.0,0.0,0.0,1.0,0.0,polar,hydrophobic,polar_to_hydrophobic,0.0,0.0,0.0,0.0,0.0,0.0,1.0,0,0.7878167550634285
VAR_001796,,,,,,,1.601100003576395e-05,0.099926227979419,0.0593019574456383,9.468360565444055e-10,0.0013385770143143,7.057916788908822e-06,0.000497222390638,1.490412684650182e-05,3.740000209095228e-06,5.916257403968122e-06,1.027216982611948e-08,0.0022285622703489,2.621123298374937e-05,1.6095515900358922e-10,0.0014493069089258,0.0136309474810633,0.0003183080047447,0.0001109716946125,0.0015749700687243,0.0398782817301337,gnomADe_MID,,,,,,,,,,,,,1.0,0.0001210769869753,1.0,0.0,0.0128584712961896,1.0,0.0,0.0999999893108203,1.0,1.0,2.09923648337029e-19,1.0,0.0,0.0012921931030168,1.0,0.0,0.001533517872509,1.0,0.0,7.457360006983104e-06,1.0,0.0,1.5195718513154726e-05,1.0,1.0,1.1171523730140516e-06,1.0,0.0,2.0693838676666035e-09,1.0,0.0,0.0060708340651054,1.0,1.0,0.0023629672891522,1.0,1.0,0.099999999994543,0.0,0.0,1.4670695027936635e-05,1.0,1.0,4.624418412002741e-05,0.0,0.0,0.000303832946613,0.0,0.0,2.4976835577251968e-05,1.0,0.0,0.0007709561386411,1.0,0.0,6.01650000000001e-05,1.0,AllofUs_OTH,0.0,3.714523608716612e-05,1.0,G/G,G/G,5.677340769711175,5.620219653088967,,0.0,2.9806601135210127e-06,1.0,0.0,1.92000811187952e-05,1.0,1.0,0.0025506463787765,1.0,1.0,0.0003719321209673,1.0,0.0,0.0100180096167656,1.0,1.0,5.935082252247942e-05,1.0,1.0,0.029337016243132,1.0,0.0,0.0196659789573082,1.0,0.0,0.071963782009442,1.0,1.0,0.000201772799099,1.0,1.0,0.0117717668810721,1.0,0.0,0.0080590155215272,1.0,1.0,0.0077540830110421,1.0,1.0,1.6442464512393535e-11,1.0,1.0,0.030008501385564,1.0,0.0,0.016770064481038,1.0,1.0,0.0003080307956269,1.0,1.0,0.0002684149104992,1.0,0.0,0.0002616243938195,1.0,0.0,7.543800079226196e-07,1.0,1.0,2.3661000112066483e-05,1.0,0.0,0.026746923943221,1.0,1.0,2.2304853916720805e-06,1.0,0.0,2.3347949861612188e-19,1.0,1.0,1.1397239784626783e-05,1.0,1.0,0.099666117130111,1.0,1.0,0.0216313427053395,1.0,0.0,0.009467064783427,1.0,1.0,1.701433271296757e-05,G/G,0.0002969100854572,1.0,0.0688001363084933,1.0,0.099533368648278,1.0,1.0,1.0,5.2693200000004905e-05,1.0,0.0,1.0,1.0,0.0063199743395735,1.0,0.0998027080805423,0.0,0.0003091967378491,1.0,1.0,1.0,8.783902439020555e-07,1.0,0.0,0.0,2.1924901849821837e-05,1.0,1.0,0.0,0.0388992926481225,1.0,0.0,1.0,4.5583600789331766e-10,1.0,0.2829897695256362,0.0,,0.0,1.902192487726584e-05,1.0,1.15084661069355e-09,1.0,1.0,1.0,2.6496967296803584e-05,1.0,0.0,1.0,1.0,2.855760160324615e-10,1.0,0.0,1.0,0.0129032787701017,1.0,1.0,0.0,2.2276085700177684e-16,1.0,1.0,0.0,0.000389715455512,1.0,1.0,1.0,0.0920849131449334,1.0,1.0,1.0,0.012383151167199,1.0,0.0,1.0,0.0,0.0011824104945755,1.0,0.0019653111519389,1.0,0.0,0.0,7.570708585528352e-05,1.0,0.0,1.0,1.0,0.0010064348483637,1.0,1.0,1.0,0.0015294224706004,1.0,0.0,1.0,2.5139207079933776e-07,1.0,1.0,1.0,3.016394208955864e-05,1.0,0.0,0.0,0.0001670650502718,1.0,0.0,1.0,0.016623031166881,1.0,1.0,0.0,1.0,0.0204426327280796,1.0,5.947218228361064e-06,1.0,0.0,0.0,5.43687507667785e-07,1.0,0.0094123211157932,1.0,1.511292715877198e-05,1.0,0.0,1.0,0.0,4.698805722510503e-08,1.0,0.0,0.0,7.570757647081192e-06,1.0,0.0,0.0,5.656710708115149e-05,1.0,1.0,0.0,1.754966967726992e-05,1.0,1.0,0.0,0.0013929996646852,1.0,1.0,1.0,0.0008175057168607,1.0,1.0,1.0,0.994452229263602,0.8609697254158815,1.0,9.612910696874172,0.694665158504855,11.896,D,H,1,1.0,0.0,0.0,1.0,1.0,-9.664425758298718,1.3499860969377946,-0.12602191691733247,0.37741946761678713,-0.3605297514815905,0.1824212032362198,0.9587085413505725,0.7733978267010226,-0.6324834664635439,-0.07939666817866306,20.0,315.0,0.099926227979419,1.6095515900358922e-10,-1.0003205060510036,-9.793292400338443,1.0,1.0,0.0,1.0,400.0,0.0,0.0,0.0,86.0,103,0.8349514563106796,114.35518565001516,5.5890399629654315,0.994452229263602,-2.283089303125829,1.0,5.0,0.0,5.0,0.0,0.0,0.0,1.0,0.0,0.6590443844793896,0.0,0.0,0.0,0.0,0.0,1.0,0.0,0.0,0.0,0.0,0.0,1.0,0.0,neg_charged,pos_charged,neg_charged_to_pos_charged,0.0,0.0,0.0,0.0,0.0,0.0,1.0,0,0.7355851245308769
VAR_001961,,,,,,,,,,,,,,,,,,,,,,,,,,,,,,,,,,,,,,,,,,,,,,,,,,,,,,,,,,,,,,,,,,,,,,,,,,,,,,,,,,,,,,,,,,,,,,,,,,,,,C/C,C/C,5.858863593615361,5.948983318900659,,,,,,,,,,,,,,,,,,,,,,,,,,,,,,,,,,,,,,,,,,,,,,,,,,,,,,,,,,,,,,,,,,,,,,,,,,,,,,,,,,,,,,,,C/C,7.630205370972736e-07,,,,,,,,,,,,,,,,,,,,,,,,,,,,,,,,,,,,,,,,,,,,,,,,,,,,,,,,,,,,,,,,,,,,,,,,,,,,,,,,,,,,,,,,,,,,,,,,,,,,,,,,,,,,,,1.0,0.0018722111624716,0.0,0.0867102976892842,1.0,0.0,0.0,0.0009154644595917,1.0,0.0999999999998157,1.0,6.007245984666353e-07,1.0,0.0,1.0,1.0,0.0001020238060313,1.0,0.0,1.0,0.0218637220222065,1.0,1.0,1.0,2.316326628934296e-10,1.0,0.0,1.0,0.0120040218543879,1.0,1.0,0.0,0.056334371881388,1.0,0.0,0.0,2.780410434779776e-05,1.0,0.0,0.0,0.991435767718852,0.963884329106624,1.0,6.766762361896135,0.6069941112126607,7.210270981891192,P,S,0,1.0,1.0,1.0,1.0,1.0,5.6643158463363825,-0.3635464706317266,1.736478000549373,-4.3221555933177545,0.31505194059998054,0.8446961191648181,-1.8654575515033636,1.879512169512367,-0.05584367369882199,0.11398592638800714,0.0,41.0,0.0,,-15.0,-14.698970004336019,0.0,0.0,1.0,0.0,0.0,1.0,0.0,0.0,14.0,16,0.875,48.790190299333204,5.898034843920919,0.991435767718852,-0.44350861999505664,1.0,5.0,0.0,5.0,0.0,0.0,0.0,0.0,0.0,0.8215209917795393,0.0,0.0,0.0,0.0,0.0,0.0,0.0,1.0,0.0,0.0,0.0,1.0,0.0,special,polar,special_to_polar,0.0,1.0,0.0,0.0,0.0,1.0,1.0,0,0.6802442573754168
VAR_001834,,,,,,,6.164257651444898e-07,0.0935918189752502,0.0060735985113514,0.0099030785230394,0.0182369077388526,0.0235141841635207,0.0129586483011208,0.0043201740179224,2.74513404944533e-05,,,,,,,,,,,0.001060522195929,gnomADe_NFE,,,,,,,,,,,,,,,,,,,,,,,,,,,,,,,,,,,,,,,,,,,,,,,,,,,,,,,,,,,,,,,,,,,,,,,,,,C/C,C/C,5.408970094071994,4.879280307538946,2.866634597509571,1.0,0.0004110937379381,1.0,0.0,5.474721991309674e-07,1.0,1.0,1.9864821319005878e-10,1.0,0.0,2.75582260311233e-20,1.0,0.0,0.0001406321818214,1.0,1.0,1.1061000000525613e-07,1.0,0.0,0.0115858799163795,1.0,1.0,7.136100820150381e-07,1.0,0.0,0.0004530352711854,1.0,0.0,0.0052459119586191,1.0,0.0,1.8529679799415515e-05,1.0,1.0,1.580979741549431e-06,1.0,1.0,0.0227329406312828,1.0,0.0,1.5902757582395782e-17,1.0,0.0,8.139548514366754e-06,1.0,0.0,8.536323366630637e-07,1.0,1.0,4.1156481723192484e-09,1.0,1.0,0.0012141529818859,1.0,1.0,9.320448896660892e-08,1.0,1.0,2.5680942532958617e-10,1.0,1.0,0.0478374090765237,1.0,0.0,0.0037476876180807,1.0,1.0,1.3579395488935923e-22,1.0,1.0,0.0039255445511907,1.0,1.0,0.0200330319084426,1.0,1.0,3.37244683087352e-05,1.0,1.0,1.2601552022814048e-05,1.0,0.0,0.0039855401865663,1.0,,,C/C,2.112501802759924e-06,,,,,,,,,,,,,,,,,,,,,,,,,,,,,,,,,,,,,,,,,,,,,,,,,,,,,,,,,,,,,,,,,,,,,,,,,,,,,,,,,,,,,,,,,,,,,,,,,,,,,,,,,,,,,,1.0,0.0150855210939586,1.0,4.7566802311720795e-09,1.0,0.0,1.0,2.086908725167981e-09,1.0,0.0013984844088406,1.0,0.0490579220785458,1.0,0.0,1.0,1.0,1.9796830416035372e-14,1.0,0.0,0.0,0.0009261141311713,1.0,1.0,0.0,6.195385481651122e-05,1.0,1.0,1.0,0.0103638834107436,1.0,1.0,0.0,3.642153152957592e-05,1.0,0.0,0.0,0.0011234882276447,1.0,0.0,1.0,0.9878440724148388,0.9994643483030112,1.0,2.356232150803299,0.612619094834115,3.581476458896671,F,L,1,1.0,0.0,1.0,1.0,0.0,0.15513654130202958,-6.518441590034666,3.447798758252011,-1.1332416054018482,1.4222033394094327,-0.7066066278108585,0.03484254105353157,-0.436566681742623,-0.09606949486791574,0.014370176517578652,10.0,135.0,0.0935918189752502,6.164257651444898e-07,-1.0287621120437969,-6.2101192163836965,1.0,1.0,0.0,0.0,100.0,0.0,1.0,0.0,48.0,53,0.9056603773584906,8.438789979797487,4.8199681294528,0.9878440724148388,-1.2252443080933721,1.0,4.0,0.0,4.0,0.0,0.0,1.0,1.0,0.0,0.8264378219714592,0.0,0.0,0.0,0.0,0.0,0.0,0.0,1.0,0.0,0.0,0.0,1.0,0.0,hydrophobic,hydrophobic,hydrophobic_to_hydrophobic,0.0,0.0,0.0,0.0,0.0,0.0,0.0,0,0.7036657947609841
VAR_001942,,,,,,,0.0399014062062026,0.0991210704449213,3.8678086228161043e-07,0.0007056563260059,6.461675881896406e-18,6.858326804646594e-08,0.0229595121485996,3.441834830193856e-08,2.4597777913768947e-08,1.1844161129321197e-05,0.0808205552913436,1.0921138398411183e-09,0.0007803775286958,0.0026552789234961,5.398462621595141e-13,0.005244723813727,1.323079368570256e-05,0.0007794813451018,0.0202087893952703,7.807302962154825e-05,gnomADe_AFR,,,,,,,,,,,,,0.0,6.759185222165608e-05,1.0,1.0,6.864988558352407e-05,1.0,0.0,0.0138176129522223,1.0,0.0,0.0041390793629257,1.0,0.0,6.78068236010414e-20,1.0,1.0,0.0002776610758278,1.0,1.0,0.0002627323769101,1.0,0.0,0.0004818652690134,1.0,0.0,0.0151229841316414,1.0,1.0,0.0003748395132019,0.0,1.0,2.9107044369238827e-05,1.0,1.0,5.969093361041759e-05,1.0,1.0,0.1000831060850322,1.0,0.0,0.0001105068320203,1.0,1.0,0.0059472924833647,0.0,0.0,1.9300514392109363e-06,0.0,0.0,0.0122150827136048,1.0,0.0,0.0075437186282478,1.0,1.0,0.1000791791190195,1.0,AllofUs_AFR,1.0,0.029474331254768,1.0,G/G,G/G,5.670661501324728,5.8629011725793125,3.1486212062419523,1.0,2.4033083765941183e-05,1.0,1.0,0.0010983697467273,1.0,1.0,1.7677835129788355e-16,1.0,0.0793049142436441,0.0001509516050431,1.0,1.0,0.0061537731028717,1.0,0.0,0.0026123972697747,1.0,0.0,0.0234486348391019,1.0,0.0,0.0195586696664744,1.0,0.0,1.3483174176614644e-05,1.0,1.0,0.0003119135060723,1.0,1.0,0.0006428430688905,1.0,0.0,0.0285914281459828,1.0,1.0,0.0357641438189593,1.0,1.0,5.131133646717641e-05,1.0,1.0,0.0219359568166626,1.0,1.0,4.231774412704089e-05,1.0,0.0,0.0056372844115765,1.0,1.0,0.0517387971221833,1.0,0.0,2.3450491193408627e-05,1.0,0.0,0.0436501306356046,1.0,0.0,0.0012940887586091,1.0,1.0,7.829100000035711e-07,1.0,0.0,0.0526295397295353,1.0,0.0,3.377893176998174e-05,1.0,1.0,0.0512570299677747,1.0,1.0,0.0994619439141148,1.0,1.0,0.0009294692513909,1.0,0.0,0.0008796959523852,1.0,1.0,0.0592872697784407,G/G,0.0975629376266728,0.0,0.012816890791726,1.0,0.0335580908581096,1.0,1.0,0.0,7.309620900397726e-06,1.0,1.0,1.0,1.0,5.24415495790364e-10,1.0,0.0404578194534045,1.0,0.0129630068818024,1.0,0.0,0.0,0.002782333936409,1.0,0.7892366422661438,0.0,6.321425526909373e-05,1.0,1.0,1.0,0.0264640844675285,1.0,0.0,1.0,0.0017300312661333,1.0,1.0,1.0,,0.0,0.0007812876285426,0.0,5.719829211609802e-08,1.0,1.0,0.0,0.0265117977192082,1.0,0.0,1.0,0.0,2.4311757429371734e-12,1.0,0.0,0.0,1.2221161892638343e-06,1.0,0.0,1.0,0.0485757039174716,1.0,1.0,0.0,0.0002558223743836,1.0,0.0,0.0,0.0060411641789262,1.0,1.0,0.0,6.636542842699461e-09,1.0,1.0,1.0,1.0,0.0001156494488918,1.0,0.0993725919405788,1.0,1.0,1.0,0.0091854638955043,1.0,1.0,1.0,0.0,6.671378020514005e-12,1.0,0.0,1.0,7.374762234992096e-07,1.0,0.0,0.0,1.718203201236635e-06,1.0,0.0,0.0,0.0122805613578593,1.0,0.0,1.0,0.0587449461868082,1.0,1.0,1.0,3.2104588780751954e-08,1.0,0.0,1.0,1.0,3.458673000000007e-05,1.0,0.0639686957115886,1.0,0.0,1.0,1.1290902629692483e-06,1.0,0.0155716735298621,1.0,0.0008486588232634,1.0,1.0,1.0,0.0,1.86533145736177e-07,1.0,1.0,1.0,0.0003692343967597,1.0,1.0,1.0,0.0094924276797605,1.0,0.0,1.0,4.503464296960624e-05,1.0,0.0,1.0,4.504509380339206e-05,1.0,1.0,0.0,8.23618432232526e-07,1.0,1.0,1.0,0.9849751075202734,0.9958016633920004,1.0,9.63055457381872,0.6759125167523126,11.896,R,H,1,1.0,0.0,0.0,1.0,0.0,-9.664425758298718,1.3499860969377946,-0.12602191691733247,0.37741946761678713,-0.3605297514815905,0.1824212032362198,0.9587085413505725,0.7733978267010226,-0.6324834664635439,-0.07939666817866306,20.0,315.0,0.0991210704449213,6.461675881896406e-18,-1.003834016500711,-14.997202757556149,1.0,1.0,0.0,1.0,400.0,0.0,0.0,0.0,95.0,103,0.9223300970873787,114.5650772101475,5.7748117128420455,0.9849751075202734,-2.26544542618128,1.0,6.0,0.0,6.0,0.0,1.0,0.0,1.0,0.0,0.6666356502589871,1.0,0.0,0.0,0.0,0.0,0.0,0.0,0.0,0.0,0.0,0.0,1.0,0.0,pos_charged,pos_charged,pos_charged_to_pos_charged,0.0,0.0,0.0,1.0,0.0,0.0,0.0,0,0.7420472453737551
VAR_001841,,,,,,,0.0014476655059502,2.4835180602042958e-06,6.16860429003955e-05,1.0386637489857748e-11,6.442561630914714e-11,0.0016564870347,0.0004526430642911,6.779015583804543e-08,1.1744514199626289e-08,,,,,,,,,,,8.202644138519177e-07,gnomADe_NFE,,,,,,,,,,,,,,,,,,,,,,,,,,,,,,,,,,,,,,,,,,,,,,,,,,,,,,,,,,,,,,,,,,,,,,,,,,T/T,T/T,5.467363391034748,5.363049649012022,,1.0,7.732234006723519e-13,1.0,1.0,0.0078641758146374,1.0,0.0,3.080184089951126e-15,1.0,0.0,0.001600106668472,1.0,1.0,4.059832636131065e-05,1.0,0.0,2.762312981694853e-05,1.0,0.0,8.096947864289892e-08,1.0,0.0,9.990488638234124e-06,1.0,1.0,0.0660521227170894,1.0,0.0,0.0196070517465462,1.0,1.0,9.801000000972992e-06,1.0,0.0,0.083471160778648,1.0,1.0,0.0999964547082933,1.0,0.0,0.0006712473660434,1.0,1.0,1.6557113340634913e-05,1.0,0.0,2.2594767983608e-05,1.0,0.0,0.0308741868683962,1.0,1.0,0.0065934722458358,1.0,1.0,0.0003079142330457,1.0,0.0,1.817874182889474e-05,1.0,0.0,1.0127392476280428e-05,1.0,1.0,6.735182744619184e-07,1.0,1.0,0.0003460078558149,1.0,1.0,0.0004151985046119,1.0,1.0,1.1700964006896e-05,1.0,0.0,6.135011390897667e-10,1.0,1.0,3.7931138886947065e-06,1.0,1.0,4.899112392204404e-06,1.0,,,T/T,0.0001654381342402,,,,,,,,,,,,,,,,,,,,,,,,,,,,,,,,,,,,,,,,,,,,,,,,,,,,,,,,,,,,,,,,,,,,,,,,,,,,,,,,,,,,,,,,,,,,,,,,,,,,,,,,,,,,,,1.0,0.0013713528516713,0.0,0.0564751911306398,1.0,1.0,0.5781307273307821,2.852669540567721e-23,1.0,0.0973707033926073,1.0,1.608971944677154e-05,1.0,0.0,1.0,1.0,3.07791612652419e-06,1.0,1.0,1.0,2.0919986401359899e-07,1.0,1.0,1.0,4.6174019882607976e-10,1.0,0.0,0.0,0.0428637381982707,1.0,1.0,0.0,0.0012667552826316,1.0,1.0,1.0,0.0005671464666235,1.0,0.0,0.0,1.0,0.9820441436506931,0.9665506804748856,7.063314063068856,0.651067271051595,8.518094292570868,S,P,1,1.0,0.0,1.0,1.0,1.0,0.15513654130202958,-6.518441590034666,3.447798758252011,-1.1332416054018482,1.4222033394094327,-0.7066066278108585,0.03484254105353157,-0.436566681742623,-0.09606949486791574,0.014370176517578652,10.0,135.0,0.0016564870347,1.0386637489857748e-11,-2.7808119589850686,-10.98348321488616,0.0,0.0,0.0,0.0,100.0,0.0,1.0,0.0,47.0,53,0.8867924528301887,60.16597520726237,5.363049649012022,0.9665506804748856,-1.4547802295020125,1.0,5.0,0.0,5.0,0.0,0.0,1.0,1.0,0.0,0.8264378219714592,0.0,0.0,0.0,0.0,0.0,0.0,0.0,1.0,0.0,0.0,0.0,1.0,0.0,polar,special,polar_to_special,0.0,1.0,0.0,0.0,1.0,0.0,1.0,0,0.8045506417722561
VAR_001924,,,,,,,0.0083875885055771,4.824497514706035e-06,1.1723784136456948e-06,1.1926074968556033e-15,0.0054621080036375,0.0115062081517195,0.0079721236310438,1.5741573966370753e-05,7.347211468467041e-07,0.0389881535370465,0.0934225999325902,7.862377082725798e-07,0.0001372641429895,1.998327369888953e-06,0.0487601682278461,3.3967026299101398e-18,2.872755822687462e-05,2.898749873059942e-07,1.0617902163150085e-07,0.0001739720198784,gnomADg_EAS,,,,,,,,,,,,,0.0,0.097779779570637,1.0,0.0,7.848165276782252e-23,1.0,0.0,0.0999099698397352,1.0,1.0,0.0193396901803897,1.0,0.0,0.0219990707804776,1.0,0.0,0.0029823503442744,1.0,1.0,5.898348632850576e-05,1.0,1.0,1.8883603959820197e-05,1.0,0.0,1.1971367507770433e-05,1.0,0.4391189581134566,0.0127993962821984,1.0,1.0,0.0186894199228342,1.0,0.0,7.119472363181279e-09,1.0,1.0,4.325832215440608e-05,1.0,1.0,0.0338279327833155,1.0,0.0,5.334464366416834e-06,1.0,0.0,0.0003351006343685,1.0,0.0,5.40014851286342e-13,1.0,1.0,5.4545563048111126e-05,0.0,0.0,0.0770575503642741,1.0,AllofUs_EAS,0.0,0.0006526507899754,1.0,G/G,G/G,5.401204105882452,5.52099392281238,3.7096537179546023,1.0,0.0347448257554891,1.0,0.0,9.265535875684476e-06,1.0,1.0,5.380147495506685e-11,1.0,0.0,0.0004546772799037,1.0,1.0,2.5501979446614124e-05,1.0,1.0,0.0095604900556898,1.0,1.0,0.0003736366015717,1.0,1.0,5.083455608193925e-05,1.0,1.0,2.3910520491626798e-06,1.0,0.0,0.0002287067759138,1.0,1.0,0.0017275790521055,1.0,0.0,1.3419233953135537e-06,1.0,0.0,0.0667452510525377,1.0,1.0,2.531462916988608e-06,1.0,0.0,0.0453579458337947,1.0,0.0,2.9400576979981066e-06,1.0,1.0,2.803527896846706e-05,1.0,0.0,3.803131996962599e-10,1.0,1.0,0.0001647025383597,1.0,0.0,2.3799783122460987e-05,1.0,0.0,3.631669530612827e-05,1.0,1.0,0.0006682007338942,1.0,0.0,0.0001009843661872,1.0,1.0,0.0004923305121335,1.0,1.0,0.0009256988704009,1.0,0.0,0.0002005120102698,1.0,0.0,0.0026526149820997,1.0,1.0,0.0439071377740271,1.0,0.0,1.3621842167848854e-05,G/G,0.0009496000393293,0.0,1.649416139614926e-05,0.0,2.153597911867248e-07,1.0,1.0,1.0,5.732651301133968e-06,1.0,1.0,1.0,0.0,9.326712131156333e-06,1.0,0.0692105585793726,0.0,0.000198984305196,1.0,0.0,1.0,0.0017193583038358,1.0,1.0,1.0,3.554504992306041e-09,1.0,1.0,1.0,0.0242953815338313,1.0,0.0,0.0,0.0565663109188662,1.0,0.0,1.0,,0.996743174621738,0.0002235617849545,1.0,1.2289149817139576e-07,1.0,0.0,0.0,0.0003195697506684,1.0,0.0,1.0,0.0,6.822489200238401e-08,1.0,0.0,1.0,0.0065566550700425,1.0,0.0,0.0,0.0020153139962932,1.0,0.0,1.0,0.0024494066948364,1.0,0.0,1.0,0.0442407664282248,1.0,0.0,0.0,4.4722448062243094e-07,1.0,0.0,0.0,0.0,1.0565588395298543e-05,1.0,0.0008227076353978,1.0,1.0,0.0,0.0500404237608305,1.0,0.0,1.0,1.0,1.049058356516965e-13,1.0,1.0,0.0,0.0001341684,1.0,0.0,1.0,5.583793158396463e-05,1.0,0.0,1.0,0.0078373258699344,1.0,0.0,0.0,0.0001341694499154,1.0,0.0,0.0,5.853449106900886e-06,1.0,0.0,0.0,0.0,5.343908656120039e-06,1.0,1.910515233065392e-07,1.0,1.0,0.0,3.7272767879531514e-09,1.0,0.0997771631175062,1.0,7.367916839694243e-21,1.0,0.0,1.0,0.0,0.0122200264601151,1.0,1.0,1.0,0.000145055838451,1.0,1.0,1.0,0.0622765062111098,1.0,0.0,1.0,6.714055196969016e-06,1.0,1.0,1.0,0.0001422639,1.0,0.0,0.0,7.274053084905582e-05,1.0,1.0,0.0,0.9837700153372984,0.9950387510461184,1.0,5.918908904288784,0.7215166467321338,11.896,G,D,1,1.0,0.0,0.0,1.0,0.0,-9.664425758298718,1.3499860969377946,-0.12602191691733247,0.37741946761678713,-0.3605297514815905,0.1824212032362198,0.9587085413505725,0.7733978267010226,-0.6324834664635439,-0.07939666817866306,20.0,315.0,0.0934225999325902,3.3967026299101398e-18,-1.0295480505499948,-14.998527330487844,1.0,1.0,0.0,1.0,400.0,0.0,0.0,0.0,88.0,103,0.8543689320388349,70.41134032541939,5.4313882761222665,0.9837700153372984,-5.977091095711216,1.0,6.0,0.0,6.0,0.0,0.0,0.0,0.0,1.0,0.6537936645408499,0.0,0.0,1.0,0.0,0.0,0.0,0.0,0.0,0.0,0.0,0.0,1.0,0.0,special,neg_charged,special_to_neg_charged,1.0,0.0,0.0,0.0,0.0,1.0,1.0,0,0.794297204497775
VAR_001875,,,,,,,5.5803917817329525e-06,9.765853965029796e-06,0.0002104998476337,0.0040672399451993,0.0035514866870234,0.0118057061791924,5.681804280933901e-06,7.845642085353426e-10,2.628797049390876e-08,7.673126177315737e-05,0.0928905929998806,1.5096404118056258e-11,0.0001180232320698,0.003055419654185,0.0463106205748221,0.0615583850446683,0.0004266714446401,0.0017074477486768,1.6104956610045053e-23,0.0001180246405688,gnomADg_AMR,,,,,,,,,,,,,0.0,0.0996618328165434,1.0,1.0,4.801585302698901e-05,1.0,0.0,0.0999999999989751,1.0,0.0,0.0014800851495449,1.0,1.0,1.379489214391083e-07,1.0,0.0,5.0940818646434895e-09,1.0,1.0,7.624747893872804e-05,1.0,1.0,8.789282058418548e-09,1.0,0.0,0.0001511401694566,1.0,1.0,0.0362258699525198,1.0,1.0,1.1080043413294185e-12,1.0,0.0,1.705643799105256e-05,1.0,1.0,0.0970545082840588,0.0,1.0,0.000818772033393,1.0,1.0,1.2524686285566142e-05,1.0,0.0,5.193715070544162e-18,0.0,1.0,8.56473269092269e-05,1.0,1.0,0.0475960424569909,1.0,1.0,0.0004903480958047,1.0,AllofUs_OTH,1.0,0.0406382041669366,0.0,T/T,T/T,5.060872687088204,2.833490467788761,0.6724379540778931,0.0,1.9524042644523933e-07,1.0,1.0,3.8322000001410415e-06,1.0,0.0,2.20072002351329e-06,1.0,1.0,0.0340534489767611,1.0,1.0,4.238100000002207e-06,1.0,1.0,8.626508062738643e-07,1.0,0.0,5.544900234104478e-06,1.0,1.0,0.002239911142709,1.0,0.0,0.0198892732355814,1.0,0.0,0.0105219087976383,1.0,1.0,1.1720868532892031e-06,1.0,1.0,0.0001306499736258,1.0,0.0,1.068765961778513e-09,1.0,1.0,0.0256914976580301,1.0,1.0,0.012339621301395,1.0,1.0,5.732242243504065e-06,1.0,0.0,0.0018245694875723,1.0,1.0,2.7221011777299363e-05,1.0,0.0,0.0033875105817698,1.0,1.0,0.0032317120939871,1.0,0.0,4.520299063875434e-06,1.0,1.0,0.0425183525213577,1.0,1.0,0.0926017939088542,1.0,0.0,0.0002606304731174,1.0,1.0,3.735654207783474e-06,1.0,1.0,0.0020637158227112,1.0,0.0,0.0009104114841126,1.0,0.0,2.163600000157847e-07,1.0,0.0,1.3634261246707573e-05,T/T,6.202585450241989e-05,0.0,1.1271862927627286e-05,1.0,0.0999953821542694,1.0,0.0,0.0,0.0003496941439087,1.0,1.0,1.0,1.0,1.58436223706932e-08,1.0,0.0005989660891282,0.0,7.244591873414626e-06,1.0,0.7225470343173183,1.0,2.9919435272784274e-10,1.0,1.0,0.0,0.0001083967014424,1.0,0.0,0.0,0.0015121297480533,1.0,0.0,1.0,3.567870789221865e-05,1.0,1.0,0.0,,1.0,0.0415524710236065,1.0,3.093201029256876e-06,1.0,0.0,1.0,0.0964300773555253,1.0,1.0,1.0,0.0,1.4389631740035634e-06,1.0,0.0,0.0,1.74609278348244e-06,1.0,0.0,0.0,0.0002759915983814,1.0,1.0,1.0,0.0145808528289159,1.0,1.0,1.0,5.276148954529872e-05,1.0,0.0,0.0,0.0062127690363238,1.0,1.0,1.0,0.0,0.0126374355394825,0.0,0.0999849958028861,1.0,1.0,1.0,2.9624760222999545e-05,1.0,1.0,1.0,1.0,0.0113899275592233,1.0,0.1997462685304957,0.0,1.0805292693793454e-08,1.0,0.9489818952078082,0.0,2.9599644252244838e-12,1.0,0.0,1.0,3.4269598243672625e-05,1.0,0.0,0.0,2.9625786105947625e-05,1.0,1.0,0.0,4.8993020566521286e-14,1.0,0.0,1.0,1.0,0.0509353603317066,0.0,0.0845735675665597,1.0,0.0,0.0728677034270891,0.0008980775191886,1.0,0.0999242877098097,1.0,0.0097834514115287,1.0,1.0,1.0,0.0,1.2432359430406435e-05,1.0,0.0,0.0,0.002413096463027,1.0,1.0,1.0,0.0001479904512622,1.0,0.0,0.0,0.0201643621538708,1.0,0.0,1.0,6.348655971772445e-05,1.0,1.0,0.0,8.830522520365951e-06,1.0,1.0,1.0,0.9979233299074336,1.0,0.9836327173253436,1.2971091990378156,0.6296328590412005,0.4039552594279046,S,R,1,1.0,0.0,0.0,1.0,0.0,-9.664425758298718,1.3499860969377946,-0.12602191691733247,0.37741946761678713,-0.3605297514815905,0.1824212032362198,0.9587085413505725,0.7733978267010226,-0.6324834664635439,-0.07939666817866306,20.0,315.0,0.0928905929998806,1.6104956610045053e-23,-1.0320282646403698,-14.999999993005707,1.0,1.0,0.0,1.0,400.0,0.0,0.0,0.0,90.0,103,0.8737864077669902,0.5239740830036423,2.827606242876732,0.9815900366792043,0.8931539396099111,1.0,3.0,1.0,2.0,0.0,0.0,0.0,0.0,1.0,0.6363222811533968,0.0,0.0,0.0,0.0,0.0,1.0,0.0,0.0,0.0,0.0,0.0,1.0,0.0,polar,pos_charged,polar_to_pos_charged,0.0,0.0,0.0,1.0,0.0,0.0,1.0,0,0.8332845932641224
VAR_001926,,,,,,,,,,,,,,,,,,,,,,,,,,,,,,,,,,,,,,,,,,,,,,,,,,,,,,,,,,,,,,,,,,,,,,,,,,,,,,,,,,,,,,,,,,,,,,,,,,,,,A/A,A/A,5.379460499585456,5.430886043992196,3.999407292708404,,,,,,,,,,,,,,,,,,,,,,,,,,,,,,,,,,,,,,,,,,,,,,,,,,,,,,,,,,,,,,,,,,,,,,,,,,,,,,,,,,,,,,,A/A,,,,,,,,,,,,,,,,,,,,,,,,,,,,,,,,,,,,,,,,,,,,,,,,,,,,,,,,,,,,,,,,,,,,,,,,,,,,,,,,,,,,,,,,,,,,,,,,,,,,,,,,,,,,,,,,,,,,,,,,,,,,,,,,,,,,,,,,,,,,,,,,,,,,,,,0.9715423077346012,1.0,1.0,8.804710270540598,0.756,10.820408195840578,D,V,1,1.0,1.0,1.0,1.0,0.0,7.9832658475143266,1.110473819360434,0.7581133467456967,0.8939678506860212,-0.051531957628236036,0.3355656458072709,-0.36501707859039345,0.34222455309622,-0.05071508944522977,-0.11988723048277419,0.0,0.0,0.0,,-15.0,-14.698970004336019,0.0,0.0,1.0,0.0,0.0,1.0,0.0,0.0,0.0,1,0.0,95.2705591733592,5.276335560223816,0.9715423077346012,-2.01569792529998,1.0,6.0,0.0,6.0,0.0,0.0,0.0,0.0,0.0,0.8215209917795393,0.0,0.0,0.0,0.0,0.0,0.0,0.0,1.0,0.0,0.0,0.0,1.0,0.0,neg_charged,hydrophobic,neg_charged_to_hydrophobic,0.0,0.0,0.0,0.0,0.0,0.0,1.0,0,0.8689988789784081
VAR_001958,,,,,,,0.0345125226435971,0.0001433647489284,1.5921134271794412e-14,7.999098643898023e-06,5.740556407709542e-23,0.0010206245500782,2.4353072823373463e-06,7.648657071695355e-07,2.5381167986061865e-05,,,,,,,,,,,0.0320439358029863,gnomADe_NFE,,,,,,,,,,,,,1.0,0.0001067579955908,1.0,0.0,0.0999430442094189,1.0,0.0,0.0999361403708085,1.0,0.0,9.312989259474674e-05,1.0,1.0,0.0003627135712383,1.0,0.0,0.0022481275834885,0.0,0.0,6.968273954294273e-07,1.0,1.0,0.0154096340268721,1.0,0.0,0.0281431345334559,1.0,1.0,2.184700196528682e-08,1.0,1.0,0.0017564166130689,0.0,1.0,1.2210290628387014e-07,1.0,0.0,3.7878608210064485e-05,1.0,1.0,0.0448142636447801,1.0,1.0,0.0081437903699223,1.0,0.0,4.195462914999155e-06,1.0,1.0,7.173585480231796e-06,1.0,1.0,6.008951403004078e-08,0.0,1.0,7.662337179899485e-05,1.0,AllofUs_EUR,1.0,7.648528313167293e-06,0.0,T/T,T/T,5.788926709478792,5.548929256110195,,,,,,,,,,,,,,,,,,,,,,,,,,,,,,,,,,,,,,,,,,,,,,,,,,,,,,,,,,,,,,,,,,,,,,,,,,,,,,,,,,,,,,,,T/T,1.37332786486937e-05,1.0,0.0007650996558975,0.0,7.497264123723793e-06,1.0,1.0,0.0,5.489914178949704e-09,1.0,0.0,1.0,1.0,0.049613093716555,1.0,0.0999999999999999,0.0,7.675204412585243e-10,1.0,0.0,0.0,3.5391904048969637e-06,1.0,1.0,0.0,0.0345139628379182,1.0,1.0,,,,,0.0,1.8659439789153926e-07,1.0,1.0,1.0,,1.0,3.813013741814042e-06,0.0,6.368209551828921e-06,1.0,1.0,0.0,1.604608822240261e-07,1.0,0.0,1.0,0.0,1.5936475795619358e-08,1.0,1.0,1.0,1.5411131098624384e-11,1.0,0.0,0.0,0.0710810627175751,1.0,0.0,1.0,2.592179078423782e-05,1.0,1.0,0.0,8.8098840022518e-06,1.0,1.0,1.0,5.189205475363496e-05,1.0,0.0,0.0,0.0,4.333419020388112e-06,0.0,1.119490034143434e-06,1.0,1.0,0.0,0.0182242960840755,1.0,1.0,1.0,0.0,0.0157605747911695,1.0,1.0,1.0,0.0004714387128756,1.0,1.0,0.0,0.0030168995834481,1.0,1.0,0.0,7.773655256807158e-05,1.0,1.0,1.0,0.0001834731705657,1.0,0.0,0.0,0.0501131120566203,1.0,0.0,1.0,1.0,1.7172868483596635e-06,0.0,0.0263830191696975,1.0,0.0,0.0,4.4368056191284566e-08,1.0,2.6237729335233496e-06,1.0,1.2759241490236022e-10,1.0,0.0,1.0,1.0,6.576052809475552e-08,1.0,0.0,0.0,0.0119596944727582,1.0,0.0,0.0,1.0732918813047889e-07,1.0,1.0,0.0,0.0001467766712065,1.0,0.0,1.0,2.2937039695357763e-06,1.0,0.0,0.0,2.028699428574461e-08,1.0,0.0,1.0,1.0,0.9668757557492714,1.0,6.721876765378806,0.5978258607654704,7.106611192460562,S,P,1,1.0,0.0,1.0,1.0,1.0,-3.9248730439145696,6.938928787152561,-1.212665537153785,-3.9645430932578893,-0.5459827077301781,3.0966764336352313,0.1165013818441154,-1.027710204648089,0.9363108993875555,0.5402608826533039,10.0,215.0,0.0345125226435971,5.740556407709542e-23,-1.4620232954128332,-14.99999997506908,0.0,1.0,0.0,0.0,100.0,0.0,1.0,0.0,55.0,64,0.859375,47.76976465518162,5.548929256110195,1.0,-0.38473442708175654,1.0,5.0,0.0,5.0,0.0,0.0,1.0,1.0,0.0,0.8264378219714592,0.0,0.0,0.0,1.0,0.0,0.0,0.0,0.0,0.0,0.0,0.0,1.0,0.0,polar,special,polar_to_special,0.0,1.0,0.0,0.0,1.0,0.0,1.0,0,0.8045506417722561
VAR_001953,,,,,,,1.974600005385792e-05,0.0147383913567979,0.0003766375600092,0.0006797039266916,0.0005042755979683,0.0437348583084584,0.0377717835981875,0.0004265952264664,0.0002613350547001,0.0089007179931915,0.0001079989452356,0.0024296748659434,1.3368214527778738e-07,0.0032618092617462,0.000110577394413,1.1306630776895495e-05,2.2629982291876703e-06,1.694051732706344e-11,1.2751647245704647e-11,0.0001741526741866,gnomADe_SAS,,,,,,,,,,,,,0.0,0.0279013824788394,1.0,1.0,2.4796633940405475e-11,1.0,1.0,0.0861260948919182,1.0,0.0,1.4930563964262888e-06,1.0,1.0,0.0025404457504668,1.0,0.0,0.0005808485963314,1.0,1.0,0.0020213320927334,1.0,0.0,0.0045815040869321,1.0,1.0,0.0076597547494116,1.0,0.0,0.0049577376269653,1.0,0.689531499026542,0.0020528160673749,1.0,0.0,0.0001075618484705,1.0,0.0,0.0001405955975025,1.0,0.0,0.0002269204079331,1.0,0.0,0.0773485239879568,0.0,0.0,3.02658171863651e-18,1.0,1.0,0.0010980954260694,1.0,1.0,2.711956443517181e-05,0.0,0.0,0.0260689502586101,1.0,AllofUs_AFR,0.0,7.995122763881015e-08,0.0,C/C,C/C,5.3925777633512855,5.489862255977668,3.333875441579333,1.0,1.5116119983486944e-05,1.0,1.0,0.0019300035854394,1.0,1.0,1.7028553959841123e-10,1.0,0.0,5.90039846410006e-07,1.0,0.0,2.1249311314369977e-05,1.0,1.0,1.1762312138544036e-05,1.0,0.0,0.0009361268265293,1.0,1.0,1.8387002206950865e-05,1.0,1.0,0.0005146152402684,1.0,1.0,3.115438956493133e-06,1.0,0.0,0.0005612049554211,1.0,1.0,1.4929072665456643e-05,1.0,0.0,0.0992505614672549,1.0,0.0,0.0102936481310116,1.0,1.0,0.0001018459294066,1.0,1.0,4.837500001946271e-05,1.0,0.0,0.0119218262445339,1.0,0.0,2.8238892586783355e-10,1.0,0.0,0.077729872179926,1.0,1.0,0.0932461878112324,1.0,0.0,0.0002428938268074,1.0,0.0,0.0397060669336114,1.0,1.0,7.992205826439019e-05,1.0,0.0,2.237753009445947e-05,1.0,1.0,7.49549031563271e-08,1.0,1.0,7.923683209180049e-07,1.0,1.0,0.0368976575572211,1.0,0.0,3.588241011096356e-07,1.0,,,C/C,0.022468545319726,0.0,1.051519994430348e-05,0.0,2.410948316108051e-10,1.0,1.0,1.0,0.0962048757455781,1.0,1.0,1.0,0.0,8.63972204435489e-05,1.0,0.0022570344897182,0.0,0.0001496028134269,1.0,0.0,0.0,0.0003394976084192,1.0,1.0,1.0,3.601949258812959e-05,1.0,1.0,1.0,0.0008474945840189,1.0,0.0,0.0,2.863133395239376e-06,1.0,0.0,1.0,,0.0,7.628472001302393e-06,1.0,2.7526569704615044e-07,1.0,0.0,1.0,5.517828763985784e-05,1.0,0.0,1.0,1.0,1.797597715764055e-15,1.0,0.0,0.0,0.0006197531142213,1.0,1.0,1.0,0.0068544867047873,1.0,1.0,1.0,9.09214286053514e-06,1.0,1.0,0.0,0.0944423255258926,1.0,1.0,1.0,0.0054459600207166,1.0,1.0,0.0,1.0,0.0071331463498364,0.0,2.0065043586895057e-06,1.0,0.0,1.0,0.0244632727962441,1.0,1.0,1.0,0.0,2.494716677510421e-06,1.0,0.0,1.0,6.610068807589368e-15,1.0,0.0,1.0,0.0099481769143179,1.0,0.0,1.0,0.0002258594841595,1.0,1.0,1.0,3.17795618261302e-05,1.0,1.0,1.0,2.944641637338896e-05,1.0,0.0,1.0,0.0,1.900440033415736e-05,1.0,0.0487718092340442,1.0,0.0,0.0,4.370531761533331e-09,1.0,0.0939274608544444,0.0,2.655172744870297e-07,1.0,1.0,1.0,1.0,1.08520705142162e-09,1.0,1.0,1.0,1.306426392330118e-12,1.0,0.0,0.0,4.3122228041776e-05,1.0,0.0,0.0,0.0010012896375143,1.0,0.0,1.0,0.0001733963433651,1.0,0.0,1.0,0.0040056850612863,1.0,1.0,1.0,1.0,0.9995041205399864,1.0,8.130802049243174,0.5607474733040034,7.691975324581392,S,F,1,1.0,0.0,0.0,1.0,0.0,-9.566757410239536,1.3201104641574888,-0.021645398191524667,0.3676444924282809,-0.26529920201341006,0.2856803892266895,0.9806135174786115,0.6292304958144437,-0.4678281829417556,1.274771887920925,20.0,313.0,0.0437348583084584,1.2751647245704647e-11,-1.359172276157103,-10.894399653279793,0.0,1.0,0.0,1.0,400.0,0.0,0.0,0.0,87.0,102,0.8529411764705882,62.54192873183431,5.489862255977668,1.0,0.43882672466178185,1.0,6.0,0.0,6.0,0.0,0.0,0.0,1.0,0.0,0.7328486700971664,1.0,0.0,0.0,0.0,0.0,0.0,0.0,0.0,0.0,0.0,0.0,1.0,0.0,polar,hydrophobic,polar_to_hydrophobic,0.0,0.0,0.0,0.0,0.0,0.0,1.0,0,0.7355851245308769
VAR_001869,,,,,,,2.803222238339057e-05,0.0334661660415048,2.1995932683877635e-05,6.134737817308682e-09,0.0320563729924741,1.4701658396993195e-10,0.0090321902675223,0.0002732431355756,0.0031415838437172,0.0114690801807132,2.382565559201689e-12,0.0101570014286633,1.783918316865814e-12,5.902144633307133e-06,3.386111776535005e-06,0.0908368605773529,1.324022043655293e-05,0.0079634305050932,3.978647054222944e-05,4.473000753145327e-05,gnomADe_REMAINING,,,,,,,,,,,,,1.0,0.0969642587115302,1.0,0.0,0.0999997861397076,1.0,1.0,4.5984297054292e-06,1.0,0.0,0.0101670791996756,1.0,1.0,0.0002162743505859,1.0,1.0,0.0077280349548525,1.0,0.422044520439583,5.745892300216148e-06,1.0,1.0,1.3087060015651911e-05,1.0,0.0,9.219685947258666e-05,1.0,0.0,0.0008946323130541,1.0,0.0,0.0001059199571686,1.0,1.0,0.0070282360880694,1.0,0.0,0.0501134347120292,0.0,0.0,1.1569644409349414e-05,1.0,1.0,9.34554532156475e-05,0.0,0.0,1.5467377077807504e-11,1.0,0.0,3.935382476966918e-05,1.0,0.0,0.0321395302943416,1.0,1.0,0.0010469718197419,1.0,AllofUs_EUR,0.0,0.0016988488595692,0.0,G/G,G/G,5.51372768341232,5.715361635587042,,0.0,0.0009256943968121,1.0,0.0,2.1897000000020756e-05,1.0,0.0,0.0286330877965506,1.0,1.0,0.0003236688969651,1.0,1.0,3.2786628967946594e-05,1.0,1.0,8.025896752624755e-06,1.0,0.0,0.0032714198599387,1.0,0.0,5.603412088989853e-05,1.0,0.0,6.979099161072876e-05,1.0,1.0,0.0009868180828065,1.0,1.0,0.0133839976820472,1.0,1.0,3.540246517622974e-05,1.0,1.0,1.3036183443029256e-05,1.0,1.0,3.537563882133675e-11,1.0,0.0,8.938964473495097e-06,1.0,1.0,0.002197192867174,1.0,1.0,5.2036038034354965e-11,1.0,1.0,7.104721568817747e-05,1.0,1.0,4.81560075705658e-07,1.0,1.0,0.0066536152013252,1.0,1.0,4.2767754477188494e-05,1.0,1.0,3.657971833194425e-06,1.0,0.0,1.0768807073861597e-07,1.0,0.0,0.0041724716839576,1.0,1.0,1.599221096541101e-06,1.0,1.0,4.534476951727597e-15,1.0,0.0,1.2051968639418013e-05,1.0,1.0,1.4294403010219814e-14,1.0,0.0,6.67867651172408e-06,G/G,0.0240372394520317,1.0,0.0059049005973441,1.0,0.0999998315961523,1.0,0.0,0.0,0.0024029792056534,1.0,0.0,1.0,0.0,3.417821274979864e-05,1.0,0.0999999997488005,0.0,5.622956949381333e-07,1.0,0.0,0.0,4.801520308861012e-07,1.0,1.0,0.0,0.0006705548808759,1.0,0.0,,,,,0.0,2.5465651207895985e-10,1.0,0.0,0.0,,0.0,3.804180137951424e-06,0.0,0.0999614543272665,1.0,0.0,0.0,0.014337902985751,1.0,0.0,1.0,1.0,1.6984734727582376e-18,1.0,0.0,1.0,0.0051073170073097,1.0,1.0,1.0,1.1256122657904249e-12,1.0,1.0,0.0,8.774154184284217e-06,1.0,1.0,0.0,0.0006913673339553,1.0,1.0,0.0,8.026970809745165e-12,1.0,1.0,1.0,0.0,0.0208761938519981,1.0,0.0956872180808653,1.0,1.0,0.0,0.0004298861025321,1.0,0.0,1.0,0.0,3.127860515466915e-05,1.0,0.0,1.0,4.210835425422819e-05,1.0,1.0,0.0,0.0001501233906575,1.0,1.0,1.0,0.0089675906321427,1.0,0.0,0.0,0.0334152105913839,1.0,1.0,0.0,0.003071524836724,1.0,1.0,0.0,0.0,0.0009284270171683,1.0,1.813739133031224e-05,1.0,1.0,1.0,3.097857725363508e-05,1.0,0.0082091314513638,1.0,0.0021662817363697,1.0,1.0,1.0,1.0,0.0549007958848567,1.0,1.0,0.0,0.0016898864114349,1.0,1.0,1.0,0.0715548875525176,1.0,1.0,0.0,0.000424710552616,1.0,1.0,1.0,3.044756994281576e-05,1.0,1.0,1.0,8.872547236174575e-05,1.0,1.0,1.0,1.0,0.8964420793956672,0.9744328589847372,5.004713922478518,0.7065097985902129,5.806046562537104,V,F,1,1.0,0.0,0.0,1.0,1.0,-9.485323688328076,1.1679166223333737,-0.16207955632831633,0.2759337065594937,-0.2741150014452499,0.376268855928964,1.1940177346390413,0.7417893454416504,1.189648955049777,-0.35949043819448556,20.0,311.0,0.0908368605773529,1.783918316865814e-12,-1.0417378838918905,-11.748381653695283,1.0,1.0,0.0,1.0,400.0,0.0,0.0,0.0,89.0,102,0.8725490196078431,29.057602066087988,5.715361635587042,0.9744328589847372,-0.8013326400585861,1.0,4.0,0.0,4.0,0.0,0.0,0.0,1.0,0.0,0.686920920297272,0.0,0.0,0.0,1.0,0.0,0.0,0.0,0.0,0.0,0.0,0.0,1.0,0.0,hydrophobic,hydrophobic,hydrophobic_to_hydrophobic,0.0,0.0,0.0,0.0,0.0,0.0,0.0,0,0.7435372542844395
VAR_001833,,,,,,,,,,,,,,,,9.78718040633368e-06,2.353414476170551e-05,0.0144859786773849,0.0772934161195276,0.0065616488615671,2.9469636564341328e-24,0.0191120129890697,1.1154078292042523e-23,6.925292611512446e-07,0.0020991655427353,2.336241569315199e-05,gnomADg_AFR,,,,,,,,,,,,,0.0,0.036125906798638,0.0,1.0,0.0964684139414264,1.0,0.0,0.0999999831854202,1.0,0.0,4.5395245900828386e-12,1.0,1.0,8.997669491344266e-12,0.0,0.0,0.0225212308836114,0.0,0.0,9.338637701421043e-06,0.0,0.0,0.0364315431278001,1.0,0.0,4.810040651833983e-11,1.0,0.0,2.4349675130365886e-06,1.0,0.0,2.505408976741371e-13,1.0,1.0,0.0031514952220274,1.0,,,,,,,,,,,,,,,,,,,,,,,,,,T/T,T/T,5.4281428076136935,2.6808858868728733,2.285866249297512,,,,,,,,,,,,,,,,,,,,,,,,,,,,,,,,,,,,,,,,,,,,,,,,,,,,,,,,,,,,,,,,,,,,,,,,,,,,,,,,,,,,,,,T/T,1.224772687755748e-05,,,,,,,,,,,,,,,,,,,,,,,,,,,,,,,,,,,,,,,,,,,,,,,,,,,,,,,,,,,,,,,,,,,,,,,,,,,,,,,,,,,,,,,,,,,,,,,,,,,,,,,,,,,,,,0.0,2.0887498462825657e-06,0.0,0.0974781528186497,1.0,1.0,1.0,2.2336536269922543e-14,1.0,0.0952572813250513,1.0,0.0848498746703579,1.0,0.0,1.0,1.0,0.0179129564319525,1.0,0.0,1.0,4.317849509005505e-11,1.0,0.0,1.0,1.4245988872004913e-05,1.0,0.0,1.0,5.33520499592693e-07,1.0,1.0,0.0,0.0339237417010893,1.0,1.0,1.0,2.2327747118045598e-07,1.0,1.0,1.0,0.996835921481666,0.9775898724853784,0.032241620223256,1.4862571957121111,0.6612184473394672,-1.186301333460351,N,K,0,1.0,1.0,0.0,1.0,0.0,3.412137394194085,0.21390041416263839,-3.9641364434627744,-4.73522193932509,0.6374705879398324,-1.3643459067627062,-0.8057136751373888,3.0318087748028884,0.29920638757511436,0.8556176385099603,11.0,88.0,0.0772934161195276,2.9469636564341328e-24,-1.1118574978634954,-14.999999998720149,1.0,1.0,0.0,0.0,121.0,0.0,0.0,0.0,18.0,24,0.75,-1.7631488931383192,2.672403353428114,0.03213960520531132,2.672558529172462,0.996835921481666,3.0,2.0,1.0,0.0,1.0,0.0,0.0,1.0,0.6134109733965234,0.0,0.0,0.0,0.0,0.0,0.0,0.0,1.0,0.0,0.0,0.0,1.0,0.0,polar,pos_charged,polar_to_pos_charged,0.0,0.0,0.0,0.0,0.0,0.0,1.0,0,0.7261417361212653
VAR_001882,,,,,,,0.000154666051702,2.217016209215249e-13,4.349896010875064e-11,4.72233688320687e-09,3.354931614283988e-07,4.84441994860932e-06,7.315528642655137e-05,0.000965572395206,8.84564633731511e-05,2.492186221535276e-05,0.0632359952673812,5.5617709015755975e-11,0.0003580310397022,3.566739624770573e-06,2.566604368610704e-07,0.0003777589590228,0.000488144689959,0.0005231202593013,0.0001085294187127,0.0002167399557187,gnomADe_REMAINING,,,,,,,,,,,,,0.0,0.0987421319358395,1.0,0.0,0.0001106782087914,1.0,0.0,5.696599597251694e-07,1.0,1.0,0.0058409830625467,1.0,0.0,1.1478422509167827e-05,1.0,1.0,0.0002281558642965,1.0,1.0,0.0157291713620987,1.0,0.0,0.0001724503449317,1.0,1.0,0.000988477303125,1.0,0.0,0.0007674020300804,1.0,1.0,0.0049509584243631,1.0,0.0,0.0080319426225616,1.0,0.0,0.0014041718589225,1.0,0.0,2.028022271338909e-05,1.0,0.0,0.0085852408838351,1.0,1.0,2.435733286741746e-07,1.0,1.0,0.000271247178199,1.0,0.0,1.1649535312523717e-19,1.0,1.0,0.0001171494210616,1.0,AllofUs_EUR,1.0,3.379832729657744e-07,1.0,G/G,G/G,5.250459500776718,5.3933906526149125,,0.0,1.7446131047915838e-05,1.0,1.0,0.0021950418569855,1.0,0.0,0.0049026695825136,1.0,0.0,8.953764458831639e-05,1.0,0.0,0.0014078270094904,1.0,1.0,0.0001583615741638,1.0,1.0,0.001149953180576,1.0,0.0,0.0012422986626524,1.0,0.0,0.0992719021134908,1.0,0.0,4.264664344098738e-11,1.0,0.9792908640273006,4.086820291204904e-05,1.0,0.0,0.0014773382483622,1.0,1.0,0.0002382337992209,1.0,0.0,0.0025372297963505,1.0,0.0,9.418507821708368e-05,1.0,0.0,0.0002603423781474,1.0,1.0,3.3115901886540145e-05,1.0,0.0,2.53377193483156e-06,1.0,0.0,0.006448485302525,1.0,0.0,0.0121898310197283,1.0,0.0,0.0001379718220883,1.0,1.0,1.5913723365055248e-05,1.0,0.0,0.0017148767448455,1.0,0.0,2.344436037433885e-05,1.0,0.0,1.4327372002585476e-05,1.0,1.0,2.2752000052174023e-05,1.0,1.0,1.4815470181258691e-05,1.0,1.0,0.0008481031843585,1.0,0.0,0.0008770784266962,G/G,0.0002605074191532,0.0,0.0016417451879983,1.0,0.0998075274430573,1.0,0.0,1.0,2.985566662240423e-05,1.0,1.0,1.0,1.0,0.000364092560461,1.0,0.0999703396069035,0.0,0.0073220046882164,1.0,1.0,0.0,3.4945128034859264e-06,1.0,0.0,0.0,9.745372785393166e-05,1.0,0.0,0.0,8.429340222211186e-05,1.0,1.0,1.0,0.000246929383606,1.0,1.0,1.0,,0.0,2.5189998954539388e-05,0.0,0.0017248913936433,1.0,0.0,1.0,0.0001198708887574,1.0,1.0,1.0,1.0,0.0005669532608777,1.0,0.0,0.0,0.0018941751750152,1.0,1.0,1.0,0.0142529006477867,1.0,0.0,1.0,0.0026191400710271,1.0,0.0,0.0,0.0604342305583517,1.0,0.0,1.0,0.0804771411841921,1.0,1.0,1.0,0.0,2.601207000073812e-05,0.0,2.0034024361376315e-14,1.0,0.0,0.0,0.0177630172362953,1.0,1.0,1.0,0.0,0.0025429543950556,1.0,0.0,0.0,0.0001796572325693,1.0,0.0,0.0,2.393376581042327e-06,1.0,1.0,1.0,6.042429003909696e-05,1.0,1.0,1.0,7.111351868214298e-05,1.0,1.0,1.0,0.001237845920495,1.0,1.0,0.0,0.0,5.908320460119049e-05,1.0,0.0999222366531106,1.0,0.0,0.0,0.000186186669111,1.0,2.3726724299867705e-08,0.0,0.0055072949107624,1.0,1.0,1.0,0.0,1.6941393713866416e-05,1.0,1.0,1.0,0.0045984469573095,1.0,1.0,1.0,0.0042553134944541,1.0,0.0,0.0,0.0284032845574645,1.0,1.0,1.0,0.0001075308194998,1.0,1.0,1.0,6.4055095242226915e-15,1.0,0.0,1.0,0.9877651860911654,0.9815530541058104,1.0,8.853123499037247,0.618968986166559,11.896,R,T,1,1.0,0.0,0.0,1.0,1.0,-9.664425758298718,1.3499860969377946,-0.12602191691733247,0.37741946761678713,-0.3605297514815905,0.1824212032362198,0.9587085413505725,0.7733978267010226,-0.6324834664635439,-0.07939666817866306,20.0,315.0,0.0632359952673812,2.217016209215249e-13,-1.1990356417181496,-12.652276621965909,1.0,1.0,0.0,1.0,400.0,0.0,0.0,0.0,88.0,103,0.8543689320388349,105.3167571445471,5.327403521642521,0.9877651860911654,-3.0428765009627536,1.0,5.0,0.0,5.0,0.0,0.0,0.0,1.0,0.0,0.686920920297272,0.0,0.0,0.0,1.0,0.0,0.0,0.0,0.0,0.0,0.0,0.0,1.0,0.0,pos_charged,polar,pos_charged_to_polar,0.0,0.0,0.0,1.0,0.0,0.0,1.0,0,0.7842334477291428
VAR_001936,,,,,,,2.1009985719121556e-05,2.8088239346640187e-05,0.0003307695533937,1.9092899540937533e-08,7.362951167873383e-08,0.0051544113706181,0.0016539937534539,9.947606498232819e-11,8.290190288338242e-07,0.0001020847795116,0.0985161446385755,0.0113118663574993,6.60247743008333e-05,2.423399190132145e-10,0.0618531205098276,8.852229021673059e-05,6.077350558733178e-06,0.0088597619702522,0.0034427853081298,0.0281809754213955,gnomADg_FIN,,,,,,,,,,,,,1.0,0.0999630570383503,1.0,1.0,0.099992268389044,1.0,1.0,0.0997623584366218,1.0,1.0,0.0465194989778286,1.0,1.0,0.0003051370323961,0.0,0.0,4.379972195786812e-15,1.0,0.0,4.406450791531665e-05,1.0,0.0,0.0254824447974865,1.0,0.0,0.0003467181599887,1.0,0.0,1.0162930804976571e-05,1.0,0.0,7.855214870518825e-15,1.0,0.0,1.1248709984379521e-17,1.0,1.0,0.0999999972532551,0.0,0.0,0.0417398739715518,1.0,0.0,5.156216992914833e-05,1.0,1.0,0.0101442439689939,1.0,0.0,0.0001464051677864,0.0,1.0,5.312246089447116e-05,1.0,0.0,0.0120184395282366,1.0,AllofUs_AMR,0.0,8.117383227429352e-07,1.0,C/C,C/C,6.092018775316353,5.971571940798304,4.028134405464798,1.0,0.0497219547220057,1.0,1.0,6.0219e-06,1.0,1.0,2.9238858810081925e-06,1.0,0.0,1.3288712222964628e-05,1.0,1.0,9.961200924332564e-12,1.0,0.0,4.720530425700918e-11,1.0,1.0,0.0010341824801778,1.0,0.0,5.254506425753411e-07,1.0,0.0,0.0001519180781963,1.0,0.0,6.537311204337956e-05,1.0,0.0,0.0001100099297176,1.0,1.0,0.0387945888588758,1.0,1.0,0.0013133631581637,1.0,0.0,0.0380957964101036,1.0,0.0,1.655628315724132e-06,1.0,0.0,0.0002260974321234,1.0,0.0,4.9055619794493176e-12,1.0,1.0,0.0074674853295764,1.0,1.0,6.53580000001488e-05,1.0,0.6536037301874006,0.0219317961536359,1.0,1.0,0.0239325540351388,1.0,0.0,2.3897968459832446e-06,1.0,1.0,1.0986943245582332e-05,1.0,0.0,6.878192731338826e-06,1.0,1.0,1.6173300332221517e-05,1.0,1.0,0.0407546015135751,1.0,1.0,0.0041076933528022,1.0,1.0,1.52968761151312e-06,1.0,0.0,0.0018481606185263,C/C,0.0098355127245777,1.0,8.23150815375285e-06,1.0,4.895414270366924e-06,1.0,1.0,0.0,0.0014679202959285,1.0,0.0,1.0,1.0,0.0002171611932161,1.0,0.0999982439799868,1.0,1.2411890615132669e-15,1.0,0.93578940162749,0.0,0.0005201831377764,1.0,0.0,1.0,0.0042217770644371,1.0,0.0,0.0,5.267466081747597e-05,1.0,1.0,1.0,0.0001006519589952,1.0,1.0,1.0,,1.0,3.8066853251811743e-06,0.0,0.0010143034137643,1.0,1.0,0.0,2.6345070000014915e-05,1.0,1.0,1.0,1.0,0.0044666886822486,1.0,1.0,1.0,7.241534827282307e-26,1.0,0.0,0.0,0.0229363593426679,1.0,1.0,1.0,1.3238976832530829e-07,1.0,1.0,0.0,0.0023185381493148,1.0,1.0,0.0,9.23793109682518e-08,1.0,1.0,1.0,1.0,4.330404081347456e-06,0.0,0.0011476967717195,1.0,1.0,0.0,0.0001424887700687,1.0,0.0,1.0,0.0,0.0006985038897684,1.0,1.0,1.0,0.0366402898916727,1.0,1.0,1.0,3.477857407256463e-07,1.0,1.0,0.0,1.2543885738202237e-05,1.0,1.0,0.0,2.957805e-05,1.0,1.0,1.0,0.0015279010478253,1.0,1.0,1.0,1.0,2.0373427166334768e-06,0.0,0.0824175415550419,1.0,0.0,0.0,0.0505864121261317,1.0,0.089413997570821,1.0,0.0011293091353726,1.0,1.0,1.0,0.0,0.0001907515777111,1.0,1.0,0.0,0.0003608820301506,1.0,1.0,0.0,0.0001891067978274,1.0,1.0,1.0,0.0313132496862076,1.0,0.0,0.0,3.002904000608412e-05,0.0,0.0,1.0,3.2885063798130846e-11,1.0,1.0,0.0,1.0,0.9341572262864896,1.0,7.489456158347529,0.5536880862747942,7.619625488321373,T,N,1,1.0,0.0,0.0,1.0,0.0,-9.664425758298718,1.3499860969377946,-0.12602191691733247,0.37741946761678713,-0.3605297514815905,0.1824212032362198,0.9587085413505725,0.7733978267010226,-0.6324834664635439,-0.07939666817866306,20.0,315.0,0.0985161446385755,9.947606498232819e-11,-1.0064925923156185,-10.002277036839809,1.0,1.0,0.0,1.0,400.0,0.0,0.0,0.0,88.0,103,0.8543689320388349,57.06685103781031,5.971571940798304,1.0,-0.13016932997384334,1.0,6.0,0.0,6.0,0.0,0.0,0.0,0.0,1.0,0.6718110286591608,0.0,1.0,0.0,0.0,0.0,0.0,0.0,0.0,0.0,0.0,0.0,1.0,0.0,polar,polar,polar_to_polar,0.0,0.0,0.0,0.0,0.0,0.0,0.0,0,0.7016825584944962
VAR_001880,,,,,,,1.4535e-05,0.0005687475942299,0.0173386873972128,0.004314713609352,2.3000072722045728e-05,3.7840334199330684e-09,5.2181039443625444e-12,0.0001821979422582,0.0004590707447716,5.354648652552798e-05,0.095506504191615,1.080708548360259e-13,0.0009041103782653,0.0026108384604223,6.968950087666463e-13,1.055279275510057e-15,6.587808284272922e-11,0.0119975112186174,2.72404834459822e-05,0.0146124355019161,gnomADe_AFR,,,,,,,,,,,,,1.0,0.0091698161244347,1.0,1.0,0.097470237182897,1.0,0.0,0.100736496642117,1.0,0.0,0.0056201115716085,1.0,0.0,0.0004884064486666,1.0,0.0,2.826290799239686e-05,1.0,0.0,0.0005708889274031,1.0,1.0,1.680845033836048e-05,1.0,1.0,0.0053753040900913,1.0,1.0,1.865166557915818e-11,1.0,0.0,0.0801815541249709,1.0,0.0,0.0001333160553538,1.0,0.0,0.0002346673711132,1.0,1.0,0.0505387986301614,1.0,0.0,3.376867335989799e-05,1.0,0.0,4.219429133510775e-08,0.0,1.0,0.000338255497376,0.0,0.0,0.0150047647056371,1.0,1.0,0.0372696970635044,1.0,AllofUs_AFR,1.0,3.874588847524563e-05,1.0,G/G,G/G,5.199505306985667,5.5036869849885655,,1.0,0.100244030366062,1.0,0.0,5.275142501514086e-05,1.0,1.0,2.320276006228254e-06,1.0,1.0,0.0035306426083709,1.0,0.0,3.217128758661561e-06,1.0,0.0,7.05355285892723e-06,1.0,1.0,0.0025754619291484,1.0,0.0,0.0020655841863345,1.0,0.0,0.0977449635371914,1.0,1.0,3.112588754533313e-12,1.0,0.0,5.2707373479775255e-12,1.0,0.0,3.522707553687051e-06,1.0,1.0,0.0996215229876377,1.0,0.0,0.0198316916742392,1.0,1.0,1.658748879586197e-05,1.0,0.0,0.0059085663674564,1.0,0.0,0.0124580931768161,1.0,1.0,0.0075084097330365,1.0,0.0,4.4869363274153584e-05,1.0,1.0,0.0174627933572938,1.0,1.0,9.572571601409278e-05,1.0,0.0,0.0002338584710709,1.0,1.0,0.0001960739239516,1.0,1.0,0.072622627400997,1.0,1.0,0.0294701573970776,1.0,1.0,0.0980203085354953,1.0,1.0,4.504506691060871e-06,1.0,0.0,0.0202135446695734,1.0,1.0,0.001262510852037,G/G,0.0776613691221008,0.0,2.335490355929435e-05,1.0,0.0075615932762782,1.0,0.0,1.0,0.0001586164332953,1.0,0.0,1.0,0.0,0.0046637611284843,1.0,0.0999999999676473,1.0,0.0014193916153488,1.0,0.0,0.0,0.0225750780739402,1.0,0.0,0.0,1.1049583928691364e-11,1.0,0.0,0.0,0.0418467854803832,1.0,1.0,1.0,9.608385139365032e-12,1.0,1.0,1.0,,1.0,0.0001529360705035,1.0,0.0002419677000058,1.0,0.0,1.0,2.640690000000205e-05,1.0,0.0,1.0,1.0,9.300447519690442e-11,1.0,0.0,0.0,0.0044622330419693,1.0,0.0,0.0,0.0555225932152037,1.0,1.0,1.0,4.0781535854938354e-27,1.0,0.0,1.0,0.0873970630198945,1.0,0.0,0.0,1.2891952430461276e-05,1.0,1.0,0.0,0.0,0.0119009083860379,0.0,0.0029158778976612,1.0,0.0,1.0,0.0001312683420727,1.0,0.0,1.0,1.0,3.64536250701771e-11,1.0,1.0,0.0,9.5468319623865e-08,1.0,0.0,1.0,8.905551524887894e-05,1.0,0.0,0.0,0.0410217740809269,1.0,1.0,1.0,0.013138144412147,1.0,0.0,0.0,2.025746409081069e-06,1.0,1.0,0.0,0.0,1.8346847542045555e-05,0.0,0.0003417151159274,1.0,0.0,1.0,7.752543590129957e-05,1.0,0.0992048253550951,1.0,0.0007645091302877,1.0,0.0,1.0,0.0,4.35795345881066e-06,1.0,0.0,1.0,3.22886176070275e-06,1.0,1.0,1.0,2.189498435494996e-06,1.0,0.0,1.0,2.5623479343503502e-14,1.0,0.0,1.0,0.0009917671302921,1.0,1.0,1.0,4.171798072217825e-05,1.0,1.0,1.0,1.0,0.9805085049272176,1.0,8.423117522950717,0.6818086139519163,11.871484047253096,A,T,1,1.0,0.0,0.0,1.0,1.0,-9.664425758298718,1.3499860969377946,-0.12602191691733247,0.37741946761678713,-0.3605297514815905,0.1824212032362198,0.9587085413505725,0.7733978267010226,-0.6324834664635439,-0.07939666817866306,20.0,315.0,0.095506504191615,1.055279275510057e-15,-1.0199670510514292,-14.687129156964478,1.0,1.0,0.0,1.0,400.0,0.0,0.0,0.0,87.0,103,0.8446601941747572,99.99490530184745,5.5036869849885655,1.0,-3.4483665243023793,1.0,5.0,0.0,5.0,0.0,1.0,0.0,1.0,0.0,0.6666356502589871,1.0,0.0,0.0,0.0,0.0,0.0,0.0,0.0,0.0,0.0,0.0,1.0,0.0,polar,polar,polar_to_polar,0.0,0.0,0.0,0.0,0.0,0.0,0.0,0,0.5782034410488863
VAR_001797,,,,,,,,,,,,,,,,,,,,,,,,,,,,,,,,,,,,,,,,1.0,0.0994588064557608,1.0,0.0,5.2273169312224065e-09,1.0,1.0,0.0972766573999634,1.0,0.0,0.0003085190102241,1.0,1.0,4.1206371643530217e-11,1.0,1.0,1.794711792681215e-14,1.0,0.0,0.0146347426651454,1.0,0.0,1.850545562683252e-17,1.0,0.0,3.539585840336553e-19,1.0,1.0,4.801368300949846e-07,1.0,1.0,0.0002910297613936,1.0,1.0,1.1305708539666177e-07,0.0,,,,,,,,,,,,,,,,,,,,,,,,,,G/G,G/G,5.74499645868201,5.616335880669929,,,,,,,,,,,,,,,,,,,,,,,,,,,,,,,,,,,,,,,,,,,,,,,,,,,,,,,,,,,,,,,,,,,,,,,,,,,,,,,,,,,,,,,,G/G,2.2679153890820573e-06,,,,,,,,,,,,,,,,,,,,,,,,,,,,,,,,,,,,,,,,,,,,,,,,,,,,,,,,,,,,,,,,,,,,,,,,,,,,,,,,,,,,,,,,,,,,,,,,,,,,,,,,,,,,,,,,,,,,,,,,,,,,,,,,,,,,,,,,,,,,,,,,,,,,,,1.0,0.5174616762719378,1.0,9.126725697613884,0.6993783806676312,11.896,E,K,1,1.0,1.0,1.0,1.0,1.0,6.147769942863638,1.4081293109136799,-4.749743257272088,0.4409255166224544,1.4775743369369598,0.3695469617660543,-0.35331671701819856,-0.09861107761164689,0.018680080668202453,0.36494332470953644,0.0,37.0,0.0,,-15.0,-14.698970004336019,0.0,0.0,1.0,0.0,0.0,1.0,0.0,0.0,6.0,8,0.75,108.57152889881476,5.616335880669929,1.0,-2.7692743023861173,1.0,5.0,0.0,5.0,0.0,0.0,0.0,0.0,0.0,0.8215209917795393,0.0,0.0,0.0,0.0,0.0,0.0,0.0,1.0,0.0,0.0,0.0,1.0,0.0,neg_charged,pos_charged,neg_charged_to_pos_charged,0.0,0.0,0.0,0.0,0.0,0.0,1.0,1,0.8039055130752403
VAR_001976,0.0003340728615228,4.3332398874250636e-07,2.571122720260357e-09,3.639040180095602e-07,0.0209432584423078,0.0132154703723989,0.0001419300142047,3.202938024318966e-05,0.00010116,0.0399193233361074,0.0853510550576038,1.687501876381248e-05,0.0001547141789222,0.0062846895373573,5.2744386624824266e-05,0.0001419310523658,0.0023611057144378,0.0128058095573739,0.0007792872495452,0.0107046147504219,0.0312314444449111,7.826450716172698e-06,0.035731551943938,0.0008574011448283,0.0001929906539099,0.0009028668052105,EUR,0.0,0.0001799181084838,1.0,0.0998954046057908,1.0,0.0844995963945046,0.0165631501154365,6.484269750500051e-09,1.0,0.0008953185310229,0.0,0.0001112648043036,1.0,3.417983392515988e-08,1.0,0.0,0.0904306425463517,1.0,0.0,0.0999450923804436,1.0,1.0,0.0410014184701934,1.0,0.0,0.0005032159752612,1.0,0.0,0.0003038004994003,1.0,1.0,0.0094144307505087,1.0,1.0,6.084570852185267e-06,1.0,0.0,0.0306287820769327,1.0,1.0,0.0086256283517834,1.0,1.0,0.0001143476908843,1.0,1.0,0.0002448132992531,1.0,1.0,1.668760796450528e-05,1.0,0.0,0.0002036251273566,1.0,0.0,0.0001284212944478,1.0,0.0,0.0068542460064559,0.0,0.0,0.0219185483766443,1.0,1.0,0.0788158675118672,1.0,0.0,0.0003181277399816,1.0,AllofUs_EUR,0.0,0.0001924836693088,0.0,C/C,C/C,5.119164301868096,1.4037624196503125,,0.0,5.479784683222334e-05,1.0,1.0,0.0009246495244434,1.0,0.0,0.000346530672694,1.0,1.0,0.0011938990194229,1.0,0.0,0.0001474539616567,1.0,0.0,0.0003728975947686,1.0,0.0,0.0066561356597112,1.0,1.0,0.0001751164292023,1.0,0.0,0.0001787308810105,1.0,0.0,0.0007246703389803,1.0,1.0,0.0002574009006614,1.0,0.0,0.0002933468634607,1.0,0.0,0.1000400788498619,1.0,1.0,0.0001492203386399,1.0,1.0,0.0068875780422321,1.0,1.0,0.0001500219855202,1.0,0.0,0.0004594455803488,1.0,0.0,0.0006632102208067,1.0,0.0,0.0094739203884027,1.0,0.0,0.0216795987872058,1.0,1.0,0.0084142165801539,1.0,1.0,0.0060282338290932,1.0,0.0,0.0233614836963433,1.0,0.0,2.042102999989231e-05,1.0,1.0,0.0002578500069349,1.0,1.0,6.744608867088054e-05,1.0,0.0,0.0040653617184594,1.0,1.0,0.0123980761661278,1.0,1.0,0.000183611007,C/C,0.0008946000000019,1.0,0.0218362693092181,1.0,0.0011283191811821,1.0,0.0,1.0,0.0053414805310108,1.0,0.0,1.0,0.0,0.0003909645000013,1.0,9.110188022538248e-07,1.0,2.0595096591556668e-05,1.0,1.0,1.0,8.255811912095028e-09,1.0,1.0,1.0,0.0002113861070119,1.0,1.0,0.0,0.0002106860668094,1.0,0.0,1.0,0.0191267798161226,1.0,0.0,0.0,,0.0,0.0001315514411895,0.0,2.9444808556479902e-05,1.0,0.0,1.0,0.0005624894722044,1.0,0.0,1.0,1.0,0.000567829211916,1.0,0.0,0.0,0.0052857416858534,1.0,0.0,1.0,0.0071546046854142,1.0,1.0,1.0,0.0413258916276295,1.0,1.0,0.0,0.0019823360796717,1.0,0.0,0.0,2.979936e-05,1.0,0.0,1.0,1.0,0.000864328654228,0.0,0.0994630230839907,1.0,1.0,0.0,0.0001191956457222,1.0,0.0,1.0,1.0,0.0005823549840591,1.0,0.0,1.0,0.0006948066922362,1.0,1.0,0.0,0.0060326266885833,1.0,0.0,1.0,0.0001817572828633,1.0,1.0,1.0,0.0003901055421607,1.0,0.0,0.0,0.0089105246418119,1.0,0.0,0.0,0.0,0.0001419256758615,0.0,0.0006710254057899,1.0,1.0,1.0,4.664030822709479e-08,1.0,5.827071549636145e-11,1.0,9.036182849741536e-05,1.0,1.0,1.0,1.0,0.003278796861284,1.0,0.0,0.0,0.0296053817512581,1.0,0.0,1.0,0.0009507553497224,1.0,0.0,1.0,0.000585730833581,1.0,1.0,0.0,0.0030601759000288,0.0,1.0,1.0,0.0002232227938388,1.0,0.0,1.0,0.8574647855536379,1.0,0.9125233410276452,0.631839704050239,0.604435634258955,-0.1100442563883278,N,K,1,0.0,0.0,0.0,0.0,1.0,-9.939737301468613,1.6424272069225767,-0.1529206172059051,0.6463070456984708,-1.168225399097953,-1.7654010083555487,-2.2843854086041286,-0.7466972971602102,0.05380214476563621,-0.049478246439440134,26.0,333.0,0.0853510550576038,2.571122720260357e-09,-1.0687911060329756,-8.589877024977673,1.0,1.0,0.0,1.0,676.0,0.0,0.0,1.0,89.0,103,0.8640776699029126,-0.06953033038882966,1.203676842133711,0.782456630926959,0.7418839604385669,1.0,3.0,2.0,1.0,0.0,0.0,0.0,0.0,0.0,0.5999370128336352,0.0,0.0,0.0,1.0,0.0,0.0,0.0,0.0,0.0,0.0,0.0,1.0,0.0,polar,pos_charged,polar_to_pos_charged,0.0,0.0,0.0,0.0,0.0,0.0,1.0,0,0.7261417361212653
VAR_001791,,,,,,,0.0032483717617833,1.255401952428983e-09,5.903652018425832e-10,2.7976189676492948e-12,5.864413258892184e-07,1.4949827468644526e-08,0.023494442175922,3.0264742968994486e-08,6.148955817548528e-07,,,,,,,,,,,1.642425108479406e-06,gnomADe_NFE,,,,,,,,,,,,,1.0,0.0427209455944886,1.0,0.0,0.0994389587405046,1.0,1.0,1.4783545629423106e-06,1.0,0.0,1.3449766634622625e-06,1.0,0.0,1.2157384214306128e-10,1.0,1.0,6.484144072661871e-15,0.0,1.0,0.0059282950203116,1.0,0.0,1.3509540177536211e-06,1.0,0.0,0.0362398187277855,1.0,1.0,1.903419228470784e-06,1.0,0.0,7.938140617172893e-14,1.0,1.0,6.10878227477596e-05,1.0,1.0,0.0991936502071011,1.0,0.0,0.0144181468928847,1.0,1.0,0.0001275268773798,1.0,1.0,4.356960664762351e-12,0.0,1.0,3.5046000000000003e-06,1.0,1.0,0.0004929556432989,1.0,1.0,0.0171338689837745,1.0,AllofUs_EUR,0.0,6.231180407344209e-06,1.0,G/G,G/G,5.779035168250077,5.8321846870978575,,1.0,0.0008979517098227,1.0,0.0,3.217798214320773e-06,1.0,0.0,5.134870525485161e-05,1.0,1.0,0.0005314368445802,1.0,0.0,0.0039293211156599,1.0,1.0,0.0343601842541527,1.0,1.0,4.173164587836515e-05,1.0,1.0,0.0071013591249028,1.0,1.0,0.0458997256375205,1.0,0.0,1.8735894388115004e-05,1.0,1.0,0.0010224533412308,1.0,1.0,0.0008228663161695,1.0,0.0,0.0999998121018282,1.0,1.0,5.8374959613956646e-27,1.0,0.0,0.0042170545501329,1.0,0.0,0.0245593767315134,1.0,1.0,4.2889798853411626e-05,1.0,1.0,0.0199034669765668,1.0,1.0,1.4814949157716895e-08,1.0,0.0,3.120210508878173e-11,1.0,1.0,7.259010431775337e-10,1.0,1.0,1.0353812016303047e-06,1.0,1.0,4.023900074403075e-07,1.0,1.0,2.1432835075977768e-08,1.0,1.0,0.0032058584878814,1.0,1.0,0.0235145688302763,1.0,1.0,2.0247893130965403e-06,1.0,0.0,0.0731475024222527,1.0,,,G/G,0.0002993048725076,,,,,,,,,,,,,,,,,,,,,,,,,,,,,,,,,,,,,,,,,,,,,,,,,,,,,,,,,,,,,,,,,,,,,,,,,,,,,,,,,,,,,,,,,,,,,,,,,,,,,,,,,,,,,,1.0,0.0001397076997799,0.0,0.0986485828251502,1.0,1.0,0.0,0.0097040330054406,1.0,0.003467449070493,0.0,0.0393231204344242,1.0,0.0,1.0,0.0,0.0181963590268016,1.0,0.0,1.0,3.319843502524932e-15,1.0,0.0,1.0,0.0002578974908636,1.0,0.0,0.0,1.5477680841182048e-06,1.0,1.0,1.0,7.121901206621134e-05,1.0,0.0,0.0,3.0634354861692956e-10,1.0,0.0,1.0,0.9923548726291086,0.9135600179981492,1.0,9.589132557043994,0.6647269372085184,9.643460870684764,E,K,1,1.0,0.0,1.0,1.0,1.0,-2.935262602797094,-6.226382628621874,-2.6727863369550153,-1.2097728300413133,-1.138295704629561,1.5561249089577684,0.05229371438449304,-1.2215578931565518,0.055800148583976125,0.5186861408134523,10.0,195.0,0.023494442175922,2.7976189676492948e-12,-1.6290348618899955,-11.553056226761385,0.0,1.0,0.0,0.0,100.0,0.0,1.0,0.0,60.0,70,0.8571428571428571,92.47242459766309,5.787596892314432,0.9923548726291086,-0.054328313640770176,1.0,5.0,0.0,5.0,0.0,0.0,1.0,1.0,0.0,0.8264378219714592,0.0,0.0,0.0,1.0,0.0,0.0,0.0,0.0,0.0,0.0,0.0,1.0,0.0,neg_charged,pos_charged,neg_charged_to_pos_charged,0.0,0.0,0.0,0.0,0.0,0.0,1.0,1,0.8039055130752403
VAR_001795,,,,,,,8.361125411532223e-05,0.018370822403286,2.408160364989321e-05,0.0005641155326813,4.635943762366727e-08,0.0017594188911795,0.0058946313523692,0.0003421706366136,0.0009126401588467,,,,,,,,,,,4.096464970141813e-05,gnomADe_AMR,,,,,,,,,,,,,0.0,2.1346477639280964e-11,1.0,1.0,5.024158965627186e-05,1.0,0.0,0.001302233893689,1.0,0.0,8.675367004270581e-07,1.0,1.0,0.089190811557562,0.0,1.0,5.768735892585979e-05,0.0,0.0,2.2346064338941107e-06,1.0,1.0,0.0483644417691685,1.0,0.0,0.0059898874381591,1.0,0.0,9.300916395497447e-09,0.0,1.0,3.5987677282547455e-05,1.0,1.0,2.0149366637759725e-07,1.0,1.0,0.0450421389729538,0.0,1.0,3.3223215099868246e-05,1.0,0.0,0.0046459232002523,1.0,1.0,0.0015874131864902,1.0,1.0,0.0003458445657947,1.0,0.0,0.0491609644122985,1.0,0.0,0.0002928677602641,1.0,AllofUs_EUR,1.0,0.0025213694865045,0.0,T/T,T/T,5.751470229159106,5.745409811270302,3.996147446446512,1.0,0.0003243745387196,1.0,0.0,0.0001271520205357,1.0,0.0,1.4689663981695687e-06,1.0,0.0,0.0002377092048036,1.0,0.0,8.248662695759083e-07,1.0,1.0,0.0054332246711423,1.0,0.0,0.0020555844450263,1.0,1.0,9.509174302285756e-07,1.0,0.0,0.0972188463805079,1.0,1.0,0.0488904745780173,1.0,0.0,4.718689154513968e-06,1.0,0.0,5.653226355415983e-05,1.0,1.0,0.0941858919818897,1.0,1.0,0.001689418069878,1.0,1.0,5.312077960325075e-07,1.0,0.0,0.0434508839246479,1.0,1.0,2.1546049974723288e-06,1.0,0.0,3.737348977144284e-06,1.0,0.0,0.0823447799324618,1.0,1.0,0.0003733956494185,1.0,1.0,4.457491313224515e-06,1.0,0.0,0.007941279449437,1.0,1.0,8.296671727591627e-06,1.0,0.0,9.623334813511762e-05,1.0,0.0,0.0005536492522544,1.0,0.0,0.0935961164664893,1.0,1.0,0.0293310885358965,1.0,0.0,6.783718834952023e-07,1.0,,,T/T,5.5383768921693456e-05,0.0,1.0120645565989129e-05,0.0,0.0999997708395296,1.0,0.0,0.0,0.0208790695796396,1.0,0.0,1.0,0.0,2.7004599682216324e-06,1.0,5.354079785831176e-06,0.0,0.0181027071032752,1.0,1.0,0.0,0.0686286263529485,1.0,1.0,1.0,2.3441742456575854e-12,1.0,1.0,1.0,0.0002081308556326,1.0,1.0,1.0,3.03633076960291e-08,1.0,0.0,0.0,,1.0,0.004831226302367,0.0,0.0008205605029941,1.0,0.0,0.0,0.0211494217090181,1.0,0.0,1.0,1.0,1.371237540406725e-17,1.0,1.0,1.0,1.1109904829825925e-07,1.0,1.0,0.0,3.5766824749301434e-18,1.0,0.0,1.0,0.0003961247692833,1.0,1.0,0.0,2.63589300684446e-05,1.0,0.0,0.0,0.0349522812263316,1.0,1.0,0.0,1.0,0.0018745910238588,0.0,0.0908031644381166,1.0,1.0,1.0,0.084674700626291,1.0,1.0,1.0,0.0,5.308607574498794e-12,1.0,1.0,0.0,0.0004461326167679,1.0,1.0,0.0,0.0002191735411488,1.0,1.0,1.0,0.000424755726389,1.0,0.0,0.0,2.9684042052678708e-05,1.0,0.0,1.0,4.7846583443346125e-08,1.0,1.0,0.0,0.0,5.577594419680012e-07,0.0,0.0066726097863493,1.0,0.0,0.0,0.0371335932605568,1.0,4.91260296202912e-07,0.0,0.0079471913872135,1.0,1.0,1.0,0.0,2.912162902965345e-21,1.0,0.0,0.0,9.286934455290455e-12,1.0,1.0,1.0,0.0049136544038984,1.0,1.0,1.0,6.647597476175693e-08,1.0,0.0,1.0,0.0329469056266295,1.0,1.0,1.0,0.0004134283953148,1.0,1.0,0.0,1.0,0.9779111654490372,1.0,4.898477012280497,0.6540435872375893,8.52778020105528,L,R,1,1.0,0.0,1.0,1.0,0.0,-9.149826901356347,1.065670509304085,0.24455906147885142,0.2856168661994799,0.856745502651012,2.358197341717915,0.13402254045329665,-1.119645961399626,-0.7742089924721245,0.8444572037540777,10.0,303.0,0.018370822403286,4.635943762366727e-08,-1.7358714012764047,-7.333861831641136,0.0,1.0,0.0,0.0,100.0,0.0,1.0,0.0,89.0,102,0.8725490196078431,41.77313528065005,5.745409811270302,1.0,-3.6293031887747835,1.0,5.0,0.0,5.0,0.0,0.0,0.0,1.0,0.0,0.7230454294937407,0.0,0.0,0.0,1.0,0.0,0.0,0.0,0.0,0.0,0.0,0.0,1.0,0.0,hydrophobic,pos_charged,hydrophobic_to_pos_charged,0.0,0.0,0.0,1.0,0.0,0.0,1.0,0,0.7700678831515665
VAR_001824,,,,,,,2.580148671517461e-06,0.0587862808627951,0.0009630251100897,2.7975980447892188e-05,0.0032693217575529,0.0029068652109911,0.0097598664014418,0.0003176422729078,4.084218410942261e-06,,,,,,,,,,,1.7618834380001885e-05,gnomADe_NFE,,,,,,,,,,,,,1.0,0.0013530682949467,1.0,0.0,4.623157753953749e-07,1.0,0.0,0.099999999998167,1.0,1.0,0.0001577934342552,1.0,1.0,0.0223542400589024,1.0,1.0,0.0078918041929728,1.0,0.0,0.0005535790673074,1.0,1.0,0.0174695739605458,1.0,0.0,1.3747922052498592e-05,1.0,1.0,2.5467882373371473e-10,0.0,1.0,5.185901423097625e-07,1.0,0.0,2.439152965958238e-05,1.0,,,,,,,,,,,,,,,,,,,,,,,,,,T/T,T/T,5.513976370523282,5.419523575016663,3.0467732524047744,,,,,,,,,,,,,,,,,,,,,,,,,,,,,,,,,,,,,,,,,,,,,,,,,,,,,,,,,,,,,,,,,,,,,,,,,,,,,,,,,,,,,,,T/T,0.0470183490303693,,,,,,,,,,,,,,,,,,,,,,,,,,,,,,,,,,,,,,,,,,,,,,,,,,,,,,,,,,,,,,,,,,,,,,,,,,,,,,,,,,,,,,,,,,,,,,,,,,,,,,,,,,,,,,,,,,,,,,,,,,,,,,,,,,,,,,,,,,,,,,,,,,,,,,1.0,0.999142483137164,0.99062902667318,8.008440206538113,0.6595759069647603,7.765307715394655,L,R,1,1.0,0.0,1.0,1.0,0.0,5.684442425300476,1.3085619439636502,-4.459589458791128,-0.5188346938617321,1.0955827753288618,-0.6371243459850331,1.2941530236410297,-2.2911456908557306,-0.13315827015453544,0.24122502375416063,10.0,47.0,0.0587862808627951,2.580148671517461e-06,-1.2307240147532073,-5.588355268535351,1.0,1.0,0.0,0.0,100.0,0.0,1.0,0.0,6.0,8,0.75,62.18800252410717,5.419523575016663,0.99062902667318,0.24313249114345847,1.0,6.0,0.0,6.0,0.0,0.0,1.0,1.0,0.0,0.8264378219714592,0.0,0.0,0.0,0.0,0.0,0.0,0.0,1.0,0.0,0.0,0.0,1.0,0.0,hydrophobic,pos_charged,hydrophobic_to_pos_charged,0.0,0.0,0.0,1.0,0.0,0.0,1.0,0,0.7700678831515665
VAR_001916,,,,,,,0.0824200515993662,0.0997459937317753,6.142335454133921e-05,2.520954264548008e-07,7.91764199574764e-05,3.5186485904050223e-06,1.6191011318482265e-06,7.292580937631528e-07,4.478831162843113e-09,,,,,,,,,,,1.6191720861340451e-06,gnomADe_NFE,,,,,,,,,,,,,0.0,1.8864953884881712e-06,1.0,0.0,0.0999999965954273,1.0,0.0,0.0327167341387437,1.0,1.0,0.0024116627238525,1.0,1.0,6.659314444500265e-05,1.0,1.0,0.0001678878144594,1.0,0.0,0.0002243222265923,1.0,1.0,3.3865509805205845e-05,1.0,1.0,0.00163485099049,1.0,1.0,0.0016241389397843,1.0,0.0,4.247424873173994e-14,1.0,1.0,0.007571173960783,1.0,,,,,,,,,,,,,,,,,,,,,,,,,,T/T,T/T,5.793792070897823,5.505504858919088,3.227358933124705,0.0,0.099997695908063,1.0,1.0,2.842363624936805e-05,1.0,1.0,1.4649825430170624e-10,1.0,1.0,1.908359294474743e-05,1.0,1.0,0.0005726101288874,1.0,1.0,0.0317033772002363,1.0,1.0,5.365788490935705e-07,1.0,0.0,0.0036118229690921,1.0,0.0,0.0005932275786466,1.0,0.0,1.6336895103878005e-07,1.0,1.0,3.2677965882020387e-06,1.0,0.0,0.005246327588362,1.0,1.0,2.7191879457503137e-16,1.0,0.0,0.0025697129702394,1.0,0.0,0.0002673388221629,1.0,0.0,6.180351995613296e-06,1.0,1.0,3.577602289631601e-05,1.0,0.0,1.2456269429070614e-05,1.0,1.0,3.922471478575693e-05,1.0,0.0,0.0997136565245698,1.0,1.0,0.0772700202650366,1.0,0.0,0.0002060515360369,1.0,1.0,1.2540012841557766e-25,1.0,0.0,0.0001618187689965,1.0,0.0,0.0457963792460058,1.0,1.0,1.2521763627040356e-13,1.0,1.0,4.085258190858667e-07,1.0,0.0,1.228810301988423e-12,1.0,,,T/T,0.0395948874180531,,,,,,,,,,,,,,,,,,,,,,,,,,,,,,,,,,,,,,,,,,,,,,,,,,,,,,,,,,,,,,,,,,,,,,,,,,,,,,,,,,,,,,,,,,,,,,,,,,,,,,,,,,,,,,1.0,0.0222464242265317,0.0,5.001036253096177e-12,1.0,1.0,1.0,0.0061000648437721,1.0,2.1348559459586405e-05,0.0,1.6113515236728475e-09,1.0,1.0,1.0,1.0,0.0001071391469748,1.0,1.0,0.0,0.0004090912958829,1.0,1.0,1.0,0.0005100148996087,1.0,1.0,0.0,0.0002801047283204,1.0,1.0,1.0,0.0002551677332912,1.0,1.0,1.0,2.695741216850982e-24,1.0,0.0,1.0,1.0,1.0,1.0,7.851436020711156,0.626695436130624,5.989836725198156,L,P,1,1.0,0.0,1.0,1.0,0.0,-1.6341936577740945,-6.182704244717381,-2.0096578418073214,-1.5270299798674138,2.90664253300695,-0.7288395580109308,0.0913096050339024,-0.8759102410765031,-0.062891605019335,0.3223788123877071,10.0,171.0,0.0997459937317753,4.478831162843113e-09,-1.0011045385998447,-8.348835211749734,1.0,1.0,0.0,0.0,100.0,0.0,1.0,0.0,54.0,61,0.8852459016393442,47.028819822399356,5.505504858919088,1.0,1.8615992955129999,1.0,5.0,0.0,5.0,0.0,0.0,1.0,1.0,0.0,0.8264378219714592,0.0,0.0,0.0,0.0,0.0,0.0,0.0,1.0,0.0,0.0,0.0,1.0,0.0,hydrophobic,special,hydrophobic_to_special,0.0,1.0,0.0,0.0,1.0,0.0,1.0,-3,0.8744937483693579
VAR_001771,,,,,,,0.0638799080252965,1.0006083969508943e-07,0.0020196150394151,7.015475445718816e-05,4.1290264834340096e-14,1.0266191142927107e-10,5.801214810422646e-05,2.8491538589181167e-06,1.935392861652636e-05,,,,,,,,,,,0.0427140208168427,gnomADe_NFE,,,,,,,,,,,,,0.0,0.0635792937906474,1.0,0.0,5.7290913399875e-07,1.0,1.0,0.0994018562342813,1.0,1.0,2.974924327647541e-07,1.0,1.0,0.0001057323657326,1.0,1.0,0.0022569228588931,1.0,0.0,5.400863999736178e-09,1.0,1.0,1.0317089693006436e-05,1.0,1.0,2.963885058402361e-05,1.0,1.0,2.301930171753558e-08,1.0,0.0,2.263638743244914e-15,1.0,0.0,0.0001681906245582,1.0,1.0,0.0044294818574582,1.0,1.0,0.0708274564421019,1.0,1.0,2.6761281361750915e-06,1.0,0.0,0.0006047858121315,1.0,0.0,0.0641669762536696,0.0,0.0,1.4653474544739072e-10,1.0,0.0,0.0744537174159339,1.0,AllofUs_AFR,0.0,0.0190939409568601,0.0,A/A,A/A,4.18,3.966875673549149,,1.0,6.446647576032589e-07,1.0,0.0,1.380377122947289e-06,1.0,1.0,9.769687087469411e-10,1.0,0.0,1.0539001592280221e-08,1.0,1.0,0.0031603799143626,1.0,0.0,6.544800070339781e-06,1.0,0.0,0.0026249911255626,1.0,1.0,5.211279800580787e-06,1.0,0.0,0.0009406975838904,1.0,0.0,1.7117908351778917e-11,1.0,0.8894388664100548,9.006250463049144e-05,1.0,1.0,0.0011078732885857,1.0,1.0,0.0865076177371511,1.0,1.0,0.0951595975163059,1.0,0.0,0.000317769826367,1.0,1.0,0.0008817054357381,1.0,0.0,1.0575431775517985e-05,1.0,0.4965685658666589,2.1429164381749817e-05,1.0,0.0,2.4072083756248918e-08,1.0,0.0,4.2922376229643306e-06,1.0,0.0,2.176479454090029e-05,1.0,0.0,1.7176421864510779e-09,1.0,0.0,7.627411127375397e-05,1.0,1.0,0.0021460402774545,1.0,0.0,2.551520967540872e-06,1.0,0.0,9.604836295851564e-08,1.0,1.0,0.0007472784619052,1.0,0.0,0.0938734661295462,1.0,0.0,0.0024992351872244,A/A,0.0257622485559935,0.0,0.0158202601015013,0.0,0.0999510979526082,1.0,1.0,0.0,1.0634039196056709e-13,1.0,1.0,1.0,1.0,5.204836355442125e-10,1.0,0.099895531427233,0.0,0.0001551248376491,1.0,0.0,0.0,0.0082720196529592,1.0,0.0,1.0,8.42499e-05,1.0,0.0,0.0,0.0042588740917285,1.0,1.0,1.0,0.0011614090549259,1.0,0.0,0.0,,0.0,0.0023133100494943,1.0,0.001352171920153,1.0,1.0,0.0,0.0445643239149255,1.0,0.0,1.0,1.0,5.4940239232941346e-11,1.0,0.0,0.0,1.2707007755619709e-21,1.0,0.0,1.0,3.668840627204684e-12,1.0,1.0,1.0,4.384939302222394e-05,1.0,1.0,1.0,0.0481800024691558,1.0,1.0,1.0,5.19777502254655e-08,1.0,1.0,0.0,1.0,0.006602047756072,1.0,1.7488470045344178e-11,1.0,0.0,0.0,4.70475607702408e-05,1.0,1.0,1.0,0.0,3.609216413838272e-07,1.0,1.0,1.0,0.0001960968679827,1.0,0.0,1.0,0.006436920011026,1.0,1.0,0.0,6.441287965212354e-05,1.0,1.0,0.0,5.031610146601817e-05,1.0,1.0,1.0,0.0086761816081231,1.0,0.0,1.0,0.0,0.0281897941702808,1.0,0.0003464848721334,1.0,0.0,1.0,0.047887293966982,1.0,1.2348952328678388e-05,0.0,7.909318129284492e-07,1.0,0.0,1.0,0.0,0.0001032352678252,1.0,1.0,0.0,0.0223574689436455,1.0,0.0,0.0,0.0140305248121412,1.0,1.0,1.0,0.0309744785881044,1.0,0.0,0.0,4.576644201197225e-06,1.0,0.0,0.0,2.3782986678118927e-12,1.0,1.0,1.0,0.9696340069094634,0.9680967022446272,1.0,4.80938711727919,0.7099800099797887,11.351669966972484,M,V,1,1.0,0.0,1.0,1.0,1.0,-9.247495249415529,1.0955461420843906,0.14018254275304354,0.29539184138798613,0.7615149531828314,2.2549381557274444,0.11211756432525766,-0.975478630513047,-0.9388642759939128,-0.5097113523455102,10.0,305.0,0.0638799080252965,4.1290264834340096e-14,-1.1946357178330933,-13.373759595162099,1.0,1.0,0.0,0.0,100.0,0.0,1.0,0.0,90.0,103,0.8737864077669902,54.59457529876255,3.846417554255138,0.9696340069094634,-6.542282849693294,1.0,4.0,0.0,4.0,0.0,0.0,1.0,1.0,0.0,0.8264378219714592,1.0,0.0,0.0,0.0,0.0,0.0,0.0,0.0,0.0,0.0,0.0,1.0,0.0,hydrophobic,hydrophobic,hydrophobic_to_hydrophobic,0.0,0.0,0.0,0.0,0.0,0.0,0.0,1,0.6558699552063041
VAR_001825,,,,,,,1.846805435781392e-05,4.68571370625515e-14,0.0014077702239003,1.5914283915731153e-15,5.502694296039199e-07,2.5487356179420193e-09,2.446833878543672e-05,1.4904000586442646e-05,0.0233118288520364,0.0029829716617348,6.813432382080168e-12,0.0259348791566236,0.0040803210606067,2.7481283310856244e-11,5.528441866029967e-05,2.4786434744574298e-06,0.000309402573717,2.7160513799039063e-14,1.9611798861989464e-05,0.0001329989560585,gnomADe_AMR,,,,,,,,,,,,,1.0,0.053659413974521,1.0,0.0,0.0384465133653887,1.0,0.0,0.097197675780472,1.0,1.0,2.540776870299689e-07,1.0,0.0,2.8754233550943194e-06,1.0,0.0,0.0043434436828254,1.0,1.0,5.202863382531236e-16,1.0,0.0,8.509385362272464e-16,1.0,0.0,2.3292095314246448e-06,1.0,0.0,4.613590398534196e-15,1.0,0.0,9.440447596142046e-08,1.0,1.0,1.7432785743425506e-12,1.0,1.0,0.0005783305652251,1.0,0.0,0.0094388160207608,1.0,0.0,6.752701203555058e-05,1.0,0.0,1.470447579762548e-07,1.0,1.0,1.0512349460386603e-05,1.0,1.0,0.0262007293091206,1.0,0.0,7.651369103641474e-05,1.0,AllofUs_AMR,1.0,0.031137530785003,1.0,T/T,T/T,5.349481634534249,5.260403344877787,2.9282681803906323,1.0,2.113206130472095e-06,1.0,1.0,1.5327466072139566e-05,1.0,0.0,0.0011360891898545,1.0,0.0,5.298697232692299e-07,1.0,0.0,0.0007517666931593,1.0,1.0,1.8524527039962445e-06,1.0,0.0,0.0001142186485462,1.0,0.0,1.808100220834301e-05,1.0,0.0,1.6010827822154868e-05,1.0,1.0,0.0014869143307799,1.0,0.0,4.622400023114865e-06,1.0,0.0,0.0015506839279475,1.0,0.0,0.0842941592913791,1.0,0.0,1.791360686226342e-05,1.0,0.0,0.0013567009690586,1.0,0.0,1.8604980473246328e-05,1.0,1.0,4.53775709717251e-05,1.0,0.0,0.0004744350809209,1.0,1.0,1.5359968159096692e-05,1.0,0.0,2.2896240217662843e-06,1.0,0.0,0.0897154496058425,1.0,0.0,1.4186458581239716e-05,1.0,0.0,9.574882016407765e-06,1.0,1.0,5.944166797559394e-06,1.0,1.0,0.0017240573047719,1.0,1.0,0.0996402153479783,1.0,0.0,4.3591226741418606e-05,1.0,0.0,3.526086234233514e-06,1.0,1.0,1.0200618249201462e-05,T/T,0.0001051200185828,0.0,8.227026375968928e-06,1.0,8.496405295024145e-06,1.0,0.0,1.0,1.672729368144699e-08,1.0,0.0,1.0,0.0,7.528279445469289e-06,1.0,0.0981971397948446,0.0,0.0001018193100589,1.0,1.0,1.0,1.2801517501098742e-08,1.0,0.0,1.0,2.10466800019135e-05,1.0,0.0,1.0,0.0002549497015666,1.0,0.0,0.0,5.6479951504263576e-05,1.0,1.0,0.0,,0.0,4.510477815892214e-05,1.0,1.744196009073183e-07,1.0,0.0,0.0,0.0154900552134774,1.0,1.0,1.0,0.0,0.0501433864694463,1.0,1.0,1.0,0.000127884269043,1.0,0.0,1.0,1.608320688625284e-15,1.0,1.0,1.0,8.773204818695021e-06,1.0,1.0,0.0,0.0941223756959291,1.0,0.0,0.0,2.225593732343326e-05,1.0,0.0,1.0,0.0,0.0003933732554108,0.0,1.821341224643556e-06,1.0,1.0,0.0,0.0081388959381441,1.0,1.0,1.0,1.0,2.5220179821293925e-05,1.0,0.0,0.0,0.0008025722918522,1.0,1.0,0.0,1.797340151405137e-06,1.0,1.0,1.0,0.0009138853094022,1.0,1.0,1.0,8.848395016794035e-05,1.0,1.0,1.0,4.121389850874866e-07,1.0,0.0,1.0,1.0,0.0189387652554272,0.0,1.153948057617072e-05,1.0,0.0,1.0,0.0011919746421762,1.0,0.0422003806723513,1.0,0.0002673178188958,1.0,1.0,1.0,1.0,3.2775547096015184e-06,1.0,0.0,1.0,5.563795848255996e-05,1.0,1.0,0.0,0.0048183015328514,1.0,0.0,0.0,0.0083369098048446,1.0,0.0,0.0,7.50359510976492e-05,1.0,0.0,1.0,2.769011321281688e-09,1.0,0.0,1.0,0.8948006198806173,0.9812515043440502,0.9980569167425992,5.934973820018299,0.6697652695342715,8.1553231046456,V,D,1,1.0,0.0,0.0,1.0,0.0,-9.664425758298718,1.3499860969377946,-0.12602191691733247,0.37741946761678713,-0.3605297514815905,0.1824212032362198,0.9587085413505725,0.7733978267010226,-0.6324834664635439,-0.07939666817866306,20.0,315.0,0.0259348791566236,1.5914283915731153e-15,-1.586115771257571,-14.586460787431946,0.0,1.0,0.0,1.0,400.0,0.0,0.0,0.0,88.0,103,0.8543689320388349,48.40162911986199,4.7070121738187165,0.8930619477774154,-2.220349284627301,0.9980569167425992,6.0,0.0,6.0,0.0,0.0,0.0,1.0,0.0,0.7230454294937407,0.0,1.0,0.0,0.0,0.0,0.0,0.0,0.0,0.0,0.0,0.0,1.0,0.0,hydrophobic,neg_charged,hydrophobic_to_neg_charged,0.0,0.0,0.0,0.0,0.0,0.0,1.0,0,0.7962204784108571
VAR_001881,,,,,,,0.0066104651694636,2.0886715746784062e-05,0.0005879948018664,1.3640940348366576e-07,8.503368800049814e-15,0.0002540608179142,1.40003535963466e-05,7.906940171180442e-05,0.0001232150576373,,,,,,,,,,,0.0414054686859798,gnomADe_NFE,,,,,,,,,,,,,0.0,0.0528521770969749,1.0,1.0,1.6509659466405217e-19,1.0,1.0,0.0979164320515575,1.0,0.0,3.9348647799338514e-05,1.0,0.0,3.547222120941138e-08,1.0,1.0,1.4056373646961845e-12,1.0,0.0,6.0622258944824575e-06,1.0,1.0,0.0663834345017032,1.0,0.0,1.5199467140514756e-09,1.0,0.0,0.0320514663646163,1.0,0.0,6.043575734207214e-11,1.0,1.0,2.1360859558766114e-20,1.0,,,,,,,,,,,,,,,,,,,,,,,,,,G/G,G/G,5.240859203443385,5.294714056739931,,1.0,4.963784393343561e-06,1.0,1.0,0.0148648532557056,1.0,1.0,8.526120451132454e-06,1.0,0.0,1.141200005839705e-05,1.0,0.0,0.0002607842563335,1.0,0.0,0.0205335085643484,1.0,0.0,6.7497622555848535e-06,1.0,0.0,1.0007040504198764e-05,1.0,0.0,0.0008587861340849,1.0,1.0,5.0904856580730166e-14,1.0,0.0,2.599683709380948e-05,1.0,1.0,0.0018886410972426,1.0,1.0,5.999012900777005e-05,1.0,0.0,0.0003731387354529,1.0,1.0,0.000162420421756,1.0,0.0,5.254041238837991e-05,1.0,1.0,0.0020490344958289,1.0,0.0,7.048571958389432e-05,1.0,1.0,0.0001959528872752,1.0,0.0,6.248553157346527e-07,1.0,0.0,1.668289384464106e-09,1.0,0.0,3.369963322212784e-13,1.0,0.0,6.785316530855984e-11,1.0,0.0,0.0722405605289054,1.0,1.0,0.0068074123903408,1.0,1.0,1.573147342620745e-05,1.0,1.0,1.6858969086392804e-07,1.0,0.0,1.575508898054054e-05,1.0,,,G/G,0.0637541610076502,,,,,,,,,,,,,,,,,,,,,,,,,,,,,,,,,,,,,,,,,,,,,,,,,,,,,,,,,,,,,,,,,,,,,,,,,,,,,,,,,,,,,,,,,,,,,,,,,,,,,,,,,,,,,,0.0,8.38955719979153e-06,0.0,5.7480944614515944e-08,1.0,0.0,1.0,9.58611677713362e-09,1.0,0.0998350624797447,0.0,4.373298898271423e-06,1.0,0.0,1.0,1.0,0.0349684948378008,1.0,0.5011119429301197,0.0,0.0370022784706782,1.0,0.0,1.0,0.0008798054346391,1.0,1.0,1.0,0.0135351336659858,1.0,1.0,0.0,2.63383113312462e-05,1.0,1.0,0.0,9.168964060440705e-10,1.0,1.0,1.0,1.0,0.9698681136567197,1.0,9.256066878740418,0.7010518881636427,11.84956597023834,R,K,1,1.0,0.0,1.0,1.0,1.0,-1.6341936577740945,-6.182704244717381,-2.0096578418073214,-1.5270299798674138,2.90664253300695,-0.7288395580109308,0.0913096050339024,-0.8759102410765031,-0.062891605019335,0.3223788123877071,10.0,171.0,0.0414054686859798,8.503368800049814e-15,-1.3829422950313779,-14.022122416613586,0.0,1.0,0.0,0.0,100.0,0.0,1.0,0.0,54.0,61,0.8852459016393442,109.68037510457266,5.294714056739931,1.0,-2.5934990914979217,1.0,5.0,0.0,5.0,0.0,0.0,1.0,1.0,0.0,0.8264378219714592,0.0,0.0,0.0,0.0,0.0,0.0,0.0,1.0,0.0,0.0,0.0,1.0,0.0,pos_charged,pos_charged,pos_charged_to_pos_charged,0.0,0.0,0.0,1.0,0.0,0.0,0.0,0,0.8132787444558172
VAR_001846,0.0014791548189868,0.0057050162446079,0.001260000117421,8.645747465450408e-07,0.001800000160367,3.153802671728626e-10,0.0012066386341989,0.0999335418925073,0.0489114803612696,0.0006280134189761,4.336475819448724e-15,1.6867805449188265e-05,0.0001352156571564,0.0065633635331747,2.6270845344129485e-05,0.0002389509676258,0.0981817478294395,0.0002205977968306,0.0007060500000097,0.0005268885922411,4.849853860254369e-06,2.4550242541521303e-14,0.0001974822246765,0.0004327201283809,2.794665495463479e-05,0.0021843490967662,gnomADe_MID,1.0,0.0032310266065212,0.0,0.1019670000330622,0.0,0.0012970923812535,0.0,0.0234788568585276,0.0,0.003314838688613,0.0,1.6473716050137233e-29,0.0,0.0002748059348915,1.0,0.0,0.0905762701690173,1.0,1.0,0.0851507086705896,1.0,0.0,1.5933698144493603e-06,0.0,0.0,0.0035210427032483,1.0,1.0,0.0036809958568221,1.0,1.0,0.0036025449307149,1.0,0.0,1.612677648539231e-08,1.0,1.0,0.00051049348296,1.0,1.0,0.0821864110920824,0.0,1.0,5.89962478089748e-05,1.0,0.0,0.0017147770483736,1.0,0.0,0.0009421674263625,1.0,0.0,0.0004803187698089,1.0,1.0,0.0021726875303894,1.0,1.0,0.0043267134525884,0.0,0.0,0.0001541896732839,1.0,1.0,0.0637571183264364,1.0,0.0,0.0022905038806627,1.0,AllofUs_MID,0.0,0.0201598588819631,1.0,C/C,C/C,5.297747129986632,5.173426044886852,3.5733716026282574,0.0,0.0002562301145379,1.0,0.0,0.000170285316687,1.0,0.0,0.0363607361154175,1.0,0.0,0.0029608771627004,1.0,1.0,0.0024892097077507,1.0,0.0,0.035442910429842,1.0,0.0,0.0006245379733718,1.0,1.0,0.000155025405769,1.0,0.0,0.0002490948876422,1.0,1.0,0.0600127336271182,1.0,1.0,0.001194645603599,1.0,0.0,0.0001295100163265,1.0,0.0,0.1000806306589443,1.0,0.0,0.00036108,1.0,1.0,0.0030591306782755,1.0,0.0,0.0005434143402425,1.0,1.0,0.0002654100000025,1.0,1.0,0.0332635370999745,1.0,1.0,0.0003662462102943,1.0,1.0,0.1001618390617605,1.0,1.0,0.0007750163396782,1.0,0.0,0.0001020973934754,1.0,1.0,0.0001195023839481,1.0,1.0,0.0006620055682403,1.0,0.0,0.0069603732130505,1.0,0.0,0.0899817791328525,1.0,1.0,0.0127196578503501,1.0,1.0,0.0004629663774988,1.0,1.0,0.0681980171683947,C/C,0.0428542685607109,0.0,0.0001738107651804,0.0,0.000702294653429,1.0,0.0,0.0,0.0003682917,1.0,1.0,1.0,0.0,0.0144914258341314,1.0,0.0999998609401047,0.0,6.16847704715927e-05,1.0,1.0,1.0,9.074117933201322e-05,1.0,0.0,0.0,0.000191107400153,1.0,1.0,1.0,0.0005025696119741,1.0,0.0,1.0,0.0144540582134501,1.0,0.0,1.0,,1.0,0.0040047321400456,0.0,0.0003057579024957,1.0,1.0,1.0,0.000289187400013,1.0,0.0,1.0,1.0,0.0006592140380103,1.0,1.0,0.0,0.0076472273080828,1.0,0.0,0.0,0.0004450252401512,1.0,0.0,1.0,0.0001931598001523,1.0,0.0,1.0,0.0003019725000013,1.0,1.0,0.0,0.0274199320432815,1.0,0.0,1.0,0.0,0.0771762517396849,0.0,0.0002774691032469,1.0,0.0,0.0,0.0011542481790165,1.0,1.0,1.0,1.0,0.0005800520477217,1.0,0.0,0.0,1.4475790546767208e-08,1.0,0.0,1.0,4.202715742298956e-05,1.0,1.0,0.0,0.0017954393130951,1.0,0.0,0.0,0.0017374155326005,1.0,0.0,1.0,3.4496338432435395e-08,1.0,0.0,0.0,1.0,0.0020353573769953,1.0,0.0465260075781121,1.0,0.0,1.0,6.118327962897651e-07,1.0,1.5576461484566668e-06,1.0,0.0004648761007108,1.0,0.0,1.0,0.0,0.0005697645694897,1.0,0.0,0.0,2.8777231990869334e-08,1.0,1.0,0.0,0.0003926705002594,1.0,0.0,0.0,0.0008464587690227,1.0,0.0,0.0,0.002078523,0.0,0.0,1.0,1.054546980780435e-09,1.0,0.0,1.0,1.0,1.0,1.0,7.310407046990394,0.6412001689578729,7.408556878147454,T,S,0,0.0,0.0,0.0,0.0,0.0,-9.939737301468613,1.6424272069225767,-0.1529206172059051,0.6463070456984708,-1.168225399097953,-1.7654010083555487,-2.2843854086041286,-0.7466972971602102,0.05380214476563621,-0.049478246439440134,26.0,333.0,0.0999335418925073,4.336475819448724e-15,-1.0002887198431156,-14.272745454101244,1.0,1.0,0.0,1.0,676.0,0.0,0.0,1.0,87.0,103,0.8446601941747572,54.15956641003831,5.173426044886852,1.0,-0.09814983115705989,1.0,6.0,0.0,6.0,0.0,0.0,0.0,1.0,0.0,0.6590443844793896,0.0,0.0,0.0,0.0,1.0,0.0,0.0,0.0,0.0,0.0,0.0,1.0,0.0,polar,polar,polar_to_polar,0.0,0.0,0.0,0.0,0.0,0.0,0.0,1,0.6665691865282449
VAR_001790,,,,,,,9.966354212620909e-08,0.0031649591570443,2.0668191899560678e-08,0.0017438053567044,1.436859597826977e-07,0.0006016307545356,0.0017590341167238,0.0106036065873984,2.402162433597785e-07,,,,,,,,,,,2.0824131968044364e-05,gnomADe_AFR&gnomADe_AMR&gnomADe_ASJ&gnomADe_EAS&gnomADe_FIN&gnomADe_MID&gnomADe_NFE&gnomADe_REMAINING&gnomADe_SAS,,,,,,,,,,,,,0.0,1.3383833465161586e-07,1.0,0.0,0.0218796352681369,1.0,0.0,0.0994699844866586,1.0,0.0,1.0055114833763274e-06,1.0,1.0,0.0050231704549809,1.0,0.0,0.0001742130441724,1.0,1.0,0.0566814070609466,1.0,1.0,0.0013970310072371,1.0,0.0,0.0586336197835526,1.0,1.0,1.4685954366192811e-05,1.0,0.0,0.0091747179724196,1.0,0.0,2.4718049443658397e-08,1.0,,,,,,,,,,,,,,,,,,,,,,,,,,G/G,G/G,5.6979913406855385,5.628875126057854,,,,,,,,,,,,,,,,,,,,,,,,,,,,,,,,,,,,,,,,,,,,,,,,,,,,,,,,,,,,,,,,,,,,,,,,,,,,,,,,,,,,,,,,G/G,0.0009038834748841,0.0,8.250595616365696e-06,1.0,0.0132162075478054,1.0,1.0,0.0,1.0825666703544179e-07,1.0,1.0,1.0,1.0,0.0038398728368544,1.0,0.0026829261032737,0.0,9.962128380146432e-05,1.0,0.0,0.0,0.010583047241037,1.0,0.0,0.0,5.108498460298943e-05,1.0,1.0,1.0,0.0001034252002943,1.0,0.0,1.0,0.0013491267818096,1.0,0.0,1.0,,1.0,3.813556939955097e-06,1.0,3.899974346585578e-07,1.0,1.0,1.0,0.0010480379445236,1.0,0.0,1.0,0.0,6.721092807222793e-12,1.0,0.0,1.0,0.0020079000908095,1.0,0.0,1.0,0.006063935948209,1.0,0.0,0.0,0.0003998942995411,1.0,0.0,0.0,5.481905994379059e-05,1.0,0.0,0.0,0.0029308933579791,1.0,0.0,1.0,0.0,0.0006309802994744,1.0,5.752756722773187e-06,1.0,1.0,1.0,5.769792769193731e-06,1.0,1.0,1.0,0.9400810578009716,3.183436399545555e-05,1.0,1.0,1.0,1.9638538294544803e-06,1.0,0.0,1.0,4.348301719963216e-05,1.0,1.0,1.0,0.0001952417475528,1.0,1.0,,,,,1.0,1.755439087006998e-05,1.0,0.0,1.0,,,,,,,,,,,,,,,,,,,,,,,,,,,,,,,,,,,,,,,,,1.0,1.0,1.0,7.68774903650526,0.620037654793701,11.592315517887066,G,R,1,1.0,0.0,1.0,1.0,1.0,-0.3073288090352424,8.348009560753171,-1.6362059111743754,0.9059711020591302,3.0563788393915536,0.16083399648252739,1.4085915841050984,-2.2076968431788178,-0.5379132574045163,0.47533250625366624,10.0,151.0,0.0106036065873984,2.0668191899560678e-08,-1.9745463937351588,-7.684697493767375,0.0,1.0,0.0,0.0,100.0,0.0,1.0,0.0,33.0,39,0.8461538461538461,89.11881245350126,5.628875126057854,1.0,-3.9045664813818055,1.0,5.0,0.0,5.0,1.0,1.0,1.0,1.0,0.0,0.8764926646195839,0.0,0.0,0.0,0.0,0.0,0.0,0.0,1.0,0.0,0.0,0.0,1.0,0.0,special,pos_charged,special_to_pos_charged,1.0,0.0,0.0,1.0,0.0,1.0,1.0,-2,0.9077869001212279
VAR_001968,,,,,,,8.648295153691287e-06,0.0314914361186935,0.0003950992295475,0.0057681109901194,2.1277294330150252e-05,0.0005375578261627,6.601665743508761e-05,1.4904038070412913e-05,0.0001471654975706,0.0063062607492233,0.0010740000543788,6.233211228557228e-06,8.590943977489366e-20,0.0014090607562714,9.101270085384036e-21,0.0155675147362526,1.3230011896596134e-05,0.0530078299995155,0.0001078269322604,0.0004253401765382,gnomADg_REMAINING,,,,,,,,,,,,,0.0,0.0455618354783451,1.0,0.0,4.778912898821699e-06,1.0,0.0,0.0970641720514426,1.0,0.0,1.319280038340525e-10,1.0,0.0,4.0943449618747945e-07,1.0,0.0,1.793916927754638e-05,1.0,0.0,7.209963489577995e-14,1.0,0.0,0.0006183299906427,1.0,0.0,0.037151627081211,1.0,0.0,2.082270134733958e-05,1.0,1.0,0.0003398793636614,1.0,1.0,0.0089289518057926,1.0,0.0,0.0519266164352813,1.0,1.0,0.0066979109862561,1.0,0.0,0.0011593687234319,0.0,1.0,2.6067020660572607e-06,0.0,1.0,0.0062289110236245,1.0,1.0,0.0088090667013954,0.0,1.0,0.0001648658864118,1.0,AllofUs_EUR,1.0,4.8602432729971025e-14,0.0,./.,./.,5.197505296993441,5.236436248307747,4.940270458757966,1.0,0.0390363068253433,1.0,0.0,8.75970000008286e-06,1.0,1.0,3.6495498898347755e-10,1.0,1.0,0.0015787709680941,1.0,0.0,0.0394071210192939,1.0,0.0,1.7943500939151756e-05,1.0,1.0,0.0007902487436939,1.0,1.0,0.0005894565306442,1.0,0.0,2.458519966921051e-05,1.0,1.0,1.1187004293746106e-06,1.0,0.0,1.1575343654804857e-07,1.0,1.0,9.045002712091149e-06,1.0,0.0,2.7096627165848245e-06,1.0,1.0,0.0145259836937374,1.0,1.0,7.571826268697477e-05,1.0,0.0,0.0004581932566168,1.0,1.0,6.286560933271808e-13,1.0,0.0009055712964544,0.0010421809462976,1.0,0.0,0.0002380578391868,1.0,0.0,0.0029194245100941,1.0,1.0,3.6948971205431367e-06,1.0,1.0,3.70271396548358e-05,1.0,0.0,6.871044597315447e-05,1.0,0.0,3.170126075630936e-07,1.0,0.0,4.848465603645519e-05,1.0,0.0,0.0001434010892493,1.0,0.0,2.633982177258343e-06,1.0,1.0,0.0025086360139843,1.0,0.0,0.021066333420857,./.,0.0036231347586423,0.0,3.2476242565246102e-06,1.0,0.0553845734227915,1.0,0.0,0.0,3.2501937747960055e-08,1.0,0.0,1.0,0.0,0.0382228126970725,1.0,5.727435962276156e-05,0.0,0.0019078780574964,1.0,0.0,1.0,1.4113221248848773e-05,1.0,1.0,1.0,7.55960839561809e-09,1.0,1.0,,,,,1.0,0.0001415646867021,1.0,0.0,1.0,,1.0,7.609975457584723e-06,1.0,0.0270993348433207,1.0,1.0,1.0,0.0055508824617822,1.0,1.0,1.0,1.0,0.0015025879163009,1.0,1.0,1.0,8.791628443259067e-24,1.0,0.0,0.0,0.0192134894431863,1.0,1.0,1.0,0.0001568349697132,1.0,1.0,0.0,3.9585547193511525e-05,1.0,1.0,1.0,0.0023202884999742,1.0,0.0,1.0,0.0,8.655813789341946e-06,1.0,0.0999999300858101,1.0,1.0,0.0,1.5927863668837964e-09,1.0,0.0,1.0,0.0,4.96622275689718e-16,1.0,0.0,1.0,0.0013106640711885,1.0,0.0,1.0,0.0901642702769897,1.0,0.0,1.0,4.012195190822856e-05,1.0,1.0,1.0,0.0001136578126386,1.0,1.0,0.0,3.0103687579407364e-05,1.0,0.0,0.0,0.3293576134535296,8.923383068907958e-06,0.0,9.187415997845811e-21,1.0,0.0,0.0334319275239214,0.0276282956707794,1.0,0.0727230374281167,1.0,7.760303836844771e-05,1.0,1.0,1.0,1.0,0.0038791026788606,1.0,0.0,0.0,1.215732674012938e-05,1.0,0.0,1.0,4.946818199222062e-14,1.0,0.0,1.0,0.0554163167971056,1.0,1.0,0.0,9.917854998008386e-06,1.0,0.0,1.0,0.0008884134296029,1.0,0.0,0.0,0.9796173953711224,0.9893791411137338,0.9914206753490438,9.175218827700096,0.6459524459273134,11.21312505674436,S,N,1,1.0,0.0,0.0,1.0,0.0,-9.485323688328076,1.1679166223333737,-0.16207955632831633,0.2759337065594937,-0.2741150014452499,0.376268855928964,1.1940177346390413,0.7417893454416504,1.189648955049777,-0.35949043819448556,20.0,311.0,0.0530078299995155,9.101270085384036e-21,-1.275659974278111,-14.99999604738661,1.0,1.0,0.0,1.0,400.0,0.0,0.0,0.0,86.32935761345354,102,0.8463662511122896,102.88287613799656,5.129704038594167,0.9712129397025093,-2.037906229044264,0.9914206753490438,6.0,0.0,6.0,0.0,0.0,0.0,0.0,1.0,0.6376218236838592,0.0,0.0,0.0,1.0,0.0,0.0,0.0,0.0,0.0,0.0,0.0,1.0,1.0,polar,polar,polar_to_polar,0.0,0.0,0.0,0.0,0.0,0.0,0.0,0,0.7165984305697715
VAR_001948,,,,,,,5.729738746679639e-06,0.1000269009282803,1.5761515447625317e-05,1.329886608257837e-11,0.0292735239181735,3.7536262551152583e-06,1.4735589548979172e-05,2.5490589675430843e-27,0.0002801713008109,,,,,,,,,,,0.0018142736555601,gnomADe_AFR,,,,,,,,,,,,,1.0,0.0997219543053397,1.0,1.0,5.909874310471344e-06,1.0,0.0,0.0970081480849827,1.0,1.0,1.0953152477276036e-08,1.0,1.0,5.6827491569248606e-09,0.0,1.0,2.5638661985203783e-05,1.0,0.0,0.0023584784038646,1.0,1.0,1.2723701091375011e-10,1.0,1.0,0.0018153615841529,0.0,0.0,5.734255965361525e-09,0.0,0.0,0.0221219857481851,1.0,0.0,6.405817742069688e-05,1.0,0.0,1.7475775752573083e-09,1.0,1.0,1.8342000035507364e-06,1.0,1.0,0.0280044101827394,0.0,1.0,2.340392193855396e-06,0.0,1.0,0.000522379834086,1.0,1.0,0.0295156352868275,0.0,0.0,0.0016215982814796,1.0,AllofUs_EUR,0.0,3.974307100296715e-12,0.0,T/T,T/T,5.692916294214185,5.481402928378484,,1.0,6.843176411952516e-05,1.0,0.0,0.0435007542669797,1.0,1.0,3.2297723328234753e-14,1.0,1.0,2.3127945221596967e-05,1.0,1.0,7.753512337867955e-06,1.0,1.0,0.0069832045294627,1.0,1.0,0.0001092779255592,1.0,0.0,2.901544410481549e-05,1.0,1.0,0.0802927526879944,1.0,1.0,2.088251867091484e-08,1.0,0.0,6.543393383958696e-06,1.0,1.0,9.508054871438296e-06,1.0,1.0,0.0971493219020329,1.0,0.0,3.274565634551552e-11,1.0,0.0,0.0013370031667996,1.0,1.0,0.0073822964153889,1.0,1.0,1.3780703766429771e-05,1.0,0.0,6.606958504548858e-13,1.0,1.0,0.0001152507266107,1.0,0.0,7.802123355743927e-14,1.0,0.0,0.0007844754072469,1.0,0.0,3.1267336875325706e-08,1.0,1.0,0.009171338090804,1.0,1.0,1.2857598630602133e-05,1.0,0.0,0.0001239205530729,1.0,1.0,0.0820178219646621,1.0,1.0,0.0001523575551558,1.0,0.0,3.961207875956951e-11,1.0,0.0,0.0137010374697716,T/T,0.0018185180313285,,,,,,,,,,,,,,,,,,,,,,,,,,,,,,,,,,,,,,,,,,,,,,,,,,,,,,,,,,,,,,,,,,,,,,,,,,,,,,,,,,,,,,,,,,,,,,,,,,,,,,,,,,,,,,1.0,5.019976359264892e-06,0.0,0.0415119865869028,1.0,0.0,1.0,0.0033921241741128,1.0,0.0185728505099125,1.0,7.593270414931538e-10,1.0,0.0,1.0,1.0,8.804145093863082e-12,1.0,1.0,0.0,0.0001318612687276,1.0,1.0,1.0,1.6237811673308771e-06,1.0,0.0,1.0,6.126278212355143e-06,1.0,1.0,1.0,4.544292451765013e-05,1.0,1.0,1.0,3.3797681297661294e-05,1.0,0.0,0.0,1.0,0.9802992172529932,0.997556354610202,7.803280169403191,0.6866311221978445,7.568289896450561,W,R,1,1.0,0.0,1.0,1.0,1.0,-3.032930950856276,-6.196506995841568,-2.7771628556808228,-1.1999978548528072,-1.2335262540977416,1.4528657229672979,0.03038873825645405,-1.0773905622699735,-0.10885513493781199,-0.8354824152861356,10.0,197.0,0.1000269009282803,2.5490589675430843e-27,-0.999883186464152,-14.999999999998893,1.0,1.0,0.0,0.0,100.0,0.0,1.0,0.0,61.0,71,0.8591549295774648,59.05748646526719,5.481402928378484,0.997556354610202,0.23499027295263009,1.0,5.0,0.0,5.0,0.0,1.0,0.0,1.0,0.0,0.6666356502589871,0.0,0.0,0.0,1.0,0.0,0.0,0.0,0.0,0.0,0.0,0.0,1.0,0.0,hydrophobic,pos_charged,hydrophobic_to_pos_charged,0.0,0.0,0.0,1.0,0.0,0.0,1.0,-3,0.8165984305697714
VAR_001893,0.0195991976206756,0.0307430206553437,0.0382032097306284,0.0009001479925151,0.0001553518733086,0.0822003090965065,6.368677967135684e-05,0.0749841091428767,0.0016880345931127,0.0002404395505407,0.001531493321035,2.390178241034768e-07,0.0008172114276885,1.2241291402395234e-10,0.0209313834970437,0.0011070770485693,2.175281132383478e-09,1.474393127829118e-05,4.2511581794316034e-07,1.42362912438218e-16,0.0001736100006226,6.435065640574829e-08,1.3230177220715884e-05,1.9861764645869193e-31,1.5078918739320005e-15,0.0009087559783753,EAS,0.0,0.0327161457456601,0.0,9.091519722450476e-09,0.8251784684306782,0.0002773217224919,0.0,0.0008928753475911,1.0,2.2588795255313253e-05,0.0,0.0008204208147945,1.0,2.7526622868585887e-06,1.0,0.0,1.993304070037552e-06,1.0,1.0,5.332318309797252e-06,1.0,1.0,7.67725757529574e-06,1.0,0.0,2.5862458306246925e-11,0.0,0.0,0.0048237188047507,1.0,0.0,0.0006368308832359,1.0,0.0,0.0481460587655843,1.0,0.0,0.0058088860504607,1.0,1.0,1.6408686493960462e-08,0.0,0.0,4.870011474093729e-19,1.0,0.0,0.0319888140979543,1.0,0.0,0.0748711973914564,0.0,1.0,0.0001170828784085,1.0,0.0,2.2071892460065832e-08,0.0,0.0,0.0013218668046257,0.0,0.0,1.0513003501626583e-05,1.0,1.0,1.866391076943697e-08,0.0,1.0,0.0002428256649033,1.0,AllofUs_EUR,0.0,0.0224546839514863,0.0,G/G,G/G,5.503799456810996,5.44064570104116,,0.0,8.392923598212151e-05,1.0,0.0,0.0013586390038364,1.0,0.3366398111166356,3.43296635369604e-13,1.0,1.0,0.0217135703938097,1.0,0.0,6.363900000785182e-07,1.0,1.0,0.0586736710501694,1.0,0.0,0.0002375423641978,1.0,0.0,2.178685629846223e-06,1.0,1.0,0.0650994413635614,1.0,0.0,0.0115084431374843,1.0,0.0,0.0004696814021986,1.0,1.0,0.0006894195289969,1.0,0.0,0.0996475956066094,1.0,0.0,0.0017803169335626,1.0,0.0,1.2123e-05,1.0,1.0,0.0006087780084557,1.0,1.0,4.582934856115072e-05,1.0,1.0,2.754788475647627e-05,1.0,0.0,0.0594168101224337,1.0,0.0,0.0004125262528007,1.0,1.0,1.4577909972621182e-20,1.0,0.0,0.0001932835050178,1.0,1.0,1.0584995548874964e-05,1.0,0.0,0.0302683337602309,1.0,1.0,1.9487107588814745e-06,1.0,1.0,0.0160713807337657,1.0,0.0,0.0004136027162774,1.0,1.0,0.0026353870541263,1.0,,,G/G,0.000908119142725,,,,,,,,,,,,,,,,,,,,,,,,,,,,,,,,,,,,,,,,,,,,,,,,,,,,,,,,,,,,,,,,,,,,,,,,,,,,,,,,,,,,,,,,,,,,,,,,,,,,,,,,,,,,,,1.0,3.3897410696044225e-06,0.0,0.0096841025650189,1.0,1.0,0.9848475303264864,6.106969099124015e-08,1.0,0.0996841612503604,0.0,0.0030024035932883,1.0,0.0,1.0,0.0,0.0114083432228906,1.0,1.0,1.0,2.0105512108464407e-05,1.0,1.0,0.0,6.996803936002274e-06,1.0,0.0,1.0,0.0167784929552175,1.0,0.0,1.0,2.0384446349847555e-05,1.0,1.0,1.0,0.0184280023368,1.0,1.0,1.0,0.9864819925668764,0.9777296375894204,1.0,7.066105516321962,0.6569601347584942,11.78053973521722,A,T,1,0.0,0.0,0.0,0.0,1.0,-3.627504654850176,-5.679501563783686,-2.9658894969139626,-0.8588576257308269,-3.068036056910345,-2.464214255125223,-2.3442092585448933,-0.9927765598037177,1.0484665693435233,0.9789192467195229,26.0,223.0,0.0822003090965065,1.9861764645869193e-31,-1.0851265493862854,-15.0,1.0,1.0,0.0,1.0,676.0,0.0,0.0,1.0,53.0,70,0.7571428571428571,83.24253680826847,5.367099012013494,0.9864819925668764,-4.714434218895257,1.0,5.0,0.0,5.0,0.0,0.0,0.0,0.0,0.0,0.5599181166837257,0.0,0.0,0.0,1.0,0.0,0.0,0.0,0.0,0.0,0.0,0.0,1.0,0.0,polar,polar,polar_to_polar,0.0,0.0,0.0,0.0,0.0,0.0,0.0,0,0.5782034410488863
VAR_001844,,,,,,,3.9148947783429e-05,0.0040119441919876,0.018779853184585,0.002065461267615,0.0010484760642472,5.2588680047391455e-09,4.857387248246917e-05,0.0003962105560927,1.393980594424751e-06,0.0028252664486428,6.696754805785439e-05,2.3275876353225983e-05,1.8556387671141184e-10,8.92849546447503e-08,0.0031095270366891,6.663721111856833e-16,0.0001054520928871,0.0492810669375194,0.0262816713935663,4.856465832416674e-05,gnomADe_NFE,,,,,,,,,,,,,1.0,0.0066865197071564,1.0,1.0,1.0067564243327196e-06,1.0,0.0,1.6441145984206105e-12,1.0,0.0,4.4072435040728445e-05,1.0,1.0,1.63366972349668e-08,1.0,0.0,2.9780616129446287e-05,1.0,1.0,0.0705985368674679,1.0,0.0,1.980327034343556e-05,1.0,1.0,1.45310369382233e-09,1.0,0.0,0.0002487077957005,1.0,0.0,0.0297435802982682,1.0,0.0,0.0015463043016542,1.0,1.0,0.0205443864493602,1.0,1.0,0.0473692188715337,1.0,1.0,0.0001929420059474,1.0,0.0,9.422546340037807e-05,1.0,1.0,5.284759596700783e-05,1.0,1.0,0.0205434932886721,1.0,1.0,5.259143569756264e-05,1.0,AllofUs_EUR,0.0,0.0342306572023247,1.0,G/G,G/G,5.460010230554426,5.072878687900533,3.417831291816096,1.0,5.108487556009785e-05,1.0,1.0,0.0022114778706389,1.0,1.0,7.176447173224334e-08,1.0,1.0,0.0001857155353348,1.0,1.0,5.807440626646969e-05,1.0,1.0,9.540775091401828e-05,1.0,1.0,9.074978167650504e-06,1.0,0.0,0.0474972125005503,1.0,0.0,0.0214100346123814,1.0,0.0,0.0001989470467097,1.0,1.0,2.496704967482061e-05,1.0,0.0,0.0013499695010284,1.0,0.0,0.086992150905356,1.0,0.0,0.0002167109958549,1.0,1.0,7.7477726162003e-06,1.0,0.0,4.630501797242469e-05,1.0,0.0,0.0014501652976643,1.0,0.0,0.0061970348648831,1.0,0.0,1.0505718713524862e-05,1.0,0.0,1.4788653642562674e-05,1.0,0.0,1.755900012726415e-05,1.0,1.0,2.8440000223547574e-08,1.0,0.0,0.000390601513496,1.0,0.0,3.554714447677744e-07,1.0,0.0,5.102100141802173e-06,1.0,0.0,0.0996857195754214,1.0,1.0,0.0035021445084228,1.0,1.0,0.0967530046514174,1.0,1.0,2.2779235629406333e-05,G/G,9.78016653947313e-05,1.0,0.0103962249502999,1.0,1.485005695463339e-10,1.0,1.0,0.0,1.030497910460218e-05,1.0,1.0,1.0,1.0,1.7399090819009704e-12,1.0,0.0239752759790407,0.0,0.0025643037972812,1.0,0.0,0.0,0.0109497176921498,1.0,1.0,1.0,2.1050908720537745e-05,1.0,0.0,1.0,0.0036034681766631,1.0,0.0,1.0,2.0267895558557304e-06,1.0,0.0,0.0,,1.0,1.902024000073152e-05,1.0,6.805319542524357e-05,1.0,1.0,1.0,0.0267227687465985,1.0,1.0,1.0,1.0,0.0002792393598523,1.0,1.0,0.0,1.1211096008019744e-05,1.0,1.0,0.0,0.062673659313411,1.0,1.0,0.0,0.0037478586062732,1.0,0.0,1.0,0.0113638127901463,1.0,0.0,0.0,0.0192719689266059,1.0,0.0,0.0,1.0,2.7308922655236484e-05,0.0,0.0385088189778638,1.0,0.0,1.0,0.0036275934090822,1.0,0.0,1.0,0.0,0.000717545679661,1.0,0.6146329434668711,0.0,0.0006052588453807,1.0,0.0,0.0,1.7387875423702136e-07,1.0,0.0,1.0,0.0103334625971821,1.0,1.0,0.0,0.0033134151164718,1.0,0.0,1.0,0.0576934802813502,1.0,1.0,1.0,1.0,7.683433592265677e-05,0.0,1.232639174296662e-05,1.0,0.0,0.0,5.234499251062295e-06,1.0,1.633803586121577e-08,0.0,0.0215881426503225,1.0,0.0,1.0,1.0,0.0159129799141921,1.0,0.0,0.0,0.0160969799381288,1.0,0.0,1.0,0.0031456384940183,1.0,1.0,0.0,0.0058978486168383,1.0,0.0,0.0,0.0027413120680336,1.0,1.0,1.0,1.07954014081638e-06,1.0,1.0,1.0,0.9938603195584518,0.9796424897611734,1.0,8.966670690546009,0.6746205077948912,11.599682837708272,R,P,1,1.0,0.0,0.0,1.0,0.0,-9.664425758298718,1.3499860969377946,-0.12602191691733247,0.37741946761678713,-0.3605297514815905,0.1824212032362198,0.9587085413505725,0.7733978267010226,-0.6324834664635439,-0.07939666817866306,20.0,315.0,0.0492810669375194,6.663721111856833e-16,-1.307319898244977,-14.778228011458966,0.0,1.0,0.0,1.0,400.0,0.0,0.0,0.0,89.0,103,0.8640776699029126,104.01053612050832,5.041732833838084,0.9938603195584518,-2.6330121471622636,1.0,6.0,0.0,6.0,0.0,0.0,1.0,1.0,0.0,0.8264378219714592,0.0,0.0,0.0,1.0,0.0,0.0,0.0,0.0,0.0,0.0,0.0,1.0,0.0,pos_charged,special,pos_charged_to_special,0.0,1.0,0.0,1.0,1.0,0.0,1.0,0,0.8771570687209322
VAR_001780,,,,,,,0.0151120888850795,1.8623239940057497e-07,0.0022074336833335,4.2149452037943523e-08,3.918659588278033e-06,0.0561897128883249,1.4211195339619436e-05,1.9465449882293317e-09,4.047547902871273e-05,,,,,,,,,,,0.0516641387756249,gnomADe_AFR&gnomADe_AMR&gnomADe_ASJ&gnomADe_EAS&gnomADe_FIN&gnomADe_MID&gnomADe_NFE&gnomADe_REMAINING&gnomADe_SAS,,,,,,,,,,,,,,,,,,,,,,,,,,,,,,,,,,,,,,,,,,,,,,,,,0.0,2.663442828169069e-09,0.0,1.0,1.8342253213602704e-06,1.0,0.0,1.159872515389599e-09,0.0,1.0,8.25645502028404e-12,0.0,1.0,7.04604138708969e-06,1.0,0.0,0.0245978641064521,0.0,1.0,0.0009135741307917,1.0,AllofUs_EUR,0.0,0.0145871424098298,1.0,C/C,C/C,5.6229252093501785,5.373679767027396,,,,,,,,,,,,,,,,,,,,,,,,,,,,,,,,,,,,,,,,,,,,,,,,,,,,,,,,,,,,,,,,,,,,,,,,,,,,,,,,,,,,,,,,C/C,0.0345532750654298,,,,,,,,,,,,,,,,,,,,,,,,,,,,,,,,,,,,,,,,,,,,,,,,,,,,,,,,,,,,,,,,,,,,,,,,,,,,,,,,,,,,,,,,,,,,,,,,,,,,,,,,,,,,,,,,,,,,,,,,,,,,,,,,,,,,,,,,,,,,,,,,,,,,,,0.985745117636828,0.9947034415715732,0.979694103195192,6.552804010449369,0.5863481269094573,7.748721649615985,A,D,1,1.0,0.0,1.0,1.0,1.0,6.1727036793535905,0.9291462147418732,0.33473864612048654,0.1922108304299328,-4.433794655905157,1.6700730511837192,1.1986700690112495,-2.197449783601905,-0.04764440639980475,0.12952371630977913,10.0,35.0,0.0561897128883249,1.9465449882293317e-09,-1.2503431870069746,-8.710735331376439,1.0,1.0,0.0,0.0,100.0,0.0,1.0,0.0,5.0,9,0.5555555555555556,50.77585430145948,5.297078594091063,0.9657286790022513,-1.1959176391666153,0.9947034415715732,5.0,0.0,5.0,1.0,1.0,1.0,1.0,0.0,0.8764926646195839,0.0,0.0,0.0,1.0,0.0,0.0,0.0,0.0,0.0,0.0,0.0,1.0,0.0,polar,neg_charged,polar_to_neg_charged,0.0,0.0,0.0,0.0,0.0,0.0,1.0,0,0.8665984305697714
VAR_001847,,,,,,,3.920209397828028e-05,0.099289544203624,4.894402091811488e-05,0.0490585224879762,1.997902875071508e-06,0.0012535201296308,0.0060865125269944,2.59446222664835e-10,4.3462460636987895e-05,,,,,,,,,,,0.0215047812677482,gnomADe_SAS,,,,,,,,,,,,,0.0,8.419677267449308e-05,1.0,0.0,0.0081650904599602,1.0,0.0,0.0994968871867386,1.0,1.0,6.55550033825497e-05,1.0,0.0,0.0008340945115416,0.0,0.0,2.048658888483639e-07,1.0,0.0,0.074245583717196,1.0,0.0,0.0005487804878088,1.0,1.0,0.0060374069506303,1.0,1.0,0.01388285457431,1.0,1.0,3.3882688577336135e-18,1.0,0.0,6.997628581951862e-05,1.0,1.0,0.0176558472062565,1.0,0.0,2.75040293089521e-05,1.0,0.0,0.0001125900126286,1.0,1.0,0.0002490413447926,0.0,0.0,0.0009322352674604,1.0,0.0,7.213281758795563e-10,0.0,0.0,0.0001169167965565,1.0,AllofUs_AMR,0.0,5.786120047926449e-08,1.0,G/G,G/G,5.245231606968561,4.944253663222015,3.630026883142905,1.0,0.1000085848396706,1.0,1.0,0.0090184374861933,1.0,1.0,3.7286222414302142e-06,1.0,0.0,0.0009712786787243,1.0,1.0,0.0391784611148937,1.0,0.0,6.129900172397532e-06,1.0,1.0,0.000769390970675,1.0,1.0,1.148401295922108e-05,1.0,1.0,5.59910062216575e-06,1.0,0.0,1.0206000000000004e-05,1.0,1.0,2.934198980991036e-05,1.0,0.0,1.4355000000000746e-05,1.0,1.0,0.0999932222926708,1.0,0.0,0.0709705423246297,1.0,1.0,6.035336513529948e-05,1.0,1.0,0.0013372804657596,1.0,0.0,5.22129461227944e-06,1.0,1.0,1.3256512184336291e-14,1.0,0.0,0.0527071875923175,1.0,0.0,0.0001439659404299,1.0,0.0,8.848523388506787e-07,1.0,0.0,3.25188747427056e-05,1.0,1.0,6.324610661230096e-05,1.0,0.0,0.0405182645880671,1.0,0.0,0.0009583684415091,1.0,0.0,2.854936924389061e-06,1.0,1.0,8.968022506285402e-05,1.0,1.0,0.0999110325986502,1.0,1.0,0.0040765799299017,G/G,0.0005488201716245,1.0,4.116649568074551e-05,0.0,0.0998145145440721,1.0,0.0,1.0,5.261356910228375e-05,1.0,1.0,1.0,0.0,0.0005811457157555,1.0,0.0001765396204109,1.0,1.1816041795851262e-13,1.0,0.4637773935989429,0.0,0.0006757426213817,1.0,0.0,1.0,3.875666361592575e-13,1.0,1.0,1.0,0.0002331390401251,1.0,0.0,0.0,0.0004643396864912,1.0,1.0,1.0,,0.0,2.2825525358454967e-05,1.0,1.1779287775564272e-11,1.0,1.0,1.0,0.0032906148316505,1.0,0.0,1.0,1.0,0.0011305412319947,1.0,1.0,0.0,7.22406830233851e-06,1.0,1.0,1.0,6.72791712366411e-06,1.0,0.0,0.0,8.782200000000002e-06,1.0,1.0,1.0,0.0353892691469186,1.0,1.0,0.0,0.0001201100763058,1.0,1.0,1.0,0.0,2.595567628445373e-05,0.0,6.37359469345531e-05,1.0,1.0,1.0,0.0382368711271713,1.0,1.0,1.0,1.0,3.208184406932822e-09,1.0,1.0,1.0,8.53200903830822e-05,1.0,0.0,0.0,0.0120984316228998,1.0,0.0,0.0,1.1444903616382394e-05,1.0,0.0,0.0,0.000117647100001,1.0,1.0,1.0,0.0254006057237885,1.0,1.0,1.0,1.0,1.4500594059417693e-05,1.0,1.673278346939402e-05,1.0,1.0,0.0,6.288308632117885e-12,1.0,0.0012738706867698,1.0,0.0001808462517397,1.0,1.0,1.0,1.0,1.3537720485490946e-13,1.0,1.0,0.0,1.7041521706006635e-09,1.0,0.0,1.0,1.9016714909845649e-07,1.0,1.0,0.0,1.5255853671883715e-05,1.0,1.0,0.0,3.989890265905479e-05,1.0,0.0,0.0,0.0635875439835979,1.0,1.0,0.0,0.9902747632200162,1.0,0.9892779507211116,9.16361409089094,0.6684814287978534,11.407888720462408,R,Q,1,1.0,0.0,1.0,1.0,0.0,-9.247495249415529,1.0955461420843906,0.14018254275304354,0.29539184138798613,0.7615149531828314,2.2549381557274444,0.11211756432525766,-0.975478630513047,-0.9388642759939128,-0.5097113523455102,10.0,305.0,0.099289544203624,2.59446222664835e-10,-1.0030964829623548,-9.585950973987334,1.0,1.0,0.0,0.0,100.0,0.0,1.0,0.0,88.0,103,0.8543689320388349,104.53748982614513,4.896169625646879,0.9796569884091316,-2.2442746295714677,1.0,6.0,0.0,6.0,0.0,0.0,0.0,1.0,0.0,0.7328486700971664,0.0,1.0,0.0,0.0,0.0,0.0,0.0,0.0,0.0,0.0,0.0,1.0,0.0,pos_charged,polar,pos_charged_to_polar,0.0,0.0,0.0,1.0,0.0,0.0,1.0,1,0.7630357664023545
VAR_001816,,,,,,,1.3340045590987824e-05,5.714748369246863e-08,1.1360189594239447e-06,0.0093000887157555,1.965318176673685e-05,1.9695782170233428e-10,0.0170662269784518,1.3321000171348198e-19,0.0001656422482897,,,,,,,,,,,0.0034602761386196,gnomADe_NFE,,,,,,,,,,,,,,,,,,,,,,,,,,,,,,,,,,,,,,,,,,,,,,,,,,,,,,,,,,,,,,,,,,,,,,,,,,A/A,A/A,5.4450850102427975,5.545371702242941,3.5676431144084013,0.0,0.0015825836664955,1.0,0.0,3.06485998957046e-05,1.0,1.0,6.352824518545512e-06,1.0,0.0,7.139650716610748e-07,1.0,1.0,0.0010025833843892,1.0,0.0,0.0007823416423829,1.0,0.0,3.183948936372869e-07,1.0,1.0,3.073528852034411e-06,1.0,0.0,0.0996944909086312,1.0,0.0,0.0147115545925552,1.0,1.0,7.357791791329048e-07,1.0,0.0,0.0559045176474566,1.0,1.0,0.0897621032438652,1.0,1.0,1.4783246878567676e-05,1.0,1.0,1.7630350379393064e-06,1.0,0.0,0.0042320760014576,1.0,0.0,5.780454360887314e-06,1.0,0.0,6.734606885235935e-06,1.0,0.0,0.0041392435784271,1.0,1.0,0.000484548770947,1.0,1.0,0.0307691702982887,1.0,1.0,3.071841534618449e-05,1.0,0.0,0.0010415645949684,1.0,1.0,1.3654005257845147e-05,1.0,0.0,4.3196174007289033e-07,1.0,0.0,0.0192521440985487,1.0,0.0,1.2537625695325869e-05,1.0,0.0,3.589365000009908e-11,1.0,,,A/A,1.4679021013850165e-05,,,,,,,,,,,,,,,,,,,,,,,,,,,,,,,,,,,,,,,,,,,,,,,,,,,,,,,,,,,,,,,,,,,,,,,,,,,,,,,,,,,,,,,,,,,,,,,,,,,,,,,,,,,,,,1.0,6.022355201986305e-07,0.0,0.0052607433933175,1.0,0.0,0.0,0.000315783312143,1.0,0.0001071750701033,0.0,2.666377932941933e-06,1.0,1.0,1.0,0.0,0.0003727838298371,1.0,0.0,0.0,0.0187847915726531,1.0,0.0,1.0,1.104659986329849e-05,1.0,0.0,1.0,0.0003690884992488,1.0,1.0,0.0,0.0171910679295311,1.0,0.0,1.0,0.0273413303472787,1.0,0.0,1.0,0.9710989495089988,0.995945019293782,1.0,8.439103221615037,0.7063181727520491,11.03376574361116,D,G,1,1.0,0.0,1.0,1.0,0.0,0.15513654130202958,-6.518441590034666,3.447798758252011,-1.1332416054018482,1.4222033394094327,-0.7066066278108585,0.03484254105353157,-0.436566681742623,-0.09606949486791574,0.014370176517578652,10.0,135.0,0.0170662269784518,1.3321000171348198e-19,-1.7678624826085694,-14.999942151484236,0.0,1.0,0.0,0.0,100.0,0.0,1.0,0.0,46.0,53,0.8679245283018868,93.11508803345457,5.385104634685049,0.9710989495089988,-2.5946625219961224,1.0,6.0,0.0,6.0,0.0,0.0,1.0,1.0,0.0,0.8264378219714592,0.0,0.0,0.0,0.0,0.0,0.0,0.0,1.0,0.0,0.0,0.0,1.0,0.0,neg_charged,special,neg_charged_to_special,1.0,0.0,0.0,0.0,1.0,0.0,1.0,0,0.8617553319852542
VAR_001923,,,,,,,,,,,,,,,,,,,,,,,,,,,,,,,,,,,,,,,,,,,,,,,,,,,,,,,,,,,,,,,,,,,,,,,,,,,,,,,,,,,,,,,,,,,,,,,,,,,,,G/G,G/G,5.90046618431456,6.118524821540357,,,,,,,,,,,,,,,,,,,,,,,,,,,,,,,,,,,,,,,,,,,,,,,,,,,,,,,,,,,,,,,,,,,,,,,,,,,,,,,,,,,,,,,,G/G,,,,,,,,,,,,,,,,,,,,,,,,,,,,,,,,,,,,,,,,,,,,,,,,,,,,,,,,,,,,,,,,,,,,,,,,,,,,,,,,,,,,,,,,,,,,,,,,,,,,,,,,,,,,,,,,,,,,,,,,,,,,,,,,,,,,,,,,,,,,,,,,,,,,,,,0.974856379460584,0.7866471269195732,0.9895842172755462,9.938,0.6881314226966833,11.51205030502651,G,R,1,1.0,1.0,1.0,1.0,1.0,7.9832658475143266,1.110473819360434,0.7581133467456967,0.8939678506860212,-0.051531957628236036,0.3355656458072709,-0.36501707859039345,0.34222455309622,-0.05071508944522977,-0.11988723048277419,0.0,0.0,0.0,,-15.0,-14.698970004336019,0.0,0.0,1.0,0.0,0.0,1.0,0.0,0.0,0.0,1,0.0,114.40675593135346,5.964682955166548,0.964702487224575,-1.5740503050265087,0.9895842172755462,5.0,0.0,5.0,0.0,0.0,0.0,0.0,0.0,0.8215209917795393,0.0,0.0,0.0,0.0,0.0,0.0,0.0,1.0,0.0,0.0,0.0,1.0,0.0,special,pos_charged,special_to_pos_charged,1.0,0.0,0.0,1.0,0.0,1.0,1.0,-2,0.9077869001212279
VAR_001842,,,,,,,,,,,,,,,,,,,,,,,,,,,,,,,,,,,,,,,,,,,,,,,,,,,,,,,,,,,,,,,,,,,,,,,,,,,,,,,,,,,,,,,,,,,,,,,,,,,,,T/T,T/T,5.3682220185524265,4.403812919891162,,,,,,,,,,,,,,,,,,,,,,,,,,,,,,,,,,,,,,,,,,,,,,,,,,,,,,,,,,,,,,,,,,,,,,,,,,,,,,,,,,,,,,,,T/T,,,,,,,,,,,,,,,,,,,,,,,,,,,,,,,,,,,,,,,,,,,,,,,,,,,,,,,,,,,,,,,,,,,,,,,,,,,,,,,,,,,,,,,,,,,,,,,,,,,,,,,,,,,,,,,,,,,,,,,,,,,,,,,,,,,,,,,,,,,,,,,,,,,,,,,1.0,0.9801873222894618,1.0,7.720014207379587,-0.1330381030310755,8.124996911539958,L,P,1,1.0,1.0,1.0,1.0,1.0,7.9832658475143266,1.110473819360434,0.7581133467456967,0.8939678506860212,-0.051531957628236036,0.3355656458072709,-0.36501707859039345,0.34222455309622,-0.05071508944522977,-0.11988723048277419,0.0,0.0,0.0,,-15.0,-14.698970004336019,0.0,0.0,1.0,0.0,0.0,1.0,0.0,0.0,0.0,1,0.0,62.72509159200374,4.403812919891162,1.0,-0.4049827041603704,1.0,5.0,0.0,5.0,0.0,0.0,0.0,0.0,0.0,0.8215209917795393,0.0,0.0,0.0,0.0,0.0,0.0,0.0,1.0,0.0,0.0,0.0,1.0,0.0,hydrophobic,special,hydrophobic_to_special,0.0,1.0,0.0,0.0,1.0,0.0,1.0,-3,0.8744937483693579
VAR_001822,,,,,,,0.0001685521407378,2.6907872517811973e-05,0.0160120053704686,0.0005683008680324,1.4052237438996814e-05,0.0146080269641549,0.00015057,0.0010078818257871,0.0084334992501657,0.0001064701111981,2.4727260132202056e-14,1.2901467553579522e-10,0.0002359800000005,9.586932172007814e-17,0.0015037236289183,0.0137366622959438,0.0011361678430296,0.006317549059993,7.264235331389587e-06,0.0944965899394323,gnomADe_AMR,,,,,,,,,,,,,0.0,0.0965904016617751,1.0,1.0,9.771461470165205e-07,1.0,1.0,3.903082722226854e-06,1.0,0.0,1.4055507746407967e-11,1.0,1.0,1.3453080584225778e-07,1.0,1.0,0.0001617434181203,1.0,0.0,6.734130475786882e-17,1.0,0.0,0.0007834153169845,1.0,1.0,0.0005790636613579,1.0,1.0,0.0001648991773056,1.0,1.0,9.910412345988726e-07,1.0,0.0,0.0431673991819524,1.0,0.0,0.0254796099017351,1.0,0.0,0.0001558808868767,1.0,0.0,0.0046564138667427,1.0,0.0,5.6331218599620735e-09,1.0,1.0,0.0001437388257923,1.0,1.0,0.00065755901252,1.0,1.0,0.0003939300001864,1.0,AllofUs_AMR,0.0,3.908014645024945e-06,1.0,T/T,T/T,5.532673305722275,5.187092910901905,2.9174109597868805,1.0,0.0278565470483476,1.0,1.0,0.0001714242599317,1.0,0.0,3.830613800670724e-05,1.0,0.0,7.525800000000001e-06,1.0,1.0,0.0001637215586094,1.0,1.0,0.0003799545468676,1.0,0.0,0.0001742422188519,1.0,1.0,0.0002162707239643,1.0,0.0,0.0191320472756678,1.0,0.0,0.0058997686002911,1.0,0.9135130318280562,0.0001532700013333,1.0,0.0,0.0001727130964845,1.0,1.0,0.0007329259068324,1.0,0.0,0.0003241612749292,1.0,1.0,1.66728458970622e-05,1.0,0.0,0.0005112460864927,1.0,1.0,5.745189169798946e-05,1.0,0.0,5.373171379132335e-05,1.0,1.0,0.0027566050497337,1.0,0.0,0.0001880238941652,1.0,1.0,0.0001573202802824,1.0,1.0,0.0297801837349972,1.0,1.0,0.0044981058031084,1.0,0.0,3.65425580404004e-05,1.0,0.0,0.0004272979884149,1.0,0.0,0.0564666677653775,1.0,0.0,0.0003065400193708,1.0,1.0,0.0995582328617867,1.0,0.0,0.000119007135,T/T,0.1007167299244332,0.0,0.0067482751779909,0.0,0.000125628301877,1.0,0.0,1.0,0.0274174422152884,1.0,1.0,1.0,0.0,6.095971939548915e-20,1.0,7.938487382959455e-18,0.0,2.264535854949242e-06,1.0,1.0,0.0,0.060539621378711,1.0,0.0,1.0,0.0098493176532443,1.0,1.0,0.0,0.0028661763814652,1.0,0.0,1.0,4.6719413309904594e-14,1.0,0.0,1.0,,1.0,0.0001712155689455,1.0,0.0500804497665772,1.0,0.0,1.0,0.0004733219260525,1.0,1.0,1.0,1.0,8.925052479457696e-10,1.0,1.0,0.0,0.0001698527372235,1.0,0.0,0.0,0.0016673925840393,1.0,0.0,1.0,0.000239288040944,1.0,1.0,1.0,0.0004728825175623,1.0,0.0,0.0,0.0098257744606914,1.0,0.0,0.0,0.0,0.0001860898095972,1.0,5.990925550505926e-05,1.0,1.0,1.0,0.0016477317624713,1.0,1.0,1.0,0.0,9.201793322166835e-11,1.0,0.0,1.0,6.299540533242838e-06,1.0,1.0,1.0,0.0095240582682345,1.0,0.0,1.0,0.000242686327904,1.0,1.0,0.0,0.0979056115980044,1.0,0.0,1.0,3.186054046725231e-17,1.0,1.0,1.0,0.0,0.0001316462215875,0.0,4.432983393683537e-05,1.0,1.0,0.0,4.9971868891050493e-08,1.0,0.0012122781805908,1.0,0.0003601331377292,1.0,0.0,1.0,1.0,0.0003480119383807,1.0,0.0,0.0,8.288015926278816e-09,1.0,1.0,1.0,3.0484965610452947e-05,1.0,1.0,1.0,0.0345093296676243,1.0,0.0,1.0,0.0007623043456052,1.0,1.0,0.0,1.982954098111179e-23,1.0,0.0,1.0,0.9923336477081878,0.5911994927353333,0.9883239023199434,7.830088691950482,0.6748656080102956,7.07025377619965,L,W,1,1.0,0.0,0.0,1.0,0.0,-9.664425758298718,1.3499860969377946,-0.12602191691733247,0.37741946761678713,-0.3605297514815905,0.1824212032362198,0.9587085413505725,0.7733978267010226,-0.6324834664635439,-0.07939666817866306,20.0,315.0,0.0944965899394323,9.586932172007814e-17,-1.0245838634188678,-14.960241230741724,1.0,1.0,0.0,1.0,400.0,0.0,0.0,0.0,92.0,103,0.8932038834951457,55.360714142241065,5.147326829276569,0.9807470631063401,0.7598349157508322,0.9923336477081878,6.0,0.0,6.0,0.0,0.0,0.0,1.0,0.0,0.7230454294937407,0.0,1.0,0.0,0.0,0.0,0.0,0.0,0.0,0.0,0.0,0.0,1.0,0.0,hydrophobic,hydrophobic,hydrophobic_to_hydrophobic,0.0,0.0,0.0,0.0,0.0,0.0,0.0,0,0.7082480382122143
VAR_001892,,,,,,,3.6981620599441313e-05,0.000794356712621,0.0168405470346259,3.898948936495692e-18,0.0278049769665402,0.0128409301549526,0.01013146457858,0.0001232068901646,6.978767718552247e-16,0.0002469752000398,0.0951422354535869,3.1313900327866725e-11,0.000931017152396,0.0081245602465051,1.0343254534672898e-05,6.67217907826139e-10,1.200520741648071e-09,2.275349355278763e-11,0.0096433403509746,0.0902567449944742,gnomADg_AMR,,,,,,,,,,,,,1.0,0.0001482773941538,1.0,0.0,0.0002448229223537,1.0,0.4110686024542302,0.0999999977522725,1.0,0.0,5.9140700419288254e-08,1.0,0.0,6.248313883290774e-05,1.0,1.0,0.0030471440775894,0.0,0.0,2.1067439114037835e-12,1.0,0.0,2.913298439420441e-07,1.0,1.0,0.0310829401401824,1.0,0.0,4.83068022516567e-21,1.0,0.0,6.516408892117702e-07,1.0,0.0,0.0010006657345109,1.0,0.0,0.0987859347663009,0.0,0.0,0.000145740026234,1.0,1.0,4.7476391014630265e-05,1.0,0.0,0.0020561745295607,0.0,0.0,0.0104130896359774,0.0,0.0,4.269603176307727e-06,0.0,1.0,5.321407343570499e-05,1.0,AllofUs_AMR,0.0,0.0017143354755739,1.0,A/A,A/A,5.527000984396832,5.180367570745357,3.524980493613821,0.0,6.41318812251853e-05,1.0,1.0,0.0030655178642787,1.0,0.0,1.4735747313709321e-15,1.0,0.0,0.0004271441527796,1.0,0.0,1.345219754928216e-07,1.0,1.0,2.5589199785579734e-07,1.0,0.0,3.3271331372471643e-06,1.0,1.0,6.667407393507347e-07,1.0,1.0,0.0814663154477344,1.0,1.0,4.045073484033825e-05,1.0,0.0,5.723461501023477e-05,1.0,1.0,8.53062453691075e-08,1.0,0.0,0.0460563488498954,1.0,0.0,0.0321754749176963,1.0,0.0,2.8960798940796967e-06,1.0,0.0,2.700140185422683e-06,1.0,1.0,0.0140548541588063,1.0,1.0,9.76904047273666e-07,1.0,1.0,6.0156148762182e-06,1.0,1.0,0.0935135748196674,1.0,0.0,0.0879848132404979,1.0,1.0,4.678181617543212e-05,1.0,0.0,0.0002119557410666,1.0,1.0,1.8744881545399384e-06,1.0,1.0,1.4273978601840749e-05,1.0,1.0,7.601360513656972e-08,1.0,0.0,2.8236504726060292e-05,1.0,0.0,6.866141110290835e-06,1.0,0.0,0.0263533058757891,A/A,0.0672928203750962,,,,,,,,,,,,,,,,,,,,,,,,,,,,,,,,,,,,,,,,,,,,,,,,,,,,,,,,,,,,,,,,,,,,,,,,,,,,,,,,,,,,,,,,,,,,,,,,,,,,,,,,,,,,,,0.0,0.0009076380995132,1.0,0.0779655088552949,1.0,0.0,1.0,0.0086670535152046,1.0,0.0999999994124602,1.0,0.0211091163334536,1.0,0.0,1.0,0.0,0.0026558967026215,1.0,0.0,0.0,5.317101108960667e-07,1.0,1.0,0.0,7.493612601225394e-10,1.0,0.0,1.0,9.238020364926757e-16,1.0,1.0,0.0,3.287608693713075e-05,1.0,1.0,0.0,0.0001859787229054,1.0,1.0,0.0,0.9815846034257508,1.0,0.9718775999916832,8.781726756091189,0.756,11.166234264803052,H,R,1,1.0,0.0,0.0,1.0,0.0,-3.449861459739463,-5.942067040988163,-3.0433673153511975,-1.1179702286240059,-2.355570958762163,-0.6196512295239258,0.8769797152817689,0.6714858949441025,0.19752567459255663,-0.405167731119289,20.0,207.0,0.0951422354535869,3.898948936495692e-18,-1.021626648651326,-14.998310000465844,1.0,1.0,0.0,1.0,400.0,0.0,0.0,0.0,53.0,71,0.7464788732394366,98.05881820800319,5.084969047529701,0.9539800885662069,-2.384507508711863,1.0,6.0,0.0,6.0,0.0,0.0,0.0,0.0,1.0,0.6363222811533968,0.0,1.0,0.0,0.0,0.0,0.0,0.0,0.0,0.0,0.0,0.0,1.0,0.0,pos_charged,pos_charged,pos_charged_to_pos_charged,0.0,0.0,0.0,1.0,0.0,0.0,0.0,0,0.7526441487546912
VAR_001930,,,,,,,0.0054091702311942,0.0908789976182191,0.0034882934170297,1.3013911995609334e-05,1.2673278155478301e-12,0.0059855717840012,4.044683665188263e-06,1.6281352338718652e-07,5.761859870969108e-06,,,,,,,,,,,0.0555744871006694,gnomADe_NFE,,,,,,,,,,,,,,,,,,,,,,,,,,,,,,,,,,,,,,,,,,,,,,,,,0.0,0.0933782687335237,1.0,0.0,0.0001223936186986,1.0,1.0,0.0468604346247653,0.0,0.0,1.54495159420741e-12,0.0,1.0,1.8598226764564493e-05,1.0,1.0,0.0235283258417286,0.0,0.0,2.138663343164645e-05,1.0,AllofUs_EUR,0.0,0.0194451266623309,1.0,C/C,C/C,5.993025958913307,6.114595051900349,3.6674397272365975,,,,,,,,,,,,,,,,,,,,,,,,,,,,,,,,,,,,,,,,,,,,,,,,,,,,,,,,,,,,,,,,,,,,,,,,,,,,,,,,,,,,,,,C/C,1.850455995338758e-05,1.0,0.0043415795406065,1.0,0.0084193275959204,1.0,1.0,0.0,7.516631657146463e-12,1.0,1.0,1.0,1.0,0.0129673703386314,1.0,1.0261252443579403e-07,1.0,2.30774608079968e-06,1.0,1.0,1.0,0.0045361280190409,1.0,1.0,1.0,0.0001203919757462,1.0,1.0,,,,,0.0,2.765515839656696e-06,1.0,1.0,0.0,,1.0,8.07337893383353e-13,0.0,0.0115973205392381,1.0,1.0,1.0,8.211536481497473e-05,1.0,0.0,1.0,0.0,0.0009783705658153,1.0,0.0,0.0,0.0021261164477071,1.0,0.0,1.0,1.9605313652528828e-08,1.0,0.0,1.0,1.039868076486574e-08,1.0,0.0,,,,,1.0,6.006151913428774e-06,1.0,0.0,1.0,1.0,6.785150801186504e-06,0.0,0.0999982351999548,1.0,0.0,0.0,2.6265224205188817e-08,1.0,1.0,1.0,0.0,9.475765002211206e-07,1.0,1.0,0.0,0.0056201736693051,1.0,1.0,0.0,0.0791427086122082,1.0,0.0,0.0,0.0002128887913338,1.0,1.0,0.0,1.0059176763001908e-05,1.0,0.0,0.0,6.448286336582714e-08,1.0,1.0,1.0,1.0,0.0005045795757689,0.0,0.0050263947170453,1.0,0.0,0.2156961809744897,2.469783128508465e-08,1.0,0.0296404102423,0.0,0.0038375288688875,1.0,1.0,1.0,1.0,9.954555584659648e-06,1.0,1.0,1.0,0.0294128662373198,1.0,0.0,1.0,1.5016272087186538e-08,1.0,1.0,1.0,0.0001199726885619,1.0,1.0,1.0,1.5260850112977529e-06,1.0,0.0,0.0,9.057681251417178e-05,1.0,1.0,1.0,1.0,1.0,1.0,4.552582854643481,0.5749488340755604,8.158820369139036,A,G,0,1.0,0.0,1.0,1.0,0.0,-1.9101728119424575,6.34980434986155,4.14398292308711,-3.6359095902680165,-2.0819043633479075,3.112069807939836,0.08309705889822938,-0.5792479090687337,1.2729613679866507,0.21910337267892407,10.0,175.0,0.0908789976182191,1.2673278155478301e-12,-1.0415364718099551,-11.89676848298154,1.0,1.0,0.0,0.0,100.0,0.0,1.0,0.0,47.0,54,0.8703703703703703,37.14370572665837,6.114595051900349,1.0,-3.6062375144955556,1.0,5.0,0.0,5.0,0.0,0.0,1.0,1.0,0.0,0.8264378219714592,0.0,0.0,0.0,1.0,0.0,0.0,0.0,0.0,0.0,0.0,0.0,1.0,0.0,polar,special,polar_to_special,1.0,0.0,0.0,0.0,1.0,0.0,1.0,0,0.6295538117441905
VAR_001784,,,,,,,0.0001195058216124,0.0886156185403247,4.070259883379167e-08,7.555121295909448e-23,0.0077705652252222,0.0490880923884778,0.0001287900250953,0.0008418288880177,4.79479102637738e-10,2.9630464089229837e-05,0.0315145486950972,0.0001676457546352,6.47199179609873e-05,1.9466163735863955e-15,0.0005744439228152,0.0041701990998698,0.0061672520406039,0.0002793751344335,0.0056800344151228,0.000134317197125,gnomADe_REMAINING,,,,,,,,,,,,,1.0,0.0027077769039089,1.0,1.0,0.0841246828852017,1.0,1.0,0.0355298057989571,1.0,0.0,0.0003928458859109,1.0,1.0,3.882123749884799e-08,1.0,0.0,0.001204120452988,1.0,1.0,1.559622787381772e-07,1.0,1.0,0.0007935135693841,1.0,0.0,0.0043614740807229,1.0,1.0,0.004984010822428,1.0,1.0,5.975082200461077e-12,1.0,1.0,0.0010947600987619,1.0,0.0,0.0001068803790558,1.0,1.0,0.0056079152387168,1.0,1.0,0.0033760345246247,1.0,1.0,0.0372370896090415,1.0,0.0,0.0018020596548945,1.0,1.0,0.00376556753101,1.0,1.0,8.410500370676621e-05,1.0,AllofUs_EUR,1.0,0.0018980327850338,1.0,./.,./.,5.682998848974815,5.789006488970062,3.8467869567062905,0.0,7.310684130744088e-05,1.0,0.0,9.805168625353848e-05,1.0,0.6375304039389164,0.0010122060522839,1.0,1.0,8.824521240025906e-06,1.0,0.0,0.0002944418566245,1.0,0.0,3.9276221439385954e-05,1.0,1.0,0.076386301960186,1.0,1.0,0.0257193337984165,1.0,1.0,0.0647486008222642,1.0,0.0,0.0331677073259391,1.0,1.0,0.0001740076007093,1.0,1.0,0.0001094400000219,1.0,0.0,5.178799200442862e-05,1.0,1.0,0.0031352974796896,1.0,0.0,1.4497031110405544e-05,1.0,1.0,0.0002713913276389,1.0,0.8153665055831409,2.828400115707063e-05,1.0,0.0,4.09795962256324e-06,1.0,1.0,0.0933393713186033,1.0,1.0,0.0964886795103153,1.0,0.0,3.301301206521036e-05,1.0,0.0,0.0267397008599519,1.0,1.0,0.0003624879764585,1.0,0.0,2.174892492022961e-05,1.0,1.0,0.000260401168576,1.0,1.0,9.688771876513292e-06,1.0,0.0,0.000259740052194,1.0,1.0,6.405434074615345e-05,1.0,1.0,0.0004397611500506,./.,0.0008271909629763,1.0,0.0018061462610159,1.0,5.126991700965381e-05,1.0,0.0,0.0,0.0001834829110366,1.0,1.0,1.0,1.0,7.53437654215744e-05,1.0,2.037644387141673e-07,1.0,1.4720627020956444e-05,1.0,0.0,0.0,4.809516621241443e-05,1.0,1.0,1.0,2.285607589940521e-12,1.0,0.0,,,,,0.0,0.0003789988126171,1.0,0.0,0.0,,0.0,0.0156998869584072,0.0,0.0081302654150994,1.0,0.0,0.0,3.03613353962351e-06,1.0,1.0,1.0,1.0,0.0425789310430405,1.0,0.0,0.0,2.372573716081264e-06,1.0,1.0,0.0,0.0001900955931096,1.0,0.0,1.0,0.0006764413863125,1.0,0.0,1.0,0.0986316117238357,1.0,0.0,0.0,9.782198206454574e-05,1.0,1.0,1.0,1.0,0.0033305974633144,1.0,0.0929011030844463,1.0,1.0,1.0,1.4642554325878778e-05,1.0,1.0,1.0,0.0,1.187884189497063e-13,1.0,0.9325157031193564,0.0,0.0647891997507842,1.0,1.0,1.0,6.136771049842711e-10,1.0,1.0,1.0,0.000398934180824,1.0,0.0,1.0,8.094871058762788e-05,1.0,0.0,1.0,0.0512466831331743,1.0,0.0,0.0,1.0,0.0005989592590154,1.0,0.0050082346839499,1.0,1.0,1.0,9.685864792525208e-11,1.0,0.0868805050360394,0.0,2.905597048633581e-08,1.0,1.0,1.0,1.0,4.0470761058393014e-08,1.0,1.0,0.0,2.4055571413434577e-08,1.0,0.0,0.0,0.0216968604515953,1.0,1.0,1.0,0.0004373001006644,1.0,1.0,1.0,0.0001238985962667,1.0,1.0,1.0,1.790390702530167e-17,1.0,1.0,1.0,0.9944480505448834,0.9939688450480894,1.0,5.874700236654186,0.5764203085104662,7.698189760837258,P,L,1,1.0,0.0,0.0,1.0,0.0,-9.485323688328076,1.1679166223333737,-0.16207955632831633,0.2759337065594937,-0.2741150014452499,0.376268855928964,1.1940177346390413,0.7417893454416504,1.189648955049777,-0.35949043819448556,20.0,311.0,0.0886156185403247,7.555121295909448e-23,-1.052489726780146,-14.999999967188526,1.0,1.0,0.0,1.0,400.0,0.0,0.0,0.0,94.0,102,0.9215686274509803,45.22455720979947,5.756866217547959,0.9944480505448834,-1.8234895241830724,1.0,6.0,0.0,6.0,0.0,0.0,0.0,1.0,0.0,0.686920920297272,0.0,0.0,0.0,1.0,0.0,0.0,0.0,0.0,0.0,0.0,0.0,1.0,1.0,special,hydrophobic,special_to_hydrophobic,0.0,1.0,0.0,0.0,0.0,1.0,1.0,-3,0.7571847976715484
VAR_001951,,,,,,,1.847700000001294e-06,5.257403247574947e-06,0.0001801982715542,0.0030722369500257,0.0037167335641299,0.0008483915347611,0.0028399368527739,1.4962058993961592e-26,0.0003410722738497,0.0733515436350812,4.7988255847444e-08,2.3211976104688676e-05,0.0120190131881327,7.548900461295749e-08,1.292096392672128e-07,5.371022320763184e-13,0.0001225866429127,0.000442170938965,0.0055328131714657,8.306446566182045e-05,gnomADg_NFE,,,,,,,,,,,,,0.0,0.0299772350929602,1.0,0.0,0.0935662550421681,1.0,0.0,0.0017720724885359,1.0,1.0,1.0029569829588671e-10,0.0,0.0,0.0278959587703553,1.0,1.0,1.1042390013087133e-07,1.0,1.0,0.0050602300440478,0.0,1.0,1.6859069903922287e-06,1.0,0.0,2.5412015828627945e-08,1.0,0.0,6.269519173086429e-11,1.0,0.0,0.0092516336493684,1.0,1.0,0.0214978128677274,1.0,0.0,1.3707999280296694e-09,0.0,1.0,2.046591493669268e-06,1.0,1.0,9.249727056846244e-14,1.0,1.0,5.73689462350251e-06,1.0,0.0,3.807022454666066e-06,1.0,0.0,0.0093376803215769,1.0,0.0,3.982774312725626e-06,1.0,AllofUs_EUR,0.0,9.128905575066492e-05,1.0,T/T,T/T,5.733796200383121,5.5368714266364645,,1.0,0.0070812044916357,1.0,1.0,3.55090966401259e-05,1.0,0.0,0.0372251292857524,1.0,0.0,7.876620955414324e-10,1.0,0.0,0.0008345147868033,1.0,1.0,2.0204343289663343e-05,1.0,0.0,0.0009665168863259,1.0,1.0,7.019172304023803e-05,1.0,1.0,0.0042850357325888,1.0,0.0,0.0018244862316418,1.0,1.0,0.0063837957929684,1.0,1.0,2.1450974918878903e-06,1.0,0.0,4.494564968926997e-12,1.0,1.0,0.0006668037702668,1.0,1.0,2.8196369495258175e-07,1.0,1.0,0.0001768237470737,1.0,1.0,0.0005953245455196,1.0,0.0,1.3954874723390138e-05,1.0,1.0,0.0006716983309185,1.0,1.0,0.0001328741827854,1.0,1.0,2.762968377772508e-05,1.0,1.0,2.0655741481792286e-14,1.0,1.0,4.493366615529008e-08,1.0,0.5574950908018833,0.0012473364895586,1.0,0.0,3.5105855715603202e-12,1.0,0.0,1.3341656831899668e-05,1.0,1.0,2.1751490022632626e-07,1.0,0.0,0.0456591245919606,1.0,0.0,0.0007332259146311,T/T,0.0531876669579376,1.0,4.057342612933418e-19,1.0,0.0999999881696375,1.0,0.0,1.0,1.4048259149828624e-09,1.0,0.0,1.0,0.0,7.360647971280705e-07,1.0,0.0792913374976181,1.0,1.4635643355767007e-11,1.0,1.0,0.0,0.0709914636504628,1.0,0.0,0.0,1.7126289550639852e-09,1.0,1.0,,,,,1.0,0.004200968910001,1.0,0.0,0.0,,0.0,1.6551968902794697e-05,1.0,0.0337110834903815,1.0,1.0,0.0,1.2071989416434002e-09,1.0,0.0,1.0,1.0,3.6788402301849884e-16,1.0,1.0,0.0,0.0618288053468219,1.0,1.0,0.0,7.756889815271538e-08,1.0,1.0,0.0,7.013008598778708e-05,1.0,1.0,0.0,0.0360622876596151,1.0,1.0,1.0,2.1203034716453063e-10,1.0,0.0,0.0,1.0,8.659008001758967e-06,1.0,6.8968615952246865e-09,1.0,0.0,0.0,0.001031989257165,1.0,1.0,1.0,0.0,7.123251137807048e-15,1.0,0.0,0.0,2.1243047440594326e-05,1.0,1.0,1.0,7.307712269655941e-11,1.0,0.0,0.0,8.342283954798272e-05,1.0,0.0,0.0,9.154253979993348e-05,1.0,0.0,0.0,0.0461731449819791,1.0,0.0,0.0,0.0,0.0229677969321259,1.0,1.0754056856447956e-05,1.0,1.0,0.0,0.0104526285000408,1.0,0.0999999923779316,0.0,0.0339289819985296,1.0,1.0,1.0,0.0,0.0018340567169272,1.0,1.0,0.0,1.552976106701474e-05,1.0,1.0,1.0,3.708562547596785e-06,1.0,1.0,0.0,4.615300030962003e-06,1.0,1.0,0.0,0.0210250073388854,1.0,1.0,0.0,4.441482138548244e-06,1.0,0.0,1.0,0.998607241353768,1.0,1.0,8.129508145919058,0.6286011973421634,7.365152620845808,M,K,1,1.0,0.0,0.0,1.0,1.0,-9.485323688328076,1.1679166223333737,-0.16207955632831633,0.2759337065594937,-0.2741150014452499,0.376268855928964,1.1940177346390413,0.7417893454416504,1.189648955049777,-0.35949043819448556,20.0,311.0,0.0733515436350812,1.4962058993961592e-26,-1.134590742282263,-14.999999999993502,1.0,1.0,0.0,1.0,400.0,0.0,0.0,0.0,88.0,102,0.8627450980392157,59.87506822710309,5.529159901083942,0.998607241353768,0.7643555250732499,1.0,5.0,0.0,5.0,0.0,0.0,1.0,0.0,1.0,0.7461721108334329,0.0,0.0,0.0,1.0,0.0,0.0,0.0,0.0,0.0,0.0,0.0,1.0,0.0,hydrophobic,pos_charged,hydrophobic_to_pos_charged,0.0,0.0,0.0,0.0,0.0,0.0,1.0,0,0.7082480382122143
VAR_001884,,,,,,,0.0002958014206507,0.0272946957797059,0.0415521521646177,0.0001079564653694,0.0026808610268062,1.398554320455248e-09,1.0494450990903276e-08,1.3462751420106504e-05,0.0150920667633094,4.439557394235917e-05,3.1943601868748923e-06,0.0010766594401158,0.021196313823788,8.140341371217351e-10,0.0054982075068296,0.0005006325765415,0.0005636670130661,1.168031073230429e-18,0.0040475376265206,0.0025435922913856,gnomADg_AMR,,,,,,,,,,,,,1.0,1.3952206454419539e-09,1.0,1.0,0.0002006403388516,1.0,1.0,4.98577773932976e-06,1.0,0.0,2.9551498292639808e-05,1.0,0.0,1.061968281279428e-05,1.0,1.0,3.4444698796668626e-05,1.0,1.0,6.83913021013289e-15,1.0,1.0,0.0342380001779309,1.0,0.0,0.0020227525203665,1.0,0.0,0.0096125103757599,1.0,0.0,0.0001166107590059,1.0,1.0,4.159851848221444e-06,1.0,0.0,5.637746890820683e-22,1.0,1.0,0.0003008462057474,1.0,0.0,1.1938335799571927e-05,1.0,0.0,2.2321999749703344e-06,0.0,0.0,0.0195448802649775,1.0,1.0,1.0717445483580364e-09,0.0,1.0,0.0030097459728854,1.0,AllofUs_AMR,0.0,0.0020360636549109,0.0,C/C,C/C,4.893467530696734,4.645915835360849,3.268342690975377,1.0,0.0116405344277676,1.0,0.0,0.0804488158534111,1.0,1.0,0.0651783772316153,1.0,0.0,1.138623075816725e-27,1.0,0.0,0.0178661509300117,1.0,1.0,6.199426647885593e-12,1.0,1.0,1.1727000000000162e-05,1.0,0.0,5.790600094602503e-07,1.0,1.0,0.0463899270487918,1.0,0.0,0.0044659012534724,1.0,0.0,5.441520989581786e-05,1.0,0.0,2.2391826885775583e-05,1.0,0.0,5.688584880067776e-06,1.0,1.0,0.0288040295968797,1.0,0.0,1.7083989198692002e-05,1.0,0.0,2.0459680056955317e-05,1.0,0.0,0.0001601416848901,1.0,0.0,0.0012686997721392,1.0,0.0,9.952317674400218e-05,1.0,0.0,2.9898000000425215e-07,1.0,0.0,1.1555335825374796e-05,1.0,1.0,2.1858381793400422e-06,1.0,0.0,0.0012419229661637,1.0,1.0,0.0027906988290391,1.0,0.0,7.887426057739844e-06,1.0,1.0,1.519200000117592e-07,1.0,1.0,0.0009633392462145,1.0,1.0,0.0997905033602611,1.0,0.0,1.3691728135865226e-05,C/C,0.0517926816160575,0.0,1.6565700970488226e-05,1.0,1.6744941550955249e-06,1.0,1.0,1.0,0.0013000304495971,1.0,0.0,1.0,0.8395386256354602,0.0008996276401152,1.0,1.2093234985616122e-05,1.0,2.2404563334365182e-10,1.0,1.0,1.0,4.5321377783801926e-07,1.0,1.0,0.0,2.7255740627567004e-11,1.0,1.0,0.0,0.0052413174005545,1.0,0.0,0.0,0.0020974504297044,1.0,1.0,1.0,,0.0,0.0766434416766156,0.0,0.0999995102594528,1.0,0.0,0.0,0.0010145610290515,1.0,1.0,1.0,1.0,4.736465512829508e-06,1.0,1.0,0.0,0.0055267104828276,1.0,1.0,1.0,0.0895875694845456,1.0,1.0,0.0,0.0003747990948712,1.0,1.0,1.0,7.904263879175875e-05,1.0,0.0,0.0,0.0005581559043309,1.0,1.0,0.0,1.0,0.0036557397288651,0.0,0.0774745822658666,1.0,0.0,0.0,0.0416375588423602,1.0,1.0,1.0,1.0,0.0022081501211138,1.0,0.0,0.0,2.2280072430214018e-06,1.0,1.0,0.0,2.469512825120299e-07,1.0,1.0,0.0,0.0002861009428199,1.0,0.0,1.0,5.915214001325235e-05,1.0,0.0,1.0,0.0011122087611398,1.0,0.0,1.0,1.0,0.000307410324682,1.0,0.0821523760824958,1.0,0.0,1.0,4.3527223489642766e-08,1.0,7.141560283172576e-08,0.0,0.031181587021244,1.0,0.0,1.0,0.0,1.1031855406985565e-18,1.0,1.0,0.0,0.000778428202849,1.0,0.0,1.0,1.3976176222526047e-10,1.0,1.0,0.0,8.870270532258255e-06,1.0,0.0,1.0,9.06255127895538e-05,1.0,0.0,0.0,0.0015668703707126,1.0,1.0,1.0,1.0,0.9946028920262882,0.9782084882533164,6.009083544960928,0.6372390510259941,7.408088761746755,A,E,1,1.0,0.0,0.0,1.0,0.0,-9.664425758298718,1.3499860969377946,-0.12602191691733247,0.37741946761678713,-0.3605297514815905,0.1824212032362198,0.9587085413505725,0.7733978267010226,-0.6324834664635439,-0.07939666817866306,20.0,315.0,0.0415521521646177,1.168031073230429e-18,-1.381406477318805,-14.999493026572958,0.0,1.0,0.0,1.0,400.0,0.0,0.0,0.0,87.0,103,0.8446601941747572,44.515824277822404,4.645915835360849,0.9782084882533164,-1.3990052167858265,1.0,6.0,0.0,6.0,0.0,0.0,0.0,0.0,1.0,0.6363222811533968,0.0,1.0,0.0,0.0,0.0,0.0,0.0,0.0,0.0,0.0,0.0,1.0,0.0,polar,neg_charged,polar_to_neg_charged,0.0,0.0,0.0,0.0,0.0,0.0,1.0,0,0.7254099183173781
VAR_001839,,,,,,,3.693600000087009e-06,0.006535039011619,0.0196255678051271,3.910804323291809e-09,1.3238876816970562e-20,8.284172051711648e-10,5.836116954091829e-06,5.854115742495777e-18,1.817139781922185e-09,,,,,,,,,,,0.0452959920237903,gnomADe_NFE,,,,,,,,,,,,,,,,,,,,,,,,,,,,,,,,,,,,,,,,,,,,,,,,,1.0,0.0002935638484704,1.0,0.0,7.335900000269633e-06,1.0,1.0,1.6431410752373778e-06,0.0,1.0,0.0113363363953998,1.0,0.0,1.402227952513057e-05,1.0,0.0,9.722883223769474e-06,1.0,0.0,0.0211550888846056,1.0,AllofUs_EUR,0.0,0.0001861306823492,1.0,T/T,T/T,5.34630022566939,5.626937285193711,3.726679472849108,0.0,0.0011506457181735,1.0,1.0,0.0109201526906017,1.0,1.0,5.7402893519687314e-08,1.0,1.0,1.0287045092686161e-08,1.0,0.0,3.3302015247540494e-06,1.0,1.0,1.436893138781843e-05,1.0,1.0,1.5469429336300812e-05,1.0,0.0,4.281317051647708e-06,1.0,0.0,3.81626135179271e-08,1.0,0.0,2.103958968992402e-05,1.0,0.0,4.718272325173962e-06,1.0,1.0,3.1212000000000003e-06,1.0,0.0,0.09832769091371,1.0,1.0,0.0001575644031112,1.0,1.0,0.0665588861825293,1.0,0.0,5.306188164938622e-05,1.0,1.0,3.216932063868841e-17,1.0,0.0,0.0051645643982484,1.0,1.0,0.0128256711489113,1.0,1.0,0.0004085886822133,1.0,0.0,0.0026571627945128,1.0,1.0,0.0272249605452637,1.0,1.0,3.3038336012661926e-05,1.0,1.0,0.042764506343368,1.0,0.0,0.0349396107602079,1.0,0.6024678165951645,0.0073246690729264,1.0,0.0,1.0953035076183895e-09,1.0,1.0,1.6539381832170918e-07,1.0,,,T/T,2.1051000000001117e-05,0.0,0.0395297006074914,0.0,6.743724209420715e-07,1.0,0.0,1.0,2.748081245978521e-05,1.0,0.0,1.0,1.0,5.354650240031878e-13,1.0,0.0578641035072073,0.0,0.0122629938321524,1.0,1.0,0.0,2.4256062522517007e-14,1.0,1.0,0.0,5.793006624273563e-05,1.0,0.0,0.0,7.256124807135575e-05,1.0,0.0,1.0,0.0078155665381599,1.0,1.0,0.0,,0.0,0.0042872868859495,0.0,0.0991415338369322,1.0,0.0,0.0,5.090788028611229e-08,1.0,0.0,1.0,0.0,0.0161629856820115,1.0,1.0,1.0,2.3257070835891946e-10,1.0,0.0,0.0,1.806595453925181e-07,1.0,0.0,0.0,5.1005647826667206e-05,1.0,1.0,1.0,8.776206000000268e-06,1.0,1.0,1.0,2.644080067473528e-09,1.0,1.0,0.0,0.0,0.025524699439922,0.0,0.0827484662090113,1.0,1.0,0.0,1.1695861884689803e-10,1.0,0.0,1.0,0.0,1.492932608739883e-08,1.0,0.1381949187699481,0.0,0.0002994709533616,1.0,1.0,1.0,2.433701437647313e-06,1.0,0.0,1.0,0.0028206112316079,1.0,0.0,0.0,0.0007127649731929,1.0,1.0,0.0,6.464783566141723e-09,1.0,1.0,0.0,0.0,0.0238116827575879,1.0,0.0999090004819335,1.0,0.0,0.0,8.97492591159162e-11,1.0,0.0972709288330475,1.0,3.0719146353323085e-05,1.0,1.0,1.0,0.0,3.1648413754007186e-06,1.0,1.0,1.0,7.272895060617282e-08,1.0,0.0,1.0,0.0001498345683265,1.0,1.0,0.0,0.0348017296441577,1.0,0.0,1.0,4.828050064391719e-06,1.0,1.0,0.0,3.467473151240998e-13,1.0,0.0,1.0,1.0,0.8270295909623391,0.9678524291994915,7.512577655582805,0.644299390281759,8.446466189277887,I,K,1,1.0,0.0,1.0,1.0,0.0,-7.360496702280248,0.7299331639868013,5.702015661538178,0.6794052406650453,-0.627693690946512,2.3804302719179873,0.07755547647292582,-0.6803024020657488,-0.8073868823207052,0.5364485678839511,10.0,267.0,0.0452959920237903,1.3238876816970562e-20,-1.34394022445424,-14.99999425046691,0.0,1.0,0.0,0.0,100.0,0.0,1.0,0.0,79.0,94,0.8404255319148937,63.4547331622047,5.626937285193711,0.9678524291994915,-0.9338885336950815,1.0,6.0,0.0,6.0,0.0,0.0,1.0,1.0,0.0,0.8264378219714592,0.0,0.0,0.0,1.0,0.0,0.0,0.0,0.0,0.0,0.0,0.0,1.0,0.0,hydrophobic,pos_charged,hydrophobic_to_pos_charged,0.0,0.0,0.0,0.0,0.0,0.0,1.0,0,0.6943307176162857
VAR_001838,,,,,,,4.825565422044046e-05,0.0907071513728065,0.01881976077036,2.3694556807144453e-05,1.3221510230468056e-05,7.134664326010715e-06,0.0008174298893613,1.6426100494587777e-06,5.117200506481229e-17,0.0855160579579201,0.0875042622145952,1.0381712834094725e-07,0.0052588299604871,3.881715774633439e-07,0.0015953994777158,0.0065011828003071,1.3240465665029649e-05,6.812363395655708e-06,0.0122810013153085,0.0053744575280152,gnomADg_NFE,,,,,,,,,,,,,0.0,1.8609243644308269e-07,1.0,1.0,2.470804006907531e-12,1.0,0.0,7.008707824792617e-09,1.0,0.0,0.0191534182342865,1.0,0.0,1.1776755176789577e-07,1.0,1.0,0.0001580151070788,1.0,1.0,0.0407673370971477,1.0,0.0,0.000205847860692,1.0,0.0,0.0011283639602379,1.0,1.0,0.0028268099242965,1.0,1.0,9.560465681221612e-05,1.0,0.0,9.75070106503249e-15,1.0,0.0,4.0472654444347035e-07,1.0,0.0,1.8342024140808237e-06,1.0,1.0,0.0020478599500897,1.0,1.0,1.2250207288036732e-10,1.0,1.0,3.5046018053187677e-06,1.0,1.0,5.162148421685415e-16,0.0,0.0,0.0005882897325681,1.0,AllofUs_EUR,1.0,0.000534512549473,0.0,G/G,G/G,5.41519727612953,4.359982757151749,3.9148550687794503,1.0,0.0508536247765175,1.0,0.0,0.0004711975091463,1.0,0.0,0.0913925014310541,1.0,0.0,2.255322293805657e-06,1.0,1.0,4.169915502789415e-05,1.0,0.0,0.0055252638163593,1.0,1.0,3.955576644081717e-14,1.0,0.0,0.0082309394654582,1.0,0.0,0.0993532712953206,1.0,0.0,1.2717407562615789e-06,1.0,0.0,0.0095866558073387,1.0,1.0,1.6389015823290248e-06,1.0,1.0,0.000467990416179,1.0,0.0,1.189097245431102e-05,1.0,0.0,0.0005180016300789,1.0,1.0,5.000572963378236e-05,1.0,1.0,0.0001319400793059,1.0,1.0,9.804597869091176e-05,1.0,0.0,0.0192148736972721,1.0,0.0,9.33461982082554e-05,1.0,1.0,2.200502752197035e-12,1.0,1.0,0.0004950227861801,1.0,0.0,4.1131796748116825e-06,1.0,1.0,0.0034606513529878,1.0,1.0,0.0007403937623983,1.0,1.0,5.3615608661967177e-17,1.0,0.0,4.085983886604551e-05,1.0,0.0,0.0785244071818104,1.0,,,G/G,0.00013194,,,,,,,,,,,,,,,,,,,,,,,,,,,,,,,,,,,,,,,,,,,,,,,,,,,,,,,,,,,,,,,,,,,,,,,,,,,,,,,,,,,,,,,,,,,,,,,,,,,,,,,,,,,,,,1.0,0.0006807328408292,0.0,4.027173428780863e-08,1.0,1.0,1.0,4.2266095949191846e-09,1.0,0.0999852736926179,0.0,0.0079098351717829,1.0,0.0,1.0,0.0,0.0004002422806736,1.0,0.0,1.0,5.718109115662564e-05,1.0,1.0,0.0,2.393092543889922e-08,1.0,1.0,0.0,0.0157253567145006,1.0,0.0,1.0,0.0271775957238017,1.0,1.0,0.0,6.600028836488275e-09,1.0,0.0,1.0,1.0,0.6059332760674586,0.9629774936650174,7.666633199300337,0.6808474830852792,9.987865765454307,R,L,1,1.0,0.0,0.0,1.0,0.0,-3.352193111680281,-5.971942673768469,-2.93899079662539,-1.127745203812512,-2.260340409293983,-0.5163920435334561,0.8988846914098079,0.5273185640575235,0.36218095811434486,0.9490008249803001,20.0,205.0,0.0907071513728065,5.117200506481229e-17,-1.0423584717126275,-14.978326213811473,1.0,1.0,0.0,1.0,400.0,0.0,0.0,0.0,58.0,70,0.8285714285714286,76.57330326758726,4.359982757151749,0.9629774936650174,-2.32123256615397,1.0,6.0,0.0,6.0,0.0,0.0,1.0,0.0,1.0,0.7461721108334329,0.0,0.0,0.0,1.0,0.0,0.0,0.0,0.0,0.0,0.0,0.0,1.0,0.0,pos_charged,hydrophobic,pos_charged_to_hydrophobic,0.0,0.0,0.0,1.0,0.0,0.0,1.0,0,0.8771570687209322
VAR_001862,,,,,,,6.175810080164059e-07,0.0749472321122857,7.126125584091289e-06,0.0012194689089064,9.843715970567964e-06,0.005995432536464,0.0013949927325612,0.0001814547729525,0.0002450047762603,,,,,,,,,,,2.422564332410974e-06,gnomADe_NFE,,,,,,,,,,,,,,,,,,,,,,,,,,,,,,,,,,,,,,,,,,,,,,,,,,,,,,,,,,,,,,,,,,,,,,,,,,G/G,G/G,5.544474747279834,5.512906221643582,,1.0,2.6388477400001425e-07,1.0,1.0,1.1894479028298626e-06,1.0,0.0,0.0032016891484361,1.0,1.0,0.0026161996715674,1.0,0.0,8.817300001370997e-07,1.0,1.0,4.3535048698148056e-06,1.0,1.0,5.1041529667856265e-06,1.0,1.0,0.0012353443750386,1.0,1.0,0.0933110738636896,1.0,1.0,0.0073848253543703,1.0,1.0,0.0205601812760322,1.0,0.0,0.0048036739153681,1.0,1.0,0.0376381776335729,1.0,1.0,3.3562813191723115e-06,1.0,0.0,1.3870341925012245e-17,1.0,1.0,9.21910267019668e-07,1.0,0.0,0.0326722489500999,1.0,1.0,2.521583086779409e-17,1.0,1.0,0.0854995660457602,1.0,1.0,0.0999979365722403,1.0,1.0,1.1830297971171418e-06,1.0,1.0,3.056536169493626e-07,1.0,1.0,0.0643273910277566,1.0,1.0,5.718270374277669e-13,1.0,0.0,2.20173830939015e-06,1.0,0.0,0.0181838883570393,1.0,1.0,0.0099927777708231,1.0,1.0,0.052819626809854,1.0,,,G/G,5.293652387095421e-06,,,,,,,,,,,,,,,,,,,,,,,,,,,,,,,,,,,,,,,,,,,,,,,,,,,,,,,,,,,,,,,,,,,,,,,,,,,,,,,,,,,,,,,,,,,,,,,,,,,,,,,,,,,,,,0.0,1.4962327871694604e-06,0.0,7.092561465704327e-23,1.0,1.0,0.0,0.0144351864657498,1.0,0.0824154928376048,0.0,1.676749087166295e-14,1.0,0.0,1.0,0.0,5.795781874019383e-14,1.0,0.0,0.0,9.686231284477326e-05,1.0,0.0,1.0,5.821111057018593e-09,1.0,0.0,1.0,0.0002251608398155,1.0,1.0,0.0,7.657323007559982e-07,1.0,0.0,0.0,0.0170773342584971,1.0,1.0,0.0,1.0,0.9943853865827657,1.0,9.409026198356676,0.6981290890458652,11.368052797196418,E,K,1,1.0,0.0,1.0,1.0,1.0,0.15513654130202958,-6.518441590034666,3.447798758252011,-1.1332416054018482,1.4222033394094327,-0.7066066278108585,0.03484254105353157,-0.436566681742623,-0.09606949486791574,0.014370176517578652,10.0,135.0,0.0749472321122857,6.175810080164059e-07,-1.1252444015155978,-6.209306067280789,1.0,1.0,0.0,0.0,100.0,0.0,1.0,0.0,48.0,53,0.9056603773584906,106.96230659312299,5.512906221643582,1.0,-1.959026598839742,1.0,5.0,0.0,5.0,0.0,0.0,1.0,1.0,0.0,0.8264378219714592,0.0,0.0,0.0,0.0,0.0,0.0,0.0,1.0,0.0,0.0,0.0,1.0,0.0,neg_charged,pos_charged,neg_charged_to_pos_charged,0.0,0.0,0.0,0.0,0.0,0.0,1.0,1,0.8039055130752403
VAR_001803,,,,,,,,,,,,,,,,,,,,,,,,,,,,,,,,,,,,,,,,,,,,,,,,,,,,,,,,,,,,,,,,,,,,,,,,,,,,0.0,1.0036504390198525e-06,1.0,0.0,1.834450987945552e-06,1.0,1.0,1.006179794888079e-06,0.0,1.0,5.5059350203274745e-11,0.0,1.0,3.69805534921429e-06,1.0,1.0,0.0012966472700109,0.0,0.0,7.310512667588182e-06,1.0,AllofUs_EUR,1.0,0.0258950237831372,1.0,A/A,A/A,5.700562696866929,5.677072340969347,4.006911695386157,0.0,0.0002385199106398,1.0,0.0,0.0068979296869249,1.0,1.0,9.008205898452236e-11,1.0,0.0,1.2318766986825944e-05,1.0,1.0,8.107550329374004e-07,1.0,1.0,1.1178413571084162e-05,1.0,0.0,0.04061691028118,1.0,0.0,7.844139618587578e-05,1.0,0.4357954702550433,1.6594115824618206e-07,1.0,1.0,0.0744416075630874,1.0,0.0,2.307395431745692e-06,1.0,1.0,0.0125627604503714,1.0,0.0,0.0086234684162707,1.0,0.0,1.0376752305029803e-09,1.0,0.0,5.1995952899491565e-05,1.0,1.0,0.0004105591797604,1.0,0.0,0.0023584215102315,1.0,1.0,4.473663199096235e-15,1.0,1.0,0.0056708687104703,1.0,1.0,0.0999483419625705,1.0,0.0,3.725417085805853e-06,1.0,0.0,0.0001139252897681,1.0,1.0,6.868848860742078e-05,1.0,0.0,0.0062039580726933,1.0,1.0,0.0105666442156006,1.0,0.0,0.0999890743936981,1.0,1.0,8.851262043341568e-06,1.0,1.0,0.0002201923805558,1.0,,,A/A,0.0062720068772348,,,,,,,,,,,,,,,,,,,,,,,,,,,,,,,,,,,,,,,,,,,,,,,,,,,,,,,,,,,,,,,,,,,,,,,,,,,,,,,,,,,,,,,,,,,,,,,,,,,,,,,,,,,,,,,,,,,,,,,,,,,,,,,,,,,,,,,,,,,,,,,,,,,,,,1.0,0.8549331063579477,1.0,8.649418831596073,0.756,10.984930431669047,H,R,1,1.0,1.0,1.0,1.0,0.0,1.5901794094455326,-5.026614170760995,1.4657518068611997,5.3006452393142265,-2.562660133879536,2.132112919710223,-0.19596931975035314,-0.12845940836872183,0.2158064740765706,0.27734456835010096,0.0,109.0,0.0,,-15.0,-14.698970004336019,0.0,0.0,1.0,0.0,0.0,1.0,0.0,0.0,36.0,46,0.782608695652174,95.01326413945104,5.677072340969347,1.0,-2.3355116000729748,1.0,6.0,0.0,6.0,0.0,0.0,0.0,0.0,0.0,0.8215209917795393,0.0,0.0,0.0,1.0,0.0,0.0,0.0,0.0,0.0,0.0,0.0,1.0,0.0,pos_charged,pos_charged,pos_charged_to_pos_charged,0.0,0.0,0.0,1.0,0.0,0.0,0.0,0,0.7526441487546912
VAR_001868,,,,,,,0.0006133237335693,2.2428181901512227e-05,0.0501377516957435,0.0003650107894473,0.0378124471928413,5.173958373262387e-05,0.0023242988677982,0.0017186563170386,0.0447809311526827,,,,,,,,,,,0.004323479356366,gnomADe_NFE,,,,,,,,,,,,,0.0,8.284779238902512e-05,1.0,0.0,0.0776751263244486,1.0,1.0,0.0999859820771713,1.0,0.0,5.487241805431106e-13,0.0,1.0,1.416049646692686e-07,1.0,0.0,0.0242550100326534,1.0,0.0,2.2684265837351628e-11,1.0,1.0,1.537099283966859e-07,1.0,1.0,0.0022997480658243,1.0,0.0,9.332335179492129e-12,0.0,0.0,2.7373989234898746e-05,1.0,1.0,5.617626884491099e-05,1.0,1.0,1.668641716686062e-05,1.0,1.0,0.0590702518592204,1.0,0.0,3.787045258737332e-06,1.0,1.0,2.72593901398152e-08,1.0,1.0,8.286734806731801e-05,1.0,1.0,6.084092665486378e-07,1.0,0.0,0.0012987171988319,1.0,AllofUs_AFR,1.0,2.6280561228199696e-06,0.0,A/A,A/A,5.434330808975917,5.354185783714284,3.549945598399448,0.0,8.105199231611725e-05,1.0,1.0,7.608297424082642e-06,1.0,0.0,0.0004929394042399,1.0,0.0,1.0547053914459747e-06,1.0,0.0,0.0008704007333687,1.0,1.0,2.0200000525020925e-07,1.0,0.0,5.749153132752171e-10,1.0,0.0,0.0165940298486098,1.0,1.0,0.0510788501182006,1.0,0.0,0.0602007951071279,1.0,0.4504421397445207,0.0482254002717057,1.0,0.0,1.36447075110027e-05,1.0,1.0,9.755145599506509e-06,1.0,0.0,1.9189668343921914e-06,1.0,0.0,0.0090487638681206,1.0,1.0,0.0107395196256405,1.0,1.0,4.382255442131423e-11,1.0,0.0,0.0139483201882815,1.0,0.0,0.0090646937802656,1.0,1.0,5.576117911208927e-12,1.0,1.0,0.0088080913211779,1.0,1.0,0.00915240413416,1.0,1.0,5.548253961276582e-06,1.0,1.0,0.000943894555538,1.0,0.0,0.0004159954870966,1.0,0.0,0.0999862527688531,1.0,1.0,1.0767318466047531e-10,1.0,1.0,0.0999999999844865,1.0,1.0,3.400694087952107e-06,A/A,0.000784674516115,1.0,0.0009930040080761,1.0,0.0652788675145959,1.0,0.0,1.0,0.0490635354405395,1.0,1.0,1.0,0.0,0.0007622918736642,1.0,8.611774833714931e-09,0.0,4.403070300128205e-05,1.0,0.0,0.0,1.565028981523944e-05,1.0,0.0,1.0,3.634940590214892e-05,1.0,1.0,0.0,0.0901501064858159,1.0,0.0,0.0,0.0026834925586707,1.0,1.0,1.0,,1.0,3.8121333094911617e-06,0.0,1.5311371155529108e-06,1.0,0.0,1.0,0.0001806178606058,1.0,0.0,1.0,1.0,0.0065461831275764,1.0,0.0,1.0,4.816322822537563e-09,1.0,0.0,0.0,0.0270013202022414,1.0,1.0,1.0,8.772066325652356e-06,1.0,1.0,1.0,1.0569214154224168e-05,1.0,1.0,1.0,0.0666345653241474,1.0,0.0,1.0,0.0,0.0020481673814575,0.0,2.346796697722912e-06,1.0,1.0,1.0,4.495340197607114e-27,1.0,1.0,1.0,0.0,0.0017641900058983,1.0,1.0,1.0,0.0013059118240193,1.0,1.0,1.0,1.9307544938626045e-08,1.0,0.0,1.0,0.0188650504635366,1.0,0.0,0.0,1.054827224995096e-05,1.0,1.0,1.0,0.0017517097094808,1.0,0.0,1.0,0.0,7.252161474582e-06,0.0,1.726256630244318e-07,1.0,1.0,0.0,0.0059893388748591,1.0,6.868285056060726e-05,1.0,7.134816105662006e-05,1.0,1.0,1.0,0.0,6.787203792252614e-05,1.0,0.0,1.0,0.0013792702485207,1.0,1.0,0.0,0.0248581726301618,1.0,0.0,1.0,9.963313401852565e-06,1.0,1.0,1.0,8.476065729970012e-05,1.0,0.0,0.0,0.0004532115725593,1.0,1.0,0.0,0.9921372701556246,0.9979221879602302,1.0,9.0398969522639,0.756,11.34793275066922,D,G,1,1.0,0.0,1.0,1.0,0.0,-9.247495249415529,1.0955461420843906,0.14018254275304354,0.29539184138798613,0.7615149531828314,2.2549381557274444,0.11211756432525766,-0.975478630513047,-0.9388642759939128,-0.5097113523455102,10.0,305.0,0.0501377516957435,2.2428181901512227e-05,-1.2998351448098764,-4.649205930238206,1.0,1.0,0.0,0.0,100.0,0.0,1.0,0.0,92.0,103,0.8932038834951457,102.58414268727037,5.312087267360343,0.9921372701556246,-2.308035798405319,1.0,6.0,0.0,6.0,0.0,0.0,1.0,1.0,0.0,0.8264378219714592,1.0,0.0,0.0,0.0,0.0,0.0,0.0,0.0,0.0,0.0,0.0,1.0,0.0,neg_charged,special,neg_charged_to_special,1.0,0.0,0.0,0.0,1.0,0.0,1.0,0,0.8617553319852542
VAR_001876,,,,,,,0.0010368790338103,1.0053776989071365e-07,2.0169e-05,7.016895514654508e-05,9.129283419705828e-05,2.32175857535388e-06,0.0153279073227681,0.0157330018828035,3.581101028428212e-07,,,,,,,,,,,0.0934238745689107,gnomADe_AMR,,,,,,,,,,,,,0.8060397602840114,0.0997437390243033,1.0,0.0,7.882607882149948e-05,1.0,1.0,1.828250224121914e-06,1.0,0.0,1.1189632551636233e-15,1.0,1.0,1.700462330768888e-05,1.0,1.0,3.5173387661650087e-08,1.0,0.0,0.0614430425664577,1.0,1.0,5.037306928079306e-06,1.0,1.0,3.3475187503863933e-06,1.0,1.0,0.0524324474551614,1.0,0.0,2.51112504066776e-07,1.0,1.0,1.140512142796609e-05,1.0,,,,,,,,,,,,,,,,,,,,,,,,,,G/G,G/G,5.250522095141308,5.287023080338097,,0.0,0.0991744764308737,1.0,1.0,3.888431123111633e-06,1.0,1.0,1.1067494692978592e-05,1.0,0.0,0.0003895257961587,1.0,1.0,7.220204081397525e-06,1.0,1.0,0.0006498113189062,1.0,0.0,1.877716129051755e-05,1.0,0.0,0.0111840035869633,1.0,0.0,0.0485610579915855,1.0,0.0,2.090335078007153e-05,1.0,0.0,5.229418120632449e-07,1.0,1.0,3.2511539736821264e-05,1.0,1.0,7.098760877106737e-05,1.0,1.0,9.558996683321612e-05,1.0,1.0,0.0050306111367754,1.0,1.0,9.030229947486011e-06,1.0,1.0,2.403481263504874e-05,1.0,0.0,0.0032548080429855,1.0,0.0,0.0461641611087081,1.0,0.0,0.0875010096429596,1.0,0.0,6.5136001257381605e-06,1.0,1.0,0.0022457793143902,1.0,1.0,1.1619784397238409e-07,1.0,0.0,1.8423016108316545e-06,1.0,1.0,4.419958695113737e-08,1.0,0.0,0.069780122964373,1.0,1.0,0.0270341363358452,1.0,0.0,2.716029695033245e-17,1.0,1.0,3.4041936082055385e-06,G/G,0.0001312301506044,0.0,0.0032305542979763,0.0,0.0014520713091962,1.0,0.0,0.0,7.050264274498206e-05,1.0,1.0,1.0,1.0,0.0006662955480663,1.0,0.0999999866194294,0.0,0.0003621311302159,1.0,1.0,0.0,1.4490487871348436e-05,1.0,1.0,1.0,0.0016840250471815,1.0,0.0745764562006654,0.0,0.0004980331554113,1.0,1.0,1.0,0.0096675612192869,1.0,0.0,1.0,,1.0,0.0037157665965864,1.0,0.0792140362151882,1.0,1.0,1.0,5.922255862585244e-05,1.0,1.0,1.0,0.0,3.2711121032672155e-09,1.0,0.0,0.0,2.188393826522032e-07,1.0,1.0,0.0,8.260401540248784e-05,1.0,1.0,0.0,1.3755520769698286e-06,1.0,1.0,0.0,2.6385369620302585e-05,1.0,0.0,0.0,7.334007460460701e-16,1.0,0.0,1.0,1.0,4.385389141165999e-06,0.0,1.2455362941969536e-08,1.0,1.0,0.0,0.0011020657451266,1.0,1.0,1.0,1.0,0.0006706431949125,1.0,0.4679426096207079,0.0,3.32099306561695e-06,1.0,0.0,1.0,0.0190545999655604,1.0,1.0,0.0,0.0048214002277124,1.0,1.0,0.0,2.962476000004038e-05,1.0,1.0,1.0,9.567749690942578e-13,1.0,0.0,1.0,1.0,6.509907695327827e-06,1.0,0.0600615111909448,1.0,1.0,1.0,0.0158518325068372,1.0,0.0968653027327363,1.0,0.0064928479271823,1.0,0.0,1.0,0.0,0.0055165466808443,1.0,1.0,0.0,0.0001674170832212,1.0,0.0,1.0,9.039195045007326e-07,1.0,0.0,0.0,1.7842453789466905e-06,1.0,0.0,1.0,3.066890096275204e-05,1.0,1.0,1.0,0.0889533505736942,1.0,0.0,0.0,1.0,1.0,1.0,8.328637129368936,0.6551724449631305,11.360276021442209,G,S,1,1.0,0.0,1.0,1.0,1.0,-7.946426304392535,1.1392245259888836,0.8033110379007392,-0.021865308438114406,4.8064531908193455,-0.030026311241254877,0.15113345497466701,-0.6298309784329956,-1.057556029597224,-0.7060186807712555,10.0,281.0,0.0934238745689107,1.0053776989071365e-07,-1.029542125177071,-6.99767074811724,1.0,1.0,0.0,0.0,100.0,0.0,1.0,0.0,84.0,94,0.8936170212765957,94.6156166720632,5.287023080338097,1.0,-3.031638892073273,1.0,5.0,0.0,5.0,0.0,0.0,0.0,1.0,0.0,0.7230454294937407,0.0,0.0,0.0,0.0,0.0,0.0,0.0,1.0,0.0,0.0,0.0,1.0,0.0,special,polar,special_to_polar,1.0,0.0,0.0,0.0,0.0,1.0,1.0,0,0.6028078427956474
VAR_001901,,,,,,,,,,,,,,,,,,,,,,,,,,,,,,,,,,,,,,,,,,,,,,,,,,,,,,,,,,,,,,,,,,,,,,,,,,,,,,,,,,,,,,,,,,,,,,,,,,,,,T/T,T/T,5.655634028522021,4.029028565151379,3.3158090496146566,0.0,1.2671995220905008e-07,1.0,1.0,1.4799465082117637e-06,1.0,0.0,0.0189608500690826,1.0,0.0,2.6047111866057536e-08,1.0,0.0,5.497061195101268e-05,1.0,0.0,0.0008018042208152,1.0,1.0,1.1465333960449596e-15,1.0,0.0,0.0007882583473848,1.0,1.0,2.13837730929868e-06,1.0,1.0,0.0676695824138722,1.0,0.0,2.1053578502868216e-08,1.0,1.0,0.0004571617459677,1.0,1.0,0.0996125222694906,1.0,0.0,8.337041694459364e-11,1.0,1.0,0.012713228392744,1.0,0.0,2.0246288036999875e-08,1.0,0.0,1.8377385931679004e-08,1.0,0.0,1.9278113642761755e-16,1.0,1.0,5.954113640699699e-07,1.0,0.0,9.262616622684173e-09,1.0,1.0,1.8926207404653622e-10,1.0,0.0,2.078287141802332e-05,1.0,1.0,9.261100482741393e-05,1.0,0.0,0.017862196095698,1.0,1.0,6.064352186550604e-06,1.0,1.0,0.0014040417886577,1.0,0.0,1.0795348727170782e-08,1.0,0.0,0.053985367145656,1.0,,,T/T,0.0069187070423067,,,,,,,,,,,,,,,,,,,,,,,,,,,,,,,,,,,,,,,,,,,,,,,,,,,,,,,,,,,,,,,,,,,,,,,,,,,,,,,,,,,,,,,,,,,,,,,,,,,,,,,,,,,,,,1.0,0.0136920256048216,0.0,0.0049458159553676,1.0,1.0,0.0096314647547325,4.87786079795616e-10,1.0,0.0008275985731713,0.0,3.116711697185139e-11,1.0,0.0,1.0,1.0,1.101463295840496e-05,1.0,0.0,1.0,6.000847548571841e-05,1.0,1.0,1.0,0.0058128911592189,1.0,1.0,0.0,7.996128678759712e-05,1.0,0.0,1.0,0.000303060289123,1.0,1.0,1.0,1.9684705810034918e-17,1.0,1.0,0.0,0.97249326732086,0.9801679700814137,0.3392937030774617,5.465031527559985,0.7016319156670111,1.1602948154052792,V,A,0,1.0,1.0,1.0,1.0,0.0,0.6184640588651877,-6.418874223084634,3.1576449597710505,-0.17348139491766013,1.8041949010175307,0.30006467994021047,-1.6126271996057322,1.755967931501463,0.05576885595481866,0.13808847747295536,0.0,125.0,0.0,,-15.0,-14.698970004336019,0.0,0.0,1.0,0.0,0.0,1.0,0.0,0.0,43.0,53,0.8113207547169812,6.341047747454244,3.9182031534531414,0.3299608418871945,4.304736712154705,0.9801679700814137,4.0,1.0,3.0,0.0,0.0,0.0,0.0,0.0,0.8215209917795393,0.0,0.0,0.0,0.0,0.0,0.0,0.0,1.0,0.0,0.0,0.0,1.0,0.0,hydrophobic,polar,hydrophobic_to_polar,0.0,0.0,0.0,0.0,0.0,0.0,1.0,0,0.6388320254748096
VAR_001980,,,,,,,1.2432540142894876e-06,2.242713632135299e-05,3.304743866383559e-06,3.7249873147068383e-06,3.960471435374191e-05,4.716820579789199e-09,1.6191592478327843e-06,1.638619081476075e-08,1.0381153996436652e-05,,,,,,,,,,,0.0190650169947805,gnomADe_NFE,,,,,,,,,,,,,0.0,4.587155963302763e-05,1.0,0.0,5.3977832939900605e-11,1.0,1.0,0.0010855883041651,1.0,0.0,8.560853924827054e-10,1.0,0.0,0.000108990619195,1.0,0.0,1.7224203549353596e-06,1.0,1.0,1.0475149546532507e-09,1.0,0.0,0.0011897908440644,1.0,1.0,0.0008859443056903,1.0,0.0,0.0001696005708515,1.0,1.0,0.0001300702842561,1.0,1.0,4.400374186879088e-05,1.0,,,,,,,,,,,,,,,,,,,,,,,,,,G/G,G/G,5.619606077464983,5.584255227341349,,1.0,7.431203248337906e-06,1.0,1.0,0.0008093741087341,1.0,0.3813667261770906,0.0068106482729104,1.0,0.0,0.0167656867554964,1.0,1.0,2.5957824385839533e-05,1.0,0.0,0.0003127062216063,1.0,1.0,2.665515631925577e-10,1.0,0.0,0.0003396581358655,1.0,1.0,0.0013839705353925,1.0,1.0,0.0058943322830956,1.0,1.0,2.4349876931362497e-12,1.0,0.0,6.318774625541886e-07,1.0,0.0,0.0998266505636822,1.0,1.0,0.0130447507495704,1.0,0.0,3.59911547381118e-06,1.0,0.0,2.961576922784055e-08,1.0,0.0,0.0145495937288881,1.0,0.0,0.0001438293126565,1.0,0.0,0.0002367531504411,1.0,1.0,0.0009992612095204,1.0,1.0,0.0925947150734857,1.0,0.0,6.324016109399749e-07,1.0,0.0,0.0499420480905658,1.0,0.0,3.874109889333726e-05,1.0,0.0,0.0012335260847152,1.0,0.0,0.0004099592377657,1.0,1.0,3.989384653771782e-06,1.0,1.0,0.0999988856623199,1.0,,,G/G,0.0010845204982221,,,,,,,,,,,,,,,,,,,,,,,,,,,,,,,,,,,,,,,,,,,,,,,,,,,,,,,,,,,,,,,,,,,,,,,,,,,,,,,,,,,,,,,,,,,,,,,,,,,,,,,,,,,,,,0.0,6.02215062294956e-05,1.0,0.0002089393063966,1.0,0.0,1.0,0.0059691895112404,1.0,0.0977391279292999,1.0,0.0001656252618309,1.0,0.0,1.0,1.0,9.86075325558015e-29,1.0,0.0,1.0,0.0069146970457215,1.0,0.0,1.0,0.0403607839099128,1.0,0.0,1.0,0.0461248788281488,1.0,1.0,0.0,5.49647088112219e-05,1.0,0.0,0.0,0.0033254053625869,1.0,0.0,1.0,1.0,1.0,0.989982711250707,9.032331519072,0.6912850204866695,9.704205247584284,G,D,1,1.0,0.0,1.0,1.0,1.0,-1.6341936577740945,-6.182704244717381,-2.0096578418073214,-1.5270299798674138,2.90664253300695,-0.7288395580109308,0.0913096050339024,-0.8759102410765031,-0.062891605019335,0.3223788123877071,10.0,171.0,0.0190650169947805,4.716820579789199e-09,-1.7197628032549035,-8.326350551224834,0.0,1.0,0.0,0.0,100.0,0.0,1.0,0.0,53.0,61,0.8688524590163934,87.65159892529944,5.584255227341349,0.989982711250707,-0.6718737285122831,1.0,5.0,0.0,5.0,0.0,0.0,1.0,1.0,0.0,0.8264378219714592,0.0,0.0,0.0,0.0,0.0,0.0,0.0,1.0,0.0,0.0,0.0,1.0,0.0,special,neg_charged,special_to_neg_charged,1.0,0.0,0.0,0.0,0.0,1.0,1.0,0,0.794297204497775
VAR_001857,,,,,,,0.0008538434271973,6.789543348401483e-08,8.367952439844032e-06,0.0001735200356257,3.0383721517440118e-05,0.0015967868799099,0.0121490692025184,0.0017784795372045,9.9507756134229e-11,0.0209936532913893,9.667918941722532e-06,3.15786101347778e-10,3.5553378918074837e-12,0.0003406531453681,1.1839126853124925e-07,0.0003469585472916,0.0001483455202344,1.1328006255451955e-06,0.0025107805998181,0.0668738415288039,gnomADg_ASJ,,,,,,,,,,,,,0.0,0.0999932299745261,1.0,0.0,0.0999984356469348,1.0,1.0,0.0587106517481136,1.0,1.0,3.930601227294352e-10,1.0,0.0,0.0005570873517451,1.0,0.0,0.0021734407927227,1.0,0.0,9.13625160854557e-09,1.0,1.0,1.920538427923565e-08,1.0,0.0,0.0143164874772246,1.0,0.0,0.0141559690671656,1.0,0.0,5.882127250997956e-06,1.0,1.0,3.6018829897058314e-05,1.0,,,,,,,,,,,,,,,,,,,,,,,,,,./.,./.,4.850536288144416,5.130888871534081,2.797649869473264,1.0,9.605252579750449e-06,1.0,1.0,3.475199418669239e-05,1.0,1.0,2.9350341259374788e-05,1.0,1.0,0.0001371050716855,1.0,0.0,0.0004239847723984,1.0,0.0,6.147682504914256e-05,1.0,1.0,1.618058618067534e-05,1.0,0.0,0.0001531588636827,1.0,1.0,0.0331490934834944,1.0,0.0,0.0009042577372439,1.0,1.0,0.0174825381876503,1.0,0.0,0.0006075532775055,1.0,0.0,0.0611262525831276,1.0,1.0,0.0227417169040976,1.0,1.0,0.0344818164739483,1.0,1.0,5.290311058333309e-05,1.0,1.0,3.5591178974913155e-10,1.0,0.0,0.0011098699524304,1.0,0.0,0.0289357320337091,1.0,0.0,0.0605747902633694,1.0,1.0,0.0006021290202561,1.0,1.0,0.0038213361442732,1.0,1.0,7.3958842778544574e-06,1.0,1.0,0.000724282823472,1.0,0.0,0.0112752335326631,1.0,1.0,0.0853146515922239,1.0,0.0,7.241140868659097e-06,1.0,0.0,0.0813609783480836,1.0,1.0,6.80040810376333e-05,./.,0.0229706606049271,0.0,7.656535447215334e-05,0.0,0.0352575576171323,1.0,0.0,0.0,3.9922848515411336e-10,1.0,0.0,1.0,1.0,4.162550010838459e-10,1.0,0.0999717404807722,1.0,0.0005652515785775,1.0,1.0,1.0,0.0021860761006011,1.0,1.0,1.0,0.0002108665131604,1.0,1.0,0.0,0.0002054234920872,1.0,0.0,0.0,0.0395770022547912,1.0,1.0,0.0,decoy&segdup,0.0,5.09059517285914e-05,0.0,0.0010520180972346,1.0,0.0,0.0,3.3498707218771945e-05,1.0,1.0,1.0,1.0,0.0003217384116505,1.0,0.5205448443679438,0.0,2.887188162135328e-06,1.0,1.0,0.0,4.041938022021694e-06,1.0,1.0,1.0,0.0001134042019281,1.0,1.0,1.0,0.0001094403194916,1.0,1.0,1.0,0.0008729842356693,1.0,1.0,1.0,1.0,5.844733737445317e-05,0.0,0.0073930557470974,1.0,0.0,1.0,5.984875598245367e-08,1.0,0.0,1.0,0.0,0.0001882179848891,1.0,1.0,1.0,2.208564090833798e-09,1.0,0.0,0.0,3.1121016022881583e-10,1.0,0.0,1.0,0.0313720065980235,1.0,0.0,0.0,0.0999637438773969,1.0,1.0,0.0,0.0846949837569275,1.0,0.0,0.0,0.0,0.0007751080629215,0.0,9.051394664596385e-09,1.0,0.0,1.0,2.555389676857559e-12,1.0,0.0999687176674839,1.0,0.00171378313282,1.0,1.0,1.0,1.0,0.0001881390309593,1.0,0.989984256064742,1.0,0.0002373922424144,1.0,1.0,0.0,0.0914654978465882,1.0,0.0,0.0,0.0006402019231108,1.0,0.0,0.0,0.0065573567619919,1.0,0.0,1.0,5.3178681049029215e-08,1.0,1.0,0.0,0.9993096752174848,0.8529251810447112,0.9479998136073616,7.415386034096486,0.6273071639291041,5.925785816378422,A,E,1,1.0,0.0,0.0,1.0,0.0,-8.363356813275722,1.3936644808422862,0.537106578230363,0.06016231779068659,3.684408486154925,-2.1025432637324837,0.9977244319999818,1.1190454787810744,-0.7511752200668553,-0.2757039966044077,20.0,291.0,0.0668738415288039,3.5553378918074837e-12,-1.17474372829042,-11.448996982916654,1.0,1.0,0.0,1.0,400.0,0.0,0.0,0.0,82.0,94,0.8723404255319149,43.941989383819596,5.127346891789729,0.9473453858422087,1.4896002177180643,0.9993096752174848,5.0,0.0,5.0,0.0,0.0,0.0,0.0,1.0,0.6665948391962506,0.0,0.0,0.0,0.0,0.0,0.0,0.0,1.0,1.0,0.0,0.0,1.0,1.0,polar,neg_charged,polar_to_neg_charged,0.0,0.0,0.0,0.0,0.0,0.0,1.0,0,0.7254099183173781
VAR_001848,,,,,,,0.0022428566680636,0.0007611476198683,0.0001007100007276,2.763864952230375e-10,0.0004468363918344,9.87266930572018e-07,0.0343044273387714,0.0001375063672073,0.0004945110104595,0.0001038555223875,0.0929509516927938,0.0071737905211803,0.0018643116706134,0.0004988251258504,0.0011320438226916,0.000706335742152,0.00014385394734,0.0003187342748356,0.000249155056681,0.0036144525030504,gnomADe_MID,,,,,,,,,,,,,1.0,1.7022086808925547e-06,1.0,0.0,2.5531237594348223e-06,1.0,1.0,1.135988486367576e-05,1.0,1.0,0.0007797992442234,1.0,0.0,0.0009789753723621,1.0,0.0,0.0016779882699353,1.0,0.0,0.0003533454404299,1.0,0.0,0.0003643516838633,1.0,0.0,0.0041075262269672,1.0,0.0,0.0010895883777239,1.0,0.0,0.0006854531607007,1.0,1.0,0.0001221192384769,1.0,1.0,0.0707874140249795,1.0,1.0,0.0009563196778966,1.0,1.0,0.0028416741669822,1.0,1.0,0.0409554144614002,1.0,0.0,0.0001332023973935,1.0,1.0,0.0001804710310559,1.0,1.0,0.0030055557696327,1.0,AllofUs_SAS,0.0,0.0348489205912581,1.0,C/C,C/C,5.619952919125885,4.725211927774634,4.095523766529215,1.0,0.0028207627025654,1.0,1.0,0.0006679696822673,1.0,0.0,1.2222041301799934e-05,1.0,0.0,0.0002438579114242,1.0,1.0,5.8054084417342505e-05,1.0,1.0,9.594000000395322e-05,1.0,0.0,4.056976108657926e-05,1.0,1.0,0.0115801272790934,1.0,1.0,0.0570836050404869,1.0,0.0,0.0003686739596825,1.0,1.0,0.0002202499996881,1.0,0.0,5.052828168677824e-05,1.0,1.0,0.0453809835362871,1.0,0.0,0.0895501841617867,1.0,0.0,0.0001998017534439,1.0,1.0,0.0002431478044173,1.0,0.0,0.0004575600472932,1.0,1.0,0.0007154151496681,1.0,1.0,0.0282437247232918,1.0,1.0,2.532210179352361e-05,1.0,1.0,0.0001124116478512,1.0,1.0,0.084898349501016,1.0,0.0,0.0003076251750417,1.0,0.0,0.0007537204458598,1.0,0.0,8.452229998110605e-05,1.0,1.0,2.293427063734168e-05,1.0,1.0,0.0002748026315573,1.0,0.0,0.0102155598566627,1.0,1.0,0.0004469317055168,C/C,0.0019534692742969,0.0,0.031798168724686,1.0,0.0001053884831895,1.0,0.0,1.0,0.0479044884770818,1.0,0.0,1.0,1.0,8.571823191104056e-07,1.0,1.2908276574127917e-18,0.0,0.0001949226806063,1.0,1.0,0.0,1.7979736437345376e-05,1.0,0.0,0.0,0.0004667234541187,1.0,0.0,0.0,0.0003454247511889,1.0,0.0,0.0,0.0010509889638911,1.0,0.0,0.0,,0.0,0.0002317597775899,0.0,1.1282141219563745e-08,1.0,1.0,0.0,0.023193023279356,1.0,0.0,1.0,0.0,0.0003524928042467,1.0,1.0,1.0,0.0200374551734515,1.0,0.0,0.0,0.0248503936670269,1.0,1.0,1.0,0.0001953758495729,1.0,1.0,0.0,0.000326271890144,1.0,0.0,1.0,0.0003283483603588,1.0,0.0,1.0,1.0,0.0001712007417503,1.0,9.291167306438641e-08,1.0,0.0,0.0,0.0056232065676671,1.0,0.0,1.0,0.0,1.336330683719936e-08,1.0,0.0,0.3822346046319366,1.1536305838348492e-05,1.0,1.0,1.0,1.1010666118956424e-05,1.0,1.0,0.0,0.0099698809845672,1.0,0.0,0.0,0.0003236612825607,1.0,0.0,0.0,0.0826006938975035,1.0,0.0,1.0,0.0,0.0001039488347213,0.0,0.0704209928227141,1.0,0.0,0.0,4.342337582025123e-05,1.0,1.7650695540347224e-09,0.0,0.0001050669,1.0,0.0,1.0,0.0,1.1460322500606209e-07,1.0,1.0,0.0,0.0001492112511306,1.0,1.0,0.0,5.095898371267445e-05,1.0,0.0,1.0,0.069569435922845,1.0,1.0,0.0,0.0801328013039862,1.0,1.0,1.0,0.0004862569799926,1.0,1.0,0.0,0.9717982716417763,1.0,1.0,4.1935294222559705,0.5792388130504337,5.365326176536329,T,M,0,1.0,0.0,0.0,1.0,0.0,-9.664425758298718,1.3499860969377946,-0.12602191691733247,0.37741946761678713,-0.3605297514815905,0.1824212032362198,0.9587085413505725,0.7733978267010226,-0.6324834664635439,-0.07939666817866306,20.0,315.0,0.0929509516927938,2.763864952230375e-10,-1.0317461592776302,-9.558481609917536,1.0,1.0,0.0,1.0,400.0,0.0,0.0,0.0,94.0,103,0.912621359223301,22.499653181305227,4.591952784552495,0.9717982716417763,-1.1717967542803587,1.0,4.0,0.0,4.0,0.0,0.0,0.0,1.0,0.0,0.6590443844793896,0.0,0.0,0.0,0.0,0.0,0.0,1.0,0.0,0.0,0.0,0.0,1.0,0.0,polar,hydrophobic,polar_to_hydrophobic,0.0,0.0,0.0,0.0,0.0,0.0,1.0,0,0.7291240191061071
VAR_001782,,,,,,,,,,,,,,,,,,,,,,,,,,,,,,,,,,,,,,,,,,,,,,,,,,,,,,,,,,,,,,,,,,,,,,,,,,,,,,,,,,,,,,,,,,,,,,,,,,,,,T/T,T/T,5.66856817807293,5.67364259261037,,,,,,,,,,,,,,,,,,,,,,,,,,,,,,,,,,,,,,,,,,,,,,,,,,,,,,,,,,,,,,,,,,,,,,,,,,,,,,,,,,,,,,,,T/T,,,,,,,,,,,,,,,,,,,,,,,,,,,,,,,,,,,,,,,,,,,,,,,,,,,,,,,,,,,,,,,,,,,,,,,,,,,,,,,,,,,,,,,,,,,,,,,,,,,,,,,,,,,,,,,,,,,,,,,,,,,,,,,,,,,,,,,,,,,,,,,,,,,,,,,0.9821491734221434,1.0,1.0,5.952335085538501,0.623614451064136,8.941602712820853,W,G,1,1.0,1.0,1.0,1.0,1.0,7.9832658475143266,1.110473819360434,0.7581133467456967,0.8939678506860212,-0.051531957628236036,0.3355656458072709,-0.36501707859039345,0.34222455309622,-0.05071508944522977,-0.11988723048277419,0.0,0.0,0.0,,-15.0,-14.698970004336019,0.0,0.0,1.0,0.0,0.0,1.0,0.0,0.0,0.0,1,0.0,53.2234155484698,5.572363382624941,0.9821491734221434,-2.9892676272823513,1.0,5.0,0.0,5.0,0.0,0.0,0.0,0.0,0.0,0.8215209917795393,0.0,0.0,0.0,0.0,0.0,0.0,0.0,1.0,0.0,0.0,0.0,1.0,0.0,hydrophobic,special,hydrophobic_to_special,1.0,0.0,0.0,0.0,1.0,0.0,1.0,0,0.640920662415033
VAR_001982,,,,,,,1.846800741925268e-06,1.6499366825147183e-09,1.2606859434994216e-06,7.201843607582305e-10,2.267118156419001e-05,1.936368747435386e-11,0.0407466230162322,0.0275548128926864,0.0007324552953176,,,,,,,,,,,0.0091618103304079,gnomADe_EAS,,,,,,,,,,,,,,,,,,,,,,,,,,,,,,,,,,,,,,,,,,,,,,,,,,,,,,,,,,,,,,,,,,,,,,,,,,T/T,T/T,5.848545691757335,5.926212351047461,,,,,,,,,,,,,,,,,,,,,,,,,,,,,,,,,,,,,,,,,,,,,,,,,,,,,,,,,,,,,,,,,,,,,,,,,,,,,,,,,,,,,,,,T/T,3.443039788157579e-05,1.0,0.0137579299884022,0.0,0.0088296882108831,1.0,0.0,1.0,0.0006844959010997,1.0,0.0,1.0,1.0,3.849698393733093e-06,1.0,0.0341266115220354,0.0,0.0003554749564882,1.0,1.0,1.0,2.344837692054749e-07,1.0,0.0,0.0,0.0257629638900905,1.0,1.0,,,,,0.0,0.0003988634964406,1.0,0.0,0.0,,0.0,3.801510000103828e-06,1.0,2.9115472083521457e-08,1.0,0.0,1.0,3.129970211309412e-11,1.0,0.0,1.0,0.0,0.0028173893165663,1.0,0.0,0.0,5.848674395544379e-06,1.0,1.0,0.0,0.072629040634163,1.0,1.0,0.0,8.774601029892116e-06,1.0,0.0,0.0,0.0793877084794113,1.0,0.0,1.0,1.106805546711772e-05,1.0,1.0,1.0,1.0,2.543232896060946e-05,0.0,3.701831666461453e-08,1.0,0.0,1.0,0.0050011090830526,1.0,0.0,1.0,0.0,0.0187483388219074,1.0,0.3112144178539718,1.0,0.0026058251975141,1.0,0.0,1.0,0.0019586011915573,1.0,0.0,1.0,1.0054131268404606e-05,1.0,1.0,1.0,1.0111146032624014e-05,1.0,1.0,0.0,1.7153764163286467e-27,1.0,0.0,0.0,0.0,0.0153131972386214,1.0,0.0997523890442371,1.0,1.0,1.0,1.0405992180934808e-06,1.0,0.0999038946341321,1.0,4.726774137206292e-15,1.0,1.0,1.0,1.0,3.6247266143939885e-10,1.0,0.0,0.0,2.005173058989117e-05,1.0,1.0,1.0,0.0075181036829956,1.0,1.0,0.0,1.5293324145596924e-06,1.0,0.0,0.0,0.0015906410662093,1.0,1.0,0.0,2.6843695153370817e-08,1.0,1.0,0.0,0.9849932342045044,0.9474981448679276,0.9709278599304688,7.758103132844985,0.6467247849494671,7.909170326362171,I,N,1,1.0,0.0,1.0,1.0,1.0,-0.8344738998154728,6.646869825739767,4.9079195580532105,-3.888011868618425,2.014516336308796,0.8339448968666308,0.09905020851315394,-0.2427189932341558,0.7844412559356634,0.03594491835743668,10.0,155.0,0.0407466230162322,1.936368747435386e-11,-1.3899083787323019,-10.712989507676546,0.0,1.0,0.0,0.0,100.0,0.0,1.0,0.0,40.0,47,0.851063829787234,61.36015908715495,5.837279070240918,0.9563573729321705,-0.15106719351718567,0.9849932342045044,5.0,0.0,5.0,0.0,0.0,0.0,1.0,0.0,0.7443301190540322,0.0,0.0,0.0,0.0,0.0,0.0,0.0,1.0,0.0,0.0,0.0,1.0,0.0,hydrophobic,polar,hydrophobic_to_polar,0.0,0.0,0.0,0.0,0.0,0.0,1.0,0,0.8471653588081428
VAR_001879,,,,,,,4.6004871036829777e-05,2.8840285965761873e-09,2.020208855751991e-05,0.0077465832760501,0.0002870848222068,8.357128958124595e-06,1.9017344253663436e-08,0.0002784351714566,9.461796749422448e-11,5.927473906405359e-06,0.0999073326733715,0.0038997160582306,1.703470482692322e-05,0.0019409542377107,0.0005677303868783,0.0027270115405663,0.0001241282779922,6.430418447074953e-07,0.0010975321582149,4.247064393214849e-05,gnomADe_AMR,,,,,,,,,,,,,1.0,0.0111304185359444,1.0,0.0,0.0974689782586533,1.0,1.0,0.098749325848732,1.0,0.0,5.920648064130479e-06,1.0,0.0,0.0644537356662876,1.0,1.0,1.3244623499952786e-05,1.0,0.0,0.0001338028072335,1.0,1.0,1.373103759832803e-06,1.0,0.0,9.388469884192795e-05,0.0,0.0,0.0009074940251534,0.0,1.0,2.4488305085168608e-05,0.0,0.0,0.0340621253962653,1.0,1.0,0.0275835110710619,1.0,0.0,1.8342000732637645e-06,1.0,1.0,1.1259008340564217e-05,1.0,0.0,0.005614321072159,0.0,1.0,2.05166502336055e-05,0.0,1.0,0.0613386345644318,1.0,0.0,0.06535390247193,1.0,AllofUs_AMR,1.0,0.0004779328547479,0.0,T/T,T/T,5.261995495611431,5.0574907623027805,3.3405867925157344,1.0,4.359402165243536e-06,1.0,1.0,0.0010628816146136,1.0,0.0,3.6600674416068413e-09,1.0,1.0,0.0001193874287767,1.0,1.0,0.0006658408987099,1.0,1.0,8.540570683771469e-06,1.0,0.0,3.5127e-05,1.0,0.0,0.0001011489933482,1.0,1.0,8.659703025846088e-05,1.0,1.0,0.0191792878049734,1.0,1.0,2.9953464728557706e-07,1.0,0.0,8.034145794063806e-05,1.0,1.0,1.0980159099482109e-07,1.0,1.0,0.0079419651893804,1.0,0.0,8.735409277116395e-07,1.0,1.0,0.0080321127056815,1.0,0.0,0.0080241969665477,1.0,0.0,1.873004668070797e-11,1.0,1.0,0.0383258420892569,1.0,0.0,0.0002356559936531,1.0,1.0,1.754153598104674e-05,1.0,0.0,0.0549765118879837,1.0,0.0,0.0011606686331217,1.0,1.0,3.749400041223166e-06,1.0,1.0,8.30172293051768e-05,1.0,1.0,0.0467629540217853,1.0,1.0,5.963592270437084e-05,1.0,1.0,1.0008000000000015e-06,1.0,0.0,0.0005790043048807,T/T,0.0097725832624525,1.0,0.0027115182187947,1.0,0.0097009316395547,1.0,0.0,0.0,8.170355012966623e-05,1.0,0.0,1.0,0.0,0.0006515597393097,1.0,4.959653638689687e-05,0.0,0.0001360706449279,1.0,1.0,0.0,0.0430216007586471,1.0,1.0,1.0,0.013288200352846,1.0,0.0,1.0,0.0277630552727383,1.0,0.0,1.0,3.855145567923706e-11,1.0,0.0,1.0,,0.0,0.0456261138978856,1.0,0.0998100808909674,1.0,0.0,0.0,0.0025618680741627,1.0,1.0,1.0,0.0,0.01407763046374,1.0,1.0,1.0,9.76357094487602e-11,1.0,1.0,1.0,1.1718508642294228e-05,1.0,1.0,1.0,0.0016295783438833,1.0,1.0,1.0,0.0037547829035815,1.0,1.0,1.0,0.0014013186946543,1.0,0.0,1.0,0.0,0.0077807179085218,0.0,0.0985148373231408,1.0,0.0,0.0,2.965403300567445e-05,1.0,0.0,1.0,0.0,0.006614359168526,1.0,0.0064692064971285,0.0,0.0008143139406281,1.0,1.0,0.0,0.0002037655140842,1.0,1.0,0.0,0.0132016322438668,1.0,1.0,0.0,0.0020763936790614,1.0,1.0,1.0,3.1071513034261628e-12,1.0,0.0,0.0,1.0,0.0015316628593265,0.0,0.0049012287850472,1.0,1.0,0.0,0.0008861902539845,1.0,0.0999999999999999,0.0,1.5043590573909684e-05,1.0,1.0,1.0,1.0,0.0099781305008969,1.0,1.0,1.0,3.3288238551664166e-06,1.0,1.0,1.0,0.0122077960630272,1.0,0.0,1.0,0.000227925755633,1.0,1.0,1.0,0.0031652614977298,1.0,1.0,1.0,0.016286071829486,1.0,1.0,0.0,0.9686405468126348,1.0,1.0,6.692500252228119,0.6397132478501961,7.84180665119617,L,S,1,1.0,0.0,0.0,1.0,0.0,-9.664425758298718,1.3499860969377946,-0.12602191691733247,0.37741946761678713,-0.3605297514815905,0.1824212032362198,0.9587085413505725,0.7733978267010226,-0.6324834664635439,-0.07939666817866306,20.0,315.0,0.0999073326733715,9.461796749422448e-11,-1.0004026356707527,-10.024021795391315,1.0,1.0,0.0,1.0,400.0,0.0,0.0,0.0,91.0,103,0.883495145631068,52.48129299105451,4.898890617496814,0.9686405468126348,-1.1493063989680508,1.0,6.0,0.0,6.0,0.0,0.0,0.0,1.0,0.0,0.7230454294937407,0.0,1.0,0.0,0.0,0.0,0.0,0.0,0.0,0.0,0.0,0.0,1.0,0.0,hydrophobic,polar,hydrophobic_to_polar,0.0,0.0,0.0,0.0,0.0,0.0,1.0,0,0.833271300517974
VAR_001886,,,,,,,0.0009472181736121,0.0974970145113453,0.0330270683875225,0.0162879926347239,0.0001081709198485,2.459124744277691e-05,0.0104841520832185,1.5084179613112894e-05,1.0613915157015993e-05,5.963896568475031e-06,4.94092767760384e-16,0.0110574786497731,5.266070363850734e-05,0.0005295642793401,3.5563289040372026e-12,0.0136008651414528,0.0341845928979773,0.019822218263554,1.0679542465889298e-05,0.022787747118616,gnomADe_REMAINING,,,,,,,,,,,,,1.0,7.526158371934968e-05,1.0,1.0,0.0955555313542242,1.0,0.0,0.0962372798545099,1.0,1.0,2.1136610840113207e-05,1.0,0.0,0.0005759197462209,1.0,0.0,1.7440954320512226e-07,0.0,1.0,2.8324366907370564e-06,0.0,1.0,9.533337815646274e-05,1.0,0.0,1.886415016265322e-34,1.0,0.0,1.791337079208154e-08,1.0,1.0,1.5016477776059664e-14,1.0,0.0,8.080051641841311e-06,1.0,0.0,0.0030835469520901,0.0,0.0,0.0191863192930449,1.0,1.0,2.1756580908446665e-07,0.0,1.0,0.0174469361818798,0.0,1.0,7.016685352487831e-06,1.0,0.0,0.0001486180250249,0.0,1.0,7.009200000000012e-06,1.0,AllofUs_EUR,1.0,6.382004584389105e-10,0.0,T/T,T/T,4.804660746362689,4.775587007189824,,0.0,0.0981928416983912,1.0,1.0,0.0236124195976485,1.0,0.0,0.0216047549381889,1.0,1.0,0.0091785001010187,1.0,0.0,9.406799107568195e-06,1.0,1.0,9.60948675583941e-05,1.0,0.0,0.0034609305499979,1.0,1.0,0.0012605070177709,1.0,0.0,2.4297091414607045e-08,1.0,1.0,0.0255942594677345,1.0,0.0,0.0001521056774663,1.0,0.0,0.0004435790031937,1.0,0.0,0.0993554893351289,1.0,1.0,0.0259625561069128,1.0,0.0,3.355217024597972e-06,1.0,0.0,0.0002793521108887,1.0,0.0,6.672655404248227e-06,1.0,0.0,4.407112974940285e-07,1.0,1.0,7.234199809438803e-05,1.0,1.0,6.645640378689311e-17,1.0,0.0,0.0220117000689361,1.0,0.0,2.0555840941450063e-05,1.0,0.0,7.731906670192556e-07,1.0,0.0,0.0021053400070343,1.0,1.0,1.5279545732572565e-06,1.0,0.0,0.0912172855944502,1.0,0.0,1.713276408330509e-06,1.0,1.0,0.0001035275588626,1.0,1.0,2.310680235430839e-05,T/T,5.3144675353386894e-05,1.0,1.2143614375631036e-05,1.0,0.0121397373765273,1.0,0.0,0.0,0.0013603825595024,1.0,0.0,1.0,0.6764534783042995,4.58669725087801e-07,1.0,0.0976312845931812,1.0,0.008358465635921,1.0,0.0005857133833254,1.0,0.0022039688736358,1.0,0.0,1.0,2.175817150030288e-05,1.0,1.0,1.0,0.0353877441291957,1.0,1.0,0.0,3.430634184497239e-08,1.0,1.0,1.0,,0.0,0.0088247072902385,0.0,0.0999552403028851,1.0,0.0,1.0,6.66111535149976e-08,1.0,0.0,1.0,0.0,0.0053672791781223,1.0,1.0,0.0,4.2493384929666325e-07,1.0,0.0,0.0,0.0335897091461677,1.0,1.0,1.0,0.0089513377875682,1.0,0.0,0.0,0.0995074120917121,1.0,0.0,1.0,0.0055683466333755,1.0,0.0,0.0,0.0,6.65228959590515e-05,1.0,4.2679478647133934e-05,1.0,0.0,0.0,5.462626731638696e-13,1.0,0.0,1.0,0.0,1.0729841412320594e-06,1.0,0.0,0.0,0.0057045222041436,1.0,0.0,0.0,6.842678251338542e-25,1.0,0.0,1.0,0.001953387668482,1.0,1.0,1.0,2.015856407712536e-05,1.0,0.0,1.0,0.0007399093280899,1.0,1.0,0.0,0.0,5.679334151459256e-06,0.0,1.2685611892081804e-08,1.0,0.0,0.5530770010518015,5.965561511943751e-05,1.0,4.53685185979393e-11,0.0,1.3385789537699927e-14,1.0,1.0,1.0,0.0,0.0008185138758713,1.0,1.0,0.0,2.3084405060109108e-08,1.0,1.0,0.0,0.0002808628665909,1.0,1.0,1.0,6.91018200629607e-06,1.0,1.0,1.0,7.526601667643314e-06,1.0,0.0,0.0,0.0036949510946897,1.0,0.0,1.0,1.0,0.9760382325760892,0.9862213369468072,7.414666986298354,0.6808341514195164,8.099661561837715,Y,N,1,1.0,0.0,0.0,1.0,1.0,-9.664425758298718,1.3499860969377946,-0.12602191691733247,0.37741946761678713,-0.3605297514815905,0.1824212032362198,0.9587085413505725,0.7733978267010226,-0.6324834664635439,-0.07939666817866306,20.0,315.0,0.0974970145113453,4.94092767760384e-16,-1.0110086827742777,-14.825622436472658,1.0,1.0,0.0,1.0,400.0,0.0,0.0,0.0,84.0,103,0.8155339805825242,60.056293182747865,4.775587007189824,0.9862213369468072,-0.6849945755393616,1.0,5.0,0.0,5.0,0.0,0.0,0.0,1.0,0.0,0.686920920297272,0.0,0.0,0.0,1.0,0.0,0.0,0.0,0.0,0.0,0.0,0.0,1.0,0.0,hydrophobic,polar,hydrophobic_to_polar,0.0,0.0,0.0,0.0,0.0,0.0,1.0,0,0.777664050949619
VAR_001888,,,,,,,6.864655470987033e-05,0.0993993619829538,3.6094388951606473e-13,0.000702543139485,3.940042747643701e-08,0.0003140969254154,0.0003888351354349,0.0086021843796228,0.0409109620576756,0.0116789791446224,0.0440311016213995,4.136493607895832e-06,0.0648869093030435,1.334346074763253e-07,0.000342171074322,0.0203314251137579,1.716588782547375e-12,0.0035883454835272,0.0001886293596132,0.0074546226329539,gnomADe_SAS,,,,,,,,,,,,,1.0,7.509143726916274e-07,1.0,0.0,0.071200279728264,1.0,1.0,0.0075643848706972,1.0,0.0,5.772200522958434e-14,1.0,1.0,2.5882961917206087e-16,0.0,0.0,0.0002972335223495,1.0,0.0,5.730021667962577e-07,1.0,0.0,0.0015279800039565,1.0,1.0,0.000268795434482,1.0,1.0,1.9344081281474577e-06,0.0,1.0,3.582593654712132e-05,1.0,0.0,0.0264035329425157,1.0,,,,,,,,,,,,,,,,,,,,,,,,,,T/T,T/T,4.746937881450694,4.860902252898324,,0.0,0.0370015277182408,1.0,1.0,2.5866749180862647e-05,1.0,0.0,0.0007817240187314,1.0,1.0,0.0155473473207705,1.0,1.0,0.0024530170751648,1.0,1.0,0.0030637391755696,1.0,0.0,6.523990383564216e-05,1.0,0.0,8.266589165599833e-05,1.0,1.0,0.0001249752410324,1.0,0.0,0.0809407603713315,1.0,1.0,4.142018619424753e-11,1.0,0.0,0.0329348831265337,1.0,1.0,4.161794192312648e-06,1.0,0.0,6.55421207641778e-06,1.0,0.0,0.0060652707477556,1.0,0.0,6.400569905058414e-07,1.0,0.0,1.2755740142983485e-05,1.0,0.0,5.6367247866948345e-05,1.0,1.0,2.028179080725265e-12,1.0,1.0,1.3050000005830404e-05,1.0,0.0,1.5779279393461432e-06,1.0,0.0,0.0008505000099792,1.0,1.0,0.0215862240764812,1.0,1.0,1.148246563431612e-05,1.0,1.0,3.790124093173934e-07,1.0,0.0,9.270915479604666e-07,1.0,1.0,1.1394784973387286e-05,1.0,0.0,6.6303220933117685e-06,1.0,,,T/T,0.0008609400000985,0.0,0.0002891021028305,0.0,0.0046812522222009,1.0,0.0,1.0,4.332845750685645e-12,1.0,1.0,1.0,1.0,2.7928671494525983e-05,1.0,0.0131339573140304,1.0,5.936558413864664e-05,1.0,0.0,1.0,0.0005060003442581,1.0,0.0,0.0,4.2337752192648375e-09,1.0,1.0,0.0,0.0008609703408483,1.0,1.0,0.0,0.0037253822578721,1.0,0.0,0.0,,0.0,9.15381000119227e-05,0.0,1.4543834930455944e-08,1.0,1.0,1.0,0.0326971449784435,1.0,0.0,1.0,0.0,0.0354657062189662,1.0,1.0,0.0,1.386740626237249e-06,1.0,0.0,0.0,2.931582800464759e-15,1.0,1.0,1.0,4.456688931297772e-12,1.0,1.0,1.0,0.0017350856786562,1.0,0.0,0.0,0.0007085223,1.0,0.0,1.0,0.0,0.0001041450009936,0.0,1.2693417572287877e-18,1.0,1.0,0.0,8.701044617308521e-10,1.0,1.0,1.0,0.0,8.753929395827084e-11,1.0,0.3663396716911674,1.0,3.20197519834223e-08,1.0,0.0,0.0,7.711909014826718e-11,1.0,0.0,1.0,9.687826962843232e-16,1.0,1.0,1.0,0.0007521318177088,1.0,1.0,1.0,0.0944723856196531,1.0,0.0,1.0,0.0,3.479805082088572e-05,1.0,0.0999825255755886,1.0,1.0,0.0,3.0951816648452068e-06,1.0,0.0313890703582743,1.0,2.4213267971344933e-07,1.0,0.0,1.0,0.0,4.1255697079352047e-08,1.0,0.0,0.0,0.0300210606433775,1.0,1.0,1.0,8.229762090360916e-08,1.0,0.0,1.0,3.7146797415753086e-18,1.0,0.0,0.0,0.0057473248727088,1.0,1.0,1.0,0.0005939341925361,1.0,1.0,1.0,0.996782473415922,0.974715074115246,1.0,7.325981361219916,0.6949656641257441,7.941725320192397,Y,D,1,1.0,0.0,0.0,1.0,1.0,-8.26568846521654,1.3637888480619804,0.6414830969561709,0.050387342602180474,3.7796390356231053,-1.9992840777420142,1.0196294081280208,0.9748781478944955,-0.5865199365450671,1.0784645594951803,20.0,289.0,0.0993993619829538,3.6094388951606473e-13,-1.0026164032100444,-12.441358750909702,1.0,1.0,0.0,1.0,400.0,0.0,0.0,0.0,81.0,93,0.8709677419354839,58.18093167165777,4.845262170677019,0.996782473415922,-0.6157439589724811,1.0,5.0,0.0,5.0,0.0,0.0,0.0,1.0,0.0,0.7328486700971664,0.0,0.0,0.0,0.0,0.0,0.0,0.0,1.0,0.0,0.0,0.0,1.0,0.0,hydrophobic,neg_charged,hydrophobic_to_neg_charged,0.0,0.0,0.0,0.0,0.0,0.0,1.0,0,0.8405203744084969
VAR_001815,,,,,,,0.0275091685757534,0.0004181410854266,0.0198407238741022,0.0080020947264323,2.3880953113951813e-07,0.0104114927357203,1.5611959666636345e-08,4.66121613125347e-05,0.0280987396524396,7.401016262571097e-05,0.0001929048019151,1.4560684174345352e-13,0.000117900011734,1.6817682137362577e-06,7.822760756593973e-05,1.5894656307519868e-17,0.0002214920072155,1.539231337944619e-07,1.7464981671882642e-10,0.0003956817310945,gnomADe_AFR,,,,,,,,,,,,,0.0,0.0003105590062112,1.0,1.0,0.026689110428693,1.0,1.0,0.078821935247839,1.0,1.0,5.9136001262958624e-08,0.0,0.0,8.329632400616022e-14,0.0,1.0,2.466545768296941e-07,1.0,0.0,0.0003592269320193,1.0,0.0,0.0006354548640726,1.0,0.0,0.0012883374942131,1.0,0.0,4.283898314400485e-05,1.0,1.0,0.007618663430973,1.0,1.0,5.722887637944424e-05,0.0,1.0,0.0002919600004061,1.0,1.0,0.0026270510471315,1.0,1.0,0.0362675687513757,1.0,1.0,1.256807827109192e-06,1.0,0.0,0.0006479750939393,0.0,1.0,0.0371957061501474,1.0,0.0,0.0002919600333908,1.0,AllofUs_AFR,0.0,9.313659920674683e-08,0.0,T/T,T/T,5.530908468426295,5.731055734831288,,0.0,0.0855420499249062,1.0,0.0,0.0004646012206205,1.0,1.0,2.593584869561531e-09,1.0,1.0,0.0024184562081806,1.0,1.0,3.72895972602735e-06,1.0,1.0,1.6400245537534095e-06,1.0,1.0,6.3397543725198775e-09,1.0,0.0,0.0042492116134114,1.0,0.0,0.082719519868484,1.0,0.0,0.0693040377800353,1.0,0.0,0.0044296381727676,1.0,1.0,1.6874799414966187e-06,1.0,1.0,0.0030762944091052,1.0,0.0,7.125254193103945e-06,1.0,1.0,0.0257848895044765,1.0,0.0,2.7711035015890148e-06,1.0,1.0,9.1157474225185e-08,1.0,1.0,0.0003379408370028,1.0,1.0,0.0038143778901812,1.0,0.0,0.0004073818539868,1.0,0.0,0.0028948663547275,1.0,0.0,0.0030582232899514,1.0,0.0,0.0002775001059534,1.0,1.0,0.0015657340080043,1.0,0.0,1.7343000021438536e-05,1.0,1.0,0.0015944025678944,1.0,1.0,0.0724653219240548,1.0,1.0,0.0016657360465121,1.0,1.0,0.0947038630550957,T/T,0.0216902419314328,1.0,0.0881701586987205,0.0,0.0003776225131879,1.0,1.0,1.0,0.0679173687495703,1.0,0.0,1.0,1.0,0.0074193334650079,1.0,0.0003154451335252,0.0,0.0086345268493833,1.0,1.0,0.0,2.4233422664515097e-13,1.0,0.0,1.0,3.905813539827062e-08,1.0,0.0,1.0,0.0053525689844128,1.0,1.0,1.0,0.0027271414207104,1.0,1.0,1.0,,1.0,1.1704363970905132e-05,1.0,0.0049791770823828,1.0,0.0,0.0,0.0620613503702672,1.0,1.0,1.0,0.0,0.003064105146258,1.0,1.0,1.0,0.0062592940660935,1.0,0.0,0.0,0.0007167321494783,1.0,0.0,1.0,0.0157652711096271,1.0,1.0,1.0,0.000181647,1.0,1.0,1.0,4.27738600679707e-05,1.0,0.0,0.0,0.0,0.0509431613456925,0.0,0.0001669554000005,1.0,1.0,0.0,2.940048845518265e-06,1.0,1.0,1.0,1.0,0.0338291175350284,1.0,0.0,1.0,0.0085645691586889,1.0,0.0,0.258829370146216,1.3904699424134906e-07,1.0,1.0,0.0,0.000358359208776,1.0,0.0,0.0,0.000166955400293,1.0,1.0,1.0,0.0011953863551702,1.0,0.0,0.0,1.0,2.076865949533369e-05,1.0,0.0002710334975241,1.0,1.0,0.6468365135502023,3.253449561025964e-05,1.0,0.0002397334380748,1.0,4.544890772936809e-05,1.0,0.0,1.0,1.0,8.707489054377234e-05,1.0,0.0,0.0,0.0039082601366853,1.0,1.0,1.0,1.862823049576477e-12,1.0,0.0,1.0,5.449108365212635e-06,1.0,0.0,0.0,0.0024760467402207,1.0,1.0,1.0,0.0045511245125143,1.0,0.0,0.0,0.9797688122886344,0.9991511061728088,1.0,5.142091180154897,0.6151930567481065,7.6988141181632015,F,V,1,1.0,0.0,0.0,1.0,1.0,-9.664425758298718,1.3499860969377946,-0.12602191691733247,0.37741946761678713,-0.3605297514815905,0.1824212032362198,0.9587085413505725,0.7733978267010226,-0.6324834664635439,-0.07939666817866306,20.0,315.0,0.0280987396524396,1.5894656307519868e-17,-1.551313159606162,-14.993151324095711,0.0,1.0,0.0,1.0,400.0,0.0,0.0,0.0,89.0,103,0.8640776699029126,39.588004174659,5.615109670475618,0.9797688122886344,-2.5567229380083045,1.0,5.0,0.0,5.0,0.0,1.0,0.0,1.0,0.0,0.6666356502589871,1.0,0.0,0.0,0.0,0.0,0.0,0.0,0.0,0.0,0.0,0.0,1.0,0.0,hydrophobic,hydrophobic,hydrophobic_to_hydrophobic,0.0,0.0,0.0,0.0,0.0,0.0,0.0,0,0.8069457163892331
VAR_001817,,,,,,,0.0001250565922388,0.0004099986100948,2.477875295215023e-27,2.8009166691804304e-09,0.0004046768338384,1.2074264788395038e-10,0.0484585671914181,0.0086861822456634,1.406967712930514e-16,,,,,,,,,,,0.0127792637153326,gnomADe_AFR&gnomADe_AMR&gnomADe_ASJ&gnomADe_EAS&gnomADe_FIN&gnomADe_MID&gnomADe_NFE&gnomADe_REMAINING&gnomADe_SAS,,,,,,,,,,,,,,,,,,,,,,,,,,,,,,,,,,,,,,,,,,,,,,,,,,,,,,,,,,,,,,,,,,,,,,,,,,G/G,G/G,5.521155824421004,5.376259061806312,,,,,,,,,,,,,,,,,,,,,,,,,,,,,,,,,,,,,,,,,,,,,,,,,,,,,,,,,,,,,,,,,,,,,,,,,,,,,,,,,,,,,,,,G/G,0.0009452099980935,0.0,5.366584847572894e-07,0.0,0.0819275431768753,1.0,0.0,1.0,0.0159368090744576,1.0,1.0,1.0,0.0,3.454363515313434e-27,1.0,0.0855606273334577,1.0,0.0406499037230206,1.0,0.3182344469097052,0.0,0.0080914814944521,1.0,0.0,0.0,5.3075471939098935e-05,1.0,1.0,,,,,0.0,0.0465979129014737,1.0,0.0,1.0,,0.0,5.284825206212503e-05,1.0,0.0761248398327715,1.0,1.0,0.0,4.335877444154946e-05,1.0,1.0,1.0,1.0,0.0028323616692962,1.0,1.0,0.0,0.0203806987104246,1.0,1.0,1.0,2.297769231105369e-06,1.0,1.0,1.0,7.807849676232056e-16,1.0,1.0,,,,,0.0,0.0791644382145628,1.0,1.0,0.0,1.0,0.01751813287429,0.0,0.0998016912786827,1.0,1.0,1.0,7.15239550968192e-08,1.0,1.0,1.0,0.0,1.4342002426056003e-05,1.0,0.7482099660765131,0.0,6.929036400749189e-13,1.0,1.0,1.0,8.558330364829184e-07,1.0,0.0,0.0,0.0001427884445915,1.0,1.0,1.0,1.0086759251840924e-05,1.0,0.0,0.0,4.387360966453898e-06,1.0,1.0,0.0,,,,,,,,,,,,,,,,,,,,,,,,,,,,,,,,,,,,,,,,,1.0,0.9857532171291262,0.9969520702991104,6.736919800809707,0.6047911559695004,11.63826525935212,E,K,1,1.0,0.0,1.0,1.0,1.0,1.6636804286838949,7.829421169994177,3.7783467604726457,1.2037027443116695,1.6411170770280488,0.3741891137724729,1.577786720052416,-1.7723799447788129,1.19561547890178,-0.03425519329542135,10.0,111.0,0.0484585671914181,2.477875295215023e-27,-1.3146294310994542,-14.999999999998924,0.0,1.0,0.0,0.0,100.0,0.0,1.0,0.0,27.0,29,0.9310344827586207,78.40605967280501,5.376259061806312,0.9969520702991104,-4.901345458542414,1.0,5.0,0.0,5.0,1.0,1.0,1.0,1.0,0.0,0.8764926646195839,0.0,0.0,0.0,0.0,0.0,0.0,0.0,1.0,0.0,0.0,0.0,1.0,0.0,neg_charged,pos_charged,neg_charged_to_pos_charged,0.0,0.0,0.0,0.0,0.0,0.0,1.0,1,0.8039055130752403
VAR_001896,,,,,,,1.5441957319380734e-06,4.5090103379474014e-13,0.0049254388015245,0.0002527780842174,0.0012538459675064,0.0660431306294073,6.702618539534023e-05,5.056855406262364e-06,0.009469628616936,,,,,,,,,,,0.0185946062201955,gnomADe_SAS,,,,,,,,,,,,,1.0,0.0699031159517771,1.0,0.0,0.0999799368920984,1.0,0.0,0.002454962494703,1.0,1.0,7.495068309384796e-06,0.0,1.0,2.908834931319953e-05,1.0,0.0,2.8912400399473408e-12,0.0,0.0,6.390068222421494e-05,1.0,0.0,1.4016713421485498e-05,1.0,1.0,2.975815053852326e-06,1.0,1.0,0.0042093246927184,1.0,0.0,5.725294067523471e-07,1.0,1.0,0.0158660051554705,1.0,,,,,,,,,,,,,,,,,,,,,,,,,,G/G,G/G,5.628255362283226,5.792745674455517,,,,,,,,,,,,,,,,,,,,,,,,,,,,,,,,,,,,,,,,,,,,,,,,,,,,,,,,,,,,,,,,,,,,,,,,,,,,,,,,,,,,,,,,G/G,8.316223205588563e-05,1.0,0.0020481879222105,1.0,0.0001072981382835,1.0,0.0,1.0,0.0128867546955575,1.0,0.0,1.0,1.0,7.364830542002731e-22,1.0,9.486270287058087e-11,1.0,0.0776454708782659,1.0,0.610978651014101,1.0,4.895842428967335e-15,1.0,1.0,1.0,2.4668034435052603e-08,1.0,1.0,0.0,6.653047915448855e-05,1.0,1.0,1.0,0.0002939877256422,1.0,1.0,0.0,,1.0,0.0010300277574532,0.0,0.0896860220193928,1.0,1.0,0.0,0.0381729501472558,1.0,0.0,1.0,0.0,0.0004517476025849,1.0,1.0,1.0,9.56363732061299e-05,1.0,0.0,0.0,0.0165630372078947,1.0,0.0,1.0,0.0002023278217775,1.0,0.0,1.0,3.180438000011112e-05,1.0,1.0,1.0,0.0001303206905148,1.0,1.0,0.0,0.0,0.0162097814716371,0.0,0.0999144138517699,1.0,1.0,1.0,2.6151579380351207e-10,1.0,0.0,1.0,0.0,1.0673583791914077e-07,1.0,1.0,0.0,8.786622802176961e-11,1.0,1.0,0.0,0.077719050515488,1.0,1.0,1.0,0.023820674517949,1.0,0.0,1.0,0.00359567560447,1.0,0.0,1.0,0.051390077311662,1.0,1.0,1.0,0.0,0.0006836822218586,0.0,0.0007662054804103,1.0,1.0,1.0,0.0003991366379165,1.0,0.0990211658688433,1.0,4.489722308295198e-09,1.0,1.0,1.0,1.0,6.829436305695665e-06,1.0,0.0,1.0,6.977617088779353e-13,1.0,1.0,1.0,1.5928673188007884e-11,1.0,1.0,0.0,6.816123510567246e-11,1.0,1.0,0.0,0.0430853815193779,1.0,0.0,0.0,0.0015608437370053,1.0,0.0,0.0,1.0,0.9929841173522632,1.0,9.283420030427283,0.6350394518001449,11.46395706878012,G,R,1,1.0,0.0,1.0,1.0,1.0,-2.8029061688622097,7.1646766456614746,-0.5134794025951044,-4.180314482026695,3.412540779869976,0.6178643139738134,-0.07979192079494402,-0.6504540713086657,-1.0045132757290764,0.6240473242433858,10.0,195.0,0.0660431306294073,4.5090103379474014e-13,-1.1801723481461972,-12.344956665150681,1.0,1.0,0.0,0.0,100.0,0.0,1.0,0.0,47.0,56,0.8392857142857143,106.42472868027181,5.792745674455517,1.0,-2.1805370383528366,1.0,5.0,0.0,5.0,0.0,0.0,0.0,1.0,0.0,0.7328486700971664,0.0,0.0,0.0,0.0,0.0,0.0,0.0,1.0,0.0,0.0,0.0,1.0,0.0,special,pos_charged,special_to_pos_charged,1.0,0.0,0.0,1.0,0.0,1.0,1.0,-2,0.9077869001212279
VAR_001889,,,,,,,2.6100829532616044e-05,5.438889705920044e-09,0.0500192446436243,0.0012680214844538,5.60248131059696e-05,0.0002362526070592,0.0036710577286447,0.052849169573031,0.0002867937652016,5.945268038182519e-06,0.0947444803025767,6.277339628798018e-05,0.0081230084346065,1.816700327738797e-06,4.885723946197072e-05,0.0082022549799422,2.177332461761072e-05,1.3604389021286328e-26,4.241267112849946e-09,0.0555965169821028,gnomADg_AFR,,,,,,,,,,,,,0.0,1.0982332615390885e-12,1.0,1.0,5.026101959713509e-11,1.0,0.9389084752765944,0.0880929084496224,1.0,0.8647712046513725,0.0002798806625996,1.0,1.0,1.820362643575208e-12,0.0,1.0,5.649828079427387e-05,1.0,1.0,1.540596537342806e-05,1.0,0.0,3.4157534334696146e-08,1.0,1.0,0.0044311342446977,1.0,1.0,7.289035145087993e-05,1.0,0.0,6.8862456228671775e-16,1.0,0.0,0.0020883348583884,1.0,,,,,,,,,,,,,,,,,,,,,,,,,,C/C,C/C,4.836578119798013,4.890144914914103,3.3217254582378595,0.0,4.204383587018197e-23,1.0,1.0,0.0017697509229129,1.0,1.0,0.0137073868613393,1.0,1.0,1.6132381223594294e-25,1.0,1.0,7.4499396807138755e-06,1.0,0.0,3.088018323229164e-12,1.0,1.0,0.0012491637394034,1.0,1.0,5.085151796507179e-06,1.0,1.0,0.0638988991205286,1.0,1.0,2.754107236940048e-05,1.0,0.0,2.057244995266396e-05,1.0,0.0,3.541214941671569e-05,1.0,0.0,1.817229867726164e-07,1.0,0.0,0.0808961436512943,1.0,1.0,2.400207452959408e-11,1.0,0.0,0.022732012736902,1.0,1.0,7.558554467459488e-08,1.0,0.0,2.003601780153921e-07,1.0,1.0,0.0023403018269121,1.0,0.0,0.0013089207759035,1.0,1.0,0.0127181764226076,1.0,0.0,1.4134587162509941e-08,1.0,1.0,0.0027251841921124,1.0,0.0,0.0004579494879503,1.0,0.0,0.0004785630061106,1.0,0.0,1.0835870860983209e-06,1.0,1.0,0.0172754857456539,1.0,1.0,1.8537223440990461e-09,1.0,,,C/C,0.00026865,0.0,1.9004785029707604e-05,0.0,0.0992176306163935,1.0,0.0,0.0,2.6979530293490944e-10,1.0,0.0,1.0,1.0,0.0104959921525091,1.0,0.0999999991448602,0.0,1.655420080672143e-07,1.0,0.0,0.0,0.000800225537165,1.0,0.0,1.0,2.2061589392099943e-05,1.0,0.0,1.0,2.212451251965306e-05,1.0,0.0,0.0,1.36096058615004e-13,1.0,0.0,1.0,,0.0,2.045168382615946e-05,0.0,0.0991852156481266,1.0,0.0,0.0,0.0442192096989228,1.0,1.0,1.0,0.0,0.0045780855884062,1.0,0.0,1.0,0.067015056380349,1.0,1.0,1.0,0.060399262445433,1.0,0.0,0.0,0.0038686647309682,1.0,0.0,1.0,0.0274561615812786,1.0,1.0,0.0,1.3206112253850768e-08,1.0,1.0,0.0,0.0,8.68784033586247e-06,0.0,0.0105583840422333,1.0,0.0,1.0,8.570909585259663e-05,1.0,1.0,1.0,0.0,7.611793806903363e-08,1.0,0.0,0.0,3.612214080462051e-05,1.0,1.0,0.0,0.0002396222858176,1.0,0.0,0.0,0.0053900312526289,1.0,1.0,1.0,0.0002537758211108,1.0,1.0,0.0,3.923869149223355e-09,1.0,1.0,1.0,0.0,6.125083446549171e-05,1.0,0.009822115123873,1.0,1.0,1.0,3.707861732986623e-05,1.0,0.0845151319086227,1.0,0.0136072002701176,1.0,0.0,1.0,0.0,3.3458146733629716e-08,1.0,0.0,0.0,0.0006376876588148,1.0,1.0,1.0,0.0168891211696736,1.0,1.0,1.0,7.079096605934576e-06,1.0,0.0,1.0,3.593008824981836e-05,1.0,0.0,0.0,0.0047978144434399,1.0,1.0,1.0,0.9798433402638131,1.0,1.0,6.937171223373096,0.6099672929301383,7.566503059497692,P,H,1,1.0,0.0,0.0,1.0,0.0,-8.26568846521654,1.3637888480619804,0.6414830969561709,0.050387342602180474,3.7796390356231053,-1.9992840777420142,1.0196294081280208,0.9748781478944955,-0.5865199365450671,1.0784645594951803,20.0,289.0,0.0947444803025767,1.3604389021286328e-26,-1.023446082087691,-14.999999999994092,1.0,1.0,0.0,1.0,400.0,0.0,0.0,0.0,82.0,93,0.8817204301075269,52.49012728591188,4.791575927803535,0.9798433402638131,-0.6293318361245959,1.0,6.0,0.0,6.0,0.0,1.0,0.0,0.0,1.0,0.6134109733965234,0.0,0.0,0.0,0.0,0.0,0.0,0.0,1.0,0.0,0.0,0.0,1.0,0.0,special,pos_charged,special_to_pos_charged,0.0,1.0,0.0,0.0,0.0,1.0,1.0,0,0.7543141374418646
VAR_001785,0.004860000000005,0.1086072733105792,0.0725661131629318,2.020002051028668e-07,0.0009000000708898,0.0003493712666332,0.0026725516474264,0.0112771106944843,0.0442171294746244,3.445200051838456e-05,0.00011349,1.686411451259022e-05,0.0007589308633931,0.001327507436449,0.021569657686744,0.0038025339577612,0.0622346084100961,9.19323914970906e-09,0.0498359541397989,1.3007456943085967e-19,0.0012164785433024,0.0001275532239921,0.0109725256533385,0.0047007122782401,0.0009325594725712,0.0762038615135632,AFR,1.0,0.0048780590516696,1.0,0.0170235975736869,1.0,0.0012968299711824,0.0,1.8205165335501188e-11,0.0,0.0011987187004448,0.5321807748196615,5.135876996175241e-09,1.0,0.0111030298446657,1.0,1.0,0.010961277686771,1.0,1.0,0.0434845809853323,1.0,1.0,0.0004894344651361,1.0,1.0,0.0066815534253814,1.0,0.0,0.0035605948940647,1.0,1.0,0.0072109363260587,1.0,0.0,0.0087196884373004,1.0,0.0,0.0015635593222135,1.0,1.0,0.0010839218754881,1.0,1.0,0.0391579437508605,1.0,1.0,0.0015836141274391,1.0,1.0,0.0122271061232804,1.0,0.0,0.0199790584056019,1.0,0.0,0.0038089272087015,1.0,1.0,0.0019063432637017,1.0,1.0,0.0004336487887377,1.0,1.0,0.0036099000013618,1.0,1.0,0.0211097364577481,1.0,AllofUs_AFR,1.0,0.0003869100000009,1.0,./.,./.,5.636405792811775,4.593995558647981,3.6797711348905096,1.0,0.0119070049453104,1.0,1.0,0.0372678495850782,1.0,0.0,0.0279213722998369,1.0,0.0,0.0020932480543117,1.0,0.0,0.0002482883354723,1.0,1.0,0.0004624365102852,1.0,1.0,0.0007581824708894,1.0,1.0,0.0004345203027087,1.0,1.0,0.0206416669947633,1.0,1.0,0.0008828504586778,1.0,1.0,0.0001685056587299,1.0,1.0,0.0001968510516325,1.0,1.0,0.0128753764065853,1.0,1.0,0.0012474002643848,1.0,1.0,0.0006702300013889,1.0,1.0,0.0144190257641354,1.0,0.0,0.0015675901548347,1.0,1.0,0.0017498438615158,1.0,1.0,0.0012493504193574,1.0,1.0,0.1105982272299857,1.0,1.0,0.0003092432882312,1.0,1.0,0.0665388037719599,1.0,0.0,0.0006975097629336,1.0,1.0,0.0004449450010758,1.0,1.0,0.0034103917812808,1.0,1.0,0.0104666241910218,1.0,1.0,0.0034973161539823,1.0,1.0,0.0591950587345087,1.0,1.0,0.0049302958357441,./.,0.0671687622777722,0.0,0.0015679367097215,1.0,0.1085255619104627,1.0,1.0,0.0,0.0056423554246321,1.0,0.0,1.0,0.0,0.0068205276273576,1.0,1.0645833085513417e-11,1.0,0.0008134651448723,1.0,1.0,0.0,2.402364237720016e-07,1.0,0.0,0.0,0.0003165216460527,1.0,0.0,1.0,0.0129396615516883,1.0,0.0,1.0,0.0009752499210749,1.0,1.0,0.0,,1.0,0.0572457852237385,1.0,0.0771270678761247,1.0,1.0,0.0,0.001387491050452,1.0,0.0,1.0,1.0,1.6108159218488277e-05,1.0,0.0,1.0,0.0193026999087277,1.0,1.0,1.0,0.0029577284128883,1.0,0.0,0.0,0.0072601888114804,1.0,1.0,1.0,0.0263781984809514,1.0,0.0,0.0,0.0135710868971828,1.0,1.0,0.0,0.0,0.0015243858995057,1.0,0.1113589368807718,1.0,0.0,1.0,0.0011947389088332,1.0,0.0,1.0,0.1085623481538356,0.0062722747129375,1.0,1.0,1.0,0.0002012526005292,1.0,0.0,0.0,0.0002770778808622,1.0,0.0,1.0,0.018044329298551,1.0,0.0,1.0,0.0142387133937451,1.0,0.0,1.0,0.0011063747827075,1.0,0.0,0.0,1.0,0.0008467303366875,1.0,0.0112797,1.0,0.0,1.0,4.2700907099776654e-09,1.0,3.2186128860801596e-09,1.0,0.0328246308618793,1.0,1.0,1.0,1.0,0.0056574338771168,1.0,0.0,0.0,0.0006753286105092,1.0,0.0,0.0,0.0425166803493689,1.0,0.0,0.0,0.0002166466246365,1.0,0.0,1.0,0.0115989299610351,1.0,1.0,1.0,0.0006925632109337,1.0,0.0,0.0,1.0,1.0,1.0,0.6392118233811634,0.5470263002892353,3.288145222966957,R,W,0,0.0,0.0,0.0,0.0,0.0,-9.939737301468613,1.6424272069225767,-0.1529206172059051,0.6463070456984708,-1.168225399097953,-1.7654010083555487,-2.2843854086041286,-0.7466972971602102,0.05380214476563621,-0.049478246439440134,26.0,333.0,0.1086072733105792,1.3007456943085967e-19,-0.9641410895457125,-14.999943513005942,1.0,1.0,0.0,1.0,676.0,0.0,0.0,1.0,93.0,103,0.9029126213592233,2.101821303514771,4.593995558647981,1.0,-2.6489333995857933,1.0,4.0,1.0,3.0,0.0,1.0,0.0,0.0,0.0,0.3625923718042449,1.0,0.0,0.0,0.0,0.0,0.0,0.0,0.0,0.0,0.0,0.0,1.0,1.0,pos_charged,hydrophobic,pos_charged_to_hydrophobic,0.0,0.0,0.0,1.0,0.0,0.0,1.0,-3,0.8760508796332747
VAR_001964,0.0069929727357775,0.1007156051269536,0.0088003676397696,0.0032329561703296,0.0635849386904131,0.037878525090535,0.0072476585191089,0.000973680706188,0.0088065165500837,0.0065151001467881,7.941148390337432e-05,0.0259369138442748,0.0576462256462647,0.0116085510807536,0.0026005729658243,0.0470741183155709,0.101295828079866,0.0188998539208505,0.0351643147182161,0.0064881000034345,0.00432371729172,0.0033930326395539,0.0081674133349778,0.0034119351649511,0.0041013000125338,0.0167760008455879,gnomADg_AMI,1.0,0.0054971922792663,1.0,0.0006808147192484,0.0,0.0001493219760074,0.0,0.0396493733506105,1.0,0.0071570581358644,1.0,6.057062925366334e-10,1.0,0.0986408807416163,1.0,1.0,0.0018842847061364,1.0,1.0,0.0999999998677664,1.0,0.0,0.0001567626335041,1.0,1.0,0.0002508614831848,1.0,1.0,0.0080767221771728,1.0,0.0,0.0779608666355275,1.0,0.0,0.002585372025444,1.0,1.0,0.004681404421341,1.0,1.0,0.0004182156135964,1.0,1.0,0.0047258354967575,1.0,1.0,0.0063978374967288,1.0,1.0,0.0015264000204242,1.0,1.0,0.01602269900701,1.0,0.0,0.0023409072166882,1.0,0.0,9.420235853999348e-06,1.0,1.0,0.0080785716182266,1.0,0.0,0.0036155763585616,1.0,1.0,0.0080787791190496,1.0,AllofUs_EUR,1.0,0.0027819775487263,1.0,T/T,T/T,5.902704769805573,4.518205205770187,3.787743162260081,1.0,0.0012990430179151,1.0,1.0,0.0067545,1.0,1.0,0.02130300621534,1.0,1.0,0.0074038523343522,1.0,1.0,0.0326532051861439,1.0,1.0,0.0071746217763658,1.0,1.0,0.0090343686828957,1.0,1.0,0.0081351008808481,1.0,0.0,0.1009946450095259,1.0,1.0,0.0297114160721439,1.0,1.0,0.0159134865995372,1.0,1.0,0.0088542000002484,1.0,0.0,0.1002629203760947,1.0,1.0,0.0243229964971353,1.0,1.0,0.0022429492309694,1.0,1.0,0.0086598,1.0,1.0,0.0498138514609662,1.0,1.0,0.0028638005481856,1.0,0.0,0.0013212000595156,1.0,0.0,0.0017356156546463,1.0,1.0,0.0059024243627085,1.0,1.0,0.002214,1.0,1.0,0.0045015311573678,1.0,1.0,0.0004640864573694,1.0,1.0,0.0025983000000001,1.0,1.0,0.0016399499900004,1.0,1.0,0.0029927506909549,1.0,1.0,0.0801433625102187,1.0,1.0,0.0047346108436748,T/T,0.0213030000004755,1.0,0.0044225285400861,0.0,0.101515986816708,1.0,0.0,0.0,0.002424735067078,1.0,0.0,1.0,1.0,0.0079026342710182,1.0,0.0977321807029905,1.0,5.147816941377862e-26,1.0,1.0,1.0,0.0213042430890533,1.0,1.0,1.0,0.0067164894878537,1.0,0.0,1.0,0.0067057253447808,1.0,0.0,1.0,0.0021613797644487,1.0,1.0,1.0,,1.0,0.0076236423650569,0.0,0.0041820600985739,1.0,1.0,1.0,0.0046971084497045,1.0,1.0,1.0,1.0,0.0090375374899618,1.0,0.0,1.0,1.0975593872493608e-11,1.0,0.0,1.0,0.0043087146457348,1.0,0.0,1.0,0.0068668201786412,1.0,0.0,1.0,0.0658626696134911,1.0,0.0,1.0,0.0208196146764081,1.0,1.0,1.0,1.0,0.0541413562881208,1.0,0.0981998390926252,1.0,0.0,0.0,0.0448422282009383,1.0,0.0,1.0,1.0,0.0078286050963084,1.0,0.0,0.0,4.4988315952633566e-09,1.0,1.0,0.0,0.0038466721374035,1.0,0.0,1.0,0.0072023706945425,1.0,1.0,1.0,0.0072022952993313,1.0,0.0,1.0,0.0051765021792661,1.0,0.5344185984271073,0.0,1.0,0.0078033826139896,1.0,0.0869851005751732,1.0,0.0,1.0,0.0167957792917515,1.0,0.9999999199809644,1.0,0.0175906922724229,1.0,1.0,1.0,1.0,0.0129249543098395,1.0,1.0,1.0,0.0004687768308334,1.0,1.0,1.0,0.0034892307141828,1.0,0.0,1.0,0.0087608732071519,1.0,1.0,0.0,0.0167763600008427,0.0,0.0,1.0,0.002530422,1.0,1.0,1.0,1.0,0.982296787745962,1.0,1.8970384419949085,0.6599851182370658,2.3555480420746964,S,R,0,0.0,0.0,0.0,0.0,0.0,-9.939737301468613,1.6424272069225767,-0.1529206172059051,0.6463070456984708,-1.168225399097953,-1.7654010083555487,-2.2843854086041286,-0.7466972971602102,0.05380214476563621,-0.049478246439440134,26.0,333.0,0.101295828079866,7.941148390337432e-05,-0.994408440910233,-4.100116688559519,1.0,1.0,0.0,1.0,676.0,0.0,0.0,1.0,98.0,103,0.9514563106796117,4.468565187781539,4.518205205770187,1.0,-0.4585096000797879,1.0,4.0,1.0,3.0,0.0,0.0,0.0,0.0,1.0,0.651067577539216,0.0,0.0,0.0,1.0,0.0,0.0,0.0,0.0,0.0,0.0,0.0,1.0,0.0,polar,pos_charged,polar_to_pos_charged,0.0,0.0,0.0,1.0,0.0,0.0,1.0,0,0.8332845932641224
VAR_001913,0.0005400049536756,4.68628222961492e-07,0.001260000000002,8.700915665604276e-08,0.0092036409434103,0.0020484327441376,0.0005276741280128,0.0006237828374559,0.0002215800242933,0.016265568391846,0.0006756887039173,7.251017252525727e-12,0.0010954226675262,0.0010796864218125,0.0706046472745219,0.0005969700002901,0.0029598753844249,5.167220100168928e-05,0.0003104453487945,0.0164328750411091,4.9755840475114353e-08,3.197664399983827e-07,0.0001464755292916,0.0010005052284725,0.0005592613307736,0.0162625874401569,gnomADe_ASJ,1.0,0.0018382991720876,0.0,0.0943523229271827,0.0,0.0017835912872689,0.5573447848872577,0.0005503248168183,1.0,0.0004542562828187,1.0,0.0018623133534993,1.0,0.0006353796989289,1.0,1.0,0.000628657670464,1.0,1.0,0.000827239045774,1.0,1.0,0.0011154528111355,1.0,0.0,0.0512779025532402,1.0,1.0,0.002381682349954,1.0,0.0,0.0051393087566781,1.0,1.0,0.0004140701069697,1.0,0.0,0.0013081858764381,1.0,1.0,5.406169999063405e-09,1.0,1.0,0.0010930776588009,1.0,1.0,0.0010464369163366,1.0,0.0,0.0082184728570454,1.0,1.0,0.0009361925976669,1.0,1.0,0.0509365644108558,1.0,0.0,0.0001030752258191,1.0,1.0,0.0012303,1.0,1.0,0.0026894536331192,1.0,1.0,0.0029980689719014,1.0,AllofUs_OTH,1.0,0.0055743634235457,0.0,C/C,C/C,5.820624973453222,2.4644871201032763,1.8418483615798065,1.0,0.1005590641343892,1.0,0.0,0.0005238901632276,1.0,0.0,8.867725388410859e-05,1.0,1.0,0.0131615281877986,1.0,1.0,0.0002046879689255,1.0,1.0,0.0159316464416689,1.0,0.0,0.0352303330362384,1.0,1.0,0.0005361300004904,1.0,0.4541704745153128,0.0005933700000016,1.0,0.0,0.0002175300014407,1.0,0.0,0.0001319400000059,1.0,1.0,0.0033756768864243,1.0,1.0,0.1006165923931416,1.0,1.0,0.0001215900000727,1.0,0.0,0.0002704770352895,1.0,0.0,0.0004223046615411,1.0,1.0,0.00051417,1.0,1.0,0.0191420375946512,1.0,1.0,0.0001250001094243,1.0,1.0,0.0005361332892945,1.0,0.0,0.0008729492998181,1.0,0.0,0.0006639449122757,1.0,0.0,0.0004504373096301,1.0,1.0,0.0108740957275351,1.0,0.0,0.0003070816217436,1.0,0.0,0.0292157458466574,1.0,1.0,0.0083613450195357,1.0,1.0,0.0959072182236476,1.0,1.0,0.0007140430046061,C/C,0.0168254967838979,1.0,0.0006176096293089,1.0,0.1007538998419514,1.0,1.0,1.0,0.00026325,1.0,1.0,1.0,1.0,0.0128024281518522,1.0,0.0825195112358975,1.0,0.0001994791172879,1.0,0.0,1.0,8.643126012145737e-06,1.0,1.0,1.0,0.0002946541295604,1.0,0.0,0.0,0.0405325123538586,1.0,1.0,1.0,0.0008033620592639,1.0,1.0,1.0,,1.0,0.0009756134914882,0.0,0.1007071870967699,1.0,1.0,1.0,0.0171280328687253,1.0,1.0,1.0,1.0,0.0154941340562154,1.0,0.6400542135616272,1.0,0.0125938914502977,1.0,0.0,0.0,0.0030569644309179,1.0,1.0,1.0,0.000359501312997,1.0,1.0,0.0,0.00072493289607,1.0,0.0,1.0,0.0005012603224629,1.0,0.0,1.0,0.0,0.001208213508442,0.0,0.0008343408507323,1.0,1.0,1.0,0.0010655021022402,1.0,0.0,1.0,1.0,0.0137637345459787,1.0,0.0,0.0,0.0006037684437697,1.0,0.0,0.0,3.8587177596827773e-16,1.0,1.0,0.0,0.0003015279,1.0,1.0,0.0,0.0007326403366863,1.0,1.0,1.0,0.0011937679686897,1.0,0.0,1.0,0.0,0.000541770772087,0.0,0.0005791649083235,1.0,0.0,0.4372526216628914,1.748001451764181e-05,1.0,1.705541451995716e-07,0.0,0.0042213086092992,1.0,0.0,1.0,1.0,0.0162368143771453,1.0,0.6786587066946423,1.0,0.0003209009323462,1.0,1.0,1.0,0.0007737772204881,1.0,1.0,1.0,0.0001779534587189,1.0,0.0,1.0,0.016235370000736,0.0,0.0,0.0,0.0004348017,1.0,0.0,0.0,0.0234963077838398,0.4766949536128935,0.0,0.4318018533112017,0.5290379107063812,-0.0620656886190396,S,L,0,0.0,0.0,0.0,0.0,0.0,-9.939737301468613,1.6424272069225767,-0.1529206172059051,0.6463070456984708,-1.168225399097953,-1.7654010083555487,-2.2843854086041286,-0.7466972971602102,0.05380214476563621,-0.049478246439440134,26.0,333.0,0.0706046472745219,7.251017252525727e-12,-1.1511667122731701,-11.139541171390125,1.0,1.0,0.0,1.0,676.0,0.0,0.0,1.0,93.0,103,0.9029126213592233,-0.026800079372737255,0.057906347903255544,0.0,0.4938675419302413,0.4766949536128935,1.0,4.0,-3.0,0.0,0.0,0.0,1.0,0.0,0.6417299378236759,0.0,0.0,0.0,0.0,0.0,1.0,0.0,0.0,0.0,0.0,0.0,1.0,0.0,polar,hydrophobic,polar_to_hydrophobic,0.0,0.0,0.0,0.0,0.0,0.0,1.0,0,0.7878167550634285
VAR_001799,,,,,,,0.009808065299991,0.0093492563178652,0.0086931173516869,0.0013483168067937,0.0073294094335848,0.0366010849393482,0.0024456781995027,0.0737673666509495,0.0516253843024136,0.0015907754379227,0.0595101385994237,5.194143799446297e-05,0.0797636499921596,0.0094649050714955,0.0022988696457272,0.0055650058157254,0.0023886088305497,0.008114197875004,3.7325223978302765e-08,0.0484135310354573,gnomADe_NFE,,,,,,,,,,,,,1.0,0.0009647235414575,1.0,0.0,0.0626975841086921,1.0,1.0,0.1005695108434923,1.0,0.0,0.0001571560319987,1.0,1.0,1.5501889874708883e-05,1.0,0.0,0.002497080746908,1.0,0.0,0.0115773219740065,1.0,1.0,0.0121353690586511,1.0,1.0,0.0015755057367184,1.0,0.0,0.0133870538901412,1.0,1.0,0.0356178098742148,1.0,1.0,0.002151565316739,1.0,0.0,0.1001414757487866,1.0,1.0,0.0014798950265353,1.0,1.0,0.0004284540105635,1.0,0.0,0.0048570119468953,1.0,1.0,0.0026143027018728,1.0,0.0,0.00081225,1.0,1.0,0.0952085371230324,1.0,AllofUs_EUR,0.3304222228699573,0.0003889705524929,1.0,G/G,G/G,5.705276319741034,5.537337335582441,4.026887891511158,1.0,0.089353914495917,1.0,0.0,0.0047139723268274,1.0,0.0,0.00038600351407,1.0,1.0,0.0006432574280669,1.0,1.0,0.0025837079605868,1.0,1.0,0.0016398,1.0,1.0,0.0004139781074813,1.0,1.0,0.0204568450621506,1.0,0.0,0.0003167135534204,1.0,0.0,0.0003161286281195,1.0,0.0,0.0018038083937533,1.0,1.0,0.002678110608213,1.0,1.0,0.0003347070762177,1.0,0.0,0.0004089689266844,1.0,1.0,9.038368682592052e-05,1.0,0.0,0.002576700000002,1.0,1.0,0.0005727601378482,1.0,0.0,0.0003994729934668,1.0,1.0,0.0004105096722552,1.0,0.0,0.0003574488759846,1.0,1.0,0.0012717019170054,1.0,0.0,0.0013426929106084,1.0,1.0,0.0114782896822054,1.0,0.0,0.0001094808853747,1.0,0.0,0.0005558104456728,1.0,1.0,0.100234335861357,1.0,0.0,0.0005815961773189,1.0,1.0,0.1002172911813166,1.0,1.0,0.00125807544,G/G,0.0345437993935582,1.0,0.0013173750087097,1.0,0.0006348155802451,1.0,1.0,1.0,0.0137996115359477,1.0,0.0,1.0,0.0,0.0019096162930136,1.0,0.0004390004399058,1.0,0.0002152151465565,1.0,0.0,1.0,0.0083823550534347,1.0,1.0,1.0,0.0059559706917233,1.0,0.0,1.0,0.0041151998100967,1.0,1.0,0.0,0.0046757897339563,1.0,0.0,1.0,,1.0,0.001279026,1.0,0.0003637653269537,1.0,0.0,0.0,0.0870850687886153,1.0,1.0,1.0,1.0,0.0011318327088995,1.0,1.0,1.0,0.0278750273873877,1.0,0.0,1.0,0.0747506141248595,1.0,1.0,0.0,0.0025171051740361,1.0,0.0,1.0,0.0112665546288489,1.0,0.0,0.0,8.212318953599446e-09,1.0,1.0,0.0,1.0,0.0012646459216943,0.0,0.000337523818642,1.0,1.0,0.0,0.0005331757944216,1.0,0.0,1.0,1.0,0.0006580227099219,1.0,0.0,0.0,0.0002343068562104,1.0,1.0,1.0,0.0017775658102153,1.0,1.0,1.0,0.0023434380000111,1.0,0.0,1.0,0.0023434380000322,1.0,1.0,1.0,0.0665800999322272,1.0,1.0,1.0,1.0,0.0019215090094572,1.0,0.0007242560496733,1.0,1.0,0.7795233608254326,2.297980297850949e-07,1.0,0.0999991087191619,0.0,0.0012366382897031,1.0,1.0,1.0,1.0,0.0087551155546197,1.0,1.0,1.0,1.6383345546059517e-07,1.0,1.0,1.0,0.0013362317444593,1.0,0.0,1.0,0.002439457760227,1.0,1.0,1.0,0.0339439589471606,1.0,1.0,0.0,0.0001686209924275,1.0,1.0,1.0,1.0,0.5609536974586606,0.9582589064089262,9.77378534498605,0.6906905696186041,11.737584580962803,R,H,1,1.0,0.0,0.0,1.0,0.0,-9.664425758298718,1.3499860969377946,-0.12602191691733247,0.37741946761678713,-0.3605297514815905,0.1824212032362198,0.9587085413505725,0.7733978267010226,-0.6324834664635439,-0.07939666817866306,20.0,315.0,0.0797636499921596,3.7325223978302765e-08,-1.0981949808851545,-7.427997565879133,1.0,1.0,0.0,1.0,400.0,0.0,0.0,0.0,93.0,103,0.9029126213592233,114.72063216294848,5.537337335582441,0.9582589064089262,-1.9637992359767527,1.0,6.0,0.0,6.0,0.0,0.0,1.0,1.0,0.0,0.8264378219714592,0.0,0.0,0.0,1.0,0.0,0.0,0.0,0.0,0.0,0.0,0.0,1.0,0.0,pos_charged,pos_charged,pos_charged_to_pos_charged,0.0,0.0,0.0,1.0,0.0,0.0,0.0,0,0.7420472453737551
VAR_001843,,,,,,,4.7488871285583066e-05,2.8916155461731503e-05,0.0027940517533925,0.0239368553386534,2.1113805229029983e-09,0.0007755042737872,5.666403072938424e-05,2.9894964197273495e-05,0.0002489833241732,0.0001530913428707,0.0999930236040085,2.416139327134432e-07,1.888453574064241e-07,0.0096314431058272,9.57323820103989e-05,0.0020904217341163,0.0002134418943605,0.0139432817323827,2.530060371463047e-05,0.0038651419885809,gnomADg_NFE,,,,,,,,,,,,,1.0,0.0852079626288728,1.0,0.0,4.967718892047823e-06,1.0,1.0,0.0001800340402379,1.0,0.0,6.774183828584484e-12,1.0,0.0,0.0067699571641658,1.0,1.0,4.552881475753486e-05,1.0,0.0,7.026975831603683e-14,1.0,1.0,0.0009154324903175,1.0,0.0,0.0006677579792617,1.0,1.0,2.115640881451174e-07,1.0,1.0,0.0407343387393495,1.0,1.0,3.1286144608966374e-05,1.0,0.0,0.0010094041445843,1.0,1.0,0.0477795491633765,1.0,1.0,0.0377229791244532,1.0,0.0,8.381222440243747e-05,1.0,1.0,0.0001683889190373,1.0,1.0,0.0001019699601009,1.0,1.0,0.0218062150447498,1.0,AllofUs_EUR,0.0,4.790875056618373e-09,1.0,G/G,G/G,5.457497133293303,5.5773750067603,3.828148020560047,0.0,5.6253023989584895e-06,1.0,1.0,0.0134371297946097,1.0,0.0,2.0812102833717e-10,1.0,0.0,0.0055632800135887,1.0,0.0,0.0048449986126868,1.0,1.0,9.36000003661086e-05,1.0,0.0,0.0002949766656483,1.0,1.0,6.491852769974045e-05,1.0,0.0,5.193755110598568e-06,1.0,1.0,0.0002259458875212,1.0,0.0,1.0800000001941288e-05,1.0,1.0,0.0050995003817572,1.0,0.0,6.807724734018731e-06,1.0,0.0,7.936200000009233e-06,1.0,1.0,4.973154969858889e-05,1.0,1.0,0.0017055364147582,1.0,1.0,8.627940630306146e-05,1.0,1.0,8.862378584596866e-06,1.0,0.0,0.043750376567877,1.0,1.0,6.431181064817145e-06,1.0,1.0,0.024856774109958,1.0,0.0,0.0099300548453511,1.0,1.0,0.0006801329538254,1.0,0.5109597978277683,0.0077432794909503,1.0,0.0,2.9333411204192897e-05,1.0,1.0,1.1512782806927398e-05,1.0,0.0,5.336565719059917e-05,1.0,0.0,1.839572419196421e-05,1.0,1.0,0.0002340948891352,G/G,0.0001883150148291,1.0,0.0070438386863214,1.0,5.130003920657399e-13,1.0,1.0,1.0,0.0099512588341113,1.0,0.0,1.0,0.0,0.0004786942727647,1.0,0.0998910272871295,0.0,0.0027964027518041,1.0,1.0,1.0,0.0174580605961349,1.0,1.0,0.0,2.104588508265032e-05,1.0,1.0,1.0,0.0053927616125143,1.0,1.0,0.0,0.0123241016787582,1.0,0.0,1.0,,0.0,0.0001151665173416,1.0,0.0999999267234506,1.0,1.0,0.0,2.6316786134978366e-05,1.0,0.0,1.0,0.0,0.0041577805411373,1.0,1.0,0.0,0.0044773563967745,1.0,0.0,0.0,0.0324423844278152,1.0,0.0,0.0,0.0005811315075723,1.0,0.0,1.0,0.0057233236844019,1.0,0.0,1.0,0.0054233301718567,1.0,1.0,1.0,0.0,0.0002057554126332,0.0,0.0789309336353924,1.0,1.0,1.0,0.0513724483165213,1.0,0.0,1.0,1.0,1.3582138698652396e-05,1.0,0.0,1.0,0.0003312887109014,1.0,1.0,0.0,0.0168675099691544,1.0,1.0,1.0,5.098937146659104e-05,1.0,1.0,1.0,3.015819000038212e-05,1.0,0.0,1.0,0.0849320292780845,1.0,1.0,1.0,0.0,5.480070604573009e-05,1.0,9.921632684342311e-05,1.0,1.0,1.0,0.0010673748768764,1.0,6.536906831328137e-13,0.0,0.005700220097916,1.0,0.0,1.0,1.0,0.0038330033291942,1.0,1.0,1.0,1.56237506060452e-13,1.0,1.0,0.0,1.4058859820491522e-05,1.0,1.0,1.0,5.885848639379069e-05,1.0,1.0,0.0,0.0141422222415714,1.0,0.0,1.0,0.0241879625801471,1.0,0.0,0.0,1.0,1.0,1.0,9.649048534266877,0.6761699955971465,11.896,R,H,1,1.0,0.0,0.0,1.0,0.0,-9.664425758298718,1.3499860969377946,-0.12602191691733247,0.37741946761678713,-0.3605297514815905,0.1824212032362198,0.9587085413505725,0.7733978267010226,-0.6324834664635439,-0.07939666817866306,20.0,315.0,0.0999930236040085,2.1113805229029983e-09,-1.0000302991597294,-8.675433283357266,1.0,1.0,0.0,1.0,400.0,0.0,0.0,0.0,89.0,103,0.8640776699029126,114.78508136363877,5.5773750067603,1.0,-2.246951465733124,1.0,6.0,0.0,6.0,0.0,0.0,1.0,0.0,1.0,0.7461721108334329,0.0,0.0,0.0,1.0,0.0,0.0,0.0,0.0,0.0,0.0,0.0,1.0,0.0,pos_charged,pos_charged,pos_charged_to_pos_charged,0.0,0.0,0.0,1.0,0.0,0.0,0.0,0,0.7420472453737551
VAR_001804,0.005686263533748,0.0455916528177406,0.0384496688126493,0.0027005077730889,0.0007444629148832,1.8517728282191203e-06,0.00026172,0.092697229844245,2.251262170233982e-12,3.173857729761806e-06,0.0036964460024618,2.5348409181323663e-05,0.0030790833012559,0.0005752785009531,0.0022683461023478,0.0001876826148475,0.0005687522581575,0.0012981473779023,0.0005444588546222,1.8168278477871981e-09,0.001044000092388,4.88155020244468e-07,0.0002514600081687,1.0092062966739869e-10,0.000117543977228,0.0027003174725855,EAS,0.0,0.0005391487479432,0.0,0.0968902376208378,1.0,0.069543841198794,1.0,0.0080690978349107,0.0,3.799410826111561e-05,1.0,0.0104869378042833,0.0,0.0001876309716858,1.0,0.0,0.0042731436563403,1.0,1.0,4.151047227836412e-05,1.0,1.0,0.0002087378957364,1.0,1.0,7.36012724326592e-07,1.0,0.0,0.0001508469987712,1.0,0.0,0.0194849798664025,1.0,1.0,0.000919675033286,1.0,1.0,0.0003179764840805,1.0,1.0,8.615032005290103e-05,1.0,0.0,0.000313085322402,1.0,0.0,0.0002846918806987,1.0,1.0,0.0315632932904026,1.0,1.0,0.0184041612677268,1.0,1.0,0.0003248987864552,1.0,1.0,0.0011013165360482,1.0,0.0,0.0002523600055748,1.0,0.0,0.0002502451393551,1.0,1.0,0.0010925405517952,1.0,AllofUs_EAS,0.0,0.0027778595350698,1.0,C/C,C/C,5.79270374742208,5.569436825789025,4.244372567553949,1.0,0.0101550562484201,1.0,1.0,0.0002399799141704,1.0,1.0,1.5261031325421051e-09,1.0,1.0,0.0093087383975817,1.0,0.0,0.0012955353396022,1.0,0.0,0.0016539779532467,1.0,1.0,0.0573124916909069,1.0,0.0,0.000292484583571,1.0,1.0,0.0766074334217602,1.0,1.0,0.0015089514031087,1.0,0.0,0.0110080995002397,1.0,1.0,0.0002656804174915,1.0,1.0,4.746944649755311e-05,1.0,0.0,3.164028357799281e-06,1.0,1.0,0.0373779649897489,1.0,0.0,0.0005901238892272,1.0,1.0,0.0521817600212831,1.0,1.0,0.019718231821756,1.0,1.0,3.157213738332801e-06,1.0,1.0,0.0327955516419894,1.0,1.0,0.0002257188023605,1.0,0.0,4.858022581514539e-07,1.0,1.0,1.0273275311094062e-05,1.0,0.0,0.0005563016114425,1.0,0.0,0.0207435414807701,1.0,0.0,4.55159383074087e-05,1.0,0.0,3.74707955739445e-05,1.0,1.0,0.0025639954535781,1.0,0.0,0.000163209780001,C/C,0.022235032911996,1.0,0.000148226400367,0.0,0.0829291246065756,1.0,1.0,1.0,0.0278800628915833,1.0,1.0,1.0,0.0,5.593412839602391e-07,1.0,0.099999999999989,1.0,0.0104533418023842,1.0,1.0,1.0,0.0079418088317486,1.0,0.0,0.0,0.0015468277321189,1.0,1.0,1.0,0.0347347203986064,1.0,1.0,1.0,8.187056024222197e-15,1.0,1.0,0.0,,0.0,0.0001186551312439,1.0,5.402445072656509e-05,1.0,0.0,0.0,2.8574328880747086e-11,1.0,1.0,1.0,0.6266325402901579,0.0020620280948536,1.0,1.0,0.0,0.0019017748759747,1.0,1.0,1.0,0.0002143922503177,1.0,0.0,0.0,0.0002307527767702,1.0,0.0,1.0,0.000279461850346,1.0,1.0,0.0,0.0100698575974031,1.0,1.0,0.0,0.0,0.0001386252000001,1.0,1.2620252413753198e-05,1.0,0.0,0.0,0.0006659733788081,1.0,1.0,1.0,0.0,0.00029525996169,1.0,1.0,1.0,0.0008625322736575,1.0,1.0,0.0,0.0049448243104209,1.0,0.0,0.0,0.0077942593201561,1.0,0.0,1.0,0.1002148632364026,1.0,0.0,1.0,0.0006343564830257,1.0,0.0,0.0,0.0,0.0014865892137481,1.0,8.397541829615968e-05,1.0,0.0,0.1981024921274355,0.0008111049686799,1.0,2.064501639640685e-11,0.0,0.0002077626270634,1.0,1.0,1.0,0.0,0.0053775866244429,1.0,1.0,0.0,0.0002006424,1.0,1.0,1.0,1.4062500000000737e-05,1.0,0.0,0.0,0.0151634393675101,1.0,1.0,1.0,0.0066316384278477,1.0,0.0,0.0,0.0011625980446791,1.0,0.0,1.0,0.9914467770511322,0.9401645304914876,0.9730999387053136,5.577281660669188,0.5895126155764888,7.34053809640203,P,S,0,0.0,0.0,0.0,0.0,0.0,-9.939737301468613,1.6424272069225767,-0.1529206172059051,0.6463070456984708,-1.168225399097953,-1.7654010083555487,-2.2843854086041286,-0.7466972971602102,0.05380214476563621,-0.049478246439440134,26.0,333.0,0.092697229844245,2.251262170233982e-12,-1.0329332440791696,-11.647381057666648,1.0,1.0,0.0,1.0,676.0,0.0,0.0,1.0,87.0,103,0.8446601941747572,40.940248504506556,5.521800190918417,0.9647767979780375,-1.763256435732842,0.9914467770511322,6.0,0.0,6.0,0.0,0.0,0.0,0.0,0.0,0.5599181166837257,0.0,0.0,1.0,0.0,0.0,0.0,0.0,0.0,0.0,0.0,0.0,1.0,0.0,special,polar,special_to_polar,0.0,1.0,0.0,0.0,0.0,1.0,1.0,0,0.6802442573754168
VAR_001965,,,,,,,7.010245488374464e-06,0.0143971277741506,0.000488053823413,2.1906950679963404e-10,0.0032272048049157,5.702958773668111e-10,0.0001313789243225,0.0003976023887242,8.182621091501147e-07,,,,,,,,,,,0.000532332357237,gnomADe_NFE,,,,,,,,,,,,,1.0,1.3205725472920109e-17,1.0,0.0,0.0356052429325153,1.0,1.0,0.0999999999999999,1.0,1.0,1.0708552379173089e-13,1.0,1.0,7.371598700927074e-10,0.0,1.0,3.1622947099081417e-06,1.0,0.0,1.5657338730292326e-05,1.0,1.0,9.330226052644277e-08,1.0,0.0,0.0564120947816441,1.0,0.0,0.0014060478365604,1.0,1.0,0.0077805684747565,1.0,0.0,0.0047669568082663,1.0,1.0,6.433576681338941e-05,1.0,1.0,9.209144695826909e-06,1.0,0.0,2.9145166572522244e-06,1.0,1.0,3.654380855183192e-06,0.0,1.0,1.822076510343296e-05,1.0,1.0,0.0096593738247777,1.0,1.0,1.7523000126743798e-05,1.0,AllofUs_EUR,0.0,5.283613269920024e-05,0.0,T/T,T/T,4.774664899341587,5.091032414150725,5.07,1.0,3.2519171645008263e-05,1.0,1.0,0.0024933500729433,1.0,0.0,1.1460500702521085e-05,1.0,0.0,1.851859135467943e-07,1.0,1.0,6.292801470982389e-07,1.0,1.0,0.0003279071999179,1.0,1.0,0.0001174395823183,1.0,1.0,0.0191709019024261,1.0,0.0,7.694367201293589e-08,1.0,0.0,0.0027293996440496,1.0,0.0,1.6811345579305473e-05,1.0,1.0,3.471126238565909e-07,1.0,0.0,0.0533844185937826,1.0,0.0,0.0878592740319923,1.0,0.0,0.0275182586847492,1.0,1.0,0.0158794176338181,1.0,0.0,7.814691643989044e-07,1.0,0.0,7.079188681139974e-07,1.0,1.0,8.77548603571624e-06,1.0,0.0,0.0986630812195569,1.0,1.0,7.154100000058943e-06,1.0,1.0,0.0026109290674472,1.0,1.0,8.143841705659831e-05,1.0,1.0,0.0344236456703077,1.0,1.0,0.0051258084923116,1.0,0.0,0.0036444278307908,1.0,1.0,6.634800000000001e-07,1.0,0.0,0.0467102933688955,1.0,,,T/T,0.0003449750284792,0.0,0.0007236655738678,0.0,0.0943981670044852,1.0,0.0,1.0,7.159123170132611e-05,1.0,0.0,1.0,1.0,8.363872042953602e-17,1.0,0.0999994253127263,1.0,1.4394456393625736e-13,1.0,0.0,0.0,8.247911459293697e-08,1.0,0.0,1.0,0.0026618910282548,1.0,1.0,,,,,1.0,2.301854854218547e-07,1.0,1.0,0.0,,1.0,0.0016485999701099,1.0,0.0999970282931879,1.0,1.0,0.0,0.0002204061972756,1.0,1.0,1.0,0.0,4.8292110675411593e-11,1.0,0.0,1.0,0.0026368496171667,1.0,0.0,0.0,8.86971576330785e-10,1.0,1.0,0.0,8.793761943878289e-06,1.0,1.0,0.0,8.806466820479884e-06,1.0,0.0,1.0,0.0003105246245822,1.0,1.0,1.0,0.0,0.0169142420585162,1.0,0.0002304941379091,1.0,0.0,1.0,0.0079820354077798,1.0,1.0,1.0,0.0,0.0070021994102501,1.0,0.4792968010794175,1.0,0.0345738778456575,1.0,0.0,0.0,7.230493821998808e-06,1.0,0.0,1.0,0.0013184349358311,1.0,0.0,1.0,0.0156409737357032,1.0,1.0,0.0,0.00042353600152,1.0,0.0,0.0,0.0,1.5502841407700273e-05,1.0,7.135363329218494e-19,1.0,0.0,0.0,8.15625052859036e-10,1.0,2.8075447445687814e-07,0.0,0.0063385812226934,1.0,0.0,1.0,1.0,8.630688338315522e-05,1.0,1.0,1.0,4.9549197831210335e-09,1.0,1.0,0.0,0.074255064830639,1.0,1.0,0.0,0.0007601590633386,1.0,1.0,1.0,0.0021144917552259,1.0,0.0,0.0,5.5960698065771947e-08,1.0,0.0,1.0,0.9750885354256216,0.9694811827729763,0.99805856216842,7.138953381171867,0.5773889481514752,8.102459247164504,V,G,1,1.0,0.0,1.0,1.0,0.0,-8.970724831385708,0.883601034699664,0.20850142206786748,0.18413110514218645,0.9431602526873522,2.552044994410661,0.3693317337417654,-1.151254442658998,1.0479234290411965,0.5643634337382551,10.0,299.0,0.0143971277741506,2.1906950679963404e-10,-1.8417241409780665,-9.659416087050642,0.0,1.0,0.0,0.0,100.0,0.0,1.0,0.0,90.0,101,0.8910891089108911,57.8430788383523,4.9642073405185965,0.9731954616538063,-0.9635058659926363,0.99805856216842,6.0,0.0,6.0,0.0,0.0,1.0,1.0,0.0,0.8264378219714592,0.0,0.0,0.0,1.0,0.0,0.0,0.0,0.0,0.0,0.0,0.0,1.0,0.0,hydrophobic,special,hydrophobic_to_special,1.0,0.0,0.0,0.0,1.0,0.0,1.0,0,0.7535638526693664
VAR_001955,,,,,,,0.0059547260525371,0.0001357718733951,0.0007484177668619,0.0026600276039473,1.8256083218844992e-08,0.0101558120237937,0.0057164262764915,0.0004183296426234,2.090004361563198e-05,0.0625164950575926,0.0428614039710943,0.0002568989466786,0.0002362500000001,0.0015768518770316,0.0161358116359874,6.700771761116921e-06,0.00046332,0.0012279678272275,0.0358943453925944,0.0022121861357744,gnomADe_ASJ,,,,,,,,,,,,,0.0,0.0002064220183486,1.0,0.0,0.0157408792929241,1.0,0.0,3.1290729129765903e-06,1.0,0.0,5.760193987811775e-24,1.0,1.0,6.317160772440848e-10,1.0,1.0,0.0004967254521914,1.0,0.0,5.2562538709906416e-12,1.0,0.0,0.0021408369230274,1.0,1.0,0.000618845990736,1.0,0.0,8.601633817935825e-08,1.0,0.0,0.0055534276003928,1.0,1.0,0.0004609000867687,1.0,1.0,0.00012391554343,1.0,1.0,0.0004731359338503,1.0,0.0,0.0009463823878165,1.0,1.0,6.992910674198735e-07,1.0,0.0,0.0005196439694185,1.0,0.0,0.0006027233008762,1.0,0.0,0.0011447999999999,1.0,AllofUs_MID,1.0,7.069759920817145e-12,1.0,G/G,G/G,5.945226471286596,6.007637648549605,,0.0,0.0263698510941505,1.0,1.0,0.0019699641560074,1.0,0.0,0.0084557339254723,1.0,1.0,0.0019386000010134,1.0,0.0,0.000395553683231,1.0,1.0,0.0008848941283721,1.0,0.0,0.0003082963031966,1.0,1.0,0.0004133700010309,1.0,0.0,0.0979991828498702,1.0,1.0,0.000946397571937,1.0,1.0,0.0009665705142211,1.0,1.0,0.0003044660758643,1.0,1.0,0.0006662161845487,1.0,1.0,0.0019976568844958,1.0,0.0,0.0049044672913334,1.0,0.0,0.0005045994620747,1.0,0.0,0.0009991454959265,1.0,1.0,0.0007883100417386,1.0,0.0,0.0005777930990347,1.0,1.0,0.0002703772822156,1.0,0.0,0.0134316496293142,1.0,1.0,0.00192158260082,1.0,0.0,0.0380385351421052,1.0,0.0,6.418669095980978e-05,1.0,1.0,0.0045762218647916,1.0,0.0,0.0819286106211927,1.0,1.0,0.0009298085418374,1.0,0.0,0.0007789651398296,1.0,0.0,0.000340020387,G/G,0.0046483814414017,1.0,0.0004143117163716,0.0,0.0149230816530741,1.0,0.0,1.0,0.0011057760000134,1.0,0.0,1.0,1.0,0.0047085575158137,1.0,0.0522003555549281,0.0,0.0019247809820724,1.0,0.0,0.0,4.240207532773042e-05,1.0,0.0,1.0,0.0615548092324354,1.0,1.0,1.0,0.0012782146521011,1.0,0.0,1.0,8.133022366359681e-12,1.0,0.0,1.0,,1.0,0.0023360727754803,1.0,0.0012336752316662,1.0,0.0,1.0,0.0007899420957581,1.0,0.0,1.0,1.0,0.0023690580688422,1.0,1.0,1.0,2.172266884531989e-10,1.0,0.0,1.0,2.8371836028359656e-10,1.0,1.0,0.0,0.000314557804721,1.0,0.0,1.0,0.0007966020158401,1.0,0.0,1.0,9.075865672061124e-07,1.0,1.0,1.0,1.0,0.0003419487004839,1.0,0.0061066856573024,1.0,0.0,1.0,0.0011374658417471,1.0,0.0,1.0,1.0,0.0141449562024655,1.0,0.0,1.0,0.0001153892808885,1.0,1.0,1.0,0.0155263265801215,1.0,0.0,1.0,0.0044104897086635,1.0,0.0,0.0,0.0008468717078617,1.0,0.0,0.0,0.0039776347241982,1.0,1.0,0.0,0.0,0.0287431457607331,1.0,8.428373391975448e-05,1.0,0.0,1.0,0.0184547216365909,1.0,0.084022162265269,1.0,0.0006161060994911,1.0,0.0,1.0,1.0,0.0021335670585111,1.0,1.0,0.0,0.0467360669800345,1.0,0.0,0.0,2.162030452817724e-05,1.0,1.0,1.0,0.0003755226835594,1.0,0.0,0.0,0.002133567,1.0,1.0,1.0,0.0045833823660847,1.0,0.0,1.0,0.9501727482111078,0.995677805184658,0.9587974040414936,5.258026602054877,0.6289071943623639,11.896,D,H,1,1.0,0.0,0.0,1.0,1.0,-9.664425758298718,1.3499860969377946,-0.12602191691733247,0.37741946761678713,-0.3605297514815905,0.1824212032362198,0.9587085413505725,0.7733978267010226,-0.6324834664635439,-0.07939666817866306,20.0,315.0,0.0625164950575926,1.8256083218844992e-08,-1.2040053783786275,-7.738592369436855,1.0,1.0,0.0,1.0,400.0,0.0,0.0,0.0,91.0,103,0.883495145631068,62.54948445804482,5.708293574778895,0.9110231643757819,-6.637973397945124,0.995677805184658,5.0,0.0,5.0,0.0,0.0,0.0,1.0,0.0,0.6417299378236759,0.0,0.0,0.0,0.0,1.0,0.0,0.0,0.0,0.0,0.0,0.0,1.0,0.0,neg_charged,pos_charged,neg_charged_to_pos_charged,0.0,0.0,0.0,0.0,0.0,0.0,1.0,0,0.7355851245308769
VAR_001793,,,,,,,0.0003260637064502,1.2523290328671381e-08,8.305820217235749e-05,2.1481506914720726e-06,5.03926970910169e-05,1.4495263846850605e-12,0.0017385420393538,3.1946654882838285e-14,0.0080622616709905,0.0007959116612638,0.0030954896440119,2.567069428443048e-08,5.900400245388061e-05,4.485370360500803e-05,5.171738427999323e-14,2.350118608117232e-06,5.527108263207116e-08,0.0106956919954647,2.64766991524878e-07,0.0052197306210891,gnomADe_AMR,,,,,,,,,,,,,0.0,5.5679287305122496e-05,1.0,0.0,5.987402843873261e-05,1.0,1.0,0.0832505628818585,1.0,1.0,4.838329063651342e-06,1.0,1.0,9.463712517464832e-05,1.0,0.0,0.0005467822850056,1.0,1.0,0.0046359021456739,1.0,0.0,0.0031590663103624,1.0,1.0,7.8327490767708e-15,1.0,1.0,3.6804590129499995e-08,1.0,1.0,1.0339221266684954e-10,0.0,1.0,0.0008181559288026,1.0,0.0,0.0003545478636589,1.0,1.0,0.0001198741163729,1.0,1.0,7.8786035862881e-05,1.0,0.0,0.0008015942908028,1.0,1.0,1.8010185178679718e-05,0.0,1.0,2.890326401723807e-07,0.0,1.0,7.878600000000079e-05,1.0,AllofUs_AMR,1.0,0.0412412189446552,0.0,A/A,A/A,5.69697514482142,5.562264266616206,4.204143935928553,0.0,0.063144211823521,1.0,0.0,1.3774334618750623e-05,1.0,0.0,1.2963293520130683e-09,1.0,0.0,1.854687917897804e-11,1.0,0.0,6.11550112440269e-07,1.0,0.0,0.0359760237602119,1.0,0.0,0.0042754791920033,1.0,0.0,3.650747100081864e-06,1.0,1.0,0.0988651269519742,1.0,1.0,6.066200407047304e-05,1.0,1.0,0.0058812715511552,1.0,0.0,0.0021189216376797,1.0,1.0,0.0960600238893874,1.0,0.0,0.0211978019376294,1.0,1.0,5.864030958220319e-05,1.0,0.0,0.0009248976168056,1.0,0.0,0.0024184338207263,1.0,1.0,5.434150282519802e-07,1.0,1.0,0.0093931251930977,1.0,1.0,0.099104869941075,1.0,0.0,0.025166791737984,1.0,1.0,0.0302862913082614,1.0,1.0,2.818800087783447e-05,1.0,1.0,0.0010883953431277,1.0,1.0,5.1106615349156655e-05,1.0,1.0,0.0040217125056157,1.0,1.0,3.690000000203693e-05,1.0,0.0,0.0444621213490489,1.0,0.0,8.521582080957004e-06,A/A,0.0018305316098828,0.0,8.238123084585357e-06,0.0,0.0034418052118754,1.0,0.0,0.0,5.270651298286878e-05,1.0,0.0,1.0,1.0,0.0104616820160152,1.0,0.0419033966144594,0.0623177940604665,0.0068001832367845,1.0,1.0,0.0,8.863676119461709e-06,1.0,1.0,0.0,0.0002516765674634,1.0,1.0,0.0,0.0384111097579255,1.0,1.0,0.0,5.028208535367535e-07,1.0,1.0,0.0,,0.0,7.61028301698035e-06,1.0,0.0949239508983238,1.0,0.0,0.0,5.360382375330162e-05,1.0,1.0,1.0,0.0,5.264999052374011e-11,1.0,0.0,1.0,0.0103840088290503,1.0,0.0,1.0,0.0011466410244311,1.0,1.0,1.0,2.7229096545289885e-07,1.0,1.0,0.0,5.275809924757037e-05,1.0,0.0,1.0,0.0288610106801424,1.0,1.0,0.0,1.0,0.0046693388102027,0.0,1.073920830389721e-05,1.0,1.0,1.0,0.0965723477114904,1.0,0.0,1.0,0.0,3.305440674538974e-11,1.0,0.0,1.0,0.0493178933818759,1.0,0.0,1.0,0.004180057461876,1.0,0.0,0.0,5.720355148826775e-14,1.0,1.0,0.0,0.0003136759034863,1.0,1.0,0.0,1.014980982482175e-09,1.0,0.0,0.0,1.0,1.2946323580150809e-05,1.0,0.0507250276544288,1.0,0.0,1.0,0.0304420779734548,1.0,5.02481204662345e-05,0.0,7.915270547096975e-05,1.0,1.0,1.0,0.0,0.000285138341989,1.0,1.0,1.0,3.4103763771192137e-06,1.0,1.0,1.0,0.0172623160002946,1.0,0.0,0.0,0.0001658123757677,1.0,1.0,0.0,7.51471174720853e-05,1.0,0.0,0.0,0.0040436523865833,1.0,0.0,0.0,1.0,0.9791109499050036,0.9955317102968048,8.584057728844504,0.756,11.266370379206071,Q,R,1,1.0,0.0,0.0,1.0,0.0,-9.664425758298718,1.3499860969377946,-0.12602191691733247,0.37741946761678713,-0.3605297514815905,0.1824212032362198,0.9587085413505725,0.7733978267010226,-0.6324834664635439,-0.07939666817866306,20.0,315.0,0.0106956919954647,3.1946654882838285e-14,-1.9707911119722916,-13.482188673321042,0.0,1.0,0.0,1.0,400.0,0.0,0.0,0.0,85.0,103,0.8252427184466019,96.71117372964866,5.562264266616206,0.9955317102968048,-2.682312650361567,1.0,6.0,0.0,6.0,0.0,0.0,0.0,1.0,0.0,0.7230454294937407,0.0,1.0,0.0,0.0,0.0,0.0,0.0,0.0,0.0,0.0,0.0,1.0,0.0,polar,pos_charged,polar_to_pos_charged,0.0,0.0,0.0,1.0,0.0,0.0,1.0,1,0.7638320254748096
VAR_001850,,,,,,,,,,,,,,,,,,,,,,,,,,,,,,,,,,,,,,,,,,,,,,,,,,,,,,,,,,,,,,,,,,,,,,,,,,,,,,,,,,,,,,,,,,,,,,,,,,,,,./.,./.,5.55528610257896,5.771718658221016,,0.0,8.793001799056035e-06,1.0,1.0,5.919405080935927e-05,1.0,1.0,0.0005058277205081,1.0,0.0,2.0089938698414024e-09,1.0,1.0,9.088866565685809e-08,1.0,0.0,3.227316311646884e-12,1.0,1.0,2.6374642519034887e-06,1.0,0.0,0.0001717242693583,1.0,1.0,0.0008216251475321,1.0,1.0,0.0093213509475591,1.0,0.0,3.2840764991134794e-05,1.0,1.0,3.78716458605095e-11,1.0,1.0,6.252666195758307e-07,1.0,1.0,0.0103409655922492,1.0,0.0,4.496400002778139e-05,1.0,1.0,0.0228502280408202,1.0,0.0,1.030560411311886e-08,1.0,0.0,4.010639902822617e-16,1.0,1.0,0.0397561927363039,1.0,1.0,1.732814217900897e-07,1.0,0.0,8.305429331545675e-06,1.0,1.0,0.0231559877412937,1.0,1.0,2.2149556808314267e-05,1.0,0.0,0.008497107981878,1.0,1.0,0.0001904499515358,1.0,1.0,8.794277789759156e-05,1.0,0.6302734766177358,0.0321413507314651,1.0,0.0,0.099517447577517,1.0,,,./.,8.79390005578669e-05,,,,,,,,,,,,,,,,,,,,,,,,,,,,,,,,,,,,,,,,,,,,,,,,,,,,,,,,,,,,,,,,,,,,,,,,,,,,,,,,,,,,,,,,,,,,,,,,,,,,,,,,,,,,,,0.0,0.0041309552268119,1.0,2.5380841180648005e-07,1.0,0.0,1.0,0.0047269731382438,1.0,0.0999999997124166,0.0,1.1255623940908084e-12,1.0,0.0,1.0,1.0,0.0001258785113293,1.0,1.0,0.0,1.143961694561562e-10,1.0,1.0,0.0,0.0173854375236787,1.0,1.0,1.0,2.903437234422385e-11,1.0,0.0,0.0,1.255538686111481e-05,1.0,1.0,1.0,1.799256271052474e-09,1.0,0.0,1.0,1.0,0.9935397052502788,0.9814756757851916,8.645701011334223,0.6294783021346196,11.886136438634423,A,T,0,1.0,1.0,1.0,1.0,1.0,0.6184640588651877,-6.418874223084634,3.1576449597710505,-0.17348139491766013,1.8041949010175307,0.30006467994021047,-1.6126271996057322,1.755967931501463,0.05576885595481866,0.13808847747295536,0.0,125.0,0.0,,-15.0,-14.698970004336019,0.0,0.0,1.0,0.0,0.0,1.0,0.0,0.0,46.63027347661774,53,0.8798164806909007,102.7639818283582,5.771718658221016,0.9814756757851916,-3.2404354273002003,1.0,5.0,0.0,5.0,0.0,0.0,0.0,0.0,0.0,0.8215209917795393,0.0,0.0,0.0,0.0,0.0,0.0,0.0,1.0,0.0,0.0,0.0,1.0,1.0,polar,polar,polar_to_polar,0.0,0.0,0.0,0.0,0.0,0.0,0.0,0,0.5782034410488863
VAR_001823,0.0079434190848559,0.0467721887308844,0.0723446379765399,0.0062100086986582,0.0063797968832257,0.0219268537175404,0.00173407333976,0.0930352821680666,2.8017594001460845e-05,0.0002481598402797,0.0100737591887209,0.0306270000087577,0.0002897100000004,0.0021015918606158,0.0082745994182462,0.0030456000000415,7.683675124634628e-05,0.0008148543333132,0.0498166097886557,2.5624264660421127e-11,0.0664816154268997,0.03548219212863,0.0628385838784933,0.0030253991979391,0.0014949690598616,0.032679,gnomADg_FIN,1.0,0.0097895603098394,0.0,0.0970681109355465,0.0,0.0469099550959604,1.0,0.0062499999999999,1.0,0.0062783111288379,1.0,0.0016317689981676,1.0,0.0005954486116943,1.0,1.0,0.030838693792663,1.0,0.0,0.0999757273280899,1.0,1.0,0.0108898939050299,1.0,1.0,0.0086724276512876,1.0,1.0,0.0265215134690083,1.0,1.0,0.0002946463288277,1.0,0.0,1.0266254173859672e-11,1.0,1.0,0.0080955350533772,1.0,1.0,0.0081777545995055,1.0,0.0,0.0002431118314424,1.0,1.0,0.0011757349881666,1.0,0.0,0.0645127903149043,1.0,1.0,0.0007927291308953,1.0,1.0,4.1895140224045874e-05,1.0,1.0,0.0617159706635913,1.0,1.0,0.000467030030461,1.0,0.0,0.0006617700005964,1.0,0.0,0.025804410428319,1.0,AllofUs_EAS,0.0,0.0003899272949776,1.0,A/A,A/A,5.460674690859554,5.8000230918481,2.893676172003298,1.0,4.912868288563546e-05,1.0,0.0,0.0002266204874739,1.0,1.0,2.5541391246135583e-06,1.0,0.0,0.003906861192526,1.0,0.0,0.0001379536773074,1.0,1.0,0.00029187,1.0,1.0,0.0020876980199418,1.0,0.0,0.0002086492949026,1.0,0.0,3.578936138454658e-05,1.0,1.0,0.0020259336505121,1.0,1.0,0.0177925194012371,1.0,0.0,0.0001395927660603,1.0,0.0,1.5415984711856205e-05,1.0,0.0,8.992116282477614e-06,1.0,0.0,0.0009765571692402,1.0,1.0,0.0396482794122836,1.0,0.0,0.0002189700061242,1.0,0.0,0.000810374314134,1.0,0.0,0.0037712466840675,1.0,1.0,0.0953452012161334,1.0,1.0,0.0014139591640354,1.0,0.0,0.0004453383992847,1.0,0.0,0.0005929244516771,1.0,1.0,0.0138190861818045,1.0,1.0,0.0813531397738426,1.0,1.0,0.0999868632674429,1.0,1.0,0.0076893362087722,1.0,1.0,0.0275186146478671,1.0,1.0,0.0005406417976828,A/A,0.0318524142770747,1.0,0.0156639764804792,1.0,0.0010226211712404,1.0,1.0,1.0,7.141210737461399e-06,1.0,0.0,1.0,1.0,0.0002148424482397,1.0,0.0895769225013969,1.0,0.0092553114571961,1.0,0.0,1.0,0.0318501102321211,1.0,1.0,1.0,0.0079323531651198,1.0,0.0,1.0,0.0092931237856273,1.0,0.0,0.0,0.0013394068134322,1.0,0.0,1.0,,1.0,0.0976219483218012,1.0,0.0242845733797993,1.0,0.0,1.0,2.1927452792694143e-08,1.0,0.0,1.0,1.0,9.445207806060777e-05,1.0,1.0,1.0,0.0395898494729523,1.0,0.0,1.0,0.0313315200005748,1.0,1.0,0.0,0.0010235478567144,1.0,0.0,1.0,0.0094639540184531,1.0,1.0,0.0,0.0220854184157025,1.0,1.0,0.0,1.0,0.0351481170243244,0.0,0.0063065381637284,1.0,0.0,1.0,5.3934256830164664e-08,1.0,1.0,1.0,0.0,0.0001476846065774,1.0,1.0,1.0,0.0116149957072795,1.0,1.0,1.0,0.0458507672025696,1.0,0.0,1.0,0.0007939341003968,1.0,1.0,1.0,0.0100640707084741,1.0,0.0,1.0,0.0007351020027218,1.0,1.0,0.0,1.0,0.0019228079252175,0.0,3.599475763866741e-05,1.0,1.0,0.6077749174484693,0.003024043136243,1.0,0.0999999999848515,0.0,3.823299460258728e-05,1.0,1.0,1.0,0.0,0.0002132212049964,1.0,1.0,1.0,0.009908095205999,1.0,0.0,1.0,0.0556352421959622,1.0,0.0,1.0,0.0052078988940766,1.0,1.0,1.0,0.0326193649055551,1.0,1.0,1.0,0.0005534676321005,1.0,1.0,1.0,0.9823785764502778,0.974246013813499,1.0,8.576024591673944,0.756,11.653775228180937,E,G,0,0.0,0.0,0.0,0.0,0.0,-9.939737301468613,1.6424272069225767,-0.1529206172059051,0.6463070456984708,-1.168225399097953,-1.7654010083555487,-2.2843854086041286,-0.7466972971602102,0.05380214476563621,-0.049478246439440134,26.0,333.0,0.0930352821680666,2.5624264660421127e-11,-1.0313523208540343,-10.591331640474065,1.0,1.0,0.0,1.0,676.0,0.0,0.0,1.0,93.0,103,0.9029126213592233,99.94306294272035,5.697818428348476,0.9823785764502778,-3.077750636506993,1.0,6.0,0.0,6.0,0.0,0.0,0.0,0.0,1.0,0.6718110286591608,0.0,0.0,1.0,0.0,0.0,0.0,0.0,0.0,0.0,0.0,0.0,1.0,0.0,neg_charged,special,neg_charged_to_special,1.0,0.0,0.0,0.0,1.0,0.0,1.0,0,0.761856021835551
VAR_001872,,,,,,,3.2837327124272244e-06,0.099991303014584,0.0007135856404797,2.1838840357165087e-11,0.0002755098562927,1.8779138151422253e-08,0.0001415934024759,6.639988608382458e-10,0.0019237915887882,,,,,,,,,,,1.6235778333447487e-06,gnomADe_NFE,,,,,,,,,,,,,1.0,9.069709516131975e-10,1.0,1.0,0.0829834895779575,1.0,1.0,0.0999746823290107,1.0,1.0,4.0576146881750854e-07,1.0,0.0,0.0005860933431626,0.0,1.0,0.0037706754739334,0.0,1.0,1.8449679540544969e-10,1.0,0.0,6.579539375813856e-09,1.0,0.0,0.0118155371902039,1.0,1.0,0.0001820473044165,1.0,1.0,3.257991683404512e-06,1.0,0.0,0.004169315605012,1.0,1.0,1.940723012488871e-06,0.0,0.0,0.0297379387307603,1.0,1.0,7.457442525692021e-06,0.0,1.0,0.0134562544879876,1.0,1.0,0.008243865927791,1.0,1.0,0.0002996801513039,0.0,1.0,0.0708279428362143,1.0,AllofUs_EUR,0.0,0.0031072696313342,0.0,A/A,A/A,5.010000984771099,5.040537194071803,,0.0,2.1520606919093552e-05,1.0,0.0,0.0001663305142335,1.0,1.0,7.520131004772096e-08,1.0,0.0,4.264935238591167e-06,1.0,1.0,2.073684184468958e-07,1.0,1.0,2.514600650662466e-06,1.0,0.0,8.908393237301061e-11,1.0,1.0,7.136100353516618e-07,1.0,1.0,0.0951247833153454,1.0,0.0,5.5495284529153035e-22,1.0,0.0,0.0011105246208881,1.0,1.0,3.739123987921281e-09,1.0,1.0,0.0014153129675301,1.0,0.0,1.7200518190216491e-09,1.0,1.0,3.2398498836218925e-06,1.0,0.0,9.255985476363523e-07,1.0,1.0,0.000310740118858,1.0,0.0,1.329144236109866e-08,1.0,1.0,3.3450830593089894e-08,1.0,0.0,1.650816376335734e-15,1.0,0.0,9.180002724166016e-06,1.0,0.0,0.0002932412991073,1.0,1.0,2.6375531418000384e-06,1.0,0.0,4.765559717412715e-10,1.0,1.0,0.0025333536685206,1.0,0.0,6.882969091150808e-15,1.0,0.0,2.8154712202440367e-06,1.0,1.0,0.0567373787602455,1.0,,,A/A,8.58923220420849e-05,1.0,0.0004344185459919,1.0,3.121885713202902e-09,1.0,1.0,0.0,0.0620519247572197,1.0,1.0,1.0,0.0,2.334132019686947e-05,1.0,0.0130568448442471,0.0,0.0073920268542749,1.0,0.0,0.0,0.0395966780430509,1.0,1.0,0.0,6.896733790320289e-07,1.0,1.0,,,,,0.0,5.842786537401253e-14,1.0,0.0,1.0,,1.0,3.807135438914371e-06,0.0,0.0803457185533496,1.0,1.0,1.0,0.0519796240758762,1.0,1.0,1.0,0.0,8.552766033620174e-08,1.0,0.0304773288974686,1.0,0.0021727963934944,1.0,0.0,1.0,1.459489481037184e-06,1.0,1.0,1.0,0.0011430153001535,1.0,0.0,0.0,0.0018852339593749,1.0,1.0,1.0,4.570811689863671e-05,1.0,0.0,1.0,0.0,1.2333255220834242e-05,1.0,3.2113057740582175e-05,1.0,0.0,1.0,8.257073079708646e-05,1.0,0.0,1.0,0.0,1.6255182643685442e-13,1.0,0.5392861522968578,0.0,0.0216293576749967,1.0,1.0,0.0,7.686904701215636e-08,1.0,0.0,0.0,1.0057230738806544e-05,1.0,0.0,0.0,2.0592795004026e-05,1.0,1.0,0.0,0.0001158151319018,1.0,1.0,0.0,0.0,5.715025222007117e-05,1.0,0.0003660137387408,1.0,0.0,1.0,4.749279364661378e-09,1.0,0.0997708466776866,0.0,0.0516279633141944,1.0,0.0,1.0,0.0,4.523319586712953e-05,1.0,0.0,1.0,8.117284145686171e-05,1.0,1.0,0.0,6.44122967578572e-05,1.0,0.0,0.0,2.8435973577021783e-06,1.0,1.0,0.0,0.0039393277553828,1.0,0.0,0.0,1.329250400953606e-07,1.0,1.0,1.0,1.0,1.0,1.0,7.952072577523808,0.756,11.212812692752156,S,R,1,1.0,0.0,1.0,1.0,1.0,-8.970724831385708,0.883601034699664,0.20850142206786748,0.18413110514218645,0.9431602526873522,2.552044994410661,0.3693317337417654,-1.151254442658998,1.0479234290411965,0.5643634337382551,10.0,299.0,0.099991303014584,2.1838840357165087e-11,-1.000037772170293,-10.660750540521132,1.0,1.0,0.0,0.0,100.0,0.0,1.0,0.0,84.0,101,0.8316831683168316,89.16510033094531,5.040537194071803,1.0,-3.260740115228348,1.0,5.0,0.0,5.0,0.0,0.0,1.0,1.0,0.0,0.8264378219714592,0.0,0.0,0.0,1.0,0.0,0.0,0.0,0.0,0.0,0.0,0.0,1.0,0.0,polar,pos_charged,polar_to_pos_charged,0.0,0.0,0.0,1.0,0.0,0.0,1.0,0,0.8332845932641224
VAR_001783,,,,,,,,,,,,,,,,,,,,,,,,,,,,,,,,,,,,,,,,,,,,,,,,,,,,,,,,,,,,,,,,,,,,,,,,,,,,,,,,,,,,,,,,,,,,,,,,,,,,,G/G,G/G,5.675549134432475,5.813326853679984,,,,,,,,,,,,,,,,,,,,,,,,,,,,,,,,,,,,,,,,,,,,,,,,,,,,,,,,,,,,,,,,,,,,,,,,,,,,,,,,,,,,,,,,G/G,,,,,,,,,,,,,,,,,,,,,,,,,,,,,,,,,,,,,,,,,,,,,,,,,,,,,,,,,,,,,,,,,,,,,,,,,,,,,,,,,,,,,,,,,,,,,,,,,,,,,,,,,,,,,,,,,,,,,,,,,,,,,,,,,,,,,,,,,,,,,,,,,,,,,,,1.0,0.9888924059764476,1.0,7.585337215596723,0.6057249336010171,11.896,E,K,1,1.0,1.0,1.0,1.0,1.0,7.9832658475143266,1.110473819360434,0.7581133467456967,0.8939678506860212,-0.051531957628236036,0.3355656458072709,-0.36501707859039345,0.34222455309622,-0.05071508944522977,-0.11988723048277419,0.0,0.0,0.0,,-15.0,-14.698970004336019,0.0,0.0,1.0,0.0,0.0,1.0,0.0,0.0,0.0,1,0.0,90.23517151673862,5.813326853679984,1.0,-4.310662784403278,1.0,5.0,0.0,5.0,0.0,0.0,0.0,0.0,0.0,0.8215209917795393,0.0,0.0,0.0,0.0,0.0,0.0,0.0,1.0,0.0,0.0,0.0,1.0,0.0,neg_charged,pos_charged,neg_charged_to_pos_charged,0.0,0.0,0.0,0.0,0.0,0.0,1.0,1,0.8039055130752403
VAR_001873,0.0001884619051373,0.0143806976382719,1.153023005360766e-12,0.0015179008614107,2.4091254908464517e-06,0.0914854104730605,3.3312753404674905e-05,0.0076202518324964,0.0001412114371118,0.0132375031691567,0.003288998631819,0.001002246607235,1.869026492845948e-05,1.4940019207405409e-05,0.0001983600015543,0.0007459536084887,0.0001310298458346,0.0156696258604217,0.0214280587612541,1.2273346670713485e-15,1.290816013274473e-07,0.0012090110519061,0.0215877424224425,0.0035668039286599,0.0434129746155756,0.0009030571740938,SAS,0.0,0.051371072162797,0.0,4.847487369024714e-13,1.0,1.536144700224743e-08,0.0,0.0541433545608755,1.0,3.5231048799377654e-05,0.0,0.0009202454030374,1.0,8.712487899322363e-05,1.0,0.0,0.0843753110102299,1.0,0.0,3.090969053070398e-05,1.0,1.0,1.308268807254282e-06,1.0,1.0,1.5727207067885863e-11,1.0,0.0,0.000195304046731,1.0,1.0,9.098697943487196e-10,1.0,1.0,0.0006001819514537,1.0,1.0,0.0001830267694016,1.0,0.0,0.0003765461773865,1.0,0.0,0.0079754628033565,1.0,1.0,3.639936571685106e-05,1.0,0.0,0.0030505949146309,1.0,1.0,4.2388539290296456e-05,1.0,0.0,0.0096655215767064,1.0,1.0,8.636858635727862e-11,1.0,0.0,0.0009017253425979,0.0,1.0,6.499341375959776e-05,0.0,0.0,0.0004898760357608,1.0,AllofUs_SAS,0.0,0.0001935000001041,1.0,G/G,G/G,5.07887572757755,4.687756217748339,3.072591911073745,0.0,0.0003121152433386,1.0,1.0,4.984101749344669e-05,1.0,1.0,6.817453211918762e-05,1.0,1.0,1.6396003333224942e-05,1.0,0.0,2.7193539076311085e-05,1.0,0.0,7.855269973873574e-06,1.0,0.0,0.0242062541140373,1.0,0.0,2.545482021251415e-05,1.0,0.0,0.0785167371489756,1.0,1.0,0.0493025961818402,1.0,1.0,6.478795509947389e-06,1.0,0.0,0.0004236705649404,1.0,0.0,0.0516556152865083,1.0,0.0,0.0090143344179918,1.0,1.0,0.0001406010212354,1.0,1.0,0.0011912205877608,1.0,0.0,1.674000000076844e-05,1.0,1.0,0.0571566922993604,1.0,0.0,0.0388608634467517,1.0,0.0,0.0001751948159898,1.0,1.0,0.0092556039504789,1.0,1.0,0.0086238059918614,1.0,0.0,0.0389734213151522,1.0,1.0,5.361067535947488e-06,1.0,0.0,0.0220882750747313,1.0,1.0,0.0006961739654109,1.0,0.0,0.0067745712043683,1.0,0.0,0.0001589817308858,1.0,1.0,0.0282634828145104,G/G,0.0009338980615522,1.0,0.0058578198307321,0.0,0.0998357254029211,1.0,0.0,0.0,0.0153261331205279,1.0,0.0,1.0,0.0,2.576818690519306e-12,1.0,0.0972707709662184,0.0,2.161123349230965e-05,1.0,0.0,1.0,0.0001581610769128,1.0,1.0,0.0,0.0013832690366343,1.0,1.0,1.0,0.0585113512300303,1.0,0.9470401260927084,0.0,0.000516384,1.0,0.0,0.0,,0.0,0.0002583960019075,0.0,0.000188970694182,1.0,1.0,1.0,0.0001059058828475,1.0,1.0,1.0,0.0,3.922610413050163e-09,1.0,0.0,1.0,0.0001811579584543,1.0,0.0,1.0,3.221907870858664e-12,1.0,0.0,1.0,0.0170791224884083,1.0,0.0,0.0,0.0987772771672291,1.0,0.0,0.0,0.0058124263981467,1.0,0.5845943191716872,1.0,0.0,0.052169900895563,1.0,0.0002263373741362,1.0,0.0,1.0,0.0014298209715166,1.0,0.0,1.0,0.0,0.0009960020373067,1.0,0.6542664836225632,0.0,0.026896944160846,1.0,1.0,1.0,1.5073204758937549e-15,1.0,0.0,1.0,0.0004611293470705,1.0,0.0,1.0,0.0004530759523659,1.0,1.0,0.0,0.0026936221282912,1.0,1.0,1.0,1.0,8.62021133236045e-05,0.0,0.0001200806873022,1.0,1.0,0.7269543150000808,0.0458532241285927,1.0,0.0999820541637429,1.0,0.0001503174814228,1.0,0.0,1.0,0.0,2.50030988558536e-13,1.0,0.0,0.0,0.0395131161173629,1.0,0.0,1.0,3.152179900031017e-11,1.0,0.0,0.0,2.1340616632165023e-05,1.0,0.065559902467888,1.0,0.0438253085867629,1.0,1.0,0.0,0.0002004541645147,1.0,1.0,1.0,0.9921189055435504,1.0,1.0,8.443764601084672,0.7196969037861249,11.474486758676834,S,N,1,0.0,0.0,0.0,0.0,0.0,-9.939737301468613,1.6424272069225767,-0.1529206172059051,0.6463070456984708,-1.168225399097953,-1.7654010083555487,-2.2843854086041286,-0.7466972971602102,0.05380214476563621,-0.049478246439440134,26.0,333.0,0.0914854104730605,1.2273346670713485e-15,-1.0386481590072258,-14.652214523359984,1.0,1.0,0.0,1.0,676.0,0.0,0.0,1.0,87.06555990246788,103,0.8452966980822124,96.88786510853025,4.650811568207455,0.9921189055435504,-3.0307221575921623,1.0,6.0,0.0,6.0,0.0,0.0,0.0,0.0,0.0,0.49993396506752075,0.0,0.0,0.0,0.0,0.0,0.0,1.0,0.0,0.0,0.0,0.0,1.0,0.0,polar,polar,polar_to_polar,0.0,0.0,0.0,0.0,0.0,0.0,0.0,0,0.7165984305697715
VAR_001871,0.0001801104322041,0.0007200000000684,0.0020860918683794,8.302968587855724e-05,5.713351806272791e-21,0.0478036405797913,0.0196095980420856,0.0999779135475056,0.002172051750602,0.0001490837584454,0.0319355323664865,2.287893869070436e-16,2.7021296809599048e-06,0.0042218002305365,3.813638530063204e-12,1.1817058132715364e-05,0.002089714648379,5.552469569944479e-10,0.0021841803895012,0.0049413322179276,0.0006833446160838,2.014425638384872e-08,0.0194864302309687,6.8633063945650115e-09,3.2329281018886105e-27,0.0007200000038221,AFR,0.0,0.0042386313032603,1.0,0.0994118802595183,1.0,0.0001216093746477,1.0,0.003122147161065,1.0,2.3285355493772685e-08,0.0,3.8773833203782745e-14,1.0,6.312090548290117e-09,1.0,0.0,0.0008421664947343,1.0,1.0,0.000214232379156,1.0,0.0,1.428735209982496e-05,1.0,1.0,1.6708476094855296e-07,1.0,1.0,0.0035905761650632,1.0,1.0,0.0773676639401478,1.0,0.0,1.2019181900444034e-13,1.0,1.0,0.0003169020603039,1.0,0.0,1.1781196676377956e-13,1.0,1.0,5.447978759429334e-09,1.0,0.0,2.7104117686122495e-05,1.0,0.0,0.000180360244833,1.0,0.0,0.0117719776692726,1.0,0.0,4.502729111717029e-05,1.0,1.0,9.849685557119014e-13,1.0,0.0,0.001864964794278,1.0,1.0,3.007811286343639e-05,1.0,1.0,0.0002988842155405,1.0,AllofUs_AMR,1.0,2.571689954172785e-11,0.0,T/T,T/T,5.04180355357701,-1.644449995591865,-4.3650527681234745,1.0,2.09772366371212e-05,1.0,1.0,0.0048079952616084,1.0,0.0,1.496156694290861e-19,1.0,1.0,0.0111185642117666,1.0,1.0,5.494500000000051e-07,1.0,0.0,1.124676549730972e-06,1.0,1.0,0.0008702277373688,1.0,0.0,3.390300243494057e-06,1.0,1.0,0.0002052451878961,1.0,1.0,1.0338525005704882e-05,1.0,1.0,0.0818408555066972,1.0,1.0,1.3719533223609635e-05,1.0,1.0,0.0079338985398873,1.0,0.0,0.0001401221241477,1.0,1.0,0.0022762283390237,1.0,1.0,7.617430030823852e-07,1.0,1.0,1.4213670408991707e-05,1.0,0.0,6.60220056795798e-05,1.0,0.0,1.4110393097108311e-05,1.0,0.0,0.0279849864060345,1.0,0.0,0.0001409589187163,1.0,0.0,1.7595001361517349e-07,1.0,1.0,0.002262109115042,1.0,0.0,2.6870885116225293e-05,1.0,0.0,0.0002052798973301,1.0,1.0,7.312133500691067e-05,1.0,1.0,3.734100002878356e-05,1.0,0.0,1.6574388654911843e-05,1.0,1.0,2.638895770147777e-05,T/T,0.0006807600000167,0.0,0.0121622309244748,0.0,0.0001308886685412,1.0,1.0,1.0,3.653902319997948e-07,1.0,0.0,1.0,0.0,0.0034513605589656,1.0,0.0002127351598758,0.0,0.0413681545398534,1.0,0.0,1.0,1.564754056315419e-07,1.0,0.0,0.0,4.03862082294986e-05,1.0,1.0,1.0,0.0974818404912752,1.0,1.0,1.0,0.0114784978478704,1.0,1.0,0.0,,1.0,0.0004936056345523,1.0,0.0231400429244326,1.0,1.0,0.0,2.6381602211576183e-05,1.0,1.0,1.0,0.0,7.379948223467753e-05,1.0,0.9461918515984924,0.0,0.0369559116034074,1.0,1.0,0.0,7.091263271607581e-06,1.0,1.0,0.0,0.0009138081267096,1.0,1.0,1.0,0.076717822323222,1.0,0.0,0.0,1.9959971290486934e-08,1.0,0.0,0.0,1.0,0.0001297028758016,0.0,0.0853569215648129,1.0,0.0,1.0,2.9906892843197312e-05,1.0,0.0,1.0,1.0,8.288634231655973e-10,1.0,1.0,0.0,0.0264408330398798,1.0,0.0,0.0,0.0140698981820224,1.0,0.0,1.0,0.0001084710300296,1.0,0.0,1.0,0.000474938957115,1.0,1.0,0.0,1.7360345969810407e-05,1.0,0.0,0.0,1.0,5.110394050145334e-06,0.0,4.018425832617968e-05,1.0,1.0,1.0,1.4829515390508874e-08,1.0,0.0565243626999431,1.0,0.0553293161057436,1.0,0.0,1.0,0.0,0.0170571344075159,1.0,0.0,0.0,0.0367245090829572,1.0,1.0,0.0,1.116629421288892e-07,1.0,0.0,0.0,0.0254045838797478,1.0,0.0,0.0,0.0067261793225018,1.0,1.0,1.0,0.0748024894046814,1.0,0.0,1.0,1.0,0.9827441457096986,0.0256331821956196,1.7671089868499716,-0.1281506851225004,0.3773375780004753,I,T,0,0.0,0.0,0.0,0.0,0.0,-9.939737301468613,1.6424272069225767,-0.1529206172059051,0.6463070456984708,-1.168225399097953,-1.7654010083555487,-2.2843854086041286,-0.7466972971602102,0.05380214476563621,-0.049478246439440134,26.0,333.0,0.0999779135475056,3.2329281018886105e-27,-1.0000959308386765,-14.999999999998597,1.0,1.0,0.0,1.0,676.0,0.0,0.0,1.0,91.0,103,0.883495145631068,0.666796625160842,-1.644449995591865,0.0256331821956196,1.3897714088494963,1.0,1.0,3.0,-2.0,0.0,1.0,0.0,0.0,0.0,0.3625923718042449,0.0,1.0,0.0,0.0,0.0,0.0,0.0,0.0,0.0,0.0,0.0,1.0,0.0,hydrophobic,polar,hydrophobic_to_polar,0.0,0.0,0.0,0.0,0.0,0.0,1.0,0,0.7082992152848857
VAR_001812,,,,,,,0.0001171151477462,4.02403704850014e-07,0.0151723926106169,1.5113156304340464e-08,8.623601466400957e-05,0.0001102452798688,1.148027679628771e-05,0.0001995016523788,2.5819503037109866e-06,,,,,,,,,,,0.0066453689999358,gnomADe_NFE,,,,,,,,,,,,,0.0,3.824787308414147e-09,1.0,0.0,0.0375742137827871,1.0,1.0,0.0999999819999821,1.0,0.0,1.4259424687047622e-27,1.0,0.0,1.4413892302612626e-07,0.0,1.0,0.0004607467745722,1.0,0.0,5.784142192507397e-06,1.0,1.0,7.817748847359014e-11,1.0,1.0,0.015661533298848,1.0,1.0,0.0001690769958824,1.0,1.0,1.2507475005091473e-12,1.0,1.0,1.5051687378932028e-05,1.0,0.0,0.0999999982374599,0.0,1.0,0.0227113127564969,1.0,1.0,0.0021185118147042,1.0,0.7081032027891587,0.0001276420174554,1.0,1.0,6.546090190184528e-05,1.0,1.0,0.0001971573847992,0.0,1.0,1.0665756210675642e-05,1.0,AllofUs_EUR,0.0,4.529523240750504e-09,1.0,G/G,G/G,5.4953110471880215,5.49691197104395,,1.0,0.0103873698573881,1.0,1.0,0.0002241301375379,1.0,1.0,4.995289068876617e-08,1.0,0.0,0.0363486063030013,1.0,1.0,3.127555638219239e-05,1.0,0.0,0.0049865760632944,1.0,0.0,0.0029605841036822,1.0,1.0,8.746200034682565e-06,1.0,1.0,0.0936284581579663,1.0,1.0,4.612934183463737e-16,1.0,1.0,0.0895777627856689,1.0,0.0,0.0007811826527301,1.0,0.0,0.006236780913191,1.0,1.0,1.4801608570538216e-06,1.0,0.0,1.044119694082877e-05,1.0,1.0,0.0078485446132541,1.0,1.0,0.0043651209603371,1.0,0.0,6.194537426226471e-05,1.0,1.0,0.0036691564070409,1.0,0.0,0.0002304690696855,1.0,0.0,1.623307932315149e-06,1.0,1.0,1.589708923156763e-06,1.0,0.0,0.0026643106519041,1.0,1.0,1.8104003385882132e-05,1.0,0.0,0.0019522208482231,1.0,0.0,0.0998960916942605,1.0,1.0,0.0273775858653113,1.0,0.0,0.0977395685439755,1.0,,,G/G,0.0613230139964202,0.0,0.0012787500899222,0.0,1.2111130854207733e-12,1.0,0.0,0.0,6.6406353447347e-11,1.0,1.0,1.0,1.0,2.0472945627073838e-15,1.0,0.0021442477721729,1.0,0.0011359713972891,1.0,1.0,1.0,0.0001627787051581,1.0,0.0,1.0,3.758334416206065e-05,1.0,0.0,1.0,0.0018202766395703,1.0,0.0,0.0,2.3164792587002638e-10,1.0,0.670760472573678,0.0,,1.0,0.0348618084063562,1.0,2.586286028233377e-07,1.0,1.0,1.0,7.449484120532131e-15,1.0,0.0,1.0,0.0,1.5434502856883883e-08,1.0,0.0,1.0,0.0034776198734832,1.0,0.0,0.0,8.372866930794642e-08,1.0,1.0,1.0,0.0355084453221451,1.0,1.0,0.0,0.0079145779467416,1.0,0.0,1.0,1.3473982353548822e-19,1.0,0.0,0.0,1.0,1.3009667074453074e-05,0.0,4.0829375005809023e-16,1.0,0.0,0.0,9.555085808086671e-09,1.0,1.0,1.0,0.0,0.0495765340274792,1.0,0.0,1.0,0.0058523358460261,1.0,0.0,1.0,0.0733869333212523,1.0,1.0,0.0,0.0024749171994611,1.0,1.0,1.0,0.0024734427972682,1.0,0.0,1.0,4.0288673946431133e-07,1.0,0.0,0.0,0.0,0.011457480436452,1.0,0.0005994925592529,1.0,0.0,1.0,0.0006625020694656,1.0,0.0028786186159477,1.0,7.331619663063815e-05,1.0,0.0,1.0,0.0,1.7008401098249904e-05,1.0,1.0,0.0,0.0058173507683529,1.0,1.0,0.0,0.0078981590476019,1.0,0.0,1.0,0.0003943151391859,1.0,0.0,1.0,9.208311453178229e-06,1.0,1.0,0.0,3.0878002296738285e-05,1.0,0.0,0.0,1.0,0.9998603978396686,0.992546975391828,9.298217667710585,0.6240092910144655,11.896,G,R,1,1.0,0.0,1.0,1.0,1.0,-9.149826901356347,1.065670509304085,0.24455906147885142,0.2856168661994799,0.856745502651012,2.358197341717915,0.13402254045329665,-1.119645961399626,-0.7742089924721245,0.8444572037540777,10.0,303.0,0.0151723926106169,1.5113156304340464e-08,-1.8189459277396942,-7.820644797301383,0.0,1.0,0.0,0.0,100.0,0.0,1.0,0.0,92.0,102,0.9019607843137255,110.61159737508513,5.49691197104395,0.992546975391828,-2.597782332289416,1.0,5.0,0.0,5.0,0.0,0.0,1.0,1.0,0.0,0.8264378219714592,0.0,0.0,0.0,1.0,0.0,0.0,0.0,0.0,0.0,0.0,0.0,1.0,0.0,special,pos_charged,special_to_pos_charged,1.0,0.0,0.0,1.0,0.0,1.0,1.0,-2,0.9077869001212279
VAR_001856,,,,,,,,,,,,,,,,,,,,,,,,,,,,,,,,,,,,,,,,,,,,,,,,,,,,,,,,,,,,,,,,,,,,,,,,,,,,,,,,,,,,,,,,,,,,,,,,,,,,,./.,./.,4.82159163507004,5.031356013190133,3.1309539295323665,,,,,,,,,,,,,,,,,,,,,,,,,,,,,,,,,,,,,,,,,,,,,,,,,,,,,,,,,,,,,,,,,,,,,,,,,,,,,,,,,,,,,,,./.,,,,,,,,,,,,,,,,,,,,,,,,,,,,,,,,,,,,,,,,,,,,,,,,,,,,,,,,,,,,,,,,,,,,,,,,,,,,,,,,,,,,,,,,,,,,,,,,,,,,,,,,,,,,,,,,,,,,,,,,,,,,,,,,,,,,,,,,,,,,,,,,,,,,,,,1.0,1.0,1.0,7.497950848070285,0.6273915787022398,8.355374017084404,L,S,1,1.0,1.0,1.0,1.0,0.0,7.9832658475143266,1.110473819360434,0.7581133467456967,0.8939678506860212,-0.051531957628236036,0.3355656458072709,-0.36501707859039345,0.34222455309622,-0.05071508944522977,-0.11988723048277419,0.0,0.0,0.0,,-15.0,-14.698970004336019,0.0,0.0,1.0,0.0,0.0,1.0,0.0,0.0,0.0,1,0.0,62.64818369734243,5.031356013190133,1.0,-0.8574231690141199,1.0,6.0,0.0,6.0,0.0,0.0,0.0,0.0,0.0,0.8215209917795393,0.0,0.0,0.0,0.0,0.0,0.0,0.0,1.0,0.0,0.0,0.0,1.0,1.0,hydrophobic,polar,hydrophobic_to_polar,0.0,0.0,0.0,0.0,0.0,0.0,1.0,0,0.833271300517974
VAR_001819,,,,,,,6.269557413280672e-07,7.872087671304268e-06,0.0904598684491121,0.0017505944552517,0.0002011953242157,0.0116814916658947,4.513978677555644e-05,2.711413885128489e-08,4.0804025457884855e-05,5.91666239641074e-06,3.495745993203387e-06,8.889758830548915e-06,5.905566603538545e-05,5.5821202422728414e-08,4.754422060748216e-06,2.391975822855944e-07,1.494019195439286e-05,1.1493478137118422e-08,0.0538346040826194,0.0395437356836237,gnomADg_AMR,,,,,,,,,,,,,0.0,9.351980210235192e-13,1.0,1.0,0.0999096470976148,1.0,0.0,0.0738949034656239,1.0,0.0,9.371951183269712e-09,1.0,1.0,0.0084751650201536,1.0,0.0,0.0278319958437947,1.0,1.0,1.586456899232749e-05,1.0,0.0,3.8972984004717977e-07,1.0,1.0,0.0087117154146009,1.0,0.0,1.3680830963273428e-05,0.0,0.0,0.0627841198702106,1.0,0.0,0.0026761579333941,1.0,0.0,3.2181590861939544e-05,0.0,1.0,1.8342000576886296e-06,1.0,0.0,2.717289407439084e-07,0.0,1.0,0.0022644819437833,0.0,1.0,0.0018640543905313,1.0,1.0,0.0003751113473494,0.0,1.0,0.0001850651761037,1.0,AllofUs_EUR,0.0,4.602122649271834e-09,1.0,C/C,C/C,5.570445155523204,5.584033438046849,,1.0,0.0819911102320347,1.0,1.0,0.0006088387118553,1.0,1.0,2.759228111428518e-05,1.0,0.0,0.0001669993906299,1.0,0.0,0.0366888612449661,1.0,1.0,2.073442011711176e-06,1.0,1.0,3.786612424102575e-05,1.0,1.0,5.44320273740154e-07,1.0,0.0,2.7779924206021745e-12,1.0,1.0,0.0459592077182949,1.0,0.3067220345285742,0.0209552062745449,1.0,0.0,0.0143511890144405,1.0,0.0,0.0955203155302114,1.0,0.0,0.0176963745743445,1.0,1.0,0.0002884826309467,1.0,1.0,1.344131040431657e-09,1.0,1.0,0.0001023969984316,1.0,1.0,3.4631321875298334e-07,1.0,0.0,0.0011357368523953,1.0,1.0,1.2560472017106951e-05,1.0,1.0,0.0008102531781538,1.0,0.0,2.315646942218181e-05,1.0,0.0,2.922309816706241e-06,1.0,1.0,2.19913917160876e-06,1.0,0.0,0.0014003260980943,1.0,0.0,0.0002967019082595,1.0,1.0,6.1799360062679685e-06,1.0,1.0,0.099811604889963,1.0,,,C/C,3.5220598703252934e-05,,,,,,,,,,,,,,,,,,,,,,,,,,,,,,,,,,,,,,,,,,,,,,,,,,,,,,,,,,,,,,,,,,,,,,,,,,,,,,,,,,,,,,,,,,,,,,,,,,,,,,,,,,,,,,0.0,3.1084314292486145e-06,1.0,0.0947200496831481,1.0,1.0,0.3252942682929638,3.036740451522208e-05,1.0,0.0001041512524198,0.0,1.5004531919875163e-05,1.0,0.0,1.0,0.0,0.0008559652789017,1.0,0.594071227692388,1.0,4.770532155833295e-05,1.0,0.0,0.0,6.0335205368158774e-12,1.0,1.0,1.0,1.5265013318078604e-05,1.0,0.0,1.0,1.5004530000035522e-05,0.0,1.0,1.0,0.0034539216798364,1.0,1.0,1.0,0.9989725830231996,0.9952504724734684,1.0,7.133872084556063,0.6090086689263695,7.473888029678853,H,Y,1,1.0,0.0,0.0,1.0,1.0,-3.352193111680281,-5.971942673768469,-2.93899079662539,-1.127745203812512,-2.260340409293983,-0.5163920435334561,0.8988846914098079,0.5273185640575235,0.36218095811434486,0.9490008249803001,20.0,205.0,0.0904598684491121,1.1493478137118422e-08,-1.0435440481605822,-7.939548488166379,1.0,1.0,0.0,1.0,400.0,0.0,0.0,0.0,56.0,70,0.8,53.31776117802368,5.578296307293579,0.9989725830231996,-0.34001594512279,1.0,5.0,0.0,5.0,0.0,0.0,0.0,0.0,1.0,0.6363222811533968,0.0,0.0,0.0,1.0,0.0,0.0,0.0,0.0,0.0,0.0,0.0,1.0,0.0,pos_charged,hydrophobic,pos_charged_to_hydrophobic,0.0,0.0,0.0,0.0,0.0,0.0,1.0,0,0.6666141773613626
VAR_001971,,,,,,,6.163405011568951e-07,6.200362397066079e-06,5.936999973440649e-06,8.756347451554958e-08,0.0678716236035645,1.942092555985919e-06,9.647477401078004e-07,2.152836251555361e-06,2.3972675379650412e-08,,,,,,,,,,,0.0062969837748982,gnomADe_NFE,,,,,,,,,,,,,,,,,,,,,,,,,,,,,,,,,,,,,,,,,,,,,,,,,,,,,,,,,,,,,,,,,,,,,,,,,,A/A,A/A,5.199706238648751,3.898502936092149,2.3298372138506016,,,,,,,,,,,,,,,,,,,,,,,,,,,,,,,,,,,,,,,,,,,,,,,,,,,,,,,,,,,,,,,,,,,,,,,,,,,,,,,,,,,,,,,A/A,0.0014068203693838,1.0,7.007828737484139e-07,0.0,1.3268928078827015e-06,1.0,0.3665518544441168,1.0,0.0302230534869526,1.0,1.0,1.0,1.0,0.004499627921243,1.0,0.0983463623483805,0.0,0.0001186521905124,1.0,0.0,1.0,2.18221405808564e-07,1.0,1.0,1.0,3.387269579746438e-09,1.0,0.0,,,,,0.0,1.3762468052694442e-10,1.0,1.0,0.0,,0.0,0.0013811127296921,1.0,3.4476629963399196e-11,1.0,0.0,1.0,1.3451641356897697e-17,1.0,1.0,1.0,0.0,2.5706413508089943e-05,1.0,0.5739791353351759,1.0,9.295286377314846e-07,1.0,0.0,0.0,0.0002859120655098,1.0,0.0,1.0,0.0002311075349221,1.0,0.0,0.0,1.7567460027302814e-05,1.0,1.0,0.0,4.513195190653197e-05,1.0,1.0,0.0,1.0,8.658261e-06,1.0,0.0012790133175804,1.0,0.0,1.0,0.0004340675635099,1.0,1.0,1.0,0.0,2.119799627478824e-22,1.0,1.0,1.0,0.004432083750791,1.0,1.0,0.0,2.4766542639409648e-12,1.0,0.0,0.0,2.01117600089863e-05,1.0,0.0,0.0,0.0003710404848227,1.0,0.0,1.0,0.0084996102966038,1.0,1.0,0.0,0.0,5.57733603488558e-07,0.0,0.0787542160527855,1.0,1.0,0.1642908946898346,1.9425342575250632e-05,1.0,0.0017000698026737,1.0,7.33396698207746e-05,1.0,1.0,1.0,1.0,6.909521414547159e-09,1.0,1.0,1.0,2.291431302672751e-06,1.0,0.0,0.0,0.0053454167253585,1.0,0.0,0.0,7.631638086418873e-07,1.0,0.0,1.0,0.0615544643290245,1.0,0.0,1.0,1.5473172103357864e-07,1.0,1.0,1.0,0.947454050260506,0.999864131313602,1.0,1.4353542638966457,0.6986047734870069,4.740725281776002,Q,R,0,1.0,0.0,1.0,1.0,0.0,-0.8344738998154728,6.646869825739767,4.9079195580532105,-3.888011868618425,2.014516336308796,0.8339448968666308,0.09905020851315394,-0.2427189932341558,0.7844412559356634,0.03594491835743668,10.0,155.0,0.0678716236035645,2.3972675379650412e-08,-1.1683117616286987,-7.620283477354419,1.0,1.0,0.0,0.0,100.0,0.0,1.0,0.0,42.0,47,0.8936170212765957,6.804620247159812,3.693652396752981,0.947454050260506,-3.3053710178793563,1.0,4.0,0.0,4.0,0.0,0.0,1.0,1.0,0.0,0.8264378219714592,0.0,0.0,0.0,0.0,0.0,0.0,0.0,1.0,0.0,0.0,0.0,1.0,0.0,polar,pos_charged,polar_to_pos_charged,0.0,0.0,0.0,1.0,0.0,0.0,1.0,1,0.7638320254748096
VAR_001938,,,,,,,0.0024706486255121,0.0148876608771771,0.0017319100195631,9.573484702540292e-05,7.711905040257573e-19,2.166119740178692e-11,0.0088416126294918,6.651055671143089e-05,1.0431354442363513e-06,,,,,,,,,,,0.0189108802524553,gnomADe_NFE,,,,,,,,,,,,,,,,,,,,,,,,,,,,,,,,,,,,,,,,,,,,,,,,,,,,,,,,,,,,,,,,,,,,,,,,,,C/C,C/C,5.70273923327303,5.347265068453324,,0.0,0.0544087868917218,1.0,0.0,2.1048667258033504e-05,1.0,0.8083762861889349,2.9225880551502703e-10,1.0,0.0,4.966269450936926e-07,1.0,0.0,1.6920100253647876e-06,1.0,0.0,4.235325383848687e-07,1.0,0.0,0.0014925346826112,1.0,1.0,0.0019130432226399,1.0,1.0,0.0030327614692873,1.0,0.0,9.81395132537286e-06,1.0,0.0,2.618840985318234e-09,1.0,0.0,0.0001857508891914,1.0,1.0,0.0999999999066395,1.0,0.0,3.8668442305193586e-10,1.0,1.0,2.0543544505288288e-09,1.0,0.0,8.142976612738501e-07,1.0,0.0,0.0102458997386816,1.0,0.0,0.0031815042665518,1.0,1.0,1.8637754133313174e-05,1.0,1.0,0.0998381180208957,1.0,1.0,7.330838279221206e-18,1.0,1.0,3.110306085157212e-12,1.0,1.0,0.0261069354875018,1.0,1.0,3.35683225763042e-13,1.0,1.0,0.0491281532790193,1.0,1.0,0.0169144879146987,1.0,0.0,3.552890021120516e-07,1.0,1.0,0.0342963554226464,1.0,,,C/C,4.61953087914269e-06,,,,,,,,,,,,,,,,,,,,,,,,,,,,,,,,,,,,,,,,,,,,,,,,,,,,,,,,,,,,,,,,,,,,,,,,,,,,,,,,,,,,,,,,,,,,,,,,,,,,,,,,,,,,,,1.0,1.6188820085045005e-06,1.0,8.782789971301737e-05,1.0,1.0,0.0,0.0001009255570427,1.0,2.3916320270911517e-06,1.0,0.0004751397317799,1.0,1.0,1.0,0.0,0.0061849509608983,1.0,0.0,0.0,5.226534896583409e-06,1.0,0.0,1.0,9.46227646042181e-05,1.0,1.0,1.0,0.0011005408978985,1.0,0.0,1.0,0.0939442332929559,1.0,1.0,0.0,0.000800704699887,1.0,1.0,0.0,1.0,1.0,0.9756446149064376,7.970893779617678,0.561207319388468,7.210275146199917,H,D,1,1.0,0.0,1.0,1.0,1.0,0.15513654130202958,-6.518441590034666,3.447798758252011,-1.1332416054018482,1.4222033394094327,-0.7066066278108585,0.03484254105353157,-0.436566681742623,-0.09606949486791574,0.014370176517578652,10.0,135.0,0.0189108802524553,7.711905040257573e-19,-1.723288255402076,-14.999665205298266,0.0,1.0,0.0,0.0,100.0,0.0,1.0,0.0,45.0,53,0.8490566037735849,57.47233731217687,5.347265068453324,0.9756446149064376,0.7606186334177609,1.0,5.0,0.0,5.0,0.0,0.0,1.0,1.0,0.0,0.8264378219714592,0.0,0.0,0.0,0.0,0.0,0.0,0.0,1.0,0.0,0.0,0.0,1.0,0.0,pos_charged,neg_charged,pos_charged_to_neg_charged,0.0,0.0,0.0,0.0,0.0,0.0,1.0,0,0.8069457163892331
VAR_001809,,,,,,,5.823751919700099e-06,3.62160829785417e-05,0.0003460939185104,4.941760290738424e-08,7.151380420442145e-10,2.525403966712948e-06,5.115813156429659e-06,0.0011218927874377,0.0072935042145648,,,,,,,,,,,0.0004287888557327,gnomADe_NFE,,,,,,,,,,,,,0.0,0.060849274300003,1.0,1.0,5.0083635836153146e-08,1.0,1.0,0.0959312949788325,1.0,0.0,0.0006122530324986,1.0,0.0,0.0004752451041614,0.0,1.0,6.30915416490167e-06,1.0,1.0,8.875398426049197e-05,1.0,1.0,4.849199358600062e-07,1.0,0.0,0.007765574342337,1.0,0.0,1.8928543625701102e-14,1.0,0.0,0.0005333707997376,1.0,1.0,0.0001382656285431,1.0,,,,,,,,,,,,,,,,,,,,,,,,,,T/T,T/T,5.428133750127807,4.18646428799398,,0.0,5.422280100187681e-10,1.0,0.0,2.0207189517566487e-05,1.0,1.0,0.0467140369305123,1.0,1.0,2.232868753069589e-06,1.0,1.0,0.0426657729638595,1.0,0.0,0.0075939810406137,1.0,1.0,0.0089983041526021,1.0,0.0,0.0058825626400975,1.0,0.0,0.0007249007945575,1.0,0.0,8.470926515576732e-15,1.0,0.0,5.401953107772833e-06,1.0,1.0,0.0017892376284446,1.0,0.0,0.0675890886230994,1.0,0.0,0.0003683650684943,1.0,0.0,0.0161229572797404,1.0,1.0,0.0008891252580292,1.0,1.0,2.457165168423246e-05,1.0,0.0,3.33109846955603e-05,1.0,0.0,6.390973459648107e-11,1.0,1.0,0.005631091585948,1.0,0.0,0.0006080909197765,1.0,1.0,8.722908616550621e-05,1.0,0.0,0.002910158117856,1.0,0.0,2.0268270141942499e-13,1.0,1.0,1.5959951406240892e-07,1.0,0.0,1.1294235761160188e-12,1.0,0.0,7.360734037593472e-06,1.0,1.0,0.0995539099561755,1.0,0.0,0.0962197267110816,T/T,0.0009905427245581,,,,,,,,,,,,,,,,,,,,,,,,,,,,,,,,,,,,,,,,,,,,,,,,,,,,,,,,,,,,,,,,,,,,,,,,,,,,,,,,,,,,,,,,,,,,,,,,,,,,,,,,,,,,,,1.0,3.484983312004998e-06,0.0,0.0001799313165149,1.0,1.0,0.0,0.0004364120016348,1.0,1.9214711196210948e-10,0.0,0.001301318163002,1.0,0.0,1.0,0.0,4.627093480562974e-08,1.0,1.0,0.0,3.636673585207365e-12,1.0,0.0,0.0,1.4911741892574098e-06,1.0,0.0,0.0,4.809346751413634e-06,1.0,1.0,1.0,0.001941815763159,1.0,0.0,1.0,1.841701607066391e-07,1.0,0.0,1.0,0.9839436575292536,1.0,0.9809820334547876,7.2294422184796066,0.609086547961906,7.862547695097256,L,S,1,1.0,0.0,1.0,1.0,1.0,-1.7318620058332783,-6.152828611937075,-2.1140343605331293,-1.5172550046789077,2.8114119835387696,-0.8320987440014005,0.06940462890586341,-0.7317429101899238,-0.22754688854112354,-1.031789743711881,10.0,173.0,0.0072935042145648,7.151380420442145e-10,-2.137063761751102,-9.14560951159482,0.0,0.0,0.0,0.0,100.0,0.0,1.0,0.0,52.0,62,0.8387096774193549,56.841834251745624,4.119244983644399,0.9652310499679884,-0.6331054766176498,1.0,5.0,0.0,5.0,0.0,0.0,1.0,1.0,0.0,0.8264378219714592,0.0,0.0,0.0,0.0,0.0,0.0,0.0,1.0,0.0,0.0,0.0,1.0,0.0,hydrophobic,polar,hydrophobic_to_polar,0.0,0.0,0.0,0.0,0.0,0.0,1.0,0,0.833271300517974
VAR_001806,0.0012600037685721,0.0996211664874853,0.0002530240687969,0.0164858238740435,0.0018046970797217,0.004590000817706,0.00139653442766,0.1002150999889903,0.0034678505776004,0.0004978317415421,0.0021861121137221,0.0018656591040227,0.0011784999243587,0.0014760808697465,0.0109265033690243,0.0029595320127707,0.100092383900848,2.5104298880396358e-06,0.0006288690865159,7.596243327292495e-06,0.0011749688298591,0.0001694700880415,0.0014487942521624,0.0153062438518311,0.0194687056678174,0.0133439562159423,gnomADe_MID,1.0,0.0012823931902809,1.0,9.72504828089894e-06,1.0,5.562092481095478e-05,0.099965216147566,0.0041830266127432,1.0,0.0017892646230473,0.4069758117268689,0.0711049132020875,1.0,0.0002855354790354,1.0,0.0,0.0002448781744733,1.0,0.0,0.0998428305718625,1.0,1.0,0.0056360304267379,1.0,1.0,7.483085085960605e-07,1.0,1.0,0.0014496059870638,1.0,1.0,0.0023953190954619,1.0,0.0,0.0623313066202791,1.0,0.0,0.0021111582284813,1.0,1.0,0.0005774947826579,1.0,1.0,0.0074020580235122,1.0,0.0,0.0167535427558284,1.0,1.0,0.0003786669619332,1.0,1.0,0.0012870006075343,1.0,1.0,0.0018751597701547,1.0,0.0,3.8891585161095686e-08,0.0,1.0,0.001524600007626,1.0,0.0,0.0016440804309217,1.0,1.0,0.0068706000000123,1.0,AllofUs_MID,1.0,0.0067716402918288,1.0,T/T,T/T,5.744806570626215,5.858949428225442,3.7878947454414695,0.0,0.0673299120353898,1.0,1.0,0.0317650152150855,1.0,1.0,7.246015490205738e-09,1.0,0.0,0.0003205559422502,1.0,1.0,0.0014908721209064,1.0,0.0,0.0014844309015785,1.0,0.0,0.0083974061672757,1.0,1.0,0.0218887827855824,1.0,1.0,0.0006782258205301,1.0,1.0,0.0316192320954123,1.0,0.0,0.0008971200127845,1.0,1.0,0.0019101506915503,1.0,0.0,0.0016572212021845,1.0,1.0,0.0130325715823156,1.0,1.0,0.0577816807507029,1.0,1.0,0.0010863001140927,1.0,1.0,0.009908229365879,1.0,1.0,0.0047466,1.0,1.0,0.0008196016093357,1.0,1.0,0.0060478501837788,1.0,1.0,0.0025096985778391,1.0,1.0,0.0064179000001989,1.0,1.0,0.0119284448292485,1.0,0.0,0.0179547301207111,1.0,0.0,0.0023598636056848,1.0,1.0,0.0016405474020613,1.0,0.0,0.0055516292001143,1.0,0.0,0.0003817053177915,1.0,0.0,0.001069806531824,T/T,0.0084643715077133,0.0,0.0148432984439678,0.0,0.0981606809907781,1.0,0.0,1.0,0.001423548,1.0,0.0,1.0,0.9185449018584614,9.552232374860917e-13,1.0,0.0004776638300283,1.0,1.5045303401535982e-13,1.0,1.0,1.0,0.0006462789231332,1.0,1.0,0.0,0.0012008448831553,1.0,1.0,1.0,0.0073262354928204,1.0,0.0,1.0,0.0066911158471524,1.0,0.0,1.0,,1.0,0.0025292385551812,1.0,0.0188606024405878,1.0,0.0,1.0,0.0013468320000024,1.0,0.0,1.0,0.0,9.541056732208059e-11,1.0,0.692993358568052,1.0,3.4018037088938946e-10,1.0,1.0,1.0,8.804682893170028e-05,1.0,1.0,1.0,0.0012394939490592,1.0,1.0,1.0,0.0062647789218699,1.0,1.0,1.0,0.0069775195532615,1.0,0.0,0.0,0.0,0.0092947913995195,1.0,0.0001665538471204,1.0,1.0,0.0,0.0013642650000224,1.0,1.0,1.0,0.0,2.807058128473388e-05,1.0,1.0,1.0,8.665887341974567e-17,1.0,0.9463964793915366,1.0,0.0013607941514982,1.0,1.0,0.0,0.0015197080124671,1.0,1.0,1.0,0.0067639232373114,1.0,0.0,0.0,0.0355811660310611,1.0,0.0,1.0,0.0,0.0016447453360612,1.0,0.0999591713071462,1.0,1.0,0.0908746994928512,0.0044270836863179,1.0,2.8797544303810844e-08,0.0,0.001084572915403,1.0,1.0,1.0,0.0,0.0021884082220851,1.0,1.0,0.0,8.413486313499217e-05,1.0,1.0,1.0,0.0312264590037014,1.0,1.0,0.0,0.0011928334683271,1.0,0.0,1.0,0.0112507610320106,1.0,1.0,1.0,0.0061867636888159,1.0,0.0,1.0,0.9772559355409716,1.0,0.9685181292232242,7.643962650701743,0.6602910242530462,8.225763731435789,I,T,0,0.0,0.0,0.0,0.0,0.0,-9.939737301468613,1.6424272069225767,-0.1529206172059051,0.6463070456984708,-1.168225399097953,-1.7654010083555487,-2.2843854086041286,-0.7466972971602102,0.05380214476563621,-0.049478246439440134,26.0,333.0,0.1002150999889903,2.5104298880396358e-06,-0.9990668358757899,-5.600251903040237,1.0,1.0,0.0,1.0,676.0,0.0,0.0,1.0,89.0,103,0.8640776699029126,62.877430736592174,5.725693104767695,0.9464900904624336,-0.5818010807340457,1.0,6.0,0.0,6.0,0.0,0.0,0.0,1.0,0.0,0.6590443844793896,0.0,0.0,0.0,0.0,1.0,0.0,0.0,0.0,0.0,0.0,0.0,1.0,0.0,hydrophobic,polar,hydrophobic_to_polar,0.0,0.0,0.0,0.0,0.0,0.0,1.0,0,0.7082992152848857
VAR_001883,,,,,,,1.2411000712214318e-06,0.0001938713225438,0.0123777308689406,4.9556616597765845e-09,7.983369515574125e-09,9.692151916485584e-05,0.0003227295993003,2.1607522820930754e-06,0.0145634427745059,,,,,,,,,,,0.000227502247845,gnomADe_SAS,,,,,,,,,,,,,0.0,0.0017157015283725,1.0,1.0,0.0772373508824379,1.0,0.0,0.0170107632628139,1.0,1.0,4.1523773990465925e-08,1.0,1.0,0.0465583781773561,1.0,0.0,0.0002097197233279,1.0,0.0,0.0049259666696442,1.0,1.0,9.427819956013844e-07,1.0,1.0,2.2976825240667324e-05,1.0,0.0,4.2685728210116407e-10,1.0,1.0,0.0003702027256127,1.0,1.0,0.0013004037257847,1.0,1.0,0.0169684710448971,1.0,1.0,1.8342009495290376e-06,1.0,1.0,1.4256413409811846e-07,0.0,1.0,0.0188419166502812,1.0,1.0,3.0379206735801904e-18,0.0,1.0,1.2848313304417537e-05,1.0,1.0,0.0682089079372622,1.0,AllofUs_SAS,1.0,0.0002102387276427,1.0,A/A,A/A,4.7992954495277536,3.509749224970858,2.189812663319458,1.0,2.068707660103934e-05,1.0,1.0,0.0026496346777924,1.0,1.0,4.993856711044864e-08,1.0,0.0,0.0047955599276023,1.0,0.0,1.2044841658150291e-05,1.0,0.0,0.0001673941765003,1.0,1.0,6.135380092522904e-08,1.0,1.0,0.0004307413605494,1.0,0.0,3.5122242027574502e-06,1.0,1.0,4.201025982664989e-09,1.0,0.0,5.913467821507571e-17,1.0,0.0,2.5727991754526943e-14,1.0,0.0,0.0836533546968775,1.0,0.0,0.0181212557603606,1.0,1.0,0.0018224882252389,1.0,1.0,4.362616069626248e-05,1.0,1.0,2.5290765737716087e-05,1.0,1.0,8.627592044379979e-05,1.0,1.0,0.0114634285778985,1.0,0.0,4.891537902707513e-05,1.0,1.0,1.0505132197896584e-12,1.0,0.0,0.0016064068403921,1.0,0.0,0.0067967834878844,1.0,0.0,0.0001797323983614,1.0,1.0,0.087375636418464,1.0,1.0,6.295788065803113e-05,1.0,0.0,4.992661806645292e-08,1.0,0.0,0.0102378705855216,1.0,,,A/A,0.0001935000324095,0.0,0.0017152751762475,0.0,0.0108012242212025,1.0,1.0,0.0,0.0104513166223706,1.0,1.0,1.0,1.0,0.0034303575752384,1.0,0.0300460791672548,1.0,0.0006247379191299,1.0,1.0,1.0,8.436192289854871e-05,1.0,1.0,0.0,1.5248122121067169e-05,1.0,0.0,0.0,0.0286614093962613,1.0,1.0,0.0,5.740524001055569e-05,1.0,1.0,0.0,,1.0,3.892566740312405e-06,1.0,0.0017683025786644,1.0,1.0,1.0,1.272176217994285e-05,1.0,0.0,1.0,0.0,0.000928906260795,1.0,0.0,1.0,4.064715200866299e-09,1.0,0.0,0.0,0.000259554740862,1.0,1.0,1.0,3.5930805426292945e-05,1.0,1.0,1.0,0.020134753115504,1.0,0.0,0.0,2.9523690014886227e-05,1.0,1.0,0.0,0.0,0.0688157345173379,0.0,7.02024296581553e-05,1.0,1.0,1.0,0.0276040557505239,1.0,1.0,1.0,1.0,7.676185822697826e-11,1.0,1.0,0.0,4.486406684792072e-06,1.0,0.0,1.0,0.0191049185804453,1.0,0.0,1.0,5.567314805853913e-06,1.0,0.0,1.0,0.009852300522671,1.0,0.0,0.0,0.001106704316719,1.0,0.4696788846854549,1.0,0.0,4.65627696520898e-05,1.0,0.0998067707753101,1.0,0.0,0.0,9.282048819090002e-09,1.0,0.0999174330938377,1.0,0.0538122517484607,1.0,1.0,1.0,1.0,6.200985899375701e-25,1.0,0.0,0.0,2.0536257413357493e-06,1.0,0.0,0.0,0.0776537639196493,1.0,0.0,0.0,3.5429969865881366e-10,1.0,1.0,0.0,3.070038242860544e-05,1.0,0.0,1.0,9.900233322282647e-05,1.0,0.0,0.0,1.0,1.0,1.0,2.76401305644088,0.756,6.115623272510893,R,S,1,1.0,0.0,1.0,1.0,0.0,-9.149826901356347,1.065670509304085,0.24455906147885142,0.2856168661994799,0.856745502651012,2.358197341717915,0.13402254045329665,-1.119645961399626,-0.7742089924721245,0.8444572037540777,10.0,303.0,0.0145634427745059,4.9556616597765845e-09,-1.836735946367211,-8.30489826443961,0.0,1.0,0.0,0.0,100.0,0.0,1.0,0.0,88.0,102,0.8627450980392157,16.90366257349381,3.509749224970858,1.0,-3.3516102160700134,1.0,4.0,0.0,4.0,0.0,0.0,0.0,1.0,0.0,0.7328486700971664,0.0,0.0,0.0,0.0,0.0,0.0,1.0,0.0,0.0,0.0,0.0,1.0,0.0,pos_charged,polar,pos_charged_to_polar,0.0,0.0,0.0,1.0,0.0,0.0,1.0,0,0.8735161590136354
VAR_001978,,,,,,,,,,,,,,,,,,,,,,,,,,,,,,,,,,,,,,,,,,,,,,,,,,,,,,,,,,,,,,,,,,,,,,,,,,,,1.0,3.180101821762e-06,1.0,1.0,4.654845547767584e-06,1.0,1.0,0.0017672753771948,1.0,0.0,0.0022086016829843,0.0,0.0,0.0002431803718419,0.0,0.0,3.6530790171743e-05,0.0,0.0,0.0025880150012534,1.0,AllofUs_SAS,0.0,0.009710667255965,1.0,T/T,T/T,5.628874482545672,5.850331839986239,,,,,,,,,,,,,,,,,,,,,,,,,,,,,,,,,,,,,,,,,,,,,,,,,,,,,,,,,,,,,,,,,,,,,,,,,,,,,,,,,,,,,,,,T/T,0.0001935007046451,,,,,,,,,,,,,,,,,,,,,,,,,,,,,,,,,,,,,,,,,,,,,,,,,,,,,,,,,,,,,,,,,,,,,,,,,,,,,,,,,,,,,,,,,,,,,,,,,,,,,,,,,,,,,,,,,,,,,,,,,,,,,,,,,,,,,,,,,,,,,,,,,,,,,,1.0,0.9631416627638596,1.0,7.286754918940527,0.6528822193103629,8.196445005840385,L,P,1,1.0,1.0,1.0,1.0,1.0,6.6360311969167665,1.0287135816919046,0.04458484763952597,1.1519710409141415,-4.051803094297058,2.6767443589347932,-0.4487996716479843,-0.004915170357817966,0.10419394442292998,0.25324201726515433,0.0,25.0,0.0,,-15.0,-14.698970004336019,0.0,0.0,1.0,0.0,0.0,1.0,0.0,0.0,5.0,9,0.5555555555555556,59.72548596413294,5.850331839986239,1.0,-0.9096900868998574,1.0,5.0,0.0,5.0,0.0,0.0,0.0,0.0,0.0,0.8215209917795393,0.0,0.0,0.0,0.0,0.0,0.0,1.0,0.0,0.0,0.0,0.0,1.0,0.0,hydrophobic,special,hydrophobic_to_special,0.0,1.0,0.0,0.0,1.0,0.0,1.0,-3,0.8744937483693579
VAR_001885,0.0246784008051729,0.0943035743198117,0.0014282307638764,8.526356906309212e-09,0.0001102008858778,4.0759194210938354e-05,0.0673519971194157,0.0044516860926652,0.0004295865974519,0.0020614767139029,0.0050752070781807,0.0545470803854422,0.0075252023104697,0.0003924001368082,0.0042050701064613,0.0003474132159518,0.0318947953325331,4.256768923143101e-10,0.0004122902017601,0.0004817078398885,0.0009596619683562,8.651340352495715e-10,0.0001989000023068,0.0012771,0.0112345934616154,0.0160275633510686,gnomADg_MID,0.0,0.0002447188389483,1.0,0.0587593209703239,0.1841691539343404,0.0012968489039638,1.0,0.0034385568680357,1.0,4.113608005967509e-07,1.0,0.0009028850231694,1.0,9.129577853898824e-05,1.0,0.0,9.431064520610498e-05,1.0,1.0,0.0997724238727865,1.0,1.0,0.0070324620469247,1.0,1.0,4.1328295767727996e-07,1.0,0.0,0.0002235033646801,1.0,0.0,0.0010210505012353,1.0,0.0,1.5538151769405854e-11,1.0,1.0,0.0003027043500904,1.0,0.0,0.0005541173711633,1.0,0.0,4.0557604832643626e-15,1.0,1.0,0.0045421155218464,1.0,1.0,0.0002419200002244,1.0,1.0,0.0189115922645075,1.0,1.0,0.0007365738894406,1.0,1.0,9.4595876934083e-05,0.0,1.0,0.0002155989142567,1.0,0.0,0.0024504373902303,1.0,0.0,0.001144847506417,1.0,AllofUs_MID,0.0,7.676090673887803e-25,0.0,G/G,G/G,4.83485911431328,3.682658784008888,,0.0,0.0001984500197017,1.0,0.0,0.0001637100001034,1.0,0.0,0.0056288377613737,1.0,1.0,6.643847390107465e-05,1.0,0.0,0.0001364400141502,1.0,1.0,0.0001291795262619,1.0,0.0,0.0001548707014579,1.0,0.0,0.0763459873598593,1.0,1.0,0.0399782444236693,1.0,1.0,0.0025032683259337,1.0,0.0,7.476519159905999e-05,1.0,1.0,0.0018036719551657,1.0,1.0,0.0384781449181175,1.0,1.0,0.0011828101742156,1.0,1.0,8.2602e-06,1.0,0.0,0.0001621762933329,1.0,1.0,0.023936686053504,1.0,0.0,0.0192713437134906,1.0,0.0,0.0002789102077433,1.0,1.0,0.0004109899521928,1.0,1.0,0.0082040104513025,1.0,1.0,0.0199864442526501,1.0,0.0,0.0004161299850373,1.0,0.0,0.0142556030664837,1.0,0.0,0.0132352098915773,1.0,1.0,0.0006555892840762,1.0,1.0,0.0004069309578213,1.0,1.0,0.0001696906024114,1.0,0.0,0.0011789807193817,G/G,0.0013930255949142,1.0,0.0002327538547648,1.0,0.0812281701909918,1.0,0.0,1.0,0.0079036828899361,1.0,0.0,1.0,1.0,1.9033630679799758e-11,1.0,1.6966697365032682e-11,1.0,0.0209628362881557,1.0,1.0,1.0,0.0741745112727884,1.0,1.0,1.0,0.0127217030776286,1.0,1.0,1.0,0.0766940119452382,1.0,0.9016766161394576,0.0,0.0078652900504397,1.0,0.0,1.0,,0.0,0.0002533133234627,0.0,0.010990478100717,1.0,1.0,1.0,0.0010372404416385,1.0,1.0,1.0,0.0,4.1071427886247764e-12,1.0,0.0,0.0,0.0002991476936911,1.0,1.0,0.0,1.340655869009667e-07,1.0,0.0,1.0,0.0155230575740818,1.0,0.0,1.0,0.0002377931092397,1.0,1.0,0.0,0.0005096631358895,1.0,1.0,1.0,1.0,0.0012452788561355,0.0,3.414157353268965e-07,1.0,1.0,1.0,0.0004075991583256,1.0,0.0,1.0,1.0,8.717293797338929e-05,1.0,0.0,0.0,0.0047605278446501,1.0,0.0,0.0,0.0772380447448319,1.0,1.0,1.0,0.0112949741892383,1.0,0.0,0.0,0.0341373725277816,1.0,1.0,0.0,8.561171018183763e-05,1.0,0.0,1.0,1.0,0.000151606459453,1.0,0.0881509315867484,1.0,0.0,1.0,0.0131252509476915,1.0,0.0526736517932934,1.0,0.0003834065736234,1.0,1.0,1.0,0.0,1.026949583876862e-08,1.0,1.0,1.0,0.0007322730581145,1.0,1.0,0.0,7.088163036591246e-05,1.0,0.0,0.0,0.0298012189155224,1.0,0.0,1.0,0.087717705541137,0.0,1.0,1.0,0.0036721286782467,1.0,0.0,1.0,1.0,0.9984386819708578,1.0,7.469149708767341,0.681078510845615,6.135908197940666,V,I,0,0.0,0.0,0.0,0.0,1.0,-9.939737301468613,1.6424272069225767,-0.1529206172059051,0.6463070456984708,-1.168225399097953,-1.7654010083555487,-2.2843854086041286,-0.7466972971602102,0.05380214476563621,-0.049478246439440134,26.0,333.0,0.0943035743198117,4.256768923143101e-10,-1.0254718462027261,-9.370918904427562,1.0,1.0,0.0,1.0,676.0,0.0,0.0,1.0,89.0,103,0.8640776699029126,45.830016929671665,3.682658784008888,1.0,1.3332415108266744,1.0,4.0,0.0,4.0,0.0,0.0,0.0,0.0,1.0,0.5599181166837257,0.0,0.0,0.0,0.0,1.0,0.0,0.0,0.0,0.0,0.0,0.0,1.0,0.0,hydrophobic,hydrophobic,hydrophobic_to_hydrophobic,0.0,0.0,0.0,0.0,0.0,0.0,0.0,0,0.44787401910610714
VAR_001776,,,,,,,6.170400000001133e-07,0.099858679091744,0.0415757278459607,1.2419828050547874e-07,0.0250306158307872,1.0670499119711515e-14,0.0013671576139797,7.968679662840447e-08,3.008671347548805e-09,,,,,,,,,,,0.0001487808587266,gnomADe_NFE,,,,,,,,,,,,,,,,,,,,,,,,,,,,,,,,,,,,,,,,,,,,,,,,,,,,,,,,,,,,,,,,,,,,,,,,,,G/G,G/G,5.788445618394444,4.348020875660434,2.777169938798331,1.0,1.278061361015555e-07,1.0,1.0,5.475778523067056e-07,1.0,0.0,0.0019844005090753,1.0,1.0,0.0194107126224627,1.0,0.0,0.0056809611531846,1.0,0.0,2.047492151216554e-12,1.0,1.0,0.0083530635483292,1.0,0.0,1.0225045719124244e-05,1.0,1.0,4.7884707393658906e-05,1.0,0.0,0.0607737587815389,1.0,0.0,1.9355309310666293e-08,1.0,1.0,5.418426311328266e-07,1.0,1.0,0.0994084547905344,1.0,1.0,3.474809407761618e-07,1.0,1.0,0.0049630834749081,1.0,0.0,0.0005883617745339,1.0,0.0,0.0028908656735013,1.0,1.0,0.0001848525136107,1.0,0.0,3.167194030168333e-07,1.0,0.0,0.0775525022224869,1.0,0.0,0.0050842886955082,1.0,1.0,0.004093059468605,1.0,0.0,3.4365079289651347e-15,1.0,0.0,3.9220755915072933e-07,1.0,0.0,1.3140302367252024e-05,1.0,0.0,0.0632779146043516,1.0,0.0,3.128059133941299e-06,1.0,1.0,2.1202771610119606e-09,1.0,,,G/G,0.0040917481629566,,,,,,,,,,,,,,,,,,,,,,,,,,,,,,,,,,,,,,,,,,,,,,,,,,,,,,,,,,,,,,,,,,,,,,,,,,,,,,,,,,,,,,,,,,,,,,,,,,,,,,,,,,,,,,0.0,5.619497455448988e-07,0.0,0.0002130458873195,1.0,1.0,1.0,0.0023807380335837,1.0,2.706416709246769e-06,1.0,0.0122010737676451,1.0,0.0,1.0,1.0,0.0016651782665074,1.0,1.0,0.0,7.600216442561891e-17,1.0,0.0,0.0,6.865703059423456e-07,1.0,1.0,1.0,0.0001216057862325,1.0,0.0,1.0,2.811730915342108e-05,1.0,0.0,1.0,0.0002312594508994,1.0,0.0,1.0,0.9841621400832756,1.0,0.9671763466899244,7.136032581609869,0.690007341078986,11.896,G,R,1,1.0,0.0,1.0,1.0,0.0,0.15513654130202958,-6.518441590034666,3.447798758252011,-1.1332416054018482,1.4222033394094327,-0.7066066278108585,0.03484254105353157,-0.436566681742623,-0.09606949486791574,0.014370176517578652,10.0,135.0,0.099858679091744,1.0670499119711515e-14,-1.00061418299311,-13.932910569807142,1.0,1.0,0.0,0.0,100.0,0.0,1.0,0.0,46.0,53,0.8679245283018868,84.890243590831,4.279157530116731,0.95185834319628,-4.759967418390132,1.0,6.0,0.0,6.0,0.0,0.0,1.0,1.0,0.0,0.8264378219714592,0.0,0.0,0.0,0.0,0.0,0.0,0.0,1.0,0.0,0.0,0.0,1.0,0.0,special,pos_charged,special_to_pos_charged,1.0,0.0,0.0,1.0,0.0,1.0,1.0,-2,0.9077869001212279
VAR_001939,0.0035628190953951,0.0901069357624697,1.0283384970226587e-07,0.0017180139043748,0.0009000047333841,0.0052358833806557,1.8572349426502076e-06,4.556917824309084e-07,0.0078866838947165,0.0040892663525812,0.0204466541059672,7.632804097776503e-19,1.6191680453405908e-06,0.0016778404478499,1.4789328246785027e-16,0.0002670695118673,3.6160604310815664e-14,0.0008874526074764,1.3905448916091878e-06,7.177235274304478e-10,2.214568044214561e-12,0.002375797356944,1.407643459711187e-05,0.0001654095518943,2.101332191905519e-13,0.0009000004745541,EUR,0.4013553454580906,0.000179712460316,1.0,0.0001280615986704,0.0,2.4783770072822364e-06,0.0,2.265252256228804e-05,0.691194494673552,0.0043089606146662,0.0,1.7734384027167703e-06,0.0,2.5928209718586355e-06,1.0,0.0,0.0001019329604629,1.0,1.0,2.192376496121125e-06,1.0,1.0,5.536130243185026e-05,1.0,1.0,3.9459464239673785e-11,1.0,1.0,3.595494999177569e-07,1.0,0.0,0.0001266875896593,1.0,1.0,3.303972616305406e-10,1.0,0.0,3.915703795836907e-09,0.0,0.0,0.0110392419089734,1.0,0.0,7.934955980129584e-06,1.0,1.0,6.00749471558302e-06,1.0,1.0,8.342100615299032e-06,1.0,0.0,5.501702527888211e-06,1.0,0.0,9.061699389810252e-07,0.0,1.0,0.0048953447733527,1.0,0.0,0.0060199521674928,1.0,1.0,0.0004770240370139,0.0,0.0,0.0001034151297909,1.0,AllofUs_AFR,1.0,0.0317717990529455,1.0,G/G,G/G,5.665758579614838,6.036900042679542,,1.0,0.0669079452739753,1.0,1.0,3.1198995322747622e-06,1.0,0.0,0.0182346329003954,1.0,0.0,1.9777018427396586e-05,1.0,1.0,2.585056055335154e-06,1.0,0.0,0.0064423487897701,1.0,0.0,1.6537162929778507e-08,1.0,0.0,0.021769220033908,1.0,1.0,0.0249027501258686,1.0,0.0,3.40142586252302e-09,1.0,1.0,5.069953728255125e-11,1.0,0.0,2.9496299632727315e-06,1.0,1.0,0.0002018080983025,1.0,0.0,0.0537554280327974,1.0,0.0,3.4798321406080073e-08,1.0,1.0,2.3334861946495983e-06,1.0,1.0,0.0160930345193532,1.0,1.0,4.606217142688211e-05,1.0,0.0,6.476372252648324e-12,1.0,0.0,1.0582292735094738e-05,1.0,1.0,3.547768244275946e-08,1.0,1.0,7.211787454920931e-06,1.0,1.0,7.708613424098825e-07,1.0,1.0,0.0076500727302406,1.0,1.0,6.236118770727221e-11,1.0,0.0,1.1613533616005919e-11,1.0,0.0,0.0010596638014723,1.0,1.0,0.0040725484247059,1.0,0.0,6.800488390513316e-06,G/G,0.0009407770224231,0.0,8.251372934431212e-06,0.0,0.0885827200201725,1.0,1.0,1.0,0.0262573990486371,1.0,1.0,1.0,1.0,1.4473632277332752e-05,1.0,0.0682716998355362,1.0,1.1158270286563333e-08,1.0,1.0,0.0,5.175905175870271e-10,1.0,0.0,0.0,2.1136150635702637e-05,1.0,1.0,1.0,2.108520000005849e-05,1.0,1.0,1.0,0.0412906181517828,1.0,1.0,1.0,,0.0,0.0002937484913426,0.0,0.0001878614258608,1.0,1.0,0.0,0.0139356552383656,1.0,1.0,1.0,0.0,0.0012589189715189,1.0,1.0,0.0,0.000146910185814,1.0,0.0,1.0,2.0310721069578816e-10,1.0,0.0,1.0,0.0120676486916786,1.0,1.0,0.0,9.041384945894842e-06,1.0,1.0,1.0,0.0001038068345278,1.0,1.0,1.0,0.0,4.334175909056847e-06,1.0,0.0186321996796344,1.0,1.0,0.0,2.5429694762918967e-09,1.0,0.0,1.0,1.0,4.781689086895092e-07,1.0,0.0,0.0,5.659024691869582e-07,1.0,0.0,0.0,7.358114799242675e-06,1.0,1.0,1.0,1.007208000012796e-05,1.0,1.0,0.0,1.0089495146948372e-05,1.0,0.0,1.0,0.0791298307751798,1.0,0.0,0.0,1.0,1.673581376380416e-06,0.0,6.289938324414815e-05,1.0,0.0,0.0,1.1352002988139409e-16,1.0,2.801072474531187e-06,0.0,3.6701276716056745e-10,1.0,1.0,1.0,0.0,0.000256507542277,1.0,0.0,1.0,7.089679896378201e-06,1.0,1.0,1.0,0.0001555494278712,1.0,0.0,1.0,0.000665370594086,1.0,1.0,1.0,4.179360111301245e-06,1.0,1.0,0.0,1.799798444679824e-08,1.0,1.0,1.0,0.9661069595606464,0.9773279158520436,1.0,9.75896024375445,0.6802056870405363,11.896,G,R,1,0.0,0.0,0.0,0.0,1.0,-9.939737301468613,1.6424272069225767,-0.1529206172059051,0.6463070456984708,-1.168225399097953,-1.7654010083555487,-2.2843854086041286,-0.7466972971602102,0.05380214476563621,-0.049478246439440134,26.0,333.0,0.0901069357624697,7.632804097776503e-19,-1.045241778971671,-14.999668637974878,1.0,1.0,0.0,1.0,676.0,0.0,0.0,1.0,91.0,103,0.883495145631068,116.09259105970294,5.832291145404668,0.9661069595606464,-2.137039756245551,1.0,5.0,0.0,5.0,0.0,0.0,0.0,0.0,0.0,0.5999370128336352,1.0,0.0,0.0,0.0,0.0,0.0,0.0,0.0,0.0,0.0,0.0,1.0,0.0,special,pos_charged,special_to_pos_charged,1.0,0.0,0.0,1.0,0.0,1.0,1.0,-2,0.9077869001212279
VAR_001949,,,,,,,7.897923223637637e-06,0.0433305027584184,0.0121645683514768,6.151951130957859e-07,2.373830668100554e-05,0.0009039704805004,1.473898365990425e-06,0.0011126662341075,0.0041905992551195,,,,,,,,,,,0.0019524721602303,gnomADe_AMR,,,,,,,,,,,,,,,,,,,,,,,,,,,,,,,,,,,,,,,,,,,,,,,,,1.0,0.0485955670193471,1.0,0.0,0.0015330379356079,1.0,0.0,1.138217967047736e-05,1.0,0.0,2.5368984496320005e-14,0.0,0.0,0.0662724278395048,0.0,0.0,7.084662672927973e-05,1.0,1.0,0.0003165922438489,1.0,AllofUs_AMR,0.0,0.0247267812029436,1.0,G/G,G/G,5.657562996710324,5.662565014996413,,1.0,5.0042565072828855e-11,1.0,0.0,0.0045108846113279,1.0,0.8481278248766966,0.0323473546810345,1.0,0.0,5.007991695386086e-06,1.0,0.0,8.196107276643102e-08,1.0,1.0,6.32491981347773e-07,1.0,1.0,0.0001138536638175,1.0,0.0,2.44768616932076e-05,1.0,1.0,0.0834015352228693,1.0,1.0,2.116450525090965e-05,1.0,0.0,0.0026813124977102,1.0,1.0,2.3393728197189522e-08,1.0,1.0,1.4562259504050164e-14,1.0,0.0,0.0827935842019115,1.0,1.0,2.810023343448329e-13,1.0,1.0,0.0002321929508405,1.0,0.0,2.5904001887975092e-05,1.0,0.0,0.0003974367220217,1.0,0.0,0.0017375950278081,1.0,1.0,0.0003908062238425,1.0,0.0,1.6664669699757769e-06,1.0,0.0,1.4283000000015534e-07,1.0,0.0,0.0042100969814256,1.0,0.0,1.4708496360204495e-06,1.0,1.0,2.6962901724537734e-17,1.0,1.0,0.0412747198446997,1.0,0.0,1.8811426652096543e-19,1.0,1.0,0.0349146450604469,1.0,,,G/G,6.713109867855463e-05,0.0,2.7233872485442285e-10,1.0,6.251156687869154e-07,1.0,1.0,1.0,1.850002524653149e-07,1.0,0.0,1.0,0.0,0.000150849797114,1.0,0.000204955492425,0.0,4.0106048465169756e-28,1.0,1.0,0.0,4.5253033665225727e-05,1.0,0.0,0.0,7.849562300487461e-09,1.0,1.0,,,,,1.0,3.364766994638297e-06,1.0,0.0,0.0,,1.0,7.642934681105604e-06,1.0,0.0964544944927256,1.0,0.0,0.0,0.0003892736902472,1.0,1.0,1.0,1.0,1.5228033998927719e-10,1.0,0.0,0.0,5.145496067632873e-05,1.0,1.0,1.0,0.0208397696925052,1.0,0.0,0.0,1.226256241035126e-08,1.0,0.0,0.0,0.0004003803409953,1.0,0.0,1.0,0.0024474484426249,1.0,1.0,0.0,1.0,0.0005328577454736,0.0,0.0519672267438286,1.0,1.0,0.0,2.9599380000589896e-05,1.0,1.0,1.0,1.0,0.009764864992145,1.0,0.0,0.0,6.750983756428985e-05,1.0,1.0,0.0,0.0339822650045712,1.0,0.0,1.0,0.0003807526402349,1.0,1.0,1.0,7.093078814716322e-05,1.0,0.0,1.0,4.274140499326348e-14,1.0,0.0,1.0,1.0,0.0001049064947674,1.0,7.745454756162877e-07,1.0,1.0,1.0,1.8225679746636247e-10,1.0,5.920423635977424e-07,0.0,3.005514054478814e-05,1.0,1.0,1.0,0.0,0.0083106161024336,1.0,1.0,1.0,0.0300581820405128,1.0,0.0,1.0,0.0017755191859047,1.0,0.0,1.0,0.0033440435685725,1.0,0.0,1.0,0.0006159444038873,1.0,0.0,0.0,1.5071135900051168e-05,1.0,0.0,1.0,0.9692855878737836,1.0,0.9846545981194622,9.938,0.6543513503910718,11.547550828475073,W,C,1,1.0,0.0,1.0,1.0,1.0,-7.181394632309608,0.5478636893823805,5.665958022127194,0.5779194796077518,-0.5412789409101714,2.5742779246107332,0.3128646697613946,-0.7119108833251209,1.0147455391926157,0.2563547978681285,10.0,263.0,0.0433305027584184,6.151951130957859e-07,-1.3632062718716822,-6.210987122377083,0.0,1.0,0.0,0.0,100.0,0.0,1.0,0.0,79.0,93,0.8494623655913979,114.75956013338528,5.488642659434318,0.9544115109908471,-1.6095508284750721,1.0,5.0,0.0,5.0,0.0,0.0,0.0,1.0,0.0,0.7230454294937407,0.0,1.0,0.0,0.0,0.0,0.0,0.0,0.0,0.0,0.0,0.0,1.0,0.0,hydrophobic,hydrophobic,hydrophobic_to_hydrophobic,0.0,0.0,1.0,0.0,0.0,0.0,0.0,0,0.8641469856072381
VAR_001840,,,,,,,0.0002400553099613,7.185765667392513e-08,9.476697254133223e-11,3.5555633325078303e-09,2.39841827269638e-14,0.060418826550405,1.3761109380751292e-05,4.616123961142484e-08,8.951379371228266e-08,4.377122702290033e-05,8.412154604145082e-07,5.521136731553887e-10,1.985242616605941e-07,9.311277433414645e-17,0.0030238069588692,1.904579336282787e-06,0.0009336166831503,1.3023488137728633e-08,6.564239050352632e-11,7.93890012035764e-05,gnomADg_NFE,,,,,,,,,,,,,1.0,0.096199825169536,1.0,1.0,0.0648590350869336,1.0,0.0,0.0971105844230293,1.0,0.0,1.3471096836542756e-26,1.0,1.0,0.0001053724621093,1.0,1.0,4.7781226076502254e-05,1.0,1.0,0.0794713247296673,1.0,1.0,0.0006852638384891,1.0,1.0,2.5927303177973904e-11,1.0,1.0,0.0003923217885162,1.0,0.0,9.770708127746369e-09,1.0,1.0,4.457112417544506e-05,1.0,1.0,0.0012534421930253,1.0,1.0,0.0004025656882887,1.0,1.0,5.933257765492338e-09,0.0,1.0,4.795055872128815e-05,1.0,0.0,0.0004288365392636,1.0,0.0,0.0744423756779097,1.0,0.0,0.0061222456457217,1.0,AllofUs_EUR,0.0,2.802274535453523e-16,1.0,C/C,C/C,5.390282517004386,5.273062445085914,3.796087511607253,0.0,0.0776361237679487,1.0,1.0,6.570000181916648e-06,1.0,1.0,0.0053687800348303,1.0,0.0,0.0009480547435106,1.0,1.0,0.0083962003353704,1.0,0.0,0.0044747586777724,1.0,0.0,1.1401179666334902e-05,1.0,1.0,0.0018915361850466,1.0,1.0,0.0078693661784872,1.0,1.0,3.0312736389289865e-05,1.0,0.0,0.0032887151154447,1.0,1.0,2.3976398162105823e-06,1.0,1.0,0.0998418572313951,1.0,0.0,1.2636113970902994e-05,1.0,1.0,3.781540963508289e-05,1.0,0.0,2.666700005467649e-06,1.0,0.0,0.0019052349048914,1.0,1.0,3.374772432477956e-05,1.0,1.0,0.0512078418420843,1.0,0.0,0.09999672748689,1.0,0.0,0.0015262741234697,1.0,0.0,0.0144465943761119,1.0,0.0,8.143214076824139e-06,1.0,1.0,4.426190994611605e-07,1.0,0.0,4.346366589631826e-05,1.0,0.0,0.0997648920317065,1.0,1.0,0.0218362886390581,1.0,0.0,0.0605640511155841,1.0,1.0,0.0207820097607592,C/C,0.0958616749389915,0.0,4.8336744346726216e-05,1.0,0.0010372565551466,1.0,0.0,0.0,0.0019794557610861,1.0,1.0,1.0,1.0,0.0066938884845591,1.0,0.0980897475621011,1.0,0.0006122583463985,1.0,0.0,0.0,4.084687936047843e-05,1.0,1.0,0.0,7.610579274254959e-11,1.0,0.0,,,,,1.0,0.0007494671223541,1.0,1.0,0.0,,0.0,8.335076841696284e-05,0.0,3.5342779811990585e-08,1.0,0.0,0.0,0.0099425451685085,1.0,1.0,1.0,1.0,6.263446759433861e-07,1.0,0.0,1.0,5.046609292319199e-20,1.0,0.0,0.0,0.0160836912359455,1.0,1.0,0.0,5.265309657864102e-05,1.0,0.0,1.0,5.3995721941393786e-05,1.0,0.0,1.0,0.0049676174180942,1.0,0.0,1.0,1.0,1.848513334828469e-05,1.0,0.0003343227324692,1.0,1.0,1.0,0.0102518911922838,1.0,1.0,1.0,1.0,2.094579752526973e-13,1.0,0.0,1.0,0.0006724330994739,1.0,0.0,1.0,0.0003137578731331,1.0,1.0,0.0,0.0048177460342424,1.0,1.0,0.0,0.0001448532224441,1.0,1.0,0.0,2.887992001242961e-05,1.0,0.0,1.0,1.0,0.0212444204612903,1.0,3.426034301044156e-09,1.0,0.0,1.0,0.0002842863528591,1.0,1.4823663629324432e-07,1.0,1.1001857279929597e-07,1.0,0.0,1.0,1.0,0.0014241106631854,1.0,0.0,1.0,0.0011593040983494,1.0,0.0,0.0,0.0030897885571583,1.0,0.0,0.0,1.7578364238655625e-05,1.0,1.0,0.0,0.0001324561185019,1.0,1.0,1.0,0.0020943054858205,1.0,0.0,1.0,1.0,0.9409174491717236,0.987274458731614,7.365081141878192,0.5938884429895249,7.702850615932914,T,I,1,1.0,0.0,0.0,1.0,0.0,-9.485323688328076,1.1679166223333737,-0.16207955632831633,0.2759337065594937,-0.2741150014452499,0.376268855928964,1.1940177346390413,0.7417893454416504,1.189648955049777,-0.35949043819448556,20.0,311.0,0.060418826550405,9.311277433414645e-17,-1.2188277138133568,-14.961335030415816,1.0,1.0,0.0,1.0,400.0,0.0,0.0,0.0,92.0,102,0.9019607843137255,56.73211981011232,5.273062445085914,0.987274458731614,-0.33776947405472235,1.0,6.0,0.0,6.0,0.0,0.0,1.0,0.0,1.0,0.7461721108334329,0.0,0.0,0.0,1.0,0.0,0.0,0.0,0.0,0.0,0.0,0.0,1.0,0.0,polar,hydrophobic,polar_to_hydrophobic,0.0,0.0,0.0,0.0,0.0,0.0,1.0,0,0.7332992152848857
VAR_001820,0.0007762682270855,0.043549549502994,0.0012601520262621,2.606675105283425e-05,0.0009141018175119,0.0088978133814396,0.0001244323488003,0.0659513510173275,0.0009319927886961,3.541266648436794e-05,0.0001134000052891,0.0422811812121908,8.98381213563947e-05,0.0005460726829344,0.0048128479366149,0.000419850000013,0.0147303138513186,2.6922711841317104e-13,0.0028388194205419,0.0187539921396148,2.3978524998059037e-06,0.0020670522203612,0.00019854,0.0017064000202809,0.0293706960405443,0.0880068478546768,gnomADg_AMR,0.0,0.0120713115521857,1.0,0.0981559983459602,0.0,0.001299475689519,0.0,3.3352805057494733e-12,1.0,0.0027613236459581,0.0,6.451533416941733e-05,0.0,9.480170643321356e-05,1.0,0.0,0.0059729177326466,1.0,0.0,0.075283338217385,1.0,1.0,0.0003147630714249,1.0,1.0,3.3884548224960285e-06,1.0,1.0,0.0681802099198938,1.0,1.0,0.0547870839473809,1.0,0.0,1.1875422567131814e-08,1.0,0.0,0.0009310846232699,1.0,1.0,0.0009879253567507,1.0,0.0,0.0287119742355796,1.0,1.0,0.0002498031489066,1.0,1.0,5.004900150527087e-05,1.0,0.0,0.0004786202888152,1.0,1.0,0.0024802290650211,1.0,1.0,0.0003565402690177,1.0,0.0,0.0002565690361593,1.0,0.0,0.0094089324603209,1.0,1.0,0.0020227845415638,1.0,AllofUs_AMR,0.0,6.010189755004905e-06,1.0,G/G,G/G,5.538859242542778,4.408565770996803,2.1499489506258187,1.0,0.0843671897031919,1.0,1.0,0.0042479743170281,1.0,1.0,6.570666039871452e-06,1.0,0.0,5.332165707410197e-05,1.0,0.0,0.000102067063129,1.0,1.0,0.0002102277481766,1.0,1.0,0.0003905655519512,1.0,0.0,0.0005901142939264,1.0,1.0,0.0738871944577212,1.0,0.0,0.0011622823018928,1.0,1.0,0.0019213164316268,1.0,0.0,0.0183722191109813,1.0,1.0,0.1002337927018445,1.0,0.0,0.0028271697975146,1.0,0.0,0.0298990329008936,1.0,0.0,8.249653057879389e-05,1.0,0.0,0.0008851799350307,1.0,1.0,0.0004079848456896,1.0,0.0,0.0009965237021213,1.0,0.0,0.0004449600002081,1.0,0.0,0.0001872068752475,1.0,1.0,0.0001074829477695,1.0,1.0,0.0004246125608101,1.0,1.0,0.0003658366166539,1.0,0.0,0.0030453034109392,1.0,0.0,0.0009693860847843,1.0,1.0,0.0020304,1.0,0.0,0.0007641283220169,1.0,0.0,0.0029440197421649,G/G,0.0140147260064986,0.0,0.0001904658945437,0.0,0.0001256301337535,1.0,1.0,0.0,0.0194501742472328,1.0,1.0,1.0,0.0,0.001085032295387,1.0,1.7845508878116448e-08,1.0,0.0010064331148231,1.0,1.0,0.0,0.045797620972817,1.0,0.0,0.0,0.000210439918794,1.0,0.0,1.0,0.005936906884675,1.0,1.0,1.0,0.0758165543996145,1.0,1.0,0.0,,0.0,0.0233991659555672,1.0,6.290588864275572e-05,1.0,0.0,1.0,0.0006266611327658,1.0,0.0,1.0,0.0,1.807315294291097e-12,1.0,0.0,0.0,0.0002546061664687,1.0,1.0,1.0,9.338578842116844e-07,1.0,0.0,0.0,0.0001665081155081,1.0,1.0,1.0,0.0005552723702565,1.0,0.0,1.0,0.0004014930205309,1.0,1.0,1.0,1.0,0.0002532836818758,0.0,0.0978284434743295,1.0,0.0,1.0,0.0992476966260443,1.0,0.0,1.0,1.0,0.0041441622920003,1.0,0.4094464876814916,0.0,0.0002012526002107,1.0,0.0,0.0,0.0659924037551911,1.0,1.0,1.0,0.0002137206073302,1.0,1.0,1.0,0.0005307395654485,1.0,1.0,0.0,5.885379998111188e-05,1.0,1.0,1.0,0.0,0.0001516689000501,1.0,0.1000304813957785,1.0,1.0,0.0,0.0004142958278475,1.0,0.0999999999999718,1.0,0.0013972082071564,1.0,1.0,1.0,1.0,0.0003298021628959,1.0,1.0,0.0,0.0242519443729641,1.0,0.0,0.0,1.68467639548396e-08,1.0,0.0,1.0,9.665631947265612e-05,1.0,1.0,0.0,0.0018204865891878,1.0,0.0,0.0,0.0080917682597902,1.0,0.0,0.0,1.0,0.9745540353268932,0.9654605612677688,2.655857695037425,0.6508365601397142,8.995406908594811,V,M,1,0.0,0.0,0.0,0.0,0.0,-9.939737301468613,1.6424272069225767,-0.1529206172059051,0.6463070456984708,-1.168225399097953,-1.7654010083555487,-2.2843854086041286,-0.7466972971602102,0.05380214476563621,-0.049478246439440134,26.0,333.0,0.0880068478546768,2.6922711841317104e-13,-1.055483533874913,-12.568271069872745,1.0,1.0,0.0,1.0,676.0,0.0,0.0,1.0,90.0,103,0.8737864077669902,23.890520658184343,4.408565770996803,0.9654605612677688,-6.339549213557386,1.0,5.0,0.0,5.0,0.0,0.0,0.0,0.0,1.0,0.6363222811533968,0.0,1.0,0.0,0.0,0.0,0.0,0.0,0.0,0.0,0.0,0.0,1.0,0.0,hydrophobic,hydrophobic,hydrophobic_to_hydrophobic,0.0,0.0,0.0,0.0,0.0,0.0,0.0,1,0.626951633604653
VAR_001972,,,,,,,8.006400282518964e-06,1.5543378901876094e-08,0.001119147270823,7.38839906413942e-08,1.995980871889306e-09,3.898174613604549e-12,0.018714089279729,0.0005671712908827,3.886493501849709e-05,,,,,,,,,,,1.108022826416595e-05,gnomADe_NFE,,,,,,,,,,,,,,,,,,,,,,,,,,,,,,,,,,,,,,,,,,,,,,,,,1.0,0.0999999942678149,0.0,1.0,1.834214050784776e-06,1.0,1.0,5.791961022843832e-08,0.0,0.0,1.9156817553738542e-06,0.0,1.0,4.856921644122391e-06,1.0,0.0,4.065663452077331e-08,0.0,0.0,0.0112504873711289,1.0,AllofUs_EUR,0.0,0.0113935018645499,1.0,T/T,T/T,5.135468582304591,5.221795234278074,4.989870400440565,0.0,0.0004513823823225,1.0,0.0,0.000135339332353,1.0,0.0,6.2946755629187e-14,1.0,1.0,0.0002944630114275,1.0,0.0,1.1635643929734947e-05,1.0,1.0,4.225812352050737e-06,1.0,0.0,1.8687150009535694e-11,1.0,0.0,0.0108488722467162,1.0,1.0,1.425108633915829e-13,1.0,0.0,0.0125602793937411,1.0,0.0,3.92085788999881e-12,1.0,1.0,1.4414484584961892e-05,1.0,0.0,1.099498472724918e-09,1.0,0.0,9.334416473052878e-06,1.0,1.0,0.0463164327002547,1.0,1.0,4.878500926809917e-06,1.0,0.0,2.831837236216564e-05,1.0,0.0,4.478732957962346e-13,1.0,1.0,3.832903548058067e-06,1.0,1.0,0.0066609602930916,1.0,1.0,4.406147103594508e-05,1.0,1.0,2.46944648331015e-05,1.0,0.0,1.692652329410571e-07,1.0,1.0,6.079321041433273e-07,1.0,0.0,0.026818446203757,1.0,0.0,0.0826710003640998,1.0,0.0,2.6168285536202545e-06,1.0,0.0,0.0689778531726929,1.0,,,T/T,1.2987000025134994e-05,,,,,,,,,,,,,,,,,,,,,,,,,,,,,,,,,,,,,,,,,,,,,,,,,,,,,,,,,,,,,,,,,,,,,,,,,,,,,,,,,,,,,,,,,,,,,,,,,,,,,,,,,,,,,,1.0,3.691361779999679e-05,0.0,0.0934555300991505,1.0,0.0,0.9710908204454352,0.004238342377998,1.0,3.9528253326170127e-10,0.0,0.001084046613088,1.0,0.0,1.0,1.0,0.0011188081686043,1.0,1.0,0.0,5.961659000880331e-10,1.0,0.0,1.0,1.8022934282710097e-20,1.0,0.0,1.0,9.94111362452031e-06,1.0,1.0,1.0,1.064634460654174e-05,1.0,0.0,0.0,0.0004203283809155,1.0,0.0,1.0,1.0,0.9730993659177376,1.0,7.44169984865013,0.5677502945025028,7.821174101365738,I,N,1,1.0,0.0,1.0,1.0,0.0,-1.1459324037209822,-6.562119973939158,2.7846702631043154,-0.8159844555757458,-2.6227348982270846,1.5783578391578417,-0.004173349595877784,-0.7822143338226768,0.02262225873539537,0.2106775049433258,10.0,159.0,0.018714089279729,3.898174613604549e-12,-1.7278313029557395,-11.409027315715607,0.0,1.0,0.0,0.0,100.0,0.0,1.0,0.0,49.0,62,0.7903225806451613,58.202830126399725,5.221795234278074,1.0,-0.37947425271560853,1.0,6.0,0.0,6.0,0.0,0.0,1.0,1.0,0.0,0.8264378219714592,0.0,0.0,0.0,1.0,0.0,0.0,0.0,0.0,0.0,0.0,0.0,1.0,0.0,hydrophobic,polar,hydrophobic_to_polar,0.0,0.0,0.0,0.0,0.0,0.0,1.0,0,0.8471653588081428
VAR_001772,,,,,,,0.0019686033183684,0.0998897548777867,0.0027845105537588,1.3846775890460362e-08,0.0153968334407821,0.0006148737146928,0.0001983600000168,0.000163980717258,1.043100041801689e-05,0.0001675833688782,0.0060404380879521,0.00247000491971,0.0001954782652086,1.18972606369911e-09,0.0290017733126705,2.281172263334332e-05,0.0003043800034189,0.0010120856163228,0.0001254330456585,0.0030728222519121,gnomADg_MID,,,,,,,,,,,,,1.0,6.24586474061502e-05,1.0,0.0,0.0116804965328503,1.0,1.0,0.0999668623449332,1.0,0.0,3.481504052971514e-07,1.0,0.0,0.0015868817230565,1.0,1.0,0.000339908697643,1.0,1.0,0.0020324314171272,1.0,0.0,0.0009932779496889,1.0,1.0,0.000173547330992,1.0,1.0,3.9579849101417645e-09,1.0,0.0,0.0010647430030077,1.0,0.0,0.0003173247086221,1.0,1.0,0.0002805633542523,1.0,1.0,0.0001962016859089,1.0,1.0,0.0002814670903574,1.0,0.0,3.704241979226349e-07,1.0,1.0,0.0002067300058466,1.0,0.0,0.0195288806207597,1.0,1.0,0.0011448,0.0,AllofUs_MID,0.0,2.953281932355876e-06,0.0,./.,./.,4.205813024356058,2.1648563478476044,1.6359096183378408,0.0,0.036842719146101,1.0,1.0,0.0002721321480928,1.0,0.0,0.0022007731263048,1.0,1.0,0.0004535837422243,1.0,0.0,0.0002289600168451,1.0,1.0,0.0002443384590836,1.0,1.0,0.0029131130131205,1.0,1.0,0.0013719318321354,1.0,0.0,0.0002282109738982,1.0,1.0,0.00010193310234,1.0,0.0,7.020914551730965e-05,1.0,1.0,0.0002434084203691,1.0,1.0,3.713400000330897e-05,1.0,0.0,0.0001213967701185,1.0,1.0,1.3737593453997343e-05,1.0,1.0,0.00022824,1.0,0.0,0.0001576800001966,1.0,0.0,0.0026366959003048,1.0,1.0,0.000853207202771,1.0,1.0,6.911100000474948e-05,1.0,1.0,0.0001286193598127,1.0,1.0,3.902474134702825e-05,1.0,1.0,4.241701079952895e-05,1.0,1.0,2.0707145583229405e-05,1.0,1.0,0.0001832400000127,1.0,0.0,0.0521711878498924,1.0,0.0,0.0001886411031476,1.0,0.0,0.000225937674949,1.0,1.0,0.0009042444265979,./.,0.0352021931923154,0.0,0.0002174870337451,0.0,5.672397374120142e-08,1.0,0.0,1.0,1.1302448932479278e-05,1.0,0.0,1.0,0.0,0.0138143926821076,1.0,0.0995920218583991,1.0,2.39203885502568e-12,1.0,1.0,0.0,0.023826772255572,1.0,0.0,1.0,0.002758370055638,1.0,1.0,1.0,0.0003579464903387,1.0,1.0,0.0,0.0468257591550276,1.0,1.0,1.0,,0.0,0.000125574568195,1.0,3.0366151477401065e-07,1.0,1.0,1.0,5.388443865985413e-05,1.0,0.0,1.0,0.0,0.0074544767315792,1.0,0.0,0.0,1.9324923741093526e-10,1.0,1.0,0.0,1.666292265408602e-05,1.0,1.0,1.0,0.0075733055736567,1.0,1.0,1.0,0.0881861299405949,1.0,1.0,1.0,5.726666496267351e-09,1.0,1.0,0.0,1.0,0.0028095039512201,0.0,2.3510720765824416e-06,1.0,0.0,1.0,0.0193466928990935,1.0,0.996756941487146,1.0,1.0,2.1079801307299327e-16,1.0,1.0,1.0,0.0004122673764659,1.0,0.0,1.0,0.0518097662751954,1.0,1.0,0.0,0.0003323810114165,1.0,0.0,1.0,0.0095432654937783,1.0,0.0,1.0,7.9095841782903e-08,1.0,1.0,0.0,0.0,0.0001923849437208,1.0,0.0686053598197987,1.0,1.0,0.0,0.0032467709488098,1.0,0.0999999539019552,1.0,6.015235758279125e-05,1.0,0.0,1.0,0.0,1.6783336012540412e-05,1.0,0.0,1.0,0.0010097460931124,1.0,0.0,0.0,0.0435467827234751,1.0,1.0,0.0,0.0010183929903855,1.0,1.0,1.0,0.1009625487030939,1.0,1.0,0.0,9.882943832119071e-06,1.0,1.0,0.0,1.0,0.9829432617348324,1.0,1.080764773267178,0.6242371555465732,1.2501021166944932,V,I,0,1.0,0.0,0.0,1.0,0.0,-9.664425758298718,1.3499860969377946,-0.12602191691733247,0.37741946761678713,-0.3605297514815905,0.1824212032362198,0.9587085413505725,0.7733978267010226,-0.6324834664635439,-0.07939666817866306,20.0,315.0,0.0998897548777867,1.18972606369911e-09,-1.0004790525969427,-8.924552659048583,1.0,1.0,0.0,1.0,400.0,0.0,0.0,0.0,91.0,103,0.883495145631068,1.3510663307101431,2.1648563478476044,1.0,-0.16933734342731532,1.0,3.0,1.0,2.0,0.0,0.0,0.0,0.0,1.0,0.5599181166837257,0.0,0.0,0.0,0.0,1.0,0.0,0.0,0.0,0.0,0.0,0.0,1.0,1.0,hydrophobic,hydrophobic,hydrophobic_to_hydrophobic,0.0,0.0,0.0,0.0,0.0,0.0,0.0,0,0.44787401910610714
VAR_001897,,,,,,,0.00063944525444,6.772155896035452e-09,7.64514025176928e-08,0.0308274837720769,0.0005773863522862,0.0007774842330472,2.4354e-06,5.363350902672671e-09,2.0701856708145465e-05,,,,,,,,,,,0.096023848682646,gnomADe_NFE,,,,,,,,,,,,,,,,,,,,,,,,,,,,,,,,,,,,,,,,,,,,,,,,,0.0,0.0001692076442949,1.0,1.0,6.06791229486375e-05,1.0,0.0,2.2509004162564757e-05,1.0,1.0,1.1960523639557955e-06,1.0,0.0,0.0026527638142306,1.0,1.0,1.684428817406306e-09,0.0,0.0,2.250906900479239e-05,1.0,AllofUs_AMR,1.0,0.0605825672689104,0.0,G/G,G/G,5.590637659380603,5.465060455520427,,1.0,0.0069632976409957,1.0,1.0,0.0063483883665063,1.0,0.0,3.6249284321481106e-11,1.0,1.0,1.825253825033291e-11,1.0,1.0,7.000326038623594e-05,1.0,1.0,0.0017183716593513,1.0,1.0,0.000273651659189,1.0,1.0,1.427400273608945e-06,1.0,1.0,0.097509470851228,1.0,0.0,2.578039377162769e-07,1.0,1.0,3.3263051300178715e-05,1.0,1.0,0.0001008040563664,1.0,0.0,0.0930863254519483,1.0,0.0,1.8169379624299682e-08,1.0,0.0,0.0008639827046552,1.0,0.0,1.0136807400879017e-05,1.0,0.0,1.58919467702899e-09,1.0,0.0,1.1111608393373517e-13,1.0,1.0,3.473954599597292e-05,1.0,0.0,0.0062962462868642,1.0,0.0,0.0007829172810089,1.0,0.0,0.0016349160090785,1.0,1.0,0.0002329744549029,1.0,0.0,0.0009355232369418,1.0,0.0,0.0008316299102254,1.0,1.0,6.030578089122292e-06,1.0,0.0,4.2803198858110544e-05,1.0,0.0,0.0465930508879205,1.0,,,G/G,0.0024502057895374,,,,,,,,,,,,,,,,,,,,,,,,,,,,,,,,,,,,,,,,,,,,,,,,,,,,,,,,,,,,,,,,,,,,,,,,,,,,,,,,,,,,,,,,,,,,,,,,,,,,,,,,,,,,,,1.0,0.0001744827664528,1.0,0.0700904201945001,1.0,1.0,0.0,3.11708340422435e-07,1.0,0.0974119314410514,0.0,0.0029308979012409,1.0,1.0,1.0,0.0,2.278601194507905e-06,1.0,0.0,1.0,0.0051610456141759,1.0,1.0,1.0,1.0801666911044128e-21,1.0,1.0,1.0,0.0053751782389103,1.0,0.0,0.0,2.4650964686087683e-06,1.0,0.0,1.0,7.713447326975425e-09,1.0,0.0,1.0,0.9926132091232668,0.9832579940249762,1.0,8.579809359624972,0.6412673323481305,11.896,G,R,1,1.0,0.0,1.0,1.0,1.0,-1.1459324037209822,-6.562119973939158,2.7846702631043154,-0.8159844555757458,-2.6227348982270846,1.5783578391578417,-0.004173349595877784,-0.7822143338226768,0.02262225873539537,0.2106775049433258,10.0,159.0,0.096023848682646,5.363350902672671e-09,-1.017620891283545,-8.27056370697595,1.0,1.0,0.0,0.0,100.0,0.0,1.0,0.0,53.0,62,0.8548387096774194,102.06541214209868,5.424691196806793,0.9926132091232668,-3.3161906403750283,1.0,5.0,0.0,5.0,0.0,0.0,1.0,1.0,0.0,0.8264378219714592,0.0,1.0,0.0,0.0,0.0,0.0,0.0,0.0,0.0,0.0,0.0,1.0,0.0,special,pos_charged,special_to_pos_charged,1.0,0.0,0.0,1.0,0.0,1.0,1.0,-2,0.9077869001212279
VAR_001821,,,,,,,4.5230977723510265e-06,0.0018289987963399,0.0011990491348842,1.1473469079405545e-15,9.807575612706646e-07,0.0007317171440235,0.000100955098394,0.0449630993916121,2.7259388268576224e-18,0.0199422489914854,6.822607883103455e-07,3.151350580165394e-06,1.473483637350581e-17,1.5298869064660837e-05,0.0004142433762336,0.0040973848196784,0.0350515809131082,0.0190952540416936,1.8257102247596507e-11,0.0029526738013691,gnomADe_AMR,,,,,,,,,,,,,0.0,0.0658483957763588,1.0,1.0,2.0574081863159937e-08,1.0,0.0,0.0382187894028179,1.0,0.0,6.856775185574807e-07,1.0,1.0,0.0008760742448076,1.0,0.0,0.0019057078126818,1.0,1.0,0.0060637066806759,1.0,0.0,0.0255542180173993,1.0,0.0,4.363694095869092e-09,1.0,0.0,1.07587635931117e-11,1.0,1.0,0.0630704432523009,1.0,1.0,0.0233016386126441,1.0,0.0,0.0002656860148046,1.0,0.0,2.9340001667040465e-05,1.0,1.0,0.0001261170822435,1.0,1.0,3.42163414103115e-05,1.0,0.0,7.009202205551614e-06,1.0,0.0,0.002270920437624,1.0,0.0,0.0001636648493353,1.0,AllofUs_OTH,1.0,1.4529360536281124e-05,1.0,C/C,C/C,5.507381520407888,5.481231812411932,,1.0,2.513888904353896e-06,1.0,0.0,1.1493262607896185e-05,1.0,1.0,0.010735477266752,1.0,1.0,0.0028086105770939,1.0,0.0,5.948142212982116e-07,1.0,1.0,8.779374069329221e-06,1.0,0.0,0.0007131191338465,1.0,1.0,1.8343747275108336e-05,1.0,1.0,3.78018311797742e-12,1.0,1.0,0.0631445664517447,1.0,1.0,2.1442268733965466e-05,1.0,0.0,3.235495511010948e-06,1.0,0.0,0.0576457364264778,1.0,1.0,0.0569478904231383,1.0,1.0,4.777084351703699e-06,1.0,1.0,5.048367677749252e-05,1.0,0.0,1.9863190490017738e-05,1.0,0.0,0.0009079284585881,1.0,1.0,0.0280720409759235,1.0,0.0,0.000232736222085,1.0,0.0,4.734705879427259e-05,1.0,0.0,0.0001016685692791,1.0,1.0,2.462400000076105e-05,1.0,0.0,1.9188e-06,1.0,1.0,7.75380712017058e-05,1.0,1.0,0.0940719085590204,1.0,0.0,0.0376546606872003,1.0,1.0,0.096066679257373,1.0,1.0,9.83962582657864e-06,C/C,0.0766566729732892,1.0,9.409399543435105e-06,1.0,0.0128817633402856,1.0,1.0,1.0,9.66681352707679e-05,1.0,0.0,1.0,1.0,0.008803092089834,1.0,0.0999999999997619,0.0,3.5669413405021426e-08,1.0,0.0,0.0,0.062337139447199,1.0,1.0,1.0,0.0267467116696675,1.0,0.0,1.0,0.0873868158295929,1.0,1.0,1.0,6.640149161393089e-25,1.0,0.0,0.0,,0.0,3.79918369730708e-06,0.0,0.0999982072527774,1.0,1.0,1.0,0.0034776615496783,1.0,0.0,1.0,1.0,0.0049013935730394,1.0,1.0,1.0,0.0001042052753801,1.0,1.0,1.0,1.4307634895730684e-05,1.0,1.0,1.0,0.0108465949533349,1.0,1.0,0.0,2.627127352689029e-05,1.0,1.0,1.0,4.5294137795071965e-08,1.0,1.0,1.0,0.0,0.0801367402913642,1.0,8.113766575372506e-05,1.0,1.0,0.0,0.0001021809021233,1.0,1.0,1.0,1.0,6.384786926318881e-10,1.0,1.0,1.0,1.8001752127926085e-05,1.0,0.0,0.0,8.433572029173585e-09,1.0,0.0,1.0,0.0031228091756145,1.0,0.0,0.0,2.9484990000000738e-05,1.0,0.0,0.0,0.0114195877576566,1.0,1.0,1.0,0.0,0.004483111129547,1.0,0.000373703572885,1.0,0.0,0.0,1.3792500720725857e-08,1.0,0.0999953156478105,0.0,3.0107488057803463e-05,1.0,1.0,1.0,1.0,8.743805561805431e-08,1.0,1.0,0.0,0.0049286443406571,1.0,0.0,0.0,0.0444705229685111,1.0,1.0,0.0,5.190800215458319e-06,1.0,1.0,1.0,0.0600749612062701,1.0,1.0,1.0,7.899115739519045e-10,1.0,0.0,1.0,1.0,0.4582165160580883,1.0,6.924527688031738,0.5740378640417235,7.694352572637331,P,S,1,1.0,0.0,0.0,1.0,1.0,-9.664425758298718,1.3499860969377946,-0.12602191691733247,0.37741946761678713,-0.3605297514815905,0.1824212032362198,0.9587085413505725,0.7733978267010226,-0.6324834664635439,-0.07939666817866306,20.0,315.0,0.0449630993916121,2.7259388268576224e-18,-1.347143759665843,-14.998817750448382,0.0,1.0,0.0,1.0,400.0,0.0,0.0,0.0,92.0,103,0.8932038834951457,53.27975743070543,5.481231812411932,1.0,-0.7698248846055931,1.0,5.0,0.0,5.0,0.0,0.0,0.0,1.0,0.0,0.7230454294937407,0.0,0.0,0.0,0.0,0.0,1.0,0.0,0.0,0.0,0.0,0.0,1.0,0.0,special,polar,special_to_polar,0.0,1.0,0.0,0.0,0.0,1.0,1.0,0,0.6802442573754168
VAR_001858,0.0005400000123393,0.0998573083161823,1.0898439273284418e-19,6.744036434782055e-12,0.0009045203196311,0.0096359067352326,8.937567619970404e-05,0.0014427658578779,0.0001354313442636,9.539030209079776e-09,1.5123384089018088e-05,1.3488462566202417e-07,0.0140974440673559,1.526584198866596e-05,0.0014553125553091,0.0001232002922556,0.0001383601484843,0.0743607544894806,2.7352872234712017e-13,1.2867998880760078e-07,0.0493981030400474,5.0724397520193735e-06,7.399569249075657e-10,0.0386597864345046,0.0022509653026144,0.0027900129770373,SAS,0.0,0.0014643771912774,0.0,6.329871823444032e-05,0.0,0.0470464910419519,0.0,3.850112521339819e-05,1.0,8.3156666904046e-06,1.0,0.0028157953070236,1.0,6.306764067219305e-11,1.0,0.0,0.0388412965634989,1.0,1.0,0.0059493266186161,1.0,0.0,5.387403372105722e-06,1.0,1.0,6.592703103936131e-23,1.0,1.0,0.0122341866123348,1.0,1.0,0.0907537203328998,1.0,1.0,0.0038030656844068,1.0,1.0,4.6389714104632244e-14,1.0,1.0,0.0043162491792486,1.0,0.0,4.357269348658016e-05,1.0,0.0,2.093159103465113e-07,1.0,0.0,0.0001773838377742,0.0,1.0,0.0520673315332969,1.0,0.0,0.0001630721999638,1.0,0.0,5.611432880945056e-07,1.0,0.0,0.0102563724405587,0.0,0.0,1.215520398493556e-07,0.0,1.0,0.0019377012358943,0.0,AllofUs_SAS,0.0,0.0025838951800001,1.0,./.,./.,4.822997355739287,4.718450477431121,2.5735384990800174,1.0,0.10000336871723,1.0,1.0,5.757786169869034e-05,1.0,0.0,1.5685142815452495e-08,1.0,0.0,3.597315476760276e-07,1.0,0.0,0.0007237802277043,1.0,0.0,0.0066528040018248,1.0,0.0,0.032621042393965,1.0,0.0,0.0037365103613574,1.0,0.0,0.0007039665309129,1.0,1.0,0.0009871690872988,1.0,1.0,0.00041329759342,1.0,0.0,4.416400680042469e-05,1.0,1.0,0.0976742214118237,1.0,0.0,0.0925797301165616,1.0,1.0,0.0595445935178725,1.0,1.0,5.373193357709248e-05,1.0,0.0,0.0003335146601433,1.0,1.0,2.2407225448873838e-05,1.0,1.0,1.8997382636714768e-07,1.0,0.0,0.1000034577303246,1.0,1.0,4.564800000000002e-06,1.0,1.0,0.0020509454401642,1.0,1.0,0.0010818000004189,1.0,1.0,0.0588579539005974,1.0,0.0,0.0012297894431093,1.0,1.0,0.0863503336915773,1.0,0.0,2.2518000022544267e-06,1.0,0.0,0.0015941866728482,1.0,1.0,0.0045393407793578,./.,0.0027782110506161,0.0,0.0484813707018315,1.0,0.0974147729602978,1.0,0.0,1.0,1.3585941383807497e-15,1.0,1.0,1.0,0.0,0.0128639404219694,1.0,0.0999447813305888,0.0,0.0782720785950423,1.0,1.0,1.0,4.2834135285369726e-08,1.0,1.0,1.0,6.3252769283032336e-18,1.0,1.0,1.0,0.001227276,1.0,0.0,0.0,0.0024068829285127,1.0,1.0,0.0,decoy&segdup,0.0,0.0084728183403933,1.0,0.0008150179178037,1.0,1.0,1.0,7.450694347466448e-10,1.0,1.0,1.0,1.0,3.435735958370843e-11,1.0,1.0,1.0,2.156586052244082e-07,1.0,0.0,0.0,1.5562821779340022e-10,1.0,1.0,0.0,1.9380203720420133e-13,1.0,0.0,0.0,0.0073728654333121,1.0,1.0,1.0,0.0388200920135436,1.0,1.0,0.0,0.0,0.0466754200137417,1.0,0.0707028100790032,1.0,0.0,0.0,2.548464624037436e-07,1.0,0.0,1.0,0.0,1.1673143135836632e-05,1.0,0.0,1.0,0.0569783032382029,1.0,1.0,0.0,1.549835963789047e-11,1.0,1.0,1.0,3.146807365818645e-08,1.0,0.0,1.0,0.001439037022585,1.0,1.0,0.0,0.0047738210279124,1.0,0.0,0.0,0.0,0.0011221190738373,0.0,2.497863072879059e-05,1.0,1.0,0.0,3.9529277097242754e-22,1.0,0.0999816145519209,1.0,5.965327924623207e-07,1.0,1.0,1.0,0.0,1.029356083050774e-12,1.0,1.0,1.0,5.9968342300221985e-09,1.0,1.0,1.0,0.0002025385382298,1.0,1.0,1.0,7.903543348554068e-09,1.0,1.0,1.0,0.0161124863790437,1.0,1.0,1.0,0.0014950148730533,1.0,0.0,0.0,0.9867016461987504,0.8273429639488532,1.0,7.361041401889468,0.6418799749430247,7.672400053507341,V,A,1,0.0,0.0,0.0,0.0,0.0,-9.939737301468613,1.6424272069225767,-0.1529206172059051,0.6463070456984708,-1.168225399097953,-1.7654010083555487,-2.2843854086041286,-0.7466972971602102,0.05380214476563621,-0.049478246439440134,26.0,333.0,0.0998573083161823,1.0898439273284418e-19,-1.0006201446616785,-14.999952671258622,1.0,1.0,0.0,1.0,676.0,0.0,0.0,1.0,88.0,103,0.8543689320388349,56.47685444572651,4.655702853588568,0.9867016461987504,-0.3113586516178737,1.0,6.0,0.0,6.0,0.0,0.0,0.0,0.0,0.0,0.49993396506752075,0.0,0.0,0.0,0.0,0.0,0.0,1.0,0.0,1.0,0.0,0.0,1.0,1.0,hydrophobic,polar,hydrophobic_to_polar,0.0,0.0,0.0,0.0,0.0,0.0,1.0,0,0.6388320254748096
VAR_001977,,,,,,,0.0013310478754894,0.0902806799471591,0.0001966088137447,0.0199742805797408,0.0060419505845589,1.8930594085488625e-17,8.056655376819687e-05,0.0003539793902197,1.215192379790608e-09,,,,,,,,,,,4.0824e-06,gnomADe_NFE,,,,,,,,,,,,,,,,,,,,,,,,,,,,,,,,,,,,,,,,,,,,,,,,,,,,,,,,,,,,,,,,,,,,,,,,,,T/T,T/T,5.102785438186024,5.602336916114945,,1.0,0.0003794369926009,1.0,1.0,3.833402361647913e-06,1.0,1.0,0.0053595475015956,1.0,1.0,5.086901397450751e-07,1.0,1.0,5.804269112091653e-06,1.0,1.0,1.1313162726754607e-05,1.0,0.0,2.1713916492128192e-13,1.0,1.0,4.9959000004546685e-06,1.0,0.0,1.6197138696721995e-07,1.0,1.0,1.690141020693774e-10,1.0,1.0,0.0044091741221893,1.0,0.0,2.0547567377273072e-05,1.0,1.0,0.000371029652505,1.0,0.0,6.350680804369524e-06,1.0,0.0,2.551650514106656e-09,1.0,1.0,0.0069886337739638,1.0,0.0,0.0089380825129906,1.0,0.0,2.9946224059397807e-16,1.0,1.0,0.0005177912034817,1.0,0.0,0.0999996840458418,1.0,0.0,1.2573000000000123e-05,1.0,0.0,2.8068443705118668e-11,1.0,0.0,0.0149674580346315,1.0,1.0,7.960364285816334e-16,1.0,0.0,0.000166665813872,1.0,0.0,0.0998606758703764,1.0,0.0,2.2779000012008225e-07,1.0,0.0,4.2877536047779785e-08,1.0,,,T/T,0.0056236733829373,,,,,,,,,,,,,,,,,,,,,,,,,,,,,,,,,,,,,,,,,,,,,,,,,,,,,,,,,,,,,,,,,,,,,,,,,,,,,,,,,,,,,,,,,,,,,,,,,,,,,,,,,,,,,,0.0,0.0005727894081979,0.0,0.0371700336213147,1.0,0.0,1.0,1.1973984121247154e-05,1.0,0.076147221041516,0.0,3.497617158227323e-05,1.0,0.0,1.0,1.0,7.488639753223675e-06,1.0,1.0,0.0,0.0408736797343602,1.0,1.0,0.0,0.0002868990329517,1.0,1.0,0.0,4.067337149098667e-06,1.0,0.0,1.0,3.844872019110848e-06,1.0,1.0,1.0,4.9904110067464273e-11,1.0,1.0,0.0,1.0,1.0,0.9620165887135784,3.009531380832572,0.6603731643028612,5.0095718764758175,D,E,0,1.0,0.0,1.0,1.0,1.0,0.15513654130202958,-6.518441590034666,3.447798758252011,-1.1332416054018482,1.4222033394094327,-0.7066066278108585,0.03484254105353157,-0.436566681742623,-0.09606949486791574,0.014370176517578652,10.0,135.0,0.0902806799471591,1.8930594085488625e-17,-1.0444051787016349,-14.991855397575776,1.0,1.0,0.0,0.0,100.0,0.0,1.0,0.0,46.0,53,0.8679245283018868,15.076463766790287,5.602336916114945,0.9620165887135784,-2.0000404956432454,1.0,3.0,0.0,3.0,0.0,0.0,1.0,1.0,0.0,0.8264378219714592,0.0,0.0,0.0,0.0,0.0,0.0,0.0,1.0,0.0,0.0,0.0,1.0,0.0,neg_charged,neg_charged,neg_charged_to_neg_charged,0.0,0.0,0.0,0.0,0.0,0.0,0.0,0,0.5732787444558172
VAR_001970,,,,,,,,,,,,,,,,,,,,,,,,,,,,,,,,,,,,,,,,0.0,0.0370826284399001,1.0,0.0,0.0878337242382886,1.0,1.0,0.0999999867817776,1.0,0.0,7.182579400768047e-10,1.0,1.0,0.0004803177365784,1.0,0.0,0.0002477401720169,1.0,0.0,0.0002576604538835,1.0,1.0,1.3670712684475317e-12,1.0,1.0,6.931844831568154e-07,1.0,1.0,0.0003029603903448,1.0,0.0,1.251667735852899e-05,1.0,0.0,2.783477944563554e-15,1.0,1.0,0.0001164120776265,1.0,0.0,0.0562597633718594,1.0,1.0,0.0010255681675663,1.0,1.0,0.0022114486123898,1.0,0.0,0.0004882460019442,0.0,1.0,2.840677803315716e-08,0.0,1.0,8.58079644696104e-06,1.0,AllofUs_AFR,0.0,0.0678312224210074,0.0,./.,./.,5.202345076449563,2.5407449116019625,1.900688053746285,0.0,0.0866327562579001,1.0,0.0,0.0068178585387149,1.0,1.0,1.5344959962876026e-09,1.0,0.0,0.0442587323261488,1.0,0.0,0.0054977844503359,1.0,0.0,0.0004774090274646,1.0,0.0,0.0040250911377148,1.0,1.0,1.5078750738790389e-05,1.0,1.0,0.0349093833715659,1.0,0.0,0.0122125212895352,1.0,0.0,8.142377463678207e-09,1.0,1.0,0.0401977843891405,1.0,0.0,0.0379865352077314,1.0,0.0,0.0003831828522763,1.0,1.0,9.319603551302937e-08,1.0,0.0,5.167164202790826e-10,1.0,0.0,3.381034437840917e-05,1.0,0.0,3.3230172844351503e-06,1.0,1.0,3.108616529524045e-07,1.0,0.0,0.0029548945126627,1.0,1.0,5.4510655091667464e-18,1.0,1.0,0.0079787554264159,1.0,1.0,0.0013318226617286,1.0,0.0,5.3079983455207e-11,1.0,1.0,6.636543312763235e-11,1.0,1.0,0.1000086442962534,1.0,1.0,1.4357059946310796e-09,1.0,0.0,0.0098798477018042,1.0,1.0,3.290552894798957e-05,./.,0.0152804461020265,,,,,,,,,,,,,,,,,,,,,,,,,,,,,,,,,,,,,,,,,,,,,,,,,,,,,,,,,,,,,,,,,,,,,,,,,,,,,,,,,,,,,,,,,,,,,,,,,,,,,,,,,,,,,,,,,,,,,,,,,,,,,,,,,,,,,,,,,,,,,,,,,,,,,,0.4087696357423727,0.9793864363855732,1.0,2.863523614721672,0.5846964738794079,2.331330024927741,S,P,1,1.0,1.0,1.0,1.0,0.0,-0.29681913768975576,-4.661001192663402,-4.0960813119239425,4.916631840037167,-1.1734514897501913,2.00662080351968,-0.16140723189801376,-0.42363563681599525,0.08432908040336658,-0.7688153518793596,0.0,147.0,0.0,,-15.0,-14.698970004336019,0.0,0.0,1.0,0.0,0.0,1.0,0.0,0.0,43.0,55,0.7818181818181819,6.675818580090251,1.038579372029821,0.4087696357423727,0.5321935897939309,1.0,2.0,1.0,1.0,0.0,0.0,0.0,0.0,0.0,0.8215209917795393,1.0,0.0,0.0,0.0,0.0,0.0,0.0,0.0,0.0,0.0,0.0,1.0,1.0,polar,special,polar_to_special,0.0,1.0,0.0,0.0,1.0,0.0,1.0,0,0.8045506417722561
VAR_001859,,,,,,,0.0296387375662666,0.0993537075398547,0.0402203106879293,0.0003727940695845,5.1902583591148505e-09,0.0306572096097545,1.2270570816495616e-09,0.0005117392213473,2.6971493858913893e-08,9.7921894208781e-05,0.0101166025031512,0.0108395059845264,0.0148198810585316,0.0001580915034041,2.78367523354928e-07,0.0341237851938457,0.0078892993250066,2.300364933289546e-05,1.3579123483291822e-05,0.0125630538587724,gnomADe_AFR,,,,,,,,,,,,,0.0,0.0165523199439778,1.0,1.0,0.070866785244461,1.0,0.0,0.0411051536402745,1.0,1.0,0.0134858546451612,1.0,0.9916633672366788,0.0002645547501455,1.0,1.0,1.82357558610365e-05,1.0,1.0,7.854280513757614e-05,1.0,0.0,4.454800474757266e-07,1.0,1.0,0.0002678999948001,1.0,0.0,0.0052462200061083,1.0,1.0,1.5668625960939838e-12,1.0,1.0,2.85827176006656e-05,1.0,0.0,0.0060508300926508,1.0,1.0,0.0023901978736936,1.0,0.0,8.988208699318997e-15,1.0,1.0,0.0021184974315981,0.0,0.0,0.0207397883192892,1.0,0.0,0.0088937233971508,0.0,0.0,0.0952267427354441,1.0,AllofUs_AFR,1.0,0.0052036969629968,1.0,T/T,T/T,5.464323606609145,5.380588995693642,3.919941772646209,0.0,0.0640927129794999,1.0,0.0,0.0080885612801605,1.0,0.0,0.001876871264019,1.0,0.0,2.9567371427035545e-05,1.0,1.0,0.0130070764213074,1.0,0.0,0.0042199705262996,1.0,0.0,0.0002445125305293,1.0,0.0,2.4130861560078207e-06,1.0,0.0,0.0924202728774491,1.0,0.0,1.5744830084638747e-08,1.0,1.0,7.554665151950169e-06,1.0,0.0,0.0247723622361157,1.0,0.0,0.062649592528462,1.0,1.0,0.0975023193300449,1.0,0.0,0.0541497548086904,1.0,1.0,1.5213584001523232e-06,1.0,1.0,5.344089178672448e-05,1.0,0.325912572949313,1.7211112196719665e-07,1.0,1.0,2.764340581318602e-10,1.0,1.0,2.992784607944614e-05,1.0,0.0,0.0004354900868234,1.0,1.0,0.0244725042921546,1.0,0.0,4.010818636685584e-06,1.0,1.0,4.6445797573523436e-14,1.0,0.0,0.0002195552337935,1.0,0.0,0.0064523274383823,1.0,0.0,9.085225911433392e-07,1.0,0.0,9.384570051146988e-05,1.0,1.0,6.837938094804417e-06,T/T,0.0002027687226474,1.0,8.548505341670043e-06,0.0,0.0045608110963246,1.0,0.0,1.0,8.048350084040379e-14,1.0,1.0,1.0,0.0,7.152224635332371e-05,1.0,1.5126511451491532e-06,0.0,1.8973813368292342e-08,1.0,0.0,0.0,9.073142355286736e-05,1.0,1.0,1.0,1.9018451276032037e-07,1.0,1.0,1.0,0.0001606092264681,1.0,0.0,0.0,2.2610753493650263e-08,1.0,1.0,0.0,,0.0,0.0060038810767053,0.0,0.0001208862,1.0,0.0,0.0,1.3306985559979505e-06,1.0,0.0,1.0,1.0,0.0067464492434548,1.0,0.0,1.0,0.0374372664003837,1.0,1.0,0.0,0.0043385617978371,1.0,0.0,1.0,3.526900840038645e-08,1.0,0.0,0.0,0.0057362386821681,1.0,0.5173435203509166,0.0,0.0051875594929745,1.0,1.0,0.0,0.0,0.0226839428510605,0.0,0.0001110867973102,1.0,0.0,0.0,0.0149218457103679,1.0,0.0,1.0,1.0,8.569415762312608e-06,1.0,0.0,0.0,0.0002516564152687,1.0,1.0,1.0,0.0665434522704407,1.0,0.0,0.0,6.134074358639006e-05,1.0,1.0,1.0,0.000111134068857,1.0,0.0,0.0,0.0342349545943004,1.0,0.0,1.0,0.0,7.054425875436214e-06,0.0,9.183022487111074e-05,1.0,1.0,1.0,0.0005703573320892,1.0,0.0617599740549085,0.0,0.0081822860636345,1.0,1.0,1.0,1.0,0.0011017357667285,1.0,0.0,1.0,2.8718920937249927e-05,1.0,0.0,1.0,0.0003658638844687,1.0,0.0,0.0,1.502587685442167e-10,1.0,1.0,1.0,0.0696009659703208,1.0,1.0,1.0,9.906449986601962e-15,1.0,1.0,0.0,1.0,1.0,0.9836355927150864,7.1019282162054935,0.6923742155400601,7.88925651286325,L,P,1,1.0,0.0,0.0,1.0,0.0,-9.664425758298718,1.3499860969377946,-0.12602191691733247,0.37741946761678713,-0.3605297514815905,0.1824212032362198,0.9587085413505725,0.7733978267010226,-0.6324834664635439,-0.07939666817866306,20.0,315.0,0.0993537075398547,1.2270570816495616e-09,-1.002815921870145,-8.911134879862315,1.0,1.0,0.0,1.0,400.0,0.0,0.0,0.0,87.51734352035092,103,0.8496829467995235,56.028933433586474,5.380588995693642,0.9836355927150864,-0.7873282966577566,1.0,6.0,0.0,6.0,0.0,1.0,0.0,1.0,0.0,0.6666356502589871,1.0,0.0,0.0,0.0,0.0,0.0,0.0,0.0,0.0,0.0,0.0,1.0,0.0,hydrophobic,special,hydrophobic_to_special,0.0,1.0,0.0,0.0,1.0,0.0,1.0,-3,0.8744937483693579
VAR_001945,,,,,,,2.4584581279420855e-05,0.0008430387692993,0.0066050191644133,2.4793150121101257e-06,0.0223379438116052,0.0001839262565835,0.0016437402356866,0.0012358989691844,2.0119492101209327e-10,0.0736439985501334,5.3827659854779095e-19,0.0113476294150473,0.0008779029627418,9.690919202677586e-13,6.9629074420591526e-12,0.0003669376906336,0.0033724016381825,7.76760267696721e-06,2.698188289628172e-05,2.663890741550023e-05,gnomADe_REMAINING,,,,,,,,,,,,,1.0,2.3384083417963134e-17,1.0,0.0,0.0967208185414275,1.0,0.0,3.821872580415696e-05,1.0,0.0,0.0003653543292399,1.0,0.4784266843477351,8.480856204604493e-11,1.0,0.0,8.397721621550778e-06,1.0,0.0,6.151933516820367e-07,1.0,0.0,5.824780644891121e-05,1.0,0.0,0.0001841276139658,1.0,0.0,0.0032271412755517,1.0,1.0,1.3067912244840376e-31,1.0,0.0,0.0002466627139728,1.0,0.0,0.0002917427331285,1.0,0.0,0.0892353735411526,1.0,0.0,0.0002087416998244,1.0,1.0,8.907292197056223e-08,0.0,0.0,2.1847265779236685e-05,1.0,0.0,6.561758334581292e-09,1.0,1.0,0.0075835772111663,1.0,AllofUs_EUR,1.0,7.948697445109779e-13,1.0,T/T,T/T,5.632504380331452,5.625860882981218,3.174761032397138,0.0,0.0010148567938351,1.0,0.0,5.4747e-06,1.0,1.0,0.0056203053313698,1.0,0.0,0.0385491416106509,1.0,1.0,0.0003028258179353,1.0,1.0,2.676428022226e-05,1.0,1.0,2.1810389069798722e-09,1.0,0.0,0.0056668709133087,1.0,0.0,1.9314990834488943e-08,1.0,0.0,0.0059729383266586,1.0,0.0,4.801053291733504e-07,1.0,0.0,0.002731004606296,1.0,1.0,0.0999770110408147,1.0,1.0,1.2787993710043574e-10,1.0,1.0,0.0373595298999832,1.0,0.0,9.831715577554552e-06,1.0,1.0,0.0001571401912104,1.0,1.0,0.0273404517291641,1.0,1.0,0.0020053555695519,1.0,1.0,8.697375758491691e-12,1.0,1.0,5.297211706838097e-05,1.0,1.0,1.4973479603497538e-14,1.0,1.0,0.0074591359322405,1.0,1.0,6.63777483547237e-05,1.0,0.0,2.825459007635547e-05,1.0,0.0,7.854077633675945e-07,1.0,1.0,3.660019001103976e-05,1.0,0.0,2.3982195584810255e-05,1.0,0.0,6.800858104081989e-06,T/T,0.0001900430359972,0.0,8.234064000000018e-06,0.0,7.136999716455402e-06,1.0,0.0,0.0,0.0205955568847338,1.0,1.0,1.0,1.0,3.5558962646788225e-06,1.0,0.0006172690875269,0.0,9.587089653348012e-05,1.0,1.0,1.0,0.0001362344852755,1.0,0.0,1.0,2.2498502574100263e-05,1.0,0.0,0.0,2.1066781150656005e-05,1.0,0.0,0.0,6.0283815804593e-08,1.0,0.0,0.0,,1.0,0.0010893316997644,0.0,0.0001407721962989,1.0,1.0,1.0,0.0003243494801973,1.0,0.0,1.0,0.0,5.0902916471937756e-08,1.0,0.0,1.0,1.2974746735335722e-08,1.0,0.0,0.0,2.742411112998572e-06,1.0,1.0,1.0,3.3713497603842754e-05,1.0,0.0,0.0,0.000143563992565,1.0,1.0,0.0,0.0016414349352782,1.0,1.0,1.0,0.0,1.043995859694882e-05,0.0,0.0114357471019953,1.0,1.0,1.0,0.0375189126056036,1.0,1.0,1.0,1.0,1.0118691097428204e-05,1.0,0.0,1.0,5.910944828556009e-13,1.0,0.0,1.0,0.0680742804321791,1.0,0.0,1.0,0.0233121862627919,1.0,0.0,1.0,0.0126233048279917,1.0,1.0,1.0,1.2298063905383171e-14,1.0,0.0,0.0,0.0,8.505277368697367e-06,1.0,1.1269067835900543e-08,1.0,1.0,0.0,4.961198505787493e-06,1.0,1.0048839631537431e-09,1.0,0.0059518626919198,1.0,0.0,1.0,0.0,0.0047942539131565,1.0,0.0,1.0,0.0044045122620752,1.0,1.0,0.0,9.90635090828144e-06,1.0,0.0,0.0,0.002068491991008,1.0,1.0,1.0,0.0017131554431216,1.0,1.0,1.0,4.5769060240348375e-19,1.0,1.0,0.0,0.994185109858318,0.9940004775091508,0.9980432628050834,8.153326144691341,0.6138749129079272,7.798526306777113,L,P,1,1.0,0.0,0.0,1.0,0.0,-9.664425758298718,1.3499860969377946,-0.12602191691733247,0.37741946761678713,-0.3605297514815905,0.1824212032362198,0.9587085413505725,0.7733978267010226,-0.6324834664635439,-0.07939666817866306,20.0,315.0,0.0736439985501334,5.3827659854779095e-19,-1.1328626392186123,-14.999766292337554,1.0,1.0,0.0,1.0,400.0,0.0,0.0,0.0,89.0,103,0.8640776699029126,63.58392842710904,5.593147119994296,0.992239750875226,0.35479983791422853,0.9980432628050834,6.0,0.0,6.0,0.0,0.0,0.0,1.0,0.0,0.686920920297272,0.0,0.0,0.0,1.0,0.0,0.0,0.0,0.0,0.0,0.0,0.0,1.0,0.0,hydrophobic,special,hydrophobic_to_special,0.0,1.0,0.0,0.0,1.0,0.0,1.0,-3,0.8744937483693579
VAR_001934,,,,,,,0.0056233933919453,0.0005500974049953,6.04350126814803e-05,1.3456706291912386e-10,7.593733901700986e-08,2.080724780635871e-06,0.0118465102817352,0.0118093125141621,2.9177460848616723e-09,0.0128817281436851,0.0004658443866676,2.331970560164231e-26,0.0001766700772863,1.136430658626482e-06,0.0002974181736794,2.333464251795048e-09,0.0057701867858193,1.3578950195286715e-05,2.338343937689175e-07,0.0043531350807297,gnomADg_NFE,,,,,,,,,,,,,0.0,0.0119711040504018,1.0,0.0,6.50806591460555e-05,1.0,0.2725761714248297,0.0826999770533195,1.0,0.0,1.1180701371373114e-05,1.0,0.0,9.87313408728973e-19,1.0,1.0,0.0013258091360237,1.0,1.0,0.0029064189783394,1.0,1.0,1.0286084494817965e-05,1.0,1.0,0.0043548362346225,1.0,0.0,1.9685005885686765e-07,1.0,0.0,0.0072132759900816,1.0,1.0,0.0005775236654113,1.0,1.0,0.098662347144058,1.0,1.0,0.0003778205403223,1.0,0.0,0.0003025148558589,1.0,0.0,8.371800530754906e-05,1.0,1.0,0.0005433580358109,1.0,0.0,0.0003610800197399,1.0,1.0,0.0005433889656303,1.0,AllofUs_EUR,0.0,1.5713822680092766e-07,1.0,T/T,T/T,6.16,5.920897708919692,3.67522397857169,1.0,0.0001327510417231,1.0,1.0,0.0298914618712573,1.0,1.0,9.081593604138732e-06,1.0,0.0,0.0001076253798992,1.0,0.0,0.0016807766275789,1.0,1.0,0.0066220721273903,1.0,1.0,3.41213152827548e-05,1.0,1.0,0.000559722011471,1.0,0.0,0.016919216141299,1.0,0.0,0.0008566680848397,1.0,0.037801505428781,0.0134526438148512,1.0,0.0,0.0006351302792733,1.0,1.0,0.1000306657854055,1.0,0.0,5.101245747772944e-05,1.0,0.0,5.43602023944753e-06,1.0,0.0,0.00062451,1.0,1.0,0.000242020279199,1.0,0.0,0.0478506349377039,1.0,0.0,0.0365492495922838,1.0,0.0,0.1001173396180592,1.0,1.0,0.000143460000065,1.0,0.0,0.0313202216633874,1.0,1.0,2.2122000000000277e-05,1.0,1.0,0.000452213914979,1.0,0.0,0.0001942200207022,1.0,0.0,0.0002524960853832,1.0,1.0,0.0001979511783293,1.0,1.0,0.1001253737837367,1.0,1.0,0.0002992605532405,T/T,0.0058581531894839,1.0,0.0001865006111524,0.0,0.0999673904949532,1.0,1.0,0.0,7.058075762904014e-05,1.0,1.0,1.0,0.0,0.0004181789180476,1.0,0.0886453466236559,0.0,1.278120207104892e-17,1.0,1.0,0.0,4.034751325210154e-06,1.0,0.0,1.0,0.0004427532844873,1.0,1.0,0.0,0.0004423486308959,1.0,1.0,1.0,0.0776900377419535,1.0,1.0,1.0,,0.0,0.0002156950428261,0.0,6.041453319399489e-05,1.0,1.0,1.0,5.268708e-05,1.0,0.0,1.0,0.0,0.0005507795290163,1.0,0.0,1.0,2.881604776055887e-12,1.0,1.0,0.0,4.55759582834299e-07,1.0,0.0,1.0,0.000557210023067,1.0,0.6391308662069847,1.0,0.0645985603220812,1.0,1.0,0.2815775691620089,6.672149717676351e-06,1.0,1.0,1.0,0.0,0.0002381202268803,0.0,5.55281275819261e-05,1.0,0.0,1.0,0.0012301644161607,1.0,0.0,1.0,1.0,0.0461455387316527,1.0,0.0,1.0,5.389806049412497e-13,1.0,0.0,1.0,0.0177126963315842,1.0,0.0,1.0,0.0004934346736648,1.0,0.0,0.0,0.000526351606318,1.0,0.0,0.0,2.5621611628970064e-14,1.0,0.0,1.0,1.0,0.0005883440698905,0.0,0.0625590154651654,1.0,1.0,0.0,0.0041549096462312,1.0,0.1,1.0,0.0046124359268725,1.0,1.0,1.0,1.0,8.890205324306998e-08,1.0,1.0,0.0,0.0006372531097507,1.0,1.0,0.0,1.4292131707392808e-11,1.0,0.0,1.0,0.0063848034204149,1.0,0.0,1.0,0.000614057596389,1.0,1.0,0.0,3.2660618267604385e-13,1.0,0.0,0.0,0.9910018585027288,0.6394968386000348,0.9580799600288415,7.426630130249476,0.6969638857312382,7.589198677330624,I,T,0,1.0,0.0,0.0,1.0,0.0,-9.664425758298718,1.3499860969377946,-0.12602191691733247,0.37741946761678713,-0.3605297514815905,0.1824212032362198,0.9587085413505725,0.7733978267010226,-0.6324834664635439,-0.07939666817866306,20.0,315.0,0.0128817281436851,2.331970560164231e-26,-1.890025870445037,-14.999999999989873,0.0,1.0,0.0,1.0,400.0,0.0,0.0,0.0,95.0,103,0.9223300970873787,56.36217156151309,5.867620633543964,0.9494590209828021,-0.16256854708114776,0.9910018585027288,6.0,0.0,6.0,0.0,0.0,1.0,0.0,1.0,0.7461721108334329,0.0,0.0,0.0,1.0,0.0,0.0,0.0,0.0,0.0,0.0,0.0,1.0,0.0,hydrophobic,polar,hydrophobic_to_polar,0.0,0.0,0.0,0.0,0.0,0.0,1.0,0,0.7082992152848857
VAR_001798,,,,,,,9.18000189808536e-05,0.0013967848594835,0.0233253974712266,0.0083697861111633,0.0102655896002415,5.056200000160556e-05,0.0136168684879528,4.472100001611254e-05,0.0290537955202823,0.0010616084758675,4.347395749080061e-05,0.0001799294333122,0.0707469621912964,2.184212353122496e-05,0.0028978778904999,0.0002303511369595,0.00035126646296,2.8109467708533098e-11,0.0316568383067497,0.0003129631479989,gnomADe_MID,,,,,,,,,,,,,1.0,0.0068996548574085,1.0,1.0,0.0004616566098694,1.0,0.0,0.099999999996964,1.0,1.0,0.0012680648161228,1.0,1.0,0.0010737302577519,1.0,1.0,0.0138988785718498,1.0,1.0,1.0636401511769117e-07,1.0,1.0,0.0292405845257466,1.0,0.0,5.852516641219309e-05,1.0,0.0,0.0137187505697747,1.0,1.0,1.4152566286153236e-05,1.0,0.0,0.0001596324692246,1.0,1.0,0.0968520911704112,1.0,1.0,0.0007483813222982,1.0,0.0,0.0007732387250417,1.0,0.0,4.651666706307166e-05,0.0,0.0,0.0001835375455628,1.0,1.0,9.424346646076408e-05,1.0,1.0,0.0028264192561332,1.0,AllofUs_EUR,1.0,0.0056555374691424,0.0,C/C,C/C,5.802729321616849,6.036317761018395,,0.0,1.0547562626659863e-05,1.0,1.0,0.0001679130520948,1.0,0.0,2.9178308463606566e-25,1.0,1.0,6.267621680072457e-07,1.0,1.0,0.0004209751880504,1.0,0.0,6.227104762550376e-05,1.0,0.0,4.670407156628428e-05,1.0,0.0,0.00048176770117,1.0,1.0,2.113200154230391e-05,1.0,0.0,5.953500009865721e-05,1.0,0.0,0.0003771962963409,1.0,0.0,0.0128105406519927,1.0,0.0,0.0993858020230268,1.0,1.0,0.0164513481214971,1.0,1.0,1.3285069430792894e-05,1.0,0.0,0.0559450737080606,1.0,1.0,0.0001990469209641,1.0,0.0,0.0002286900000851,1.0,1.0,0.0005294933695871,1.0,0.0,0.0957003350083574,1.0,0.0,0.0001298033533683,1.0,0.0,6.996600024697014e-05,1.0,0.0,0.0019106162241987,1.0,0.0,2.237526400118208e-05,1.0,0.0,0.0010211345922596,1.0,0.0,0.0030750053207221,1.0,0.0,8.608500000000008e-05,1.0,0.0,0.1000107901399127,1.0,0.0,0.0927629664907451,C/C,0.0070673238962125,1.0,0.0436473231898932,0.0,0.0999999973526878,1.0,0.0,1.0,0.0295878061834009,1.0,1.0,1.0,1.0,7.817518566827429e-14,1.0,5.994557442094551e-05,1.0,6.465348515518463e-05,1.0,1.0,0.0,1.4984256949413245e-15,1.0,0.0,0.0,0.0005844209771106,1.0,0.0,1.0,0.0861414508585607,1.0,1.0,1.0,0.0402314932163861,1.0,0.0,1.0,,1.0,0.0002709835600319,0.0,9.7364651550564e-10,1.0,0.0,1.0,0.0416273404486366,1.0,1.0,1.0,0.0,9.408330768559376e-05,1.0,0.0,0.0,0.0408217612355076,1.0,1.0,1.0,0.0028472335840173,1.0,1.0,1.0,0.0004040124713137,1.0,0.0,1.0,0.0471683109440071,1.0,0.0,0.0,5.90357707307532e-05,1.0,0.0,0.0,0.0,0.0243908261949599,1.0,0.085484142988831,1.0,1.0,1.0,2.5633489158747556e-09,1.0,1.0,1.0,1.0,7.445881370438419e-16,1.0,1.0,1.0,0.01399104317174,1.0,1.0,1.0,6.441197820745286e-18,1.0,1.0,1.0,0.0008845201406009,1.0,1.0,1.0,0.0008823675036199,1.0,1.0,1.0,0.0001101960996132,1.0,0.0,0.0,0.0,0.0016618416524396,1.0,0.0997582592988438,1.0,0.0,1.0,8.910543622661934e-06,1.0,0.0109254922627811,1.0,0.0325314521032933,1.0,0.0,1.0,1.0,0.0007329004891435,1.0,0.0,1.0,9.986509633601284e-05,1.0,1.0,1.0,0.0001200273941671,1.0,1.0,0.0,0.0001121400058274,1.0,1.0,0.0,0.000324409407202,0.0,0.0,0.0,4.46102865909179e-05,1.0,1.0,0.0,0.9722675271557006,0.5704704419610368,1.0,3.72329068233856,0.5997793541294557,5.621555528488907,R,C,1,1.0,0.0,0.0,1.0,1.0,-9.664425758298718,1.3499860969377946,-0.12602191691733247,0.37741946761678713,-0.3605297514815905,0.1824212032362198,0.9587085413505725,0.7733978267010226,-0.6324834664635439,-0.07939666817866306,20.0,315.0,0.0707469621912964,2.8109467708533098e-11,-1.150292203604111,-10.55113192843933,1.0,1.0,0.0,1.0,400.0,0.0,0.0,0.0,87.0,103,0.8446601941747572,20.930685319471564,5.8689157426313905,0.9722675271557006,-1.8982648461503469,1.0,3.0,0.0,3.0,0.0,0.0,0.0,1.0,0.0,0.6590443844793896,0.0,0.0,0.0,1.0,0.0,0.0,0.0,0.0,0.0,0.0,0.0,1.0,0.0,pos_charged,hydrophobic,pos_charged_to_hydrophobic,0.0,0.0,1.0,1.0,0.0,0.0,1.0,-3,0.7481329845710603
VAR_001912,,,,,,,,,,,,,,,,,,,,,,,,,,,,,,,,,,,,,,,,,,,,,,,,,,,,,,,,,,,,,,,,,,,,,,,,,,,,,,,,,,,,,,,,,,,,,,,,,,,,,T/T,T/T,5.862072599044433,5.928549478235653,3.4979162168865234,0.0,9.979620910882164e-06,1.0,1.0,9.307850654225036e-07,1.0,0.0,0.0032675781559095,1.0,1.0,0.0233270607676167,1.0,1.0,1.1260774022163014e-06,1.0,1.0,5.509363379835637e-05,1.0,1.0,0.0061803525487152,1.0,0.0,0.0024763099907058,1.0,0.0,0.0994595755987537,1.0,0.0,0.0018439920007728,1.0,0.0,0.0054289332697063,1.0,1.0,9.611563813670584e-11,1.0,0.0,0.0999492798301424,1.0,0.0,1.850500551976369e-07,1.0,0.0,1.692195346890484e-06,1.0,0.0,2.157214029478566e-06,1.0,0.0,0.0012707463974556,1.0,0.0,1.168955817718926e-10,1.0,0.0,0.0003144400931403,1.0,0.0,0.0938376422131061,1.0,1.0,3.139592662590508e-09,1.0,0.0,2.2825258107712397e-05,1.0,0.0,3.401365976333148e-07,1.0,0.0,2.359777090795723e-10,1.0,1.0,1.3470535458353873e-08,1.0,0.0,0.0003895563698404,1.0,0.0,0.0008456965398221,1.0,0.0,0.0700597381315462,1.0,,,T/T,7.629300001969213e-05,,,,,,,,,,,,,,,,,,,,,,,,,,,,,,,,,,,,,,,,,,,,,,,,,,,,,,,,,,,,,,,,,,,,,,,,,,,,,,,,,,,,,,,,,,,,,,,,,,,,,,,,,,,,,,0.0,7.939940007353839e-07,1.0,1.1992466674227346e-05,1.0,0.0,0.0,0.0001624776862552,1.0,0.0999999686848988,1.0,0.0002360522621405,1.0,1.0,1.0,0.0,6.235278545660357e-12,1.0,0.0,0.0,5.094512837525653e-09,1.0,0.0,0.0,0.0001164911395548,1.0,0.0,0.0,0.0005418232566043,1.0,0.0,1.0,0.0659568992659957,1.0,1.0,1.0,0.0775514239638044,1.0,0.0,0.0,0.968341234295348,0.7914874497222297,1.0,5.963446260283033,0.6407383753993895,8.083601198587454,I,S,0,1.0,1.0,1.0,1.0,0.0,0.6184640588651877,-6.418874223084634,3.1576449597710505,-0.17348139491766013,1.8041949010175307,0.30006467994021047,-1.6126271996057322,1.755967931501463,0.05576885595481866,0.13808847747295536,0.0,125.0,0.0,,-15.0,-14.698970004336019,0.0,0.0,1.0,0.0,0.0,1.0,0.0,0.0,42.0,53,0.7924528301886793,48.206121337335794,5.7408589193357535,0.968341234295348,-2.120154938304421,1.0,6.0,0.0,6.0,0.0,0.0,0.0,0.0,0.0,0.8215209917795393,0.0,0.0,0.0,0.0,0.0,0.0,0.0,1.0,0.0,0.0,0.0,1.0,0.0,hydrophobic,polar,hydrophobic_to_polar,0.0,0.0,0.0,0.0,0.0,0.0,1.0,0,0.6665691865282449
VAR_001887,,,,,,,2.8275123869511768e-06,0.0113177776964989,0.0438729798351699,2.836107698042357e-06,0.0006458130700378,1.2590806766066966e-06,5.0461281822166187e-05,4.305436157259487e-07,1.7647878616786057e-06,,,,,,,,,,,0.0899847757583308,gnomADe_AFR,,,,,,,,,,,,,,,,,,,,,,,,,,,,,,,,,,,,,,,,,,,,,,,,,,,,,,,,,,,,,,,,,,,,,,,,,,T/T,T/T,4.830091334985829,4.997845379544212,,,,,,,,,,,,,,,,,,,,,,,,,,,,,,,,,,,,,,,,,,,,,,,,,,,,,,,,,,,,,,,,,,,,,,,,,,,,,,,,,,,,,,,,T/T,1.223758579252325e-05,,,,,,,,,,,,,,,,,,,,,,,,,,,,,,,,,,,,,,,,,,,,,,,,,,,,,,,,,,,,,,,,,,,,,,,,,,,,,,,,,,,,,,,,,,,,,,,,,,,,,,,,,,,,,,1.0,2.1041710189141457e-06,0.0,0.0999125110411768,1.0,0.0,0.6116922226441509,8.396087790967267e-10,1.0,0.0083483256511095,0.0,1.4869886703720406e-07,1.0,1.0,1.0,1.0,0.0013608493966686,1.0,1.0,0.0,2.7226350478220928e-11,1.0,0.0,1.0,0.0005144833960682,1.0,1.0,1.0,0.0089824178822868,1.0,0.0,0.0,1.2030121486335616e-05,1.0,1.0,0.0,0.0015567422894624,1.0,0.0,1.0,0.9839926228530864,1.0,0.977524536553868,7.221406396076206,0.6321888057259412,7.609307868586933,Y,D,1,1.0,0.0,1.0,1.0,1.0,5.200988328773228,-0.46311383758176006,2.0266317990303335,-5.281915803801951,-0.06693962100811746,-0.16197518858625903,-0.21798781084411845,-0.31302244373171106,-0.20768202452155682,-0.009732374567367953,10.0,51.0,0.0899847757583308,4.305436157259487e-07,-1.0458309612654675,-6.365982845269863,1.0,1.0,0.0,0.0,100.0,0.0,1.0,0.0,13.0,16,0.8125,54.94990451192668,4.917842983631888,0.9618769326268882,-0.3879014725107277,1.0,5.0,0.0,5.0,0.0,1.0,0.0,1.0,0.0,0.6666356502589871,0.0,0.0,0.0,0.0,0.0,0.0,0.0,1.0,0.0,0.0,0.0,1.0,0.0,hydrophobic,neg_charged,hydrophobic_to_neg_charged,0.0,0.0,0.0,0.0,0.0,0.0,1.0,0,0.8405203744084969
VAR_001956,,,,,,,,,,,,,,,,,,,,,,,,,,,,,,,,,,,,,,,,,,,,,,,,,,,,,,,,,,,,,,,,,,,,,,,,,,,,,,,,,,,,,,,,,,,,,,,,,,,,,T/T,T/T,5.910938765032354,2.2297241784836084,-1.3468949790742109,,,,,,,,,,,,,,,,,,,,,,,,,,,,,,,,,,,,,,,,,,,,,,,,,,,,,,,,,,,,,,,,,,,,,,,,,,,,,,,,,,,,,,,T/T,3.3291672252844866e-05,,,,,,,,,,,,,,,,,,,,,,,,,,,,,,,,,,,,,,,,,,,,,,,,,,,,,,,,,,,,,,,,,,,,,,,,,,,,,,,,,,,,,,,,,,,,,,,,,,,,,,,,,,,,,,1.0,0.0001302121380855,1.0,0.0144667663816449,1.0,1.0,0.0,0.0019716058238842,1.0,0.0272759251483844,0.0,1.9067827835281266e-07,1.0,0.0,1.0,0.0,0.0001401087786257,1.0,0.0,0.0,0.041148417944413,1.0,0.0,0.0,0.0035874173472973,1.0,0.0,1.0,1.4001724616531592e-08,1.0,1.0,1.0,0.0004498795719729,1.0,0.0,0.0,0.0012428152850777,1.0,1.0,1.0,0.8305990751171466,1.0,0.9519274806062776,-0.0357087866566202,0.6122600859546572,0.6581326827653252,D,E,0,1.0,1.0,1.0,1.0,0.0,5.6643158463363825,-0.3635464706317266,1.736478000549373,-4.3221555933177545,0.31505194059998054,0.8446961191648181,-1.8654575515033636,1.879512169512367,-0.05584367369882199,0.11398592638800714,0.0,41.0,0.0,,-15.0,-14.698970004336019,0.0,0.0,1.0,0.0,0.0,1.0,0.0,0.0,15.0,16,0.9375,-0.023501119560616103,1.8520068404148247,0.7906700849701697,-0.6938414694219455,1.0,3.0,2.0,1.0,0.0,0.0,0.0,0.0,0.0,0.8215209917795393,0.0,0.0,0.0,0.0,0.0,0.0,0.0,1.0,0.0,0.0,0.0,1.0,0.0,neg_charged,neg_charged,neg_charged_to_neg_charged,0.0,0.0,0.0,0.0,0.0,0.0,0.0,0,0.5732787444558172
