Variant_ID,AL_1,AL_2,AL_3,AL_4,AL_5,AL_6,AL_7,AL_8,AL_9,AL_10,AL_11,AL_12,AL_13,AL_14,AL_15,AL_16,AL_17,AL_18,AL_19,AL_20,AL_21,AL_22,AL_23,AL_24,AL_25,AL_26,CAT_1,AL_27,AL_28,AL_29,AL_30,AL_31,AL_32,AL_33,AL_34,AL_35,AL_36,AL_37,AL_38,AL_39,AL_40,AL_41,AL_42,AL_43,AL_44,AL_45,AL_46,AL_47,AL_48,AL_49,AL_50,AL_51,AL_52,AL_53,AL_54,AL_55,AL_56,AL_57,AL_58,AL_59,AL_60,AL_61,AL_62,AL_63,AL_64,AL_65,AL_66,AL_67,AL_68,AL_69,AL_70,AL_71,AL_72,AL_73,AL_74,AL_75,AL_76,AL_77,AL_78,AL_79,AL_80,AL_81,AL_82,AL_83,AL_84,AL_85,AL_86,AL_87,AL_88,AL_89,AL_90,AL_91,AL_92,AL_93,AL_94,AL_95,CAT_2,AL_96,AL_97,AL_98,CAT_3,CAT_4,EK_1,EK_2,EK_3,AL_99,AL_100,AL_101,AL_102,AL_103,AL_104,AL_105,AL_106,AL_107,AL_108,AL_109,AL_110,AL_111,AL_112,AL_113,AL_114,AL_115,AL_116,AL_117,AL_118,AL_119,AL_120,AL_121,AL_122,AL_123,AL_124,AL_125,AL_126,AL_127,AL_128,AL_129,AL_130,AL_131,AL_132,AL_133,AL_134,AL_135,AL_136,AL_137,AL_138,AL_139,AL_140,AL_141,AL_142,AL_143,AL_144,AL_145,AL_146,AL_147,AL_148,AL_149,AL_150,AL_151,AL_152,AL_153,AL_154,AL_155,AL_156,AL_157,AL_158,AL_159,AL_160,AL_161,AL_162,AL_163,AL_164,AL_165,AL_166,AL_167,AL_168,AL_169,AL_170,AL_171,AL_172,AL_173,AL_174,AL_175,AL_176,AL_177,AL_178,AL_179,AL_180,AL_181,AL_182,AL_183,AL_184,CAT_5,AL_186,AL_187,AL_188,AL_189,AL_190,AL_191,AL_192,AL_193,AL_194,AL_195,AL_196,AL_197,AL_198,AL_199,AL_200,AL_201,AL_202,AL_203,AL_204,AL_205,AL_206,AL_207,AL_208,AL_209,AL_210,AL_211,AL_212,AL_213,AL_214,AL_215,AL_216,AL_217,AL_218,AL_219,AL_220,AL_221,AL_222,CAT_6,AL_223,AL_224,AL_225,AL_226,AL_227,AL_228,AL_229,AL_230,AL_231,AL_232,AL_233,AL_234,AL_235,AL_236,AL_237,AL_238,AL_239,AL_240,AL_241,AL_242,AL_243,AL_244,AL_245,AL_246,AL_247,AL_248,AL_249,AL_250,AL_251,AL_252,AL_253,AL_254,AL_255,AL_256,AL_257,AL_258,AL_259,AL_260,AL_261,AL_262,AL_263,AL_264,AL_265,AL_266,AL_267,AL_268,AL_269,AL_270,AL_271,AL_272,AL_273,AL_274,AL_275,AL_276,AL_277,AL_278,AL_279,AL_280,AL_281,AL_282,AL_283,AL_284,AL_285,AL_286,AL_287,AL_288,AL_289,AL_290,AL_291,AL_292,AL_293,AL_294,AL_295,AL_296,AL_297,AL_298,AL_299,AL_300,AL_301,AL_302,AL_303,AL_304,AL_305,AL_306,AL_307,AL_308,AL_309,AL_310,AL_311,AL_312,AL_313,AL_314,AL_315,AL_316,AL_317,AL_318,AL_319,AL_320,AL_321,AL_322,AL_323,AL_324,AL_325,AL_326,AL_327,AL_328,AL_329,AL_330,AL_331,AL_332,AL_333,AL_334,EK_4,EK_5,EK_6,EK_7,EK_8,EK_9,AA_1,AA_2,Label,miss_AL1_6,miss_AL7_15,miss_AL16_25,miss_AL27_38,miss_EK3,miss_pc1,miss_pc2,miss_pc3,miss_pc4,miss_pc5,miss_pc6,miss_pc7,miss_pc8,miss_pc9,miss_pc10,n_pops,n_nonmiss_AL,max_AF,min_AF_nz,log_max_AF,log_min_AF,BA1_flag,BS1_flag,PM2_flag,BS2_proxy,n_pops_squared,npops_tier_0,npops_tier_10,npops_tier_26,sum_flags,n_valid_flags,frac_flags,EK7xEK9,EK2xEK4,EK4xEK6,EK7_minus_EK9,max_prob_EK,n_EK_path,n_EK_ben,EK_net_evidence,cat1_multipop,cat1_AFR,cat1_NFE,cat1_gnomADe,cat1_gnomADg,cat1_te,cat2_AllofUs_AFR,cat2_AllofUs_AMR,cat2_AllofUs_EAS,cat2_AllofUs_EUR,cat2_AllofUs_MID,cat2_AllofUs_OTH,cat2_AllofUs_SAS,cat2_missing,cat6_has_filter,cat6_segdup,cat6_lcr,geno_consistent,geno_missing,aa1_class,aa2_class,aa_class_change,aa_involves_G,aa_involves_P,aa_involves_C,aa_involves_R,aa_to_special,aa_from_special,aa_class_changed,blosum62_approx,aa_change_te
VAR_000892,0.0009043983860981,0.012540350395833,0.0018759433744308,0.0011004352907735,0.0009000045158941,0.0028686701671459,5.5836011222432135e-05,0.0482829432152456,0.0006637200058846,6.040383144865877e-11,0.0001496375629502,0.0022325339595743,2.3556038418591326e-06,0.0001553594061163,0.0007568372269975,7.373964488032455e-05,4.330800000505417e-05,0.0487503590320898,0.0290157039942785,3.6923474423554602e-09,0.00086877000037,0.0324037459538586,2.63981828158732e-12,0.0134890720482709,0.0007459476613638,0.0027911943008842,SAS,1.0,0.0145509651449814,1.0,0.0001633561626697,0.1982132358548012,1.8278319430673547e-12,0.0,0.0426074799657474,0.0,0.0009045976537359,0.0,0.0027607459233273,0.0,0.0677213807723154,1.0,0.0,0.0010670853264177,1.0,0.365719749203517,7.541824142851432e-06,1.0,1.0,0.011195166879988,0.0,0.0,0.0063041289424258,1.0,1.0,0.0010620948572432,1.0,0.0,1.2589142763321731e-06,1.0,0.0,0.0003126757739249,1.0,1.0,0.0129668904101536,1.0,1.0,1.1467553922316337e-13,0.0,0.0,0.0538044103335292,1.0,1.0,0.0001858480176211,0.0,0.0,0.0033974082933494,1.0,1.0,0.0012032865245287,1.0,1.0,0.0077792009092885,1.0,1.0,0.0006696000001334,1.0,0.0,1.0831570946408578e-06,1.0,0.0,0.002070201279432,1.0,0.0,0.0009675000004189,1.0,AllofUs_SAS,1.0,0.0014117219538289,1.0,C/C,C/C,3.6006569803631137,3.407983003140505,2.3776551975911038,0.0,0.012924914805223,1.0,0.0,0.0005189255585142,1.0,1.0,6.513997857309585e-05,1.0,1.0,2.693267664518181e-07,1.0,1.0,1.257786324764016e-05,1.0,1.0,3.352552403194069e-05,1.0,0.0,0.0218568206286001,1.0,1.0,0.0005077857099714,1.0,1.0,0.0224792411634727,1.0,1.0,4.90590006121412e-05,1.0,1.0,9.322190941256628e-09,1.0,0.0,3.6146632616560392e-06,1.0,0.0,7.130740934836555e-05,1.0,1.0,2.2266001960846263e-10,1.0,1.0,0.0007713627947281,1.0,1.0,0.0036864422672818,1.0,1.0,5.299678368618391e-07,1.0,0.0,0.0097812633672623,1.0,1.0,2.8493533543479973e-08,1.0,0.0,0.0001706269831144,1.0,1.0,9.369002716624724e-06,1.0,1.0,0.0007468594746632,1.0,0.0,0.0221432425061843,1.0,1.0,0.0200657232638507,1.0,0.0,0.0016026698995504,1.0,1.0,0.000115811834631,1.0,1.0,1.9588868638736445e-06,1.0,1.0,3.312354968465798e-05,1.0,0.0,0.0522952867925824,C/C,0.0103119840341602,0.0,0.0085997123629295,0.0,0.0152931089573212,1.0,0.0,1.0,8.99850857668827e-08,1.0,1.0,1.0,1.0,6.63188584485673e-10,1.0,0.0,0.0,0.0001986876458615,1.0,0.0,1.0,0.0009992805662362,1.0,0.0,1.0,3.008894073330087e-07,1.0,0.0,1.0,0.0011757545258951,1.0,0.0,1.0,0.014476453917221,1.0,0.0,0.0,,1.0,0.0002423426599195,1.0,1.223517831929401e-15,1.0,0.0,1.0,7.487431166888359e-06,1.0,0.0,1.0,1.0,0.0202976644524058,1.0,0.0,1.0,0.0003261412792949,1.0,0.0,1.0,0.0001109680687388,1.0,0.0,1.0,2.8122585253826196e-10,1.0,0.0,0.0,0.0013986496512635,1.0,1.0,1.0,0.0013986,1.0,1.0,1.0,1.0,0.0870166238451007,1.0,0.0242517508865422,1.0,1.0,0.0,6.605132256499791e-07,1.0,1.0,1.0,0.0,4.506426451634204e-07,1.0,1.0,0.0,0.000307755728718,1.0,0.0,1.0,4.2088579119244414e-08,1.0,1.0,1.0,0.0005935447216776,1.0,0.0,0.0,0.0016702719470949,1.0,0.0,0.0,0.0025904598893738,1.0,0.0,0.0,1.0,0.0803684861373574,0.0,3.9964124313618304e-05,1.0,0.0,0.5366737430150208,0.0021837255184985,1.0,0.0,1.0,1.4476847445176069e-06,1.0,0.0,1.0,0.0,0.0232001577733985,1.0,1.0,1.0,0.0070919919821537,1.0,1.0,0.0,6.672893481498707e-08,1.0,1.0,1.0,4.137393877066228e-05,1.0,1.0,1.0,0.0007799794166123,1.0,1.0,1.0,0.0007683106505512,1.0,1.0,1.0,0.0076590741301275,0.0145545252986565,0.0197746033144094,0.808092229827343,0.4827669710479367,-0.4213386979216557,P,L,0,0.0,0.0,0.0,0.0,0.0,-9.939737301468613,1.6424272069225767,-0.1529206172059051,0.6463070456984708,-1.168225399097953,-1.7654010083555487,-2.2843854086041286,-0.7466972971602102,0.05380214476563621,-0.049478246439440134,26.0,333.0,0.0487503590320898,2.63981828158732e-12,-1.3120221815022304,-11.578261482177815,0.0,1.0,0.0,1.0,676.0,0.0,0.0,1.0,96.0,103,0.9320388349514563,-0.34048052791606004,0.026101994455267667,0.00015145515267892654,1.2294309277489988,0.0197746033144094,2.0,4.0,-2.0,0.0,0.0,0.0,0.0,0.0,0.49993396506752075,0.0,0.0,0.0,0.0,0.0,0.0,1.0,0.0,0.0,0.0,0.0,1.0,0.0,special,hydrophobic,special_to_hydrophobic,0.0,1.0,0.0,0.0,0.0,1.0,1.0,-3,0.7571847976715484
VAR_004425,,,,,,,,,,,,,,,,,,,,,,,,,,,,,,,,,,,,,,,,,,,,,,,,,,,,,,,,,,,,,,,,,,,,,,,,,,,,,,,,,,,,,,,,,,,,,,,,,,,,,A/A,A/A,4.799634852249361,4.926976565711011,5.069796926374325,,,,,,,,,,,,,,,,,,,,,,,,,,,,,,,,,,,,,,,,,,,,,,,,,,,,,,,,,,,,,,,,,,,,,,,,,,,,,,,,,,,,,,,A/A,,,,,,,,,,,,,,,,,,,,,,,,,,,,,,,,,,,,,,,,,,,,,,,,,,,,,,,,,,,,,,,,,,,,,,,,,,,,,,,,,,,,,,,,,,,,,,,,,,,,,,,,,,,,,,,,,,,,,,,,,,,,,,,,,,,,,,,,,,,,,,,,,,,,,,,0.7282974547824598,0.9577467392292528,1.0,7.418278194423258,0.756,11.05982636865662,L,R,0,1.0,1.0,1.0,1.0,0.0,7.9832658475143266,1.110473819360434,0.7581133467456967,0.8939678506860212,-0.051531957628236036,0.3355656458072709,-0.36501707859039345,0.34222455309622,-0.05071508944522977,-0.11988723048277419,0.0,0.0,0.0,,-15.0,-14.698970004336019,0.0,0.0,1.0,0.0,0.0,1.0,0.0,0.0,0.0,1,0.0,82.04486878471276,3.588304492580154,0.7282974547824598,-3.6415481742333613,1.0,6.0,0.0,6.0,0.0,0.0,0.0,0.0,0.0,0.8215209917795393,0.0,0.0,0.0,0.0,0.0,0.0,0.0,1.0,0.0,0.0,0.0,1.0,0.0,hydrophobic,pos_charged,hydrophobic_to_pos_charged,0.0,0.0,0.0,1.0,0.0,0.0,1.0,0,0.7700678831515665
VAR_004540,,,,,,,,,,,,,,,,,,,,,,,,,,,,,,,,,,,,,,,,,,,,,,,,,,,,,,,,,,,,,,,,,,,,,,,,,,,,,,,,,,,,,,,,,,,,,,,,,,,,,A/A,A/A,5.582708961805055,5.912997199889848,5.783948267655315,,,,,,,,,,,,,,,,,,,,,,,,,,,,,,,,,,,,,,,,,,,,,,,,,,,,,,,,,,,,,,,,,,,,,,,,,,,,,,,,,,,,,,,A/A,,,,,,,,,,,,,,,,,,,,,,,,,,,,,,,,,,,,,,,,,,,,,,,,,,,,,,,,,,,,,,,,,,,,,,,,,,,,,,,,,,,,,,,,,,,,,,,,,,,,,,,,,,,,,,,,,,,,,,,,,,,,,,,,,,,,,,,,,,,,,,,,,,,,,,,0.150297565367578,0.1994336924926329,1.0,4.610406103064717,0.756,11.80788050629348,L,R,1,1.0,1.0,1.0,1.0,0.0,7.9832658475143266,1.110473819360434,0.7581133467456967,0.8939678506860212,-0.051531957628236036,0.3355656458072709,-0.36501707859039345,0.34222455309622,-0.05071508944522977,-0.11988723048277419,0.0,0.0,0.0,,-15.0,-14.698970004336019,0.0,0.0,1.0,0.0,0.0,1.0,0.0,0.0,0.0,1,0.0,54.439124350474366,0.88870908316875,0.150297565367578,-7.197474403228764,1.0,4.0,1.0,3.0,0.0,0.0,0.0,0.0,0.0,0.8215209917795393,0.0,0.0,0.0,0.0,0.0,0.0,0.0,1.0,0.0,0.0,0.0,1.0,0.0,hydrophobic,pos_charged,hydrophobic_to_pos_charged,0.0,0.0,0.0,1.0,0.0,0.0,1.0,0,0.7700678831515665
VAR_003586,,,,,,,5.295600022009934e-05,6.6214358244012525e-19,6.039000000000103e-05,0.0496784347849196,0.0533019595953185,0.0006808581231301,0.0090081994507691,5.961600000000004e-05,0.0002387128143523,4.970466826164887e-05,0.0116623603497698,0.001724979207281,7.126941578955214e-07,0.0022658852985414,0.0041791244361445,0.0172310451676273,0.005479834026386,0.0004257020739695,0.0020572518856409,0.0061227026692561,gnomADg_MID,,,,,,,,,,,,,0.0,3.4570587609996973e-09,1.0,0.0,0.0001653521426646,1.0,0.1747128499220926,7.591351414279778e-06,1.0,0.0,6.902549479924337e-07,1.0,0.0,0.0879445486325299,1.0,1.0,5.394293912961294e-05,1.0,0.0,7.513028952502569e-05,1.0,1.0,0.0079077218853309,1.0,1.0,0.0007541645753631,1.0,0.0,0.0090559849211671,1.0,1.0,1.6438809292334937e-05,1.0,1.0,4.3186741081149886e-05,1.0,1.0,0.0031158330379387,1.0,0.0,0.0531238667489965,1.0,0.0,0.0007675150124864,1.0,1.0,1.246900342244163e-09,1.0,1.0,0.0012200856582794,1.0,0.0,3.016945116868366e-05,1.0,1.0,0.0004597462083675,1.0,AllofUs_EUR,1.0,0.0136801594487636,1.0,T/T,T/T,5.83000444175103,-3.178096813205572,0.0732190566596542,1.0,0.0070839821049002,1.0,1.0,0.0404817603938702,1.0,1.0,0.0032426596972778,1.0,1.0,1.745704211891424e-05,1.0,0.0,5.986505394891152e-05,1.0,1.0,0.0012252937564627,1.0,0.0,7.985700007772307e-06,1.0,1.0,5.375274743151342e-05,1.0,0.0,0.0917918961059489,1.0,1.0,5.230714000634168e-05,1.0,0.0,0.0018884288081987,1.0,1.0,6.022377482903604e-05,1.0,0.0,0.0002385626218928,1.0,0.0,0.0123472181936404,1.0,0.0,0.000854463515872,1.0,0.0,5.926085484198915e-05,1.0,0.0,0.0133266126827085,1.0,0.0,9.503506795438898e-09,1.0,0.0,0.0134526244339594,1.0,0.0,1.3671000000000235e-06,1.0,1.0,4.815000393424588e-06,1.0,1.0,0.0234416729481949,1.0,0.0,0.0012379322513874,1.0,0.0,4.456193790715114e-05,1.0,1.0,4.657415223991805e-05,1.0,0.0,0.0026218565714753,1.0,1.0,0.0020131898607929,1.0,1.0,1.0667421049498906e-05,1.0,1.0,0.0870612023945893,T/T,0.0003130994367758,1.0,0.0075709729851004,1.0,1.8928357844870778e-07,1.0,0.0,1.0,0.016125535497781,1.0,1.0,1.0,0.2473208817861785,7.055261088660912e-11,1.0,1.0,1.0,4.2241986296053015e-10,1.0,1.0,0.0,0.0053881238414797,1.0,0.0,1.0,6.952266985258501e-05,1.0,0.0,1.0,0.0001953767400413,1.0,1.0,0.0,0.0143569638339005,1.0,0.0,1.0,,0.0,4.186581655991859e-05,0.0,1.6481060019330765e-07,1.0,1.0,1.0,0.044362540291087,1.0,1.0,1.0,1.0,5.827062132772363e-05,1.0,1.0,0.0,4.553717340427929e-12,1.0,0.0,0.0,0.0001010606088571,1.0,0.0,0.0,0.0444653517634092,1.0,0.0,0.0,0.0066632382821294,1.0,0.0,1.0,0.0124003025833885,1.0,0.0,1.0,0.0,0.0139989842961832,0.0,3.097508867037315e-07,1.0,0.0,0.0,2.981158825744083e-05,1.0,1.0,1.0,1.0,1.5661711198065417e-12,1.0,0.0,0.0,0.0175440731534981,1.0,0.0,1.0,0.0001897466689235,1.0,0.0,1.0,0.0169260557397668,1.0,0.0,1.0,5.06561356698976e-05,1.0,0.0,0.0,5.847652317425978e-08,1.0,1.0,0.0,0.0,0.0001759213700314,0.0,0.0017298632024615,1.0,1.0,0.0,0.028427852358708,1.0,0.0,0.0,0.0003197017247796,1.0,1.0,1.0,1.0,1.1508768865537e-09,1.0,1.0,1.0,4.4978278168655856e-05,1.0,1.0,0.0,3.593597116483454e-10,1.0,1.0,0.0,0.0267377227095777,1.0,1.0,1.0,0.0003096194896863,0.0,0.0,0.0,0.0001367968080402,1.0,0.0,0.0,0.0314023228802817,0.0719053535988173,0.0161336312560786,0.3228882233753076,-0.7406318864238166,0.236181549017969,L,R,0,1.0,0.0,0.0,1.0,0.0,-9.664425758298718,1.3499860969377946,-0.12602191691733247,0.37741946761678713,-0.3605297514815905,0.1824212032362198,0.9587085413505725,0.7733978267010226,-0.6324834664635439,-0.07939666817866306,20.0,315.0,0.0533019595953185,6.6214358244012525e-19,-1.2732568242606703,-14.999712529858673,1.0,1.0,0.0,1.0,400.0,0.0,0.0,0.0,88.0,103,0.8543689320388349,0.07626024075644014,-0.09979962227307568,0.0005066334979347849,0.08670667435733859,0.0719053535988173,0.0,5.0,-5.0,0.0,0.0,0.0,0.0,1.0,0.5599181166837257,0.0,0.0,0.0,1.0,0.0,0.0,0.0,0.0,0.0,0.0,0.0,1.0,0.0,hydrophobic,pos_charged,hydrophobic_to_pos_charged,0.0,0.0,0.0,1.0,0.0,0.0,1.0,0,0.7700678831515665
VAR_003658,,,,,,,0.0353343002759679,7.190362196362246e-10,1.0127076320581184e-05,1.6926054855133515e-06,1.1512103376222482e-06,0.007746451072187,0.0043352230076805,0.0144308360510566,0.0003277720175375,,,,,,,,,,,0.0010398523189233,gnomADe_NFE,,,,,,,,,,,,,1.0,7.305476031641792e-06,1.0,1.0,0.0975126439715586,1.0,1.0,2.084713880081494e-06,1.0,0.0,0.0142315091651034,1.0,1.0,0.0551049382731543,1.0,0.0,3.210845846546954e-05,1.0,1.0,3.5356516279857137e-10,1.0,1.0,0.0245957677974444,1.0,1.0,9.23643941282038e-11,1.0,0.0,0.0001274214073171,1.0,1.0,0.0118619039772076,1.0,0.0,0.0001221664522967,1.0,1.0,2.839838259722337e-09,1.0,1.0,0.001584079192036,1.0,1.0,0.0056107261014133,1.0,1.0,0.0373291159628187,0.0,1.0,1.5216683588579154e-05,1.0,0.0,0.0104419097213645,1.0,1.0,0.0001184299666955,1.0,AllofUs_EUR,0.0,0.0389773029747214,1.0,G/G,G/G,5.670439140985685,5.215234681419561,5.643075394093728,1.0,0.0157237651145113,1.0,0.0,0.05010477574098,1.0,0.0,1.913318018957289e-07,1.0,1.0,6.233478347556403e-08,1.0,0.0,0.0005151232931087,1.0,1.0,1.08985949954497e-05,1.0,0.0,2.406111554778985e-09,1.0,1.0,5.025100120518292e-06,1.0,1.0,0.0048605574316243,1.0,0.0,1.2945292982865829e-08,1.0,0.0,2.3700629771097004e-15,1.0,0.0,5.014258157150816e-05,1.0,1.0,8.119815432683673e-05,1.0,0.0,0.0115339897318383,1.0,1.0,8.008966716449553e-20,1.0,0.0,1.697947043648116e-05,1.0,1.0,0.0802330839189639,1.0,1.0,4.5557233264304985e-08,1.0,0.0,2.0127824947498926e-09,1.0,0.0,1.442469685737602e-05,1.0,1.0,2.292651492622952e-05,1.0,0.0,0.0234694836347573,1.0,1.0,2.302641488952397e-05,1.0,0.0,5.96859377427382e-06,1.0,0.0,1.712902966348728e-36,1.0,1.0,3.887889348375528e-07,1.0,1.0,0.0151189544421877,1.0,1.0,1.226514265908516e-09,1.0,0.0,0.000967141155823,G/G,0.0046966567339926,1.0,0.0022615839588338,1.0,0.0002336253934266,1.0,0.0,0.0,5.070660013730107e-05,1.0,0.0,1.0,1.0,0.0017461968858139,1.0,0.0,0.0,2.0150826413030712e-10,1.0,0.0,0.0,0.0186168890866288,1.0,1.0,0.0,4.0854765488587815e-09,1.0,0.0,,,,,1.0,1.5381077558638459e-10,1.0,1.0,0.0,,1.0,0.0100096517308092,0.0,2.4090892323350376e-10,1.0,0.0,0.0,4.0095222112210325e-07,1.0,1.0,1.0,0.0,0.0006580475923255,1.0,0.0,1.0,0.0283592581773699,1.0,0.0,0.0,0.002039657652106,1.0,0.0,1.0,9.229337950682242e-05,1.0,0.0,1.0,1.1336609196919894e-05,1.0,1.0,1.0,0.0005471464408733,1.0,0.0,1.0,1.0,8.65116953435806e-06,1.0,2.3698993847097596e-09,1.0,0.0,0.0,2.7392957736120092e-11,1.0,1.0,1.0,1.0,0.0183385705509293,1.0,1.0,0.0,6.0489245609571794e-05,1.0,0.0,1.0,1.2723853360008788e-14,1.0,1.0,1.0,0.0077321346222373,1.0,0.0,1.0,0.0012125504262092,1.0,1.0,0.0,2.9776970483268254e-14,1.0,1.0,0.0,1.0,0.0249467584489245,1.0,2.862461789430006e-09,1.0,0.0,1.0,7.19587965480086e-08,1.0,0.0,1.0,0.0055780690877433,1.0,1.0,1.0,0.0,2.2799441481178868e-14,1.0,0.0,0.0,6.675511255866304e-07,1.0,0.0,1.0,0.0029353614150913,1.0,1.0,0.0,1.2714192044202251e-06,1.0,1.0,0.0,1.5372749521996146e-06,1.0,0.0,1.0,0.0190411531787062,1.0,1.0,0.0,0.9833577465476574,0.9131299339839256,0.9893748947334003,9.45361332716292,0.6439678162190767,11.934,W,C,1,1.0,0.0,1.0,1.0,0.0,-9.06839317944489,0.9134766674799698,0.1041249033420596,0.19390608033069268,0.8479297032191715,2.4487858084201903,0.34742675761372643,-1.007087111772419,0.8832681455194079,-0.7898051223613328,10.0,301.0,0.0353343002759679,7.190362196362246e-10,-1.4518035045839968,-9.143248628581976,0.0,1.0,0.0,0.0,100.0,0.0,1.0,0.0,90.0,102,0.8823529411764706,112.81942144636227,5.12844142403793,0.9729094669758623,-2.4803866728370796,0.9893748947334003,6.0,0.0,6.0,0.0,0.0,1.0,1.0,0.0,0.8264378219714592,0.0,0.0,0.0,1.0,0.0,0.0,0.0,0.0,0.0,0.0,0.0,1.0,0.0,hydrophobic,hydrophobic,hydrophobic_to_hydrophobic,0.0,0.0,1.0,0.0,0.0,0.0,0.0,0,0.8641469856072381
VAR_003676,0.0069439143152478,5.2657527826250895e-05,0.0012600175997406,3.837448151761445e-06,0.0018000027575903,0.0002159693145813,0.0035303297924905,0.0007409284331111,0.0001328547936749,0.0768274201728573,1.725192839790749e-07,0.0015730045116194,0.0042668742010787,0.0030869240091006,3.1458696046897395e-08,0.0023117805721275,0.0007796738727318,1.328945299960115e-07,0.0004860108713662,0.0005137237600018,0.0136092365980469,0.00195714101322,0.003730593796375,0.0008531100000014,0.0447331785439261,0.0041860214708898,gnomADe_NFE,0.7840990535045567,0.0005391373802411,0.0,0.0014086982536714,1.0,0.0211650393612993,0.0,0.0137402190223097,0.0,0.0099397767600809,1.0,5.256228655504972e-06,1.0,0.0008026685358801,1.0,0.0,0.0008343634116192,1.0,0.0,0.000837622496405,1.0,1.0,0.0033469556868825,1.0,1.0,0.0187294845815089,1.0,1.0,0.0033708934426902,1.0,1.0,0.00200053870001,1.0,1.0,0.0005909403485972,1.0,0.5225766847405993,0.0031590591704512,1.0,0.0,3.387946503486364e-13,1.0,1.0,0.0003529229461108,1.0,1.0,0.0029042584404059,1.0,1.0,0.0005839208330221,1.0,0.0,0.0522925559992601,1.0,1.0,0.0002889690270871,1.0,1.0,1.4625983750672755e-06,1.0,1.0,0.0204976794502152,1.0,1.0,0.0008234451363281,1.0,1.0,0.0046533008732526,1.0,AllofUs_EUR,0.0,0.0008129424265574,0.0,G/G,G/G,5.450533800743773,-7.531509114868462,-6.4819075823378505,0.0,0.0199133879407876,1.0,1.0,0.0030516339849321,1.0,0.0,0.0041323562431417,1.0,0.0,0.0006136580833583,1.0,1.0,0.0044066259672949,1.0,1.0,0.0027225278705965,1.0,0.0,0.0001682186462414,1.0,1.0,0.012871287118495,1.0,1.0,0.0003579662684312,1.0,1.0,0.0160736068103535,1.0,1.0,0.0029817483736252,1.0,1.0,0.0045018316211387,1.0,0.0,0.0004706100000559,1.0,1.0,0.0001350061145544,1.0,1.0,0.0003396488916509,1.0,1.0,0.0035665327482414,1.0,0.0,0.0009756003526758,1.0,1.0,0.0040288241185917,1.0,0.0,0.0003856801723339,1.0,0.0,0.0006039348945046,1.0,1.0,0.0017403541577386,1.0,0.0,6.918864770837065e-05,1.0,0.0,0.0001124635893205,1.0,1.0,0.00029286,1.0,0.0,0.0278794297138056,1.0,1.0,0.0177317641905799,1.0,1.0,0.0011797270054457,1.0,1.0,0.0004815382121547,1.0,1.0,0.0021433872525515,G/G,0.0047016429801483,1.0,0.0019495800000005,0.0,0.0006337506006876,1.0,0.0,0.0,0.0041637244351685,1.0,0.0,1.0,0.0,4.5142222075132173e-10,1.0,1.0,1.0,0.0001704862500122,1.0,0.0,0.2189590244459367,0.0536157964918894,1.0,0.0,0.0,0.0170013802891853,1.0,0.0,1.0,0.0042510208205517,1.0,0.0,1.0,0.005009123051985,1.0,1.0,1.0,,0.0,0.0018392587108972,0.0,0.0013656814627648,1.0,0.0,0.0,0.0001765160669763,1.0,1.0,1.0,1.0,0.0001881666,1.0,0.0,1.0,0.0734604620882185,1.0,1.0,0.0,0.006060475998315,1.0,1.0,1.0,0.0037084349938404,1.0,1.0,0.0,0.0239311222673412,1.0,0.0,0.0,0.0020357091778594,1.0,0.0,0.0,1.0,0.0018678545689011,1.0,0.0010871401907293,1.0,1.0,0.0,0.0011780351332448,1.0,0.0,1.0,1.0,0.0002925820678483,1.0,0.0,1.0,8.694761510288794e-06,1.0,0.0,0.0,0.0012422649527989,1.0,0.0,1.0,0.0123715031801415,1.0,0.0,1.0,0.0062548147350308,1.0,0.0,0.0,7.33782173819282e-23,1.0,1.0,1.0,1.0,0.0032104810962384,1.0,0.0034474484339756,1.0,1.0,1.0,0.0346935530474894,1.0,0.8907790051073036,1.0,0.000233599217774,1.0,1.0,1.0,0.0,7.735713672642724e-05,1.0,1.0,0.0,0.0008383973436174,1.0,0.0,0.0,0.0016163283666285,1.0,1.0,1.0,0.004158999002228,1.0,1.0,1.0,0.004158999,1.0,0.0,1.0,0.0750453110080903,1.0,0.9002614725518251,1.0,0.0503116568942332,0.7420752446801073,0.0308552664106115,-0.0010796967512117,0.7040934450798824,-0.4471069790330908,V,I,0,0.0,0.0,0.0,0.0,0.0,-9.939737301468613,1.6424272069225767,-0.1529206172059051,0.6463070456984708,-1.168225399097953,-1.7654010083555487,-2.2843854086041286,-0.7466972971602102,0.05380214476563621,-0.049478246439440134,26.0,333.0,0.0768274201728573,3.1458696046897395e-08,-1.11448374996306,-7.502259268904752,1.0,1.0,0.0,1.0,676.0,0.0,0.0,1.0,96.0,103,0.9320388349514563,0.00048273995270610583,-0.37892270248305204,0.0015523795770308441,0.4460272822818791,0.7420752446801073,0.0,5.0,-5.0,0.0,0.0,1.0,1.0,0.0,0.8264378219714592,0.0,0.0,0.0,1.0,0.0,0.0,0.0,0.0,0.0,0.0,0.0,1.0,0.0,hydrophobic,hydrophobic,hydrophobic_to_hydrophobic,0.0,0.0,0.0,0.0,0.0,0.0,0.0,0,0.44787401910610714
VAR_001101,,,,,,,,,,,,,,,,,,,,,,,,,,,,,,,,,,,,,,,,0.0,7.1166952428405805e-22,1.0,1.0,0.0001801973133618,1.0,0.1116551845953674,0.0600920061380156,1.0,1.0,1.0218454761359952e-14,1.0,1.0,3.48388808910739e-07,1.0,1.0,9.103687139119434e-05,1.0,0.0,3.985915134227528e-06,1.0,1.0,1.131610010852476e-05,1.0,1.0,1.2276466519998952e-10,1.0,1.0,0.0007134742755403,1.0,0.0,0.0036136995014541,1.0,1.0,0.0032581536519476,1.0,,,,,,,,,,,,,,,,,,,,,,,,,,A/A,A/A,5.524254098094623,5.88798590791337,,,,,,,,,,,,,,,,,,,,,,,,,,,,,,,,,,,,,,,,,,,,,,,,,,,,,,,,,,,,,,,,,,,,,,,,,,,,,,,,,,,,,,,,A/A,1.0990681708906317e-05,,,,,,,,,,,,,,,,,,,,,,,,,,,,,,,,,,,,,,,,,,,,,,,,,,,,,,,,,,,,,,,,,,,,,,,,,,,,,,,,,,,,,,,,,,,,,,,,,,,,,,,,,,,,,,,,,,,,,,,,,,,,,,,,,,,,,,,,,,,,,,,,,,,,,,0.980561319703994,0.9798404568219348,0.9642872137732024,9.450676112792292,0.756,11.439822717003048,T,P,1,1.0,1.0,1.0,1.0,1.0,6.147769942863638,1.4081293109136799,-4.749743257272088,0.4409255166224544,1.4775743369369598,0.3695469617660543,-0.35331671701819856,-0.09861107761164689,0.018680080668202453,0.36494332470953644,0.0,37.0,0.0,,-15.0,-14.698970004336019,0.0,0.0,1.0,0.0,0.0,1.0,0.0,0.0,8.0,8,1.0,108.11405928615933,5.773531232262053,0.9455427429111386,-1.989146604210756,0.980561319703994,5.0,0.0,5.0,0.0,0.0,0.0,0.0,0.0,0.8215209917795393,0.0,0.0,0.0,0.0,0.0,0.0,0.0,1.0,0.0,0.0,0.0,1.0,0.0,polar,special,polar_to_special,0.0,1.0,0.0,0.0,1.0,0.0,1.0,0,0.8165984305697714
VAR_003563,,,,,,,0.011862018141074,9.520801570564646e-12,2.047528217715004e-05,8.220568364186248e-05,2.6589965549081967e-09,0.0008753878329761,6.827347285490472e-05,6.047363697519492e-05,8.537786575073442e-17,1.773900027545766e-05,2.2058473418626463e-05,5.0203424525396504e-23,8.726749518363372e-06,4.308186599978627e-06,0.0168941838543936,0.0004984814272254,2.646001963879483e-05,0.0028484318676753,0.0012067047141553,6.827916936269908e-05,gnomADe_NFE,,,,,,,,,,,,,1.0,0.0598070476287153,1.0,1.0,1.8160911927925435e-11,1.0,0.2576906671681028,0.0006219316956975,1.0,1.0,0.0037158171277769,1.0,1.0,0.0345754240368028,1.0,1.0,0.0040207501383006,1.0,0.0,2.199127591155177e-06,1.0,0.0,6.3050281104096775e-09,1.0,0.0,0.0036834091209585,1.0,1.0,6.16823082816598e-05,0.0,0.0,0.0005639739108087,1.0,1.0,0.0001031821831041,1.0,0.0,0.0002947155147629,1.0,1.0,0.0002175348341314,1.0,1.0,1.1259e-05,1.0,1.0,3.952185899117244e-06,1.0,0.0,0.0123049057782272,1.0,0.0,0.00998183048664,0.0,1.0,0.0269395766576513,1.0,AllofUs_EUR,1.0,0.0074661615688827,1.0,A/A,A/A,5.247038805740941,3.021961683600617,2.751247824242267,1.0,0.0003742889589692,1.0,1.0,4.544100024171388e-05,1.0,0.0,0.0007605759727392,1.0,0.0,1.574666731519621e-05,1.0,0.0,8.213116287663787e-05,1.0,1.0,1.4823508545309974e-05,1.0,0.0,4.646501436015205e-11,1.0,0.0,0.0008006866105403,1.0,1.0,0.0003684758608311,1.0,1.0,2.2236904061264568e-08,1.0,1.0,0.0050329763284985,1.0,1.0,0.0024122451493281,1.0,0.0,0.0021272855526324,1.0,1.0,4.022897363419823e-07,1.0,0.0,1.2293079184520854e-05,1.0,1.0,0.0171720709191756,1.0,0.6643716249809174,2.264645422367258e-05,1.0,1.0,1.42021938335515e-05,1.0,0.0,0.0005581629843547,1.0,0.0,0.0194650501936129,1.0,1.0,0.0013913627246215,1.0,1.0,8.22181180859967e-06,1.0,0.0,0.0001205313895635,1.0,0.0,0.0002765699242731,1.0,1.0,0.0001436383720188,1.0,1.0,1.106100008477956e-05,1.0,0.0,6.368638780078943e-06,1.0,1.0,0.0002392730572223,1.0,1.0,2.167477853638995e-05,A/A,0.0037331002614851,1.0,0.0738521499392627,0.0,6.438295437146231e-19,1.0,1.0,1.0,4.884323374028601e-12,1.0,1.0,1.0,0.0,2.65618799977622e-13,1.0,0.0,1.0,4.718352634468497e-06,1.0,0.0,1.0,1.84459395348688e-08,1.0,1.0,1.0,8.560096161209695e-05,1.0,1.0,1.0,0.0010542968673547,1.0,0.0,1.0,0.0277973250091688,1.0,0.0,1.0,,0.0,4.580220271635551e-05,1.0,1.122667248002577e-05,1.0,1.0,0.0,0.0011581658418869,1.0,1.0,1.0,1.0,1.377291422512152e-05,1.0,0.0,0.0,0.0161511652672965,1.0,1.0,0.0,0.0065727530344163,1.0,0.0,1.0,6.430954859073409e-05,1.0,1.0,1.0,0.0002082686899994,1.0,0.0,0.0,9.146693764808214e-15,1.0,0.0,1.0,1.0,5.042409936584638e-05,0.0,9.453866039958462e-15,1.0,0.0,1.0,2.611497610313792e-05,1.0,1.0,1.0,0.0,0.0045852034981863,1.0,0.0,0.0,0.024525315858406,1.0,1.0,0.0,7.559736173682775e-05,1.0,0.0,1.0,0.0065756903461086,1.0,1.0,0.0,0.0002316124888527,1.0,1.0,1.0,0.0124858401831981,1.0,0.0,0.0,0.0,0.0461529644699983,1.0,1.5710438175474325e-05,1.0,1.0,0.0,0.0002902723834019,1.0,0.0,1.0,4.7512828844524605e-05,1.0,1.0,1.0,0.0,1.76419347901114e-07,1.0,1.0,0.0,0.0010548219610488,1.0,1.0,0.0,4.409651776155685e-12,1.0,1.0,1.0,0.0264123497546269,1.0,0.0,1.0,0.0517000359483739,1.0,0.0,1.0,0.0161182121226571,1.0,1.0,1.0,1.0,0.8724575869803749,0.976797311338216,3.169144995567341,0.756,3.4859332021498632,K,R,0,1.0,0.0,0.0,1.0,0.0,-9.664425758298718,1.3499860969377946,-0.12602191691733247,0.37741946761678713,-0.3605297514815905,0.1824212032362198,0.9587085413505725,0.7733978267010226,-0.6324834664635439,-0.07939666817866306,20.0,315.0,0.0168941838543936,5.0203424525396504e-23,-1.7722627838295564,-14.99999997819693,0.0,1.0,0.0,1.0,400.0,0.0,0.0,0.0,94.0,103,0.912621359223301,11.047427762475277,3.021961683600617,0.976797311338216,-0.31678820658252205,1.0,4.0,0.0,4.0,0.0,0.0,1.0,1.0,0.0,0.8264378219714592,0.0,0.0,0.0,1.0,0.0,0.0,0.0,0.0,0.0,0.0,0.0,1.0,0.0,pos_charged,pos_charged,pos_charged_to_pos_charged,0.0,0.0,0.0,1.0,0.0,0.0,0.0,0,0.6490509795471278
VAR_001083,,,,,,,4.4846158083377145e-06,0.0021959773481329,1.815770609362316e-05,0.0001141007213709,0.0419766654993016,0.0191491052404683,0.000163937179781,2.616878608284792e-19,2.540187796976133e-05,,,,,,,,,,,1.043165015237504e-05,gnomADe_SAS,,,,,,,,,,,,,,,,,,,,,,,,,,,,,,,,,,,,,,,,,,,,,,,,,,,,,,,,,,,,,,,,,,,,,,,,,,A/A,A/A,5.379964271717785,5.161934081165762,,,,,,,,,,,,,,,,,,,,,,,,,,,,,,,,,,,,,,,,,,,,,,,,,,,,,,,,,,,,,,,,,,,,,,,,,,,,,,,,,,,,,,,,A/A,0.0214707114085656,,,,,,,,,,,,,,,,,,,,,,,,,,,,,,,,,,,,,,,,,,,,,,,,,,,,,,,,,,,,,,,,,,,,,,,,,,,,,,,,,,,,,,,,,,,,,,,,,,,,,,,,,,,,,,1.0,6.097051479945631e-06,0.0,0.0009487765584732,1.0,0.0,0.0,7.305145184819079e-07,1.0,0.0,0.0,7.213618373610465e-05,1.0,0.0,1.0,0.0,8.810025550502892e-07,1.0,0.0,1.0,1.407962855454612e-06,1.0,1.0,1.0,0.0033646095583321,1.0,1.0,1.0,9.133309755990673e-08,1.0,0.0,1.0,0.0210485898120187,1.0,1.0,0.0,8.489220626776021e-05,1.0,1.0,1.0,0.9862924067144738,1.0,1.0,7.20483974131661,0.5402704635864933,11.213562389147311,I,L,0,1.0,0.0,1.0,1.0,1.0,5.200988328773228,-0.46311383758176006,2.0266317990303335,-5.281915803801951,-0.06693962100811746,-0.16197518858625903,-0.21798781084411845,-0.31302244373171106,-0.20768202452155682,-0.009732374567367953,10.0,51.0,0.0419766654993016,2.616878608284792e-19,-1.3769920634375112,-14.999886365273827,0.0,1.0,0.0,0.0,100.0,0.0,1.0,0.0,14.0,16,0.875,80.79191994306177,5.091176388214445,0.9862924067144738,-4.008722647830702,1.0,5.0,0.0,5.0,0.0,0.0,0.0,1.0,0.0,0.7328486700971664,0.0,0.0,0.0,0.0,0.0,0.0,0.0,1.0,0.0,0.0,0.0,1.0,0.0,hydrophobic,hydrophobic,hydrophobic_to_hydrophobic,0.0,0.0,0.0,0.0,0.0,0.0,0.0,0,0.563997585491956
VAR_004669,,,,,,,0.0030108307481278,0.0026654533907216,2.636604428768532e-13,3.1861627038223406e-05,4.536012425634882e-05,0.0001496458675818,0.00017163,0.00038745,0.0008045060249836,0.0004800733694223,8.691300125491686e-05,3.467027191185811e-05,9.706406155573715e-06,0.0516202687830971,9.033751949735723e-06,3.843556052201587e-05,0.00030429,0.0008292409646368,0.0063868924997614,0.0003893788090719,gnomADe_REMAINING,,,,,,,,,,,,,,,,,,,,,,,,,,,,,,,,,,,,,,,,,,,,,,,,,,,,,,,,,,,,,,,,,,,,,,,,,,,,,,,,,,,,,,,,,,,,,,,,,,,,,,,,,,,,,,,,,,,,,,,,,,,,,,,,,,,,,,,,,,,,,,,,,,,,,,,,,,,,,,,,,,,,,,,,,,,,,,,,,,,,,,,,,,,,,,,,,,,,,,,,,,,,,,,,,,,,,,,,,,,,,,,,,,,,,,,,,,,,,,,,,,,,,,,,,,,,,,,,,,,,,,,,,,,,,,,,,,,,,,,,,,,,,,,,,,,,,,,,,,,,,,,,,,,,,,,,,,,,,,,,,,,,0,1.0,0.0,0.0,1.0,1.0,7.10300782106796,1.2653464072638068,0.7820626855562817,0.016235266430623785,-1.5555682239007507,-2.743622614435031,2.1290436390941627,-0.10143360293381809,0.10382736926240113,0.18670915272869912,20.0,20.0,0.0516202687830971,2.636604428768532e-13,-1.287179738445532,-12.57731096509869,1.0,1.0,0.0,1.0,400.0,0.0,0.0,0.0,0.0,1,0.0,,,,,,0.0,0.0,0.0,0.0,0.0,0.0,1.0,0.0,0.686920920297272,0.0,0.0,0.0,0.0,0.0,0.0,0.0,1.0,0.0,0.0,0.0,0.0,0.0,unknown,unknown,unknown_to_unknown,0.0,0.0,0.0,0.0,0.0,0.0,0.0,0,0.7331968611395429
VAR_004606,,,,,,,8.895485449333164e-05,6.863638087443934e-05,0.0615238649467617,3.5397940030931466e-05,2.267140626353736e-05,1.5672839059631006e-13,0.0001546487404544,0.0014809596653998,5.246197472255292e-05,0.0016359726777858,4.679460200252763e-05,0.0005673322818572,0.003358801906043,3.421114644087307e-05,0.0001709945943944,2.6161562167220922e-14,0.0132070513740582,0.0111176822290483,5.162748820385073e-05,0.0033588000000892,gnomADg_AMR,,,,,,,,,,,,,1.0,0.0017569663998941,1.0,1.0,7.009291394003542e-05,1.0,0.0,0.0591901516631279,1.0,0.0,2.6525351543738383e-06,1.0,0.0,8.485442498354428e-09,1.0,0.0,0.0052150704657445,1.0,1.0,5.526560557708924e-07,1.0,0.0,1.4291339680188226e-05,1.0,1.0,2.038660966656556e-08,1.0,0.0,3.242221470504335e-14,1.0,1.0,1.5821510172807503e-05,1.0,0.0,4.8606821760999913e-05,1.0,1.0,1.5475710855862854e-15,0.0,0.0,5.02702427741002e-05,1.0,0.0,0.000146701410507,1.0,0.0,2.3793237811670395e-10,1.0,0.0,0.0027869520376944,1.0,1.0,0.0001203498672629,1.0,1.0,0.0024308689785589,0.0,AllofUs_MID,1.0,0.0002930011206214,1.0,C/C,C/C,4.629634736066085,0.4075658861536463,-5.762480609201964,1.0,0.0557565542621642,1.0,1.0,0.0008530795899141,1.0,0.0,1.0734473268271208e-07,1.0,0.0,2.026365499052741e-05,1.0,0.0,0.0008204991898914,1.0,1.0,4.620676969333903e-05,1.0,0.0,5.150735940829557e-05,1.0,0.0,7.487061872494775e-05,1.0,0.0,0.00013626,1.0,1.0,2.431800000000042e-05,1.0,1.0,0.0041478627962698,1.0,0.0,0.049381322852024,1.0,1.0,2.1874375555333947e-05,1.0,1.0,0.0522443602876551,1.0,0.0,0.0068768722951446,1.0,1.0,0.000406846989169,1.0,0.0,0.0321830386571412,1.0,1.0,0.000251190017754,1.0,0.0,7.442029753376468e-05,1.0,0.0,2.4393145071445483e-05,1.0,1.0,0.0056155205566105,1.0,0.0,2.37657614948472e-05,1.0,0.0,3.527100057347514e-05,1.0,1.0,0.0129347605382264,1.0,0.0,0.0215314291778656,1.0,0.0,4.4711315171397145e-05,1.0,0.0,0.001771287937301,1.0,1.0,9.62588922376294e-06,1.0,1.0,0.0004386391878566,C/C,0.0022938562344437,1.0,0.0006616083171834,1.0,4.73984999849807e-12,1.0,1.0,1.0,0.0009365054742726,1.0,0.0,1.0,1.0,1.0452399389088833e-07,1.0,0.0,0.0,9.990076524323658e-05,1.0,1.0,1.0,6.726498942905903e-09,1.0,0.0,0.0,4.2588068938104485e-05,1.0,0.0,1.0,0.0008487938985964,1.0,0.0,1.0,0.0029459155217976,1.0,1.0,1.0,,0.0,0.0002081100990823,1.0,0.0476336932801895,1.0,1.0,1.0,0.0009002419684461,1.0,0.0,1.0,0.0,1.599435312771852e-07,1.0,0.0,1.0,0.0135849645662251,1.0,0.0,1.0,4.738309668726986e-06,1.0,1.0,0.0,0.0014579649187286,1.0,1.0,1.0,0.0009002470337602,1.0,0.0,1.0,0.0054533964486907,1.0,1.0,0.0,1.0,0.0001179261,1.0,2.619972327622924e-10,1.0,1.0,0.0,0.0367162706236394,1.0,0.0,1.0,0.0,3.0468045663711753e-31,1.0,0.0,0.0,6.728901036009416e-05,1.0,0.0,1.0,1.1488088912337979e-10,1.0,0.0,0.0,0.0041600255125498,1.0,0.0,0.0,0.0070602525464668,1.0,0.0,0.0,0.0171344992061738,1.0,1.0,0.0,1.0,0.0176639590589573,1.0,0.000348425227754,1.0,1.0,0.1581538044064019,3.343945918974636e-05,1.0,0.3786186886885609,1.0,0.004606817291975,1.0,0.0,1.0,1.0,0.0034598031756891,1.0,1.0,1.0,0.0002925122851135,1.0,1.0,0.0,0.0180396550420923,1.0,1.0,1.0,4.654206174894273e-05,1.0,1.0,0.0,0.0141103970416962,1.0,1.0,0.0,0.0044472196852392,1.0,1.0,1.0,0.0,0.527012226747632,0.0502736439678389,-0.0535425308955235,-2.650379538211759,0.0127039068609668,V,I,0,1.0,0.0,0.0,1.0,0.0,-9.664425758298718,1.3499860969377946,-0.12602191691733247,0.37741946761678713,-0.3605297514815905,0.1824212032362198,0.9587085413505725,0.7733978267010226,-0.6324834664635439,-0.07939666817866306,20.0,315.0,0.0615238649467617,2.6161562167220922e-14,-1.210956389846286,-13.566045255706204,1.0,1.0,0.0,1.0,400.0,0.0,0.0,0.0,89.0,103,0.8640776699029126,-0.0006801993255971679,0.0,0.0,-0.0662464377564903,0.527012226747632,1.0,4.0,-3.0,0.0,0.0,0.0,0.0,1.0,0.6363222811533968,0.0,0.0,0.0,0.0,1.0,0.0,0.0,0.0,0.0,0.0,0.0,1.0,0.0,hydrophobic,hydrophobic,hydrophobic_to_hydrophobic,0.0,0.0,0.0,0.0,0.0,0.0,0.0,0,0.44787401910610714
VAR_004521,,,,,,,,,,,,,,,,,,,,,,,,,,,,,,,,,,,,,,,,1.0,0.0005490616021161,1.0,1.0,3.5924520428151715e-05,1.0,1.0,0.0007060855816688,1.0,0.0,1.7606696237371284e-12,0.0,0.0,1.0505605250668451e-16,1.0,0.0,0.0136103804779321,1.0,0.0,0.0037738285358082,1.0,0.0,0.0120603069067349,1.0,0.0,0.0045625266299191,1.0,0.0,0.0003502473642535,1.0,1.0,0.0003929546152606,0.0,1.0,0.0001202537406869,1.0,,,,,,,,,,,,,,,,,,,,,,,,,,./.,./.,5.265744428362628,4.031578285810623,3.029633127542969,,,,,,,,,,,,,,,,,,,,,,,,,,,,,,,,,,,,,,,,,,,,,,,,,,,,,,,,,,,,,,,,,,,,,,,,,,,,,,,,,,,,,,,./.,0.0096970565767671,,,,,,,,,,,,,,,,,,,,,,,,,,,,,,,,,,,,,,,,,,,,,,,,,,,,,,,,,,,,,,,,,,,,,,,,,,,,,,,,,,,,,,,,,,,,,,,,,,,,,,,,,,,,,,,,,,,,,,,,,,,,,,,,,,,,,,,,,,,,,,,,,,,,,,0.9750187987634584,1.0,0.9697932210148852,5.3419755170895495,0.705019211007909,8.05218321187814,L,P,1,1.0,1.0,1.0,1.0,0.0,6.147769942863638,1.4081293109136799,-4.749743257272088,0.4409255166224544,1.4775743369369598,0.3695469617660543,-0.35331671701819856,-0.09861107761164689,0.018680080668202453,0.36494332470953644,0.0,37.0,0.0,,-15.0,-14.698970004336019,0.0,0.0,1.0,0.0,0.0,1.0,0.0,0.0,7.0,8,0.875,43.014565576972515,3.9308646173519164,0.9455666214028785,-2.71020769478859,1.0,6.0,0.0,6.0,0.0,0.0,0.0,0.0,0.0,0.8215209917795393,0.0,0.0,0.0,0.0,0.0,0.0,0.0,1.0,0.0,0.0,0.0,1.0,1.0,hydrophobic,special,hydrophobic_to_special,0.0,1.0,0.0,0.0,1.0,0.0,1.0,-3,0.8744937483693579
VAR_001074,,,,,,,,,,,,,,,,,,,,,,,,,,,,,,,,,,,,,,,,1.0,0.0010885950724466,1.0,0.0,1.9437790935834982e-14,1.0,0.0,0.0183805925869617,1.0,1.0,7.998164433062967e-05,1.0,1.0,2.1542604594310285e-11,1.0,0.0,0.0001885359842157,1.0,0.0,0.0001687222180939,1.0,0.0,1.4973427090002129e-21,1.0,1.0,0.0008577183591967,1.0,1.0,0.0003998493951073,1.0,1.0,1.514203652419924e-07,1.0,1.0,0.0876112583111394,1.0,,,,,,,,,,,,,,,,,,,,,,,,,,T/T,T/T,5.520249290150531,5.451650393686822,4.929035801886185,,,,,,,,,,,,,,,,,,,,,,,,,,,,,,,,,,,,,,,,,,,,,,,,,,,,,,,,,,,,,,,,,,,,,,,,,,,,,,,,,,,,,,,T/T,1.5147220446122184e-09,,,,,,,,,,,,,,,,,,,,,,,,,,,,,,,,,,,,,,,,,,,,,,,,,,,,,,,,,,,,,,,,,,,,,,,,,,,,,,,,,,,,,,,,,,,,,,,,,,,,,,,,,,,,,,,,,,,,,,,,,,,,,,,,,,,,,,,,,,,,,,,,,,,,,,1.0,0.8456975318484917,0.9892542858438452,8.241264797761215,0.6041824862178168,8.20283910786269,L,P,1,1.0,1.0,1.0,1.0,0.0,6.147769942863638,1.4081293109136799,-4.749743257272088,0.4409255166224544,1.4775743369369598,0.3695469617660543,-0.35331671701819856,-0.09861107761164689,0.018680080668202453,0.36494332470953644,0.0,37.0,0.0,,-15.0,-14.698970004336019,0.0,0.0,1.0,0.0,0.0,1.0,0.0,0.0,6.0,8,0.75,67.6017691813278,5.451650393686822,0.9892542858438452,0.03842568989852424,1.0,6.0,0.0,6.0,0.0,0.0,0.0,0.0,0.0,0.8215209917795393,0.0,0.0,0.0,0.0,0.0,0.0,0.0,1.0,0.0,0.0,0.0,1.0,0.0,hydrophobic,special,hydrophobic_to_special,0.0,1.0,0.0,0.0,1.0,0.0,1.0,-3,0.8744937483693579
VAR_003575,0.0033513971852088,0.0056033697214801,0.040267343189784,0.0162351482409559,1.3895584059073472e-07,9.618364683355597e-08,0.0012915000498471,0.0214467660348075,4.240045389929354e-05,0.0003049685249959,0.047229869371881,0.0022594692896016,1.0398473146299002e-10,0.000193770015615,0.0022707971813301,0.0006365790518861,7.781186050712618e-07,0.0015165721575959,0.002799247724041,0.0029868085744906,0.0157950000010138,0.0025898554967054,3.0612338457141843e-09,0.0243642984567662,8.657908769098404e-06,0.0478313286672612,gnomADe_EAS,1.0,0.0032355469340804,0.0,0.0001930393736516,1.0,0.0015570135496739,1.0,0.0162115061083929,1.0,0.066431087865012,0.5424073708009318,0.0058961928452329,0.0,2.4168061110557864e-05,1.0,0.0,0.0248835235859851,1.0,0.0,0.0001188967053391,1.0,1.0,0.0308472403071821,1.0,1.0,0.0532407189782529,1.0,0.0,7.364490250553658e-06,1.0,1.0,0.0146549412720089,1.0,1.0,3.6383853630956855e-05,1.0,1.0,0.0157646878462956,1.0,1.0,0.037388604456542,1.0,1.0,0.0001973502815404,1.0,0.0,0.0010769275054859,1.0,1.0,0.04380198022839,0.0,0.0,0.0002665810095367,1.0,1.0,0.0005739106126906,1.0,1.0,0.0077013000000438,1.0,0.0,4.324236008958322e-15,0.0,0.0,0.0018276300004365,1.0,1.0,0.0077155622661361,1.0,AllofUs_EAS,1.0,1.292622073320212e-05,1.0,A/A,A/A,5.556438983594423,-5.812497775994448,-8.136692145652125,0.0,0.008661558198035,1.0,1.0,0.0013034966580801,1.0,0.0,9.959138028840105e-09,1.0,0.0,0.0055556760032242,1.0,1.0,0.0011337187666451,1.0,1.0,0.0001057882939358,1.0,1.0,0.0037939454258071,1.0,1.0,0.0967042745876169,1.0,0.0,2.9097859198186e-05,1.0,1.0,0.004941900000623,1.0,1.0,1.0439876778250374e-06,1.0,0.0,7.77415307803085e-06,1.0,0.0,1.862100000000425e-05,1.0,0.0,0.0025001000281881,1.0,1.0,0.0081437568744478,1.0,1.0,0.0002347029261397,1.0,0.0,0.0001648557093627,1.0,1.0,0.0517224571733659,1.0,0.0,4.626900001500589e-05,1.0,0.0,2.1915006513989038e-05,1.0,0.0,0.0025709484105346,1.0,0.0,1.8435633681467426e-05,1.0,0.0,0.0762183375927451,1.0,1.0,0.00030654,1.0,0.0,3.385800000028795e-05,1.0,1.0,3.416821143877052e-06,1.0,1.0,0.0406324398345013,1.0,0.0,0.0343314207882915,1.0,0.0,0.0337147594760736,A/A,0.0435960020523087,1.0,0.0053939994349671,1.0,0.0007667923319397,1.0,1.0,1.0,0.0244101381240177,1.0,0.0,1.0,1.0,5.8720142682840105e-18,1.0,1.0,1.0,0.0055053929310637,1.0,1.0,0.0,1.2087411326069604e-08,1.0,0.0,0.0,1.562281622542732e-09,1.0,0.0,0.0,0.0139123872975667,1.0,1.0,0.0,0.0016617615543983,1.0,1.0,0.0,,1.0,0.00019897249496,0.0,4.713993996281385e-07,1.0,0.0,1.0,0.000136575013243,1.0,1.0,1.0,1.0,0.0072663182621649,1.0,0.0,0.0,0.0489170313186654,1.0,1.0,0.0,1.1628454230727805e-12,1.0,1.0,0.0,0.00060453050867,1.0,0.0,0.0,0.0025110148856128,1.0,1.0,0.0,0.0001807544174154,1.0,0.0,0.0,0.0,0.0473141794534643,1.0,0.0096492481565246,1.0,1.0,0.0,8.766337316503775e-05,1.0,0.0,1.0,1.0,5.327457426346609e-05,1.0,1.0,0.0,0.0216335282806292,1.0,0.0,0.0,0.0043705150033717,1.0,0.0,0.0,0.0041266198259686,1.0,1.0,0.0,0.0618704581779842,1.0,0.0,0.0,0.0234139801307289,1.0,1.0,1.0,0.0,0.001221714,0.0,1.8480987262232455e-08,1.0,1.0,0.6897848118146513,3.0736225242873595e-08,1.0,1.0,1.0,6.02558321595422e-05,1.0,0.6884554681169077,1.0,0.0,5.780770349950209e-16,1.0,0.0,1.0,0.1372595585936192,1.0,0.0,1.0,1.2822638156301584e-07,1.0,0.0,0.0,0.0131934638540375,1.0,1.0,0.0,0.04359366,1.0,0.0,0.0,0.0324264706207163,1.0,0.0,1.0,0.0031824166829086,0.0,0.0043991716190981,-0.6089438377570289,-0.3260437928834345,-0.5892768853228837,M,V,0,0.0,0.0,0.0,0.0,0.0,-9.939737301468613,1.6424272069225767,-0.1529206172059051,0.6463070456984708,-1.168225399097953,-1.7654010083555487,-2.2843854086041286,-0.7466972971602102,0.05380214476563621,-0.049478246439440134,26.0,333.0,0.0478313286672612,1.0398473146299002e-10,-1.3202875550501407,-9.983026248893683,0.0,1.0,0.0,1.0,676.0,0.0,0.0,1.0,85.0,103,0.8252427184466019,0.3588365280500254,-0.018497789891693865,1.3999997151595831e-05,-0.01966695243414518,0.0043991716190981,0.0,5.0,-5.0,0.0,0.0,0.0,1.0,0.0,0.7443301190540322,0.0,0.0,1.0,0.0,0.0,0.0,0.0,0.0,0.0,0.0,0.0,1.0,0.0,hydrophobic,hydrophobic,hydrophobic_to_hydrophobic,0.0,0.0,0.0,0.0,0.0,0.0,0.0,1,0.6558699552063041
VAR_001003,,,,,,,6.177434213211668e-07,2.051991347488103e-26,1.0692943879276238e-12,2.7551590592023538e-06,1.631175052201877e-07,1.684800000035252e-05,3.78823809011414e-05,0.0180824423290362,5.958313995429429e-07,,,,,,,,,,,0.0171621713082277,gnomADe_FIN,,,,,,,,,,,,,,,,,,,,,,,,,,,,,,,,,,,,,,,,,,,,,,,,,,,,,,,,,,,,,,,,,,,,,,,,,,T/T,T/T,5.742644329344694,5.685622838579195,6.10005221314559,,,,,,,,,,,,,,,,,,,,,,,,,,,,,,,,,,,,,,,,,,,,,,,,,,,,,,,,,,,,,,,,,,,,,,,,,,,,,,,,,,,,,,,T/T,0.0005376286932163,,,,,,,,,,,,,,,,,,,,,,,,,,,,,,,,,,,,,,,,,,,,,,,,,,,,,,,,,,,,,,,,,,,,,,,,,,,,,,,,,,,,,,,,,,,,,,,,,,,,,,,,,,,,,,1.0,2.0942998079081795e-05,0.0,7.575782077166264e-05,1.0,0.0,0.0,1.3946518108275724e-05,1.0,0.601932175479411,1.0,5.62178626862341e-06,1.0,1.0,1.0,1.0,1.0362326689725193e-08,1.0,0.0,1.0,0.0361899694771848,1.0,1.0,0.0,0.0112510706355791,1.0,1.0,1.0,0.0003579369214401,1.0,0.0,0.0,1.4061670844868005e-05,1.0,1.0,0.0,2.468768409816577e-08,1.0,1.0,0.0,1.0,0.9405291342123596,1.0,7.346315506911637,0.6736661962331372,8.115720200581489,L,R,0,1.0,0.0,1.0,1.0,0.0,5.200988328773228,-0.46311383758176006,2.0266317990303335,-5.281915803801951,-0.06693962100811746,-0.16197518858625903,-0.21798781084411845,-0.31302244373171106,-0.20768202452155682,-0.009732374567367953,10.0,51.0,0.0180824423290362,2.051991347488103e-26,-1.742742911339147,-14.999999999991088,0.0,1.0,0.0,0.0,100.0,0.0,1.0,0.0,13.0,16,0.8125,59.620641159287814,5.685622838579195,1.0,-0.769404693669852,1.0,6.0,0.0,6.0,0.0,0.0,0.0,1.0,0.0,0.6093110286591608,0.0,0.0,0.0,0.0,0.0,0.0,0.0,1.0,0.0,0.0,0.0,1.0,0.0,hydrophobic,pos_charged,hydrophobic_to_pos_charged,0.0,0.0,0.0,1.0,0.0,0.0,1.0,0,0.7700678831515665
VAR_001097,,,,,,,6.264850725885975e-07,3.097838076122073e-09,6.346640282195988e-08,1.977803910022864e-05,0.0020779304283765,0.0001366678175741,8.095500000005909e-07,0.0046834399002403,4.075749939070229e-06,,,,,,,,,,,0.0002174007193129,gnomADe_NFE,,,,,,,,,,,,,1.0,0.0053900107315063,1.0,1.0,4.81886366434341e-10,1.0,0.905718020198932,1.8927998288503223e-15,1.0,1.0,0.0048195708159708,1.0,0.0,0.0043523546956879,1.0,0.0,2.140327661997322e-12,1.0,1.0,0.0143610008966062,1.0,1.0,2.953786861702949e-14,1.0,1.0,3.389810646590414e-05,1.0,1.0,0.033000026312527,1.0,1.0,0.0345903640609982,1.0,1.0,0.000950839323429,1.0,,,,,,,,,,,,,,,,,,,,,,,,,,C/C,C/C,5.910426538175237,5.96326643424033,6.2620708133196565,1.0,1.5399998054905222e-06,1.0,1.0,2.346437193266776e-06,1.0,0.0,3.6646379176089e-11,1.0,0.0,0.017386412536435,1.0,0.0,0.0001482353147235,1.0,0.0,5.572325047636073e-05,1.0,0.0,6.868963605950905e-06,1.0,1.0,0.0004546927488239,1.0,1.0,0.0070573353714393,1.0,1.0,0.0042685442536853,1.0,0.0,1.4934497575046905e-07,1.0,1.0,2.1151008102009205e-06,1.0,0.0,4.769054330305724e-07,1.0,0.0,0.0888256047465841,1.0,1.0,0.0340203332355359,1.0,1.0,2.3653474181343027e-05,1.0,1.0,0.0837383935348467,1.0,1.0,2.075431154344409e-09,1.0,0.0,0.0262591508623588,1.0,0.0,0.0197072714155617,1.0,1.0,7.050790762777279e-07,1.0,1.0,5.12174569979056e-05,1.0,0.0,9.407446101910836e-07,1.0,1.0,0.0002341665713421,1.0,0.0,0.0300111810641575,1.0,0.0,1.2084218864437444e-09,1.0,1.0,5.404377785487702e-06,1.0,0.0,0.0043394171073891,1.0,,,C/C,1.9594358409884547e-06,,,,,,,,,,,,,,,,,,,,,,,,,,,,,,,,,,,,,,,,,,,,,,,,,,,,,,,,,,,,,,,,,,,,,,,,,,,,,,,,,,,,,,,,,,,,,,,,,,,,,,,,,,,,,,0.0,5.669609213505382e-07,0.0,0.0009065720189111,1.0,1.0,1.0,0.0064520059930227,1.0,0.6518654270167621,1.0,2.068789517422253e-06,1.0,0.0,1.0,0.0,0.0152580898976326,1.0,0.0,0.0,1.4599806228337714e-06,1.0,1.0,1.0,1.214198001287059e-05,1.0,0.0,0.0,0.0789161105294342,1.0,0.0,0.0,6.00308721427712e-06,1.0,0.0,1.0,5.641773756145789e-05,1.0,1.0,1.0,1.0,0.984060627518555,0.9554810137453384,7.553017320315508,0.584185033848438,7.985334659316833,P,L,1,1.0,0.0,1.0,1.0,0.0,-1.6341936577740945,-6.182704244717381,-2.0096578418073214,-1.5270299798674138,2.90664253300695,-0.7288395580109308,0.0913096050339024,-0.8759102410765031,-0.062891605019335,0.3223788123877071,10.0,171.0,0.0046834399002403,3.097838076122073e-09,-2.3294350484372393,-8.508941146346796,0.0,0.0,0.0,0.0,100.0,0.0,1.0,0.0,52.0,61,0.8524590163934426,60.31337099033578,5.96326643424033,0.9554810137453384,-0.4323173390013251,1.0,6.0,0.0,6.0,0.0,0.0,1.0,1.0,0.0,0.8264378219714592,0.0,0.0,0.0,0.0,0.0,0.0,0.0,1.0,0.0,0.0,0.0,1.0,0.0,special,hydrophobic,special_to_hydrophobic,0.0,1.0,0.0,0.0,0.0,1.0,1.0,-3,0.7571847976715484
VAR_004601,,,,,,,1.469520464106408e-05,5.74839803805373e-06,0.0013825182784075,2.659433191093198e-06,7.900813324489434e-05,0.0001856948770677,0.0335576472085194,0.0214515483441277,2.3601838765464892e-08,2.3661012983086505e-05,0.0057225299787809,0.0057408232172241,0.0176719813513188,4.226263270125843e-07,0.0063870012426234,6.88612044548466e-05,0.006614527573951,0.003156089194619,0.0276067300429158,5.4492692718412565e-05,gnomADe_REMAINING,,,,,,,,,,,,,0.4058818634351187,4.115218059946176e-08,1.0,1.0,0.0037766472333763,1.0,0.0,0.0009811703712477,1.0,0.0,1.3513202909204271e-14,1.0,1.0,0.0006537226419235,0.0,1.0,0.0498022894435611,1.0,1.0,0.0011136081072074,1.0,0.0,0.0009847784179395,1.0,0.0,0.0273921627052313,1.0,0.5382868491458381,0.0130240176558886,0.0,0.0,2.0413162318077028e-11,1.0,0.0,0.0878419062526907,1.0,1.0,0.0013584809280068,1.0,1.0,6.779107173274087e-05,1.0,0.0,0.028395075213888,1.0,0.0,8.90128051027444e-10,1.0,1.0,1.7523e-05,1.0,1.0,8.814999572771683e-05,0.0,0.0,1.7523006859477882e-05,1.0,AllofUs_EUR,0.0,0.0005047189770858,0.0,T/T,T/T,4.9068463228658175,3.4151917537320857,2.15467258145357,1.0,0.0003575829213407,1.0,1.0,5.3865140005177936e-05,1.0,1.0,1.706739556489369e-11,1.0,0.0,0.0003369243808477,1.0,0.0,0.0099799739645015,1.0,0.0,6.757020303493096e-06,1.0,0.0,7.245707195185158e-08,1.0,1.0,1.5296572509563137e-05,1.0,1.0,6.762306839809038e-09,1.0,0.0,9.732919426049872e-17,1.0,1.0,0.0003211001725628,1.0,0.0,1.241036972977438e-05,1.0,0.0,7.586183896899266e-06,1.0,0.0,2.466416854099774e-06,1.0,0.0,5.7796391078464014e-09,1.0,0.0,3.425721865678592e-05,1.0,0.0,1.727936483476799e-06,1.0,0.0,1.6348275756556854e-05,1.0,0.0,0.0689872283430264,1.0,1.0,0.0049790246165802,1.0,1.0,8.463672622735992e-06,1.0,0.0,1.1661366145849797e-07,1.0,0.0,1.816629533240861e-15,1.0,0.0,1.6551642745147586e-08,1.0,1.0,4.600800444860446e-06,1.0,1.0,0.0270580457359761,1.0,1.0,3.10950000010927e-06,1.0,1.0,0.0300789793983917,1.0,0.0,0.0016216313995234,T/T,0.0001172421573296,1.0,3.297715524650307e-05,0.0,0.0001379473192571,1.0,1.0,0.0,1.6348380589356514e-14,1.0,1.0,1.0,1.0,9.078217559889648e-08,1.0,1.0,0.0,4.628409328957522e-09,1.0,0.0,1.0,0.0014661909482561,1.0,1.0,1.0,0.001353179715081,1.0,1.0,1.0,8.528768196858646e-05,1.0,0.0,1.0,9.97148826663656e-05,1.0,1.0,1.0,,1.0,0.0126169226111371,0.0,0.0009936924642547,1.0,0.0,0.0,0.0538429554931791,1.0,0.0,1.0,1.0,0.006159195727796,1.0,1.0,0.0,0.0103682303686115,1.0,1.0,0.0,1.3791416884574124e-05,1.0,0.0,1.0,5.150029534596804e-05,1.0,0.0,0.0,0.0483925110781801,1.0,0.0,1.0,2.2798319545982227e-19,1.0,1.0,0.0,0.0,1.7303851000583096e-05,1.0,0.0181768174954609,1.0,0.0,1.0,0.050384021217102,1.0,1.0,1.0,0.0,0.0056925108168165,1.0,1.0,0.0,0.0001336109457676,1.0,0.0,0.0,6.077736796430273e-10,1.0,0.0,1.0,4.023285899428257e-05,1.0,1.0,0.0,0.0035145126264007,1.0,1.0,0.0,0.0001382422163459,1.0,1.0,1.0,0.0,1.5059919365332132e-05,0.0,0.0002152912232994,1.0,1.0,0.0,0.0424090307780693,1.0,0.0513992725047623,1.0,0.0066003633043585,1.0,1.0,1.0,0.0,0.0021565632402106,1.0,1.0,0.0,0.0102575015517086,1.0,0.0,1.0,0.010589552234871,1.0,0.0,0.0,0.0102036639239543,1.0,0.0,0.0,1.756254472167761e-05,1.0,0.0,1.0,7.158381736464305e-07,1.0,1.0,0.0,0.2737165625161517,0.9266356433534192,0.938082055949087,0.9337089786917432,0.7013679987978051,2.286802613159617,N,H,0,1.0,0.0,0.0,1.0,0.0,-9.664425758298718,1.3499860969377946,-0.12602191691733247,0.37741946761678713,-0.3605297514815905,0.1824212032362198,0.9587085413505725,0.7733978267010226,-0.6324834664635439,-0.07939666817866306,20.0,315.0,0.0335576472085194,2.3601838765464892e-08,-1.474208496001149,-7.62705414241771,0.0,1.0,0.0,1.0,400.0,0.0,0.0,0.0,86.0,103,0.8349514563106796,2.1352081324028753,0.9347945471650541,0.25676859571246835,-1.353093634467874,0.938082055949087,3.0,3.0,0.0,0.0,0.0,0.0,1.0,0.0,0.686920920297272,0.0,0.0,0.0,1.0,0.0,0.0,0.0,0.0,0.0,0.0,0.0,1.0,0.0,polar,pos_charged,polar_to_pos_charged,0.0,0.0,0.0,0.0,0.0,0.0,1.0,0,0.5739982561886349
VAR_000635,,,,,,,,,,,,,,,,,,,,,,,,,,,,,,,,,,,,,,,,,,,,,,,,,,,,,,,,,,,,,,,,,,,,,,,,,,,,,,,,,,,,,,,,,,,,,,,,,,,,,G/G,G/G,6.130905500020769,5.6679149812971295,,,,,,,,,,,,,,,,,,,,,,,,,,,,,,,,,,,,,,,,,,,,,,,,,,,,,,,,,,,,,,,,,,,,,,,,,,,,,,,,,,,,,,,,G/G,,,,,,,,,,,,,,,,,,,,,,,,,,,,,,,,,,,,,,,,,,,,,,,,,,,,,,,,,,,,,,,,,,,,,,,,,,,,,,,,,,,,,,,,,,,,,,,,,,,,,,,,,,,,,,,,,,,,,,,,,,,,,,,,,,,,,,,,,,,,,,,,,,,,,,,0.9375094591287476,1.0,0.9363674612217258,9.75027747427577,0.6156414643983229,11.885638754558595,V,M,1,1.0,1.0,1.0,1.0,1.0,7.9832658475143266,1.110473819360434,0.7581133467456967,0.8939678506860212,-0.051531957628236036,0.3355656458072709,-0.36501707859039345,0.34222455309622,-0.05071508944522977,-0.11988723048277419,0.0,0.0,0.0,,-15.0,-14.698970004336019,0.0,0.0,1.0,0.0,0.0,1.0,0.0,0.0,0.0,1,0.0,115.88827581595179,5.313723908503597,0.8778533521157387,-2.135361280282826,1.0,5.0,0.0,5.0,0.0,0.0,0.0,0.0,0.0,0.8215209917795393,0.0,0.0,0.0,0.0,0.0,0.0,0.0,1.0,0.0,0.0,0.0,1.0,0.0,hydrophobic,hydrophobic,hydrophobic_to_hydrophobic,0.0,0.0,0.0,0.0,0.0,0.0,0.0,1,0.626951633604653
VAR_004704,,,,,,,0.0012652381723753,9.446523581258034e-19,2.01708331159642e-05,0.0002562892998273,0.0002268025283327,0.0025033669592071,6.799840393885302e-05,0.0190509435651295,6.270305960645363e-05,4.568904894270277e-05,2.402980447652876e-05,0.0008324842204011,2.430891729698559e-07,0.0006582898747283,0.0103782399236295,0.0002144095285569,6.622262577423648e-05,0.0004725728742139,0.0046653935626121,0.0206798214477127,gnomADe_EAS,,,,,,,,,,,,,0.0,3.237940180052138e-05,1.0,0.0,0.0029567255735817,1.0,1.0,0.0006266648468821,1.0,0.0,2.79337491636778e-13,1.0,0.0,0.0009534753680994,1.0,0.0,1.4352806710220764e-05,1.0,1.0,4.298704597757042e-08,1.0,1.0,0.0022492683244477,1.0,0.0,3.93231901883548e-21,1.0,1.0,9.805390322595128e-08,1.0,0.0,6.266613598654091e-14,1.0,0.0,0.0137744711351229,1.0,1.0,0.0005946789672859,1.0,1.0,0.0340591974887363,1.0,1.0,0.0002247947507278,0.0,0.0,9.31961764889836e-05,1.0,0.0,4.907923270758664e-05,1.0,0.0,3.977336129253452e-05,1.0,1.0,0.0052415048707843,0.0,AllofUs_EAS,0.0,1.2535317900540632e-15,0.0,C/C,C/C,5.307479112701259,3.2586916090399805,2.5399502292090763,1.0,2.4030258492094915e-05,1.0,0.0,0.0194580285795209,1.0,0.0,7.031736596506315e-09,1.0,1.0,0.0737895050156972,1.0,1.0,0.0003992598563842,1.0,0.0,0.008565399944922,1.0,0.0,0.0661011361371966,1.0,1.0,0.0001070573604624,1.0,0.0,0.0248071441637704,1.0,0.0,0.0478628448766138,1.0,0.0,0.000132765947008,1.0,0.0,6.92664087809295e-05,1.0,1.0,0.0003052553589483,1.0,1.0,0.0443909526862455,1.0,1.0,0.0002081356725068,1.0,0.0,0.0001008000000006,1.0,1.0,1.0507342260714651e-14,1.0,1.0,0.0092024926147926,1.0,0.0,0.0001128152634366,1.0,1.0,0.0008328479103087,1.0,1.0,4.465412792965151e-05,1.0,0.0,0.0003883296461186,1.0,0.0,1.9894561531639658e-05,1.0,0.0,0.0004552200013845,1.0,0.0,0.0031600212597777,1.0,0.0,2.4435000290275347e-05,1.0,0.0,0.0028154558179839,1.0,0.0,0.0012573636322725,1.0,1.0,0.0164116909720697,C/C,0.0021893709342473,0.0,0.004029671507139,1.0,2.1570727878294322e-07,1.0,0.7432809620208755,0.0,5.274937588511757e-05,1.0,0.0,1.0,1.0,1.1380128753962424e-09,1.0,0.0,1.0,0.0010407904115752,1.0,1.0,1.0,5.795318041047209e-15,1.0,1.0,0.0,8.260502878927993e-05,1.0,0.0,0.0,0.0008439766207727,1.0,0.0,1.0,0.0002108027041944,1.0,0.0,0.0,,1.0,7.230870000001342e-05,1.0,2.4309818450607484e-21,1.0,1.0,0.0,2.9145521216973613e-05,1.0,1.0,1.0,1.0,0.0021772463670029,1.0,1.0,0.0,0.0004079580396357,1.0,0.0,1.0,4.166784004026177e-05,1.0,1.0,1.0,4.444086220211226e-05,1.0,0.0,1.0,0.0435578353406269,1.0,1.0,0.0,0.0001192351467819,1.0,0.0,0.0,0.0,6.932475053464801e-05,1.0,3.134647335285784e-06,1.0,0.0,1.0,2.954308905220625e-05,1.0,0.0,1.0,1.0,3.923990404742688e-09,1.0,0.0,1.0,0.0042090046029346,1.0,1.0,0.0,0.068530914698766,1.0,1.0,0.0,0.0005241937743125,1.0,0.0,1.0,0.0062124908249763,1.0,0.0,0.0,0.0001181365329032,1.0,1.0,0.0,0.0,0.016531535124751,1.0,6.172841914828352e-06,1.0,0.0,1.0,1.833313485480817e-07,1.0,0.0,0.0,1.509108282783844e-05,1.0,1.0,1.0,1.0,0.0204893059878562,1.0,1.0,1.0,0.0151660685695824,1.0,1.0,1.0,1.1239374349142022e-08,1.0,0.0,1.0,0.0001136391624415,1.0,1.0,0.0,0.0002249168493203,1.0,0.0,0.0,0.006772858948957,1.0,1.0,0.0,0.799333451965949,0.2573499993068756,0.9688789995955426,1.8764599808013065,-0.1761849947450944,1.6371772241519251,E,K,0,1.0,0.0,0.0,1.0,0.0,-9.664425758298718,1.3499860969377946,-0.12602191691733247,0.37741946761678713,-0.3605297514815905,0.1824212032362198,0.9587085413505725,0.7733978267010226,-0.6324834664635439,-0.07939666817866306,20.0,315.0,0.0206798214477127,9.446523581258034e-19,-1.6844532153173326,-14.999589936346869,0.0,1.0,0.0,1.0,400.0,0.0,0.0,0.0,87.0,103,0.8446601941747572,3.0720975426004578,2.6047812127464,0.7744573952840204,0.23928275664938137,0.9688789995955426,4.0,1.0,3.0,0.0,0.0,0.0,1.0,0.0,0.7443301190540322,0.0,0.0,1.0,0.0,0.0,0.0,0.0,0.0,0.0,0.0,0.0,1.0,0.0,neg_charged,pos_charged,neg_charged_to_pos_charged,0.0,0.0,0.0,0.0,0.0,0.0,1.0,1,0.8039055130752403
VAR_000955,,,,,,,7.389425139909242e-06,3.7223376433059065e-07,7.029672559503723e-06,0.0152365923312545,0.0005402344818493,0.0003018967635066,0.0040400905371081,0.0474828044411691,0.0276640508298167,0.006614728963384,3.804252901853824e-10,6.48824362964049e-10,5.109478703507135e-07,7.64689463095689e-06,6.393900507362929e-12,3.264471992070199e-05,7.542270173652488e-05,0.0018721184498723,0.0003009163119069,1.3230030956312927e-05,gnomADg_NFE,,,,,,,,,,,,,0.0,0.0001638527507282,1.0,1.0,0.0063169011229643,1.0,0.0,0.0165245922328362,1.0,0.0,0.0167839279579292,1.0,0.3467535223269203,0.0014075898353638,1.0,0.0,2.459845110234553e-06,1.0,0.0,2.875894124905908e-09,0.0,1.0,3.852600353424154e-09,1.0,1.0,7.341978055455322e-06,1.0,0.0,3.868546441142967e-05,0.0,1.0,0.0041888515113737,0.0,0.0,0.0003912422097746,1.0,,,,,,,,,,,,,,,,,,,,,,,,,,T/T,T/T,5.809320665035118,-2.294943890734367,-2.1864738096034624,1.0,0.0842701950521133,1.0,0.0,0.0001263711659398,1.0,1.0,3.302392231221005e-06,1.0,0.0,0.0820626186889481,1.0,0.0,0.0125529492953177,1.0,0.0,0.0019179625526968,1.0,0.0,2.1807084050187332e-08,1.0,1.0,0.0001931338092606,1.0,0.0,0.0031938215066848,1.0,0.0,0.0040392327673895,1.0,1.0,3.4512925238157524e-06,1.0,1.0,0.0025220123411362,1.0,1.0,1.7383229384086426e-08,1.0,1.0,0.0012017481950849,1.0,0.0,6.759056897017056e-15,1.0,1.0,3.9686109378541e-06,1.0,1.0,4.477292227587896e-05,1.0,0.0,0.0045591531112493,1.0,1.0,4.273889029848022e-06,1.0,0.0,1.9029088086407558e-16,1.0,1.0,0.0034589652530573,1.0,1.0,0.0686482230719006,1.0,1.0,0.0706522118854067,1.0,1.0,7.848169146964608e-06,1.0,1.0,0.0048562895608317,1.0,1.0,0.000535941255067,1.0,0.0,0.003061245953659,1.0,1.0,0.0083206517477085,1.0,1.0,0.0017993017046925,T/T,1.5345055176971004e-05,,,,,,,,,,,,,,,,,,,,,,,,,,,,,,,,,,,,,,,,,,,,,,,,,,,,,,,,,,,,,,,,,,,,,,,,,,,,,,,,,,,,,,,,,,,,,,,,,,,,,,,,,,,,,,0.0,0.0223934310024654,0.0,4.9452755377726e-19,1.0,0.0,1.0,0.0005442164726893,1.0,0.0,0.0,9.99537929304685e-10,1.0,0.0,1.0,0.0,0.0009650679377408,1.0,0.0,1.0,4.533900192046349e-05,1.0,0.0,0.0,0.0485653089148953,1.0,0.0,1.0,9.916150207689102e-06,1.0,0.0,1.0,1.1997939236161364e-05,1.0,1.0,0.0,1.345834073766372e-07,1.0,0.0,1.0,0.7063772476653477,0.99117917348757,0.0209181574455858,-0.7727835256952424,0.756,-1.4368497916593646,I,M,0,1.0,0.0,0.0,1.0,0.0,-2.148792514716469,-5.898388657083672,-2.3802388202035045,-1.4352273784501068,1.6893672788743528,-2.904615696492629,0.9159956059311782,1.0171335470241543,0.07883392098924534,-0.6014750595450337,20.0,183.0,0.0474828044411691,6.393900507362929e-12,-1.3234636385515501,-11.194166207938947,0.0,1.0,0.0,1.0,400.0,0.0,0.0,0.0,53.0,62,0.8548387096774194,1.1103738478929983,-1.6210961490833466,0.014776110482643299,0.6640662659641221,0.99117917348757,1.0,4.0,-3.0,0.0,0.0,1.0,0.0,1.0,0.7461721108334329,0.0,0.0,0.0,0.0,0.0,0.0,0.0,1.0,0.0,0.0,0.0,1.0,0.0,hydrophobic,hydrophobic,hydrophobic_to_hydrophobic,0.0,0.0,0.0,0.0,0.0,0.0,0.0,0,0.634855648161687
VAR_004385,,,,,,,0.0324015337359774,1.3339560502634361e-18,3.842732130411735e-13,0.0030841120128688,1.993504821452069e-08,0.0003202988704243,2.42876582283402e-06,4.3532520012817125e-05,0.0264017937287285,2.184161832277361e-05,0.002437568419986,0.0147221455071502,9.188129125679286e-06,6.801886321260294e-05,0.0010577109628339,0.0019972625314168,1.1575078483458801e-07,3.6327802159559633e-16,0.004944299477583,0.0010705450044429,gnomADg_AFR,,,,,,,,,,,,,1.0,0.0007507630031837,1.0,0.0,0.003457021835693,1.0,1.0,1.298060941475613e-09,1.0,1.0,5.235131836882997e-05,1.0,0.0,0.0190506211464317,1.0,0.0,0.0005173482287105,1.0,0.0,0.0001547667301133,1.0,0.0,1.926285873285675e-09,1.0,1.0,0.0175920505150423,1.0,0.0,3.227253329270078e-07,1.0,0.0,1.3756052789229458e-24,1.0,1.0,1.836515008326195e-05,1.0,1.0,0.0002902232604144,1.0,0.0,3.6675e-06,1.0,0.0,0.0194435209683945,0.0,0.0,0.0023690721525686,1.0,1.0,0.0409940297065691,1.0,0.0,0.0082427960507719,1.0,0.0,7.009942430089532e-06,1.0,AllofUs_EUR,0.0,9.654321102787736e-05,0.0,C/C,C/C,4.610289318316458,4.469134652594163,5.459641923657343,0.0,0.0004168016420842,1.0,0.0,0.0540847749113502,1.0,0.0,0.0854451302328227,1.0,1.0,2.494053618680945e-05,1.0,0.0,5.435118260928268e-06,1.0,0.0,0.0534732892771018,1.0,1.0,0.0408410479535908,1.0,0.0,0.0031032952838675,1.0,1.0,1.8002273662111267e-11,1.0,0.0,0.0002988441496849,1.0,0.0,0.0038057225551547,1.0,1.0,0.0328137704797821,1.0,0.0,7.123000004131918e-19,1.0,1.0,0.0245253333241867,1.0,1.0,2.319444682331821e-05,1.0,0.0,0.0029239900790681,1.0,1.0,5.071149910418462e-05,1.0,0.0,0.0001450578335424,1.0,1.0,0.0006519339309755,1.0,0.0,5.116041310525279e-06,1.0,1.0,6.454003181844056e-11,1.0,1.0,0.0001917276908206,1.0,0.0,0.0028742896827802,1.0,0.0,0.0196520694681389,1.0,0.0,0.0041111886879817,1.0,0.0,0.0753231898040156,1.0,1.0,3.001555547415579e-05,1.0,0.0,0.0042043518228473,1.0,,,C/C,2.267830651495917e-05,,,,,,,,,,,,,,,,,,,,,,,,,,,,,,,,,,,,,,,,,,,,,,,,,,,,,,,,,,,,,,,,,,,,,,,,,,,,,,,,,,,,,,,,,,,,,,,,,,,,,,,,,,,,,,0.0,2.798458800633868e-06,0.0,1.5767011588647813e-05,1.0,1.0,0.0,4.332953329725111e-05,1.0,0.0,0.0,0.0501706584357855,1.0,0.0,1.0,0.0,4.083480781743092e-06,1.0,0.0,1.0,0.0036930974768808,1.0,0.0,0.0,3.883009607584944e-05,1.0,0.0,1.0,2.302058466610291e-06,1.0,0.0,0.0,0.0132985591581232,1.0,1.0,1.0,9.885469819621486e-06,1.0,0.0,1.0,1.0,0.9820989487661216,1.0,7.890431373274593,0.5740308338301416,7.799581413733351,G,S,1,1.0,0.0,0.0,1.0,0.0,-3.352193111680281,-5.971942673768469,-2.93899079662539,-1.127745203812512,-2.260340409293983,-0.5163920435334561,0.8988846914098079,0.5273185640575235,0.36218095811434486,0.9490008249803001,20.0,205.0,0.0324015337359774,1.3339560502634361e-18,-1.4894344318518133,-14.999421056305199,0.0,1.0,0.0,1.0,400.0,0.0,0.0,0.0,55.0,70,0.7857142857142857,61.54206188533103,4.469134652594163,1.0,0.09084995954124242,1.0,6.0,0.0,6.0,0.0,1.0,0.0,0.0,1.0,0.6134109733965234,0.0,0.0,0.0,1.0,0.0,0.0,0.0,0.0,0.0,0.0,0.0,1.0,0.0,special,polar,special_to_polar,1.0,0.0,0.0,0.0,0.0,1.0,1.0,0,0.6028078427956474
VAR_002374,0.014760134836398,0.0523800035501525,0.0052201274669903,0.0067567824667688,0.0016101003362582,0.0084107132075412,0.0011985628265452,0.0405076754761235,0.0024147014504607,3.927793229074271e-15,1.316180904544787e-09,7.651329353195308e-09,9.711058282524214e-05,0.0091410283752711,6.260998974748697e-05,0.0115560078316508,0.040595892388829,0.0248251991785913,0.062172803944335,1.7683233829119387e-06,0.0030087801852227,5.467760422621442e-09,0.0001979723019183,0.0146715905947536,0.0008172602166631,0.0626548678219067,AFR,1.0,0.0226534734908432,1.0,0.0524217837081282,0.9957721196558956,0.0339854015186634,1.0,0.0197809643920886,1.0,0.000905694104959,0.0,0.071895191726155,1.0,0.0385526293501735,1.0,1.0,0.0393772371708926,1.0,1.0,0.0421545667448496,1.0,0.0,1.0660572797159485e-13,1.0,1.0,2.934414204442163e-07,1.0,0.0,0.0001730298942098,1.0,1.0,0.020492744372748,1.0,1.0,0.0023186362529818,1.0,0.0,0.0065286021356403,1.0,0.0,7.857015486764546e-05,1.0,0.0,0.0003261310630877,1.0,1.0,0.0053306187751435,1.0,1.0,0.0420210000058018,1.0,1.0,0.0107609994676084,1.0,1.0,0.0050671675573489,1.0,1.0,0.0007865790913647,1.0,1.0,0.0075072116424679,1.0,1.0,0.0104403874052811,1.0,1.0,0.0443068268527331,1.0,AllofUs_AFR,0.0,0.0002092296056861,1.0,C/C,C/C,5.210097418093383,1.7039729021994092,0.7289053563369379,1.0,0.0484874485723181,1.0,1.0,0.003173400001595,1.0,1.0,3.572004597907326e-09,1.0,0.0,0.0002285157063958,1.0,1.0,0.0004810272098763,1.0,1.0,0.0040418675157845,1.0,0.0,0.0009918000099529,1.0,1.0,0.0092119702723478,1.0,1.0,0.033699907001158,1.0,1.0,0.0016531105805785,1.0,0.0,8.091904752783565e-05,1.0,0.0,0.0004486581436908,1.0,1.0,0.0412112471873262,1.0,0.0,0.0664531214033655,1.0,0.0,0.0111547798138638,1.0,1.0,0.0003708900024977,1.0,1.0,0.0009858695768756,1.0,0.0,0.002601923289531,1.0,1.0,0.0017757063469935,1.0,1.0,0.0411481932591025,1.0,1.0,0.000437850263543,1.0,0.0,0.000215209026189,1.0,1.0,0.001122382785394,1.0,0.0,0.0010363932102102,1.0,1.0,0.0391504060906662,1.0,1.0,0.0396107932422705,1.0,0.0,0.0037478363727167,1.0,1.0,0.0401852021983544,1.0,1.0,0.0136382607176191,C/C,0.0524250003661056,1.0,0.0033486287751811,1.0,0.0896840203790223,1.0,1.0,0.0,0.0018939042510365,1.0,0.0,1.0,1.0,0.0001910386352763,1.0,0.0,1.0,0.0010773262439373,1.0,0.0,1.0,9.816571278366259e-10,1.0,0.0,1.0,0.0003593872165517,1.0,1.0,1.0,0.0445717684687884,1.0,0.0,1.0,0.0115143073540465,1.0,0.0,1.0,,1.0,0.003250828277559,1.0,0.0526421022375503,1.0,0.0,1.0,0.0389372466165468,1.0,0.0,1.0,1.0,0.0144927975343624,1.0,1.0,1.0,1.837398417354705e-05,1.0,1.0,0.0,7.368131095062658e-15,1.0,1.0,1.0,0.0001752786450935,1.0,1.0,1.0,0.0430066800000073,1.0,1.0,0.0,8.846084105253306e-05,1.0,1.0,0.0,0.0,0.0038283845383283,1.0,0.043070979473482,1.0,1.0,0.0,0.002753035902636,1.0,0.0,1.0,1.0,0.0005580852640183,1.0,1.0,0.0,0.0207494377187654,1.0,0.0,0.0,3.3491219111909085e-07,1.0,0.0,0.0,0.0001909953397535,1.0,1.0,1.0,0.0675982617195569,1.0,0.0,1.0,9.144861051331476e-05,1.0,1.0,1.0,1.0,0.0021726180000003,1.0,0.0398952220303551,1.0,1.0,0.0,0.0338387254317399,1.0,1.0,1.0,0.003286806745946,1.0,0.0,1.0,0.0,4.6602212207447046e-07,1.0,1.0,0.0,0.002149605150196,1.0,0.0,1.0,0.0077189393236065,1.0,1.0,1.0,0.0007952007600813,1.0,0.0,1.0,0.0400253052837887,1.0,1.0,0.0,8.715142245292917e-05,1.0,0.0,1.0,0.9810379817303004,0.8353239462838811,0.9160361468118036,1.0338421734512948,0.5402996233564952,-0.3942697922155637,P,S,0,0.0,0.0,0.0,0.0,0.0,-9.939737301468613,1.6424272069225767,-0.1529206172059051,0.6463070456984708,-1.168225399097953,-1.7654010083555487,-2.2843854086041286,-0.7466972971602102,0.05380214476563621,-0.049478246439440134,26.0,333.0,0.0626548678219067,3.927793229074271e-15,-1.2030451818754575,-14.307347523521399,1.0,1.0,0.0,1.0,676.0,0.0,0.0,1.0,96.0,103,0.9320388349514563,-0.40761273891032873,1.671662136896831,0.8986662526602529,1.4281119656668584,0.9810379817303004,3.0,1.0,2.0,0.0,1.0,0.0,0.0,0.0,0.3625923718042449,1.0,0.0,0.0,0.0,0.0,0.0,0.0,0.0,0.0,0.0,0.0,1.0,0.0,special,polar,special_to_polar,0.0,1.0,0.0,0.0,0.0,1.0,1.0,0,0.6802442573754168
VAR_002395,,,,,,,0.0072998676269705,1.7616452174361186e-06,2.3061047423440345e-08,1.7053131102709165e-11,5.388843341912658e-06,1.115733990672906e-24,0.0036025425591942,0.0005596240092487,0.0001593097388631,9.188323091781755e-06,0.0065636778423877,2.0301474930539632e-08,0.0240354399058478,5.348837982610111e-06,0.0010751628440386,8.982795799895664e-10,1.3230029651244386e-05,4.440715114186562e-05,0.000126023737253,0.0008044371782764,gnomADe_REMAINING,,,,,,,,,,,,,0.0,3.697404726417693e-15,1.0,1.0,6.880238333249791e-20,1.0,0.0,0.0612085518012953,1.0,1.0,1.6669188153718336e-12,1.0,0.0,0.006011376958808,1.0,0.0,6.728030302185033e-15,1.0,0.0,0.0032199960114598,1.0,1.0,7.579590066558256e-08,1.0,0.0,1.860480964552945e-13,1.0,0.0,0.0001781400850742,0.0,1.0,1.127775749641971e-05,1.0,1.0,0.0223139712161885,1.0,,,,,,,,,,,,,,,,,,,,,,,,,,G/G,G/G,5.464013147453697,5.43669702109582,3.699081543674759,,,,,,,,,,,,,,,,,,,,,,,,,,,,,,,,,,,,,,,,,,,,,,,,,,,,,,,,,,,,,,,,,,,,,,,,,,,,,,,,,,,,,1.0,3.5085954495678285e-06,G/G,3.4002049656355057e-06,,,,,,,,,,,,,,,,,,,,,,,,,,,,,,,,,,,,,,,,,,,,,,,,,,,,,,,,,,,,,,,,,,,,,,,,,,,,,,,,,,,,,,,,,,,,,,,,,,,,,,,,,,,,,,1.0,1.1154420003038348e-06,0.0,0.0702344625794434,1.0,1.0,0.0,0.0105239780216003,1.0,0.0,0.0,3.625243227659752e-05,1.0,0.0,1.0,1.0,0.0439773865092636,1.0,1.0,0.0,0.0026543852709835,1.0,1.0,1.0,0.0555315765602615,1.0,0.0,0.0,4.158640195150208e-05,1.0,1.0,0.0,0.0312954166385074,1.0,1.0,0.0,0.0002134278860121,1.0,1.0,1.0,0.952696046192432,0.9286934992550864,1.0,10.003,0.6533351113995898,11.737263477585438,R,P,1,1.0,0.0,0.0,1.0,0.0,2.8970592727547384,0.15693909536923356,-3.8014057794251506,-5.5839015768502085,0.20022431845680266,-2.3599842572680334,0.6631652540335282,1.1406777850350585,-0.032778608664395574,-0.6255776106299851,20.0,99.0,0.0240354399058478,1.115733990672906e-24,-1.6191479248382528,-14.999999999515444,0.0,1.0,0.0,1.0,400.0,0.0,0.0,0.0,21.0,25,0.84,117.40784656628713,5.179519756344161,0.952696046192432,-1.7342634775854382,1.0,6.0,0.0,6.0,0.0,0.0,0.0,1.0,0.0,0.686920920297272,0.0,0.0,0.0,0.0,0.0,0.0,0.0,1.0,0.0,0.0,0.0,1.0,0.0,pos_charged,special,pos_charged_to_special,0.0,1.0,0.0,1.0,1.0,0.0,1.0,0,0.8771570687209322
VAR_003684,,,,,,,,,,,,,,,,,,,,,,,,,,,,,,,,,,,,,,,,,,,,,,,,,,,,,,,,,,,,,,,,,,,,,,,,,,,,,,,,,,,,,,,,,,,,,,,,,,,,,T/T,T/T,5.21159568907614,4.724585017465939,4.615687540610083,,,,,,,,,,,,,,,,,,,,,,,,,,,,,,,,,,,,,,,,,,,,,,,,,,,,,,,,,,,,,,,,,,,,,,,,,,,,,,,,,,,,,,,T/T,,,,,,,,,,,,,,,,,,,,,,,,,,,,,,,,,,,,,,,,,,,,,,,,,,,,,,,,,,,,,,,,,,,,,,,,,,,,,,,,,,,,,,,,,,,,,,,,,,,,,,,,,,,,,,,,,,,,,,,,,,,,,,,,,,,,,,,,,,,,,,,,,,,,,,,0.9747530733291044,0.91453276869085,0.9790103713494628,7.645940117810304,0.6750646369651736,8.574297091545887,L,R,1,1.0,1.0,1.0,1.0,0.0,7.9832658475143266,1.110473819360434,0.7581133467456967,0.8939678506860212,-0.051531957628236036,0.3355656458072709,-0.36501707859039345,0.34222455309622,-0.05071508944522977,-0.11988723048277419,0.0,0.0,0.0,,-15.0,-14.698970004336019,0.0,0.0,1.0,0.0,0.0,1.0,0.0,0.0,0.0,1,0.0,65.5585621142749,4.605303765979564,0.9542933682939566,-0.9283569737355828,0.9790103713494628,6.0,0.0,6.0,0.0,0.0,0.0,0.0,0.0,0.8215209917795393,0.0,0.0,0.0,0.0,0.0,0.0,0.0,1.0,0.0,0.0,0.0,1.0,0.0,hydrophobic,pos_charged,hydrophobic_to_pos_charged,0.0,0.0,0.0,1.0,0.0,0.0,1.0,0,0.7700678831515665
VAR_004562,,,,,,,0.0030632819462047,0.0008643816798973,0.0001077063306226,8.667470211690638e-06,4.259498120335133e-18,6.321475493083812e-09,1.5316751272740094e-05,0.0482862468820349,1.250758398770942e-08,,,,,,,,,,,0.0008274209574156,gnomADe_NFE,,,,,,,,,,,,,0.0,3.580610478955302e-05,1.0,1.0,0.007631966345101,1.0,0.786768951437899,1.3903075505944528e-21,1.0,0.0,8.789078139955432e-10,1.0,0.0,0.0196660703425337,1.0,0.0,3.05294915248076e-05,1.0,0.0,3.155176918911677e-09,1.0,1.0,2.3350999044921927e-14,1.0,0.0,0.0244387414894587,1.0,0.0,3.348762282050004e-05,1.0,0.0,2.960127124568168e-05,1.0,0.0,1.003275865313644e-07,1.0,,,,,,,,,,,,,,,,,,,,,,,,,,C/C,C/C,6.022496646449062,5.996957802829062,,1.0,0.0270874930709427,1.0,1.0,0.0015905427947348,1.0,0.1758008417149755,1.0436245273400362e-08,1.0,1.0,0.0023841434036869,1.0,1.0,0.0010848756376997,1.0,1.0,0.0001629617130935,1.0,0.0,0.0922104464023991,1.0,1.0,2.143942874818686e-06,1.0,0.0,0.0160431608661339,1.0,0.0,1.9069922468921223e-05,1.0,0.0,8.37849427134561e-06,1.0,1.0,7.919671792044656e-06,1.0,0.0,0.0076140078100512,1.0,1.0,1.4625380526355509e-05,1.0,1.0,0.0044442061689555,1.0,1.0,3.248981688846884e-06,1.0,1.0,0.0049397076525538,1.0,0.0,5.772405840763215e-18,1.0,0.0,0.0203575452612893,1.0,0.0,2.9302500961668227e-05,1.0,0.0,0.0052779250070755,1.0,0.0,0.0008958976145346,1.0,0.0,0.0142515639076305,1.0,0.0,1.3140308108187192e-08,1.0,1.0,0.0023169575650429,1.0,0.0,2.947597767057265e-07,1.0,0.0,0.0108578708301101,1.0,0.0,0.0003292207678375,1.0,,,C/C,0.0273523665188603,,,,,,,,,,,,,,,,,,,,,,,,,,,,,,,,,,,,,,,,,,,,,,,,,,,,,,,,,,,,,,,,,,,,,,,,,,,,,,,,,,,,,,,,,,,,,,,,,,,,,,,,,,,,,,1.0,0.0287162041830293,1.0,1.7906616938408032e-08,1.0,1.0,0.0,0.0869955826542995,1.0,0.0,0.0,8.351434706462431e-11,1.0,1.0,1.0,0.0,4.472861176120212e-06,1.0,0.0,1.0,0.0211504297383424,1.0,1.0,0.0,0.0349567998111695,1.0,1.0,0.0,0.0004309262081995,1.0,1.0,0.0,1.5892317690978707e-06,1.0,1.0,1.0,0.0001304964909045,1.0,1.0,1.0,0.9824772105431152,1.0,0.962080951290848,4.91190065724357,0.4919598592884376,8.140229698827468,S,N,1,1.0,0.0,1.0,1.0,1.0,-1.6341936577740945,-6.182704244717381,-2.0096578418073214,-1.5270299798674138,2.90664253300695,-0.7288395580109308,0.0913096050339024,-0.8759102410765031,-0.062891605019335,0.3223788123877071,10.0,171.0,0.0482862468820349,4.259498120335133e-18,-1.316176549450876,-14.998154052091444,0.0,1.0,0.0,0.0,100.0,0.0,1.0,0.0,53.0,61,0.8688524590163934,39.98399960778427,5.891874373868266,0.9452226093408991,-3.2283290415838986,1.0,4.0,0.0,4.0,0.0,0.0,1.0,1.0,0.0,0.8264378219714592,0.0,0.0,0.0,0.0,0.0,0.0,0.0,1.0,0.0,0.0,0.0,1.0,0.0,polar,polar,polar_to_polar,0.0,0.0,0.0,0.0,0.0,0.0,0.0,0,0.7165984305697715
VAR_003618,0.0091690123433727,0.000722503166176,0.0292836496322291,2.4631987310396008e-05,0.0228146348018182,0.0037580074742082,0.0584028054966096,0.0038988000000002,0.0543857694210531,0.0673423348529655,0.0001361700000616,0.0103680001947872,0.029241176618843,0.0791927430130552,0.0088614001282167,0.0161150271714004,0.0051984115684977,0.0049338224995842,0.0103050944905326,0.0158220242644188,0.0002176076311092,0.0067896000000135,0.0275965689463125,0.0149848870588294,0.0077835943451691,0.0292320728815545,gnomADe_NFE,0.0,0.0106715732689607,0.0,0.00068079091913,1.0,0.0168589998994767,1.0,0.0861320024012309,1.0,0.0223658058161452,1.0,0.0037506069599206,1.0,0.0059440395878965,1.0,1.0,0.0061422768690305,1.0,1.0,0.000455013972446,1.0,1.0,0.0006967603620771,1.0,1.0,0.0016351002182731,1.0,1.0,0.026068902962473,1.0,1.0,0.0141303148122883,1.0,1.0,0.0195536314376475,1.0,1.0,0.0389813303066506,1.0,1.0,0.0027971457977232,1.0,1.0,0.009496841546282,1.0,1.0,0.0239504376747571,1.0,1.0,0.0049743348938102,1.0,1.0,0.080280257803744,1.0,1.0,0.010458,1.0,1.0,0.0002511037749849,1.0,1.0,0.0512557006083603,1.0,1.0,0.0156682377920967,1.0,1.0,0.0262530000312069,1.0,AllofUs_EUR,1.0,0.0263049440560096,1.0,C/C,C/C,5.690105549446876,0.7616790031032786,0.7648297957072315,0.0,0.0050380975045272,1.0,1.0,0.0234540544952603,1.0,1.0,0.0144698490983988,1.0,1.0,0.0235182373658306,1.0,1.0,0.0297450237845994,1.0,1.0,0.0253595494309579,1.0,1.0,0.0041308847696325,1.0,1.0,0.0295834203423,1.0,1.0,0.0059480464553082,1.0,0.0,0.0043524059500408,1.0,1.0,0.0248490000002021,1.0,1.0,0.0294899167074462,1.0,1.0,0.0047960033316239,1.0,1.0,0.0059257497685206,1.0,1.0,0.008201779598444,1.0,1.0,0.0318419936673209,1.0,1.0,0.0167851931621499,1.0,1.0,0.0170914214984565,1.0,1.0,0.0059890088487462,1.0,1.0,0.0052065331423008,1.0,1.0,0.0365534637637491,1.0,1.0,0.0098956792613085,1.0,1.0,0.008666388895575,1.0,1.0,0.0366373905683044,1.0,1.0,0.0120690000433815,1.0,1.0,0.0046570192433274,1.0,1.0,0.01410016363448,1.0,1.0,0.00541223830321,1.0,1.0,0.015630991477048,C/C,0.0307800000000007,1.0,0.0616307707665618,0.0,0.0042902534218774,1.0,1.0,0.0,0.0094558478814088,1.0,0.0,1.0,1.0,0.0108661334963849,1.0,0.0,0.0,0.0001116362827053,1.0,1.0,0.0,0.0071408125175749,1.0,0.0,1.0,0.0255069789775285,1.0,1.0,1.0,0.0738940779550512,1.0,1.0,1.0,0.0072260662226386,1.0,0.0,1.0,,1.0,0.0154297539437659,1.0,0.004606677,1.0,0.0,1.0,0.0079207031453453,1.0,1.0,1.0,1.0,0.0401603933724978,1.0,1.0,1.0,0.0790574386884546,1.0,0.0,1.0,0.0077543114793334,1.0,0.0,1.0,0.0637143710828996,1.0,1.0,1.0,0.0260015918908637,1.0,1.0,1.0,0.0079432753251168,1.0,1.0,1.0,1.0,0.0180936702609975,1.0,0.0055578903132148,1.0,1.0,1.0,0.0104528664557733,1.0,1.0,1.0,1.0,0.0136232100000028,1.0,1.0,0.0,6.718145060339381e-05,1.0,1.0,1.0,0.0073871025348592,1.0,1.0,1.0,0.02655828,1.0,0.0,1.0,0.0265589200762896,1.0,0.0,1.0,0.0079778880723313,1.0,0.0,1.0,1.0,0.0238668993333428,1.0,0.0046183975064699,1.0,0.0,1.0,0.0069427451441442,1.0,0.5900698387295347,1.0,0.0086097150000092,1.0,0.0,1.0,1.0,0.0151121555970451,1.0,1.0,0.0,0.0264818621260099,1.0,0.0,1.0,0.0098692893681582,1.0,0.0,1.0,0.0299309566289689,1.0,0.0,1.0,0.0291992617039121,1.0,0.0,1.0,0.0087971728163384,1.0,1.0,0.0,0.0444954585097453,0.5219463086472883,0.0076799606899167,-1.49174047344912,-0.0851170481409594,-2.5326190087510674,T,M,0,0.0,0.0,0.0,0.0,0.0,-9.939737301468613,1.6424272069225767,-0.1529206172059051,0.6463070456984708,-1.168225399097953,-1.7654010083555487,-2.2843854086041286,-0.7466972971602102,0.05380214476563621,-0.049478246439440134,26.0,333.0,0.0791927430130552,2.4631987310396008e-05,-1.101314614039109,-4.608500547821654,1.0,1.0,0.0,1.0,676.0,0.0,0.0,1.0,100.0,103,0.970873786407767,3.7780102791805583,0.0338912564803261,0.00034172337223466344,1.0408785353019474,0.5219463086472883,1.0,4.0,-3.0,0.0,0.0,1.0,1.0,0.0,0.8264378219714592,0.0,0.0,0.0,1.0,0.0,0.0,0.0,0.0,0.0,0.0,0.0,1.0,0.0,polar,hydrophobic,polar_to_hydrophobic,0.0,0.0,0.0,0.0,0.0,0.0,1.0,0,0.7291240191061071
VAR_003699,,,,,,,0.0002587280043917,4.9279675413174235e-08,0.0005975367498302,0.0022366070708444,1.2109403361885985e-08,1.369790575496406e-35,7.375166432302029e-05,0.0003463669003449,0.000232486516068,,,,,,,,,,,0.0029376454916772,gnomADe_NFE,,,,,,,,,,,,,1.0,0.0052014835535438,1.0,1.0,0.0109595562022357,1.0,0.0,1.7674391114299753e-08,1.0,0.0,1.7947264612129406e-10,1.0,0.0,2.452554363342665e-16,1.0,0.0,0.0002219249713087,1.0,0.0,0.0013591839394536,1.0,0.0,0.0015710077752369,1.0,1.0,0.0002255313250278,1.0,0.0,4.545485166174805e-07,1.0,1.0,0.0633360962255409,1.0,1.0,4.197917659220286e-06,1.0,1.0,1.5515438224635693e-08,0.0,0.0,3.16714208619637e-05,1.0,1.0,0.0025976423019546,0.0,1.0,2.955843178783093e-07,0.0,1.0,0.0001873287158006,1.0,0.0,1.7077960446916051e-10,0.0,1.0,2.8035e-05,1.0,AllofUs_EUR,1.0,0.0149924482907755,0.0,A/A,A/A,5.522457641033929,1.6021070310006942,1.2246489160169736,1.0,0.0062639320211709,1.0,1.0,0.0134510580886539,1.0,0.0,9.585995035677312e-12,1.0,1.0,0.0005510453362432,1.0,1.0,7.805714778105515e-05,1.0,0.0,0.0007015138857071,1.0,1.0,0.0175674528145811,1.0,0.0,0.0174458930111142,1.0,1.0,2.380181060239681e-10,1.0,1.0,8.213587648188009e-07,1.0,1.0,5.185964424379558e-05,1.0,1.0,0.0006178871058672,1.0,1.0,0.0062202574559223,1.0,1.0,1.1498179341335552e-15,1.0,0.0,0.0003946094015369,1.0,0.0,0.001003902171963,1.0,0.0,2.924181424191771e-06,1.0,1.0,0.0001058157424415,1.0,0.0,5.993753739853461e-06,1.0,1.0,8.751815402407448e-05,1.0,1.0,2.2338033802095592e-05,1.0,1.0,1.7740734595164049e-12,1.0,0.0,9.181307834164592e-07,1.0,0.0,1.3682959042670126e-06,1.0,1.0,0.0002674323146361,1.0,0.0,4.6761434452612125e-05,1.0,1.0,0.0011070756699617,1.0,1.0,0.0071568443175605,1.0,,,A/A,0.0173071557288955,1.0,0.0061473926846573,1.0,1.9395454893160745e-08,1.0,1.0,0.0,5.582960933817398e-07,1.0,0.0,1.0,1.0,0.0001352278016208,1.0,0.0,0.0,0.0057143526879312,1.0,1.0,1.0,7.150546051850613e-06,1.0,0.0,0.0,3.350757113618074e-07,1.0,0.0,,,,,1.0,6.473289272476818e-09,1.0,0.0,0.0,,1.0,0.0015156431444123,0.5286428612689676,0.0059337137134019,1.0,1.0,0.0,1.6077364844902167e-11,1.0,0.0,1.0,0.0,0.0004289006503595,1.0,0.9171209045613544,1.0,0.0835311641201621,1.0,0.0,1.0,1.524405869942836e-06,1.0,0.0,0.0,8.783886305937693e-06,1.0,0.0,0.0,0.0259738028194535,1.0,1.0,0.0,0.0013993042952019,1.0,1.0,1.0,0.0,4.3261290596410816e-06,1.0,0.0064859497267548,1.0,1.0,1.0,0.03402718252859,1.0,1.0,1.0,0.0,0.0362850599502722,1.0,0.0,1.0,5.971635553542427e-05,1.0,1.0,1.0,7.621547501359129e-16,1.0,1.0,1.0,0.0038218566565009,1.0,1.0,0.0,1.0054532785931512e-05,1.0,0.0,1.0,0.0350833505002851,1.0,1.0,1.0,1.0,0.0006106422633511,1.0,0.018209012970729,1.0,1.0,0.0,0.0029346407035777,1.0,0.0,1.0,1.9262568177629255e-11,1.0,0.0,1.0,1.0,0.0083987963789986,1.0,0.0,0.0,0.0092661129145852,1.0,1.0,1.0,2.693417325614113e-08,1.0,0.0,0.0,6.976693680754619e-05,1.0,0.0,1.0,6.940737000000001e-05,1.0,0.0,0.0,0.0028796228572911,1.0,1.0,1.0,0.0,0.9448682037971506,1.0,1.1864667264436797,0.7480366580157081,5.105486364580965,K,E,0,1.0,0.0,1.0,1.0,0.0,-8.970724831385708,0.883601034699664,0.20850142206786748,0.18413110514218645,0.9431602526873522,2.552044994410661,0.3693317337417654,-1.151254442658998,1.0479234290411965,0.5643634337382551,10.0,299.0,0.0029376454916772,1.369790575496406e-35,-2.5320006150458996,-15.0,0.0,0.0,0.0,0.0,100.0,0.0,1.0,0.0,88.0,101,0.8712871287128713,6.057489693887221,0.0,0.0,-3.9190196381372857,1.0,2.0,1.0,1.0,0.0,0.0,1.0,1.0,0.0,0.8264378219714592,0.0,0.0,0.0,1.0,0.0,0.0,0.0,0.0,0.0,0.0,0.0,1.0,0.0,pos_charged,neg_charged,pos_charged_to_neg_charged,0.0,0.0,0.0,0.0,0.0,0.0,1.0,1,0.6789618004220529
VAR_001282,,,,,,,,,,,,,,,,0.0001128002147016,2.890038910114225e-08,4.816937763869151e-07,6.774742841961506e-05,0.0001389680510135,5.708541783152122e-19,1.2207637090530854e-06,0.0114698125467693,0.0002534886880872,8.732220256838656e-16,5.907719347512755e-05,gnomADg_AMR,,,,,,,,,,,,,0.3280246180468624,1.786897847213718e-07,1.0,0.0,0.0024857357129983,1.0,0.0,0.0025524652082591,1.0,1.0,3.210009148382395e-11,1.0,0.0,0.0283982351734981,1.0,0.0,0.0339649771454349,1.0,1.0,0.0032821075455392,1.0,0.0,1.8430249726370149e-06,1.0,1.0,0.0807382716183015,1.0,0.0,1.2489385680327844e-07,1.0,1.0,0.0610427838391672,1.0,0.0,0.0004189668129086,1.0,0.0,4.458916391837202e-05,0.0,1.0,0.0008752690779021,1.0,0.0,0.0075228003716215,1.0,0.0,0.0238169016800338,0.0,1.0,7.072060785636356e-06,1.0,0.0,1.5707779749207029e-12,0.0,0.0,0.0029249868632115,1.0,AllofUs_EUR,1.0,0.0178162462881631,0.0,C/C,C/C,5.688903089943382,5.585620282646764,,0.0,4.970700013407778e-07,1.0,1.0,0.0001420192219083,1.0,0.0,7.30135363885597e-06,1.0,1.0,0.0602911734036306,1.0,0.0,0.0235975529451373,1.0,0.0,0.0003824047697635,1.0,1.0,2.193902187231694e-05,1.0,1.0,4.642736545351619e-06,1.0,0.0,2.0303958775279075e-07,1.0,1.0,0.0009240541117158,1.0,0.0,0.0058854256110842,1.0,1.0,0.0075301282936761,1.0,1.0,0.001077060707464,1.0,1.0,2.98629160000033e-05,1.0,0.0,1.399053366267486e-07,1.0,1.0,0.000169250082235,1.0,1.0,3.450630929749693e-05,1.0,1.0,0.001414091794944,1.0,1.0,0.0363803525740967,1.0,1.0,0.0375115100505946,1.0,0.0,0.0010918361635201,1.0,1.0,1.8725117961435849e-06,1.0,1.0,0.0012463754521883,1.0,0.0,1.7922861691982635e-05,1.0,0.0,0.0237431575945159,1.0,1.0,0.0009522972265327,1.0,0.0,2.783951196216968e-05,1.0,0.0,0.0005067763446282,1.0,0.0,3.678211485201941e-06,C/C,0.0004218841553449,0.0,0.0032974861344046,0.0,6.448315087430067e-06,1.0,1.0,1.0,1.833309787999741e-09,1.0,1.0,1.0,0.0,5.832352171764778e-11,1.0,1.0,1.0,2.543066630621276e-10,1.0,1.0,0.0,0.0025076593101833,1.0,1.0,1.0,5.430609218125691e-07,1.0,1.0,,,,,0.0,3.3782732684955085e-08,1.0,1.0,1.0,,1.0,6.025895683778432e-05,1.0,4.990528090629165e-05,1.0,1.0,0.0,0.0630074465568736,1.0,1.0,1.0,1.0,1.4341801868447265e-05,1.0,0.0,0.0,1.9215485117958592e-05,1.0,1.0,1.0,0.0021789197805815,1.0,0.0,0.0,7.956811080919846e-08,1.0,0.0,,,,,1.0,6.129720944464687e-10,1.0,0.0,0.0,1.0,0.0628308497420425,1.0,0.000327084895328,1.0,0.0,1.0,0.0039108489424584,1.0,1.0,1.0,0.0,0.0001385581212239,1.0,1.0,0.0,0.0014459886425046,1.0,0.0,0.0,0.0021893527138174,1.0,1.0,1.0,2.3654447074137067e-05,1.0,1.0,1.0,0.0171350997562315,1.0,1.0,1.0,0.0001057689110695,1.0,0.0,0.0,0.0,1.3148932927187864e-05,1.0,4.536777890282679e-12,1.0,1.0,0.0033843796789093,4.596863364819712e-07,1.0,0.7646124541534606,0.0,0.0030957124911276,1.0,1.0,1.0,1.0,1.583397791804731e-23,1.0,0.0,0.0,0.0002034053877637,1.0,0.0,1.0,5.162227751164832e-05,1.0,0.0,0.0,1.3105677142213464e-07,1.0,1.0,1.0,0.00021766560662,1.0,1.0,1.0,3.572793109634425e-13,1.0,1.0,0.0,0.9456268301281704,1.0,0.9998391382624218,3.708576035958337,0.6513913202161008,5.97280952885461,K,N,1,1.0,1.0,0.0,1.0,1.0,-8.842543882051913,1.0013664819333599,-0.5299948789101524,1.0692334477974264,0.01641825654939444,1.2618084645483536,-0.2737034296254435,2.7862064023415654,1.726807026215175,-0.24561261925838773,11.0,298.0,0.0114698125467693,5.708541783152122e-19,-1.9404436797943312,-14.999752151916216,0.0,1.0,0.0,0.0,121.0,0.0,0.0,0.0,83.0,100,0.83,22.15061828605381,5.281912402178875,0.9454747149531754,-2.2642334928962726,1.0,3.0,0.0,3.0,0.0,0.0,0.0,0.0,1.0,0.6363222811533968,0.0,0.0,0.0,1.0,0.0,0.0,0.0,0.0,0.0,0.0,0.0,1.0,0.0,pos_charged,polar,pos_charged_to_polar,0.0,0.0,0.0,0.0,0.0,0.0,1.0,0,0.6532787444558171
VAR_004618,,,,,,,0.0053035479989537,3.678941995644773e-07,1.8350900756722614e-05,0.0041157356888869,4.179263923294394e-05,0.092801797561113,3.64230000660447e-05,2.9799001480308237e-05,1.7405956393306387e-14,1.7748000011834036e-05,0.0069038895318438,0.0003728812961164,6.647366768021592e-06,0.0135259350030854,0.0005213711302979,0.0305679383417665,3.968404669688588e-05,0.000429675666259,1.8934875999038026e-07,0.0002838119940427,gnomADg_NFE,,,,,,,,,,,,,,,,,,,,,,,,,,,,,,,,,,,,,,,,,,,,,,,,,,,,,,,,,,,,,,,,,,,,,,,,,,,,,,,,,,,,,,,,,,,,,,,,,,,,,,,,,,,,,,,,,,,,,,,,,,,,,,,,,,,,,,,,,,,,,,,,,,,,,,,,,,,,,,,,,,,,,,,,,,,,,,,,,,,,,,,,,,,,,,,,,,,,,,,,,,,,,,,,,,,,,,,,,,,,,,,,,,,,,,,,,,,,,,,,,,,,,,,,,,,,,,,,,,,,,,,,,,,,,,,,,,,,,,,,,,,,,,,,,,,,,,,,,,,,,,,,,,,,,,,,,,,,,,,,,,,,0,1.0,0.0,0.0,1.0,1.0,7.10300782106796,1.2653464072638068,0.7820626855562817,0.016235266430623785,-1.5555682239007507,-2.743622614435031,2.1290436390941627,-0.10143360293381809,0.10382736926240113,0.18670915272869912,20.0,20.0,0.092801797561113,1.7405956393306387e-14,-1.0324436114609667,-13.735041611222252,1.0,1.0,0.0,1.0,400.0,0.0,0.0,0.0,0.0,1,0.0,,,,,,0.0,0.0,0.0,0.0,0.0,1.0,0.0,1.0,0.7461721108334329,0.0,0.0,0.0,0.0,0.0,0.0,0.0,1.0,0.0,0.0,0.0,0.0,0.0,unknown,unknown,unknown_to_unknown,0.0,0.0,0.0,0.0,0.0,0.0,0.0,0,0.7331968611395429
VAR_000895,,,,,,,6.228478899562764e-07,0.0008361190984034,2.318802419193446e-12,3.14789188178614e-06,0.0004814380030376,4.470962450681912e-11,1.1613725951639407e-06,0.001087602608772,7.839752394241832e-08,,,,,,,,,,,8.278651734596579e-07,gnomADe_NFE,,,,,,,,,,,,,,,,,,,,,,,,,,,,,,,,,,,,,,,,,,,,,,,,,,,,,,,,,,,,,,,,,,,,,,,,,,C/C,C/C,5.639645136764969,4.35004870724068,2.1659730455461967,,,,,,,,,,,,,,,,,,,,,,,,,,,,,,,,,,,,,,,,,,,,,,,,,,,,,,,,,,,,,,,,,,,,,,,,,,,,,,,,,,,,,,,C/C,0.0544078406894125,,,,,,,,,,,,,,,,,,,,,,,,,,,,,,,,,,,,,,,,,,,,,,,,,,,,,,,,,,,,,,,,,,,,,,,,,,,,,,,,,,,,,,,,,,,,,,,,,,,,,,,,,,,,,,1.0,0.0009057750662845,1.0,0.0012583707776051,1.0,0.0,0.0,4.940827574113126e-05,1.0,1.0,0.0,1.136434765434236e-05,1.0,0.0,1.0,0.0,0.0126044729176213,1.0,0.0,1.0,2.455884323378982e-06,1.0,1.0,0.0,0.0015485522425236,1.0,0.0,0.0,0.001264891393941,1.0,1.0,0.0,7.64922600084529e-07,1.0,1.0,1.0,7.2816927646320675e-06,1.0,1.0,0.0,0.977736056670072,0.1580723300268343,0.9854027070838892,5.493172916834906,0.6071201290669361,5.521512563318025,S,W,1,1.0,0.0,1.0,1.0,0.0,5.200988328773228,-0.46311383758176006,2.0266317990303335,-5.281915803801951,-0.06693962100811746,-0.16197518858625903,-0.21798781084411845,-0.31302244373171106,-0.20768202452155682,-0.009732374567367953,10.0,51.0,0.001087602608772,2.318802419193446e-12,-2.9635297593648247,-11.63454900300053,0.0,0.0,0.0,0.0,100.0,0.0,1.0,0.0,12.0,16,0.75,30.330623272782255,4.253199469340247,0.9634637570562159,-0.028339646483118486,0.9854027070838892,5.0,0.0,5.0,0.0,0.0,1.0,1.0,0.0,0.8264378219714592,0.0,0.0,0.0,0.0,0.0,0.0,0.0,1.0,0.0,0.0,0.0,1.0,0.0,polar,hydrophobic,polar_to_hydrophobic,0.0,0.0,0.0,0.0,0.0,0.0,1.0,0,0.7379977579568163
VAR_001075,,,,,,,,,,,,,,,,,,,,,,,,,,,,,,,,,,,,,,,,0.0,0.0001498826067821,1.0,0.0,8.172940764756438e-06,1.0,0.0,0.0002273848135854,1.0,0.0,3.5344827545543964e-17,1.0,1.0,7.177407143341317e-11,1.0,0.0,0.0273225465833298,1.0,1.0,0.0104382110798717,1.0,0.0,0.0582792191272301,1.0,0.0,2.1651820207290882e-08,1.0,0.0,0.0038880184438207,1.0,1.0,1.747837356945963e-09,1.0,1.0,0.0047956130464873,1.0,,,,,,,,,,,,,,,,,,,,,,,,,,C/C,C/C,5.661577873940788,5.533624032674576,4.882134889334652,,,,,,,,,,,,,,,,,,,,,,,,,,,,,,,,,,,,,,,,,,,,,,,,,,,,,,,,,,,,,,,,,,,,,,,,,,,,,,,,,,,,,,,C/C,5.429455781389325e-06,,,,,,,,,,,,,,,,,,,,,,,,,,,,,,,,,,,,,,,,,,,,,,,,,,,,,,,,,,,,,,,,,,,,,,,,,,,,,,,,,,,,,,,,,,,,,,,,,,,,,,,,,,,,,,,,,,,,,,,,,,,,,,,,,,,,,,,,,,,,,,,,,,,,,,0.9683859539558592,0.9243130049528628,0.9810487255248797,7.238003050932958,0.4452161094133987,7.881737420018831,A,D,1,1.0,1.0,1.0,1.0,0.0,6.147769942863638,1.4081293109136799,-4.749743257272088,0.4409255166224544,1.4775743369369598,0.3695469617660543,-0.35331671701819856,-0.09861107761164689,0.018680080668202453,0.36494332470953644,0.0,37.0,0.0,,-15.0,-14.698970004336019,0.0,0.0,1.0,0.0,0.0,1.0,0.0,0.0,6.0,8,0.75,57.04803949274876,5.358683787714638,0.9500338059445905,-0.6437343690858723,0.9810487255248797,6.0,0.0,6.0,0.0,0.0,0.0,0.0,0.0,0.8215209917795393,0.0,0.0,0.0,0.0,0.0,0.0,0.0,1.0,0.0,0.0,0.0,1.0,0.0,polar,neg_charged,polar_to_neg_charged,0.0,0.0,0.0,0.0,0.0,0.0,1.0,0,0.8665984305697714
VAR_000930,,,,,,,6.156900008741324e-07,0.0880377699013125,3.252128780162565e-18,0.0005253031874759,1.0531298326002591e-09,0.0172519974175175,0.0016795347017298,1.490469841841132e-05,0.0335562706277219,,,,,,,,,,,0.0216994102159157,gnomADe_REMAINING,,,,,,,,,,,,,,,,,,,,,,,,,,,,,,,,,,,,,,,,,,,,,,,,,,,,,,,,,,,,,,,,,,,,,,,,,,C/C,C/C,5.949005640442941,4.7793854766361,2.5356836697485114,1.0,0.0028376407169306,1.0,1.0,8.830715315801765e-07,1.0,0.0,9.054979690599383e-05,1.0,1.0,3.364601386335242e-05,1.0,0.0,0.0106042473068355,1.0,0.0,5.343721294090626e-16,1.0,0.0,0.001338811344268,1.0,0.0,0.0015546780362571,1.0,1.0,8.025110227046025e-10,1.0,0.0,0.0667948219845234,1.0,0.0,2.345036905460539e-10,1.0,0.0,4.930781157856639e-07,1.0,1.0,7.607187413334351e-08,1.0,0.0,4.567564427982503e-09,1.0,0.0,0.0013342971868883,1.0,0.0,0.0510239779938983,1.0,1.0,3.752815983260268e-09,1.0,1.0,0.007182706650667,1.0,0.0,0.0043227332532891,1.0,0.0,8.2417751791835e-05,1.0,0.0,0.0024806206237077,1.0,1.0,5.300920765859912e-06,1.0,0.0,1.615978053916265e-09,1.0,1.0,0.0007470531490288,1.0,1.0,0.051182776361013,1.0,0.0,2.017640996886845e-18,1.0,1.0,0.0002312770683656,1.0,0.0,8.638492044265263e-06,1.0,,,C/C,0.0001207194076464,,,,,,,,,,,,,,,,,,,,,,,,,,,,,,,,,,,,,,,,,,,,,,,,,,,,,,,,,,,,,,,,,,,,,,,,,,,,,,,,,,,,,,,,,,,,,,,,,,,,,,,,,,,,,,0.0,0.0011965814781762,1.0,3.00819962346358e-05,1.0,0.0,1.0,9.974457284437142e-18,1.0,0.0,0.0,0.0104558167867697,1.0,0.0,1.0,0.0,0.075557985772558,1.0,0.0,0.0,0.000709564887437,1.0,1.0,1.0,7.577802178465425e-20,1.0,0.0,0.0,0.0079845877937469,1.0,0.0,0.0,2.4785947492838712e-05,1.0,0.0,1.0,1.1621841753627288e-14,1.0,0.0,0.0,0.9937544885065874,0.9975423546241506,1.0,3.5390669361680898,0.5584917604503643,1.8730091585275432,L,V,0,1.0,0.0,1.0,1.0,0.0,0.15513654130202958,-6.518441590034666,3.447798758252011,-1.1332416054018482,1.4222033394094327,-0.7066066278108585,0.03484254105353157,-0.436566681742623,-0.09606949486791574,0.014370176517578652,10.0,135.0,0.0880377699013125,3.252128780162565e-18,-1.0553309671616293,-14.998589910072571,1.0,1.0,0.0,0.0,100.0,0.0,1.0,0.0,42.0,53,0.7924528301886793,6.628704784084844,4.74953576971032,0.9937544885065874,1.6660577776405465,1.0,4.0,1.0,3.0,0.0,0.0,0.0,1.0,0.0,0.686920920297272,0.0,0.0,0.0,0.0,0.0,0.0,0.0,1.0,0.0,0.0,0.0,1.0,0.0,hydrophobic,hydrophobic,hydrophobic_to_hydrophobic,0.0,0.0,0.0,0.0,0.0,0.0,0.0,0,0.5631713314274286
VAR_003634,0.0001896888543667,1.6697939790327529e-07,0.0021477842585713,2.703045054348791e-12,1.84176604912358e-08,0.0015010135959969,0.0001510840258044,0.001542361486077,0.0838897106245435,0.0816860188508596,0.0001504645097438,1.4362105515627314e-06,0.0019119239791377,0.0175234771465103,0.0018848605608865,6.503502721950019e-05,2.1679234247026975e-05,0.0021233151817867,0.0484807528666003,0.020255549982093,0.0429191057161556,2.971958296018043e-06,0.0086599579373671,7.825536804136907e-06,0.0009439381084352,0.026299629816102,gnomADg_MID,0.0,0.0002439892225781,1.0,0.0037916954545768,1.0,7.489418753163184e-07,1.0,4.2174980023288266e-24,1.0,6.550588593719684e-09,0.0,0.0358308700020497,0.0,1.819989599517992e-10,1.0,0.0,1.2164501657761184e-06,1.0,0.0,1.0093223134852498e-11,1.0,1.0,0.0092011239316257,0.0,0.0,0.0006189033015578,1.0,1.0,5.7877303881058346e-05,1.0,0.0,0.0203309705504725,1.0,1.0,1.7291011002392354e-06,1.0,0.0,0.0009740262961283,1.0,1.0,0.0013188272167687,1.0,1.0,0.0091836735700313,1.0,1.0,0.0012826411994369,1.0,0.0,9.03656549903858e-09,0.0,1.0,0.0011090342447968,1.0,1.0,0.0150442350482395,0.0,1.0,0.0984099972250434,1.0,1.0,3.526673606036368e-05,1.0,1.0,0.0001203368472182,1.0,1.0,0.0036756027638091,1.0,AllofUs_SAS,1.0,0.0044275963090214,1.0,A/A,A/A,4.898881346458977,5.263347118057538,5.494783272567743,0.0,0.0135127702921377,1.0,0.0,9.93399538224309e-05,1.0,1.0,0.0002540737182863,1.0,1.0,0.0052790614782278,1.0,0.0,2.257253757176065e-05,1.0,0.0,0.0744348829298061,1.0,0.0,4.0384621432943744e-05,1.0,1.0,2.79963144483478e-05,1.0,0.0,2.60919031756174e-05,1.0,0.0,0.0009317394044609,1.0,0.0,0.0018833722738895,1.0,1.0,1.2038615503461943e-05,1.0,0.0,0.0232451795740446,1.0,0.0,0.0016802265531013,1.0,0.0,0.0008552044216833,1.0,1.0,0.0031225418570813,1.0,0.0,0.0012615932684991,1.0,1.0,0.0007024087568974,1.0,1.0,0.0887542622285858,1.0,0.0,2.280531723265041e-05,1.0,0.0,0.0001281600858469,1.0,0.0,0.0021600004718566,1.0,0.0,0.0214030511624974,1.0,1.0,3.512099839796505e-05,1.0,0.0,2.6100869474448424e-05,1.0,1.0,9.187694433431743e-06,1.0,1.0,0.0161534879233934,1.0,1.0,0.000274859517033,1.0,0.0,0.069200162144169,A/A,0.0091986154377842,0.0,0.0003117035740578,0.0,0.0005701318885875,1.0,1.0,0.0,5.4926328743006296e-05,1.0,1.0,1.0,0.0,0.05006041727324,1.0,1.0,1.0,0.0001671988995657,1.0,1.0,0.0,1.3850402381766309e-06,1.0,0.0,0.0,0.0034299119516978,1.0,1.0,0.0,0.0018386113370029,1.0,0.0,0.0,0.0150029886403803,1.0,0.0,0.0,,1.0,0.0609279775323009,1.0,0.0079398397993354,1.0,0.0,1.0,0.014901060190337,1.0,0.0,1.0,1.0,0.0089089029701498,1.0,1.0,0.0,2.0472801168462745e-15,1.0,0.0,0.0,0.0210502624157188,1.0,1.0,0.0,0.0038011240015188,1.0,1.0,1.0,0.0017142842309831,1.0,0.0,1.0,0.0090861785099133,1.0,0.0,1.0,1.0,0.0002787323648517,1.0,3.80319377203382e-07,1.0,0.0,1.0,2.0102032336001607e-10,1.0,0.0,1.0,0.0,4.57428916056543e-25,1.0,0.0,1.0,7.687881275735742e-05,1.0,0.0,1.0,1.1779699914216642e-05,1.0,1.0,1.0,0.0014758590918655,1.0,0.0,1.0,0.0047739891032447,1.0,0.0,0.0,0.0018900720733264,1.0,1.0,1.0,0.0,0.0001270668932684,0.0,0.0079573388566748,1.0,0.0,1.0,0.0075534628762444,1.0,1.0,0.0,0.0878831684762918,1.0,1.0,1.0,0.0,8.837314327504332e-05,1.0,1.0,1.0,4.923965583258996e-06,1.0,1.0,0.0,3.382095399691192e-13,1.0,1.0,1.0,0.0350591164384316,1.0,1.0,1.0,0.0052194589755099,1.0,1.0,1.0,0.0018322105024612,1.0,0.0,0.0,0.9833648282461868,0.9449365063218912,0.9670421044210824,5.419092762374559,0.7429661950024528,10.920802702595584,D,V,0,0.0,0.0,0.0,0.0,0.0,-9.939737301468613,1.6424272069225767,-0.1529206172059051,0.6463070456984708,-1.168225399097953,-1.7654010083555487,-2.2843854086041286,-0.7466972971602102,0.05380214476563621,-0.049478246439440134,26.0,333.0,0.0838897106245435,2.703045054348791e-12,-1.0762913036887904,-11.567986076527719,1.0,1.0,0.0,1.0,676.0,0.0,0.0,1.0,89.0,103,0.8640776699029126,59.18084288495625,5.175790434748714,0.9509551929208687,-5.5017099402210246,0.9833648282461868,6.0,0.0,6.0,0.0,0.0,0.0,0.0,1.0,0.5599181166837257,0.0,0.0,0.0,0.0,0.0,0.0,1.0,0.0,0.0,0.0,0.0,1.0,0.0,neg_charged,hydrophobic,neg_charged_to_hydrophobic,0.0,0.0,0.0,0.0,0.0,0.0,1.0,0,0.8689988789784081
VAR_001085,0.0671767290918531,0.0072655667142966,0.0064911251094525,1.948247985379284e-09,0.0089100000198985,1.6328876555952288e-12,0.0047504357040943,0.0012869877345255,0.0043755731353827,0.011894413880249,4.7527542920552476e-08,0.00070767,0.0054776717052211,0.003621912827362,0.0197525066425494,0.0036248036601795,0.0012130163270764,1.255239764301401e-06,0.0083588359172885,1.2835206161287646e-11,1.7155208280311508e-10,0.0057114535659068,0.0049676647969662,0.0069848817239958,0.0052339174043902,0.0408511554830712,EUR,1.0,0.0028767126926202,0.0,0.0027654060226663,1.0,0.0066508458198795,1.0,9.598218461270737e-14,0.0,0.0092583268033453,0.0,0.0022405300688844,1.0,0.0163844275884406,1.0,1.0,0.0012442100545943,1.0,0.0,0.0001057249683057,1.0,0.0,0.0007582907614341,1.0,0.0,0.0060863108228941,1.0,1.0,0.0050523347716874,1.0,0.0,0.0058555988381892,1.0,1.0,0.0051428592936652,1.0,1.0,0.0271889930988887,1.0,1.0,0.0024345123388332,1.0,1.0,3.408269451862645e-08,1.0,1.0,0.0044624123760614,1.0,1.0,0.0010740259599789,1.0,0.0,0.0055509690150151,1.0,1.0,0.0050483617059928,1.0,0.0,7.1334011213081145e-06,1.0,1.0,0.0103133241813733,1.0,1.0,0.0055296299619794,1.0,0.0,0.0049969180470319,1.0,AllofUs_AMR,0.0,1.1696655478727945e-17,1.0,A/A,A/A,5.349957914458482,5.178064147085689,,1.0,0.001121146489009,1.0,1.0,0.0043795045280249,1.0,0.0,0.0214995096983328,1.0,1.0,0.0525550647049999,1.0,1.0,0.0165834433714139,1.0,1.0,0.0035604572404207,1.0,0.0,0.0023386987004717,1.0,1.0,0.0051929236010181,1.0,1.0,0.0009684005859936,1.0,1.0,0.001731103449116,1.0,1.0,0.0749492463971217,1.0,1.0,0.0055161000004213,1.0,1.0,0.0415004929942105,1.0,0.0,0.0022797000540355,1.0,0.0,0.0002101527845737,1.0,1.0,0.0068351528399665,1.0,1.0,0.0044978306067132,1.0,0.0,0.0026347396574616,1.0,0.0,0.0472062888826577,1.0,0.0,0.0011844000040016,1.0,1.0,0.0031313565882879,1.0,0.0,0.0002853963048611,1.0,1.0,0.0009510570735083,1.0,1.0,0.0005759100833163,1.0,1.0,0.0049761001807153,1.0,0.0,0.0017091138754229,1.0,1.0,0.0044460002751823,1.0,1.0,0.0014137720253455,1.0,1.0,0.0036110165400027,A/A,0.0093178771151282,1.0,0.0030601626958299,1.0,0.0014032557312794,1.0,0.0,1.0,0.003997197011798,1.0,1.0,1.0,1.0,0.0202371947386763,1.0,1.0,0.0,3.7525846866875553e-07,1.0,1.0,1.0,0.0008736857131079,1.0,1.0,1.0,0.0056768320519215,1.0,0.0,1.0,0.0056177554011416,1.0,0.0,1.0,0.0013874750403622,1.0,0.0,0.0,,1.0,0.003386249595567,0.0,0.0013469911338296,1.0,1.0,1.0,0.0040192650000433,1.0,0.0,1.0,1.0,0.0003761030477575,1.0,1.0,0.0,6.2083382318700526e-06,1.0,1.0,1.0,0.0051819244603025,1.0,0.0,1.0,0.0051625440071993,1.0,0.0,1.0,0.005162832981244,1.0,0.0,0.0,0.0001619775975441,1.0,1.0,1.0,1.0,0.0082577320167188,0.0,0.0021554942458445,1.0,0.0,1.0,0.010468331532547,1.0,1.0,1.0,1.0,0.0005121242536086,1.0,0.0,0.0,1.4895684406664887e-09,1.0,1.0,1.0,0.0011449081434698,1.0,1.0,1.0,0.0066401218161436,1.0,1.0,1.0,0.0094839258005504,1.0,1.0,0.0,0.0002695946124381,1.0,0.0,1.0,1.0,0.0043016684735227,1.0,0.0011633760018651,1.0,1.0,0.0,3.880812546601669e-05,1.0,0.0,1.0,0.0052856408840478,1.0,1.0,1.0,0.0,0.0514384096600518,1.0,0.0,1.0,0.001085222689988,1.0,1.0,1.0,0.002120909235757,1.0,0.0,1.0,0.0063378191140951,1.0,0.0,1.0,0.0052978140000827,1.0,0.0,0.0,0.0246535379346824,1.0,1.0,0.0,1.0,1.0,1.0,6.958899975861758,0.7109487080007684,11.260105299223577,K,E,0,0.0,0.0,0.0,0.0,1.0,-9.939737301468613,1.6424272069225767,-0.1529206172059051,0.6463070456984708,-1.168225399097953,-1.7654010083555487,-2.2843854086041286,-0.7466972971602102,0.05380214476563621,-0.049478246439440134,26.0,333.0,0.0671767290918531,1.6328876555952288e-12,-1.1727811462511537,-11.78677780841096,1.0,1.0,0.0,1.0,676.0,0.0,0.0,1.0,96.0,103,0.9320388349514563,78.3579464949678,5.178064147085689,1.0,-4.301205323361819,1.0,5.0,0.0,5.0,0.0,0.0,0.0,0.0,0.0,0.5999370128336352,0.0,1.0,0.0,0.0,0.0,0.0,0.0,0.0,0.0,0.0,0.0,1.0,0.0,pos_charged,neg_charged,pos_charged_to_neg_charged,0.0,0.0,0.0,0.0,0.0,0.0,1.0,1,0.6789618004220529
VAR_001053,,,,,,,0.0004987937435882,0.0012735672406457,1.0403758585619625e-07,4.522360908156318e-15,0.0128517158455161,5.0271330291888937e-08,1.0061177946631065e-06,0.0002777922977397,0.0147669366553136,,,,,,,,,,,0.0141450570985185,gnomADe_NFE,,,,,,,,,,,,,,,,,,,,,,,,,,,,,,,,,,,,,,,,,,,,,,,,,,,,,,,,,,,,,,,,,,,,,,,,,,C/C,C/C,5.004077958159025,0.0832843551994021,-0.7264133845513937,1.0,1.3636239119845204e-07,1.0,0.0,0.0003507861927801,1.0,0.0,4.4111181930790845e-05,1.0,0.0,5.993176923454588e-13,1.0,1.0,7.13114108748849e-05,1.0,1.0,2.101559994644412e-08,1.0,0.0,2.882614686262128e-07,1.0,1.0,0.0010604170189139,1.0,1.0,5.777277058639016e-05,1.0,1.0,0.0584528287178712,1.0,0.0,0.0017447626168759,1.0,0.0,0.0474492271778966,1.0,0.0,0.0013708070666741,1.0,1.0,0.0007245981752847,1.0,1.0,0.002018118798826,1.0,0.0,1.9917e-07,1.0,0.0,6.814792145987543e-08,1.0,1.0,0.0112160358241748,1.0,0.0,0.0001536943303874,1.0,0.0,0.000323495408449,1.0,0.0,1.499465819398321e-05,1.0,0.0,0.0012457049164749,1.0,0.0,0.0145822352547904,1.0,0.0,0.0044848625630181,1.0,1.0,2.799682428640124e-07,1.0,1.0,0.0012271350810858,1.0,1.0,2.2679880451733559e-07,1.0,0.0,9.75624825772754e-10,1.0,,,C/C,0.0264476721972605,,,,,,,,,,,,,,,,,,,,,,,,,,,,,,,,,,,,,,,,,,,,,,,,,,,,,,,,,,,,,,,,,,,,,,,,,,,,,,,,,,,,,,,,,,,,,,,,,,,,,,,,,,,,,,0.0,9.008962296426572e-06,1.0,0.0007623248578783,1.0,0.0,1.0,3.5123869867343564e-05,1.0,1.0,1.0,0.0981447123627567,1.0,1.0,1.0,1.0,0.0028047182577104,1.0,0.0,0.0,2.4226817716875977e-05,1.0,0.0,1.0,7.755937418749744e-09,1.0,1.0,1.0,2.143421994610537e-06,1.0,1.0,0.0,1.7487624998144308e-06,1.0,1.0,1.0,0.0050802726141475,1.0,1.0,1.0,0.0,0.1927545200647304,,0.0318172787853605,-0.1879324238626388,,A,V,0,1.0,0.0,1.0,1.0,0.0,0.15513654130202958,-6.518441590034666,3.447798758252011,-1.1332416054018482,1.4222033394094327,-0.7066066278108585,0.03484254105353157,-0.436566681742623,-0.09606949486791574,0.014370176517578652,10.0,135.0,0.0147669366553136,4.522360908156318e-15,-1.8307095880784394,-14.25787521390486,0.0,1.0,0.0,0.0,100.0,0.0,1.0,0.0,47.0,53,0.8867924528301887,,0.0,,,0.1927545200647304,1.0,2.0,-1.0,0.0,0.0,1.0,1.0,0.0,0.8264378219714592,0.0,0.0,0.0,0.0,0.0,0.0,0.0,1.0,0.0,0.0,0.0,1.0,0.0,polar,hydrophobic,polar_to_hydrophobic,0.0,0.0,0.0,0.0,0.0,0.0,1.0,0,0.7266393722279085
VAR_004709,,,,,,,0.0002101739221513,1.6673861833099188e-06,0.0001007160457404,6.088949101271326e-06,0.0986371111669982,7.508925340045337e-05,0.0002424850829382,0.0001539055582948,8.068949932374575e-09,7.095600000000091e-05,1.964626057771188e-06,2.0133248448442383e-10,6.70074895988158e-05,0.0065113219227444,0.0071557139846638,1.0765110366586786e-07,0.0153402592197487,0.0004302242441492,0.0703120139509346,0.0004687200044688,gnomADe_MID,,,,,,,,,,,,,1.0,0.0148991077282791,1.0,1.0,5.636287080152735e-05,1.0,1.0,0.0009228209449049,1.0,0.0,0.000123643194742,1.0,1.0,0.0001650869445146,1.0,1.0,0.0008779160987013,1.0,0.0,1.6754456095693396e-06,1.0,0.0,0.0004313378645235,1.0,0.0,0.0043684654905627,1.0,1.0,4.06231421640391e-05,1.0,0.0,4.724839313722924e-07,1.0,0.0,0.0001671315668588,1.0,0.0,0.003097960839611,1.0,1.0,0.0002966173175324,1.0,1.0,0.0002926836385389,1.0,1.0,0.0057660822989142,0.0,0.0,0.0027386889543052,1.0,0.0,0.0002651927711455,1.0,0.0,0.0005037723301937,1.0,AllofUs_AMR,1.0,2.004214406685873e-07,0.0,T/T,T/T,5.286756770625011,4.265678424381662,4.535026873809674,1.0,3.577510918918084e-05,1.0,1.0,0.0174895604358091,1.0,0.0,7.690635165015103e-06,1.0,0.0,9.707594340119826e-06,1.0,0.0,0.0248533387842253,1.0,0.0,0.0047402925212852,1.0,0.0,0.0073749935899596,1.0,0.0,0.0376584103542835,1.0,1.0,4.158876564911202e-05,1.0,0.0,0.0043440105893461,1.0,1.0,0.0262940424440834,1.0,0.0,0.0243109149043466,1.0,1.0,0.003773591605643,1.0,0.0,0.0002697518979278,1.0,0.0,0.0003747042840418,1.0,1.0,0.0004152632039203,1.0,1.0,0.0003600395640307,1.0,1.0,9.491936685890493e-05,1.0,1.0,0.0001478714601749,1.0,0.0,0.0088702576705964,1.0,1.0,6.955200164591362e-05,1.0,1.0,9.135000000105738e-06,1.0,1.0,4.950900000000213e-05,1.0,0.0,0.003265888713975,1.0,1.0,0.0010261694476464,1.0,1.0,0.0001066825542525,1.0,0.0,0.0445786533851511,1.0,0.0,3.4133338723752226e-05,1.0,1.0,0.0122124166689806,T/T,0.0009225000005208,1.0,0.0132474060103668,1.0,0.0002408606792038,1.0,1.0,0.0,0.0022595123254435,1.0,0.0,1.0,0.0,0.0770013163632377,1.0,0.0,0.0,4.115862549861613e-07,1.0,1.0,0.0,7.225338389831575e-07,1.0,0.0,1.0,8.425976741470398e-05,1.0,1.0,0.0,8.42420700061324e-05,1.0,0.0,0.0,4.0329128543195815e-08,1.0,1.0,1.0,,1.0,0.0018307337068857,1.0,5.250437013687119e-12,1.0,1.0,0.0,7.913797237717764e-05,1.0,1.0,1.0,1.0,1.1306991325182371e-09,1.0,0.0,0.0,8.671122995417613e-06,1.0,0.0,1.0,1.2276115788491615e-09,1.0,0.0,0.0,0.0003060467040237,1.0,1.0,0.0,0.0001316182064092,1.0,0.0,0.0,4.940587201489805e-10,1.0,0.0,0.0,1.0,0.002489340331066,1.0,6.7810567684496435e-09,1.0,0.0,1.0,0.0076025374509553,1.0,0.0,1.0,1.0,7.09769632718412e-05,1.0,0.3021647594293202,0.0,0.0050696221351035,1.0,0.0,1.0,5.070063144998038e-10,1.0,1.0,1.0,0.0032694016977754,1.0,0.0,0.0,0.0046499061385717,1.0,0.0,0.0,0.0190939202660298,1.0,0.0,0.0,0.0,0.0002886126568549,0.0,4.301562837146287e-22,1.0,0.2853128994983755,0.0,9.601085725150962e-05,1.0,0.0,1.0,0.0932738859230971,1.0,1.0,1.0,0.0,0.0066691546847454,1.0,0.0,0.0,0.0063763790564116,1.0,1.0,0.0,3.06942543609135e-08,1.0,0.0,1.0,0.0002102794038322,1.0,1.0,0.0,0.0004444723615265,0.0,1.0,1.0,0.0201114328218156,1.0,1.0,1.0,0.7566228308914493,1.0,1.0,1.5053085974891236,0.7286365529047261,2.3891168018315643,Y,C,0,1.0,0.0,0.0,1.0,0.0,-9.664425758298718,1.3499860969377946,-0.12602191691733247,0.37741946761678713,-0.3605297514815905,0.1824212032362198,0.9587085413505725,0.7733978267010226,-0.6324834664635439,-0.07939666817866306,20.0,315.0,0.0986371111669982,2.0133248448442383e-10,-1.0059596556195765,-9.696083990051875,1.0,1.0,0.0,1.0,400.0,0.0,0.0,0.0,90.0,103,0.8737864077669902,3.5963580622027727,3.22750968512823,0.7566228308914493,-0.8838082043424407,1.0,4.0,1.0,3.0,0.0,0.0,0.0,1.0,0.0,0.6590443844793896,0.0,1.0,0.0,0.0,0.0,0.0,0.0,0.0,0.0,0.0,0.0,1.0,0.0,hydrophobic,hydrophobic,hydrophobic_to_hydrophobic,0.0,0.0,1.0,0.0,0.0,0.0,0.0,-2,0.8423994292980986
VAR_003546,0.0001801497305264,0.0021362521737515,0.00126000180213,0.0013296394255377,1.2272372156415111e-05,5.713429112207472e-06,0.0003024000085607,0.0717764620648095,0.0005634900000025,0.0052837271030196,0.0262258817369261,0.0710496558698722,0.0008434405466073,0.0265981287363801,3.088791248669277e-06,0.0094085208048817,0.0005431090282516,7.573290512201345e-08,0.0006475500126936,3.649586007484656e-08,9.661462094592273e-08,0.0008956334030916,0.026492804338089,0.0008537244123371,1.524649829269776e-11,0.0012679547568548,AMR,0.0,0.0001802514335252,0.0,0.0001660499762774,1.0,0.0688141079030437,1.0,0.0047709780522453,1.0,1.3316352923843716e-08,0.0,0.0005340549369879,0.0,0.0276046513783518,1.0,1.0,0.0059559550661068,1.0,0.0,2.8821843401005774e-08,1.0,1.0,0.0245381741519155,1.0,0.0,0.0001371909115587,0.0,0.0,0.029009000745112,1.0,1.0,1.0379368809459278e-08,1.0,1.0,0.0014547621447924,1.0,0.0,0.0004762787198209,1.0,1.0,0.0001955415269049,1.0,0.3346563605906241,0.0064833297076516,1.0,0.0,0.0583036551108236,1.0,1.0,0.0001168200000014,1.0,1.0,0.0003796200001591,1.0,1.0,0.0007214440879022,1.0,1.0,8.370900000000002e-05,1.0,0.0,0.0004066401159634,1.0,0.0,0.0437335507406519,1.0,1.0,0.0037562071210317,1.0,AllofUs_AMR,1.0,4.968906389976092e-09,0.0,G/G,G/G,5.479403450149932,6.1686639775066565,4.438421065631808,0.0,0.0002262344400725,1.0,1.0,0.0004731935498688,1.0,0.0,6.88468037362098e-06,1.0,0.0,7.298054213447266e-05,1.0,0.0,0.001998547542826,1.0,1.0,0.0003879636034771,1.0,0.0,0.0001660540474635,1.0,1.0,0.0007223041767375,1.0,1.0,0.0001032300000134,1.0,0.0,0.00021195,1.0,0.0,0.0059189497967596,1.0,1.0,0.004457212154346,1.0,1.0,0.0031304922291455,1.0,1.0,0.00803916671101,1.0,1.0,0.025645014367938,1.0,0.0,0.0040209885827218,1.0,0.0,0.0468250035630709,1.0,0.0,0.0273634736277635,1.0,0.0,0.0004669256356777,1.0,1.0,0.0018575836585325,1.0,0.0,0.0009706545305401,1.0,1.0,2.611800000012416e-05,1.0,1.0,0.0001214874861771,1.0,1.0,0.0480383881814457,1.0,0.0,0.0357233031428972,1.0,1.0,0.0002050716726421,1.0,1.0,0.0006252122846631,1.0,0.0,0.0001877449006336,1.0,0.0,0.0003569745087885,G/G,0.010281601005771,0.0,0.0001813093805888,0.0,0.0002514695452889,1.0,0.0,1.0,0.0003170058085295,1.0,0.0,1.0,0.0,0.004936541973679,1.0,1.0,0.0,0.0098797483248312,1.0,0.0,0.0,0.0170817769700477,1.0,1.0,1.0,0.0006775061786299,1.0,1.0,0.0,0.0003174241984137,1.0,1.0,0.0,0.0002658800696484,1.0,1.0,0.0,,1.0,0.0002394144,1.0,0.0002511123618926,1.0,1.0,0.0,0.000947563107292,1.0,1.0,1.0,1.0,0.0013792642067334,1.0,0.0,1.0,3.87397258441781e-08,1.0,1.0,0.0,0.0612522370263935,1.0,1.0,0.0,0.079460792705661,1.0,1.0,1.0,0.0004729899205166,1.0,0.0,0.0,0.0005825406845279,1.0,0.0,1.0,0.0,0.0002343968326273,1.0,0.0002566834519249,1.0,0.0,0.0,0.0003539449796001,1.0,1.0,1.0,1.0,0.0034042408750084,1.0,1.0,1.0,6.803287830210786e-17,1.0,1.0,0.0,3.787913805210868e-11,1.0,0.0,1.0,0.0387617375029311,1.0,0.0,0.0,0.0003538747882421,1.0,1.0,0.0,7.786563578895223e-12,1.0,0.0,1.0,0.0,0.0848077371960722,0.0,0.0149759323918909,1.0,1.0,0.0,0.0012397106214386,1.0,1.0,0.0,0.0005849032475672,1.0,0.0,1.0,0.0,2.2227246188721293e-08,1.0,0.0,1.0,1.2317816308144928e-06,1.0,1.0,0.0,8.80043383650084e-13,1.0,0.0,1.0,0.0003634477291839,1.0,1.0,0.0,0.0375844765551049,1.0,0.0,1.0,0.0006472208457946,1.0,0.0,1.0,1.0,0.8180619698166403,1.0,4.45399805919725,0.734319463788068,5.36009663036957,A,P,0,0.0,0.0,0.0,0.0,0.0,-9.939737301468613,1.6424272069225767,-0.1529206172059051,0.6463070456984708,-1.168225399097953,-1.7654010083555487,-2.2843854086041286,-0.7466972971602102,0.05380214476563621,-0.049478246439440134,26.0,333.0,0.0717764620648095,1.524649829269776e-11,-1.1440179522941898,-10.816801406599348,1.0,1.0,0.0,1.0,676.0,0.0,0.0,1.0,90.0,103,0.8737864077669902,23.873859988775788,6.1686639775066565,1.0,-0.9060985711723202,1.0,4.0,0.0,4.0,0.0,0.0,0.0,0.0,0.0,0.6807639539188571,0.0,1.0,0.0,0.0,0.0,0.0,0.0,0.0,0.0,0.0,0.0,1.0,0.0,polar,special,polar_to_special,0.0,1.0,0.0,0.0,1.0,0.0,1.0,0,0.8921167238645714
VAR_000984,,,,,,,,,,,,,,,,,,,,,,,,,,,,,,,,,,,,,,,,,,,,,,,,,,,,,,,,,,,,,,,,,,,,,,,,,,,,,,,,,,,,,,,,,,,,,,,,,,,,,G/G,G/G,6.054017236819341,5.2233926380938165,,,,,,,,,,,,,,,,,,,,,,,,,,,,,,,,,,,,,,,,,,,,,,,,,,,,,,,,,,,,,,,,,,,,,,,,,,,,,,,,,,,,,,,,G/G,,,,,,,,,,,,,,,,,,,,,,,,,,,,,,,,,,,,,,,,,,,,,,,,,,,,,,,,,,,,,,,,,,,,,,,,,,,,,,,,,,,,,,,,,,,,,,,,,,,,,,,,,,,,,,,,,,,,,,,,,,,,,,,,,,,,,,,,,,,,,,,,,,,,,,,0.9625586318780424,0.9572128085958008,0.9937630904823552,10.001182029245406,0.704718385374641,9.595796171152848,A,P,1,1.0,1.0,1.0,1.0,1.0,7.9832658475143266,1.110473819360434,0.7581133467456967,0.8939678506860212,-0.051531957628236036,0.3355656458072709,-0.36501707859039345,0.34222455309622,-0.05071508944522977,-0.11988723048277419,0.0,0.0,0.0,,-15.0,-14.698970004336019,0.0,0.0,1.0,0.0,0.0,1.0,0.0,0.0,0.0,1,0.0,95.96930422323574,5.027821671485422,0.9565552407855911,0.4053858580925578,0.9937630904823552,5.0,0.0,5.0,0.0,0.0,0.0,0.0,0.0,0.8215209917795393,0.0,0.0,0.0,0.0,0.0,0.0,0.0,1.0,0.0,0.0,0.0,1.0,0.0,polar,special,polar_to_special,0.0,1.0,0.0,0.0,1.0,0.0,1.0,0,0.8921167238645714
VAR_004556,,,,,,,,,,,,,,,,,,,,,,,,,,,,,,,,,,,,,,,,,,,,,,,,,,,,,,,,,,,,,,,,,,,,,,,,,,,,,,,,,,,,,,,,,,,,,,,,,,,,,A/A,A/A,5.152696772176745,3.111783487408039,2.0675313991804267,,,,,,,,,,,,,,,,,,,,,,,,,,,,,,,,,,,,,,,,,,,,,,,,,,,,,,,,,,,,,,,,,,,,,,,,,,,,,,,,,,,,,,,A/A,,,,,,,,,,,,,,,,,,,,,,,,,,,,,,,,,,,,,,,,,,,,,,,,,,,,,,,,,,,,,,,,,,,,,,,,,,,,,,,,,,,,,,,,,,,,,,,,,,,,,,,,,,,,,,,,,,,,,,,,,,,,,,,,,,,,,,,,,,,,,,,,,,,,,,,0.9729134902776578,0.9639535898991736,0.9486066666421014,4.182097403937901,0.756,5.417945367316378,F,L,0,1.0,1.0,1.0,1.0,0.0,7.9832658475143266,1.110473819360434,0.7581133467456967,0.8939678506860212,-0.051531957628236036,0.3355656458072709,-0.36501707859039345,0.34222455309622,-0.05071508944522977,-0.11988723048277419,0.0,0.0,0.0,,-15.0,-14.698970004336019,0.0,0.0,1.0,0.0,0.0,1.0,0.0,0.0,0.0,1,0.0,22.658375255331197,3.0274961337225372,0.9229122229434215,-1.2358479633784771,0.9729134902776578,4.0,0.0,4.0,0.0,0.0,0.0,0.0,0.0,0.8215209917795393,0.0,0.0,0.0,0.0,0.0,0.0,0.0,1.0,0.0,0.0,0.0,1.0,0.0,hydrophobic,hydrophobic,hydrophobic_to_hydrophobic,0.0,0.0,0.0,0.0,0.0,0.0,0.0,0,0.7036657947609841
VAR_000555,,,,,,,0.0004184121519056,5.3842197052152784e-05,0.0001858926866195,0.0005058058495491,0.0851026161307232,0.0007004494577998,0.0006288687485404,0.000434520029934,1.737039263440493e-07,0.0039441859272825,0.0001112178968961,2.8758839835475345e-05,0.00011772,1.391864079197875e-16,2.269415117584407e-05,0.002335627779709,0.0099786940513196,0.0004298406283623,0.0064149664038802,0.0005725078548231,gnomADe_NFE,,,,,,,,,,,,,1.0,0.0084286603385073,1.0,0.0,0.0087738516538042,1.0,0.0,0.0031112558966481,1.0,0.0,6.937310937048088e-10,0.0,1.0,0.021381941038874,1.0,0.0,0.0019103786161863,1.0,0.0,0.0486640211055064,1.0,1.0,4.485898910985416e-05,1.0,1.0,0.0001523322353245,1.0,1.0,0.0036946441000377,1.0,0.0,0.0004248720709124,0.0,1.0,0.0326461348296788,1.0,1.0,4.6106649538401725e-05,1.0,1.0,0.0522810355567747,1.0,1.0,0.0160497557557102,1.0,1.0,9.91031830916461e-05,1.0,1.0,0.000392490667391,1.0,0.0,0.0004813207706779,1.0,0.0,0.0004813200000208,1.0,AllofUs_OTH,0.0,0.0015394908589883,0.0,C/C,C/C,5.567922009471443,4.609137527395608,1.0166593011054716,1.0,5.239814949590849e-05,1.0,1.0,0.0003957060850621,1.0,0.0,0.0016987436819025,1.0,0.0,0.0203085951448312,1.0,1.0,0.0197773978941117,1.0,0.0,0.0001718100839404,1.0,1.0,0.0003061044743291,1.0,0.0,0.0051030414337067,1.0,1.0,0.0008151985659092,1.0,0.0,5.81750156157584e-05,1.0,0.0,0.0003103284301262,1.0,1.0,0.023103184232052,1.0,0.0,0.0236075790098077,1.0,0.0,0.0005521573566375,1.0,1.0,4.704309156396687e-06,1.0,1.0,0.0008007670538905,1.0,0.0,0.000205855719763,1.0,0.0,0.0019686745265183,1.0,1.0,0.0007302661197553,1.0,1.0,5.032800000221106e-05,1.0,0.0,7.662358429156376e-05,1.0,1.0,0.0002121900108366,1.0,1.0,0.0033553226892407,1.0,0.0,2.5220324990604956e-05,1.0,1.0,0.00013122,1.0,1.0,8.523001405660103e-05,1.0,1.0,0.0001463844623316,1.0,1.0,5.136715131455093e-05,1.0,1.0,0.0123699081271532,C/C,0.0044262201606619,1.0,0.0002312337416865,1.0,1.3041321050235773e-23,1.0,1.0,0.0,5.559717764325668e-05,1.0,1.0,1.0,0.0,0.0964840143685594,1.0,0.0,0.0,7.018568783779708e-05,1.0,0.0,1.0,0.024824989756857,1.0,0.0,0.0,0.0003583708030171,1.0,0.0,0.0,0.0003557267428702,1.0,1.0,1.0,9.344316604049877e-08,1.0,0.0,0.0,,1.0,0.0017774161529755,1.0,0.0012461809454673,1.0,0.0,1.0,5.936349103687544e-05,1.0,0.0,1.0,0.0,1.0699069915209446e-05,1.0,0.0,1.0,1.903509288754604e-09,1.0,0.0,1.0,1.531306486172653e-06,1.0,0.0,0.0,0.0004956860196759,1.0,1.0,0.0,0.0008852668339312,1.0,1.0,1.0,0.0538443008509557,1.0,1.0,1.0,0.0,0.0015312069514954,1.0,1.6517757965373596e-08,1.0,0.0,1.0,6.699513166640368e-05,1.0,1.0,1.0,0.0,1.3123107125853023e-06,1.0,0.0,0.0,0.0069046291223032,1.0,0.0,1.0,2.1372482365710625e-05,1.0,1.0,0.0,0.0609716295364461,1.0,0.0,0.0,0.0004147362,1.0,1.0,1.0,0.0034348071409783,1.0,1.0,0.0,0.0,0.0004014692481425,0.0,7.208847e-05,1.0,1.0,1.0,2.042806968106289e-09,1.0,0.0,0.0,0.0001073055791277,1.0,0.0,1.0,1.0,0.0035814059348928,1.0,0.0,0.0,2.270924061316485e-09,1.0,1.0,1.0,4.2459280230140485e-05,1.0,0.0,0.0,0.0005080464,1.0,1.0,1.0,0.0142530950329146,1.0,0.0,1.0,0.0277320064127664,1.0,0.0,1.0,0.9720375840760648,0.9367427978032242,1.0,2.1183697098961125,0.6425546838997768,0.8411172773883847,H,Q,0,1.0,0.0,0.0,1.0,0.0,-9.664425758298718,1.3499860969377946,-0.12602191691733247,0.37741946761678713,-0.3605297514815905,0.1824212032362198,0.9587085413505725,0.7733978267010226,-0.6324834664635439,-0.07939666817866306,20.0,315.0,0.0851026161307232,1.391864079197875e-16,-1.0700570891084342,-14.94340520541425,1.0,1.0,0.0,1.0,400.0,0.0,0.0,0.0,91.0,103,0.883495145631068,1.7817973628898405,4.480254906803953,0.9720375840760648,1.2772524325077277,1.0,3.0,1.0,2.0,0.0,0.0,1.0,1.0,0.0,0.8264378219714592,0.0,0.0,0.0,0.0,0.0,1.0,0.0,0.0,0.0,0.0,0.0,1.0,0.0,pos_charged,polar,pos_charged_to_polar,0.0,0.0,0.0,0.0,0.0,0.0,1.0,0,0.8069457163892331
VAR_001252,,,,,,,0.0006962416566482,0.0003226500002702,1.9652880407926885e-06,0.0034189319582425,2.4684927831365032e-05,0.0325626547486634,5.6655000154281726e-06,0.0049714370713626,0.0001514193969419,0.000169166364347,0.0193645507081722,1.77879328091877e-07,0.0225170425692621,0.0231129444297743,7.518982778629094e-10,5.947744789887714e-09,1.3494373953934589e-05,0.0003146139913182,0.0048093721623656,0.0003226557396234,gnomADe_AFR,,,,,,,,,,,,,0.7745020437152792,0.0205930170814318,1.0,1.0,0.0001203614299739,1.0,1.0,1.5800603608777325e-06,1.0,0.0,0.0183742011619769,1.0,1.0,1.9710825651019864e-11,0.0,1.0,4.032228922475648e-17,1.0,1.0,4.96145119588108e-05,1.0,0.0,0.014604158604246,1.0,1.0,0.0029227434491554,1.0,0.9960589705565746,0.0005238294855762,1.0,0.0,2.1179294247728784e-05,0.0,1.0,0.01935733852012,1.0,0.0,0.00028359,1.0,0.0,0.078232188321989,1.0,0.0,2.6183997306413012e-23,0.0,1.0,0.0148323436971008,1.0,1.0,1.0569088806762755e-05,1.0,0.0,6.016509780824348e-05,1.0,1.0,0.0003015273602717,1.0,AllofUs_AFR,1.0,0.0022405240765616,1.0,G/G,G/G,5.7235719609327065,5.535287434722738,6.5,1.0,0.0002015638783307,1.0,0.0,0.0637422424038568,1.0,0.0,2.04542115616691e-14,1.0,1.0,0.0053996365073358,1.0,1.0,7.531940156957044e-06,1.0,1.0,0.003353048742022,1.0,0.0,6.43947957095418e-05,1.0,0.0,8.536721182191547e-06,1.0,1.0,0.0001545300358903,1.0,1.0,0.0422777779430346,1.0,0.0,0.0562634720746386,1.0,1.0,0.0001356928742351,1.0,1.0,0.000211177828129,1.0,1.0,1.883578393223316e-05,1.0,1.0,5.216884052519264e-05,1.0,1.0,0.0475965261014046,1.0,1.0,1.7268394315499386e-06,1.0,1.0,0.0010760335067524,1.0,1.0,0.0105258251620847,1.0,0.0,0.0002966400056389,1.0,1.0,0.043173491098059,1.0,1.0,8.352320050754017e-05,1.0,0.0,0.0524490847094337,1.0,1.0,2.565000193506259e-07,1.0,0.0,1.7705216658982476e-05,1.0,0.0,0.0001951256431938,1.0,1.0,1.0917e-05,1.0,1.0,0.0015392134256707,1.0,0.0,7.480449019556732e-05,G/G,0.0013015088652969,1.0,1.6455780043086992e-05,1.0,0.0002513009657733,1.0,1.0,0.0,0.000441545614137,1.0,0.0,1.0,0.0,1.134250371300251e-05,1.0,0.0,1.0,0.001565791824318,1.0,1.0,1.0,0.0031401817042288,1.0,1.0,0.0,0.017200025258902,1.0,0.0,1.0,0.0336351974118733,1.0,0.0,1.0,4.5155034501216315e-31,1.0,1.0,0.0,,1.0,0.0108776721471105,1.0,0.0001812249680255,1.0,0.0,0.0,4.112704536044011e-05,1.0,0.0,1.0,0.0,0.0049175958063893,1.0,0.0,0.0,5.090499004511988e-05,1.0,1.0,1.0,2.443312107923941e-05,1.0,1.0,0.0,8.786917855876151e-06,1.0,1.0,0.0,0.0332438172917101,1.0,1.0,0.0,2.9508218753057392e-05,1.0,1.0,1.0,0.0,0.00266293986582,0.0,0.0001670304014703,1.0,0.0,0.0,2.0972129923988963e-08,1.0,0.3037469251185911,1.0,0.0,0.0031702705270636,1.0,0.0,0.0,0.028551783784237,1.0,1.0,1.0,0.0239277189111991,1.0,1.0,0.0,2.220917835489209e-05,1.0,1.0,1.0,0.0022713755769664,1.0,1.0,1.0,0.0018024882729719,1.0,0.0,0.0,0.0,2.04934843102897e-05,1.0,0.0025253738881625,1.0,0.0,0.0,9.747184422539981e-18,1.0,0.0,1.0,0.0018992664292777,1.0,1.0,1.0,0.0,0.0162478234976599,1.0,0.0,0.0,2.042679431129261e-05,1.0,0.0,0.0,4.631231764714816e-05,1.0,1.0,0.0,0.0476440397432893,1.0,0.0,0.0,0.0002169760158144,1.0,1.0,0.0,0.0002471732769628,1.0,1.0,0.0,0.9815208135633748,1.0,0.974525413978022,9.147628161871603,0.7021435328065235,11.934,R,Q,0,1.0,0.0,0.0,1.0,0.0,-9.664425758298718,1.3499860969377946,-0.12602191691733247,0.37741946761678713,-0.3605297514815905,0.1824212032362198,0.9587085413505725,0.7733978267010226,-0.6324834664635439,-0.07939666817866306,20.0,315.0,0.0325626547486634,7.518982778629094e-10,-1.4872801954383554,-9.123840332278114,0.0,1.0,0.0,1.0,400.0,0.0,0.0,0.0,90.0,103,0.8737864077669902,109.16779448377571,5.432999826236188,0.9565169771658928,-2.786371838128396,1.0,6.0,0.0,6.0,0.0,1.0,0.0,1.0,0.0,0.6666356502589871,1.0,0.0,0.0,0.0,0.0,0.0,0.0,0.0,0.0,0.0,0.0,1.0,0.0,pos_charged,polar,pos_charged_to_polar,0.0,0.0,0.0,1.0,0.0,0.0,1.0,1,0.7630357664023545
VAR_004438,,,,,,,0.0257126720063129,1.2695602132761125e-15,7.783545682894781e-09,4.774089802568149e-16,0.0678023397399386,0.0001286270817017,7.871495674126425e-06,1.3193206274958e-06,5.413041415769509e-09,0.0013536790902077,0.0013293668100014,2.7577472183903292e-09,1.4079001837443102e-09,9.27193808571766e-21,0.0001245649893375,8.472600000000003e-05,0.0002626779829067,0.0094007813154714,2.609092154352564e-05,8.476392135756475e-05,gnomADg_FIN,,,,,,,,,,,,,,,,,,,,,,,,,,,,,,,,,,,,,,,,,,,,,,,,,0.0,0.0005076018219525,0.0,0.0,1.8342000224600213e-06,1.0,1.0,0.0049052376226632,0.0,1.0,1.1799260100330762e-06,1.0,1.0,0.0023977393824371,1.0,1.0,7.139303141466825e-15,1.0,1.0,0.0268475913958626,1.0,AllofUs_EUR,0.0,0.0116173350994837,1.0,./.,./.,2.070387355594653,-3.934406651081504,-1.9542071899735285,1.0,8.264232840772106e-15,1.0,1.0,0.0317644050582359,1.0,1.0,0.0014973778886658,1.0,1.0,3.635530643396848e-09,1.0,1.0,1.7557450056517688e-06,1.0,1.0,4.412384970941707e-06,1.0,1.0,0.0117576405668379,1.0,0.0,0.0446293895730917,1.0,0.0,0.047903917150768,1.0,1.0,0.0783270113012046,1.0,0.0,0.0001033719541078,1.0,0.0,1.8927167660831544e-06,1.0,1.0,0.0078700114467647,1.0,0.0,0.000536552127614,1.0,1.0,0.0477543570064297,1.0,1.0,0.0085832433004344,1.0,0.0,0.0022897572032046,1.0,1.0,0.0071984727721584,1.0,0.0,1.0736427323949245e-17,1.0,1.0,4.811962365037906e-11,1.0,1.0,0.0012373180098311,1.0,0.0,0.0779441383268424,1.0,0.0,3.567019696109312e-12,1.0,0.0,5.223022570853604e-06,1.0,1.0,6.98720174969189e-10,1.0,1.0,1.9812224006035704e-06,1.0,0.0,5.86114433728409e-06,1.0,1.0,4.051184566300704e-09,1.0,,,./.,8.340500988208325e-05,1.0,0.0091034480346093,0.0,1.763940480525225e-09,1.0,1.0,0.0,2.6384115371902325e-07,1.0,0.0,1.0,0.0,2.910139741272601e-08,1.0,0.0,1.0,1.3245049390402528e-18,1.0,0.0,1.0,0.0076120893973937,1.0,0.0,0.0,0.0033129595855898,1.0,1.0,,,,,0.0,0.0001610943821561,1.0,0.0,0.0,,1.0,0.0005400157109388,1.0,0.0025051955439322,1.0,1.0,0.0,0.0069239835670787,1.0,1.0,1.0,0.0,2.696003780696806e-05,1.0,0.0,1.0,5.692634478448802e-05,1.0,0.0,0.0,8.327951656437657e-05,1.0,1.0,1.0,2.0638834206889125e-05,1.0,1.0,,,,,0.0,9.927003319046132e-06,1.0,1.0,1.0,1.0,2.077881940623333e-05,1.0,1.8464709150725748e-08,1.0,0.0,0.0,5.494900496961925e-05,1.0,0.0,1.0,1.0,7.765894235498351e-09,1.0,0.0,0.0,0.0001345837264724,1.0,0.0,0.0,0.0005538681543819,1.0,0.0,0.0,0.0307514654436244,1.0,1.0,,,,,1.0,0.029806812484928,1.0,0.0,0.0,1.0,0.0019017380112672,0.0,0.0027776044032023,1.0,1.0,0.0,0.0699997563805675,1.0,0.0,1.0,0.0003317255099101,1.0,0.0,1.0,1.0,0.0077493776946108,1.0,0.0,0.0,0.015009149469118,1.0,0.0,1.0,4.217166497817168e-05,1.0,0.0,1.0,6.1187580423879816e-06,1.0,0.0,0.0,4.283982530518747e-05,1.0,0.0,0.0,0.025974631679537,1.0,0.0,1.0,0.0,0.0451395338148908,0.0,-1.393638807267526,-0.0928640068312719,0.9499936724001984,A,V,0,1.0,0.0,0.0,1.0,0.0,-7.150162044073187,0.29631103112562385,5.204983571821294,0.5242083340409025,-1.7490512508126783,0.4908073259314636,1.2152281222164594,1.0276212260544109,2.116208860976777,0.5818570274895971,20.0,265.0,0.0678023397399386,9.27193808571766e-21,-1.168755319132758,-14.99999597326712,1.0,1.0,0.0,1.0,400.0,0.0,0.0,0.0,80.0,90,0.8888888888888888,-1.3239480485155093,-0.0,0.0,-2.3436324796677246,0.0451395338148908,0.0,5.0,-5.0,0.0,0.0,0.0,0.0,1.0,0.6718110286591608,0.0,0.0,0.0,1.0,0.0,0.0,0.0,0.0,0.0,0.0,0.0,1.0,1.0,polar,hydrophobic,polar_to_hydrophobic,0.0,0.0,0.0,0.0,0.0,0.0,1.0,0,0.7266393722279085
VAR_004370,,,,,,,0.0299570481049177,0.0036202575471658,0.0003427687733855,0.0021782786511469,1.4831620664137056e-07,0.0397508036754392,0.0014321389503081,0.0025716412659078,7.416107982994261e-06,,,,,,,,,,,1.4953527363056331e-05,gnomADe_REMAINING,,,,,,,,,,,,,,,,,,,,,,,,,,,,,,,,,,,,,,,,,,,,,,,,,,,,,,,,,,,,,,,,,,,,,,,,,,A/A,A/A,5.11704735865965,2.853058960689003,2.325154646398506,,,,,,,,,,,,,,,,,,,,,,,,,,,,,,,,,,,,,,,,,,,,,,,,,,,,,,,,,,,,,,,,,,,,,,,,,,,,,,,,,,,,,,,A/A,1.9062991495978065e-06,,,,,,,,,,,,,,,,,,,,,,,,,,,,,,,,,,,,,,,,,,,,,,,,,,,,,,,,,,,,,,,,,,,,,,,,,,,,,,,,,,,,,,,,,,,,,,,,,,,,,,,,,,,,,,0.0,0.0153609110611147,1.0,1.8728276098931927e-16,1.0,0.0,0.0,0.0009292992010336,1.0,0.7704674841841269,1.0,0.0008768776149634,1.0,1.0,1.0,0.0,3.788381935087788e-06,1.0,1.0,1.0,3.941391639921868e-12,1.0,1.0,0.0,5.631814425637232e-08,1.0,1.0,1.0,0.0105514570805563,1.0,0.0,1.0,9.36714709917652e-05,1.0,0.0,1.0,0.0001103941186018,1.0,0.0,1.0,0.7830799154144008,0.5564979426676077,1.0,2.0940055095243832,-0.5178656539925756,1.554787831012128,L,P,0,1.0,0.0,1.0,1.0,0.0,5.200988328773228,-0.46311383758176006,2.0266317990303335,-5.281915803801951,-0.06693962100811746,-0.16197518858625903,-0.21798781084411845,-0.31302244373171106,-0.20768202452155682,-0.009732374567367953,10.0,51.0,0.0397508036754392,1.4831620664137056e-07,-1.4006540864218364,-6.8288113877133485,0.0,1.0,0.0,0.0,100.0,0.0,1.0,0.0,14.0,16,0.875,3.2557342842808614,2.234173169608643,0.7830799154144008,0.5392176785122553,1.0,4.0,1.0,3.0,0.0,0.0,0.0,1.0,0.0,0.686920920297272,0.0,0.0,0.0,0.0,0.0,0.0,0.0,1.0,0.0,0.0,0.0,1.0,0.0,hydrophobic,special,hydrophobic_to_special,0.0,1.0,0.0,0.0,1.0,0.0,1.0,-3,0.8744937483693579
VAR_001017,,,,,,,,,,,,,,,,,,,,,,,,,,,,,,,,,,,,,,,,,,,,,,,,,,,,,,,,,,,,,,,,,,,,,,,,,,,,,,,,,,,,,,,,,,,,,,,,,,,,,T/T,T/T,5.326690665651131,5.519056998288585,4.885951081529577,,,,,,,,,,,,,,,,,,,,,,,,,,,,,,,,,,,,,,,,,,,,,,,,,,,,,,,,,,,,,,,,,,,,,,,,,,,,,,,,,,,,,,,T/T,,,,,,,,,,,,,,,,,,,,,,,,,,,,,,,,,,,,,,,,,,,,,,,,,,,,,,,,,,,,,,,,,,,,,,,,,,,,,,,,,,,,,,,,,,,,,,,,,,,,,,,,,,,,,,,,,,,,,,,,,,,,,,,,,,,,,,,,,,,,,,,,,,,,,,,1.0,1.0,1.0,7.989482078541036,0.5921398158557791,8.097124985278727,I,R,1,1.0,1.0,1.0,1.0,0.0,7.9832658475143266,1.110473819360434,0.7581133467456967,0.8939678506860212,-0.051531957628236036,0.3355656458072709,-0.36501707859039345,0.34222455309622,-0.05071508944522977,-0.11988723048277419,0.0,0.0,0.0,,-15.0,-14.698970004336019,0.0,0.0,1.0,0.0,0.0,1.0,0.0,0.0,0.0,1,0.0,64.69183495759124,5.519056998288585,1.0,-0.10764290673769139,1.0,6.0,0.0,6.0,0.0,0.0,0.0,0.0,0.0,0.8215209917795393,0.0,0.0,0.0,0.0,0.0,0.0,0.0,1.0,0.0,0.0,0.0,1.0,0.0,hydrophobic,pos_charged,hydrophobic_to_pos_charged,0.0,0.0,0.0,1.0,0.0,0.0,1.0,0,0.7574516919450389
VAR_002377,,,,,,,1.2312000660338557e-06,0.0016035916505177,6.354963825962405e-14,1.0565861403149702e-05,4.996676902093694e-06,0.0049085668867447,0.0001892264269865,5.3369639517497616e-05,0.0007720873728715,8.48184664401053e-06,2.4954728790620567e-12,0.0152374527392631,0.0678401416591179,9.593743061721075e-11,5.5402476062000345e-14,0.0002946166046246,5.864778735751187e-10,7.091214857352319e-08,0.0001875297087846,0.0013113269462539,gnomADg_SAS,,,,,,,,,,,,,,,,,,,,,,,,,,,,,,,,,,,,,,,,,,,,,,,,,1.0,0.0739858446046455,1.0,0.0,0.0045324025839484,1.0,1.0,8.85938159934866e-05,0.0,1.0,5.261788641446494e-10,0.0,0.0,3.5238799083112188e-06,1.0,0.0,0.011834291191578,0.0,1.0,1.3640061288790611e-05,1.0,AllofUs_EUR,0.0,5.039709646892376e-07,0.0,T/T,T/T,5.326905643316335,5.595305202406777,4.442593580127276,0.0,0.0007222740247956,1.0,0.0,1.0954057092173694e-06,1.0,0.0,0.0177279593676197,1.0,1.0,9.19610620858786e-07,1.0,1.0,0.0017210393649119,1.0,0.0,1.4988831774068854e-06,1.0,1.0,2.47702466568919e-05,1.0,0.0,1.3777696729330868e-05,1.0,0.0,1.3581561354170147e-20,1.0,0.0,0.0267039102551659,1.0,0.0,0.0002120108349914,1.0,1.0,8.178921061106372e-07,1.0,1.0,1.1305277422816965e-07,1.0,1.0,1.4050210327697341e-14,1.0,1.0,0.0047528361765301,1.0,1.0,1.5804559493493215e-05,1.0,1.0,0.0003218227246014,1.0,1.0,9.612570975173351e-21,1.0,1.0,6.952002361692266e-10,1.0,0.0,0.0004861095659358,1.0,1.0,1.6815420908878556e-05,1.0,0.0,2.702578967613272e-05,1.0,0.0,1.0539548676214048e-05,1.0,1.0,7.86407217326517e-06,1.0,1.0,6.338613422759109e-07,1.0,0.0,0.0244882998611804,1.0,1.0,4.7199032580054645e-07,1.0,0.0,0.0263728876974184,1.0,,,T/T,2.647844746065072e-05,,,,,,,,,,,,,,,,,,,,,,,,,,,,,,,,,,,,,,,,,,,,,,,,,,,,,,,,,,,,,,,,,,,,,,,,,,,,,,,,,,,,,,,,,,,,,,,,,,,,,,,,,,,,,,1.0,1.6743704912416977e-06,0.0,3.264550642511064e-16,1.0,0.0,1.0,2.771761162436012e-12,1.0,0.0,0.0,0.0001432433759693,1.0,0.0,1.0,0.0,4.818725391616371e-13,1.0,0.0,1.0,9.32593460975404e-06,1.0,1.0,1.0,0.0233292707327838,1.0,0.0,1.0,0.0562421869856514,1.0,0.0,0.0,1.976283e-05,1.0,0.0,0.0,5.7139510722292944e-05,1.0,1.0,0.0,1.0,1.0,1.0,6.635885220560204,0.5789334275589387,7.266348525070921,L,P,0,1.0,0.0,0.0,1.0,0.0,-1.5628629126041762,-6.307680019085753,2.5184658034339416,-0.7339568293469443,-3.7447796028915064,-0.4941591133333678,0.842417627429437,0.9666621233913997,0.3290030682657609,0.640992189110172,20.0,169.0,0.0678401416591179,5.5402476062000345e-14,-1.1685132538865222,-13.248701830121984,1.0,1.0,0.0,1.0,400.0,0.0,0.0,0.0,51.0,62,0.8225806451612904,48.21865478495756,5.595305202406777,1.0,-0.6304633045107169,1.0,6.0,0.0,6.0,0.0,0.0,0.0,0.0,1.0,0.7271982878942962,0.0,0.0,0.0,1.0,0.0,0.0,0.0,0.0,0.0,0.0,0.0,1.0,0.0,hydrophobic,special,hydrophobic_to_special,0.0,1.0,0.0,0.0,1.0,0.0,1.0,-3,0.8744937483693579
VAR_004334,,,,,,,0.0001076195428977,1.3846081879226555e-10,6.037580610564518e-05,0.0176441686488174,0.0747215388940532,0.0010410374334025,5.665500000060206e-06,9.3423422669412e-15,0.0310999810184625,7.420186935097043e-05,2.396066763945281e-22,0.0001057204779672,6.046894650606157e-05,2.5021326449841944e-07,0.042878638863336,5.295776330555785e-06,0.0032287967591619,0.0019298670962467,0.0002273668220448,6.304182809003697e-05,gnomADe_AMR,,,,,,,,,,,,,1.0,0.0044260660448683,1.0,1.0,8.812392465329256e-09,1.0,1.0,2.7334902369615485e-05,1.0,0.0,0.094155003826805,0.0,0.0,2.0530082676309376e-06,0.0,1.0,0.001781577251319,1.0,1.0,0.0011073974649836,1.0,1.0,0.0026247706702859,1.0,1.0,0.0108067314058759,1.0,1.0,0.0104280862023956,1.0,1.0,2.5978757154442497e-05,1.0,0.0,2.4385129017136084e-20,1.0,1.0,0.0001587183370424,1.0,0.0,1.1054700996589624e-05,1.0,0.0,3.3768017096044835e-05,1.0,0.0,3.632085267152737e-09,0.0,0.0,7.168906868195253e-06,1.0,1.0,0.0117176308063351,1.0,1.0,3.386023613644961e-05,1.0,AllofUs_AMR,1.0,0.0006990138528354,0.0,./.,./.,5.295191801376878,3.459397891450532,3.551098324338594,1.0,0.0031324327700193,1.0,1.0,6.224483492643786e-06,1.0,1.0,7.983282404457204e-05,1.0,0.0,2.7008470175662134e-06,1.0,1.0,0.0002380023322162,1.0,0.0,0.0058687169438618,1.0,0.0,0.0118642429536685,1.0,1.0,8.285089821647728e-05,1.0,1.0,3.1973434256580196e-09,1.0,0.0,0.0939371345691099,1.0,1.0,2.012400000000712e-05,1.0,1.0,3.4439277600204517e-06,1.0,0.0,0.0240488983940791,1.0,0.0,0.021005273545788,1.0,0.0,0.0009695808339768,1.0,0.0,0.001224088497708,1.0,1.0,3.019212019529334e-08,1.0,0.0,0.0046642887637234,1.0,0.0,1.079006886741868e-05,1.0,0.0,6.276673028801558e-07,1.0,1.0,0.0014749532846915,1.0,0.0,1.6256175039960596e-05,1.0,1.0,0.0521074882117658,1.0,1.0,0.0446181422505532,1.0,0.0,0.0054795045433286,1.0,0.0,0.0154653499500782,1.0,1.0,3.2688165097000757e-06,1.0,1.0,0.051496542961881,1.0,,,./.,0.0443467755004738,1.0,1.404563973225128e-08,1.0,1.6607566609510494e-06,1.0,1.0,0.0,0.0016068126316388,1.0,1.0,1.0,0.0,0.0012956790442047,1.0,1.0,0.0,1.0585885334912264e-20,1.0,1.0,1.0,9.060785565239438e-15,1.0,0.0,0.0,0.004337180491514,1.0,1.0,,,,,0.0,0.0012765942145615,1.0,0.0,1.0,,0.0,0.0056227857120073,1.0,0.024507596582077,1.0,1.0,0.0,0.0017117341601919,1.0,0.0,1.0,0.0,0.0362050194840412,1.0,0.0,0.0,0.0041970758047169,1.0,1.0,0.0,0.0003751086510555,1.0,0.0,1.0,0.0002105245463982,1.0,1.0,0.0,0.0040070634444883,1.0,1.0,1.0,0.0168798854680428,1.0,1.0,0.0,1.0,0.0051435774629682,0.0,0.0037776549677926,1.0,1.0,1.0,1.3364522943905177e-19,1.0,1.0,1.0,1.0,0.00029795103127,1.0,0.0,1.0,0.0005068398842783,1.0,0.0,1.0,0.0069853148243499,1.0,0.0,0.0,1.8336874509411225e-05,1.0,1.0,,,,,0.0,0.0041719980228748,1.0,0.0,0.0,0.0,0.000193844524966,0.0,1.2453752390630752e-06,1.0,1.0,0.0,0.0002627999188909,1.0,0.0,0.0,6.0158686992913256e-05,1.0,1.0,1.0,0.0,2.2472496882888674e-13,1.0,1.0,1.0,6.3262895899458285e-09,1.0,0.0,1.0,0.0539831129801902,1.0,1.0,0.0,0.0113811687182819,1.0,1.0,0.0,0.0162103300174947,1.0,1.0,1.0,1.584063998386737e-25,1.0,0.0,1.0,0.0,0.918235987654273,0.5900629035900263,0.972472534737244,0.7163636895737282,4.876518769171188,M,T,0,1.0,0.0,0.0,1.0,0.0,-9.164862276045294,0.8854354684166303,-0.1516648884196285,0.19557483105102746,-0.21312959519494912,0.4754139516268412,1.2486324451623454,0.579158930475056,1.779558392377685,0.9030145374639829,20.0,305.0,0.0747215388940532,2.396066763945281e-22,-1.1265541923679825,-14.999999895940155,1.0,1.0,0.0,1.0,400.0,0.0,0.0,0.0,87.0,100,0.87,4.742280568149651,0.0,0.0,-3.904046234433944,0.918235987654273,2.0,2.0,0.0,0.0,0.0,0.0,1.0,0.0,0.7230454294937407,0.0,1.0,0.0,0.0,0.0,0.0,0.0,0.0,0.0,0.0,0.0,1.0,1.0,hydrophobic,polar,hydrophobic_to_polar,0.0,0.0,0.0,0.0,0.0,0.0,1.0,0,0.7732787444558171
VAR_004651,0.0331784214085364,0.0032535898419156,5.5599317921174796e-09,7.568362619988762e-08,0.0045682684579423,0.0098208182742187,0.0023895000012454,0.0219704295091385,0.0009261000946117,2.4241107156074253e-06,3.6104673957730246e-09,0.00072749938272,0.010816706421323,0.003319054531833,0.0129888296617999,0.007787899181613,0.0005633100066504,4.541007863825461e-13,0.0156467257343105,7.125533384230404e-05,0.0347349823718855,0.0004244403843755,0.0182746612298105,0.0016137078242455,0.0020543466370838,0.0047291091476634,EUR,,,,,,,,,,,,,,,,,,,,,,,,,,,,,,,,,,,,,,,,,,,,,,,,,,,,,,,,,,,,,,,,,,,,,,,,,,,,,,,,,,,,,,,,,,,,,,,,,,,,,,,,,,,,,,,,,,,,,,,,,,,,,,,,,,,,,,,,,,,,,,,,,,,,,,,,,,,,,,,,,,,,,,,,,,,,,,,,,,,,,,,,,,,,,,,,,,,,,,,,,,,,,,,,,,,,,,,,,,,,,,,,,,,,,,,,,,,,,,,,,,,,,,,,,,,,,,,,,,,,,,,,,,,,,,,,,,,,,,,,,,,,,,,,,,,,,,,,,,,,,,,,,,,,,,,,,,,,,,,,,,,,0,0.0,0.0,0.0,1.0,1.0,7.018883705299926,1.3713327618119886,0.7818769495485957,0.10897830042379897,-1.8691571374125457,-3.5180972802729786,1.101035398062903,-0.641013169945691,0.43656146434152476,0.34290389760019696,26.0,26.0,0.0347349823718855,4.541007863825461e-13,-1.4592329171953942,-12.341892414062261,0.0,1.0,0.0,1.0,676.0,0.0,0.0,1.0,0.0,1,0.0,,,,,,0.0,0.0,0.0,0.0,0.0,0.0,0.0,0.0,0.5999370128336352,0.0,0.0,0.0,0.0,0.0,0.0,0.0,1.0,0.0,0.0,0.0,0.0,0.0,unknown,unknown,unknown_to_unknown,0.0,0.0,0.0,0.0,0.0,0.0,0.0,0,0.7331968611395429
VAR_000680,,,,,,,0.0005140731178371,6.007000715845645e-05,0.0053801383666139,0.027761742247028,1.0221402089183528e-06,3.4333952632056346e-07,7.203727618798511e-05,0.0016506278775242,0.0009745520645169,0.0334810013578106,1.8041027307235723e-09,0.0002901686203313,0.0029603915048588,0.023091087420002,0.050497370025562,0.000405990016991,0.0379149433322284,0.0025884000861884,2.4981061872014315e-10,0.0452602573928482,gnomADg_ASJ,,,,,,,,,,,,,1.0,0.0007768809204363,1.0,1.0,0.0001275488210576,1.0,0.0,1.4906199100628963e-09,1.0,1.0,0.003904068160021,1.0,0.0,0.0006309474041783,1.0,1.0,0.0010420787646736,1.0,1.0,0.0003068991766463,1.0,1.0,0.0001167042179594,1.0,1.0,0.0017977529481415,1.0,0.0,3.496518153856052e-10,1.0,1.0,0.0117591260753973,1.0,1.0,0.0014590529695367,1.0,1.0,0.0176456488260499,1.0,1.0,0.0008271000000002,1.0,1.0,0.0003833815591174,1.0,1.0,1.9482488476238936e-08,0.0,1.0,0.0016788320772158,1.0,0.0,0.0028575000000102,1.0,0.0,0.0652722808844959,1.0,AllofUs_OTH,0.0,0.0146295883294792,1.0,T/T,T/T,5.437337460332391,5.078698408897985,3.9707313234431454,0.0,2.280965543850408e-05,1.0,1.0,0.0004231800448865,1.0,1.0,1.981639387580239e-06,1.0,1.0,0.0168403766964518,1.0,1.0,7.062300023855176e-05,1.0,1.0,0.0284057368245767,1.0,0.0,0.0009980746501481,1.0,0.0,0.0004816468498926,1.0,1.0,0.0118135159479394,1.0,1.0,8.725004023785178e-06,1.0,1.0,4.5324011155909206e-05,1.0,0.0,0.0031997538671506,1.0,0.0,3.22936997696674e-05,1.0,0.0,0.0077406104589264,1.0,1.0,7.078697103244719e-07,1.0,0.0,8.561166618215561e-05,1.0,1.0,0.0473300199475152,1.0,1.0,0.0038655909417658,1.0,0.0,0.0005872847296229,1.0,0.0,1.8675000000023558e-05,1.0,0.0,0.0002114897714555,1.0,1.0,0.0709106581638798,1.0,1.0,3.761314095120672e-06,1.0,1.0,0.0001099459895549,1.0,1.0,0.0007428629452606,1.0,1.0,6.789600001595662e-06,1.0,1.0,0.0005741637692687,1.0,1.0,0.0480125935031984,1.0,0.0,0.0518562386869373,T/T,0.0216000052277369,1.0,0.0004927453028087,1.0,9.331780762338393e-08,1.0,0.0,0.0,0.0298201953862525,1.0,1.0,1.0,1.0,0.0216816329211343,1.0,0.0,0.0,6.170887669508736e-07,1.0,1.0,0.0,0.0004653457474649,1.0,0.0,1.0,6.313725000000483e-05,1.0,0.0,0.0,6.421020263334485e-05,1.0,1.0,0.0,7.636291788918746e-11,1.0,0.0,1.0,,0.0,0.0010666695660988,1.0,3.345179028640085e-10,1.0,0.0,1.0,5.337900498009302e-09,1.0,1.0,1.0,1.0,0.0255256799384049,1.0,1.0,0.0,0.0095794879037639,1.0,1.0,0.0,1.073841248648623e-07,1.0,0.0,0.0,0.0002609836765547,1.0,0.0,0.0,0.0001853949535691,1.0,1.0,1.0,0.0125718967445574,1.0,1.0,1.0,0.0,0.016300285627496,0.0,0.000847497882098,1.0,1.0,0.0,0.0591604071399561,1.0,0.0,1.0,1.0,0.0256824055711669,1.0,1.0,1.0,5.847463945139293e-07,1.0,0.0,0.0,0.0096421586369475,1.0,1.0,1.0,0.0001612251440829,1.0,1.0,0.0,0.0001614989569941,1.0,1.0,0.0,0.0002911331571623,1.0,1.0,1.0,0.0,0.0005236620998609,1.0,0.0005984802201699,1.0,1.0,1.0,7.1531138856727755e-09,1.0,0.0366533876533203,1.0,1.1298043872858532e-08,1.0,1.0,1.0,1.0,0.0241038198546154,1.0,1.0,0.0,0.0058833410428056,1.0,0.0,0.0,1.5773510220476682e-10,1.0,1.0,0.0,0.0019703007930315,1.0,1.0,1.0,0.0466695131446993,0.0,1.0,1.0,8.973796549913489e-12,1.0,0.0,0.0,1.0,0.9883911049986598,0.9475717860896958,8.080832453164499,0.6432926336404771,7.506659316263266,V,A,0,1.0,0.0,0.0,1.0,0.0,-9.664425758298718,1.3499860969377946,-0.12602191691733247,0.37741946761678713,-0.3605297514815905,0.1824212032362198,0.9587085413505725,0.7733978267010226,-0.6324834664635439,-0.07939666817866306,20.0,315.0,0.050497370025562,2.4981061872014315e-10,-1.2967312399630868,-9.602387366487504,1.0,1.0,0.0,1.0,400.0,0.0,0.0,0.0,88.0,103,0.8543689320388349,60.66005621770983,5.078698408897985,0.9475717860896958,0.5741731369012326,1.0,6.0,0.0,6.0,0.0,0.0,0.0,0.0,1.0,0.6665948391962506,0.0,0.0,0.0,0.0,0.0,1.0,0.0,0.0,0.0,0.0,0.0,1.0,0.0,hydrophobic,polar,hydrophobic_to_polar,0.0,0.0,0.0,0.0,0.0,0.0,1.0,0,0.6388320254748096
VAR_004336,,,,,,,0.0093620229098536,5.543739885413574e-06,2.2944400886149903e-09,0.000466503274697,0.0090379446625827,1.293273877825203e-09,0.0885987148952394,2.980800030241996e-05,0.0057295638080371,,,,,,,,,,,0.0001434555683467,gnomADe_REMAINING,,,,,,,,,,,,,1.0,0.0003080275864077,1.0,1.0,1.7600500870393275e-08,1.0,1.0,2.683776679256063e-13,1.0,1.0,3.382328800434518e-16,0.0,0.0,0.0031921873232575,0.0,1.0,4.857801306689663e-10,1.0,0.0,1.3249891156323458e-07,1.0,0.0,0.0103366534544557,1.0,1.0,8.377724804300793e-05,1.0,0.0,5.780074514769984e-11,1.0,0.0,4.564751125139042e-09,1.0,1.0,0.0004983025156089,1.0,,,,,,,,,,,,,,,,,,,,,,,,,,C/C,C/C,5.269317245049758,3.351335792566024,2.984851526348526,1.0,0.0547135666262374,1.0,0.0,2.388896868940908e-06,1.0,0.0,0.0002968101804336,1.0,0.0,3.724616603108752e-09,1.0,0.0,7.104602085097364e-05,1.0,0.0,0.0478820669630364,1.0,0.0,3.630230387942192e-05,1.0,0.0,7.136826691336948e-07,1.0,0.0,8.333756824067089e-05,1.0,0.0,7.503907658411556e-06,1.0,1.0,4.792175905180416e-08,1.0,1.0,0.0033626715298126,1.0,1.0,0.0076766743180095,1.0,1.0,6.72675472903088e-06,1.0,1.0,3.1405982637814875e-05,1.0,1.0,6.066986271919493e-07,1.0,1.0,0.0008994364623453,1.0,0.0,0.001116334738102,1.0,1.0,0.0016703067308966,1.0,0.0,1.7355604056149877e-13,1.0,1.0,3.2293506901273886e-08,1.0,1.0,0.0119630374943113,1.0,1.0,5.189711235366444e-07,1.0,1.0,0.0001712014427046,1.0,1.0,0.0003596363236618,1.0,0.0,8.293428034532858e-06,1.0,0.0,0.0294088768487178,1.0,1.0,0.0020597629222589,1.0,0.0,0.0490739669344499,C/C,0.0021188581324146,,,,,,,,,,,,,,,,,,,,,,,,,,,,,,,,,,,,,,,,,,,,,,,,,,,,,,,,,,,,,,,,,,,,,,,,,,,,,,,,,,,,,,,,,,,,,,,,,,,,,,,,,,,,,,0.0,0.0006926795079184,1.0,2.5047715608641035e-06,1.0,1.0,1.0,6.484563220458739e-10,1.0,0.6272600629022005,0.0,6.378506983207563e-05,1.0,1.0,1.0,1.0,0.0177291311185903,1.0,0.0,1.0,0.0230693799343256,1.0,0.0,0.0,1.999086057618023e-06,1.0,0.0,0.0,5.843493279907019e-05,1.0,0.0,0.0,0.0028118395325188,1.0,0.0,0.0,0.0001277839937052,1.0,1.0,0.0,1.0,0.940559509063159,0.0952897194821796,0.7899045925516819,0.5698210535249408,0.7066733101555891,R,L,0,1.0,0.0,1.0,1.0,0.0,-1.7318620058332783,-6.152828611937075,-2.1140343605331293,-1.5172550046789077,2.8114119835387696,-0.8320987440014005,0.06940462890586341,-0.7317429101899238,-0.22754688854112354,-1.031789743711881,10.0,173.0,0.0885987148952394,1.293273877825203e-09,-1.052572577412649,-8.888309158619023,1.0,1.0,0.0,0.0,100.0,0.0,1.0,0.0,51.0,62,0.8225806451612904,0.5582044931255989,3.351335792566024,0.0952897194821796,0.08323128239609279,1.0,3.0,3.0,0.0,0.0,0.0,0.0,1.0,0.0,0.686920920297272,0.0,0.0,0.0,0.0,0.0,0.0,0.0,1.0,0.0,0.0,0.0,1.0,0.0,pos_charged,hydrophobic,pos_charged_to_hydrophobic,0.0,0.0,0.0,1.0,0.0,0.0,1.0,0,0.8771570687209322
VAR_004339,,,,,,,3.698413323064633e-06,0.0139856891980669,8.971674106498813e-10,0.0027311573160585,0.0332092679517194,0.0031393452707885,3.2373001317157395e-06,0.0274874318803654,6.401805792191204e-07,0.0012910691949884,0.0001300769044217,0.0013501329090593,0.0003759779195835,0.0782224318831425,0.0411006576522961,7.162241119170982e-05,0.0025026983018666,0.0018750733296702,0.0058300549572656,0.000177564832404,gnomADg_AFR,,,,,,,,,,,,,1.0,0.0211796602211936,1.0,1.0,0.0005128388130447,1.0,0.0,0.0158558680227525,1.0,1.0,3.0889569344074158e-28,0.6099444746784712,1.0,1.8254501123862012e-08,1.0,0.0,3.044594559939855e-11,1.0,1.0,7.681943071759658e-10,1.0,0.0,3.74582605534385e-06,1.0,1.0,0.028212269304678,1.0,0.0,0.0036224201565334,1.0,0.0,0.0162636863576276,1.0,0.0,1.5052632624472346e-07,1.0,1.0,3.785345461734064e-05,1.0,1.0,2.2005000000171687e-05,1.0,0.0,4.280764176645171e-05,1.0,0.0,2.8051207326973706e-06,1.0,1.0,1.7527110095933055e-05,1.0,1.0,0.0007502118535014,0.0,0.0,3.402991010602631e-05,1.0,AllofUs_AMR,0.0,0.0031891898096586,1.0,C/C,C/C,5.300460950522719,3.1681194903074728,2.4499519969411665,1.0,3.897007267704985e-05,1.0,0.0,0.0004537818029221,1.0,1.0,1.0743844507414604e-18,1.0,1.0,6.593151109115299e-06,1.0,0.0,1.8016222434458885e-05,1.0,1.0,1.7678354758178409e-06,1.0,1.0,0.0017262808145528,1.0,0.0,6.848909225788775e-05,1.0,1.0,2.8082275877915652e-05,1.0,1.0,0.018864224851647,1.0,0.0,0.0008308752939226,1.0,1.0,3.11829279052006e-06,1.0,1.0,4.131820843574706e-05,1.0,0.0,1.1038634408189744e-11,1.0,0.0,0.0932174362204545,1.0,0.0,0.0434788691565431,1.0,1.0,0.0236402180921976,1.0,0.0,0.0029329901423952,1.0,0.0,2.984847555839419e-07,1.0,0.0,1.7977022892856214e-05,1.0,0.0,0.0590646343670127,1.0,1.0,0.0038608043274807,1.0,1.0,1.5668175897971715e-16,1.0,0.0,0.0026768489607649,1.0,0.0,2.3021150703818628e-05,1.0,0.0,0.0001749262558206,1.0,1.0,0.00638236635464,1.0,1.0,8.721792871297652e-05,1.0,0.0,2.0401229731551223e-05,C/C,0.0002348667036325,1.0,1.924242471511754e-05,1.0,0.0001128726599561,1.0,0.0,1.0,5.2104507067026417e-05,1.0,0.0,1.0,1.0,2.0570719148265499e-13,1.0,0.0,1.0,0.0076363324776829,1.0,1.0,1.0,0.0057004616109867,1.0,0.0,1.0,0.0145228071086337,1.0,0.0,,,,,1.0,2.322791831125853e-13,1.0,0.0,0.0,,1.0,7.7920835473144e-07,1.0,0.0516540994340762,1.0,0.0,0.0,0.0335196954149534,1.0,0.0,1.0,1.0,9.667041535258692e-13,1.0,1.0,0.0,2.005591114339574e-07,1.0,1.0,0.0,0.0008694775279193,1.0,0.0,0.0,9.475639507116751e-06,1.0,0.0,,,,,1.0,1.7873019869332634e-14,1.0,0.0,1.0,1.0,8.780422386575234e-06,1.0,0.000206431571543,1.0,1.0,1.0,0.0032973359870005,1.0,0.0,1.0,0.0,0.0057392417135183,1.0,1.0,1.0,4.0643395404492105e-11,1.0,1.0,1.0,3.096861798538264e-09,1.0,0.0,0.0,1.355605647466884e-05,1.0,0.0,1.0,9.70648701726744e-05,1.0,1.0,0.0,6.371953396492947e-08,1.0,1.0,1.0,1.0,0.0088606888231425,1.0,7.177138575292796e-05,1.0,0.0,0.0,0.0013189143255122,1.0,0.0,1.0,2.208528850252172e-08,1.0,1.0,1.0,0.0,2.0796930312152823e-14,1.0,0.0,0.0,2.2878948742800268e-05,1.0,0.0,1.0,3.384862982435051e-05,1.0,0.0,1.0,0.0039230745534485,1.0,1.0,1.0,9.803630885796784e-05,1.0,0.0,1.0,0.002539903244564,1.0,0.0,0.0,1.0,0.7367844402842606,0.9443061437364546,1.8711022680033145,0.6543784372130148,4.369657230920705,G,R,0,1.0,0.0,0.0,1.0,0.0,-9.259953655432069,0.9145295303596491,-0.26288769614672,0.21077883508380302,-0.32559746346545515,0.36942930003349805,1.217080475673526,0.7509080816871292,1.559477313497453,-0.37263931229874336,20.0,307.0,0.0782224318831425,8.971674106498813e-10,-1.1066686862487292,-9.047126026352963,1.0,1.0,0.0,1.0,400.0,0.0,0.0,0.0,86.0,100,0.86,8.176075555172813,3.1681194903074728,0.9443061437364546,-2.4985549629173907,1.0,4.0,0.0,4.0,0.0,1.0,0.0,0.0,1.0,0.6134109733965234,0.0,1.0,0.0,0.0,0.0,0.0,0.0,0.0,0.0,0.0,0.0,1.0,0.0,special,pos_charged,special_to_pos_charged,1.0,0.0,0.0,1.0,0.0,1.0,1.0,-2,0.9077869001212279
VAR_001259,,,,,,,,,,,,,,,,,,,,,,,,,,,,,,,,,,,,,,,,1.0,0.0627490567697833,1.0,0.0,0.0116271687301475,1.0,0.9789699102387696,3.7012265536397326e-11,1.0,1.0,0.0281842949724638,1.0,1.0,0.0533514972132113,1.0,0.0,9.79469116111204e-06,1.0,1.0,0.0016081827614378,1.0,0.0,6.288460868913475e-06,1.0,0.0,3.156188014068365e-29,1.0,1.0,4.259092551198114e-05,0.0,0.5355779173733792,8.102273309687056e-05,1.0,1.0,1.6128999231590788e-11,1.0,,,,,,,,,,,,,,,,,,,,,,,,,,G/G,G/G,5.804462308421904,5.734190020146096,6.353450303601304,,,,,,,,,,,,,,,,,,,,,,,,,,,,,,,,,,,,,,,,,,,,,,,,,,,,,,,,,,,,,,,,,,,,,,,,,,,,,,,,,,,,,,,G/G,3.215443595591555e-08,,,,,,,,,,,,,,,,,,,,,,,,,,,,,,,,,,,,,,,,,,,,,,,,,,,,,,,,,,,,,,,,,,,,,,,,,,,,,,,,,,,,,,,,,,,,,,,,,,,,,,,,,,,,,,,,,,,,,,,,,,,,,,,,,,,,,,,,,,,,,,,,,,,,,,1.0,1.0,0.9539239948214834,9.705415789671296,0.6445206718322917,11.635536951837343,S,N,1,1.0,1.0,1.0,1.0,0.0,6.147769942863638,1.4081293109136799,-4.749743257272088,0.4409255166224544,1.4775743369369598,0.3695469617660543,-0.35331671701819856,-0.09861107761164689,0.018680080668202453,0.36494332470953644,0.0,37.0,0.0,,-15.0,-14.698970004336019,0.0,0.0,1.0,0.0,0.0,1.0,0.0,0.0,6.0,8,0.75,112.92772405366597,5.734190020146096,0.9539239948214834,-1.9301211621660475,1.0,6.0,0.0,6.0,0.0,0.0,0.0,0.0,0.0,0.8215209917795393,0.0,0.0,0.0,0.0,0.0,0.0,0.0,1.0,0.0,0.0,0.0,1.0,0.0,polar,polar,polar_to_polar,0.0,0.0,0.0,0.0,0.0,0.0,0.0,0,0.7165984305697715
VAR_003556,0.0010233298931136,0.0053572811720475,0.0058323700047392,3.4068116803053987e-06,0.0009012106594318,5.501322139156332e-10,0.0299941536740987,0.0007532683526822,0.0002415600028606,1.2467116398989796e-06,0.0162690868632634,2.011348341922948e-11,0.0002248045703401,0.0427178984476717,0.0007095951187163,0.00020133041899,0.0021771205318663,2.871127025741164e-06,0.0265264528033745,0.0023330034074625,0.0005530903847975,0.0476134857876855,5.571048028304896e-05,0.0012904423475668,0.0001205313039028,0.0052200000011838,AMR,1.0,0.0019327080099421,1.0,0.0043331396076914,1.0,0.0260056937871347,1.0,1.020353961482744e-07,0.0,0.0016364260615976,1.0,0.0951532875614746,1.0,0.0001798364535179,1.0,0.0,0.0882225566932738,1.0,1.0,5.4968433696270114e-14,1.0,0.0,8.843578373507668e-06,1.0,0.0,4.362530190972121e-07,0.0,1.0,0.0609215539827542,1.0,0.0,0.0289024435059167,1.0,0.0,6.547321879030968e-17,1.0,0.0,0.0007742289005381,1.0,0.0,0.0006273161147942,1.0,0.0,1.537971886263802e-07,1.0,0.0,0.0257714605938286,1.0,1.0,0.0002298296946137,1.0,1.0,0.0001761501630696,1.0,0.0,0.0007870426499498,1.0,1.0,0.0887354727498913,1.0,1.0,3.1593333394803024e-05,1.0,1.0,0.0008716586871796,1.0,1.0,0.0009521225913197,1.0,AllofUs_AMR,1.0,0.0208277706160335,0.0,C/C,C/C,5.605187256555856,3.595435930316867,0.5082525505796021,1.0,0.0002630703439858,1.0,1.0,0.0121687638253034,1.0,0.0,0.0025997855520309,1.0,0.0,9.188957627263218e-05,1.0,1.0,6.144300002692336e-06,1.0,0.0,8.613900000356261e-06,1.0,1.0,0.0363658682124156,1.0,1.0,6.274436947904993e-05,1.0,0.0,0.0003445057810466,1.0,1.0,0.0004607324833843,1.0,0.0,7.160052303177085e-06,1.0,1.0,0.0028793872463237,1.0,0.0,0.000232627212451,1.0,0.0,0.007367754014552,1.0,0.0,4.896132221164117e-06,1.0,1.0,0.0610661687893991,1.0,0.0,7.263209607123072e-05,1.0,1.0,4.868100581006984e-05,1.0,1.0,0.0001060410919089,1.0,1.0,0.0002523284614649,1.0,0.0,9.420835925344424e-05,1.0,1.0,0.0141140416628542,1.0,1.0,0.0036105919953979,1.0,1.0,0.0149108947146497,1.0,0.0,0.0022159149571984,1.0,1.0,0.000206547546421,1.0,0.0,0.0488021610065336,1.0,0.0,0.0002760438829885,1.0,0.0,0.0019941954530874,C/C,0.0067754884517721,0.0,3.309885317436339e-05,1.0,0.0004722463807382,1.0,1.0,0.0,0.0013874095755015,1.0,1.0,1.0,0.0,0.0104201470675836,1.0,0.0,1.0,2.8983983996799884e-09,1.0,1.0,0.0,4.194598718812645e-05,1.0,1.0,0.0,2.10527882627109e-05,1.0,0.0,1.0,0.0001579732844541,1.0,0.0,1.0,1.6954092006871997e-11,1.0,1.0,0.0,,1.0,0.0008916768397201,0.0,6.764271601188106e-07,1.0,0.0,0.0,0.0028953718030624,1.0,1.0,1.0,1.0,3.640389314825467e-12,1.0,0.0,1.0,3.1011679130217515e-09,1.0,0.0,1.0,1.5459416805345036e-08,1.0,1.0,1.0,8.795421120728319e-06,1.0,1.0,0.0,0.0697551375549564,1.0,1.0,0.0,7.016220580971953e-06,1.0,0.0,0.0,1.0,0.0004011409774982,1.0,0.0004504663659481,1.0,1.0,1.0,0.00015118640974,1.0,1.0,1.0,0.0,0.016822947739648,1.0,0.0,0.0,0.0082297969207349,1.0,0.0,0.0,0.0381362688460896,1.0,1.0,1.0,1.5743611114257338e-05,1.0,1.0,0.0,0.0001533173085618,1.0,0.0,0.0,3.103328910049612e-13,1.0,1.0,0.0,1.0,0.0768275214338199,0.0,3.602872236700296e-05,1.0,1.0,0.3423371717520934,0.0428110397257984,1.0,0.0,1.0,0.0734611763871606,1.0,1.0,1.0,0.0,7.434791808277683e-23,1.0,0.0,1.0,0.0162188281067083,1.0,0.0,0.0,0.0016601127386681,1.0,1.0,0.0,0.0012155287608879,1.0,1.0,0.0,0.0077402113482579,1.0,1.0,1.0,4.547894430029549e-25,1.0,1.0,1.0,0.0,0.9374931995085746,0.0,0.127153089643165,-0.0698810152729697,-2.23420516440266,P,S,0,0.0,0.0,0.0,0.0,0.0,-9.939737301468613,1.6424272069225767,-0.1529206172059051,0.6463070456984708,-1.168225399097953,-1.7654010083555487,-2.2843854086041286,-0.7466972971602102,0.05380214476563621,-0.049478246439440134,26.0,333.0,0.0476134857876855,2.011348341922948e-11,-1.3222700226225041,-10.696491116513497,0.0,1.0,0.0,1.0,676.0,0.0,0.0,1.0,94.0,103,0.912621359223301,-0.2840860895505136,0.0,0.0,2.3613582540458253,0.9374931995085746,1.0,4.0,-3.0,0.0,0.0,0.0,0.0,0.0,0.6807639539188571,0.0,1.0,0.0,0.0,0.0,0.0,0.0,0.0,0.0,0.0,0.0,1.0,0.0,special,polar,special_to_polar,0.0,1.0,0.0,0.0,0.0,1.0,1.0,0,0.6802442573754168
VAR_003675,,,,,,,0.0005329428309875,0.0005880307033761,0.0003711310202209,9.176823464389496e-06,9.139715670062352e-19,0.0090360986437685,1.872298833055644e-06,3.813716297381511e-06,0.0111260848788624,,,,,,,,,,,0.0544550399159413,gnomADe_NFE,,,,,,,,,,,,,0.0,0.0029733497025218,1.0,0.0,0.0310766235654794,1.0,0.1171379660922276,0.0138077849906868,1.0,0.0,0.0078213556674998,1.0,1.0,1.432423197174853e-07,1.0,0.0,0.0416609410541753,1.0,0.0,4.3899389582175336e-08,1.0,0.0,0.0101636802639854,1.0,0.0,0.0257838702306831,1.0,0.0,1.0083367503948702e-08,1.0,1.0,6.568310051588555e-16,1.0,1.0,7.413847293090555e-09,1.0,0.0,3.2091805976029985e-06,1.0,1.0,1.8342621026014088e-06,1.0,1.0,1.1049339947734877e-06,0.0,1.0,0.0002603755012809,1.0,0.0,3.504925466992023e-06,1.0,0.0,0.0008276198631296,1.0,1.0,3.504605674576051e-06,1.0,AllofUs_EUR,1.0,0.0006850558987822,0.0,A/A,A/A,5.46048616371601,5.677029962073646,5.597800087377437,1.0,3.349582317903549e-05,1.0,1.0,2.422275523271035e-06,1.0,1.0,1.895816157446067e-07,1.0,1.0,0.0022059192745555,1.0,1.0,5.018956609886012e-06,1.0,0.0,2.329926013996013e-06,1.0,1.0,7.454847161159525e-05,1.0,0.0,2.365798901473344e-06,1.0,1.0,3.3699520849257984e-11,1.0,0.0,0.0602272227300186,1.0,0.0,0.0123981978340213,1.0,1.0,6.610662525768052e-07,1.0,0.0,3.070435609847616e-07,1.0,0.0,0.005534434382638,1.0,1.0,4.664439244210643e-09,1.0,1.0,0.0059403577911939,1.0,1.0,8.582233346318318e-07,1.0,1.0,0.0211650209675535,1.0,0.0,0.0899895916946334,1.0,1.0,0.069814025998356,1.0,0.0,0.0030850380423937,1.0,0.0,1.0930995343918636e-07,1.0,0.0,7.344244673377302e-06,1.0,0.0,3.476831987776417e-08,1.0,1.0,8.120700109656286e-06,1.0,0.0,9.552946291588188e-05,1.0,1.0,5.071123320749603e-06,1.0,1.0,8.429965228677152e-06,1.0,0.0,0.000506152633617,A/A,1.3132690735789693e-05,,,,,,,,,,,,,,,,,,,,,,,,,,,,,,,,,,,,,,,,,,,,,,,,,,,,,,,,,,,,,,,,,,,,,,,,,,,,,,,,,,,,,,,,,,,,,,,,,,,,,,,,,,,,,,0.0,0.0002642633819498,0.0,6.565591980643975e-05,1.0,1.0,0.4056431768915535,2.4458183462310028e-17,1.0,1.0,1.0,2.92041098033172e-15,1.0,0.0,1.0,0.0,0.0247523386747033,1.0,1.0,0.0,3.1552725113352117e-12,1.0,0.0,0.0,0.0021909846200061,1.0,0.0,1.0,0.0870091906125916,1.0,1.0,0.0,7.628810579176394e-07,1.0,0.0,1.0,1.4266997381459295e-06,1.0,0.0,0.0,0.8892312916756533,1.0,0.936579209724094,8.557195401795227,0.7114424825107675,11.494210938111882,D,G,1,1.0,0.0,1.0,1.0,0.0,-3.032930950856276,-6.196506995841568,-2.7771628556808228,-1.1999978548528072,-1.2335262540977416,1.4528657229672979,0.03038873825645405,-1.0773905622699735,-0.10885513493781199,-0.8354824152861356,10.0,197.0,0.0544550399159413,9.139715670062352e-19,-1.2639619192802771,-14.999603248474033,1.0,1.0,0.0,0.0,100.0,0.0,1.0,0.0,60.0,71,0.8450704225352113,98.3582089868754,5.048192686056133,0.8328355404195187,-2.9370155363166557,1.0,6.0,0.0,6.0,0.0,0.0,1.0,1.0,0.0,0.8264378219714592,0.0,0.0,0.0,1.0,0.0,0.0,0.0,0.0,0.0,0.0,0.0,1.0,0.0,neg_charged,special,neg_charged_to_special,1.0,0.0,0.0,0.0,1.0,0.0,1.0,0,0.8617553319852542
VAR_000561,0.0224837625068822,0.0783034639242038,0.0119133540812039,4.999801335765212e-13,0.0040206744750146,0.0007639345062895,0.0021786784129178,0.075097826342072,0.0029416368649412,0.0016191013758,0.0012540709233103,0.0912192645171842,0.0363497655690921,0.0049806,0.000216081783042,0.0192131028579326,0.066645,0.0426183569767988,0.0067144725266428,0.0168161138951949,0.0004795534668985,0.0270518621709159,0.0030505543668562,0.0123845081142047,0.0316523214927015,0.0783029137179196,AFR,1.0,0.0223220928707836,1.0,0.0797827185692081,1.0,0.0199178746586021,1.0,0.000328686702659,0.0,0.0119302958104277,1.0,0.0284683823950206,1.0,0.0652024754473423,1.0,1.0,0.0645810133630289,1.0,1.0,0.1719585558704864,1.0,1.0,0.0776471622712912,1.0,1.0,0.0611782429912377,1.0,1.0,0.0338188727913305,1.0,1.0,0.0633377650757948,1.0,0.0,5.0858805536616435e-08,1.0,1.0,0.0073071793534789,1.0,1.0,0.0027028505422176,0.0,0.0,0.000728842987955,0.0,1.0,0.0116578317373855,1.0,1.0,0.0697790708759923,1.0,1.0,0.0176036371459183,1.0,1.0,0.0089996865711188,1.0,1.0,1.613242012065524e-06,1.0,1.0,0.0216233059429189,1.0,1.0,0.0170487693145471,1.0,1.0,0.1652086872593896,1.0,AllofUs_AFR,1.0,0.0060348856139426,1.0,A/A,A/A,5.618636603509929,4.749662542993993,3.637721675421154,1.0,0.064638,1.0,0.0,0.0051191960060681,1.0,1.0,1.9036647591986277e-11,1.0,1.0,0.0223909939406628,1.0,0.0,0.0453966432775122,1.0,1.0,0.0010845009645542,1.0,1.0,0.0012575130724689,1.0,1.0,0.0009172243230429,1.0,1.0,0.131699368291037,1.0,1.0,0.0013431358275495,1.0,1.0,0.0003359953015822,1.0,0.0,0.0151304600667856,1.0,1.0,0.0659790024976055,1.0,1.0,0.0031994664963026,1.0,0.0,0.0424497510384937,1.0,0.0,0.0006576391702706,1.0,1.0,0.0951680035921863,1.0,1.0,0.0078064325286005,1.0,0.0,0.0019649674835,1.0,1.0,0.0680041618656046,1.0,1.0,0.0081897845925309,1.0,1.0,0.00038052,1.0,0.0,0.0011884043018839,1.0,0.0,0.0008780237325152,1.0,1.0,0.00950934125191,1.0,1.0,0.0667719212226948,1.0,1.0,0.0506211965908595,1.0,1.0,0.0644670607649986,1.0,1.0,0.0370343608317367,A/A,0.1043673200952021,1.0,0.0123895890556207,1.0,0.06861213000804,1.0,1.0,1.0,0.0290011871560016,1.0,0.0,1.0,1.0,0.0023275895573118,1.0,0.0,0.0,7.947623682027915e-06,1.0,0.0,1.0,0.000221214328678,1.0,1.0,1.0,0.0503157055631894,1.0,1.0,1.0,0.0686155411084847,1.0,0.0,1.0,0.0001513130492337,1.0,1.0,1.0,,0.0,0.0113582734971632,1.0,0.0883021193724849,1.0,1.0,1.0,0.0022378841312693,1.0,0.0,1.0,1.0,0.0155491261783046,1.0,1.0,1.0,1.88275537249628e-05,1.0,0.0,1.0,2.066656134464048e-06,1.0,0.0,0.0,0.0004126773971378,1.0,1.0,1.0,0.0703892812966783,1.0,0.0,0.0,0.0001289082246528,1.0,1.0,1.0,0.0,0.0060799649252996,1.0,0.0701702100000776,1.0,1.0,1.0,0.0021553283286516,1.0,1.0,1.0,0.0,0.0019272735442928,1.0,1.0,1.0,9.429277775507742e-06,1.0,1.0,1.0,0.000910004986398,1.0,1.0,1.0,0.0003035111363679,1.0,0.5565480105061382,1.0,0.0701709076713532,1.0,0.0,1.0,0.0305988162664364,1.0,0.0,1.0,1.0,0.0609963178599174,1.0,0.0718235505582354,1.0,1.0,0.6320680749754747,1.345565413416964e-18,1.0,1.0,1.0,0.0039023665038702,1.0,1.0,1.0,0.0,0.0865474126393286,1.0,0.0,1.0,4.010530303617239e-05,1.0,1.0,0.0,3.992496327938999e-13,1.0,0.0,0.0,0.0005850530336815,1.0,0.0,1.0,0.0697185003710912,1.0,0.0,1.0,0.000168187520274,1.0,1.0,1.0,0.9988363824422264,0.9985670212086432,0.92438365048856,10.003,0.7293694550393445,11.359410878361889,N,S,0,0.0,0.0,0.0,0.0,0.0,-9.939737301468613,1.6424272069225767,-0.1529206172059051,0.6463070456984708,-1.168225399097953,-1.7654010083555487,-2.2843854086041286,-0.7466972971602102,0.05380214476563621,-0.049478246439440134,26.0,333.0,0.0912192645171842,4.999801335765212e-13,-1.0399134337111262,-12.300179495787763,1.0,1.0,0.0,1.0,676.0,0.0,0.0,1.0,94.0,103,0.912621359223301,113.62818701625397,4.744135752265465,0.9233080214427326,-1.3564108783618885,0.9988363824422264,6.0,0.0,6.0,0.0,1.0,0.0,0.0,0.0,0.3625923718042449,1.0,0.0,0.0,0.0,0.0,0.0,0.0,0.0,0.0,0.0,0.0,1.0,0.0,polar,polar,polar_to_polar,0.0,0.0,0.0,0.0,0.0,0.0,0.0,0,0.5237705317541551
VAR_003622,0.001260003185373,0.0114676136526945,5.722463650565016e-12,0.0054000479234348,0.0009000013086898,0.0145973163766762,0.000336960001678,5.13120819666475e-13,0.0032229052601151,1.3274158950698702e-10,0.0084636,0.0089968341808238,2.187268436847644e-05,0.0008356767118955,0.0002524241639712,0.0136732295326148,4.226969318916427e-24,0.0011883820362149,7.851044265326797e-05,0.0007752173981151,0.0213469018868532,0.0007624156164091,0.0563768744200936,0.00042615,0.000646801628473,0.0090403727574825,gnomADe_EAS,0.0,0.0012581840307165,0.0,3.858938728368646e-06,1.0,0.0001115237602729,1.0,0.0054857493969677,1.0,0.0008946338686208,1.0,9.335176072108908e-05,0.0,0.0024717937652521,1.0,0.0,0.0095224657036274,1.0,1.0,0.0001548080731263,1.0,1.0,0.0093468860470936,1.0,1.0,0.0111323184799134,1.0,1.0,0.0268745805809646,1.0,0.0,2.2995399301426666e-10,1.0,0.0,0.0001799331623022,1.0,1.0,0.0012175888816673,1.0,1.0,0.0069319849277785,1.0,1.0,0.0024704870057664,1.0,1.0,0.0006395744908169,1.0,1.0,1.0339339245167906e-08,1.0,0.0,0.0135709254216619,1.0,0.0,0.0036155800085541,1.0,1.0,0.011835115149697,1.0,1.0,1.1350651237941344e-05,1.0,1.0,0.0114305452350076,1.0,0.0,0.0092880000133769,1.0,AllofUs_EAS,1.0,0.0018614335250137,1.0,A/A,A/A,4.45482624753958,-5.707998157944817,-3.1374129527696137,0.0,9.549001176654316e-06,1.0,0.0,0.0001495976456616,1.0,0.0,1.4781126715442125e-11,1.0,0.0,2.331101818456311e-06,1.0,1.0,1.1952011217122298e-05,1.0,1.0,0.0525582646321649,1.0,0.0,0.0031896,1.0,0.0,0.0018671494632465,1.0,0.0,3.101620963808959e-06,1.0,1.0,0.0024391993619424,1.0,1.0,0.0009270047293947,1.0,1.0,6.26966363029857e-05,1.0,1.0,0.0024252658765467,1.0,1.0,8.669547836891736e-05,1.0,1.0,0.0002848832969392,1.0,0.0,1.883701750175192e-05,1.0,0.0,0.0294152061819632,1.0,1.0,4.525116327918418e-05,1.0,1.0,0.0670926198169482,1.0,1.0,0.0218927659427761,1.0,0.0,0.0001521000255237,1.0,1.0,0.0001355400470867,1.0,0.0,0.0028875103626382,1.0,1.0,0.0073134000000078,1.0,1.0,4.684808679423856e-05,1.0,0.0,0.00232167875314,1.0,0.0,0.0001181188661672,1.0,1.0,0.0001902786458768,1.0,0.0,0.000404624277125,A/A,0.0895245141192506,1.0,0.0139573744435235,1.0,0.0006787618266529,1.0,0.0,1.0,5.288517138333605e-05,1.0,0.0,1.0,0.0,0.0570809773209166,1.0,1.0,1.0,0.0078598260014286,1.0,0.0,0.0,0.0010083261708137,1.0,0.0,0.0,0.0004726857656383,1.0,0.0,1.0,0.0078599393163038,1.0,1.0,1.0,0.0003474988891991,1.0,1.0,0.0,,1.0,0.00117226227187,1.0,1.0981580032966692e-09,1.0,1.0,0.0,2.637688448447021e-05,1.0,1.0,1.0,1.0,1.7410501732218377e-07,1.0,0.0,1.0,0.0090372679802904,1.0,0.0,1.0,0.0006666048018047,1.0,1.0,0.0,0.0001142847134854,1.0,0.0,1.0,0.0088105387687324,1.0,0.0,1.0,0.0003259800000057,1.0,1.0,1.0,1.0,0.0007376832088842,1.0,3.7630874094609386e-10,1.0,1.0,1.0,0.0038833014496752,1.0,1.0,1.0,0.0,4.9712684962851437e-08,1.0,0.0,0.0,0.0089914319096853,1.0,1.0,0.0,0.0007534080003851,1.0,1.0,1.0,6.108512312937507e-05,1.0,0.0,0.0,0.0089904844781053,1.0,0.0,1.0,0.0003253510174903,1.0,1.0,1.0,1.0,0.0003403098452899,1.0,5.5457991189673624e-09,1.0,1.0,0.0,5.079439564224295e-16,1.0,0.0364132746590097,0.0,3.835004052337953e-05,1.0,1.0,1.0,1.0,0.0018283183511343,1.0,1.0,0.0,0.0090773010852055,1.0,0.0,1.0,0.0010264050004981,1.0,0.0,0.0,0.0001159156302643,1.0,0.0,1.0,0.0085421592002886,1.0,0.0,1.0,0.0002473838090689,1.0,1.0,1.0,0.0,0.0,0.0404484214089042,-0.5213825116381017,-1.5117496442464016,0.1713611031641544,I,V,0,0.0,0.0,0.0,0.0,0.0,-9.939737301468613,1.6424272069225767,-0.1529206172059051,0.6463070456984708,-1.168225399097953,-1.7654010083555487,-2.2843854086041286,-0.7466972971602102,0.05380214476563621,-0.049478246439440134,26.0,333.0,0.0563768744200936,4.226969318916427e-24,-1.248899005437337,-14.99999999816425,1.0,1.0,0.0,1.0,676.0,0.0,0.0,1.0,89.0,103,0.8640776699029126,-0.08934468236480267,-0.0,0.0,-0.6927436148022561,0.0404484214089042,0.0,5.0,-5.0,0.0,0.0,0.0,1.0,0.0,0.7443301190540322,0.0,0.0,1.0,0.0,0.0,0.0,0.0,0.0,0.0,0.0,0.0,1.0,0.0,hydrophobic,hydrophobic,hydrophobic_to_hydrophobic,0.0,0.0,0.0,0.0,0.0,0.0,0.0,0,0.49457963262565896
VAR_004412,,,,,,,,,,,,,,,,,,,,,,,,,,,,,,,,,,,,,,,,,,,,,,,,,,,,,,,,,,,,,,,,,,,,,,,,,,,,,,,,,,,,,,,,,,,,,,,,,,,,,C/C,C/C,5.597908878773468,5.092432550832056,4.810547479554166,,,,,,,,,,,,,,,,,,,,,,,,,,,,,,,,,,,,,,,,,,,,,,,,,,,,,,,,,,,,,,,,,,,,,,,,,,,,,,,,,,,,,,,C/C,,,,,,,,,,,,,,,,,,,,,,,,,,,,,,,,,,,,,,,,,,,,,,,,,,,,,,,,,,,,,,,,,,,,,,,,,,,,,,,,,,,,,,,,,,,,,,,,,,,,,,,,,,,,,,,,,,,,,,,,,,,,,,,,,,,,,,,,,,,,,,,,,,,,,,,0.97726603583267,0.2020018834997337,0.9455650776766562,7.79168951566148,0.5670898800005861,5.929863331815324,R,P,1,1.0,1.0,1.0,1.0,0.0,7.9832658475143266,1.110473819360434,0.7581133467456967,0.8939678506860212,-0.051531957628236036,0.3355656458072709,-0.36501707859039345,0.34222455309622,-0.05071508944522977,-0.11988723048277419,0.0,0.0,0.0,,-15.0,-14.698970004336019,0.0,0.0,1.0,0.0,0.0,1.0,0.0,0.0,0.0,1,0.0,46.20365395181091,4.9766613716968955,0.9240686350828765,1.8618261838461558,0.97726603583267,5.0,0.0,5.0,0.0,0.0,0.0,0.0,0.0,0.8215209917795393,0.0,0.0,0.0,0.0,0.0,0.0,0.0,1.0,0.0,0.0,0.0,1.0,0.0,pos_charged,special,pos_charged_to_special,0.0,1.0,0.0,1.0,1.0,0.0,1.0,0,0.8771570687209322
VAR_000589,,,,,,,,,,,,,,,,,,,,,,,,,,,,,,,,,,,,,,,,1.0,3.3888377627716238e-06,1.0,0.0,0.0011259147257793,1.0,1.0,2.67144074256e-05,1.0,0.0,0.0391315812240947,1.0,0.0,2.404531523592955e-09,1.0,0.0,6.335693645110523e-11,1.0,0.0,0.0620690851486495,1.0,0.0,0.048851805535932,1.0,0.0,0.0003072512714746,1.0,1.0,5.045173113334807e-06,1.0,1.0,1.428170836927748e-08,1.0,1.0,2.829515431712368e-06,1.0,,,,,,,,,,,,,,,,,,,,,,,,,,T/T,T/T,5.582289544677725,5.747078662708187,4.224217762152822,,,,,,,,,,,,,,,,,,,,,,,,,,,,,,,,,,,,,,,,,,,,,,,,,,,,,,,,,,,,,,,,,,,,,,,,,,,,,,,,,,,,,,,T/T,0.0251402228821326,,,,,,,,,,,,,,,,,,,,,,,,,,,,,,,,,,,,,,,,,,,,,,,,,,,,,,,,,,,,,,,,,,,,,,,,,,,,,,,,,,,,,,,,,,,,,,,,,,,,,,,,,,,,,,,,,,,,,,,,,,,,,,,,,,,,,,,,,,,,,,,,,,,,,,0.9169836215551772,1.0,0.9150352207673382,8.086559372167809,0.6434234228178862,5.720141680113388,L,P,1,1.0,1.0,1.0,1.0,0.0,6.147769942863638,1.4081293109136799,-4.749743257272088,0.4409255166224544,1.4775743369369598,0.3695469617660543,-0.35331671701819856,-0.09861107761164689,0.018680080668202453,0.36494332470953644,0.0,37.0,0.0,,-15.0,-14.698970004336019,0.0,0.0,1.0,0.0,0.0,1.0,0.0,0.0,6.0,8,0.75,46.25626531344863,5.269977005492638,0.8390723105897749,2.366417692054421,1.0,5.0,0.0,5.0,0.0,0.0,0.0,0.0,0.0,0.8215209917795393,0.0,0.0,0.0,0.0,0.0,0.0,0.0,1.0,0.0,0.0,0.0,1.0,0.0,hydrophobic,special,hydrophobic_to_special,0.0,1.0,0.0,0.0,1.0,0.0,1.0,-3,0.8744937483693579
VAR_000935,,,,,,,,,,,,,,,,,,,,,,,,,,,,,,,,,,,,,,,,0.0,0.0045228019927063,1.0,0.0,0.047065043091795,1.0,0.524447234968542,8.594609163110659e-05,1.0,0.0,0.0048225557751837,1.0,1.0,0.0005013241563434,1.0,1.0,0.0006663486297239,1.0,1.0,0.0021801788627637,1.0,0.0,5.155928651046594e-06,1.0,0.0,2.0721825569075324e-06,1.0,0.0,0.0002636256135303,1.0,1.0,3.203297329647279e-06,1.0,1.0,0.0187951784793729,1.0,,,,,,,,,,,,,,,,,,,,,,,,,,C/C,C/C,6.00823239453222,6.118042780290925,5.649667108022827,1.0,1.567956805887163e-05,1.0,0.0,0.0027910043631071,1.0,1.0,0.0538030909670162,1.0,0.0,3.039312177589443e-10,1.0,0.0,0.0009644080090986,1.0,0.0,0.0245223962772086,1.0,1.0,0.0010053409889164,1.0,0.0,0.0190591502585834,1.0,1.0,0.0001389744008107,1.0,1.0,0.0163671385304001,1.0,0.0,0.0003323700000504,1.0,0.0,3.9861256284644693e-07,1.0,0.0,3.289578237849668e-06,1.0,0.0,7.686426871882842e-08,1.0,1.0,0.052690547200867,1.0,0.0,6.419709386180037e-05,1.0,1.0,0.0002789931672476,1.0,1.0,0.038389881677594,1.0,0.0,2.7803381190252798e-11,1.0,0.0,7.187522691454313e-27,1.0,1.0,1.6699778308814073e-05,1.0,1.0,6.639665759496056e-05,1.0,1.0,0.053628238439251,1.0,0.0,8.662279200771206e-10,1.0,0.0,8.448666299771441e-14,1.0,0.0,0.0087139987896688,1.0,1.0,1.7153506875428158e-10,1.0,1.0,0.0002094958557865,1.0,,,C/C,0.0003323700008835,,,,,,,,,,,,,,,,,,,,,,,,,,,,,,,,,,,,,,,,,,,,,,,,,,,,,,,,,,,,,,,,,,,,,,,,,,,,,,,,,,,,,,,,,,,,,,,,,,,,,,,,,,,,,,,,,,,,,,,,,,,,,,,,,,,,,,,,,,,,,,,,,,,,,,1.0,0.978174435064199,1.0,8.285892803565856,0.6161954812910869,7.466882386884038,A,V,1,1.0,1.0,1.0,1.0,0.0,1.101918155392422,-4.647198441539216,-3.328576298050441,4.589599715022559,2.966717297354506,-0.1750844774585616,-0.10048636512056852,-0.22215531562255075,0.13029261032184328,0.3890458757944831,0.0,121.0,0.0,,-15.0,-14.698970004336019,0.0,0.0,1.0,0.0,0.0,1.0,0.0,0.0,37.0,45,0.8222222222222222,61.86978703455509,6.118042780290925,1.0,0.8190104166818184,1.0,6.0,0.0,6.0,0.0,0.0,0.0,0.0,0.0,0.8215209917795393,0.0,0.0,0.0,0.0,0.0,0.0,0.0,1.0,0.0,0.0,0.0,1.0,0.0,polar,hydrophobic,polar_to_hydrophobic,0.0,0.0,0.0,0.0,0.0,0.0,1.0,0,0.7266393722279085
VAR_000698,0.0069551993943061,5.968049132006055e-07,0.0287958050675338,0.0125140677058436,2.3562326377906644e-05,9.949405479035063e-15,0.000348505536106,0.020499096655262,1.7346273266735446e-15,0.0212914668101113,0.0092733467326615,1.139298781554813e-17,0.0002378203860799,0.0003583603045702,0.018781665957065,0.0004550401031545,0.0072061707687543,0.0160762538980202,1.308019504921162e-08,0.0005208934817507,0.0111067036768801,0.0170171967235504,9.310826556127978e-05,0.0009901710951333,0.0069451978577619,0.0194754672345089,EAS,1.0,0.0025851689074217,0.0,0.0759199847482887,1.0,2.60990133740949e-14,1.0,0.012500007391725,1.0,0.0082866198909746,1.0,0.0140072810075307,1.0,1.5717066816778437e-05,1.0,1.0,6.9906621821879e-13,1.0,0.0,0.0333386271437422,1.0,1.0,0.0124629221311101,1.0,1.0,0.015168539325844,1.0,0.0,5.571473198594922e-05,1.0,0.0,0.0128532515386071,1.0,1.0,8.12109534698969e-12,1.0,1.0,0.0003357656042569,1.0,0.0,0.0015758586338007,1.0,1.0,5.632555407559877e-09,1.0,0.0,0.0004446175049694,1.0,1.0,0.0040782644596885,1.0,0.0,0.0002750400000003,1.0,0.0,2.257948623636861e-05,1.0,1.0,0.0083709000000193,1.0,1.0,0.0095153486813576,1.0,0.0,0.0005715900000003,1.0,0.0,0.0220574774437697,0.0,AllofUs_EAS,0.0,0.0005804124421463,1.0,A/A,A/A,5.166738251441722,5.014696043413236,4.476311394421824,0.0,0.0291291642257386,1.0,0.0,0.0006910134150294,1.0,1.0,7.750840585605305e-09,1.0,0.0,0.0014138373198906,1.0,0.0,0.0158033114702338,1.0,1.0,0.0568580730654904,1.0,0.0,0.0069784680122028,1.0,1.0,5.178600000009098e-05,1.0,1.0,2.697437296629992e-06,1.0,1.0,0.0024435924355408,1.0,1.0,0.0023664233066579,1.0,1.0,3.566451780534213e-05,1.0,0.0,0.020252856526538,1.0,0.0,1.8976836053205544e-05,1.0,0.0,0.0005286255364674,1.0,1.0,0.000929438166265,1.0,0.0,0.0001248304642374,1.0,1.0,0.0016962076131458,1.0,1.0,0.0028675219758504,1.0,0.0,5.704257613966679e-06,1.0,0.0,0.0003274941398145,1.0,1.0,0.0022039573077345,1.0,1.0,0.0006684614437367,1.0,1.0,0.004964406335161,1.0,0.0,0.0009078526752444,1.0,0.0,0.0001111430280145,1.0,0.0,5.357704208466808e-05,1.0,0.0,5.574408398322044e-06,1.0,1.0,0.0208143344588308,A/A,0.0171049672158409,0.0,0.0011188710044852,1.0,0.0004170965087164,1.0,0.0,1.0,0.0908530385524402,1.0,1.0,1.0,1.0,1.1786308694101332e-13,1.0,0.0,1.0,0.0121379400000013,1.0,0.0,1.0,0.0268924659605162,1.0,1.0,0.0,0.0002314110993461,1.0,0.0,1.0,0.0121380990476701,1.0,1.0,0.0,0.0012878313392062,1.0,1.0,1.0,,0.0,0.000942354,0.0,1.2094493474193892e-07,1.0,1.0,0.0,0.0082860016881027,1.0,1.0,1.0,1.0,2.7272973478938213e-08,1.0,0.6119905886038661,1.0,0.0113181122358246,1.0,1.0,1.0,0.0359204849578793,1.0,0.0,1.0,3.506263492637152e-05,1.0,0.0,1.0,0.0108450713544597,1.0,0.0,1.0,0.0007961775891044,1.0,0.0,0.0,1.0,0.0092727881670562,0.0,0.01044167597837,1.0,0.0,1.0,3.27441091621233e-06,1.0,1.0,1.0,0.0,2.7814688926770618e-12,1.0,0.0,0.0,0.0107335232921974,1.0,0.0,1.0,0.0025128461476888,1.0,0.0,0.0,7.37631564612943e-05,1.0,1.0,1.0,0.0107360750928696,1.0,0.0,0.0,0.0034682246635519,1.0,0.0,1.0,1.0,0.01469618577114,0.0,1.1755647566897115e-05,1.0,1.0,0.0,2.9661479079713437e-05,1.0,0.0,1.0,7.007798318377886e-10,1.0,0.0,1.0,1.0,0.0584992029782943,1.0,0.0,1.0,0.0094840384720706,1.0,0.0,0.0,0.0202907052724635,1.0,1.0,1.0,4.4999370002542826e-05,1.0,1.0,0.0,0.0188502485233997,1.0,0.0,1.0,0.0007810924656204,1.0,1.0,0.0,0.9766229369199028,1.0,0.9934576870779752,8.572618821606296,0.7219091313765923,10.77232488749339,E,V,0,0.0,0.0,0.0,0.0,0.0,-9.939737301468613,1.6424272069225767,-0.1529206172059051,0.6463070456984708,-1.168225399097953,-1.7654010083555487,-2.2843854086041286,-0.7466972971602102,0.05380214476563621,-0.049478246439440134,26.0,333.0,0.0287958050675338,1.139298781554813e-17,-1.540670775043422,-14.995080061741215,0.0,1.0,0.0,1.0,676.0,0.0,0.0,1.0,87.0,103,0.8446601941747572,92.34703508298377,4.897467177678851,0.9702335640597459,-2.199706065887094,1.0,6.0,0.0,6.0,0.0,0.0,0.0,0.0,0.0,0.5599181166837257,0.0,0.0,1.0,0.0,0.0,0.0,0.0,0.0,0.0,0.0,0.0,1.0,0.0,neg_charged,hydrophobic,neg_charged_to_hydrophobic,0.0,0.0,0.0,0.0,0.0,0.0,1.0,0,0.7707480382122143
VAR_000570,,,,,,,,,,,,,,,,,,,,,,,,,,,,,,,,,,,,,,,,,,,,,,,,,,,,,,,,,,,,,,,,,,,,,,,,,,,,,,,,,,,,,,,,,,,,,,,,,,,,,G/G,G/G,5.67516326858131,6.166184273630568,2.8330255858016766,,,,,,,,,,,,,,,,,,,,,,,,,,,,,,,,,,,,,,,,,,,,,,,,,,,,,,,,,,,,,,,,,,,,,,,,,,,,,,,,,,,,,,,G/G,,,,,,,,,,,,,,,,,,,,,,,,,,,,,,,,,,,,,,,,,,,,,,,,,,,,,,,,,,,,,,,,,,,,,,,,,,,,,,,,,,,,,,,,,,,,,,,,,,,,,,,,,,,,,,,,,,,,,,,,,,,,,,,,,,,,,,,,,,,,,,,,,,,,,,,1.0,0.9900550546812577,0.9806608658495262,10.003,0.547364115457348,11.315053534004871,G,E,1,1.0,1.0,1.0,1.0,0.0,7.9832658475143266,1.110473819360434,0.7581133467456967,0.8939678506860212,-0.051531957628236036,0.3355656458072709,-0.36501707859039345,0.34222455309622,-0.05071508944522977,-0.11988723048277419,0.0,0.0,0.0,,-15.0,-14.698970004336019,0.0,0.0,1.0,0.0,0.0,1.0,0.0,0.0,0.0,1,0.0,113.18448050065072,6.166184273630568,0.9806608658495262,-1.3120535340048711,1.0,6.0,0.0,6.0,0.0,0.0,0.0,0.0,0.0,0.8215209917795393,0.0,0.0,0.0,0.0,0.0,0.0,0.0,1.0,0.0,0.0,0.0,1.0,0.0,special,neg_charged,special_to_neg_charged,1.0,0.0,0.0,0.0,0.0,1.0,1.0,0,0.7519062467766378
VAR_002373,0.002292648004225,0.0013500670800181,0.0001424170124282,0.0298194600158527,2.511200264165715e-06,2.15622093581205e-09,0.0277756089925119,0.0531513111057262,0.0007702040854275,0.0295875986569006,8.025356194920339e-16,2.8350762253330064e-05,1.0429798586909379e-40,0.0002427634812528,0.0005520044947757,0.0178075495209463,0.0016108162443721,9.907766087874644e-05,5.885929405049233e-05,1.7477829350750466e-21,2.66372015529509e-06,5.871951492857972e-13,0.0001129088755257,0.0002761420180681,1.3181508194396655e-17,0.0015488080108929,AFR,1.0,0.0008780761488301,0.0,0.0013615733736835,0.0,1.2807568615736493e-05,1.0,7.970271960520227e-08,0.0,0.0364179583190226,0.0,2.018584666677449e-07,0.0,8.060601887573702e-10,1.0,0.0,0.0015010461695334,1.0,0.5601954211934776,6.094650690100303e-13,1.0,0.0,0.0671481773426721,1.0,0.0,0.0307574899776142,0.0,0.0,1.1448551657648889e-06,1.0,0.0,2.70196092293027e-07,1.0,0.0,0.0743719013039857,0.0,0.0,0.003323712472613,1.0,1.0,1.2316090771432965e-07,0.0,1.0,0.0260252227987036,1.0,0.0,0.0545184883519019,0.0,0.0,0.002411511756122,1.0,0.0,7.722978082273018e-05,1.0,1.0,0.0193612761693102,1.0,0.0,2.6497805178335177e-10,1.0,0.0,0.0006181772307112,1.0,0.0,0.0007290004717988,1.0,0.0,0.0166208829473839,1.0,AllofUs_AFR,1.0,1.5355611580683297e-05,1.0,C/C,C/C,5.2007066194692095,2.3634840267542683,1.863386444172871,1.0,0.0377132934061871,1.0,1.0,0.0005944082687288,1.0,0.0,2.247217294691076e-08,1.0,0.0,6.367449945987464e-05,1.0,0.0,1.2029840920294143e-06,1.0,0.0,1.722372378343776e-06,1.0,0.0,0.0047616820125908,1.0,1.0,1.044763027054514e-05,1.0,1.0,0.0221807696182769,1.0,1.0,9.377237142583908e-05,1.0,0.0,2.552502011064939e-07,1.0,1.0,0.0002201202520654,1.0,1.0,0.0061165272566023,1.0,1.0,0.000525023881564,1.0,0.0,8.640974267636593e-06,1.0,1.0,3.0778458739952176e-05,1.0,0.0,0.032041843543128,1.0,1.0,0.0002184013033326,1.0,0.0,0.0001525547163204,1.0,1.0,0.0001759331252075,1.0,1.0,2.079e-06,1.0,0.0,0.0242462928359762,1.0,1.0,0.0525055781982073,1.0,1.0,4.96879148683635e-19,1.0,0.0,3.683862992772695e-05,1.0,0.0,0.0016357714582359,1.0,1.0,3.998932414759844e-05,1.0,0.0,0.0003402543204691,1.0,1.0,0.00010887159213,C/C,0.0014940550129792,1.0,0.0039823675320978,1.0,0.0005624296943743,1.0,0.9968184631938364,0.0,0.0001655845495314,1.0,0.0,1.0,0.0,0.0015654165613856,1.0,1.0,0.0,0.0844580604916692,1.0,1.0,1.0,0.0005572008240444,1.0,1.0,1.0,1.1103191218261938e-22,1.0,0.0,1.0,0.0327208452723782,1.0,0.0,0.0,2.049398498189037e-07,1.0,0.0,0.0,,1.0,0.0109471449580922,0.0,0.0010456398437279,1.0,0.0,0.0,7.881372000000027e-05,1.0,1.0,1.0,0.0,5.681244282533491e-10,1.0,0.5236714857804743,1.0,0.0026023557334446,1.0,0.0,1.0,1.0010374030102328e-08,1.0,1.0,0.0,1.022952442711404e-05,1.0,1.0,0.0,0.0004881743488698,1.0,0.0,1.0,0.0169352304091037,1.0,0.0,0.0,1.0,5.092077090517735e-05,0.0,0.0454342273625749,1.0,0.0,0.0,8.856736943652459e-05,1.0,0.0,1.0,1.0,3.1209351911853077e-10,1.0,1.0,0.0,0.0376501074221731,1.0,1.0,1.0,0.0067930418426355,1.0,1.0,1.0,0.0007096086967133,1.0,1.0,1.0,0.000444006,1.0,0.0,0.0,6.40788016637302e-05,1.0,0.0,0.0,1.0,1.8484840271802704e-05,1.0,0.0099785986565416,1.0,0.0,0.1652826892958637,1.0045609362810188e-12,1.0,0.0,0.0,6.164246618413644e-05,1.0,1.0,1.0,0.8131513364977142,4.5541518562157445e-10,1.0,0.0,0.0,0.0084717024145968,1.0,1.0,0.0,1.0052400167388622e-05,1.0,1.0,1.0,0.0014253200615799,1.0,1.0,1.0,0.0003380382696206,1.0,0.0,1.0,3.1659885995919126e-06,1.0,0.0,0.0,0.3512168482903286,0.0374568001770224,0.0167957350799985,0.7261497823090064,-0.3415729307329944,-0.0755536999259001,A,G,0,0.0,0.0,0.0,0.0,0.0,-9.939737301468613,1.6424272069225767,-0.1529206172059051,0.6463070456984708,-1.168225399097953,-1.7654010083555487,-2.2843854086041286,-0.7466972971602102,0.05380214476563621,-0.049478246439440134,26.0,333.0,0.0531513111057262,1.0429798586909379e-40,-1.2744860180840605,-15.0,1.0,1.0,0.0,1.0,676.0,0.0,0.0,1.0,90.0,103,0.8737864077669902,-0.054863302753832346,0.8300954108611688,0.005898945139516384,0.8017034822349065,0.3512168482903286,1.0,3.0,-2.0,0.0,1.0,0.0,0.0,0.0,0.3625923718042449,1.0,0.0,0.0,0.0,0.0,0.0,0.0,0.0,0.0,0.0,0.0,1.0,0.0,polar,special,polar_to_special,1.0,0.0,0.0,0.0,1.0,0.0,1.0,0,0.6295538117441905
VAR_003706,,,,,,,6.780925950432104e-05,0.0001179763549526,0.0134044674201729,2.95679013043521e-07,3.4478219935198096e-05,3.6726166518585744e-14,1.619160020219856e-06,5.106823445166504e-09,1.8339443920639057e-07,0.0003888645325409,4.087816830656737e-05,0.0003540042943783,0.0217350750150805,8.059308485273949e-15,0.0578373425815777,0.0036430672806977,1.325702251189678e-05,1.4248439642660727e-08,1.9896876110126416e-11,0.0063360483599953,gnomADg_NFE,,,,,,,,,,,,,0.0,0.0035452013409444,1.0,1.0,0.0055008064877587,1.0,0.0,1.339616285922356e-09,1.0,1.0,9.230346599977494e-05,1.0,1.0,2.2823018088794478e-10,0.0,0.0,2.3637460148338693e-13,1.0,1.0,3.854946731040493e-06,1.0,1.0,3.1967130695571614e-05,1.0,1.0,5.1431909880744525e-09,1.0,0.0,0.0002257912086848,0.0,1.0,1.2403640755914053e-05,0.0,0.0,0.000178289131679,0.0,0.0,1.6971432510847396e-06,1.0,1.0,3.668596387421382e-06,1.0,0.0,0.0002153478111369,1.0,0.0,0.0011576989359288,0.0,1.0,7.010100052825251e-06,1.0,1.0,0.0003589828720017,1.0,1.0,7.205874909180977e-06,1.0,AllofUs_EUR,0.0,8.571271828224485e-12,0.0,A/A,A/A,5.904077336305288,6.17,5.134647499277004,0.0,0.0025172079188268,1.0,0.0,3.5635017231544e-06,1.0,0.0,4.212376057230206e-07,1.0,0.0,3.225484144615133e-07,1.0,0.0,2.7054257949723e-06,1.0,1.0,1.6826921150045734e-05,1.0,0.0,2.0977688981969437e-06,1.0,0.0,4.286758194092162e-06,1.0,0.0,0.0524296338462883,1.0,1.0,8.299434507482848e-08,1.0,1.0,0.0123477200105544,1.0,1.0,0.0001173709728787,1.0,1.0,4.354698431540838e-10,1.0,0.0,0.0024796689538575,1.0,0.0,2.3788028975813336e-05,1.0,0.0,8.445600027751843e-07,1.0,1.0,3.625472822594022e-05,1.0,0.0,0.0662512723122524,1.0,0.0,0.0069145137293337,1.0,0.0,0.0004402034169293,1.0,1.0,0.002182726651824,1.0,1.0,0.0051914084742527,1.0,0.0,5.442384961983689e-05,1.0,1.0,9.551940925106412e-08,1.0,1.0,0.0022643837951877,1.0,0.0,2.1474677825777833e-09,1.0,0.0,0.0179664612103523,1.0,0.0,3.704968250919569e-05,1.0,0.0,5.499343185133514e-05,A/A,0.0034619359083543,0.0,3.3267488032447577e-06,1.0,0.00768777990772,1.0,1.0,0.0,0.0003116912617625,1.0,0.0,1.0,1.0,0.031468136681436,1.0,1.0,1.0,8.401945139607999e-08,1.0,1.0,0.0,0.0096591695692331,1.0,1.0,1.0,0.000272056204561,1.0,1.0,,,,,0.0,3.389725248705225e-06,1.0,0.0,1.0,,0.0,3.80275684322749e-06,0.0,0.0489214899689735,1.0,1.0,0.0,0.0163663531537036,1.0,1.0,1.0,1.0,0.0127519794600156,1.0,0.0,0.0,0.0002317400293592,1.0,0.0,0.0,1.26344849738753e-10,1.0,1.0,1.0,0.0003786266475883,1.0,1.0,1.0,9.066991843377394e-06,1.0,1.0,0.0,8.28900996361379e-05,1.0,1.0,0.0,0.0,4.3257608158036335e-06,1.0,2.5817739585417547e-05,1.0,1.0,1.0,0.0004818255335846,1.0,1.0,1.0,1.0,5.962826228407048e-22,1.0,0.0,1.0,0.0052974246903068,1.0,1.0,1.0,0.0029713617648126,1.0,1.0,0.0,0.0002134794852031,1.0,0.0,0.0,0.0031102210203038,1.0,0.0,1.0,0.0002323436943359,1.0,0.0,0.0,0.0,0.0168434832734819,1.0,0.0001225953988737,1.0,0.0,0.0,3.511379118381249e-08,1.0,0.0,1.0,6.188148952579537e-07,1.0,1.0,1.0,1.0,7.343969524809891e-07,1.0,1.0,1.0,5.878045131158806e-07,1.0,0.0,0.0,0.0127551455016499,1.0,0.0,0.0,2.408645377740508e-06,1.0,1.0,0.0,7.063840823943475e-05,1.0,0.0,1.0,0.0004196007219756,1.0,1.0,1.0,1.0,1.0,0.9933429908595596,5.274591651815157,0.756,10.774062126585193,N,I,1,1.0,0.0,0.0,1.0,0.0,-9.485323688328076,1.1679166223333737,-0.16207955632831633,0.2759337065594937,-0.2741150014452499,0.376268855928964,1.1940177346390413,0.7417893454416504,1.189648955049777,-0.35949043819448556,20.0,311.0,0.0578373425815777,8.059308485273949e-15,-1.2377916695286968,-14.042904951604802,1.0,1.0,0.0,1.0,400.0,0.0,0.0,0.0,83.0,102,0.8137254901960784,56.82877814902412,6.17,0.9933429908595596,-5.499470474770035,1.0,6.0,0.0,6.0,0.0,0.0,1.0,0.0,1.0,0.7461721108334329,0.0,0.0,0.0,1.0,0.0,0.0,0.0,0.0,0.0,0.0,0.0,1.0,0.0,polar,hydrophobic,polar_to_hydrophobic,0.0,0.0,0.0,0.0,0.0,0.0,1.0,0,0.523712043671102
VAR_000991,,,,,,,,,,,,,,,,,,,,,,,,,,,,,,,,,,,,,,,,1.0,0.0031799496612909,1.0,1.0,1.3401666338915368e-29,1.0,0.0,1.788348193871347e-05,1.0,0.0,0.0007408392917652,1.0,0.0,0.0088367297599125,1.0,1.0,0.0609687844107394,1.0,0.0,0.007802553774672,1.0,0.0,3.857118112924348e-09,1.0,1.0,0.0011123131706701,1.0,0.0,0.0014084023258899,1.0,0.0,8.89817554648273e-06,1.0,0.0,1.3926526111504985e-08,1.0,,,,,,,,,,,,,,,,,,,,,,,,,,G/G,G/G,5.737019306375977,5.264955197018531,,,,,,,,,,,,,,,,,,,,,,,,,,,,,,,,,,,,,,,,,,,,,,,,,,,,,,,,,,,,,,,,,,,,,,,,,,,,,,,,,,,,,,,,G/G,0.0121722546609636,,,,,,,,,,,,,,,,,,,,,,,,,,,,,,,,,,,,,,,,,,,,,,,,,,,,,,,,,,,,,,,,,,,,,,,,,,,,,,,,,,,,,,,,,,,,,,,,,,,,,,,,,,,,,,,,,,,,,,,,,,,,,,,,,,,,,,,,,,,,,,,,,,,,,,1.0,0.98710381730415,0.937389853579472,8.75488173027039,0.6318687586564685,11.934,R,K,1,1.0,1.0,1.0,1.0,1.0,6.147769942863638,1.4081293109136799,-4.749743257272088,0.4409255166224544,1.4775743369369598,0.3695469617660543,-0.35331671701819856,-0.09861107761164689,0.018680080668202453,0.36494332470953644,0.0,37.0,0.0,,-15.0,-14.698970004336019,0.0,0.0,1.0,0.0,0.0,1.0,0.0,0.0,7.0,8,0.875,104.48075856904681,5.264955197018531,0.937389853579472,-3.17911826972961,1.0,5.0,0.0,5.0,0.0,0.0,0.0,0.0,0.0,0.8215209917795393,0.0,0.0,0.0,0.0,0.0,0.0,0.0,1.0,0.0,0.0,0.0,1.0,0.0,pos_charged,pos_charged,pos_charged_to_pos_charged,0.0,0.0,0.0,1.0,0.0,0.0,0.0,0,0.8132787444558172
VAR_004397,,,,,,,0.0610929078300215,0.0004230333085347,0.0033764672853272,1.006931359088218e-09,0.0012805686505084,6.60020140137324e-05,0.0078098558151827,5.012369168486915e-10,0.0011518807869123,6.550427562017665e-06,1.2528980271220666e-06,2.615925014818375e-05,0.0851893444181959,0.0009317024765343,1.9600171696043722e-22,1.3089940889120342e-05,0.0151523597642268,8.760310713862864e-23,7.631425070696536e-39,1.323000025989384e-05,gnomADg_NFE,,,,,,,,,,,,,0.0,7.417796773858404e-11,1.0,0.0,1.1779197979366023e-06,1.0,0.0,9.927300111906128e-06,1.0,0.0,2.743288342074197e-10,1.0,1.0,1.1475891973714017e-08,1.0,1.0,0.0198649466016004,1.0,0.0,0.0003317472753126,1.0,0.0,9.69920536818179e-07,1.0,1.0,0.0852904803122422,1.0,0.0,1.28278851359094e-09,1.0,0.0,3.800706163360879e-12,1.0,1.0,3.824922432661272e-05,1.0,,,,,,,,,,,,,,,,,,,,,,,,,,G/G,G/G,5.3922354949088245,5.251650765420228,5.743134927265579,0.0,0.0005215076569071,1.0,1.0,3.2952872424167865e-06,1.0,0.0,9.063843659172502e-12,1.0,0.0,3.099937861986637e-10,1.0,1.0,0.000465744960145,1.0,0.0,4.805904072079932e-06,1.0,0.0,0.0011329727621298,1.0,0.0,2.2507393681791708e-05,1.0,1.0,2.145370166327251e-07,1.0,1.0,9.189098495355472e-21,1.0,0.0,0.0145564180007332,1.0,1.0,9.3422926526528e-06,1.0,1.0,5.881399933903189e-06,1.0,1.0,0.0003186472668122,1.0,0.0,0.0818673338474433,1.0,0.0,0.0001437714391362,1.0,1.0,1.634953433643516e-07,1.0,0.0,0.0001735077222517,1.0,1.0,0.0036380179062318,1.0,1.0,0.0063079499125025,1.0,1.0,0.0261169467615011,1.0,0.0,0.0064045108583455,1.0,0.0,0.00972119126971,1.0,1.0,1.416308645368047e-16,1.0,0.0,1.7356172087297663e-05,1.0,0.0,0.0004655012921679,1.0,0.0,1.2988676041374892e-05,1.0,0.0,3.1433575442989624e-06,1.0,0.0,0.0399824345849448,G/G,0.0021461138860888,,,,,,,,,,,,,,,,,,,,,,,,,,,,,,,,,,,,,,,,,,,,,,,,,,,,,,,,,,,,,,,,,,,,,,,,,,,,,,,,,,,,,,,,,,,,,,,,,,,,,,,,,,,,,,0.0,1.6731771219440822e-06,1.0,2.729791095738261e-05,1.0,0.0,0.0,1.2202572531334416e-10,1.0,0.0,1.0,3.37655241660403e-07,1.0,1.0,1.0,1.0,0.0010303148289061,1.0,1.0,1.0,1.15913167146065e-08,1.0,1.0,1.0,8.145049020545109e-08,1.0,0.0,1.0,1.5991903058746736e-05,1.0,1.0,0.0,4.486703269792571e-05,1.0,1.0,1.0,0.0526695605523979,1.0,1.0,0.0,1.0,0.5282588894026128,1.0,6.101625490535275,0.6414799911366094,9.76238056425643,R,C,0,1.0,0.0,0.0,1.0,0.0,-2.148792514716469,-5.898388657083672,-2.3802388202035045,-1.4352273784501068,1.6893672788743528,-2.904615696492629,0.9159956059311782,1.0171335470241543,0.07883392098924534,-0.6014750595450337,20.0,183.0,0.0851893444181959,7.631425070696536e-39,-1.0696147238927254,-15.0,1.0,1.0,0.0,1.0,400.0,0.0,0.0,0.0,53.0,62,0.8548387096774194,59.56639009917318,5.251650765420228,1.0,-3.6607550737211554,1.0,6.0,0.0,6.0,0.0,0.0,1.0,0.0,1.0,0.7461721108334329,0.0,0.0,0.0,0.0,0.0,0.0,0.0,1.0,0.0,0.0,0.0,1.0,0.0,pos_charged,hydrophobic,pos_charged_to_hydrophobic,0.0,0.0,1.0,1.0,0.0,0.0,1.0,-3,0.7481329845710603
VAR_004568,0.0028971035428016,0.0372666296070662,2.685167380351534e-12,0.0018219296993984,0.0009520413011164,0.0005674623138516,4.0023003984228216e-05,5.591921509725499e-07,0.0763510638394116,3.102941661770769e-09,1.2437704797935156e-05,0.0001010760393323,4.123524665208903e-05,0.0006436077186179,3.322184171488585e-05,0.0282264780489787,4.0907637321987766e-11,8.218761950196422e-11,0.000130678538049,0.0035657973633051,0.0042140696392349,0.0007741316065378,6.615900056042772e-05,0.0079438351150221,2.938143050699365e-07,0.0009198485103709,EUR,1.0,0.0001802040160889,1.0,0.0001174945115908,0.5669172801609131,7.465880778122171e-13,1.0,4.045725354998496e-25,0.1796637382360189,0.0049026395631368,1.0,1.2384805253699286e-06,1.0,7.81295885905119e-11,1.0,0.0,0.0003863908658545,1.0,0.0,0.083361396029075,1.0,1.0,0.0086905395519744,1.0,1.0,0.0272010832250634,1.0,1.0,4.451931783182287e-05,1.0,1.0,0.0002087012520953,1.0,0.0,9.75460804039077e-09,1.0,0.0,0.000180894470006,1.0,1.0,0.0315574053307882,1.0,0.0,0.0112662379265867,1.0,1.0,4.2612291278684384e-05,1.0,1.0,0.0182876332211477,1.0,1.0,0.0256500119934385,1.0,1.0,0.0003018278879654,1.0,1.0,0.0015698737013095,0.0,0.0,0.0089024335462223,1.0,0.0,9.027150536626026e-05,1.0,0.0,0.0002563058459925,1.0,AllofUs_AMR,1.0,0.0002880645293066,1.0,C/C,C/C,5.870015525889031,5.285850306058462,,1.0,0.0001295671238783,1.0,1.0,0.0738842817937381,1.0,0.0,4.6737590200933216e-18,1.0,1.0,4.1582039742883256e-05,1.0,0.0,4.455777191785512e-05,1.0,0.0,0.0025047251376207,1.0,0.0,0.0024079796693617,1.0,1.0,0.0143330573307445,1.0,0.0,0.0012690138265726,1.0,0.0,6.077184521852972e-05,1.0,0.0,0.0044201936529004,1.0,0.0,3.456384382320052e-05,1.0,1.0,4.528780331578614e-05,1.0,1.0,0.0236916144573199,1.0,1.0,8.17692255657414e-05,1.0,0.0,3.247200000000019e-05,1.0,0.0,9.847031098204892e-05,1.0,0.8302027770787801,0.0002207309706989,1.0,1.0,0.0147032793747364,1.0,0.0,2.5463144368852512e-05,1.0,1.0,0.0253258329460081,1.0,0.0,0.0001357167697075,1.0,1.0,0.0037794996930354,1.0,0.0,1.0954016353068133e-05,1.0,0.0,0.0003671826042895,1.0,0.0,1.3644000096408125e-05,1.0,1.0,0.00021096,1.0,1.0,4.394026148950347e-05,1.0,1.0,0.0001121907356663,C/C,0.0008946000017421,0.0,0.0398511634202165,1.0,0.0132517395839824,1.0,0.0,1.0,1.5999916060886692e-07,1.0,1.0,1.0,1.0,0.0131725215727056,1.0,0.0,0.0,3.891394029181913e-13,1.0,1.0,0.0,6.736143387818824e-05,1.0,0.0,1.0,0.0556052927275633,1.0,0.0,0.0,3.4030886706278075e-05,1.0,0.0,1.0,2.3415144685070828e-11,1.0,0.0,0.0,,1.0,0.0004801214196205,0.0,0.0158819747362098,1.0,1.0,0.0,0.0753641564633131,1.0,0.0,1.0,1.0,0.0014518470056136,1.0,1.0,1.0,9.472775455569291e-06,1.0,1.0,1.0,4.16127600087808e-05,1.0,0.0,0.0,0.0003260634636823,1.0,0.0,1.0,4.382208006318395e-05,1.0,0.0,0.0,1.6305975294086288e-10,1.0,1.0,0.0,1.0,0.0046461276223094,0.0,1.1762651060345188e-07,1.0,1.0,0.0,0.0003508222817263,1.0,0.0,1.0,0.0,8.605531643812336e-06,1.0,1.0,1.0,2.0826662746262858e-07,1.0,0.0,1.0,5.380575472655554e-05,1.0,0.0,1.0,5.027829695265873e-05,1.0,0.0,1.0,5.028346733558111e-05,1.0,1.0,0.0,7.83295812993793e-14,1.0,1.0,0.0,1.0,0.0447951156680144,0.0,0.0001611343591688,1.0,0.0,1.0,0.002641688310443,1.0,1.0,1.0,6.000202041570667e-05,1.0,0.0,1.0,1.0,5.111207580639504e-07,1.0,0.0,0.0,0.0313016691233707,1.0,0.0,1.0,0.0001128996984129,1.0,0.0,0.0,3.661093516787472e-05,1.0,0.0,0.0,0.0036495087330413,1.0,1.0,0.0,0.0178617256957481,1.0,0.0,0.0,0.9851953823516532,1.0,0.9766771402900412,5.055010513968821,0.5145264985648715,7.31000295290355,G,A,0,0.0,0.0,0.0,0.0,1.0,-9.939737301468613,1.6424272069225767,-0.1529206172059051,0.6463070456984708,-1.168225399097953,-1.7654010083555487,-2.2843854086041286,-0.7466972971602102,0.05380214476563621,-0.049478246439440134,26.0,333.0,0.0763510638394116,2.685167380351534e-12,-1.1171849073126323,-11.570866929084206,1.0,1.0,0.0,1.0,676.0,0.0,0.0,1.0,91.0,103,0.883495145631068,36.95214178407057,5.207595313330869,0.9622178086621663,-2.254992438934729,1.0,5.0,0.0,5.0,0.0,0.0,0.0,0.0,0.0,0.5999370128336352,0.0,1.0,0.0,0.0,0.0,0.0,0.0,0.0,0.0,0.0,0.0,1.0,0.0,special,polar,special_to_polar,1.0,0.0,0.0,0.0,0.0,1.0,1.0,0,0.5739982561886349
VAR_004543,,,,,,,,,,,,,,,,,,,,,,,,,,,,,,,,,,,,,,,,,,,,,,,,,,,,,,,,,,,,,,,,,,,,,,,,,,,,,,,,,,,,,,,,,,,,,,,,,,,,,A/A,A/A,5.245399439389669,5.22000112193783,,,,,,,,,,,,,,,,,,,,,,,,,,,,,,,,,,,,,,,,,,,,,,,,,,,,,,,,,,,,,,,,,,,,,,,,,,,,,,,,,,,,,,,,A/A,,,,,,,,,,,,,,,,,,,,,,,,,,,,,,,,,,,,,,,,,,,,,,,,,,,,,,,,,,,,,,,,,,,,,,,,,,,,,,,,,,,,,,,,,,,,,,,,,,,,,,,,,,,,,,,,,,,,,,,,,,,,,,,,,,,,,,,,,,,,,,,,,,,,,,,0.9718598281909384,0.9938239452416906,1.0,5.868977136112866,0.756,10.902835669017824,M,K,1,1.0,1.0,1.0,1.0,1.0,7.9832658475143266,1.110473819360434,0.7581133467456967,0.8939678506860212,-0.051531957628236036,0.3355656458072709,-0.36501707859039345,0.34222455309622,-0.05071508944522977,-0.11988723048277419,0.0,0.0,0.0,,-15.0,-14.698970004336019,0.0,0.0,1.0,0.0,0.0,1.0,0.0,0.0,0.0,1,0.0,63.98849326026143,5.073109393523006,0.9718598281909384,-5.033858532904958,1.0,5.0,0.0,5.0,0.0,0.0,0.0,0.0,0.0,0.8215209917795393,0.0,0.0,0.0,0.0,0.0,0.0,0.0,1.0,0.0,0.0,0.0,1.0,0.0,hydrophobic,pos_charged,hydrophobic_to_pos_charged,0.0,0.0,0.0,0.0,0.0,0.0,1.0,0,0.7082480382122143
VAR_001274,0.0201464051213204,0.0007200090137825,0.0317229946305923,0.0641952023199043,0.0286330683816171,0.0018000001424654,0.0222675725358094,0.0116034229587451,0.0048848282308797,0.0129513069521514,0.0002300068719317,0.0350910000018348,0.0196434563642005,0.0290247579916723,0.0063113548663353,0.0302872272275989,0.0212783147137973,0.054336797997559,0.0106650000003764,0.0101601579947695,0.0037213525011885,0.0368557898566193,0.0203130616792286,0.0110458346513037,0.0339139329170334,0.0378541582379955,gnomADg_AMI,1.0,0.0342743572667289,0.0,0.0006807867095305,0.0,0.007780979827265,1.0,7.206748981833418e-05,1.0,0.0286282306163021,1.0,0.002280024269592,1.0,0.0039463130350371,1.0,1.0,0.0040761353411551,1.0,1.0,0.0032835527512859,1.0,0.0,0.0010491257290552,1.0,1.0,0.0007090942735553,1.0,1.0,0.0211308738129133,1.0,1.0,0.0104133634673248,1.0,1.0,0.0081625797783004,1.0,1.0,0.036670766641339,1.0,1.0,0.0036792452830188,1.0,1.0,0.008346167874789,1.0,1.0,0.0186225807924671,1.0,1.0,0.002502925330498,1.0,1.0,0.0469188283481564,1.0,1.0,0.0617243165560833,1.0,0.0,0.0001678358038703,1.0,1.0,0.0197472375648561,1.0,1.0,0.0095400531387202,1.0,1.0,0.019085736129012,1.0,AllofUs_EUR,1.0,0.0029016,1.0,./.,./.,5.934033442849117,5.444361237979381,,1.0,0.0031248,1.0,1.0,0.0261678064941341,1.0,1.0,0.0347464643183047,1.0,1.0,0.0223695980615427,1.0,1.0,0.0189254262088635,1.0,1.0,0.0177328020055565,1.0,1.0,0.0102716311631283,1.0,1.0,0.0184581824523926,1.0,1.0,0.0033146760983358,1.0,0.0,0.0019414794895185,1.0,1.0,0.0260375027086167,1.0,1.0,0.0210356276592673,1.0,1.0,0.0076729699968216,1.0,1.0,0.0032197384362374,1.0,1.0,0.0045567026453915,1.0,1.0,0.0171187415212922,1.0,1.0,0.008249968718901,1.0,1.0,0.0066281288406857,1.0,1.0,0.0085195545949133,1.0,1.0,0.0246513245656089,1.0,1.0,0.0203046523986679,1.0,1.0,0.0306377977788861,1.0,0.0,0.0044775003870827,1.0,0.0,0.0253686581385783,1.0,1.0,0.006774934011943,1.0,1.0,0.0029394000022738,1.0,1.0,0.0082953000000349,1.0,1.0,0.0031680144712461,1.0,1.0,0.0116831450370478,./.,0.0375853221976485,1.0,0.0149904009568323,0.0,0.0020112511892814,1.0,1.0,1.0,0.0050502785043874,1.0,0.0,1.0,1.0,0.0136192327401679,1.0,1.0,0.0,0.0625534919255927,1.0,1.0,1.0,0.0991138947836314,1.0,1.0,1.0,0.0399121938250044,1.0,0.0,1.0,0.0240721027535365,1.0,1.0,1.0,0.0385945475489617,1.0,0.0,1.0,segdup,1.0,0.0178995136377657,0.0,0.0032022757700033,1.0,0.0,0.0,0.0933827493059294,1.0,0.0,1.0,1.0,0.0127927662345046,1.0,0.0,1.0,4.99176474478035e-07,1.0,1.0,1.0,0.0456705563246316,1.0,1.0,1.0,0.0223119429818341,1.0,0.0,1.0,0.0211136401298162,1.0,1.0,1.0,0.0043053750005016,1.0,0.0,1.0,1.0,0.0140853409168414,1.0,0.0029977830000089,1.0,0.0,1.0,0.004246398,1.0,1.0,1.0,1.0,0.0108663687924966,1.0,0.0,0.0,0.0042263152091006,1.0,0.0,1.0,0.0347292471280984,1.0,1.0,1.0,0.0201853800000018,1.0,1.0,1.0,0.0202015974123168,1.0,0.0,1.0,0.00429499659208,1.0,0.0,0.0,1.0,0.0171387911098768,1.0,0.0028065095790342,1.0,0.0,1.0,0.037584918441471,1.0,0.0,1.0,0.0199328279606775,1.0,0.0,1.0,1.0,0.0126266578120429,1.0,1.0,0.0,0.0022432936851059,1.0,0.0,1.0,0.1056063516394897,1.0,1.0,1.0,0.0415946592294853,1.0,1.0,0.0,0.1219818397040628,0.0,0.0,1.0,0.1005693539111204,1.0,0.0,0.0,1.0,0.628848113225915,1.0,2.560838781173033,0.554203335558732,5.893910729762107,M,I,0,0.0,0.0,0.0,0.0,1.0,-9.939737301468613,1.6424272069225767,-0.1529206172059051,0.6463070456984708,-1.168225399097953,-1.7654010083555487,-2.2843854086041286,-0.7466972971602102,0.05380214476563621,-0.049478246439440134,26.0,333.0,0.0641952023199043,0.0002300068719317,-1.192497428065868,-3.638259188339503,1.0,1.0,0.0,1.0,676.0,0.0,0.0,1.0,100.0,103,0.970873786407767,15.093355169546655,5.444361237979381,1.0,-3.333071948589074,1.0,3.0,0.0,3.0,0.0,0.0,0.0,0.0,1.0,0.651067577539216,0.0,0.0,0.0,1.0,0.0,0.0,0.0,0.0,1.0,1.0,0.0,1.0,1.0,hydrophobic,hydrophobic,hydrophobic_to_hydrophobic,0.0,0.0,0.0,0.0,0.0,0.0,0.0,0,0.7435372542844395
VAR_000934,,,,,,,,,,,,,,,,,,,,,,,,,,,,,,,,,,,,,,,,,,,,,,,,,,,,,,,,,,,,,,,,,,,,,,,,,,,,,,,,,,,,,,,,,,,,,,,,,,,,,C/C,C/C,5.893929573737031,6.0829592635825245,4.965765662889291,,,,,,,,,,,,,,,,,,,,,,,,,,,,,,,,,,,,,,,,,,,,,,,,,,,,,,,,,,,,,,,,,,,,,,,,,,,,,,,,,,,,,,,C/C,,,,,,,,,,,,,,,,,,,,,,,,,,,,,,,,,,,,,,,,,,,,,,,,,,,,,,,,,,,,,,,,,,,,,,,,,,,,,,,,,,,,,,,,,,,,,,,,,,,,,,,,,,,,,,,,,,,,,,,,,,,,,,,,,,,,,,,,,,,,,,,,,,,,,,,1.0,0.9951341034178006,0.9776665575484504,7.307472575567094,0.6012194418676516,6.669363269260035,A,E,1,1.0,1.0,1.0,1.0,0.0,7.9832658475143266,1.110473819360434,0.7581133467456967,0.8939678506860212,-0.051531957628236036,0.3355656458072709,-0.36501707859039345,0.34222455309622,-0.05071508944522977,-0.11988723048277419,0.0,0.0,0.0,,-15.0,-14.698970004336019,0.0,0.0,1.0,0.0,0.0,1.0,0.0,0.0,0.0,1,0.0,48.73618918661221,6.0829592635825245,0.9776665575484504,0.6381093063070589,1.0,5.0,0.0,5.0,0.0,0.0,0.0,0.0,0.0,0.8215209917795393,0.0,0.0,0.0,0.0,0.0,0.0,0.0,1.0,0.0,0.0,0.0,1.0,0.0,polar,neg_charged,polar_to_neg_charged,0.0,0.0,0.0,0.0,0.0,0.0,1.0,0,0.7254099183173781
VAR_004395,,,,,,,0.036065919933542,0.000426414690109,0.0023668163740093,0.0016368365488205,9.473060433106424e-07,5.429461543046453e-07,1.6191108372167758e-06,3.443327908604827e-13,5.66338740366353e-07,,,,,,,,,,,4.025863621448681e-05,gnomADe_AMR,,,,,,,,,,,,,0.0,6.171636233234896e-05,1.0,0.0,1.4773982420443134e-06,1.0,1.0,2.9843776164981154e-08,1.0,0.0,0.0076188860169983,1.0,0.0,5.192849741136745e-07,0.0,0.0,0.0105487810796156,0.0,1.0,2.947303700169517e-13,1.0,1.0,4.1924307252978526e-05,1.0,1.0,0.0028353847952109,1.0,0.0,3.374081548719933e-07,1.0,0.0,2.6363301846900344e-06,1.0,0.0,0.0023050908232265,1.0,0.0,0.0002613835170494,1.0,1.0,3.0323138443847323e-05,1.0,1.0,1.1259155657346726e-05,1.0,1.0,9.875962121196084e-10,0.0,0.0,8.660764893961081e-16,0.0,1.0,0.0105890693709485,0.0,1.0,1.1259000080927312e-05,1.0,AllofUs_AMR,1.0,0.0042697006130226,1.0,C/C,C/C,5.209817797676164,5.074914239280584,4.196864827151871,0.0,0.0018246785578632,1.0,1.0,5.716769779509496e-06,1.0,0.0,4.1677264842001083e-07,1.0,0.0,0.0093645674103556,1.0,1.0,0.0016803738329078,1.0,0.0,2.1619774946340385e-08,1.0,1.0,3.030639723148578e-05,1.0,1.0,0.0071266572212496,1.0,1.0,0.0003798630943436,1.0,1.0,0.0057734207225835,1.0,1.0,0.0057610078240853,1.0,1.0,9.405221619133688e-07,1.0,1.0,0.0011986172949106,1.0,1.0,3.159900000175687e-05,1.0,1.0,2.602941844046384e-07,1.0,0.0,0.0133909945771087,1.0,0.0,0.0527517888200023,1.0,0.0,4.848974950260444e-13,1.0,0.0,3.159900000000306e-05,1.0,1.0,3.0729220649545345e-07,1.0,0.0,4.96213559863091e-06,1.0,1.0,2.767950067081685e-06,1.0,1.0,1.4733000000008548e-05,1.0,1.0,0.0086515350484588,1.0,0.0,0.0035647135671977,1.0,0.0,4.75113951552416e-16,1.0,0.0,0.0002619938692532,1.0,1.0,0.0012395321666117,1.0,,,C/C,0.000198146168975,1.0,8.383185664074412e-06,0.0,4.609953798521496e-05,1.0,1.0,1.0,0.0004861647109368,1.0,0.0,1.0,0.0,5.575860108361698e-06,1.0,0.0,1.0,0.0024676818376023,1.0,0.0,1.0,0.033626494680759,1.0,0.0,0.0,0.0017328333787484,1.0,0.0,1.0,0.0080432563924465,1.0,1.0,1.0,6.619882031589524e-11,1.0,0.0,1.0,,0.0,0.0074832820740779,1.0,1.313029698391884e-11,1.0,1.0,1.0,5.350383273512458e-05,1.0,0.0,1.0,1.0,1.0494226237597223e-06,1.0,0.0,1.0,8.128527404157879e-07,1.0,1.0,0.0,2.519283410972499e-16,1.0,1.0,0.0,1.5399787577589606e-11,1.0,1.0,0.0,5.30024066005151e-05,1.0,0.0,0.0,0.0020113503701427,1.0,0.0,0.0,0.0,0.0001111643633961,0.0,7.641355276584442e-14,1.0,0.0,1.0,5.898159000857573e-05,1.0,1.0,1.0,1.0,4.3053896780680216e-10,1.0,0.0,1.0,2.870369742205653e-11,1.0,0.0,1.0,0.0003788186396129,1.0,1.0,0.0,1.4160821281276026e-10,1.0,0.0,0.0,0.0138714326458485,1.0,1.0,0.0,0.0004341369673013,1.0,1.0,0.0,0.0,0.0097782313665762,0.0,4.909935233246369e-05,1.0,0.0,1.0,7.864150702339436e-05,1.0,0.0,1.0,9.412218449972888e-05,1.0,0.0,1.0,0.0,2.1864470550863108e-14,1.0,1.0,1.0,0.0002632014394016,1.0,0.0,0.0,8.095258712590448e-12,1.0,1.0,0.0,1.5254343915103843e-06,1.0,1.0,1.0,2.999097000464253e-05,1.0,1.0,0.0,1.3401441149374355e-06,1.0,0.0,0.0,0.9907897816799408,0.0925961929206956,1.0,2.598604908368426,0.6035424564849659,7.470880243666014,D,N,0,1.0,0.0,1.0,1.0,0.0,-9.149826901356347,1.065670509304085,0.24455906147885142,0.2856168661994799,0.856745502651012,2.358197341717915,0.13402254045329665,-1.119645961399626,-0.7742089924721245,0.8444572037540777,10.0,303.0,0.036065919933542,3.443327908604827e-13,-1.442902985781801,-12.461762181529997,0.0,1.0,0.0,0.0,100.0,0.0,1.0,0.0,83.0,102,0.8137254901960784,19.413866071023207,5.028173171181233,0.9907897816799408,-4.872275335297587,1.0,5.0,0.0,5.0,0.0,0.0,0.0,1.0,0.0,0.7230454294937407,0.0,1.0,0.0,0.0,0.0,0.0,0.0,0.0,0.0,0.0,0.0,1.0,0.0,neg_charged,polar,neg_charged_to_polar,0.0,0.0,0.0,0.0,0.0,0.0,1.0,1,0.690034537042025
VAR_000695,,,,,,,,,,,,,,,,,,,,,,,,,,,,,,,,,,,,,,,,1.0,0.0051708491717014,1.0,0.0,0.0003689501413099,1.0,0.0,0.0017876856175024,1.0,1.0,1.3016313864703124e-08,1.0,0.0,0.0895460785734819,1.0,0.0,0.0268857576004351,0.0,0.0,0.0286563778989264,1.0,0.0,0.0192630389899074,1.0,1.0,6.306984234705698e-05,1.0,1.0,4.707939689566553e-12,1.0,0.0,1.4506381272186288e-16,1.0,1.0,9.407189936663209e-05,1.0,0.0,2.285330722937865e-14,0.0,0.0,1.8685071920828928e-06,1.0,1.0,0.0004768769851329,1.0,0.0,0.0004148391129971,0.0,1.0,7.309138066243758e-06,1.0,0.0,0.0073639002886328,0.0,1.0,8.325308129815492e-06,1.0,AllofUs_EUR,0.0598359390496422,0.0605193275948525,0.0,T/T,T/T,5.407872452545765,5.729946712638707,3.4267422504343488,,,,,,,,,,,,,,,,,,,,,,,,,,,,,,,,,,,,,,,,,,,,,,,,,,,,,,,,,,,,,,,,,,,,,,,,,,,,,,,,,,,,,,,T/T,6.087148396212722e-06,,,,,,,,,,,,,,,,,,,,,,,,,,,,,,,,,,,,,,,,,,,,,,,,,,,,,,,,,,,,,,,,,,,,,,,,,,,,,,,,,,,,,,,,,,,,,,,,,,,,,,,,,,,,,,,,,,,,,,,,,,,,,,,,,,,,,,,,,,,,,,,,,,,,,,0.987022116257719,0.9180510239177014,0.9663499902318632,7.90109067246529,0.5942255404731839,7.748181288527009,L,R,1,1.0,1.0,1.0,1.0,0.0,4.846700997840619,1.3644509270091898,-5.412871752419784,0.7581826664485626,-2.5673639006995463,2.654511428734721,-0.39233260766760525,-0.4442587296916699,0.13737183427151378,0.561250653135277,0.0,61.0,0.0,,-15.0,-14.698970004336019,0.0,0.0,1.0,0.0,0.0,1.0,0.0,0.0,10.0,17,0.5882352941176471,61.21908290735084,5.655584130352617,0.9538088124042796,0.15290938393828046,0.987022116257719,6.0,0.0,6.0,0.0,0.0,0.0,0.0,0.0,0.8215209917795393,0.0,0.0,0.0,1.0,0.0,0.0,0.0,0.0,0.0,0.0,0.0,1.0,0.0,hydrophobic,pos_charged,hydrophobic_to_pos_charged,0.0,0.0,0.0,1.0,0.0,0.0,1.0,0,0.7700678831515665
VAR_000560,,,,,,,0.0051386375575926,2.6949519212063903e-05,4.026362153136749e-05,5.3969666699363446e-08,8.104638218003825e-05,1.2065300448978775e-06,0.0002443298686053,7.4583e-05,0.0306967165897457,9.071623641037232e-05,0.0013564761447505,3.1946024760678965e-08,0.0042692793927341,1.977398861896168e-10,0.002191841143214,4.439428621277666e-06,0.015507974815808,0.0151160926206798,6.467030522103789e-07,0.0002954700000006,gnomADg_AMR,,,,,,,,,,,,,0.0,9.46385823807235e-08,1.0,0.0,0.0002817929416292,1.0,1.0,1.183006451151131e-10,1.0,0.0,1.4375280340192982e-15,1.0,0.0,6.447725302911148e-14,1.0,0.0,0.0885580524904522,1.0,0.0,1.2005901726845565e-06,1.0,0.0,4.112278203806101e-06,1.0,0.0,0.0001352163461539,1.0,0.0183142413394745,1.517378156714738e-06,1.0,0.0,0.0256082184204524,1.0,1.0,0.0512817393046923,1.0,1.0,0.0061937656954842,1.0,0.0,4.952700000000565e-05,1.0,1.0,0.0048861349043254,1.0,0.0,0.0337831645393862,0.0,1.0,0.018480400924689,1.0,0.0,0.0941487066294692,1.0,0.0,8.413200000000001e-05,1.0,AllofUs_EUR,0.0,3.902834468974656e-11,1.0,G/G,G/G,5.27432391607641,-1.4738412650506063,-0.8431387672141906,1.0,0.0214491312608936,1.0,1.0,0.018619977432325,1.0,0.0,0.0069604860588696,1.0,1.0,4.5695851562424907e-05,1.0,1.0,0.0160611505345138,1.0,0.0,0.0123667007479496,1.0,1.0,3.6885786956506745e-05,1.0,0.0,0.000352962875916,1.0,0.0,0.0018600425700565,1.0,0.0,0.0055515509234051,1.0,1.0,0.0001040137828144,1.0,1.0,0.0305516694874608,1.0,0.0,0.0001066403874136,1.0,0.0,0.0065072527375561,1.0,0.0,0.0528379441130933,1.0,0.0,0.0149751045584527,1.0,0.0,1.8615040929531635e-06,1.0,1.0,0.0009331317587685,1.0,0.0,5.498733002650554e-07,1.0,1.0,8.834184429771675e-06,1.0,1.0,0.0217743022116335,1.0,0.0,0.0197587514066245,1.0,0.0,5.71413356523986e-06,1.0,1.0,0.001087409029998,1.0,0.0,4.8798940497030565e-05,1.0,0.0,0.0001121371685376,1.0,1.0,0.0177669962030184,1.0,0.0,7.036134226669417e-06,1.0,1.0,0.0010817221934171,G/G,0.0002347200000188,1.0,0.0037587464291423,1.0,0.006816039720697,1.0,0.0,0.0,5.267726863477928e-05,1.0,0.0,1.0,0.0,1.8552105355753586e-05,1.0,1.0,1.0,2.8851965967310164e-05,1.0,1.0,0.0,0.0001172703308285,1.0,1.0,1.0,0.0015920048487041,1.0,1.0,0.0,0.0007720059850612,1.0,1.0,0.0,0.0030212899930255,1.0,1.0,1.0,,1.0,0.0019624822014518,1.0,0.0010523504449777,1.0,1.0,1.0,0.0163794055756412,1.0,1.0,1.0,0.0,0.0027765764429923,1.0,1.0,1.0,2.747620634821892e-08,1.0,0.0,0.0,0.0006059878922433,1.0,0.0,0.0,0.0001145405108465,1.0,1.0,1.0,0.0439808764615781,1.0,0.0,0.0,2.237185696926895e-09,1.0,0.0,0.0,0.0,6.057580785275686e-05,1.0,0.0131697617058366,1.0,1.0,0.0,0.0007244413245691,1.0,1.0,1.0,1.0,9.024594245264408e-08,1.0,1.0,0.0,0.0005567437305832,1.0,1.0,1.0,3.0895277889617556e-09,1.0,1.0,0.0,0.0001206650427973,1.0,1.0,0.0,0.0019962255325253,1.0,1.0,0.0,2.905866279786755e-09,1.0,1.0,0.0,0.0,0.0001686303,1.0,0.0126345174857468,1.0,0.0,0.0,6.661354237619065e-06,1.0,0.0,1.0,0.0001127346119903,1.0,1.0,1.0,1.0,3.817211142171255e-11,1.0,0.0,1.0,9.632667209620755e-12,1.0,1.0,0.0,1.1503544823162502e-06,1.0,0.0,1.0,0.0020176911538924,1.0,0.0,1.0,0.0005671315960739,1.0,0.0,0.0,1.004860527502261e-06,1.0,1.0,0.0,1.0,1.0,1.0,0.2270621133474856,0.5971319050045282,1.7535833548730848,R,K,0,1.0,0.0,0.0,1.0,0.0,-9.664425758298718,1.3499860969377946,-0.12602191691733247,0.37741946761678713,-0.3605297514815905,0.1824212032362198,0.9587085413505725,0.7733978267010226,-0.6324834664635439,-0.07939666817866306,20.0,315.0,0.0306967165897457,1.977398861896168e-10,-1.5129080754418658,-9.70390352385441,0.0,1.0,0.0,1.0,400.0,0.0,0.0,0.0,85.0,103,0.8252427184466019,0.39817234248845645,-1.4738412650506063,1.0,-1.5265212415255993,1.0,2.0,3.0,-1.0,0.0,0.0,0.0,0.0,1.0,0.6363222811533968,0.0,0.0,0.0,1.0,0.0,0.0,0.0,0.0,0.0,0.0,0.0,1.0,0.0,pos_charged,pos_charged,pos_charged_to_pos_charged,0.0,0.0,0.0,1.0,0.0,0.0,0.0,0,0.8132787444558172
VAR_004422,,,,,,,0.0081705229579056,0.0063059132722183,1.7277118180936247e-11,0.0012979432005067,1.7213562353986242e-11,0.0013320865489085,1.6191000000870615e-06,2.1065360717106907e-09,2.3436568998066915e-05,,,,,,,,,,,0.0011435362665966,gnomADe_NFE,,,,,,,,,,,,,0.0,0.0171757576713986,1.0,0.0,0.000200516240072,1.0,1.0,0.0056327321296247,1.0,0.0,0.0400233329203908,0.0,1.0,0.0090434926429313,1.0,0.0,0.007976591009385,1.0,1.0,1.6358064704136463e-09,1.0,1.0,2.0183452660432946e-07,1.0,1.0,0.0001033707406047,1.0,1.0,1.50582399856424e-06,1.0,1.0,0.0665263653913401,1.0,1.0,2.567189217782364e-12,1.0,0.0,1.6761153242911916e-09,0.0,0.0,1.852301760453757e-06,1.0,0.0,0.0349826672981935,0.0,0.0,0.0496210000146638,1.0,0.0,0.0029738591921574,1.0,0.0,1.3762570779178774e-09,0.0,1.0,0.0759536808723773,1.0,AllofUs_EUR,0.0,1.2257726804719517e-06,1.0,C/C,C/C,4.739912143697052,4.970769775004529,5.15531184737852,1.0,0.0008821698354343,1.0,1.0,1.643116597709032e-06,1.0,0.0,0.0069720478888478,1.0,0.0,0.0074206654839988,1.0,1.0,0.0004428305218562,1.0,0.0,0.0011620007384196,1.0,1.0,6.318116344122983e-05,1.0,0.0,1.9017502723356624e-06,1.0,0.0,0.0023232750642325,1.0,0.0,4.4376367591366096e-10,1.0,0.0,0.0652277691321998,1.0,0.0,0.0075690478124905,1.0,0.0,1.0749706983372564e-08,1.0,0.0,1.1461377874441182e-05,1.0,0.0,0.002055825754109,1.0,1.0,1.1257166783480787e-07,1.0,1.0,9.10901271128271e-05,1.0,1.0,3.865365732246365e-05,1.0,0.0,1.2066738652533864e-05,1.0,1.0,0.0008499987329576,1.0,0.0,1.6712685318649146e-07,1.0,1.0,0.001135083683156,1.0,0.0,0.005639585052293,1.0,1.0,0.0160305138878126,1.0,1.0,3.646044880217924e-06,1.0,0.0,0.0884440368617475,1.0,0.0,0.0015491912934107,1.0,1.0,3.040554332776374e-07,1.0,,,C/C,0.0001396772327298,,,,,,,,,,,,,,,,,,,,,,,,,,,,,,,,,,,,,,,,,,,,,,,,,,,,,,,,,,,,,,,,,,,,,,,,,,,,,,,,,,,,,,,,,,,,,,,,,,,,,,,,,,,,,,1.0,2.35369131412404e-06,0.0,9.46323798002298e-05,1.0,0.0,0.0,2.4561951911460953e-09,1.0,0.0,1.0,0.0944116187209962,1.0,0.0,1.0,0.0,2.0497039523314664e-06,1.0,0.0,0.0,2.7513637560775273e-10,1.0,0.0,0.0,9.352775584479456e-11,1.0,0.0,0.0,0.0266069263537901,1.0,0.0,0.0,1.5253830000000023e-06,1.0,1.0,1.0,0.0006131801707102,1.0,1.0,0.0,0.9759235585752624,0.978081902397682,1.0,4.679455818186548,-0.0935581245960647,7.629476964005492,V,M,0,1.0,0.0,1.0,1.0,0.0,-2.935262602797094,-6.226382628621874,-2.6727863369550153,-1.2097728300413133,-1.138295704629561,1.5561249089577684,0.05229371438449304,-1.2215578931565518,0.055800148583976125,0.5186861408134523,10.0,195.0,0.0081705229579056,1.7213562353986242e-11,-2.0877501453691067,-10.764104013892496,0.0,0.0,0.0,0.0,100.0,0.0,1.0,0.0,55.0,70,0.7857142857142857,35.701800368935736,4.851091327680776,0.9759235585752624,-2.950021145818944,1.0,5.0,0.0,5.0,0.0,0.0,1.0,1.0,0.0,0.8264378219714592,0.0,0.0,0.0,1.0,0.0,0.0,0.0,0.0,0.0,0.0,0.0,1.0,0.0,hydrophobic,hydrophobic,hydrophobic_to_hydrophobic,0.0,0.0,0.0,0.0,0.0,0.0,0.0,1,0.626951633604653
VAR_003689,,,,,,,,,,,,,,,,,,,,,,,,,,,,,,,,,,,,,,,,,,,,,,,,,,,,,,,,,,,,,,,,,,,,,,,,,,,,,,,,,,,,,,,,,,,,,,,,,,,,,G/G,G/G,5.327296181701029,-0.7640145132590803,-0.8719811637633483,,,,,,,,,,,,,,,,,,,,,,,,,,,,,,,,,,,,,,,,,,,,,,,,,,,,,,,,,,,,,,,,,,,,,,,,,,,,,,,,,,,,,,,G/G,,,,,,,,,,,,,,,,,,,,,,,,,,,,,,,,,,,,,,,,,,,,,,,,,,,,,,,,,,,,,,,,,,,,,,,,,,,,,,,,,,,,,,,,,,,,,,,,,,,,,,,,,,,,,,,,,,,,,,,,,,,,,,,,,,,,,,,,,,,,,,,,,,,,,,,0.0472447253054394,0.968508423626188,0.058409736837155,-0.2126973528465227,-1.0186540225358205,-0.0721644682169004,A,T,0,1.0,1.0,1.0,1.0,0.0,7.9832658475143266,1.110473819360434,0.7581133467456967,0.8939678506860212,-0.051531957628236036,0.3355656458072709,-0.36501707859039345,0.34222455309622,-0.05071508944522977,-0.11988723048277419,0.0,0.0,0.0,,-15.0,-14.698970004336019,0.0,0.0,1.0,0.0,0.0,1.0,0.0,0.0,0.0,1,0.0,0.015349191359311736,-0.036095655808294234,0.0027595519720343925,-0.1405328846296223,0.968508423626188,0.0,5.0,-5.0,0.0,0.0,0.0,0.0,0.0,0.8215209917795393,0.0,0.0,0.0,0.0,0.0,0.0,0.0,1.0,0.0,0.0,0.0,1.0,0.0,polar,polar,polar_to_polar,0.0,0.0,0.0,0.0,0.0,0.0,0.0,0,0.5782034410488863
VAR_004648,,,,,,,0.000848434959633,0.0009456714367129,0.0046683853970159,7.769477592817639e-06,0.0001403880089391,4.554469416957279e-05,0.0134995770848859,0.0013459129490049,0.0014747841910271,5.912100140883818e-06,0.0014866281772109,2.799667939818792e-07,0.0003107248128259,1.6283644101047954e-21,0.011961861332974,3.5184844503057505e-05,1.3641813420194298e-05,0.0350399528411518,0.0784606519625184,0.0489434269891078,gnomADe_MID,,,,,,,,,,,,,,,,,,,,,,,,,,,,,,,,,,,,,,,,,,,,,,,,,,,,,,,,,,,,,,,,,,,,,,,,,,,,,,,,,,,,,,,,,,,,,,,,,,,,,,,,,,,,,,,,,,,,,,,,,,,,,,,,,,,,,,,,,,,,,,,,,,,,,,,,,,,,,,,,,,,,,,,,,,,,,,,,,,,,,,,,,,,,,,,,,,,,,,,,,,,,,,,,,,,,,,,,,,,,,,,,,,,,,,,,,,,,,,,,,,,,,,,,,,,,,,,,,,,,,,,,,,,,,,,,,,,,,,,,,,,,,,,,,,,,,,,,,,,,,,,,,,,,,,,,,,,,,,,,,,,,0,1.0,0.0,0.0,1.0,1.0,7.10300782106796,1.2653464072638068,0.7820626855562817,0.016235266430623785,-1.5555682239007507,-2.743622614435031,2.1290436390941627,-0.10143360293381809,0.10382736926240113,0.18670915272869912,20.0,20.0,0.0784606519625184,1.6283644101047954e-21,-1.1053480874561872,-14.999999292810898,1.0,1.0,0.0,1.0,400.0,0.0,0.0,0.0,0.0,1,0.0,,,,,,0.0,0.0,0.0,0.0,0.0,0.0,1.0,0.0,0.6590443844793896,0.0,0.0,0.0,0.0,0.0,0.0,0.0,1.0,0.0,0.0,0.0,0.0,0.0,unknown,unknown,unknown_to_unknown,0.0,0.0,0.0,0.0,0.0,0.0,0.0,0,0.7331968611395429
VAR_001045,0.0047821676630807,8.716855840482906e-06,0.0003252994576364,0.0243429696036204,0.02235537463748,0.0835575679712258,0.0009054239682923,0.0050028079776259,9.946098082737136e-05,6.898231189483666e-19,0.0314178497471759,1.1455555340367886e-14,0.0001639654727713,0.0092590424547383,0.0116182527687206,0.0009569764837317,0.0016279673066811,3.8941910873732393e-13,0.0227890718242186,4.755998569357396e-21,0.026973,0.0220244927786691,3.196467852469857e-09,0.0010170825658461,6.227055498811358e-12,0.0312210475062233,gnomADe_EAS,0.0,0.0389537725063017,0.0,0.0005565782746032,1.0,5.221747806372496e-10,1.0,0.031939960651031,0.0,0.0001302009490537,0.0,0.0005855861905669,0.0,9.57338194327552e-09,1.0,0.0,0.0011532867847473,1.0,0.0,4.288589312713525e-07,1.0,0.0,0.0160714285714299,0.0,1.0,0.024107142867535,0.0,1.0,0.0016063523346258,1.0,0.0,2.2113621945156847e-05,1.0,1.0,0.0006092601430132,1.0,1.0,0.0006518179450613,1.0,1.0,1.1798068642941857e-12,1.0,0.0,0.0030320158068599,1.0,1.0,0.0001925350834439,1.0,1.0,0.006521654533757,1.0,1.0,0.0007666305216104,1.0,1.0,0.00010161,1.0,1.0,0.0293040003641032,1.0,0.0,0.0007836643537155,1.0,1.0,0.0196534679177708,1.0,0.0,0.0293040531319807,1.0,AllofUs_EAS,0.0,0.0250153666191185,1.0,T/T,T/T,5.529457050869028,6.107584092057557,5.015994093405636,1.0,2.313128411521555e-05,1.0,0.0,0.0587477815828824,1.0,1.0,1.3177572188255099e-11,1.0,1.0,0.0148576860413254,1.0,0.0,0.0005195271577665,1.0,1.0,3.407408474249507e-05,1.0,0.0,0.009099,1.0,0.0,1.588502670555818e-05,1.0,1.0,5.312487764983306e-05,1.0,1.0,0.006192,1.0,1.0,0.000103150983203,1.0,0.0,8.613010831844535e-06,1.0,0.0,1.742400013304505e-05,1.0,1.0,0.000495676479557,1.0,1.0,0.00012825,1.0,1.0,1.1007836010475024e-05,1.0,0.0,0.00432165135001,1.0,0.0,0.0002823262420154,1.0,1.0,6.119852461846603e-05,1.0,1.0,0.0956825203219489,1.0,0.0,5.292009150849082e-05,1.0,0.0,6.79862460186629e-05,1.0,0.0,0.0479651537461432,1.0,1.0,0.0198831809530182,1.0,0.0,7.191974702683773e-05,1.0,1.0,0.0003783517919229,1.0,1.0,5.93190000009635e-05,1.0,0.0,2.7522102895213405e-05,1.0,0.0,0.002143753018404,T/T,0.0409223725199135,1.0,0.0028968242159153,1.0,2.3898741337039154e-16,1.0,0.0,1.0,0.001767904173857,1.0,0.0,1.0,1.0,0.0002245939564727,1.0,0.0,1.0,0.0341255714328481,1.0,0.0,1.0,0.0953424266446268,1.0,0.0,0.0,0.0002801246483126,1.0,0.0,1.0,0.0341317894153555,1.0,1.0,0.0,0.0001721901686883,1.0,1.0,0.0,,0.0,0.0025072125420868,0.0,0.0009085490137353,1.0,1.0,0.0,0.000743391231687,1.0,1.0,1.0,0.0,1.890965523392448e-05,1.0,0.0,1.0,0.0326878975002287,1.0,1.0,1.0,0.0848884825517936,1.0,1.0,0.0,0.0146395343901926,1.0,1.0,0.0,0.0329306366844242,1.0,1.0,1.0,0.0001474155,1.0,0.0,1.0,0.0,0.002188161,0.0,6.561840953490504e-06,1.0,0.0,1.0,0.0362692366363841,1.0,1.0,1.0,1.0,4.152115535662037e-15,1.0,0.0,1.0,0.0328372429952937,1.0,0.0,0.0,5.378274002551532e-05,1.0,0.0,1.0,1.1897856181380864e-05,1.0,1.0,1.0,0.0824587186687562,1.0,1.0,0.0,0.0001830635550674,1.0,0.0,0.0,0.0,0.0009096482073751,0.0,1.9394384937013808e-06,1.0,1.0,1.0,0.0027672406666709,1.0,0.7610104874653755,1.0,0.050110071186935,1.0,1.0,1.0,0.0,3.979847698342061e-05,1.0,1.0,1.0,0.0351490117758295,1.0,0.0,0.0,0.0169882333230483,1.0,0.0,1.0,0.0008721526154358,1.0,1.0,1.0,0.0308101347338759,0.0,0.0,1.0,0.0004122801038123,1.0,1.0,1.0,1.0,1.0,0.9624863489164776,6.817213906037275,0.756,8.305683259654227,V,D,0,0.0,0.0,0.0,0.0,0.0,-9.939737301468613,1.6424272069225767,-0.1529206172059051,0.6463070456984708,-1.168225399097953,-1.7654010083555487,-2.2843854086041286,-0.7466972971602102,0.05380214476563621,-0.049478246439440134,26.0,333.0,0.0835575679712258,4.755998569357396e-21,-1.078014209094398,-14.999997934500977,1.0,1.0,0.0,1.0,676.0,0.0,0.0,1.0,92.0,103,0.8932038834951457,56.6216194168558,6.107584092057557,0.9624863489164776,-1.488469353616952,1.0,6.0,0.0,6.0,0.0,0.0,0.0,1.0,0.0,0.7443301190540322,0.0,0.0,1.0,0.0,0.0,0.0,0.0,0.0,0.0,0.0,0.0,1.0,0.0,hydrophobic,neg_charged,hydrophobic_to_neg_charged,0.0,0.0,0.0,0.0,0.0,0.0,1.0,0,0.7962204784108571
VAR_004335,,,,,,,8.870821428588319e-05,0.0458459394514812,0.0021637980217222,7.763682053600342e-06,9.08784247399245e-08,3.0457256940309176e-08,1.5759290534609245e-05,7.442011754120837e-05,3.264968572549796e-05,3.892611635090751e-05,0.0025976182262223,3.487654995106515e-06,2.114160595668858e-17,9.19865878548863e-07,6.851441506528474e-05,4.771254443359863e-07,0.0001616385302718,1.4131799824462483e-09,6.506785983641351e-05,0.000559626526021,gnomADg_NFE,,,,,,,,,,,,,1.0,0.0090668247788893,1.0,1.0,1.354443109314883e-09,1.0,1.0,0.0004024579412205,1.0,0.0,3.488130681309974e-17,1.0,0.3386699432591004,4.466450538751859e-11,1.0,0.0,8.914866092936713e-07,1.0,1.0,0.0074266353810219,1.0,1.0,3.06354164790304e-06,1.0,1.0,1.3354065303662285e-05,1.0,0.0,0.0002284076150764,1.0,0.0,2.3282273616598088e-10,1.0,1.0,7.960493364918445e-09,1.0,0.0,0.0001831724819199,1.0,1.0,5.964032146655068e-06,1.0,1.0,1.700576088821689e-16,0.0,0.0,0.0131920329767325,1.0,1.0,0.0813763011285654,1.0,1.0,6.4090601978419394e-06,1.0,1.0,1.9894949803439376e-05,1.0,AllofUs_AFR,1.0,3.855230261948183e-08,0.0,./.,./.,5.285053785835931,1.4688472417373166,2.383471028111736,1.0,6.528974226479461e-05,1.0,0.0,0.0004236624971914,1.0,1.0,0.0111456514182897,1.0,1.0,2.118859560878054e-06,1.0,0.0,1.8223326206239624e-05,1.0,1.0,1.0465250568213548e-06,1.0,0.0,8.104765465467605e-11,1.0,0.0,1.498521013119724e-05,1.0,0.0,2.1587827570490764e-08,1.0,0.0,6.859047661919078e-07,1.0,0.0,2.6502719021011174e-08,1.0,0.0,0.0015427053312323,1.0,1.0,0.0827400359116742,1.0,0.0,0.0198097412751342,1.0,0.0,2.4453353858330443e-13,1.0,0.0,1.4805007523458805e-05,1.0,0.0,0.0093005678689618,1.0,1.0,0.0001557384814911,1.0,1.0,3.073073275306266e-05,1.0,1.0,0.0003400389432187,1.0,1.0,3.3820513414659437e-06,1.0,0.0,9.824263579721383e-07,1.0,0.0,5.711629023141115e-13,1.0,1.0,4.570731871746719e-10,1.0,0.0,0.0159456175481627,1.0,1.0,2.728351759441448e-05,1.0,0.0,9.914801592661705e-09,1.0,1.0,0.0231604058328779,1.0,,,./.,4.787434121713454e-05,,,,,,,,,,,,,,,,,,,,,,,,,,,,,,,,,,,,,,,,,,,,,,,,,,,,,,,,,,,,,,,,,,,,,,,,,,,,,,,,,,,,,,,,,,,,,,,,,,,,,,,,,,,,,,0.0,1.2464702482577606e-05,1.0,1.0191205112213571e-06,1.0,1.0,0.9946454244020332,1.2873072782260394e-07,1.0,0.0,1.0,0.0003870677736538,1.0,0.0,1.0,0.0,1.8371135691245665e-05,1.0,1.0,0.0,0.0002020063307107,1.0,0.0,1.0,0.0260960033688322,1.0,0.0,1.0,0.0217076222817096,1.0,1.0,0.0,1.601805911489966e-05,1.0,0.0,0.0,2.5584014860581987e-10,1.0,0.0,1.0,0.050933913204258,1.0,0.4930017536912042,0.140501283791122,0.7047240935842877,1.5951611024996568,M,V,0,1.0,0.0,0.0,1.0,0.0,-3.352193111680281,-5.971942673768469,-2.93899079662539,-1.127745203812512,-2.260340409293983,-0.5163920435334561,0.8988846914098079,0.5273185640575235,0.36218095811434486,0.9490008249803001,20.0,205.0,0.0458459394514812,2.114160595668858e-17,-1.338699123503391,-14.990914028313425,0.0,1.0,0.0,1.0,400.0,0.0,0.0,0.0,60.0,70,0.8571428571428571,0.22412218275486334,0.07481413792096225,0.025110508532054775,-1.454659818708535,1.0,2.0,3.0,-1.0,0.0,0.0,1.0,0.0,1.0,0.7461721108334329,1.0,0.0,0.0,0.0,0.0,0.0,0.0,0.0,0.0,0.0,0.0,1.0,1.0,hydrophobic,hydrophobic,hydrophobic_to_hydrophobic,0.0,0.0,0.0,0.0,0.0,0.0,0.0,1,0.6558699552063041
VAR_001005,,,,,,,6.188261953741816e-07,1.1088270513886864e-05,2.0124000000000236e-05,9.881857947659639e-08,0.000920896120146,0.0277298360293165,0.0114430022847238,2.292222803849849e-06,1.8171330540779816e-10,,,,,,,,,,,2.0273674869699502e-05,gnomADe_AMR,,,,,,,,,,,,,,,,,,,,,,,,,,,,,,,,,,,,,,,,,,,,,,,,,0.0,7.001173716481896e-10,1.0,0.0,1.922458215627075e-06,1.0,0.0,0.0001071185362871,1.0,1.0,2.767498549699134e-05,0.0,1.0,0.0423733823084696,0.0,1.0,3.666694505433974e-06,1.0,1.0,0.0004729158271995,1.0,AllofUs_AMR,1.0,3.6363863332855605e-15,0.0,A/A,A/A,5.814938156802378,6.11718833952146,,,,,,,,,,,,,,,,,,,,,,,,,,,,,,,,,,,,,,,,,,,,,,,,,,,,,,,,,,,,,,,,,,,,,,,,,,,,,,,,,,,,,,,,A/A,1.549657074694476e-05,,,,,,,,,,,,,,,,,,,,,,,,,,,,,,,,,,,,,,,,,,,,,,,,,,,,,,,,,,,,,,,,,,,,,,,,,,,,,,,,,,,,,,,,,,,,,,,,,,,,,,,,,,,,,,0.0,7.369759715564324e-07,1.0,0.0003041829541275,1.0,1.0,1.0,0.0001468181505745,1.0,0.0,0.0,0.0087788531871695,1.0,1.0,1.0,0.0,0.0003026694138448,1.0,1.0,1.0,0.0009154594813774,1.0,0.0,1.0,5.828311170666614e-10,1.0,0.0,0.0,0.0103360990274961,1.0,1.0,0.0,1.4996182866896354e-05,1.0,0.0,1.0,5.422763093327395e-15,1.0,1.0,0.0,1.0,0.9720718981624492,1.0,2.824631744130247,0.6804632345208117,2.6127521265478,I,L,0,1.0,0.0,1.0,1.0,1.0,3.8999193837502286,-0.5067922214862517,1.3635033038826379,-4.964658653975851,-4.111877858644615,2.122989278382411,-0.2570037014935278,-0.6586700958117685,-0.08899027091824532,0.186574953858379,10.0,75.0,0.0277298360293165,1.8171330540779816e-10,-1.5570526984630018,-9.740610881634659,0.0,1.0,0.0,0.0,100.0,0.0,1.0,0.0,17.0,25,0.68,7.380062596190724,6.11718833952146,1.0,0.21187961758244667,1.0,3.0,1.0,2.0,0.0,0.0,0.0,1.0,0.0,0.7230454294937407,0.0,1.0,0.0,0.0,0.0,0.0,0.0,0.0,0.0,0.0,0.0,1.0,0.0,hydrophobic,hydrophobic,hydrophobic_to_hydrophobic,0.0,0.0,0.0,0.0,0.0,0.0,0.0,0,0.563997585491956
VAR_003599,,,,,,,0.0001134527049156,0.065395352997523,0.0002386305214043,0.030131393508516,0.00027315,0.0461199433445101,9.00900001834895e-05,0.000255153297407,4.917356886000128e-05,0.00011250005621,4.366215543873698e-05,0.0002642353620165,0.0001210638667231,0.0184455521943666,7.576976766346706e-08,1.8326819958083024e-07,0.0001324284314371,0.0023403222639762,0.0885731563722233,0.0010377081781911,gnomADg_ASJ,,,,,,,,,,,,,0.0,6.995725264556069e-05,1.0,0.0,9.865665168414676e-05,1.0,0.0,0.0331471103750448,1.0,1.0,0.0058424280815257,1.0,1.0,9.823617738933656e-06,1.0,1.0,0.000179221665908,1.0,0.0,0.0004068716094083,1.0,0.0,0.0004047605051462,1.0,1.0,0.0004430956209032,1.0,1.0,3.606370195748145e-06,1.0,1.0,0.0618357539264577,1.0,1.0,0.0168486929060226,1.0,1.0,2.502900000452943e-05,1.0,1.0,0.0001705504335379,1.0,1.0,0.0013398423983473,1.0,1.0,0.0961382276665652,1.0,0.0,0.0005111792822042,1.0,0.0,0.00039114,1.0,1.0,0.0003937724668991,1.0,AllofUs_OTH,0.0,0.0919133874914663,1.0,C/C,C/C,5.777977739786765,-2.6882756389150533,-4.775895947637737,1.0,7.309626756748e-05,1.0,0.0,0.000286687061985,1.0,0.0,1.5635437919291916e-08,1.0,0.0,0.0004487452750896,1.0,0.0,0.00010224,1.0,0.0,0.0362898449768389,1.0,0.0,7.797533724485328e-05,1.0,1.0,0.0004246343087454,1.0,1.0,6.835713682344389e-05,1.0,0.0,0.0733945543019436,1.0,0.6377461714590105,0.00471159088296,1.0,1.0,9.936585289250576e-05,1.0,1.0,6.533478674710854e-05,1.0,1.0,0.0002771822144734,1.0,0.2117774197479907,0.0465110549746612,1.0,0.0,0.0643010186971506,1.0,0.0,0.0073595001129817,1.0,1.0,0.0887709219517036,1.0,1.0,5.0031000001964326e-05,1.0,0.0,7.530042683582569e-05,1.0,1.0,0.0125132091949429,1.0,1.0,0.0174797127783097,1.0,0.0,0.0193438241526843,1.0,1.0,0.0001139119353914,1.0,1.0,0.0017679018372225,1.0,1.0,4.02629837541818e-05,1.0,1.0,0.0006025500247587,1.0,0.0,7.543124088010944e-05,1.0,1.0,0.000128960792238,C/C,0.0008736650675869,1.0,0.0075103679967826,0.0,0.0001327818233386,1.0,1.0,1.0,0.0001119699126993,1.0,1.0,1.0,1.0,0.000805022901242,1.0,1.0,0.0,7.757524200121601e-05,1.0,0.0,1.0,1.2222522182131453e-12,1.0,0.0,1.0,0.0001274724005277,1.0,1.0,1.0,0.0001274724000006,1.0,1.0,1.0,5.627484582529496e-08,1.0,0.0,1.0,,1.0,0.0003088638809697,1.0,1.6423692846628565e-08,1.0,0.0,1.0,0.0001114344054941,1.0,1.0,1.0,0.0,0.0004893533144025,1.0,1.0,0.0,0.0802970497013831,1.0,1.0,1.0,0.0050658652411912,1.0,1.0,1.0,0.0001791498635416,1.0,0.0,0.0,0.0001791373860448,1.0,1.0,1.0,0.001584853671473,1.0,0.0,1.0,1.0,0.0001209075475634,1.0,0.005909854086372,1.0,0.0,1.0,0.0630862830128629,1.0,1.0,1.0,1.0,0.017335778304191,1.0,1.0,1.0,0.0616416121435939,1.0,0.0,1.0,0.09003828269721,1.0,0.0,0.0,0.0005269211055684,1.0,1.0,1.0,0.0055320849006049,1.0,0.0,0.0,0.0001041563511669,1.0,0.0,1.0,0.0,0.0001088413779118,1.0,0.0109032787011523,1.0,1.0,0.0,1.3658699848734312e-09,1.0,0.4016534343746725,1.0,0.0001883835555186,1.0,1.0,1.0,0.0,0.0006456823237546,1.0,0.4790434271208566,1.0,0.0003383437687363,1.0,1.0,0.0,0.0003606171286414,1.0,1.0,0.0,9.30786422213995e-05,1.0,1.0,1.0,0.0012591717549742,1.0,0.0,0.0,4.088967841045679e-05,1.0,1.0,0.0,0.0021797809468182,0.9521975791950932,0.0617813126742756,0.328051956052089,-0.1672637837818223,0.8634312749332784,T,M,0,1.0,0.0,0.0,1.0,0.0,-9.664425758298718,1.3499860969377946,-0.12602191691733247,0.37741946761678713,-0.3605297514815905,0.1824212032362198,0.9587085413505725,0.7733978267010226,-0.6324834664635439,-0.07939666817866306,20.0,315.0,0.0885731563722233,7.576976766346706e-08,-1.0526978786301513,-7.12050403871511,1.0,1.0,0.0,1.0,400.0,0.0,0.0,0.0,95.0,103,0.9223300970873787,0.283250318658411,-0.005859852017502556,0.00013466972823680373,-0.5353793188811895,0.9521975791950932,0.0,5.0,-5.0,0.0,0.0,0.0,0.0,1.0,0.6665948391962506,0.0,0.0,0.0,0.0,0.0,1.0,0.0,0.0,0.0,0.0,0.0,1.0,0.0,polar,hydrophobic,polar_to_hydrophobic,0.0,0.0,0.0,0.0,0.0,0.0,1.0,0,0.7291240191061071
VAR_000666,,,,,,,7.669801186853235e-06,0.06175587003492,3.504718027892914e-24,0.0002180661691719,7.305223297705809e-05,4.412160495692458e-11,0.0001181561870887,1.5779441928314017e-13,3.188927831444827e-06,5.916608920548848e-06,0.0094312372227289,0.0770470720066809,0.0271588812031699,0.0002361801422529,2.7846939330801635e-08,1.1725465611176648e-05,1.363895619554338e-05,9.342441359884337e-13,1.1497575127466737e-07,0.0003758074604596,gnomADg_NFE,,,,,,,,,,,,,1.0,1.671956081889949e-06,1.0,0.0,0.0094053518912023,1.0,0.0,1.8121285205368998e-12,1.0,0.0,9.580503337182585e-09,0.0,1.0,0.0039744375176051,1.0,1.0,0.0003297350219467,1.0,1.0,0.0015836588213175,1.0,1.0,1.182044256122026e-05,1.0,0.0,2.945700845820279e-08,1.0,1.0,4.080657456453181e-14,1.0,0.0,5.4882339866571566e-05,1.0,1.0,1.7298572791307454e-08,1.0,0.0,0.0002618265171543,0.0,1.0,2.486373210635067e-05,1.0,1.0,0.0006783455690311,0.0,1.0,1.0961573292036208e-05,0.0,1.0,1.820830997233149e-05,1.0,0.0,0.0096249211961225,1.0,0.0,3.436640054260121e-05,1.0,AllofUs_OTH,1.0,0.0250028326700371,1.0,G/G,G/G,3.52222384151521,2.3477543056542003,1.3875491117627674,0.0,0.0262323751309841,1.0,0.0,3.723470485754351e-05,1.0,0.0,2.5739580706929475e-06,1.0,0.0,0.0005339461331358,1.0,0.0,7.002053359382544e-06,1.0,0.0,2.106945226346135e-05,1.0,0.0,0.0508658287435972,1.0,0.0,1.860226728671441e-05,1.0,0.0,5.188029436560101e-05,1.0,1.0,8.049870218083681e-06,1.0,0.0,9.686543495994164e-05,1.0,0.0,1.023087541727933e-05,1.0,1.0,3.901609746508965e-06,1.0,0.0,9.378000067310633e-06,1.0,0.0,1.1294066141510072e-05,1.0,1.0,9.787523093794412e-06,1.0,0.0,8.881482010240839e-06,1.0,0.0,4.326224397629152e-11,1.0,0.0,0.0112131443799972,1.0,0.0,0.0429817687419589,1.0,1.0,0.0847011712093239,1.0,1.0,0.0420972147195308,1.0,1.0,0.0008455483341864,1.0,1.0,0.0640583882397527,1.0,1.0,0.0065055538536155,1.0,0.5298582757969,3.2603882619323504e-09,1.0,0.0,0.0625685057096879,1.0,0.0,7.806915801245801e-06,1.0,,,G/G,6.833700091392998e-05,,,,,,,,,,,,,,,,,,,,,,,,,,,,,,,,,,,,,,,,,,,,,,,,,,,,,,,,,,,,,,,,,,,,,,,,,,,,,,,,,,,,,,,,,,,,,,,,,,,,,,,,,,,,,,1.0,9.914457944673722e-06,1.0,0.0324821967497419,1.0,1.0,0.0,6.420458560316144e-13,1.0,0.2858250527777737,1.0,2.575280380625513e-12,1.0,0.0,1.0,1.0,0.0001429775034963,1.0,0.0,0.0,0.0099219486216686,1.0,1.0,1.0,2.050134428229491e-07,1.0,1.0,0.0,1.0664052361411796e-05,1.0,1.0,0.0,0.0364117306138083,1.0,1.0,1.0,1.2414963792362343e-09,1.0,1.0,1.0,0.3537077942393972,0.049712218459021,0.0,1.7865507131826437,0.4817472398465044,0.5562918223901318,A,T,0,1.0,0.0,0.0,1.0,0.0,-3.352193111680281,-5.971942673768469,-2.93899079662539,-1.127745203812512,-2.260340409293983,-0.5163920435334561,0.8988846914098079,0.5273185640575235,0.36218095811434486,0.9490008249803001,20.0,205.0,0.0770470720066809,3.504718027892914e-24,-1.113243860975453,-14.99999999847792,1.0,1.0,0.0,1.0,400.0,0.0,0.0,0.0,56.0,70,0.8,0.9938435520287624,0.8304189968689947,0.0,1.2302588907925118,0.3537077942393972,1.0,2.0,-1.0,0.0,0.0,1.0,0.0,1.0,0.7461721108334329,0.0,0.0,0.0,0.0,0.0,1.0,0.0,0.0,0.0,0.0,0.0,1.0,0.0,polar,polar,polar_to_polar,0.0,0.0,0.0,0.0,0.0,0.0,0.0,0,0.5782034410488863
VAR_000626,,,,,,,,,,,,,,,,,,,,,,,,,,,,,,,,,,,,,,,,,,,,,,,,,,,,,,,,,,,,,,,,,,,,,,,,,,,,,,,,,,,,,,,,,,,,,,,,,,,,,,,,,,,,,,,,,,,,,,,,,,,,,,,,,,,,,,,,,,,,,,,,,,,,,,,,,,,,,,,,,,,,,,,,,,,,,,,,,,,,,,,,,,,,,,,,,,,,,,,,,,,,,,,,,,,,,,,,,,,,,,,,,,,,,,,,,,,,,,,,,,,,,,,,,,,,,,,,,,,,,,,,,,,,,,,,,,,,,,,,,,,,,,,,,,,,,,,,,,,,,,,,,,,,,,,,,,,,,,,,,,,,,,,,,,,,,,,,,,,,,,,,,,,,,,,1,1.0,1.0,1.0,1.0,1.0,7.9832658475143266,1.110473819360434,0.7581133467456967,0.8939678506860212,-0.051531957628236036,0.3355656458072709,-0.36501707859039345,0.34222455309622,-0.05071508944522977,-0.11988723048277419,0.0,0.0,0.0,,-15.0,-14.698970004336019,0.0,0.0,1.0,0.0,0.0,1.0,0.0,0.0,0.0,1,0.0,,,,,,0.0,0.0,0.0,0.0,0.0,0.0,0.0,0.0,0.8215209917795393,0.0,0.0,0.0,0.0,0.0,0.0,0.0,1.0,0.0,0.0,0.0,0.0,0.0,unknown,unknown,unknown_to_unknown,0.0,0.0,0.0,0.0,0.0,0.0,0.0,0,0.7331968611395429
VAR_001104,,,,,,,0.055020990471619,5.535664596617844e-06,0.0061016456253109,0.0118149318845682,0.0003579419246866,1.5172876167090833e-06,1.6191000029665735e-06,0.0048804179088379,0.0001638538059116,,,,,,,,,,,2.0152359902292484e-05,gnomADe_AMR,,,,,,,,,,,,,1.0,0.0558405792912315,1.0,0.0,0.0116506758285866,1.0,0.0,7.647144906373804e-12,1.0,0.0,2.098041771296006e-05,1.0,1.0,4.409421096008281e-12,1.0,1.0,0.0002005156253776,1.0,0.0,0.0005891432628805,1.0,0.0,2.028744540892785e-13,1.0,1.0,9.009392207945587e-10,1.0,1.0,2.32457077567845e-09,1.0,1.0,2.104139468995085e-05,1.0,1.0,0.0364231230566033,1.0,0.0,0.0068639539178121,0.0,1.0,0.0005374120975284,1.0,1.0,0.0052812336730472,0.0,1.0,0.0001562936642318,1.0,0.0,0.0020598028944311,0.0,1.0,0.0078650979308221,1.0,1.0,3.011036809997477e-05,1.0,AllofUs_OTH,0.0,0.0019362644643408,0.0,G/G,G/G,6.022317146639919,5.626956620076438,,1.0,8.425354585067787e-05,1.0,1.0,3.8348760750645685e-06,1.0,1.0,4.036065103527921e-08,1.0,0.0,9.927000185472728e-07,1.0,0.0,2.7009000000474278e-06,1.0,0.0,0.003087148988501,1.0,0.0,5.304705648429556e-06,1.0,0.0,0.0013227272121569,1.0,1.0,0.0089022500431851,1.0,1.0,0.0814610369501983,1.0,1.0,1.2229892578545052e-09,1.0,1.0,0.0020378015156177,1.0,0.0,1.0977136060078517e-08,1.0,1.0,5.817238429476988e-06,1.0,1.0,3.322800654498825e-05,1.0,0.0,2.747700000032709e-06,1.0,0.0,2.3167183962179857e-05,1.0,1.0,0.0033764866292626,1.0,0.0,4.766525426322861e-15,1.0,1.0,6.091354806066472e-10,1.0,1.0,0.0001782773810101,1.0,0.0,0.0283156878162183,1.0,1.0,2.197376434760195e-05,1.0,0.0,2.457671111652549e-06,1.0,1.0,0.0002453791641695,1.0,1.0,0.0001559520712174,1.0,1.0,2.7273915554951343e-05,1.0,0.0,3.364249507917975e-05,1.0,,,G/G,3.560400000001642e-05,,,,,,,,,,,,,,,,,,,,,,,,,,,,,,,,,,,,,,,,,,,,,,,,,,,,,,,,,,,,,,,,,,,,,,,,,,,,,,,,,,,,,,,,,,,,,,,,,,,,,,,,,,,,,,0.0,0.0045749567289836,0.0,0.0003055206566237,1.0,1.0,0.0,0.0185841907609168,1.0,0.0,0.0,1.5783951768282847e-05,1.0,1.0,1.0,1.0,1.2395896078165846e-07,1.0,1.0,0.0,0.0015722392623398,1.0,0.0,0.0,3.442805403166156e-13,1.0,0.0,0.0,0.0002072588033744,1.0,1.0,0.0,0.0155854050627164,1.0,0.0,0.0,0.0002476868608371,1.0,1.0,1.0,0.9997459006270896,0.9444577724965691,0.9999208968315372,3.760758503398512,0.756,11.574643970945615,A,T,1,1.0,0.0,1.0,1.0,1.0,-2.935262602797094,-6.226382628621874,-2.6727863369550153,-1.2097728300413133,-1.138295704629561,1.5561249089577684,0.05229371438449304,-1.2215578931565518,0.055800148583976125,0.5186861408134523,10.0,195.0,0.055020990471619,1.5172876167090833e-06,-1.2594715958349711,-5.818932086356227,1.0,1.0,0.0,0.0,100.0,0.0,1.0,0.0,57.0,70,0.8142857142857143,43.52944073754404,5.625526813927882,0.9996668175586922,-7.813885467547104,0.9999208968315372,4.0,0.0,4.0,0.0,0.0,0.0,1.0,0.0,0.7230454294937407,0.0,0.0,0.0,0.0,0.0,1.0,0.0,0.0,0.0,0.0,0.0,1.0,0.0,polar,polar,polar_to_polar,0.0,0.0,0.0,0.0,0.0,0.0,0.0,0,0.5782034410488863
VAR_004688,,,,,,,3.078638109720766e-05,0.0006422281145569,2.7267707476844678e-08,9.052600981368944e-06,1.6189646797935527e-05,2.634456204144806e-07,4.470063813649539e-05,0.0010268904655303,0.0001571130374537,6.776007266490333e-05,0.0030824242787535,0.0001573405450843,0.0016336176903849,0.0057943891027919,1.8994103614765499e-07,0.0065930848622339,0.0001216568528964,0.0004310100011742,1.9217833165294443e-06,0.0004318416991268,gnomADg_REMAINING,,,,,,,,,,,,,,,,,,,,,,,,,,,,,,,,,,,,,,,,,,,,,,,,,,,,,,,,,,,,,,,,,,,,,,,,,,,,,,,,,,,,,,,,,,,,,,,,,,,,,,,,,,,,,,,,,,,,,,,,,,,,,,,,,,,,,,,,,,,,,,,,,,,,,,,,,,,,,,,,,,,,,,,,,,,,,,,,,,,,,,,,,,,,,,,,,,,,,,,,,,,,,,,,,,,,,,,,,,,,,,,,,,,,,,,,,,,,,,,,,,,,,,,,,,,,,,,,,,,,,,,,,,,,,,,,,,,,,,,,,,,,,,,,,,,,,,,,,,,,,,,,,,,,,,,,,,,,,,,,,,,,0,1.0,0.0,0.0,1.0,1.0,7.10300782106796,1.2653464072638068,0.7820626855562817,0.016235266430623785,-1.5555682239007507,-2.743622614435031,2.1290436390941627,-0.10143360293381809,0.10382736926240113,0.18670915272869912,20.0,20.0,0.0065930848622339,2.7267707476844678e-08,-2.1809113342421687,-7.564351357756114,0.0,0.0,0.0,1.0,400.0,0.0,0.0,0.0,0.0,1,0.0,,,,,,0.0,0.0,0.0,0.0,0.0,0.0,0.0,1.0,0.6376218236838592,0.0,0.0,0.0,0.0,0.0,0.0,0.0,1.0,0.0,0.0,0.0,0.0,0.0,unknown,unknown,unknown_to_unknown,0.0,0.0,0.0,0.0,0.0,0.0,0.0,0,0.7331968611395429
VAR_000896,,,,,,,,,,,,,,,,,,,,,,,,,,,,,,,,,,,,,,,,1.0,7.874037126744515e-06,1.0,1.0,1.62140045743484e-05,1.0,0.66544991364934,6.596385956267222e-05,1.0,1.0,0.0524313676924152,1.0,1.0,3.8773319123069227e-17,1.0,1.0,1.657896623652024e-06,1.0,1.0,0.0170004390310024,1.0,0.0,0.0212032355658247,1.0,0.0,6.143831702231064e-05,1.0,1.0,0.0138033553652665,1.0,0.0,1.3605084014230356e-06,1.0,0.0,2.7390955896635712e-08,1.0,,,,,,,,,,,,,,,,,,,,,,,,,,A/A,A/A,5.386490517395118,5.658783823897355,3.698233222483626,0.0,0.0038662162858855,1.0,0.0,0.0518607249094364,1.0,1.0,1.1845203231696766e-09,1.0,1.0,0.0001770550023571,1.0,0.0,3.001103983672051e-08,1.0,1.0,1.7776583132538323e-14,1.0,0.0,4.0998494124405933e-13,1.0,0.0,9.342287452994302e-07,1.0,0.0,0.000573781523491,1.0,1.0,1.160335173776682e-07,1.0,1.0,5.481575695586343e-13,1.0,0.0,0.0177334586511115,1.0,1.0,1.1871000000003556e-05,1.0,0.0,8.620649316948514e-07,1.0,0.0,0.0283206715775886,1.0,1.0,0.0951553999118955,1.0,0.0,7.306881050802707e-06,1.0,0.0,0.0002170638130744,1.0,0.0,8.499213635007913e-07,1.0,0.0,1.0951858509954078e-05,1.0,1.0,0.0017690223549052,1.0,0.0,1.2349883649964188e-06,1.0,1.0,0.0005891549855603,1.0,1.0,5.427488856349643e-07,1.0,1.0,8.163020483068266e-06,1.0,0.0,0.0385165444962708,1.0,0.0,6.1182802594725055e-06,1.0,1.0,2.5601159428150065e-05,1.0,,,A/A,0.0001831510612314,,,,,,,,,,,,,,,,,,,,,,,,,,,,,,,,,,,,,,,,,,,,,,,,,,,,,,,,,,,,,,,,,,,,,,,,,,,,,,,,,,,,,,,,,,,,,,,,,,,,,,,,,,,,,,,,,,,,,,,,,,,,,,,,,,,,,,,,,,,,,,,,,,,,,,1.0,0.9152795712414624,1.0,5.320889301540652,0.7010288119966708,8.629643459334014,N,S,1,1.0,1.0,1.0,1.0,0.0,1.101918155392422,-4.647198441539216,-3.328576298050441,4.589599715022559,2.966717297354506,-0.1750844774585616,-0.10048636512056852,-0.22215531562255075,0.13029261032184328,0.3890458757944831,0.0,121.0,0.0,,-15.0,-14.698970004336019,0.0,0.0,1.0,0.0,0.0,1.0,0.0,0.0,37.0,45,0.8222222222222222,45.91737755888062,5.658783823897355,1.0,-3.308754157793362,1.0,6.0,0.0,6.0,0.0,0.0,0.0,0.0,0.0,0.8215209917795393,0.0,0.0,0.0,0.0,0.0,0.0,0.0,1.0,0.0,0.0,0.0,1.0,0.0,polar,polar,polar_to_polar,0.0,0.0,0.0,0.0,0.0,0.0,0.0,0,0.5237705317541551
VAR_002390,,,,,,,5.850456486571731e-05,0.0035118190241357,0.0099073131853755,3.746411563107749e-07,1.4226364881324797e-15,0.0804296209473818,0.0001332995601265,0.0015069127717519,1.4277540584922617e-18,5.509478389019215e-05,3.125426431357513e-08,0.0003787171187291,0.0163188397150905,1.358522721799797e-05,5.795280194265028e-05,4.946775437510278e-06,0.0123145847915334,0.0255157481695222,0.0834374865629709,0.00062525398321,gnomADg_REMAINING,,,,,,,,,,,,,0.0,0.0161883740035901,1.0,1.0,0.000355643004372,1.0,0.0,3.507988637017283e-06,1.0,1.0,0.0004870613713673,1.0,0.0,4.4420639496391765e-11,1.0,1.0,0.0045742617990507,1.0,1.0,0.0181828065157758,1.0,0.0,0.0017243776438873,1.0,1.0,2.568301694319072e-10,1.0,0.0,0.0074086951965533,1.0,0.0,1.2996969651010012e-12,1.0,1.0,0.0186874252163873,1.0,0.0,0.0273529030686005,0.0,0.0,0.0001097773350561,1.0,0.0,0.0005177472120868,1.0,1.0,0.0040522917266347,1.0,1.0,0.0216227223060975,1.0,1.0,0.0002158925769098,1.0,0.0,6.016500000005351e-05,1.0,AllofUs_OTH,1.0,0.0002623709093895,0.0,T/T,T/T,5.521488340695756,5.225120566230132,4.006348798187305,0.0,1.037880444839765e-05,1.0,0.0,0.0244059022334389,1.0,0.0,0.0039375219999154,1.0,0.0,0.0029044619062223,1.0,1.0,8.388000000000351e-05,1.0,0.0,4.323313637025889e-05,1.0,0.0,1.3148817567204776e-07,1.0,0.0,7.33950141456821e-05,1.0,0.0,1.9693974609439515e-05,1.0,0.0,0.0002590186039324,1.0,0.0,0.0083637645767048,1.0,0.0,0.0001069059134355,1.0,1.0,6.273335597623183e-06,1.0,0.0,4.159161765127337e-09,1.0,0.0,0.0062331729831869,1.0,1.0,0.0001302968946309,1.0,1.0,3.655105785783755e-05,1.0,0.0,1.8130550022023985e-07,1.0,0.0,2.8254860065313216e-05,1.0,1.0,2.414791036142428e-05,1.0,1.0,0.0020899829240778,1.0,0.0,0.0019287454810372,1.0,1.0,1.874259207632517e-17,1.0,0.0,0.000952006583116,1.0,0.0,0.0002239829407058,1.0,0.0,5.8045992082718674e-05,1.0,1.0,0.0015875395589334,1.0,1.0,1.0983436086502048e-05,1.0,0.0,5.976736311078608e-05,T/T,0.0002839610430178,0.0,3.772405887290343e-05,0.0,7.086456508528793e-05,1.0,0.0,0.0,0.0285646583478496,1.0,1.0,1.0,0.0,2.2151085825479603e-12,1.0,0.0,0.0,0.0628272365047742,1.0,0.0,1.0,2.9721440087961946e-11,1.0,0.0,1.0,0.0007937317518423,1.0,0.0,0.0,4.2162272982292885e-05,1.0,1.0,1.0,2.627253091358622e-09,1.0,1.0,1.0,,1.0,3.725272316799647e-05,1.0,1.3108916981775358e-15,1.0,0.0,0.0,0.0001204483085802,1.0,1.0,1.0,1.0,5.6683760924643734e-11,1.0,1.0,1.0,8.336471158257934e-13,1.0,0.0,0.0,2.083513714478512e-06,1.0,0.0,1.0,0.0059305363575773,1.0,1.0,0.0,7.062198068920702e-05,1.0,0.0,1.0,8.170027182530208e-06,1.0,0.0,1.0,1.0,0.0704519468427789,0.0,0.0015277632199822,1.0,0.0,0.0,5.379883848522935e-06,1.0,1.0,1.0,0.0,0.005975934998908,1.0,0.0,0.0,2.442895551331309e-08,1.0,0.0,0.0,1.2895879700893555e-11,1.0,1.0,0.0,9.058161300083586e-05,1.0,1.0,1.0,0.0004489060355172,1.0,0.0,0.0,0.0071819680556004,1.0,0.0,1.0,0.0,0.0371396750040717,0.0,0.0065768941685882,1.0,0.0,0.0,0.0129305499451622,1.0,0.0,0.0,0.026789236036263,1.0,1.0,1.0,0.0,0.0054604055474396,1.0,1.0,0.0,0.0557507745673005,1.0,1.0,0.0,1.1297374199192733e-06,1.0,1.0,0.0,0.0010698993183025,1.0,0.0,0.0,0.0386811565852595,1.0,1.0,0.0,3.9724424238293054e-11,1.0,1.0,0.0,1.0,1.0,0.9897658245843516,8.339314212310269,0.756,6.184878405350088,V,G,1,1.0,0.0,0.0,1.0,0.0,-9.664425758298718,1.3499860969377946,-0.12602191691733247,0.37741946761678713,-0.3605297514815905,0.1824212032362198,0.9587085413505725,0.7733978267010226,-0.6324834664635439,-0.07939666817866306,20.0,315.0,0.0834374865629709,1.4277540584922617e-18,-1.0786387868954372,-14.999380376520667,1.0,1.0,0.0,1.0,400.0,0.0,0.0,0.0,86.0,103,0.8349514563106796,51.57764438714686,5.225120566230132,0.9897658245843516,2.1544358069601808,1.0,5.0,0.0,5.0,0.0,0.0,0.0,0.0,1.0,0.6376218236838592,0.0,0.0,0.0,0.0,0.0,1.0,0.0,0.0,0.0,0.0,0.0,1.0,0.0,hydrophobic,special,hydrophobic_to_special,1.0,0.0,0.0,0.0,1.0,0.0,1.0,0,0.7535638526693664
VAR_004442,,,,,,,0.0037615854511707,0.0197694498368052,1.3027109077639704e-09,0.0003410863912141,0.0003653341415454,0.0035921103356042,0.0024984217480091,0.0011450608613738,4.757897328927306e-05,1.1835722682016524e-05,1.5871579551829893e-07,0.0013968668615841,2.6953765598788715e-06,0.035163541923484,0.0003466800056755,5.302922914619204e-12,6.188583116101493e-05,0.0002221369646129,9.446176571834854e-05,0.0003467221798938,gnomADg_EAS,,,,,,,,,,,,,1.0,0.0002659053183435,1.0,0.0,0.0001776517928665,1.0,0.0,0.0003675830810378,1.0,0.0,7.678215891542923e-05,0.0,0.0,2.306858605637093e-10,1.0,0.0,7.251769661650107e-06,1.0,0.0,1.3493355624092036e-12,1.0,0.0,7.496958871337324e-16,1.0,0.0,0.0003816182510209,1.0,0.0,0.0829752212603631,0.0,0.0,0.0044293932649595,0.0,1.0,0.0002180764538641,1.0,0.0,6.210207771126511e-14,1.0,1.0,9.025357038063717e-06,1.0,1.0,6.647146231733109e-11,0.0,0.0,0.0037176409538861,1.0,1.0,0.0033613603167303,1.0,1.0,3.0270349556413176e-05,1.0,0.0,8.37090000614188e-05,1.0,AllofUs_EAS,0.0,2.787864093547238e-05,0.0,./.,./.,3.7394477481993382,0.3928771469340799,-3.758926275264184,1.0,5.905128650115536e-13,1.0,1.0,0.0010113807424093,1.0,0.0,5.544407426419329e-10,1.0,1.0,2.5771990998308933e-08,1.0,1.0,0.0597287812835272,1.0,0.0,0.0003457277832839,1.0,0.0,9.497896566558448e-05,1.0,1.0,0.0019504086770222,1.0,1.0,0.0482935632787937,1.0,1.0,0.0001068233311899,1.0,0.0,4.76481036142196e-05,1.0,0.0,1.231422525409516e-05,1.0,1.0,0.0378463571087233,1.0,1.0,0.0003402325949272,1.0,1.0,7.751797479824173e-17,1.0,0.0,8.011800384425206e-07,1.0,1.0,0.0025427942370132,1.0,1.0,2.247789706657064e-07,1.0,1.0,1.1696424613303045e-06,1.0,1.0,1.1278787728033894e-05,1.0,1.0,2.686529541852564e-06,1.0,1.0,5.975259133936504e-08,1.0,1.0,1.2964657836078188e-06,1.0,1.0,9.063941920678524e-05,1.0,0.0,0.0015860564947755,1.0,0.0,0.0199602006285535,1.0,0.0,0.0043355885535304,1.0,1.0,0.0001882514165231,1.0,1.0,7.218940184197347e-05,./.,0.0475795295178997,0.0,2.021764965132243e-05,0.0,5.549125253277914e-14,1.0,0.0,1.0,0.000587685592685,1.0,1.0,1.0,0.0,0.0158007474449662,1.0,0.0,0.0,0.0140699048086664,1.0,0.0,0.0,9.141531075025762e-09,1.0,1.0,0.0,1.6432697668937788e-10,1.0,0.0,0.0,0.0162281357140897,1.0,0.0,1.0,9.924312336312993e-08,1.0,0.0,1.0,,0.0,0.0009676202958143,1.0,1.6064057795711543e-09,1.0,1.0,1.0,0.003885019370237,1.0,0.0,1.0,1.0,0.0006200951281122,1.0,0.0,0.0,0.0001527058352259,1.0,1.0,1.0,1.403528419162779e-12,1.0,0.0,0.0,4.45521464084597e-07,1.0,0.0,0.0,0.0134150597251799,1.0,1.0,0.0,0.0089658834011094,1.0,1.0,0.0,1.0,3.0127524745660733e-05,0.0,1.2814896128043457e-13,1.0,1.0,0.0,1.7641034339696694e-11,1.0,0.0,1.0,0.0,5.683343278276781e-09,1.0,1.0,0.0,0.0007576690550844,1.0,0.0,1.0,0.0375889079480574,1.0,1.0,0.0,9.64804067112555e-05,1.0,0.0,1.0,6.972622568167299e-05,1.0,0.0,0.0,2.2697609600386103e-05,1.0,1.0,1.0,1.0,0.0015536962805365,1.0,0.0002445229354707,1.0,1.0,1.0,0.0827782221254461,1.0,1.0,0.0,1.5732250516211688e-10,1.0,1.0,1.0,1.0,0.0030510892890398,1.0,0.0,0.0,0.0001202886537585,1.0,0.0,0.0,5.972153792694072e-06,1.0,0.0,0.0,3.081826855344905e-06,1.0,0.0,0.0,0.0003247924966186,0.0,0.0,0.0,6.881659014830224e-05,1.0,0.0,0.0,0.0105189911274841,0.0,0.0430906560083009,-0.6341222448773164,-0.1592043005038596,-0.0632594889991991,P,A,0,1.0,0.0,0.0,1.0,0.0,-9.664425758298718,1.3499860969377946,-0.12602191691733247,0.37741946761678713,-0.3605297514815905,0.1824212032362198,0.9587085413505725,0.7733978267010226,-0.6324834664635439,-0.07939666817866306,20.0,315.0,0.035163541923484,5.302922914619204e-12,-1.453907386148007,-11.275402796443176,0.0,1.0,0.0,1.0,400.0,0.0,0.0,0.0,88.0,103,0.8543689320388349,0.040114249173964035,0.0041326712227908536,0.0004532702282287866,-0.5708627558781173,0.0430906560083009,1.0,4.0,-3.0,0.0,0.0,0.0,0.0,1.0,0.6537936645408499,0.0,0.0,1.0,0.0,0.0,0.0,0.0,0.0,0.0,0.0,0.0,1.0,1.0,special,polar,special_to_polar,0.0,1.0,0.0,0.0,0.0,1.0,1.0,0,0.5396175529235918
VAR_000693,,,,,,,1.0194366878229564e-05,0.0011822301376166,0.0008787937444698,0.0095088818096384,6.867804871311978e-08,0.0743672289529251,0.0041450247431232,0.0004100916893367,6.506889267737551e-11,,,,,,,,,,,2.937906702273491e-05,gnomADe_NFE,,,,,,,,,,,,,,,,,,,,,,,,,,,,,,,,,,,,,,,,,,,,,,,,,,,,,,,,,,,,,,,,,,,,,,,,,,G/G,G/G,5.140215544694746,3.622364746021476,3.4431849994325594,1.0,3.6611590480017664e-06,1.0,0.0,4.0124048898423965e-06,1.0,1.0,6.871741217719096e-12,1.0,1.0,1.414394057070382e-05,1.0,1.0,0.0027013516001892,1.0,1.0,1.9475698070068703e-15,1.0,1.0,1.7770713661209442e-06,1.0,1.0,2.983917371150421e-05,1.0,1.0,3.358261785324161e-07,1.0,0.0,0.03890272125028,1.0,0.0,8.717402234767425e-08,1.0,0.0,0.0899400597500997,1.0,0.0,6.970854252057972e-10,1.0,0.0,4.2486150275360666e-08,1.0,1.0,4.254701556816731e-17,1.0,0.0,4.267856816013177e-06,1.0,0.0,1.484376760213861e-06,1.0,1.0,0.0396531978863589,1.0,0.0,0.000257990168997,1.0,1.0,3.282441571238943e-07,1.0,0.0,0.0017625982225209,1.0,1.0,0.0025531959691606,1.0,0.0,3.1543521670138306e-25,1.0,0.0,4.052850530127576e-15,1.0,0.0,0.0043060533188265,1.0,1.0,2.6429639582866646e-10,1.0,0.0,2.1780759278636487e-15,1.0,1.0,3.7745448779689175e-09,1.0,,,G/G,4.344073049982393e-06,,,,,,,,,,,,,,,,,,,,,,,,,,,,,,,,,,,,,,,,,,,,,,,,,,,,,,,,,,,,,,,,,,,,,,,,,,,,,,,,,,,,,,,,,,,,,,,,,,,,,,,,,,,,,,0.0,0.0041332343880255,0.0,0.0049920881008124,1.0,0.0,0.0,1.4902044904468869e-06,1.0,0.0,0.0,2.1810614748712445e-08,1.0,0.0,1.0,0.0,2.8863277321933747e-11,1.0,1.0,1.0,1.0123009153791566e-12,1.0,1.0,1.0,8.280338772582311e-10,1.0,1.0,0.0,3.825149567047024e-06,1.0,1.0,1.0,4.850970448246529e-06,1.0,1.0,1.0,0.0397111068529284,1.0,1.0,1.0,1.0,0.5814489908015746,0.9571574619236,7.691824169930123,0.5913867095825645,7.132110821326329,A,P,0,1.0,0.0,1.0,1.0,0.0,0.15513654130202958,-6.518441590034666,3.447798758252011,-1.1332416054018482,1.4222033394094327,-0.7066066278108585,0.03484254105353157,-0.436566681742623,-0.09606949486791574,0.014370176517578652,10.0,135.0,0.0743672289529251,6.506889267737551e-11,-1.1286184007482873,-10.186619909566467,1.0,1.0,0.0,0.0,100.0,0.0,1.0,0.0,44.0,53,0.8301886792452831,54.85894239809804,3.622364746021476,0.9571574619236,0.5597133486037942,1.0,6.0,0.0,6.0,0.0,0.0,1.0,1.0,0.0,0.8264378219714592,0.0,0.0,0.0,0.0,0.0,0.0,0.0,1.0,0.0,0.0,0.0,1.0,0.0,polar,special,polar_to_special,0.0,1.0,0.0,0.0,1.0,0.0,1.0,0,0.8921167238645714
VAR_003636,,,,,,,0.0003615644150504,5.657311446787888e-10,1.9838777407300925e-07,1.3523991070377186e-06,0.000115857754858,0.0059994243270147,0.0277056183041374,5.955356010320025e-09,2.3773207722209185e-05,,,,,,,,,,,0.0663839512249869,gnomADe_SAS,,,,,,,,,,,,,1.0,0.0170914057896187,1.0,1.0,0.0008790716143338,1.0,0.0,5.827913265844688e-12,1.0,1.0,0.0015532463331736,1.0,0.0,0.0435352422182467,1.0,0.0,0.0002913747200677,1.0,1.0,1.6731966667541187e-09,1.0,1.0,0.0014556240192061,1.0,0.0,0.0002457094126372,1.0,0.0,1.5320433400806405e-06,1.0,1.0,0.0070995927532143,1.0,0.0,0.000105033014746,1.0,0.0,8.359754061144881e-06,1.0,1.0,0.0002575714714661,1.0,0.0,0.0020769707799796,1.0,1.0,0.0068780502004305,0.0,1.0,0.000774196400439,1.0,0.0,6.020697149918923e-05,1.0,1.0,0.0920550371808395,1.0,AllofUs_OTH,1.0,1.2684480075033473e-08,1.0,G/G,G/G,5.078718984173752,5.101047064530239,2.5514404457959245,1.0,0.0153501904507258,1.0,0.0,9.607149279267964e-06,1.0,1.0,0.0023330502249294,1.0,1.0,4.6411240566599546e-05,1.0,1.0,6.416579060627465e-05,1.0,1.0,2.8323000000004252e-05,1.0,0.0,0.0080509297669427,1.0,0.0,0.0087752396333755,1.0,0.0,0.0001448642532136,1.0,1.0,0.0229451880190309,1.0,0.0,0.0002430924386876,1.0,0.0,1.5814206042925365e-05,1.0,1.0,9.53425716378085e-05,1.0,0.0,0.0273973583640341,1.0,1.0,8.164506861019841e-05,1.0,1.0,1.6642993421563948e-05,1.0,0.0,0.0112667982660393,1.0,0.1018016440186592,4.193100000000001e-05,1.0,0.0,1.0105414731696863e-13,1.0,1.0,3.3455017421204423e-06,1.0,1.0,0.0056164816119675,1.0,1.0,3.284932155148617e-07,1.0,0.0,1.8924712039082152e-05,1.0,0.0,0.0561053003878967,1.0,1.0,1.0566001441251185e-05,1.0,0.0,2.4509917057701592e-05,1.0,0.0,0.0116573459041442,1.0,1.0,5.360236652328713e-06,1.0,0.0,6.076866819518961e-05,G/G,0.0001626230073791,,,,,,,,,,,,,,,,,,,,,,,,,,,,,,,,,,,,,,,,,,,,,,,,,,,,,,,,,,,,,,,,,,,,,,,,,,,,,,,,,,,,,,,,,,,,,,,,,,,,,,,,,,,,,,0.0,0.0938773907660039,0.0,0.0072299220505749,1.0,1.0,1.0,8.061155058566368e-20,1.0,0.3024867057753755,1.0,1.1565457209639539e-07,1.0,1.0,1.0,0.0,8.822112291711754e-10,1.0,1.0,0.0,0.0085343226576627,1.0,1.0,1.0,0.0265498653786878,1.0,1.0,0.0,7.697532629860575e-06,1.0,1.0,1.0,1.0050480000000002e-05,1.0,0.0,1.0,1.005054897043242e-05,1.0,1.0,1.0,0.9671274457507424,0.8243016372013693,1.0,4.064497811168669,0.648011080928758,11.934,R,H,1,1.0,0.0,1.0,1.0,0.0,-3.032930950856276,-6.196506995841568,-2.7771628556808228,-1.1999978548528072,-1.2335262540977416,1.4528657229672979,0.03038873825645405,-1.0773905622699735,-0.10885513493781199,-0.8354824152861356,10.0,197.0,0.0663839512249869,5.657311446787888e-10,-1.177936901608956,-9.24738914411622,1.0,1.0,0.0,0.0,100.0,0.0,1.0,0.0,60.0,71,0.8450704225352113,48.5057168784869,4.933362618173453,0.9671274457507424,-7.86950218883133,1.0,5.0,0.0,5.0,0.0,0.0,0.0,1.0,0.0,0.7328486700971664,0.0,0.0,0.0,0.0,0.0,1.0,0.0,0.0,0.0,0.0,0.0,1.0,0.0,pos_charged,pos_charged,pos_charged_to_pos_charged,0.0,0.0,0.0,1.0,0.0,0.0,0.0,0,0.7420472453737551
VAR_000993,,,,,,,5.523169669787205e-06,0.0535844243753993,0.0054740148006961,5.637972559431048e-16,0.000456632563717,3.688420112941036e-05,8.097308302513237e-07,4.093920375846197e-05,0.0006378760822178,,,,,,,,,,,0.0612496874498865,gnomADe_NFE,,,,,,,,,,,,,0.0,4.141286841258379e-05,0.0,0.0,8.704862196783289e-06,1.0,1.0,1.3038120276943742e-05,1.0,0.0,0.0143170204840985,0.0,0.0,3.4269944979905585e-14,1.0,0.0,0.033996594533908,1.0,0.6081586671091544,0.0077705561042423,1.0,1.0,6.48276790839642e-13,1.0,0.0,3.774701499306013e-16,1.0,0.0,0.0001872591096763,0.0,1.0,3.3696610361276747e-17,0.0,1.0,0.0015109768757175,1.0,,,,,,,,,,,,,,,,,,,,,,,,,,./.,./.,6.1108044503811545,4.574942851744485,4.709361556782064,0.0,6.146848839327749e-14,1.0,1.0,0.0017694715691665,1.0,0.0,0.0092824741144177,1.0,1.0,4.045727332272209e-16,1.0,0.0,1.6153257400322997e-06,1.0,1.0,1.3131583990073854e-06,1.0,0.0,2.0410218467135383e-12,1.0,0.0,0.0002193737102722,1.0,0.0,3.235355605936746e-07,1.0,1.0,0.0574678996318244,1.0,1.0,2.3080671479415385e-07,1.0,0.0,1.8126000000000004e-06,1.0,0.0,0.0004610989092044,1.0,0.0,1.2312553181314178e-10,1.0,0.0,5.460960194299104e-15,1.0,1.0,0.0035653593218518,1.0,1.0,0.0029801912336701,1.0,0.0,1.4500707730748666e-09,1.0,0.0,0.0002437093550268,1.0,1.0,2.9910554186520646e-10,1.0,1.0,0.0002473403963901,1.0,0.0,4.1937932794118177e-08,1.0,1.0,1.0470391062913412e-05,1.0,1.0,1.0676151217478532e-05,1.0,0.0,1.2660487529746305e-06,1.0,1.0,4.70769948652601e-06,1.0,0.0,1.3617001099642971e-06,1.0,1.0,3.1356281978036274e-08,1.0,,,./.,0.0603068226363492,1.0,0.0003482096435582,0.0,3.4576377516716166e-05,1.0,1.0,1.0,0.0008092463817722,1.0,0.0,1.0,1.0,1.0846107277167824e-08,1.0,1.0,1.0,1.366345034802128e-19,1.0,1.0,1.0,0.0709863545092521,1.0,1.0,1.0,2.4247044686144352e-05,1.0,0.8467751471962669,1.0,3.1364342516127e-05,1.0,0.0,0.0,0.0018728450572799,1.0,0.0,0.0,,0.0,7.447581308192054e-06,0.0,0.0164811882776207,1.0,1.0,1.0,8.550048899953196e-12,1.0,1.0,1.0,0.0,9.479231041831744e-06,1.0,1.0,0.0,0.0017204139901411,1.0,0.0,0.0,0.0001575139573537,1.0,1.0,1.0,0.0001469450318931,1.0,0.0,1.0,2.311991704561692e-05,1.0,0.0,0.0,0.000114422273722,1.0,1.0,1.0,0.0,4.325362994688606e-06,0.0,1.5803936960877612e-06,1.0,1.0,1.0,0.0631864036262489,1.0,1.0,1.0,0.0,2.0587281807615425e-05,1.0,0.0,0.0,0.0205585666963071,1.0,1.0,1.0,9.035228372595415e-08,1.0,0.0,0.0,1.00520100001943e-05,1.0,1.0,1.0,0.0001740018000144,1.0,0.0,1.0,6.080833205181603e-08,1.0,0.0,0.0,1.0,6.330364400818606e-07,0.0,0.0290145775715757,1.0,0.0,0.978229414848134,0.0016793202456253,1.0,0.0,1.0,3.937088416661615e-06,1.0,0.0,1.0,1.0,0.0002599912992476,1.0,0.0,1.0,0.003189794703126,1.0,1.0,0.0,5.98815821668346e-15,1.0,1.0,0.0,0.0042103067152649,1.0,1.0,0.0,7.635775256347126e-07,1.0,1.0,0.0,0.0725676787321036,1.0,0.0,1.0,0.9548582171592246,0.91097374907615,0.9551371903627466,1.7391324982477072,-0.0706120632936563,1.155039175504891,A,T,0,1.0,0.0,1.0,1.0,0.0,-7.848757956333353,1.109348893208578,0.9076875566265471,-0.031640283626620525,4.901683740287526,0.0732328747492148,0.173038431102706,-0.7739983093195746,-0.8929007460754357,0.6481498753283325,10.0,279.0,0.0612496874498865,5.637972559431048e-16,-1.212896123112581,-14.80581955327919,1.0,1.0,0.0,0.0,100.0,0.0,1.0,0.0,78.0,93,0.8387096774193549,2.008766166869793,4.368421775022077,0.9120205947322431,0.5840933227428162,0.9551371903627466,4.0,1.0,3.0,0.0,0.0,1.0,1.0,0.0,0.8264378219714592,0.0,0.0,0.0,0.0,0.0,0.0,0.0,1.0,0.0,0.0,0.0,1.0,1.0,polar,polar,polar_to_polar,0.0,0.0,0.0,0.0,0.0,0.0,0.0,0,0.5782034410488863
VAR_004701,0.0075212818187169,1.087550445920236e-08,0.0006953479648721,0.002116877860241,4.927606400772493e-08,0.0009225162071229,0.0547386669121725,0.0005265703984557,0.0002214900562464,9.337998313620662e-09,2.27359823750738e-05,2.4332899524517546e-05,0.0169076424213993,0.000657990007073,0.0066218681624783,0.0116414574833068,0.0079504593308701,0.000178503723862,0.0008238604131874,0.0236938194909212,1.4145240204120587e-05,8.801866368784945e-05,0.0003175852551909,0.0013206425613385,0.0558582679048866,0.0244890001583171,gnomADg_MID,1.0,0.0001797354636848,0.0,0.0237834087408754,0.0,0.0080709091493267,1.0,1.4410549343981752e-08,1.0,0.0299462982584234,1.0,0.0012562711068471,0.0,9.316031269212313e-05,1.0,0.0,0.0045810267834046,1.0,1.0,3.52419514104707e-09,1.0,0.0,0.0047807652201962,1.0,0.0,0.0007103125679328,1.0,0.0,0.0003631195090932,1.0,1.0,0.0012893982808059,1.0,1.0,0.0002395560626428,1.0,1.0,0.0150605494740016,1.0,0.0,4.029579101026659e-05,1.0,0.0,0.0003050446771004,1.0,1.0,0.0019525751776024,1.0,1.0,9.183451079978785e-05,1.0,0.0,0.0003575710136723,1.0,1.0,0.0042584200111468,1.0,0.0,0.0113167948112281,0.0,1.0,0.0415655379951332,1.0,0.0,0.0011133000005077,1.0,0.0,0.0148885074560879,0.0,AllofUs_MID,1.0,4.674041562913799e-12,1.0,T/T,T/T,5.238452716093626,5.506056141887906,,1.0,0.0006114684655922,1.0,0.0,0.0234660500168179,1.0,1.0,0.0100947578537032,1.0,1.0,0.0002093579883823,1.0,1.0,0.0002043900051505,1.0,1.0,0.0003776432782582,1.0,1.0,0.0122429971832632,1.0,1.0,0.0002617200000004,1.0,0.0,0.0003160868050936,1.0,0.0,0.0093370436966698,1.0,0.0,0.0291553539623442,1.0,0.0,0.0077695462681867,1.0,1.0,0.049230599461526,1.0,1.0,0.0001558725039754,1.0,0.0,0.0006199208273073,1.0,0.0,0.0001880103769042,1.0,1.0,0.0028320616347748,1.0,0.0,0.0088439307089235,1.0,0.0,0.0001546200002884,1.0,0.0,0.0007122169072903,1.0,0.0,0.0057547685785453,1.0,1.0,0.000248918938516,1.0,1.0,0.0062377712143382,1.0,0.0,2.7972000000000003e-05,1.0,1.0,0.0004401248803797,1.0,0.0,0.0005887603473277,1.0,1.0,0.0007539471355214,1.0,0.0,0.0011545752502227,1.0,1.0,0.000360421641179,T/T,0.0167979612372573,0.0,0.0002208052880419,0.0,0.0001666034098081,1.0,0.0,0.0,0.0677671695082576,1.0,1.0,1.0,0.0,0.0139397845924659,1.0,1.0,0.0,0.0396378412000773,1.0,0.0,0.0,3.071162381041104e-10,1.0,0.0,1.0,0.0023758768865827,1.0,0.0,0.0,0.0073739413881129,1.0,0.0,0.0,0.0002983422786491,1.0,0.0,0.0,,1.0,0.0002913812360092,1.0,6.0873285513737725e-05,1.0,1.0,1.0,0.0003385464292711,1.0,1.0,1.0,1.0,0.0044071159536055,1.0,0.0,1.0,1.5526676267611883e-05,1.0,0.0,0.0,0.0001906839218809,1.0,1.0,1.0,0.0003242097714059,1.0,0.0,0.0,0.0011626958568271,1.0,0.0,1.0,0.0002362025365502,1.0,0.0,0.0,0.0,0.0180217629838661,0.0,5.549391000340246e-05,1.0,0.0,0.0,0.0004123749711788,1.0,0.0,1.0,1.0,0.0021367193745437,1.0,0.0,1.0,0.0533296625726624,1.0,0.0,1.0,0.0172171941463109,1.0,0.0,1.0,0.0087078589316473,1.0,1.0,1.0,0.0043911993493844,1.0,1.0,1.0,0.0251965937598832,1.0,0.0,0.0,1.0,0.0003033998309955,0.0,6.055987817665377e-05,1.0,1.0,0.1594975155548491,1.0757050560065974e-06,1.0,1.0,0.0,0.0113120709864636,1.0,1.0,1.0,0.0,7.55908162515787e-09,1.0,1.0,0.0,0.0004301922758081,1.0,1.0,1.0,0.00496231027862,1.0,1.0,0.0,0.0002467296002756,1.0,0.0,1.0,0.0166678076060034,1.0,1.0,0.0,0.0002869479834012,1.0,1.0,0.0,0.9852424469132685,0.8562529488358176,0.9856981061966996,3.3912382675389123,0.5850417174927959,2.519035199023585,Y,C,0,0.0,0.0,0.0,0.0,1.0,-9.939737301468613,1.6424272069225767,-0.1529206172059051,0.6463070456984708,-1.168225399097953,-1.7654010083555487,-2.2843854086041286,-0.7466972971602102,0.05380214476563621,-0.049478246439440134,26.0,333.0,0.0558582679048866,9.337998313620662e-09,-1.2529125353556068,-8.029746162327548,1.0,1.0,0.0,1.0,676.0,0.0,0.0,1.0,87.0,103,0.8446601941747572,8.542648564206281,5.424800226075471,0.9711516140670111,0.8722030685153275,0.9856981061966996,3.0,1.0,2.0,0.0,0.0,0.0,0.0,1.0,0.5599181166837257,0.0,0.0,0.0,0.0,1.0,0.0,0.0,0.0,0.0,0.0,0.0,1.0,0.0,hydrophobic,hydrophobic,hydrophobic_to_hydrophobic,0.0,0.0,1.0,0.0,0.0,0.0,0.0,-2,0.8423994292980986
VAR_004730,,,,,,,0.0089562051043872,0.0005346050179493,0.0012080601930113,6.657465806175642e-05,1.9264089922925064e-05,0.0012764281348432,0.000236709496254,4.350122097095578e-15,1.2565339523497897e-21,,,,,,,,,,,0.0007891232375862,gnomADe_AFR,,,,,,,,,,,,,,,,,,,,,,,,,,,,,,,,,,,,,,,,,,,,,,,,,,,,,,,,,,,,,,,,,,,,,,,,,,G/G,G/G,3.8413215269768175,3.9772981292402174,,0.0,5.797880209320867e-06,1.0,1.0,0.0002602054553402,1.0,1.0,8.107768874506639e-05,1.0,1.0,0.0045453584872838,1.0,1.0,1.949546671075385e-07,1.0,1.0,0.0012958784184774,1.0,0.0,1.0175252788549743e-06,1.0,1.0,2.114558018201156e-06,1.0,1.0,4.6826643822266425e-22,1.0,0.0,0.0030927798080663,1.0,0.0,0.0598792096971003,1.0,1.0,0.0001696174376323,1.0,1.0,1.7092747994385412e-16,1.0,1.0,0.0005483532261854,1.0,1.0,0.0014693871802612,1.0,0.0,3.513479548007212e-09,1.0,0.0,3.412384093413397e-05,1.0,0.0,1.60091160771371e-10,1.0,0.0,0.0985797174971744,1.0,1.0,0.0278107441189424,1.0,1.0,0.0114638414316756,1.0,1.0,0.0018028521111066,1.0,0.0,2.2489284961135328e-09,1.0,0.0,0.005360806737916,1.0,1.0,0.0164213695484488,1.0,1.0,0.0011619797916987,1.0,1.0,4.328269162761376e-05,1.0,1.0,4.859546026166104e-07,1.0,,,G/G,0.0001128560050623,,,,,,,,,,,,,,,,,,,,,,,,,,,,,,,,,,,,,,,,,,,,,,,,,,,,,,,,,,,,,,,,,,,,,,,,,,,,,,,,,,,,,,,,,,,,,,,,,,,,,,,,,,,,,,1.0,0.0006992208890903,1.0,1.2017877874942149e-05,1.0,0.0,1.0,0.0208858573239422,1.0,0.3954550884733329,0.0,0.0855717539138057,1.0,1.0,1.0,1.0,6.824777148801977e-08,1.0,1.0,1.0,2.518362374994325e-11,1.0,0.0,1.0,3.99493523506691e-05,1.0,0.0,1.0,2.169505174405048e-05,1.0,0.0,1.0,0.0269326113951451,1.0,1.0,0.0,1.610037266433629e-06,1.0,1.0,0.0,0.9356473767856028,0.9790671463190178,0.9536392470374456,4.494117518140693,0.4465459017835899,11.934,P,L,1,1.0,0.0,1.0,1.0,1.0,0.15513654130202958,-6.518441590034666,3.447798758252011,-1.1332416054018482,1.4222033394094327,-0.7066066278108585,0.03484254105353157,-0.436566681742623,-0.09606949486791574,0.014370176517578652,10.0,135.0,0.0089562051043872,1.2565339523497897e-21,-2.0478759692819257,-14.999999454294581,0.0,0.0,0.0,0.0,100.0,0.0,1.0,0.0,47.0,53,0.8867924528301887,53.63279846149103,3.721348561317895,0.8922700598903834,-7.439882481859306,0.9790671463190178,4.0,0.0,4.0,0.0,1.0,0.0,1.0,0.0,0.6666356502589871,0.0,0.0,0.0,0.0,0.0,0.0,0.0,1.0,0.0,0.0,0.0,1.0,0.0,special,hydrophobic,special_to_hydrophobic,0.0,1.0,0.0,0.0,0.0,1.0,1.0,-3,0.7571847976715484
VAR_000899,,,,,,,0.0049471781366497,0.0225320185939063,0.0091357747224129,4.409482484031762e-19,0.0326282106953461,0.0001733927745822,0.0037033058308466,0.0009422853509586,0.0008235324945397,,,,,,,,,,,2.245848063527599e-05,gnomADe_FIN,,,,,,,,,,,,,0.0,1.630237401801443e-05,1.0,1.0,1.5581283380739896e-05,1.0,0.3287549026133322,0.01135114653262,1.0,1.0,4.07466398466285e-15,0.0,0.0,2.1347804985609858e-06,1.0,0.0,2.705030529518431e-07,1.0,1.0,2.264872337014946e-07,1.0,1.0,0.0065604360748594,1.0,0.5239814309869101,2.838794728970172e-05,1.0,1.0,8.587273200047599e-05,1.0,0.0,1.1197228722278775e-06,1.0,1.0,0.0025157816567419,1.0,,,,,,,,,,,,,,,,,,,,,,,,,,G/G,G/G,5.058934459596062,5.070716840824308,2.98066498758827,,,,,,,,,,,,,,,,,,,,,,,,,,,,,,,,,,,,,,,,,,,,,,,,,,,,,,,,,,,,,,,,,,,,,,,,,,,,,,,,,,,,,,,G/G,0.0020222732036252,,,,,,,,,,,,,,,,,,,,,,,,,,,,,,,,,,,,,,,,,,,,,,,,,,,,,,,,,,,,,,,,,,,,,,,,,,,,,,,,,,,,,,,,,,,,,,,,,,,,,,,,,,,,,,0.0,0.0154775924450154,0.0,7.074122892231598e-30,1.0,0.0,0.0,4.8209722443262026e-11,1.0,0.4637591724670587,0.0,7.886882733354292e-06,1.0,0.0,1.0,0.0,8.294351008007124e-13,1.0,0.0,0.0,0.0001615588403951,1.0,1.0,1.0,0.0018828893179976,1.0,1.0,0.0,2.237898512797441e-07,1.0,1.0,1.0,2.859501250855266e-05,1.0,1.0,0.0,0.0027460307077356,1.0,0.0,0.0,1.0,0.836573825387066,0.9786343952127036,5.871106385982041,0.6369321494147346,10.37140823192946,W,C,1,1.0,0.0,1.0,1.0,0.0,3.411658129697118,-0.12737649226447534,-3.430824801028968,-5.675704178267515,1.4174995725894037,-0.18420811878633225,-0.16152074686374762,-0.7523660030655939,-0.174504134672976,0.29827626130276047,10.0,87.0,0.0326282106953461,4.409482484031762e-19,-1.4864067419168192,-14.999808540817607,0.0,1.0,0.0,0.0,100.0,0.0,1.0,0.0,19.0,24,0.7916666666666666,60.89164110210776,5.070716840824308,0.9786343952127036,-4.500301845947418,1.0,6.0,0.0,6.0,0.0,0.0,0.0,1.0,0.0,0.6093110286591608,0.0,0.0,0.0,0.0,0.0,0.0,0.0,1.0,0.0,0.0,0.0,1.0,0.0,hydrophobic,hydrophobic,hydrophobic_to_hydrophobic,0.0,0.0,1.0,0.0,0.0,0.0,0.0,0,0.8641469856072381
VAR_000936,,,,,,,0.05838341582975,0.0001218256136531,0.0022074142804453,4.811198576539587e-05,0.024248294796632,0.0034100514106096,0.0206562098405665,0.0001948761050567,2.0871007250184665e-05,0.0002613103951254,2.1723610596654108e-05,0.0374898153459712,4.415239310459557e-12,0.0542650417588015,0.0053176718746456,4.93611831966828e-05,0.0003814648054638,4.50536996296599e-05,4.696028010324505e-10,0.0006916346569216,gnomADe_NFE,,,,,,,,,,,,,0.0,6.012135709056682e-06,1.0,1.0,5.289357207247278e-07,1.0,0.0,7.12052705832239e-08,1.0,1.0,8.248965822793663e-10,1.0,0.0,0.0940730640764741,0.0,0.0,0.0020254289038038,1.0,0.0,0.0016882896518296,1.0,0.0,3.5327268776736708e-15,1.0,0.0,0.0636149563746911,1.0,1.0,0.0043755246288255,1.0,1.0,1.9224014566063303e-11,1.0,1.0,0.0177594833034557,1.0,0.0,0.000377815180553,1.0,1.0,0.0017936334446687,1.0,1.0,2.258431732553817e-05,1.0,1.0,0.0002015311688616,0.0,0.0,0.0002143562201031,1.0,0.0,3.2141757640688586e-05,1.0,1.0,0.0002192355926553,1.0,AllofUs_EUR,1.0,0.0286003440291115,0.0,G/G,G/G,5.934946282058882,5.301024813296115,5.30210918551751,0.0,0.0050425537975063,1.0,0.0,0.0086477218486606,1.0,1.0,0.0093841401745578,1.0,1.0,4.361891315172445e-05,1.0,0.0,0.0004205435573999,1.0,1.0,0.0002351773649267,1.0,1.0,2.8719000754106644e-06,1.0,1.0,0.0253864812274244,1.0,1.0,0.0055139390571339,1.0,1.0,0.0739086084422452,1.0,0.0,0.0005951125865482,1.0,1.0,0.0034666216409739,1.0,0.0,0.0010130908452425,1.0,1.0,0.0240943335151824,1.0,1.0,0.0023534161224672,1.0,1.0,0.0643497473564624,1.0,1.0,7.2513e-05,1.0,0.0,0.0001378287963791,1.0,1.0,1.1026056433362863e-06,1.0,0.0,0.00010134,1.0,1.0,0.0009006825566489,1.0,1.0,0.0001113436400115,1.0,1.0,2.758960562292033e-05,1.0,1.0,8.077609654251483e-05,1.0,1.0,0.0001365537767526,1.0,0.0,0.0021574379120085,1.0,1.0,0.0174932584580885,1.0,0.0,9.468000403280552e-05,1.0,1.0,0.0002294846230975,G/G,0.0007508384613414,0.0,0.0027895086876581,0.0,0.0039247972317556,1.0,0.0,0.0,0.0020422559966641,1.0,1.0,1.0,1.0,0.0001389553286655,1.0,0.1139656133894052,0.0,4.0939474052562364e-10,1.0,1.0,0.0,1.5579348435630452e-09,1.0,1.0,1.0,0.0002584219243698,1.0,0.0,1.0,0.0002139247885911,1.0,1.0,0.0,5.599860833849405e-08,1.0,0.0,0.0,,1.0,0.0017198591268857,1.0,0.0002427039157837,1.0,0.0,1.0,8.469677134677792e-05,1.0,1.0,1.0,0.0,0.0699534861189639,1.0,0.0,0.0,0.0005317686011115,1.0,0.0,0.0,0.0004771413817169,1.0,1.0,0.0,0.0002191072665501,1.0,1.0,0.0,0.0125981477278679,1.0,0.0,0.0,0.0024941139708371,1.0,1.0,1.0,1.0,0.033891503068648,1.0,0.0001146706505497,1.0,1.0,0.0,0.0776083731099966,1.0,1.0,1.0,0.0,4.738886869758736e-09,1.0,0.0,0.0,4.7028126503311566e-08,1.0,1.0,1.0,6.530572768426546e-09,1.0,0.0,1.0,0.0476528807338404,1.0,1.0,0.0,0.0002312955,1.0,0.0,1.0,0.0004469190684732,1.0,0.0,1.0,1.0,0.0581623793286243,1.0,6.029659842261828e-05,1.0,0.0,1.0,7.719559657086513e-07,1.0,0.0,0.0,0.0014984876097313,1.0,1.0,1.0,0.0,3.2597016467761426e-11,1.0,1.0,0.0,4.5618513620110274e-11,1.0,1.0,0.0,8.391187453644924e-06,1.0,0.0,1.0,0.0844227486868452,1.0,1.0,1.0,0.0003744861926884,1.0,0.0,0.0,0.0065419809956462,1.0,1.0,0.0,0.9304623988483915,1.0,0.977537878704768,9.185909757965824,0.6328537578982514,11.518090476146437,G,A,0,1.0,0.0,0.0,1.0,0.0,-9.664425758298718,1.3499860969377946,-0.12602191691733247,0.37741946761678713,-0.3605297514815905,0.1824212032362198,0.9587085413505725,0.7733978267010226,-0.6324834664635439,-0.07939666817866306,20.0,315.0,0.05838341582975,4.415239310459557e-12,-1.2337104994025714,-11.354947400768884,1.0,1.0,0.0,1.0,400.0,0.0,0.0,0.0,93.0,103,0.9029126213592233,105.80413969796678,4.93240426413435,0.9095622395848065,-2.332180718180613,1.0,6.0,0.0,6.0,0.0,0.0,1.0,1.0,0.0,0.8264378219714592,0.0,0.0,0.0,1.0,0.0,0.0,0.0,0.0,0.0,0.0,0.0,1.0,0.0,special,polar,special_to_polar,1.0,0.0,0.0,0.0,0.0,1.0,1.0,0,0.5739982561886349
VAR_002372,0.0035919078234213,0.0183518405815786,0.0079132526788835,0.0004610387558805,1.452716669550296e-09,1.00557164954378e-06,0.0002756423329506,0.0225158464474682,0.000301861907929,0.0011373459992452,1.7515783461894939e-13,0.0013665486153027,5.315128797075576e-05,0.0003634338687706,1.6523151498186377e-06,0.0022076154663682,0.007612664707788,0.0060396621942038,0.0004705268295377,3.084429782639286e-12,0.0046165198454681,2.9495475207135853e-05,2.646000000000064e-05,0.0029905242798526,8.618206803261352e-07,0.009810000000017,gnomADe_AFR,0.0,0.0026956904506801,1.0,0.0095614906644763,0.0,0.0045470504961696,0.0,9.111275895370892e-06,0.0,0.0182210978067557,0.0,7.592581031822201e-06,1.0,0.0174594559696694,1.0,1.0,0.0081770394854271,1.0,1.0,0.0106239461224107,1.0,0.0,0.0074659169876683,1.0,0.0,1.951041950861447e-07,1.0,1.0,0.0362660697080656,1.0,1.0,0.0257477689239574,1.0,1.0,0.0380697555871155,1.0,1.0,0.002036896587133,1.0,0.0,0.000220579005182,1.0,0.0,7.368250437529205e-18,1.0,1.0,0.0030304530375159,1.0,1.0,0.0089424000052174,1.0,0.0,0.0404848270810265,1.0,1.0,0.0006483357225197,1.0,1.0,1.6980624206593964e-15,0.0,0.0,3.153876926661385e-09,1.0,1.0,0.0026172000000182,1.0,1.0,0.0089426838619668,1.0,AllofUs_AFR,0.0,0.0001225409732717,1.0,A/A,A/A,6.17,3.722833575216608,1.8176639246424957,0.0,0.0098483326513378,1.0,0.0,0.0006479026822408,1.0,0.0,2.6359722256261584e-07,1.0,1.0,0.000256847238335,1.0,1.0,6.460962382116167e-05,1.0,0.0,6.190282818599826e-05,1.0,0.0,0.0001441025702824,1.0,0.0,0.0001046678809911,1.0,1.0,0.0065376,1.0,1.0,0.0023527876109499,1.0,0.0,2.8498916418931e-05,1.0,0.0,0.0630646218577422,1.0,1.0,0.0137045419468379,1.0,0.0,0.0005403511715198,1.0,0.0,0.0828710613027384,1.0,0.0,6.492763159468e-05,1.0,1.0,6.853141332773141e-05,1.0,1.0,0.0002761313751938,1.0,1.0,0.0377991431183239,1.0,1.0,0.0299540421508862,1.0,1.0,3.2841e-05,1.0,1.0,0.0007163218200502,1.0,1.0,0.000286078924122,1.0,1.0,8.898906446351325e-05,1.0,0.0,0.0026601217315497,1.0,1.0,0.0080847000369184,1.0,0.0,0.0005098440323234,1.0,1.0,0.0095426779846985,1.0,1.0,0.0027769004349976,A/A,0.0115368308404666,1.0,0.0011831048424476,1.0,0.00894260973015,1.0,0.1191003632895167,0.0,0.0070985755792726,1.0,0.0,1.0,1.0,2.5330270072960896e-06,1.0,0.0,1.0,2.912790885526363e-07,1.0,0.0,1.0,0.0144510635243427,1.0,0.0,0.0,0.0483719764993768,1.0,1.0,1.0,0.0092433132544017,1.0,1.0,1.0,2.479276094274409e-05,1.0,1.0,0.0,,1.0,0.001708022043925,1.0,0.0091166537986093,1.0,0.0,0.0,0.0320323434910362,1.0,0.0,1.0,0.0,8.322796150848552e-06,1.0,0.0,0.0,4.1475585316286885e-14,1.0,0.0,0.0,2.5374123951307148e-06,1.0,1.0,0.0,0.0152344077661454,1.0,1.0,1.0,0.0090596365525582,1.0,0.0,0.0,6.301139756265448e-05,1.0,1.0,1.0,0.0,0.0007531524002161,1.0,0.012140308248751,1.0,0.0,1.0,0.0002359687665144,1.0,1.0,1.0,1.0,1.2948104556827952e-06,1.0,0.0,1.0,7.517896939866276e-05,1.0,1.0,1.0,1.2951329809410851e-20,1.0,0.0,1.0,0.0054783909746158,1.0,1.0,1.0,0.0091009800001946,1.0,1.0,1.0,0.0032733766490886,1.0,1.0,1.0,1.0,0.0004335761125439,1.0,0.0085860042811367,1.0,0.0,1.0,0.0044733444237052,1.0,0.0,0.0,0.0003448503000011,1.0,1.0,1.0,0.0,0.0012240772247456,1.0,0.0,1.0,7.083859298384566e-11,1.0,1.0,1.0,1.5204112236123063e-05,1.0,0.0,1.0,8.43182917940972e-05,1.0,0.0,1.0,0.0180163555350643,1.0,1.0,1.0,0.0113486380089136,1.0,1.0,1.0,1.0,0.5063236310549302,0.9496992430587732,2.6285462962933344,-0.0787249729886961,3.5694771492533546,S,R,0,0.0,0.0,0.0,0.0,0.0,-9.939737301468613,1.6424272069225767,-0.1529206172059051,0.6463070456984708,-1.168225399097953,-1.7654010083555487,-2.2843854086041286,-0.7466972971602102,0.05380214476563621,-0.049478246439440134,26.0,333.0,0.0225158464474682,1.7515783461894939e-13,-1.647511721783207,-12.754098036807958,0.0,1.0,0.0,1.0,676.0,0.0,0.0,1.0,90.0,103,0.8737864077669902,9.382535940373595,3.722833575216608,0.9496992430587732,-0.9409308529600202,1.0,3.0,0.0,3.0,0.0,1.0,0.0,1.0,0.0,0.6666356502589871,1.0,0.0,0.0,0.0,0.0,0.0,0.0,0.0,0.0,0.0,0.0,1.0,0.0,polar,pos_charged,polar_to_pos_charged,0.0,0.0,0.0,1.0,0.0,0.0,1.0,0,0.8332845932641224
VAR_004661,0.0001800013731863,0.00072,0.0031684103599761,0.0042543452507247,1.0449941969350404e-05,4.245876797681636e-07,2.414422117246509e-05,0.0120887981601562,0.009210324281374,0.0492318262808305,0.0070786435134228,9.621724416679366e-06,0.014625561208835,0.0209311937477833,5.80040379000723e-05,0.00017136,0.0009802384862421,3.6997659457530105e-10,0.0001572900671769,0.0002334997610067,0.0628858088600062,1.6169560080137538e-10,0.0026833199968303,3.965450591635969e-05,0.0002540452589986,0.0009420779788819,gnomADe_AFR,,,,,,,,,,,,,,,,,,,,,,,,,,,,,,,,,,,,,,,,,,,,,,,,,,,,,,,,,,,,,,,,,,,,,,,,,,,,,,,,,,,,,,,,,,,,,,,,,,,,,,,,,,,,,,,,,,,,,,,,,,,,,,,,,,,,,,,,,,,,,,,,,,,,,,,,,,,,,,,,,,,,,,,,,,,,,,,,,,,,,,,,,,,,,,,,,,,,,,,,,,,,,,,,,,,,,,,,,,,,,,,,,,,,,,,,,,,,,,,,,,,,,,,,,,,,,,,,,,,,,,,,,,,,,,,,,,,,,,,,,,,,,,,,,,,,,,,,,,,,,,,,,,,,,,,,,,,,,,,,,,,,0,0.0,0.0,0.0,1.0,1.0,7.018883705299926,1.3713327618119886,0.7818769495485957,0.10897830042379897,-1.8691571374125457,-3.5180972802729786,1.101035398062903,-0.641013169945691,0.43656146434152476,0.34290389760019696,26.0,26.0,0.0628858088600062,1.6169560080137538e-10,-1.201447348658721,-9.791299109770298,1.0,1.0,0.0,1.0,676.0,0.0,0.0,1.0,0.0,1,0.0,,,,,,0.0,0.0,0.0,0.0,1.0,0.0,1.0,0.0,0.6666356502589871,0.0,0.0,0.0,0.0,0.0,0.0,0.0,1.0,0.0,0.0,0.0,0.0,0.0,unknown,unknown,unknown_to_unknown,0.0,0.0,0.0,0.0,0.0,0.0,0.0,0,0.7331968611395429
VAR_004700,0.0079318514341387,0.0127714901018404,0.0002778751805966,3.686550099265057e-05,6.359162242399417e-11,0.0100752101089161,0.0014025204513103,0.0079949767152165,0.0005926185578819,0.003318353270645,0.0051227205830014,0.0963562517075293,8.351293049287483e-06,0.0620610150256645,7.120164039673733e-05,0.0024471,0.0535688734859076,1.1857475440491872e-08,0.0012644740802474,0.0106834002919991,0.0469654116108272,7.379866285290376e-10,2.6553527007617997e-05,0.0017080502731362,0.0011687675257455,0.0163555899794348,AFR,0.0,0.0026956869009584,0.0,0.0767383000242293,0.0,4.257079778540943e-10,0.0,3.3518219901965784e-05,1.0,0.0008796167212486,0.5342733680339927,5.075892505056496e-05,1.0,0.0107057510429922,1.0,1.0,0.0077078186703732,1.0,1.0,0.0023376623380517,1.0,1.0,0.0039142372637709,1.0,0.0,5.622373858455232e-05,1.0,0.0,4.814863885263079e-05,1.0,0.0,0.0016642820566279,1.0,1.0,0.0005150561091562,1.0,0.0,0.0006775015096342,1.0,0.0,2.3620709689065e-08,1.0,1.0,6.45928007990632e-05,1.0,0.0,0.0014715220380884,1.0,1.0,0.0087274055298046,1.0,1.0,0.0019261830626111,1.0,0.0,0.0006869211356625,1.0,1.0,0.0121770785637973,0.0,1.0,2.1024009724220985e-05,1.0,1.0,0.0026006687377709,1.0,1.0,0.0303270619391725,1.0,AllofUs_AFR,0.0,1.01288578789881e-06,0.0,./.,./.,4.977484481327523,4.685938528782224,5.860547077820109,1.0,0.0957195394847311,1.0,1.0,0.0129525553934283,1.0,0.0,4.9823615562974464e-21,1.0,0.0,4.894310765672344e-05,1.0,0.0,5.473042911174284e-05,1.0,0.0,7.068937614829192e-05,1.0,1.0,0.0215220127684394,1.0,0.0,0.0001083873109973,1.0,1.0,0.0087306854789783,1.0,1.0,0.0190313910995932,1.0,0.0,2.8998019085894888e-05,1.0,0.0,8.400763379383249e-05,1.0,0.0,0.0079793012075034,1.0,1.0,0.0001851892252847,1.0,1.0,0.0034667075219916,1.0,0.0,0.0008106006030625,1.0,1.0,0.0005530256165456,1.0,0.0,0.0007808938094404,1.0,1.0,0.0001850238264237,1.0,1.0,0.0126157164821729,1.0,0.0,0.0050585829526343,1.0,0.0,4.9590026661871066e-05,1.0,1.0,0.0001097809969445,1.0,0.0,0.0012085989456533,1.0,0.0,0.0171692174078262,1.0,1.0,0.0090212817480375,1.0,0.0,0.0006799097244937,1.0,1.0,0.0076032021502413,1.0,0.0,0.0028094689298625,./.,0.0103760912134421,1.0,0.0630903577606777,1.0,0.0089270730145279,1.0,1.0,1.0,0.0077848650335156,1.0,1.0,1.0,0.0,8.383148137712886e-05,1.0,0.0,0.0,2.479221032671485e-13,1.0,1.0,0.0,5.800625690760706e-09,1.0,1.0,1.0,0.0002415050242173,1.0,1.0,1.0,0.0089297933200947,1.0,1.0,1.0,0.0068786616014901,1.0,0.0,1.0,,1.0,0.0006084576000007,1.0,0.0086027826576295,1.0,1.0,0.0,0.0216933262516392,1.0,0.0,1.0,1.0,2.7669304984686867e-09,1.0,1.0,1.0,1.5999139960658657e-12,1.0,1.0,0.0,3.2261574302936075e-06,1.0,1.0,0.0,0.0009994245279354,1.0,0.0,1.0,0.0086026306391012,1.0,0.0,0.0,2.8577833954066612e-05,1.0,0.0,0.0,0.0,0.0009155262342937,1.0,0.008515773,1.0,1.0,1.0,0.0003248244000414,1.0,1.0,1.0,0.0,0.0448379146451635,1.0,0.0,1.0,3.341879363013249e-15,1.0,1.0,0.0,0.0601265357571918,1.0,1.0,1.0,0.042012154713926,1.0,1.0,0.0,0.0110689033412953,1.0,1.0,0.0,0.0007474468580865,1.0,0.0,1.0,0.0,0.0004408099290363,1.0,0.0375587212865467,1.0,1.0,0.0,0.0818541156108604,1.0,0.0,1.0,0.0045491139833002,1.0,0.0,1.0,1.0,2.2215448007012357e-13,1.0,1.0,0.0,0.0253660926206569,1.0,0.0,0.0,0.014112511813691,1.0,1.0,0.0,1.5342753401659442e-05,1.0,0.0,0.0,0.0082189089581058,1.0,1.0,0.0,0.001469112087464,1.0,0.0,0.0,1.0,0.971018630460704,0.9679074188232688,4.224281839668357,0.6981029770728181,11.934,S,Y,0,0.0,0.0,0.0,0.0,0.0,-9.939737301468613,1.6424272069225767,-0.1529206172059051,0.6463070456984708,-1.168225399097953,-1.7654010083555487,-2.2843854086041286,-0.7466972971602102,0.05380214476563621,-0.049478246439440134,26.0,333.0,0.0963562517075293,6.359162242399417e-11,-1.0161201025549516,-10.196593265269783,1.0,1.0,0.0,1.0,676.0,0.0,0.0,1.0,85.0,103,0.8252427184466019,50.41257947460216,4.685938528782224,0.9679074188232688,-7.709718160331643,1.0,5.0,0.0,5.0,0.0,1.0,0.0,0.0,0.0,0.3625923718042449,1.0,0.0,0.0,0.0,0.0,0.0,0.0,0.0,0.0,0.0,0.0,1.0,1.0,polar,hydrophobic,polar_to_hydrophobic,0.0,0.0,0.0,0.0,0.0,0.0,1.0,0,0.7554645740930286
VAR_004683,,,,,,,0.0004604523868541,1.0186662825856573e-05,2.3809703646467984e-06,2.218050665261367e-09,3.409771147755756e-05,0.0071362994427181,0.0002691446271488,0.0028281817748841,0.0820900399536913,1.065086921876924e-05,0.0034446158088825,0.004474031643857,3.7893614361203394e-08,0.0002052195093483,3.204770839953317e-19,1.8619483227442936e-05,0.0002892061060678,1.1018382509285985e-07,0.0012320674517558,0.0067115754287275,gnomADe_NFE,,,,,,,,,,,,,,,,,,,,,,,,,,,,,,,,,,,,,,,,,,,,,,,,,,,,,,,,,,,,,,,,,,,,,,,,,,,,,,,,,,,,,,,,,,,,,,,,,,,,,,,,,,,,,,,,,,,,,,,,,,,,,,,,,,,,,,,,,,,,,,,,,,,,,,,,,,,,,,,,,,,,,,,,,,,,,,,,,,,,,,,,,,,,,,,,,,,,,,,,,,,,,,,,,,,,,,,,,,,,,,,,,,,,,,,,,,,,,,,,,,,,,,,,,,,,,,,,,,,,,,,,,,,,,,,,,,,,,,,,,,,,,,,,,,,,,,,,,,,,,,,,,,,,,,,,,,,,,,,,,,,,0,1.0,0.0,0.0,1.0,1.0,7.10300782106796,1.2653464072638068,0.7820626855562817,0.016235266430623785,-1.5555682239007507,-2.743622614435031,2.1290436390941627,-0.10143360293381809,0.10382736926240113,0.18670915272869912,20.0,20.0,0.0820900399536913,3.204770839953317e-19,-1.0857095329603894,-14.99986084086831,1.0,1.0,0.0,1.0,400.0,0.0,0.0,0.0,0.0,1,0.0,,,,,,0.0,0.0,0.0,0.0,0.0,1.0,1.0,0.0,0.8264378219714592,0.0,0.0,0.0,0.0,0.0,0.0,0.0,1.0,0.0,0.0,0.0,0.0,0.0,unknown,unknown,unknown_to_unknown,0.0,0.0,0.0,0.0,0.0,0.0,0.0,0,0.7331968611395429
VAR_000894,,,,,,,,,,,,,,,,,,,,,,,,,,,,,,,,,,,,,,,,,,,,,,,,,,,,,,,,,,,,,,,,,,,,,,,,,,,,,,,,,,,,,,,,,,,,,,,,,,,,,G/G,G/G,5.566947083667245,6.17,3.474223163699311,,,,,,,,,,,,,,,,,,,,,,,,,,,,,,,,,,,,,,,,,,,,,,,,,,,,,,,,,,,,,,,,,,,,,,,,,,,,,,,,,,,,,,,G/G,,,,,,,,,,,,,,,,,,,,,,,,,,,,,,,,,,,,,,,,,,,,,,,,,,,,,,,,,,,,,,,,,,,,,,,,,,,,,,,,,,,,,,,,,,,,,,,,,,,,,,,,,,,,,,,,,,,,,,,,,,,,,,,,,,,,,,,,,,,,,,,,,,,,,,,1.0,0.121445174990754,0.9881086599619464,6.264044868682045,0.5933838577807787,11.424566076675672,R,P,1,1.0,1.0,1.0,1.0,0.0,7.9832658475143266,1.110473819360434,0.7581133467456967,0.8939678506860212,-0.051531957628236036,0.3355656458072709,-0.36501707859039345,0.34222455309622,-0.05071508944522977,-0.11988723048277419,0.0,0.0,0.0,,-15.0,-14.698970004336019,0.0,0.0,1.0,0.0,0.0,1.0,0.0,0.0,0.0,1,0.0,71.5639945095192,6.17,0.9881086599619464,-5.160521207993628,1.0,6.0,0.0,6.0,0.0,0.0,0.0,0.0,0.0,0.8215209917795393,0.0,0.0,0.0,0.0,0.0,0.0,0.0,1.0,0.0,0.0,0.0,1.0,0.0,pos_charged,special,pos_charged_to_special,0.0,1.0,0.0,1.0,1.0,0.0,1.0,0,0.8771570687209322
VAR_000929,,,,,,,4.001400000000149e-05,0.0002878930335408,0.0022301160497127,3.0101338418984404e-12,3.007106734905719e-11,0.0010110013350853,3.4890797226481997e-06,1.4965399055404166e-05,0.0002530856893511,9.472902293278316e-05,0.0267513402255341,3.5626574045814975e-08,0.0428411841519269,0.0391175014482438,7.706547785684245e-15,0.0012916730809169,3.7259129536759664e-08,0.0008233709825805,1.8073212000195721e-12,0.002634911678212,gnomADg_FIN,,,,,,,,,,,,,0.0,0.0017611288592759,1.0,0.0,0.0670713100072868,1.0,0.0,2.553870961292889e-06,1.0,0.0,0.0183622689569065,0.0,0.0,1.378974917589559e-05,0.0,1.0,0.0004279137549882,1.0,1.0,0.0003042893527529,1.0,0.0,3.616106338043844e-07,1.0,0.0,0.0046802192887464,1.0,0.0,2.1347199338020436e-10,0.0,1.0,0.0093450078171389,1.0,1.0,4.5473337108961175e-09,1.0,,,,,,,,,,,,,,,,,,,,,,,,,,G/G,G/G,6.0506950467899285,5.627009880168648,3.71648239504078,1.0,0.0001671941824711,1.0,1.0,2.1898057183509897e-06,1.0,0.0,0.0006030719099993,1.0,1.0,0.0091180172135309,1.0,0.0,2.315039403864064e-05,1.0,1.0,6.975900000000004e-06,1.0,0.0,7.749334334445246e-05,1.0,1.0,7.673269070245887e-06,1.0,1.0,5.671293475921209e-20,1.0,1.0,4.2099912676240965e-06,1.0,0.1765252579593821,0.0001688428248593,1.0,0.0,0.0168269797302056,1.0,1.0,0.0035832641075438,1.0,0.0,0.000182249420469,1.0,0.0,2.615882569795113e-12,1.0,1.0,0.0010040382858507,1.0,1.0,0.0060021196463687,1.0,1.0,0.0016053099853277,1.0,1.0,0.0073349768237558,1.0,0.0,1.2301164925559155e-06,1.0,1.0,3.855886505882912e-05,1.0,0.0,0.0003205849324487,1.0,0.0,2.0596347706083848e-10,1.0,1.0,0.0116947637111265,1.0,0.0,6.200704543435262e-14,1.0,0.0,0.0001620215968578,1.0,1.0,4.4242936058430186e-10,1.0,0.0,0.0349135927523924,1.0,1.0,3.4013087089161248e-06,G/G,0.0011430019335829,1.0,0.0127606532480343,0.0,1.431983661921042e-09,1.0,1.0,1.0,1.3418829122334978e-07,1.0,0.0,1.0,0.0,7.948825738355597e-06,1.0,0.0,0.0,0.0015817690159132,1.0,0.0,1.0,0.0149814202546132,1.0,1.0,1.0,0.0007669493101174,1.0,1.0,,,,,0.0,0.0012460432566624,1.0,1.0,0.0,,0.0,0.074228616770368,1.0,0.0001665151375246,1.0,1.0,0.0,0.0372989857662017,1.0,1.0,1.0,0.0,5.087550663375958e-07,1.0,0.0,0.0,1.5256962431507151e-05,1.0,1.0,1.0,0.0011236501739382,1.0,0.0,1.0,0.0528729212547958,1.0,0.0,,,,,0.0,8.14571846812845e-07,1.0,0.0,0.0,0.0,0.0015336065986126,0.0,7.165335401451266e-07,1.0,1.0,0.0,0.0966633677941395,1.0,1.0,1.0,1.0,7.938585709802035e-17,1.0,0.0,1.0,2.365607319884056e-13,1.0,1.0,1.0,0.0011300023306205,1.0,1.0,1.0,0.0134143636904877,1.0,1.0,,,,,0.0,0.0017082919526108,1.0,0.0,0.0,1.0,0.0014943310254654,0.0,0.0005688891288809,1.0,1.0,1.0,0.0003474097083352,1.0,0.0,1.0,0.0001611394828413,1.0,0.0,1.0,1.0,9.142788696377872e-11,1.0,1.0,0.0,4.5171618872931214e-09,1.0,0.0,1.0,0.0020286967030968,1.0,0.0,1.0,0.0004813231314211,1.0,1.0,1.0,0.0176088648915723,1.0,1.0,0.0,7.540188472664476e-06,1.0,0.0,1.0,1.0,0.7645541456622927,1.0,7.759526277288337,0.661332090008702,6.514455245011972,V,F,0,1.0,0.0,0.0,1.0,0.0,-7.736091646185473,0.7056023931277032,0.3062789481838555,-0.17706221506225728,3.6850956309531777,-1.919649257227797,1.2888061007182006,1.0780926496871654,1.8660397137002613,-0.6606102211656079,20.0,279.0,0.0428411841519269,7.706547785684245e-15,-1.368138533555854,-14.060154012021735,0.0,1.0,0.0,1.0,400.0,0.0,0.0,0.0,85.0,90,0.9444444444444444,50.549086655889234,5.627009880168648,1.0,1.245071032276365,1.0,5.0,0.0,5.0,0.0,0.0,0.0,0.0,1.0,0.6718110286591608,0.0,0.0,0.0,0.0,0.0,0.0,0.0,1.0,0.0,0.0,0.0,1.0,0.0,hydrophobic,hydrophobic,hydrophobic_to_hydrophobic,0.0,0.0,0.0,0.0,0.0,0.0,0.0,0,0.7435372542844395
VAR_004668,,,,,,,8.834953214190777e-06,0.0145395692638226,1.408678323787586e-06,0.0022219661949199,1.5973418087418233e-05,1.6429592639894917e-05,3.238672472147556e-06,0.0010720954348519,0.0001867401431032,1.390657388881593e-05,1.1490270021776288e-07,1.6398200322941082e-06,3.121528944767976e-13,0.0306977188147834,0.0003967758690362,0.0170470725884759,1.5909163484485648e-12,0.022344117466064,0.0009604273555034,0.0003724132398444,gnomADg_SAS,,,,,,,,,,,,,,,,,,,,,,,,,,,,,,,,,,,,,,,,,,,,,,,,,,,,,,,,,,,,,,,,,,,,,,,,,,,,,,,,,,,,,,,,,,,,,,,,,,,,,,,,,,,,,,,,,,,,,,,,,,,,,,,,,,,,,,,,,,,,,,,,,,,,,,,,,,,,,,,,,,,,,,,,,,,,,,,,,,,,,,,,,,,,,,,,,,,,,,,,,,,,,,,,,,,,,,,,,,,,,,,,,,,,,,,,,,,,,,,,,,,,,,,,,,,,,,,,,,,,,,,,,,,,,,,,,,,,,,,,,,,,,,,,,,,,,,,,,,,,,,,,,,,,,,,,,,,,,,,,,,,,0,1.0,0.0,0.0,1.0,1.0,7.10300782106796,1.2653464072638068,0.7820626855562817,0.016235266430623785,-1.5555682239007507,-2.743622614435031,2.1290436390941627,-0.10143360293381809,0.10382736926240113,0.18670915272869912,20.0,20.0,0.0306977188147834,3.121528944767976e-13,-1.5128938962804916,-12.504243569753854,0.0,1.0,0.0,1.0,400.0,0.0,0.0,0.0,0.0,1,0.0,,,,,,0.0,0.0,0.0,0.0,0.0,0.0,0.0,1.0,0.7271982878942962,0.0,0.0,0.0,0.0,0.0,0.0,0.0,1.0,0.0,0.0,0.0,0.0,0.0,unknown,unknown,unknown_to_unknown,0.0,0.0,0.0,0.0,0.0,0.0,0.0,0,0.7331968611395429
VAR_004672,0.0001826801133663,0.017373417657169,3.273142545608985e-05,3.2237869105070346e-10,0.0001574678078775,0.0201771755054072,4.881820191183166e-05,8.594049507553681e-05,8.553842540565523e-13,1.1177806309774646e-07,0.0001441565728149,2.4080664809746177e-05,2.5902e-05,0.0001319197340097,0.0003968255062272,2.9636018502064165e-05,1.9217837943629886e-06,2.7516064164027107e-15,3.08883312139978e-10,0.0046250940820148,0.0056235041861066,3.007180297713689e-07,5.3270893496204e-05,1.082132121638001e-06,0.0001865702040866,0.0030767176796165,SAS,,,,,,,,,,,,,,,,,,,,,,,,,,,,,,,,,,,,,,,,,,,,,,,,,,,,,,,,,,,,,,,,,,,,,,,,,,,,,,,,,,,,,,,,,,,,,,,,,,,,,,,,,,,,,,,,,,,,,,,,,,,,,,,,,,,,,,,,,,,,,,,,,,,,,,,,,,,,,,,,,,,,,,,,,,,,,,,,,,,,,,,,,,,,,,,,,,,,,,,,,,,,,,,,,,,,,,,,,,,,,,,,,,,,,,,,,,,,,,,,,,,,,,,,,,,,,,,,,,,,,,,,,,,,,,,,,,,,,,,,,,,,,,,,,,,,,,,,,,,,,,,,,,,,,,,,,,,,,,,,,,,,0,0.0,0.0,0.0,1.0,1.0,7.018883705299926,1.3713327618119886,0.7818769495485957,0.10897830042379897,-1.8691571374125457,-3.5180972802729786,1.101035398062903,-0.641013169945691,0.43656146434152476,0.34290389760019696,26.0,26.0,0.0201771755054072,2.7516064164027107e-15,-1.6951396283998181,-14.425782730034554,0.0,1.0,0.0,1.0,676.0,0.0,0.0,1.0,0.0,1,0.0,,,,,,0.0,0.0,0.0,0.0,0.0,0.0,0.0,0.0,0.49993396506752075,0.0,0.0,0.0,0.0,0.0,0.0,0.0,1.0,0.0,0.0,0.0,0.0,0.0,unknown,unknown,unknown_to_unknown,0.0,0.0,0.0,0.0,0.0,0.0,0.0,0,0.7331968611395429
VAR_004649,0.0090886166743327,1.6593755779559893e-07,0.0016632328655698,0.0216489381600192,0.0003868949229897,3.5240327269211826e-07,0.0004221871430116,0.0072402966324638,0.0028582932374645,1.9194724453195604e-09,0.0124358850604578,8.50395116701149e-06,8.917857441144036e-06,0.0010584011919539,0.0004121535519586,0.0042040341903762,0.044223290325764,0.0015075173622567,0.0064539648236983,0.0082408000162133,0.0321644739346885,0.0026071254376394,0.00286646814862,0.0008515348207442,0.0454812990881189,0.015264,gnomADg_EAS,,,,,,,,,,,,,,,,,,,,,,,,,,,,,,,,,,,,,,,,,,,,,,,,,,,,,,,,,,,,,,,,,,,,,,,,,,,,,,,,,,,,,,,,,,,,,,,,,,,,,,,,,,,,,,,,,,,,,,,,,,,,,,,,,,,,,,,,,,,,,,,,,,,,,,,,,,,,,,,,,,,,,,,,,,,,,,,,,,,,,,,,,,,,,,,,,,,,,,,,,,,,,,,,,,,,,,,,,,,,,,,,,,,,,,,,,,,,,,,,,,,,,,,,,,,,,,,,,,,,,,,,,,,,,,,,,,,,,,,,,,,,,,,,,,,,,,,,,,,,,,,,,,,,,,,,,,,,,,,,,,,,0,0.0,0.0,0.0,1.0,1.0,7.018883705299926,1.3713327618119886,0.7818769495485957,0.10897830042379897,-1.8691571374125457,-3.5180972802729786,1.101035398062903,-0.641013169945691,0.43656146434152476,0.34290389760019696,26.0,26.0,0.0454812990881189,1.9194724453195604e-09,-1.3421671389987173,-8.71681789168982,0.0,1.0,0.0,1.0,676.0,0.0,0.0,1.0,0.0,1,0.0,,,,,,0.0,0.0,0.0,0.0,0.0,0.0,0.0,1.0,0.6537936645408499,0.0,0.0,0.0,0.0,0.0,0.0,0.0,1.0,0.0,0.0,0.0,0.0,0.0,unknown,unknown,unknown_to_unknown,0.0,0.0,0.0,0.0,0.0,0.0,0.0,0,0.7331968611395429
VAR_001026,,,,,,,,,,,,,,,,,,,,,,,,,,,,,,,,,,,,,,,,,,,,,,,,,,,,,,,,,,,,,,,,,,,,,,,,,,,,,,,,,,,,,,,,,,,,,,,,,,,,,A/A,A/A,5.687483561252484,5.443081405719567,5.908165827807467,,,,,,,,,,,,,,,,,,,,,,,,,,,,,,,,,,,,,,,,,,,,,,,,,,,,,,,,,,,,,,,,,,,,,,,,,,,,,,,,,,,,,,,A/A,,,,,,,,,,,,,,,,,,,,,,,,,,,,,,,,,,,,,,,,,,,,,,,,,,,,,,,,,,,,,,,,,,,,,,,,,,,,,,,,,,,,,,,,,,,,,,,,,,,,,,,,,,,,,,,,,,,,,,,,,,,,,,,,,,,,,,,,,,,,,,,,,,,,,,,1.0,0.9691160775807836,0.983718094855056,8.859992109269779,0.7235841131962473,11.4159103889319,D,V,1,1.0,1.0,1.0,1.0,0.0,7.9832658475143266,1.110473819360434,0.7581133467456967,0.8939678506860212,-0.051531957628236036,0.3355656458072709,-0.36501707859039345,0.34222455309622,-0.05071508944522977,-0.11988723048277419,0.0,0.0,0.0,,-15.0,-14.698970004336019,0.0,0.0,1.0,0.0,0.0,1.0,0.0,0.0,0.0,1,0.0,101.14487596606753,5.443081405719567,0.983718094855056,-2.555918279662121,1.0,6.0,0.0,6.0,0.0,0.0,0.0,0.0,0.0,0.8215209917795393,0.0,0.0,0.0,0.0,0.0,0.0,0.0,1.0,0.0,0.0,0.0,1.0,0.0,neg_charged,hydrophobic,neg_charged_to_hydrophobic,0.0,0.0,0.0,0.0,0.0,0.0,1.0,0,0.8689988789784081
VAR_003553,0.0308001668164169,0.055672596327634,1.844604766745233e-05,0.0156406266784445,0.0009000175072914,0.0002084553516916,0.0325102320924535,0.0011128098106017,0.0051462568900765,0.08335354671996,0.0001603198421694,0.0060862226724884,0.0009954000000007,0.0006551174805026,0.0027890254407718,0.0007043400000463,6.507129694708986e-05,0.0001859615069251,0.0001178100000001,1.3487472526201664e-06,2.354252829392533e-11,0.0017097940729276,0.001753715064392,0.0010312499163799,0.0003899835777431,0.0017064041602597,gnomADg_FIN,1.0,0.0001797129913575,0.0,1.2057199038245736e-05,0.8091030318535419,7.82158966225431e-08,0.0,8.23249671993862e-10,1.0,0.0008953721390068,0.0,7.15599374219024e-22,1.0,0.000175423278244,1.0,1.0,0.0049165218880711,1.0,0.5868250148124461,2.316888943134817e-08,1.0,1.0,0.0119309982093502,1.0,1.0,0.033228096485762,1.0,0.0,0.0216140082477934,1.0,1.0,0.0004090783287605,1.0,0.0,0.0140443428113728,1.0,0.0,0.0005401621034202,1.0,0.2894519187011036,0.0422489719680993,1.0,1.0,0.0013447963989346,1.0,1.0,0.0558544978181325,1.0,0.0,0.0001099770821173,1.0,0.0,0.0006889057330871,1.0,0.0,0.022770115210899,1.0,1.0,5.790910572886634e-05,0.0,0.0,0.0076186155390296,1.0,0.0,0.0003009596450012,1.0,1.0,0.0011344403312252,1.0,AllofUs_EUR,1.0,0.0022387991885365,1.0,./.,./.,5.081683979344483,-2.950054215768447,-2.3919202854145087,0.0,0.0067977849169995,1.0,1.0,0.0033218173712673,1.0,1.0,0.0010270070967286,1.0,1.0,0.0437744951563302,1.0,0.0,0.0009129735523435,1.0,1.0,0.0009360019928598,1.0,0.0,3.399727747745059e-05,1.0,0.0,0.002342420133239,1.0,0.0,0.0001606029861678,1.0,1.0,0.0433633312705891,1.0,0.4406654669376346,0.0010377157881969,1.0,1.0,0.0008825480449918,1.0,1.0,7.640003654584788e-05,1.0,0.0,3.6612002084971045e-05,1.0,1.0,0.00053595,1.0,1.0,0.0013740075062318,1.0,1.0,0.0223017095764004,1.0,1.0,0.0002727227850546,1.0,0.0,0.0001697621451283,1.0,1.0,0.0001364244772901,1.0,0.0,0.0024327277968251,1.0,1.0,0.0009864001282198,1.0,1.0,0.0005597786897461,1.0,1.0,1.4688885938268762e-05,1.0,0.0,0.00016398,1.0,0.0,9.540000000015783e-05,1.0,1.0,0.0649767930774413,1.0,1.0,0.0004795087551796,1.0,0.0,0.0005032748709153,./.,0.0024556354727726,0.0,0.0007935282001541,0.0,0.0001521909425767,1.0,1.0,1.0,0.0005359823598659,1.0,0.0,1.0,0.0,0.0004692780535407,1.0,0.0,0.0,7.72723654701895e-06,1.0,1.0,1.0,0.0018035105473077,1.0,1.0,0.0,0.003051185627351,1.0,1.0,1.0,0.0021197458333877,1.0,1.0,0.0,0.0006790392779172,1.0,0.0,0.0,,0.0,0.0012181530532104,0.0,0.0002446572153944,1.0,0.0,0.0,3.061845e-05,1.0,0.0,1.0,0.0,3.016593990655644e-06,1.0,1.0,1.0,0.009748417631418,1.0,1.0,0.0,0.0015135517416179,1.0,1.0,0.0,0.0011076282262009,1.0,1.0,1.0,0.0010783300757318,1.0,0.0,1.0,0.0013553273882993,1.0,1.0,1.0,0.0,0.0315357469666188,0.0,0.0001221857268402,1.0,0.0,0.0,0.0002294069821242,1.0,0.0,1.0,0.0,1.1104623580193246e-12,1.0,1.0,0.0,0.0067756078700031,1.0,1.0,1.0,0.0014368265981505,1.0,0.0,1.0,0.05598652298335,1.0,0.0,1.0,0.0011305592002011,1.0,0.0,1.0,0.0007465566493735,1.0,1.0,0.0,1.0,0.0008780341023561,0.0,0.0069017090972671,1.0,0.0,0.0,0.0206472510756546,1.0,1.0,0.0,0.0002131818620678,1.0,0.0,1.0,0.0,5.046362956929869e-05,1.0,0.0,0.0,8.584143940316632e-08,1.0,1.0,1.0,0.0014013360000014,1.0,1.0,1.0,0.001008657,1.0,1.0,1.0,0.045306596798878,0.0,0.0,0.0,0.0830101619954652,1.0,1.0,1.0,0.0,0.0260936253643021,0.0,-0.5187375024486119,-1.0757553109078022,-0.212027997238882,S,R,0,0.0,0.0,0.0,0.0,0.0,-9.939737301468613,1.6424272069225767,-0.1529206172059051,0.6463070456984708,-1.168225399097953,-1.7654010083555487,-2.2843854086041286,-0.7466972971602102,0.05380214476563621,-0.049478246439440134,26.0,333.0,0.08335354671996,2.354252829392533e-11,-1.0790759160742858,-10.628128452123088,1.0,1.0,0.0,1.0,676.0,0.0,0.0,1.0,89.0,103,0.8640776699029126,0.10998687373687883,-0.0,0.0,-0.30670950520972995,0.0260936253643021,0.0,5.0,-5.0,0.0,0.0,0.0,0.0,1.0,0.6718110286591608,0.0,0.0,0.0,1.0,0.0,0.0,0.0,0.0,0.0,0.0,0.0,1.0,1.0,polar,pos_charged,polar_to_pos_charged,0.0,0.0,0.0,1.0,0.0,0.0,1.0,0,0.8332845932641224
VAR_001267,,,,,,,0.0023207446398742,2.141833714778153e-08,1.0134470731733234e-06,3.5810412662183173e-06,0.0173681136114959,8.195368790667131e-09,2.0144266227569337e-05,0.0079090491177936,0.0479104611908721,,,,,,,,,,,8.116207437080491e-07,gnomADe_NFE,,,,,,,,,,,,,0.0,0.0001178910247251,1.0,1.0,5.972814913144162e-05,1.0,0.0,0.0004097653700527,1.0,0.0,7.564766285581038e-05,1.0,0.0,1.2808935596982413e-17,1.0,0.0,4.430987845542015e-05,1.0,0.0,6.722897557798629e-07,1.0,1.0,4.957953563410171e-15,1.0,0.0,0.0633164365396972,1.0,0.0,0.0003459169487048,1.0,1.0,5.017680316878891e-06,1.0,0.0,1.588876324639133e-05,1.0,,,,,,,,,,,,,,,,,,,,,,,,,,C/C,C/C,5.925923420071774,5.872687495032095,6.412443185296623,,,,,,,,,,,,,,,,,,,,,,,,,,,,,,,,,,,,,,,,,,,,,,,,,,,,,,,,,,,,,,,,,,,,,,,,,,,,,,,,,,,,,1.0,0.0405757742201699,C/C,0.0004982274340163,,,,,,,,,,,,,,,,,,,,,,,,,,,,,,,,,,,,,,,,,,,,,,,,,,,,,,,,,,,,,,,,,,,,,,,,,,,,,,,,,,,,,,,,,,,,,,,,,,,,,,,,,,,,,,0.0,0.0117375596701448,0.0,0.0036962456292484,1.0,1.0,1.0,0.0023661887344774,1.0,0.0,0.0,0.0093608233282791,1.0,1.0,1.0,1.0,6.789834738917269e-05,1.0,0.0,1.0,0.002155012205074,1.0,1.0,1.0,4.504636638833873e-09,1.0,0.0,1.0,0.0009351406007094,1.0,1.0,0.0,0.0005264364856343,1.0,1.0,0.0,2.9664125321381434e-10,1.0,0.0,0.0,0.994692755498662,0.9748874570645534,0.910579965908142,5.663621108420719,0.6037698051498943,7.338870468699723,T,K,0,1.0,0.0,1.0,1.0,0.0,3.3139897816379342,-0.0975008594841702,-3.5352013197547754,-5.665929203079009,1.3222690231212235,-0.28746730477680194,-0.1834257229917866,-0.6081986721790155,-0.33915941819476436,-1.0558922947968277,10.0,89.0,0.0479104611908721,8.195368790667131e-09,-1.3195696485597785,-8.086431445458595,0.0,1.0,0.0,0.0,100.0,0.0,1.0,0.0,19.0,25,0.76,41.5645816984932,5.84151970661601,0.9057472953910475,-1.675249360279004,0.994692755498662,6.0,0.0,6.0,0.0,0.0,1.0,1.0,0.0,0.8264378219714592,0.0,0.0,0.0,0.0,0.0,0.0,0.0,1.0,0.0,0.0,0.0,1.0,0.0,polar,pos_charged,polar_to_pos_charged,0.0,0.0,0.0,0.0,0.0,0.0,1.0,0,0.7016825584944962
VAR_000551,0.0046800000000523,0.0007307114641824,0.0122140049535067,0.0266449003738325,0.0027001705811232,0.0044639712897071,0.0009238592417928,0.0108307258473146,0.0307952295276863,0.0311730882818074,0.01008,0.001185300000002,9.129521903326684e-05,0.0011008801717294,0.0017474487128307,0.001872900023673,0.0009689728121311,1.6448609457408716e-15,0.0141532639500762,0.0008052003322571,0.0095957372146971,0.0017784634059642,6.72800961255817e-05,0.0008523,0.0011230993091631,0.0132662318283931,gnomADe_AMR,0.0,0.004681234592414,0.0,0.0022099279880775,1.0,0.011671487976256,0.0,0.0107142857191071,1.0,0.0026841022615805,0.0,0.0009800184938757,0.0,0.0024138887935276,1.0,0.0,0.0003478260885533,1.0,0.3646493946068242,1.5015488702932998e-08,1.0,1.0,0.0103991596638654,1.0,1.0,0.0923649753134705,1.0,1.0,0.0001731410176185,1.0,1.0,0.0032383846939613,1.0,1.0,0.0109968971309948,1.0,0.0,0.0026475935288113,1.0,1.0,0.0082174592096536,1.0,1.0,0.0003966238384906,1.0,1.0,0.0271784445221039,1.0,0.0,0.0001000800069536,1.0,1.0,0.0021822897059786,1.0,1.0,0.0106469207459844,1.0,1.0,0.0069479356738948,1.0,0.0,0.0001755950853083,1.0,1.0,0.0022257000001067,1.0,1.0,0.0146098870766331,1.0,AllofUs_AMR,0.0,1.443302192485934e-09,1.0,C/C,C/C,5.455426082707811,4.327331050916748,3.5059344549110745,0.0,0.0006386963280136,1.0,0.0,0.0021158395735686,1.0,0.0,0.0003108678958871,1.0,0.0,0.0002840553135528,1.0,0.0,0.0772562064168873,1.0,0.0,0.001505681559784,1.0,1.0,0.019672753949927,1.0,0.0,0.0006455700251929,1.0,1.0,0.0009981450298712,1.0,1.0,0.015939879434134,1.0,0.0,0.0022748743996625,1.0,1.0,0.0001285566565885,1.0,0.0,0.0004164678405759,1.0,1.0,0.0197686809507819,1.0,1.0,0.0009441000005411,1.0,1.0,0.0001589359148384,1.0,1.0,0.0014005357878864,1.0,1.0,0.0007163864294238,1.0,1.0,0.0515219356784396,1.0,0.0,0.0005716800000233,1.0,1.0,0.0162011880396641,1.0,1.0,0.0018927000000153,1.0,1.0,0.0047936466339011,1.0,1.0,0.0886334424607541,1.0,1.0,0.0084573000004297,1.0,0.0,0.0003410100000024,1.0,1.0,0.0420337222852169,1.0,1.0,0.0182407652320266,1.0,1.0,0.002267968373929,C/C,0.0162450000442495,0.0,0.0034136198478572,1.0,0.0047594959259874,1.0,1.0,1.0,0.0139587375783324,1.0,1.0,1.0,0.0,0.0716745740040472,1.0,0.0,1.0,0.0049998893058936,1.0,0.0,0.0,0.0015151569353176,1.0,0.0,1.0,0.0001905165000307,1.0,0.0,1.0,0.0264797169623297,1.0,1.0,1.0,0.0007030638614752,1.0,0.0,0.0,,1.0,0.0683474581679685,1.0,0.0568433206911561,1.0,0.0,1.0,0.0385794589514027,1.0,0.0,1.0,0.0,0.0006960492641069,1.0,0.0,0.0,0.0089469945804634,1.0,1.0,1.0,0.0013689720000049,1.0,0.0,0.0,0.0001657530707221,1.0,1.0,1.0,0.013447395011376,1.0,0.0,0.0,0.001050349951911,1.0,1.0,1.0,1.0,0.0028084861179069,1.0,0.0002028546,1.0,1.0,1.0,0.0705101649510274,1.0,1.0,1.0,1.0,0.0008137544521053,1.0,0.0,1.0,0.0072297878453683,1.0,0.0,1.0,0.0042668766393549,1.0,1.0,0.0,0.0002717052435689,1.0,0.0,1.0,0.013113472250631,1.0,0.0,1.0,0.0327500329103092,1.0,1.0,1.0,1.0,0.0086285986030898,1.0,0.0459905645040654,1.0,0.0,1.0,0.0001320214904477,1.0,0.0,1.0,0.0130152916945029,1.0,0.0,1.0,1.0,0.0004020613540452,1.0,0.0,1.0,0.0104264617488343,1.0,0.0,1.0,0.0012876405020091,1.0,1.0,1.0,8.96444050733801e-05,1.0,0.0,0.0,0.0141543941935952,1.0,0.0,1.0,0.0011114498934887,1.0,1.0,0.0,1.0,1.0,0.9401209102162718,2.371391049397727,0.629625033130489,1.2809865225104593,T,M,0,0.0,0.0,0.0,0.0,0.0,-9.939737301468613,1.6424272069225767,-0.1529206172059051,0.6463070456984708,-1.168225399097953,-1.7654010083555487,-2.2843854086041286,-0.7466972971602102,0.05380214476563621,-0.049478246439440134,26.0,333.0,0.0311730882818074,1.6448609457408716e-15,-1.506220170539682,-14.577597156175079,0.0,1.0,0.0,1.0,676.0,0.0,0.0,1.0,91.0,103,0.883495145631068,3.037719973880423,4.327331050916748,0.9401209102162718,1.0904045268872675,1.0,4.0,1.0,3.0,0.0,0.0,0.0,1.0,0.0,0.7230454294937407,0.0,1.0,0.0,0.0,0.0,0.0,0.0,0.0,0.0,0.0,0.0,1.0,0.0,polar,hydrophobic,polar_to_hydrophobic,0.0,0.0,0.0,0.0,0.0,0.0,1.0,0,0.7291240191061071
VAR_001113,0.0358236989802597,0.0966792948368628,0.0555228083478229,0.001857187258436,6.843099527295446e-06,1.0120922990735771e-05,0.0019755000423623,0.070488006804548,0.003078900558375,3.6269373591268803e-07,0.0032294366180714,1.1078823361488662e-08,0.0013462778120814,0.0040483206061403,0.0001918039713184,0.0195570000000006,0.0681931057954033,7.3703902820793425e-09,0.007104893946356,0.0036411477305407,0.0323777421018112,0.0245735301496694,0.0001600466767908,0.0738525190407148,0.0093031895795831,0.0966602446618331,AFR,1.0,0.0283583861127286,1.0,0.0966717095359504,1.0,0.0129879488494062,1.0,0.0252234596898018,0.0,1.652955386168246e-06,1.0,0.0008593384117874,1.0,0.0659551677291265,1.0,1.0,0.0678269422266729,1.0,1.0,0.0773447151114056,1.0,0.0,1.3623377591555296e-10,1.0,1.0,0.0176414843822627,1.0,0.0,0.0002175968311474,1.0,1.0,0.02226100151764,1.0,1.0,0.0576004482856166,1.0,1.0,0.005222359881448,1.0,1.0,5.6831413097652434e-27,1.0,0.0,0.0003310124137186,1.0,1.0,0.0241426032596679,1.0,1.0,0.0692732897314969,1.0,1.0,0.0173610000069662,1.0,1.0,0.0065053222263038,1.0,1.0,6.558177135020412e-11,0.0,0.0,0.0001998440110137,1.0,1.0,0.015732000044118,1.0,1.0,0.0696567768468635,1.0,AllofUs_AFR,0.0,0.000193501862669,1.0,C/C,C/C,5.420799011828118,4.92278515311845,,1.0,0.0963427941637143,1.0,1.0,0.0051146289793868,1.0,1.0,0.0416232925972765,1.0,0.0,0.0033240340402972,1.0,0.0,0.0005162411415363,1.0,0.0,0.0005654700515584,1.0,1.0,0.0026183731681895,1.0,1.0,0.0008318700000001,1.0,1.0,0.055341,1.0,0.0,0.0021254867789869,1.0,1.0,0.0471604922998875,1.0,0.0,0.0004841431203662,1.0,1.0,0.1274238074702249,1.0,1.0,0.0022572,1.0,1.0,0.0005116500150478,1.0,1.0,0.0015200593988135,1.0,1.0,0.0007665302423686,1.0,1.0,0.0063167559472786,1.0,0.0,0.0022572,1.0,1.0,0.0730812892234985,1.0,1.0,0.0013676383445528,1.0,0.0,0.0003597930343013,1.0,1.0,0.0012150000000584,1.0,0.0,0.0019324748160316,1.0,1.0,0.0049617005483264,1.0,1.0,0.0681293703863718,1.0,1.0,0.0046271513624633,1.0,1.0,0.065790040173301,1.0,1.0,0.0222339356428979,C/C,0.0966600000016349,1.0,0.0054778457960684,1.0,0.0740156420742707,1.0,1.0,1.0,0.002959512142689,1.0,0.0,1.0,0.0,0.0033290618915206,1.0,0.1789859077886188,1.0,1.1286148483370322e-10,1.0,0.0,0.0,0.0733043883806805,1.0,1.0,1.0,0.0002643252102244,1.0,0.0,1.0,0.0740227349831279,1.0,0.0,0.0,8.019033277215945e-13,1.0,0.0,0.0,,1.0,0.0049685629653698,1.0,0.0714596913778569,1.0,1.0,0.0,0.0027193433479199,1.0,1.0,1.0,1.0,0.0025636195776261,1.0,0.0,0.0,0.0001521602879792,1.0,1.0,0.0,6.043457562184496e-06,1.0,1.0,0.0,0.0001580796000213,1.0,0.0,1.0,0.0714564000064642,1.0,1.0,1.0,8.921657099914632e-05,1.0,1.0,1.0,1.0,0.0060180629355076,1.0,0.07104969000932,1.0,1.0,0.0,0.0023890680071968,1.0,1.0,1.0,1.0,0.0878638397121374,1.0,0.8275582422431705,0.0,8.509699729954496e-29,1.0,0.0,0.011919035542529,0.0079932141223317,1.0,0.0,1.0,0.0001709003891459,1.0,1.0,1.0,0.0779374894718981,1.0,1.0,1.0,0.0068731859036187,1.0,0.0,1.0,1.0,0.003660717521009,1.0,0.0705284482696504,1.0,1.0,1.0,1.942437269610917e-05,1.0,0.0,0.0,0.0097567308389908,1.0,0.0,1.0,0.0,7.745629522056987e-06,1.0,0.0,0.0,0.0180378371335313,1.0,0.0,0.0,7.560444244923965e-09,1.0,0.0,1.0,0.0001136421000002,1.0,0.0,1.0,0.0692197436219634,1.0,0.0,1.0,0.0001580922004425,1.0,1.0,1.0,0.9491241218991164,0.9605337480439208,0.984738112314742,7.220991604229161,0.5424332779054494,7.8992077468916335,H,Y,0,0.0,0.0,0.0,0.0,1.0,-9.939737301468613,1.6424272069225767,-0.1529206172059051,0.6463070456984708,-1.168225399097953,-1.7654010083555487,-2.2843854086041286,-0.7466972971602102,0.05380214476563621,-0.049478246439440134,26.0,333.0,0.0966792948368628,7.3703902820793425e-09,-1.014666525926528,-8.132509455541607,1.0,1.0,0.0,1.0,676.0,0.0,0.0,1.0,96.0,103,0.9320388349514563,57.04011282036643,4.672334135751556,0.934638696151323,-0.6782161426624729,0.984738112314742,5.0,0.0,5.0,0.0,1.0,0.0,0.0,0.0,0.3625923718042449,1.0,0.0,0.0,0.0,0.0,0.0,0.0,0.0,0.0,0.0,0.0,1.0,0.0,pos_charged,hydrophobic,pos_charged_to_hydrophobic,0.0,0.0,0.0,0.0,0.0,0.0,1.0,0,0.6666141773613626
VAR_004567,,,,,,,0.0004401319598228,3.227388917172131e-06,4.031569997841118e-05,1.3285811644770844e-09,0.0020791908249352,0.0238740684069985,0.0235763471932532,2.008000992108973e-07,2.320025850352791e-05,,,,,,,,,,,4.026293448126802e-05,gnomADe_AMR,,,,,,,,,,,,,1.0,0.0215884110906887,1.0,0.0,0.0005107616357344,1.0,0.0,0.0069748027105695,1.0,0.0,4.547179987938529e-15,1.0,1.0,0.0003594009798956,1.0,0.0,9.439734296412468e-05,1.0,0.0,0.0398019283475769,1.0,1.0,0.0001512454038532,1.0,0.0,0.0023114337500179,1.0,1.0,2.196211642446524e-07,1.0,1.0,0.0496657767938364,1.0,0.0,0.0001118794525267,1.0,0.0,1.776520295919682e-06,1.0,1.0,9.171002396930152e-06,1.0,0.0,5.628430308954184e-05,1.0,1.0,4.560410068230554e-10,0.0,0.0,3.8382336328007417e-07,0.0,0.0,0.0034991913087417,1.0,1.0,0.0006080101144151,1.0,AllofUs_AMR,1.0,0.0001165892093709,1.0,G/G,G/G,5.811800763279405,5.74071855930325,,1.0,0.0022772917893861,1.0,0.0,7.1172008218453394e-06,1.0,0.0,0.0346664673629048,1.0,1.0,6.542040403754494e-06,1.0,0.0,0.0183849459288457,1.0,1.0,9.684439974989176e-06,1.0,1.0,0.0154540728483227,1.0,1.0,7.681627157624158e-06,1.0,0.0,2.2872708782067016e-06,1.0,1.0,1.8990000000000003e-05,1.0,1.0,0.0600578496974723,1.0,0.0,0.0019227689186081,1.0,0.0,0.000441767663785,1.0,1.0,0.0235795446685705,1.0,1.0,0.009033596100749,1.0,1.0,6.138891601474455e-05,1.0,0.0,0.000133289861589,1.0,1.0,1.773005718604564e-05,1.0,1.0,0.0707807342561929,1.0,0.0,0.0006095406569668,1.0,1.0,4.725263747329128e-06,1.0,1.0,1.8597383715943657e-06,1.0,1.0,0.0016092477848068,1.0,1.0,1.3868313440216713e-21,1.0,1.0,2.4723894034109308e-05,1.0,1.0,5.545986228284286e-21,1.0,1.0,4.1961614113760726e-05,1.0,0.0,0.0007219641763594,1.0,,,G/G,0.0003617114363994,1.0,1.6458484557223658e-05,1.0,0.0063592690498834,1.0,1.0,0.0,0.0225533034811097,1.0,0.0,1.0,1.0,0.0298763744367913,1.0,1.0,1.0,0.0007829042469417,1.0,0.0,1.0,0.0010780166132444,1.0,1.0,0.0,0.0032978254657245,1.0,1.0,0.0,5.262543010876773e-05,1.0,0.0,1.0,4.551301993994178e-05,1.0,0.0,1.0,,1.0,1.900242000045625e-05,0.0,3.535506534581117e-09,1.0,1.0,0.0,5.2558194349361285e-05,1.0,1.0,1.0,0.0,8.019543045993562e-07,1.0,0.0,1.0,9.116233279265942e-06,1.0,0.0,1.0,3.711899200208841e-10,1.0,1.0,0.0,0.000748442194955,1.0,1.0,0.0,0.0023808773263754,1.0,0.0,1.0,1.0777912818222645e-07,1.0,0.0,0.0,0.0,2.163456303996148e-05,1.0,0.0101058016764059,1.0,0.0,0.0,0.0764377597837735,1.0,1.0,1.0,1.0,0.004096533875844,1.0,0.8348049720689078,0.0,3.938756260632656e-07,1.0,1.0,0.0,4.45406633213143e-08,1.0,1.0,0.0,0.007763538291302,1.0,0.0,0.0,0.0965707120694017,1.0,0.0,0.0,0.0004403533864181,1.0,0.0,0.0,1.0,3.904937679428704e-06,0.0,0.000315261739925,1.0,0.0,0.0,8.710364546704206e-05,1.0,1.0,0.0,3.423225784979877e-05,1.0,0.0,1.0,1.0,2.8775292472079404e-05,1.0,1.0,0.0,0.004535080180215,1.0,0.0,0.0,4.388173177060152e-12,1.0,0.0,1.0,0.0364762007891365,1.0,1.0,1.0,0.0001360325850749,1.0,1.0,0.0,1.1103791480853125e-06,1.0,1.0,1.0,0.9944301730279512,0.9621883273795314,0.9983654313079042,6.919669924953483,0.5618872744186255,11.4645918420179,A,E,1,1.0,0.0,1.0,1.0,1.0,-9.149826901356347,1.065670509304085,0.24455906147885142,0.2856168661994799,0.856745502651012,2.358197341717915,0.13402254045329665,-1.119645961399626,-0.7742089924721245,0.8444572037540777,10.0,303.0,0.0238740684069985,1.3285811644770844e-09,-1.6220735660727224,-8.876611582032341,0.0,1.0,0.0,0.0,100.0,0.0,1.0,0.0,88.0,102,0.8627450980392157,79.33119137107832,5.708743750232702,0.9928047086006444,-4.544921917064416,0.9983654313079042,5.0,0.0,5.0,0.0,0.0,0.0,1.0,0.0,0.7230454294937407,0.0,1.0,0.0,0.0,0.0,0.0,0.0,0.0,0.0,0.0,0.0,1.0,0.0,polar,neg_charged,polar_to_neg_charged,0.0,0.0,0.0,0.0,0.0,0.0,1.0,0,0.7254099183173781
VAR_004532,,,,,,,0.0289372065122221,0.0794109487756069,2.115716569293409e-12,0.0001039907491371,1.7622760725716933e-07,1.6948535493892436e-09,8.100139595187068e-07,0.0001431019905593,4.4309845873864434e-08,,,,,,,,,,,0.0868133325784929,gnomADe_NFE,,,,,,,,,,,,,0.0,2.241072391825957e-16,1.0,1.0,7.815645726520742e-09,1.0,1.0,2.988576737361486e-20,1.0,1.0,3.833147044971791e-06,1.0,1.0,0.0760391060261096,1.0,0.0,2.657621922312052e-07,1.0,1.0,0.0015067403291815,1.0,1.0,1.018558566822579e-12,1.0,0.0,0.0002816524947122,1.0,0.0,0.000114165831204,1.0,1.0,0.0001339644164279,1.0,0.0,0.0310936812341495,1.0,,,,,,,,,,,,,,,,,,,,,,,,,,G/G,G/G,4.984635005976532,4.084091921698186,2.7310654140908115,,,,,,,,,,,,,,,,,,,,,,,,,,,,,,,,,,,,,,,,,,,,,,,,,,,,,,,,,,,,,,,,,,,,,,,,,,,,,,,,,,,,,,,G/G,7.626653512366839e-07,,,,,,,,,,,,,,,,,,,,,,,,,,,,,,,,,,,,,,,,,,,,,,,,,,,,,,,,,,,,,,,,,,,,,,,,,,,,,,,,,,,,,,,,,,,,,,,,,,,,,,,,,,,,,,0.0,0.0067285606593022,1.0,4.316716609683236e-09,1.0,1.0,1.0,1.7783636766531215e-09,1.0,1.0,1.0,0.0001289396524996,1.0,1.0,1.0,0.0,4.7196708676009785e-06,1.0,0.0,0.0,7.68671274175202e-08,1.0,1.0,0.0,0.0710733577288222,1.0,1.0,0.0,1.0379981143352414e-06,1.0,1.0,1.0,7.626917028700767e-07,1.0,0.0,0.0,0.021728415853075,1.0,1.0,1.0,0.99764478470704,1.0,1.0,3.1748871239672214,0.6363964471154523,7.5064200273613935,Q,*,1,1.0,0.0,1.0,1.0,0.0,3.411658129697118,-0.12737649226447534,-3.430824801028968,-5.675704178267515,1.4174995725894037,-0.18420811878633225,-0.16152074686374762,-0.7523660030655939,-0.174504134672976,0.29827626130276047,10.0,87.0,0.0868133325784929,2.115716569293409e-12,-1.0614135718209814,-11.67433729060251,1.0,1.0,0.0,0.0,100.0,0.0,1.0,0.0,20.0,24,0.8333333333333334,23.832036291959366,4.0744730059463485,0.99764478470704,-4.331532903394172,1.0,5.0,0.0,5.0,0.0,0.0,1.0,1.0,0.0,0.8264378219714592,0.0,0.0,0.0,0.0,0.0,0.0,0.0,1.0,0.0,0.0,0.0,1.0,0.0,polar,polar,polar_to_polar,0.0,0.0,0.0,0.0,0.0,0.0,0.0,0,0.7331968611395429
VAR_001106,,,,,,,1.2340920948036333e-05,0.0005452606497044,0.0338638109390324,2.5147781861893787e-06,0.0060026631045854,0.0037557261700405,0.022624819262641,4.710265394300979e-05,0.0664209249082974,0.0002762896161903,2.600306583240226e-05,1.1610119332560856e-05,3.0067209984272044e-11,0.0009088984580339,1.830983510407349e-06,0.0477062123762083,4.107934210640418e-07,1.180438496772978e-07,0.0002303891579729,0.0592606786432395,gnomADe_SAS,,,,,,,,,,,,,1.0,6.68976695308811e-05,1.0,0.0,5.008181089081962e-05,1.0,1.0,1.2265570861738256e-11,1.0,1.0,0.0002495725176234,1.0,0.0,9.290229529298778e-09,1.0,1.0,7.249340985482146e-06,1.0,0.9196066309565148,2.631603340556681e-09,1.0,0.0,2.434097654983689e-11,1.0,0.0,0.0048296065137752,1.0,1.0,2.339839167684696e-05,1.0,1.0,4.484640870757512e-17,1.0,0.0,0.0003427754850616,1.0,,,,,,,,,,,,,,,,,,,,,,,,,,C/C,C/C,5.829867053390841,5.110132284663946,,1.0,0.0017582960134548,1.0,0.0,2.1946861480862595e-05,1.0,0.0,4.371520929572391e-06,1.0,1.0,0.002011789730129,1.0,1.0,3.941372880032316e-06,1.0,0.0,4.276908911165105e-06,1.0,1.0,0.0001217239519244,1.0,0.0,0.0536681753725691,1.0,0.0,3.055845092499738e-15,1.0,0.0,0.0006631490315805,1.0,0.0,1.502785690940055e-05,1.0,1.0,0.0106445020937836,1.0,0.0,0.0358015972491924,1.0,0.0,0.0004554692367117,1.0,1.0,2.519108605540142e-05,1.0,1.0,2.5148466612654248e-06,1.0,0.0,0.0006099098611227,1.0,1.0,3.0350010059541126e-06,1.0,0.0,0.0719319557937556,1.0,0.0,0.0025352577716769,1.0,1.0,0.0489611925831555,1.0,0.0,8.950728835141654e-05,1.0,1.0,4.564965763375314e-05,1.0,0.0,0.000123676738491,1.0,0.0,1.6793668473562055e-10,1.0,1.0,8.065640969248728e-11,1.0,0.0,0.0003465800187,1.0,1.0,0.0409484249540265,1.0,0.0,3.4002039896935904e-06,C/C,0.0796799081173359,0.0,0.0002150558551377,0.0,0.0001256283000536,1.0,1.0,1.0,6.488914196913847e-06,1.0,1.0,1.0,1.0,0.0252234079277794,1.0,1.0,0.0,0.0126349692981468,1.0,0.0,0.0,0.0444778948476,1.0,1.0,0.0,6.013785655389676e-07,1.0,1.0,0.0,0.0454489218064161,1.0,0.0,0.0,0.0426628620368639,1.0,1.0,0.0,,1.0,0.0776966524899747,1.0,0.0013081866132091,1.0,1.0,0.0,2.1597759034911816e-16,1.0,0.0,1.0,0.0,0.0008814658103624,1.0,1.0,0.0,4.39453365783138e-07,1.0,1.0,1.0,1.9540935623633977e-06,1.0,0.0,0.0,0.0001116382885574,1.0,0.0,1.0,0.027084951791974,1.0,0.0,0.0,0.0174636009744046,1.0,1.0,0.0,0.0,1.753696417663738e-05,1.0,5.557607341680006e-05,1.0,0.0,0.0,8.440825081286163e-11,1.0,1.0,1.0,0.0,6.781387600867518e-13,1.0,0.0,1.0,0.0542706963151621,1.0,1.0,1.0,0.0355849825205249,1.0,0.0,0.0,2.0343869126975303e-16,1.0,0.0,0.0,9.150226856455332e-05,1.0,1.0,1.0,0.0001004450013686,1.0,1.0,0.0,0.0,0.0003202680940926,1.0,1.2019239368020118e-05,1.0,0.0,1.0,0.0050813261961138,1.0,0.0,1.0,2.149284428280612e-06,1.0,1.0,1.0,0.0,4.5786384591266645e-11,1.0,1.0,0.0,1.057925067115688e-09,1.0,0.0,1.0,0.0003683821683999,1.0,1.0,0.0,3.050874e-06,1.0,0.0,0.0,0.0064051294270088,1.0,0.0,0.0,0.0094612170709079,1.0,0.0,1.0,0.9786830249109326,0.9822395184569408,1.0,5.09035083461921,0.6382093559664385,6.272011397353139,R,W,1,1.0,0.0,0.0,1.0,1.0,-8.363356813275722,1.3936644808422862,0.537106578230363,0.06016231779068659,3.684408486154925,-2.1025432637324837,0.9977244319999818,1.1190454787810744,-0.7511752200668553,-0.2757039966044077,20.0,291.0,0.0664209249082974,3.0067209984272044e-11,-1.1776950811650118,-10.521892425477553,1.0,1.0,0.0,1.0,400.0,0.0,0.0,0.0,76.0,94,0.8085106382978723,31.926738451257748,5.001199722049925,0.9786830249109326,-1.1816605627339287,1.0,4.0,0.0,4.0,0.0,0.0,0.0,1.0,0.0,0.7328486700971664,0.0,0.0,0.0,0.0,0.0,0.0,0.0,1.0,0.0,0.0,0.0,1.0,0.0,pos_charged,hydrophobic,pos_charged_to_hydrophobic,0.0,0.0,0.0,1.0,0.0,0.0,1.0,-3,0.8760508796332747
VAR_001073,0.0017686993795166,0.0007200022415618,0.0028358755132557,0.0045006615012239,9.188147323366543e-06,1.606984165216189e-07,0.0007656718830344,0.00010755,2.0124130505581228e-05,3.64258770597513e-21,0.0017120182443355,0.0100660636986478,0.0063918034455202,6.137293371803145e-05,0.0001811419963366,0.0001005074777212,0.000700555453439,1.2309225837230475e-10,0.0023345834959086,4.330669191204395e-07,0.0024273,0.0265210307110119,2.5560417413043186e-23,2.478474876839245e-10,6.657985801798121e-24,0.0091270692290885,EAS,0.0,0.0098779319126893,1.0,0.0008237210515258,0.0,0.0690924799550895,1.0,0.0045186199793636,0.0,0.0003019774658417,1.0,2.313974615694308e-12,0.0,3.57073093258267e-05,1.0,1.0,0.0004824538472267,1.0,0.0,0.0001131128470725,1.0,1.0,0.0037805994122593,1.0,1.0,0.0062402539032684,1.0,0.0,0.0008111473302926,1.0,1.0,0.0098866854456407,1.0,1.0,9.35802075667744e-05,1.0,1.0,0.062702769591911,1.0,0.0,2.3566194121111254e-11,1.0,0.0,0.0001375082269075,1.0,1.0,0.0001320929796982,1.0,1.0,5.634999195598507e-05,1.0,1.0,0.0008347347336245,1.0,1.0,0.0734832201944692,1.0,1.0,0.0016749157084837,1.0,1.0,4.7099901193863353e-05,1.0,0.0,0.0009112367995461,1.0,1.0,0.0017329049292916,1.0,AllofUs_EAS,1.0,0.0016853147983864,0.0,C/C,C/C,5.595222324186167,5.239838322739683,4.582798195271655,0.0,0.0007794247620184,1.0,1.0,4.262177527525251e-05,1.0,1.0,1.5939362308774658e-05,1.0,1.0,0.0003389405568865,1.0,0.0,2.3910159024619136e-05,1.0,0.0,0.0011440569739942,1.0,1.0,0.0009586436139625,1.0,0.0,1.888200011682476e-05,1.0,1.0,0.0002779445312382,1.0,1.0,0.00026919,1.0,1.0,0.0085923715796679,1.0,1.0,0.0222172054704402,1.0,0.0,0.0026286528941692,1.0,0.0,0.0008210858832187,1.0,0.0,7.96170281485592e-05,1.0,0.0,0.0002375691673916,1.0,1.0,9.630479350063262e-05,1.0,0.0,0.0014873557933083,1.0,0.0,2.2374021661395266e-05,1.0,0.0,0.0003934201078973,1.0,0.0,9.86401051255468e-06,1.0,1.0,0.0162724426566501,1.0,1.0,0.0219821167719941,1.0,1.0,0.0022023,1.0,1.0,1.99800127585183e-05,1.0,0.8075817909366545,0.000271722102244,1.0,0.0,8.924128147320422e-05,1.0,0.0,0.0025738774773394,1.0,1.0,0.0002994273817105,C/C,0.004464,0.0,0.0006996308150484,1.0,0.0002100295762959,1.0,0.0,0.0,0.0009168022091972,1.0,0.0,1.0,1.0,9.05955049798138e-08,1.0,0.0,1.0,0.0021987401176185,1.0,0.0,1.0,0.0011962543523307,1.0,1.0,1.0,0.000797656848983,1.0,1.0,0.0,0.0021932059710458,1.0,1.0,1.0,0.0002391441086639,1.0,1.0,0.0,,1.0,0.0001634861026697,1.0,0.0017612741661044,1.0,0.0,0.0,0.0133461625440623,1.0,1.0,1.0,1.0,0.0005261761822506,1.0,0.0,0.0,0.0018368091826526,1.0,0.0,1.0,1.6408130588262527e-07,1.0,0.0,0.0,2.632194e-05,1.0,1.0,0.0,0.001834866343139,1.0,1.0,0.0,0.0050876890393649,1.0,0.0,1.0,0.0,0.000206880621284,0.6185418544637427,5.54941549042468e-05,1.0,1.0,1.0,2.9493360521547224e-05,1.0,1.0,1.0,1.0,0.0059120678699039,1.0,0.0,0.0,0.0022194013839148,1.0,1.0,0.0,2.4757005959100503e-05,1.0,1.0,1.0,0.0001765569547324,1.0,1.0,0.0,0.0050444275617754,1.0,1.0,0.0,0.0068609347839822,1.0,0.0,0.0,1.0,8.22906233912142e-05,1.0,8.397326763795831e-05,1.0,1.0,1.0,0.0902829688309093,1.0,0.2645604338560512,1.0,0.0033343778587116,1.0,1.0,1.0,1.0,0.0041763725293471,1.0,1.0,0.0,0.0823284591786376,1.0,0.0,0.0,0.0242000649905723,1.0,0.0,1.0,1.983058467606792e-05,1.0,1.0,0.0,0.0029586915141476,1.0,1.0,1.0,0.00043733247603,1.0,1.0,1.0,0.992323370969615,0.8987142173727194,0.9866552612863572,7.822945337988425,0.5284928933604645,8.65233337942869,P,L,0,0.0,0.0,0.0,0.0,0.0,-9.939737301468613,1.6424272069225767,-0.1529206172059051,0.6463070456984708,-1.168225399097953,-1.7654010083555487,-2.2843854086041286,-0.7466972971602102,0.05380214476563621,-0.049478246439440134,26.0,333.0,0.0265210307110119,6.657985801798121e-24,-1.5764096015565987,-14.999999997108473,0.0,1.0,0.0,1.0,676.0,0.0,0.0,1.0,91.0,103,0.883495145631068,67.6867310733233,5.199614027756815,0.9790810748645842,-0.8293880414402652,0.992323370969615,6.0,0.0,6.0,0.0,0.0,0.0,0.0,0.0,0.5599181166837257,0.0,0.0,1.0,0.0,0.0,0.0,0.0,0.0,0.0,0.0,0.0,1.0,0.0,special,hydrophobic,special_to_hydrophobic,0.0,1.0,0.0,0.0,0.0,1.0,1.0,-3,0.7571847976715484
VAR_003577,,,,,,,0.0053125196489066,0.0004511069525445,6.761362122294339e-09,0.0160794342634611,9.696180227182384e-05,2.4264047114721016e-11,0.0297950499434402,0.0002809346320523,3.248123908811649e-10,,,,,,,,,,,9.081047347032837e-05,gnomADe_EAS,,,,,,,,,,,,,,,,,,,,,,,,,,,,,,,,,,,,,,,,,,,,,,,,,,,,,,,,,,,,,,,,,,,,,,,,,,T/T,T/T,5.608761826811324,4.8934646828385,3.1224341203672377,1.0,3.1895247753408145e-11,1.0,0.0,1.0953001481527777e-06,1.0,0.0,8.233433377973724e-14,1.0,0.0,1.4002188051345885e-07,1.0,1.0,0.0889327165503294,1.0,0.0,1.367204711452349e-12,1.0,1.0,0.0172223299293207,1.0,0.0,0.0974697580714139,1.0,1.0,8.00421008571778e-08,1.0,1.0,0.0717945650444624,1.0,0.0,6.349923334604296e-05,1.0,1.0,0.088004050735387,1.0,1.0,7.961915762139423e-12,1.0,0.0,0.0010044900937333,1.0,0.0,0.0010942485439974,1.0,1.0,0.0001447580795947,1.0,1.0,0.0202366010216474,1.0,0.0,6.411574668839755e-08,1.0,0.0,0.0029844201647814,1.0,0.0,8.262543126365436e-10,1.0,0.0,2.782333433800432e-06,1.0,1.0,0.0475958062542883,1.0,0.0,1.2497407844793021e-23,1.0,1.0,0.0123505491599075,1.0,0.0,0.007029591586843,1.0,0.0,0.0008040613859161,1.0,0.0,0.0024806905003514,1.0,0.0,3.75904549564709e-07,1.0,,,T/T,0.000199170036273,1.0,1.712041531141587e-05,0.0,0.0034243832371882,1.0,1.0,1.0,0.005001370827798,1.0,1.0,1.0,0.0,3.374326722278285e-09,1.0,1.0,0.0,0.0034816656780044,1.0,0.0,0.0,1.3755860473204326e-05,1.0,1.0,1.0,0.0030716700329055,1.0,1.0,0.0,0.0041310988822072,1.0,0.0,0.6972656997117899,6.260299273583473e-13,1.0,1.0,1.0,,0.0,1.3270837126642162e-05,0.0,1.280020705732026e-17,1.0,1.0,0.0,0.0032199657840858,1.0,1.0,1.0,1.0,0.031146585124379,1.0,0.0,0.0,0.0001174651551701,1.0,0.0,1.0,3.071846312891482e-05,1.0,1.0,1.0,0.0312315719956718,1.0,1.0,1.0,0.000106402153671,1.0,0.0,0.0,1.5256685776222758e-10,1.0,1.0,1.0,0.0,0.0057270866720885,1.0,0.007043874766067,1.0,0.0,1.0,0.0266559545374455,1.0,0.0,1.0,1.0,1.2125517113525256e-14,1.0,1.0,1.0,0.0004556114655146,1.0,0.0,0.0,1.2556115050970363e-06,1.0,1.0,0.0,3.6879565415461404e-09,1.0,1.0,0.0,0.0366746850275842,1.0,0.0,1.0,1.799873264993581e-15,1.0,0.0,0.0,0.0,5.215905075625264e-06,0.0,4.145520880804735e-06,1.0,1.0,1.0,3.576532410790751e-12,1.0,1.0,0.0,1.2989206751694846e-05,1.0,1.0,1.0,1.0,1.588142635689831e-11,1.0,1.0,1.0,8.29465788223615e-05,1.0,0.0,0.0,0.000115516437843,1.0,0.0,0.0,0.0005255871765844,1.0,1.0,1.0,8.031576174667223e-05,1.0,0.0,0.0,0.0186819057675536,1.0,1.0,1.0,0.0,0.0940746600632924,1.0,0.8535600219227645,-0.0888525950652011,1.775945493279803,L,S,0,1.0,0.0,1.0,1.0,0.0,-6.059427757257254,0.7736115478912943,6.365144156685874,0.36214809083894495,3.417244546690005,0.09546580494928714,0.11657136712233518,-0.3346547499856971,-0.9260786359240165,0.3401412394582058,10.0,243.0,0.0297950499434402,2.4264047114721016e-11,-1.5258558822599113,-10.615018861091185,0.0,1.0,0.0,0.0,100.0,0.0,1.0,0.0,74.0,85,0.8705882352941177,1.5158760741775432,0.0,0.0,-0.9223854713570384,1.0,3.0,3.0,0.0,0.0,0.0,0.0,1.0,0.0,0.7443301190540322,0.0,0.0,0.0,0.0,0.0,0.0,0.0,1.0,0.0,0.0,0.0,1.0,0.0,hydrophobic,polar,hydrophobic_to_polar,0.0,0.0,0.0,0.0,0.0,0.0,1.0,0,0.833271300517974
VAR_001020,,,,,,,0.0002193582181854,0.0075111157263618,1.3199589239471135e-05,0.0224459752602959,0.0323101316065208,0.0021381214086633,3.237795293053756e-06,3.3275967022704714e-06,4.521444177373462e-05,,,,,,,,,,,3.823340338145934e-06,gnomADe_NFE,,,,,,,,,,,,,,,,,,,,,,,,,,,,,,,,,,,,,,,,,,,,,,,,,,,,,,,,,,,,,,,,,,,,,,,,,,C/C,C/C,5.363378978324076,5.246449519283934,,0.0,1.203883727226849e-10,1.0,1.0,0.0009799217602448,1.0,0.0,9.889424628672928e-15,1.0,1.0,1.0504272966859749e-08,1.0,1.0,1.7264690680395394e-06,1.0,0.0,0.0017015354170487,1.0,0.0,0.0239286063410599,1.0,0.0,0.0238742892826663,1.0,0.0,1.4156058573612884e-05,1.0,0.0,0.0001097724264558,1.0,1.0,0.000122257314115,1.0,0.0,0.0085408618114998,1.0,0.0,8.227280270379991e-06,1.0,1.0,5.417126386831954e-05,1.0,1.0,1.0466682270857207e-09,1.0,1.0,1.994401627978709e-07,1.0,1.0,0.0003587361830584,1.0,0.0,0.0029744038679034,1.0,0.0,4.0078701252836964e-08,1.0,0.0,5.745030342658736e-17,1.0,1.0,6.18680625989685e-05,1.0,0.0,3.083251460132525e-16,1.0,0.0,6.11732808271128e-07,1.0,1.0,0.0767800231973658,1.0,0.0,6.514092000629214e-06,1.0,0.0,1.644691769807801e-07,1.0,1.0,6.672695502768107e-10,1.0,0.0,4.1227893764512764e-06,1.0,,,C/C,0.032384286181614,0.0,1.7116449174768025e-05,1.0,0.0002026686175197,1.0,0.0,1.0,3.761601207613377e-08,1.0,0.0,1.0,0.0,7.332357232242459e-12,1.0,0.0,1.0,2.3679561379841554e-09,1.0,0.0,0.0,0.0011938433216518,1.0,1.0,1.0,4.212269468656463e-05,1.0,0.0,1.0,0.0003278562760673,1.0,1.0,0.0,0.0143544922649521,1.0,0.0,0.0,,0.0,0.0079552391247802,1.0,0.0072093335340574,1.0,0.0,1.0,0.0003701556224621,1.0,1.0,1.0,0.0,8.276977650366326e-08,1.0,0.0,0.0,4.6295382399773496e-14,1.0,1.0,1.0,3.3003480958796365e-05,1.0,1.0,1.0,1.753322174570212e-05,1.0,0.0,0.0,0.0001994429127896,1.0,1.0,1.0,5.686217418435217e-07,1.0,0.0,1.0,0.6092045489700724,8.672675829279888e-06,0.0,0.0006341583478566,1.0,1.0,0.0,1.8346345992459303e-09,1.0,0.0,1.0,1.0,3.102639739052743e-07,1.0,0.0,0.0,0.0003784280028624,1.0,0.0,0.0,0.0554217634040145,1.0,1.0,0.0,2.0249493776530835e-05,1.0,1.0,1.0,0.0028538080117974,1.0,0.0,1.0,1.0585408378878237e-07,1.0,1.0,1.0,0.0,2.231217133140522e-06,1.0,9.59959190446305e-06,1.0,0.0,0.0,0.0349110897234948,1.0,0.4971451892843817,1.0,9.122036175954166e-21,1.0,0.0,1.0,1.0,2.8374825895988234e-09,1.0,0.0,1.0,6.965548980880539e-20,1.0,0.0,1.0,5.563799422082365e-10,1.0,1.0,0.0,0.0097240847915183,1.0,1.0,1.0,2.6443187987565948e-05,1.0,0.0,1.0,4.408778077755305e-07,1.0,0.0,1.0,1.0,0.9601545208962066,1.0,7.505007011271104,0.608715283646206,7.550581181261411,P,A,0,1.0,0.0,1.0,1.0,1.0,-6.059427757257254,0.7736115478912943,6.365144156685874,0.36214809083894495,3.417244546690005,0.09546580494928714,0.11657136712233518,-0.3346547499856971,-0.9260786359240165,0.3401412394582058,10.0,243.0,0.0323101316065208,3.237795293053756e-06,-1.4906612729984565,-5.489750612492217,0.0,1.0,0.0,0.0,100.0,0.0,1.0,0.0,77.60920454897007,85,0.9130494652820008,56.66716470453855,5.246449519283934,1.0,-0.04557416999030739,1.0,5.0,0.0,5.0,0.0,0.0,1.0,1.0,0.0,0.8264378219714592,0.0,0.0,0.0,0.0,0.0,0.0,0.0,1.0,0.0,0.0,0.0,1.0,0.0,special,polar,special_to_polar,0.0,1.0,0.0,0.0,0.0,1.0,1.0,0,0.5396175529235918
VAR_004674,0.0004348647622325,7.795777195624785e-10,6.489788118835188e-06,0.0008311872879945,0.0148600959154297,0.0009765695627227,0.0004507888654268,0.000248018347394,0.0002013186745439,4.145978309023199e-12,0.0133697577832082,9.59657532417148e-06,3.8106656043583245e-05,0.0001002739651535,0.0001014421586226,4.7647349280766e-05,0.0053481902784246,1.9311885923639018e-07,8.0349327963551e-12,0.000376773589142,0.0447532089997624,0.0279691872273836,8.355874989313719e-05,1.904973030855873e-05,0.0001864109063498,0.0025256608296341,SAS,,,,,,,,,,,,,,,,,,,,,,,,,,,,,,,,,,,,,,,,,,,,,,,,,,,,,,,,,,,,,,,,,,,,,,,,,,,,,,,,,,,,,,,,,,,,,,,,,,,,,,,,,,,,,,,,,,,,,,,,,,,,,,,,,,,,,,,,,,,,,,,,,,,,,,,,,,,,,,,,,,,,,,,,,,,,,,,,,,,,,,,,,,,,,,,,,,,,,,,,,,,,,,,,,,,,,,,,,,,,,,,,,,,,,,,,,,,,,,,,,,,,,,,,,,,,,,,,,,,,,,,,,,,,,,,,,,,,,,,,,,,,,,,,,,,,,,,,,,,,,,,,,,,,,,,,,,,,,,,,,,,,0,0.0,0.0,0.0,1.0,1.0,7.018883705299926,1.3713327618119886,0.7818769495485957,0.10897830042379897,-1.8691571374125457,-3.5180972802729786,1.101035398062903,-0.641013169945691,0.43656146434152476,0.34290389760019696,26.0,26.0,0.0447532089997624,4.145978309023199e-12,-1.3491758184280007,-11.382268236228981,0.0,1.0,0.0,1.0,676.0,0.0,0.0,1.0,0.0,1,0.0,,,,,,0.0,0.0,0.0,0.0,0.0,0.0,0.0,0.0,0.49993396506752075,0.0,0.0,0.0,0.0,0.0,0.0,0.0,1.0,0.0,0.0,0.0,0.0,0.0,unknown,unknown,unknown_to_unknown,0.0,0.0,0.0,0.0,0.0,0.0,0.0,0,0.7331968611395429
VAR_004426,,,,,,,,,,,,,,,,,,,,,,,,,,,,,,,,,,,,,,,,1.0,0.0245219770179758,1.0,1.0,0.0354677359183796,1.0,0.0,2.415191844201221e-05,1.0,0.0,0.0272389598310503,1.0,1.0,3.046040923836225e-06,1.0,1.0,3.3814736941101546e-11,1.0,1.0,0.0512115050614159,1.0,1.0,0.0001850554260491,1.0,1.0,0.0025674051169627,1.0,0.0,0.0158344422979672,1.0,0.0,0.000500546528312,1.0,1.0,0.0380493152227009,1.0,,,,,,,,,,,,,,,,,,,,,,,,,,A/A,A/A,4.755372088933979,4.513605527469337,5.080390995344595,,,,,,,,,,,,,,,,,,,,,,,,,,,,,,,,,,,,,,,,,,,,,,,,,,,,,,,,,,,,,,,,,,,,,,,,,,,,,,,,,,,,,,,A/A,1.6242025305977768e-17,,,,,,,,,,,,,,,,,,,,,,,,,,,,,,,,,,,,,,,,,,,,,,,,,,,,,,,,,,,,,,,,,,,,,,,,,,,,,,,,,,,,,,,,,,,,,,,,,,,,,,,,,,,,,,,,,,,,,,,,,,,,,,,,,,,,,,,,,,,,,,,,,,,,,,0.7619541317708776,0.9740690613484856,1.0,7.625928583879056,0.756,11.163052224046773,L,P,1,1.0,1.0,1.0,1.0,0.0,6.147769942863638,1.4081293109136799,-4.749743257272088,0.4409255166224544,1.4775743369369598,0.3695469617660543,-0.35331671701819856,-0.09861107761164689,0.018680080668202453,0.36494332470953644,0.0,37.0,0.0,,-15.0,-14.698970004336019,0.0,0.0,1.0,0.0,0.0,1.0,0.0,0.0,8.0,8,1.0,85.12863903869295,3.4391603808391324,0.7619541317708776,-3.5371236401677164,1.0,6.0,0.0,6.0,0.0,0.0,0.0,0.0,0.0,0.8215209917795393,0.0,0.0,0.0,0.0,0.0,0.0,0.0,1.0,0.0,0.0,0.0,1.0,0.0,hydrophobic,special,hydrophobic_to_special,0.0,1.0,0.0,0.0,1.0,0.0,1.0,-3,0.8744937483693579
VAR_001048,,,,,,,0.0284083404499924,8.106424659737008e-06,8.36766055645401e-07,0.0001231524305755,2.6075183450918706e-12,2.942031359177644e-11,1.0521000013028466e-05,0.0075093586055552,0.0228177162903054,0.0003853403806031,0.028809437705258,0.0009658238708754,1.914068886423016e-09,0.003855727113704,1.5210823967848688e-05,0.0003613746169925,0.0003145602850769,0.01524457525663,0.000116354321491,3.970095719993326e-05,gnomADg_NFE,,,,,,,,,,,,,0.0,0.0003010622018232,1.0,0.0,4.197372659793157e-07,1.0,1.0,9.209620360657366e-10,1.0,0.0,1.6503623733371085e-07,1.0,0.0,6.873314147809944e-08,1.0,0.0,0.0086429324151314,1.0,0.0,4.3477621632394655e-09,1.0,0.0,0.0003321880122289,1.0,1.0,8.87238684388982e-08,1.0,0.0,0.0039567750922263,1.0,1.0,0.0032046336400307,1.0,1.0,0.0018452592586879,1.0,1.0,4.433013033283754e-05,1.0,1.0,0.0033581039437866,1.0,1.0,0.0135245083536413,0.0,1.0,0.009464305010241,1.0,0.0,4.297927294986685e-05,1.0,1.0,2.0735403860006813e-19,1.0,1.0,7.00958375890613e-06,1.0,AllofUs_EUR,0.0,1.7429208270452782e-09,1.0,G/G,G/G,4.875950341487619,2.9855482884263846,2.831414304977933,0.0,2.174291198645079e-08,1.0,0.0,0.0028024370539611,1.0,1.0,0.0043502215088663,1.0,0.0,0.0233095364096873,1.0,1.0,3.587630866424207e-06,1.0,1.0,1.200157733977691e-05,1.0,1.0,1.6539374153701295e-06,1.0,0.0,1.649739446301924e-05,1.0,1.0,0.0035000862527986,1.0,1.0,8.254349410186151e-09,1.0,0.0,1.813266195676713e-15,1.0,1.0,1.3551203710163766e-06,1.0,1.0,0.0298935817929552,1.0,1.0,2.987969438648616e-10,1.0,1.0,2.303495944100693e-09,1.0,0.0,1.9108476594962e-06,1.0,0.0,3.001961952339881e-12,1.0,1.0,1.7136733857262403e-05,1.0,1.0,1.955432620396488e-25,1.0,1.0,6.926679587631342e-05,1.0,0.0,0.0002832757448537,1.0,0.0,1.6277768770387228e-10,1.0,1.0,2.5107770002587792e-05,1.0,0.928446820751306,5.0356786792126016e-05,1.0,0.0,0.0096643002706638,1.0,1.0,0.004270184675187,1.0,0.0,7.648120479838208e-07,1.0,0.0,0.0520563786735399,1.0,1.0,0.0351457340872362,G/G,0.0004369563312193,1.0,2.088798444575832e-05,0.0,0.0460909868136323,1.0,1.0,0.0,0.0030917128412296,1.0,0.0,1.0,1.0,2.673080263585961e-06,1.0,0.0,1.0,5.638542961358444e-06,1.0,0.0,0.0,0.0171379636939137,1.0,0.0,0.0,3.75049254633796e-05,1.0,0.0,1.0,0.0010312177840077,1.0,1.0,1.0,1.3298823067293186e-05,1.0,0.0,1.0,,1.0,0.0053571721586277,0.0,0.0451439058837523,1.0,1.0,1.0,0.0002136817877828,1.0,0.0,1.0,1.0,0.001508777494408,1.0,1.0,0.0,2.9349537049775484e-08,1.0,0.0,0.0,0.0068115473846089,1.0,0.0,1.0,0.0007839322402784,1.0,1.0,1.0,0.0003831126114331,1.0,0.0,1.0,0.0001017940474843,1.0,1.0,1.0,1.0,0.0142590904892582,0.0,4.915183619434607e-15,1.0,0.0,1.0,1.452352315223197e-23,1.0,0.0,1.0,0.0,0.0231456149473204,1.0,0.0,0.0,0.0039166634666028,1.0,1.0,0.0,0.0026353229861697,1.0,1.0,1.0,0.0001247166225503,1.0,1.0,0.0,0.0030846051642622,1.0,1.0,0.0,7.235232465787333e-05,1.0,0.0,0.0,0.0,2.145913249140998e-05,0.0,6.958909963535395e-08,1.0,1.0,1.0,2.8681095783150044e-11,1.0,0.4065236863685925,1.0,7.637709293732654e-05,1.0,1.0,1.0,1.0,0.0274183713897005,1.0,0.0,1.0,0.0002077147520219,1.0,1.0,1.0,5.644572672068328e-11,1.0,0.0,1.0,1.9216553678904584e-05,1.0,1.0,0.0,0.0026740586157312,1.0,0.0,1.0,4.7505100595870545e-08,1.0,0.0,0.0,0.0415453243343258,0.6612909801436054,0.0530421411784977,0.9848349846941132,0.6331600706318694,0.389105589807065,D,N,0,1.0,0.0,0.0,1.0,0.0,-9.664425758298718,1.3499860969377946,-0.12602191691733247,0.37741946761678713,-0.3605297514815905,0.1824212032362198,0.9587085413505725,0.7733978267010226,-0.6324834664635439,-0.07939666817866306,20.0,315.0,0.028809437705258,2.6075183450918706e-12,-1.5404652180780158,-11.583606104640609,0.0,1.0,0.0,1.0,400.0,0.0,0.0,0.0,91.0,103,0.883495145631068,0.38320479758203474,0.12403557195846542,0.002203652958647785,0.5957293948870482,0.6612909801436054,2.0,4.0,-2.0,0.0,0.0,1.0,0.0,1.0,0.7461721108334329,0.0,0.0,0.0,1.0,0.0,0.0,0.0,0.0,0.0,0.0,0.0,1.0,0.0,neg_charged,polar,neg_charged_to_polar,0.0,0.0,0.0,0.0,0.0,0.0,1.0,1,0.690034537042025
VAR_000700,0.01707396521906,0.0106223499945215,0.007429812313805,0.0002440792633592,0.0644524341540287,0.0012649706685336,0.0005213059009191,0.0072333002116018,0.0310584291007225,0.0002881457510557,7.74425389312517e-06,5.550972261074896e-06,0.0001880487228046,0.0003726000011483,0.0835227789609091,0.0020736066164831,0.007243201210565,5.693732182022101e-05,0.0005467873120914,3.6978828636405763e-07,4.150550015710668e-07,3.5874501847079113e-05,0.0002539541397052,0.0025524000000657,0.00027834018226,0.0088200002731522,AFR,1.0,0.0283905449267963,0.0,0.0088925160511544,0.0,0.0248339238067805,1.0,0.0454484668651781,1.0,9.809734771451072e-15,0.0,0.000546776019747,1.0,0.0064279011573351,1.0,1.0,0.0111736354249899,1.0,1.0,0.0074453330194441,1.0,0.0,1.0320039043580587e-16,1.0,0.0,0.0274091134243492,1.0,0.0,5.164749547727385e-05,1.0,0.0,0.0028513846018669,1.0,0.0,0.0068397727770274,1.0,0.0,0.0022423800722279,1.0,0.0,0.0016220155665734,1.0,0.0,0.0023123434254213,1.0,0.0,0.0005772845098838,1.0,1.0,0.0084818101932538,1.0,1.0,0.001962,1.0,0.0,0.0007316100000019,1.0,1.0,6.97045774021231e-07,1.0,0.0,1.0032618005161858e-05,1.0,1.0,0.0173799567484921,1.0,0.0,0.0084664992755101,1.0,AllofUs_AFR,0.0,0.0090842625882992,1.0,G/G,G/G,6.065959891897682,3.0326917969686327,1.974706039356899,1.0,0.0070434860245436,1.0,1.0,0.0005304600002226,1.0,1.0,0.0007614832341086,1.0,1.0,0.0742019094269841,1.0,1.0,0.0026238711964626,1.0,1.0,4.228615833468925e-05,1.0,0.0,0.0025668511686451,1.0,1.0,0.0006635993675785,1.0,1.0,0.0057806862121439,1.0,1.0,0.0127308380381275,1.0,1.0,0.0004063706298828,1.0,1.0,7.679174897450655e-05,1.0,0.0,0.007432600379418,1.0,0.0,0.0008156458200978,1.0,1.0,1.6434000000000002e-05,1.0,0.0,0.0090493552421293,1.0,0.0,6.369326934434208e-05,1.0,0.0,0.0001881581479636,1.0,1.0,0.0002053800007302,1.0,0.0,0.0128018740440209,1.0,1.0,3.146548651696399e-05,1.0,0.0,2.594954793828297e-05,1.0,0.0,0.001238340662913,1.0,1.0,0.0001310400002911,1.0,0.0,0.0057563947714371,1.0,1.0,0.0075983174860654,1.0,1.0,0.0150341706452966,1.0,1.0,0.0070794000000037,1.0,1.0,0.00236994228,G/G,0.0280310671296213,0.0,0.0005022789034988,1.0,0.0067944570336262,1.0,1.0,0.0,0.000429257207052,1.0,1.0,1.0,1.0,1.966427922545582e-09,1.0,0.0,0.0,5.68393209487529e-06,1.0,1.0,0.0,0.0008519075666324,1.0,0.0,0.0,6.6114896265450365e-06,1.0,0.0,1.0,0.0276270998937745,1.0,1.0,0.0,2.4007543414922354e-10,1.0,1.0,0.0,,1.0,0.0004737845082135,0.0,0.0066508472798952,1.0,1.0,1.0,0.0097877447385152,1.0,1.0,1.0,1.0,4.230757907188841e-09,1.0,0.0,0.0,0.0107184136898441,1.0,0.0,0.0,0.0673035061692026,1.0,0.0,1.0,0.0024341998819042,1.0,0.0,0.0,0.0142724054359189,1.0,1.0,1.0,1.5187264169709285e-25,1.0,1.0,0.0,1.0,0.0005763006,0.0,0.0065574837985672,1.0,0.0,1.0,0.0132953942684408,1.0,0.0,1.0,0.0,2.6517152634019184e-05,1.0,1.0,0.0,0.0335118565094917,1.0,1.0,0.0,1.5244404407686338e-15,1.0,0.0,0.0,0.0063557672009211,1.0,0.0,1.0,0.0071111372769649,1.0,0.0,0.0,9.743495468259968e-06,1.0,1.0,1.0,1.0,0.000370919161251,1.0,0.0072385204405615,1.0,0.0,1.0,5.24419901624122e-39,1.0,1.0,0.0,0.0003957662317491,1.0,1.0,1.0,0.0,0.0032155712557198,1.0,1.0,1.0,9.845102099362438e-05,1.0,1.0,0.0,2.5026924713846223e-05,1.0,1.0,0.0,1.981830314818477e-05,1.0,1.0,1.0,0.0554254115293703,0.0,0.0,0.0,0.0001841412692129,1.0,0.0,1.0,0.9807388125540376,1.0,1.0,6.041797388697573,0.7221247911800788,6.391794823679401,R,K,0,0.0,0.0,0.0,0.0,0.0,-9.939737301468613,1.6424272069225767,-0.1529206172059051,0.6463070456984708,-1.168225399097953,-1.7654010083555487,-2.2843854086041286,-0.7466972971602102,0.05380214476563621,-0.049478246439440134,26.0,333.0,0.0835227789609091,3.6978828636405763e-07,-1.078195064302173,-6.432046848757473,1.0,1.0,0.0,1.0,676.0,0.0,0.0,1.0,92.0,103,0.8932038834951457,38.617929274796865,2.9742785518013872,0.9807388125540376,-0.34999743498182845,1.0,4.0,0.0,4.0,0.0,1.0,0.0,0.0,0.0,0.3625923718042449,1.0,0.0,0.0,0.0,0.0,0.0,0.0,0.0,0.0,0.0,0.0,1.0,0.0,pos_charged,pos_charged,pos_charged_to_pos_charged,0.0,0.0,0.0,1.0,0.0,0.0,0.0,0,0.8132787444558172
VAR_001278,0.0332100020355234,0.0971856256618688,0.0052216263973005,0.0349352240042577,0.0031210238767506,0.0009000000493839,0.0032395779742404,0.0818309265729842,0.0034608945718513,5.220680598292384e-05,0.0296367234752119,2.181154236790228e-05,0.0033021031520026,0.0063752367720777,0.0011748738629583,0.0214020406523422,0.070713,0.0294644077784941,0.0075551368599118,0.0008337599862939,0.0316694946155988,8.824397359840586e-05,0.00033075,0.0161910031789433,0.0568482009438796,0.0960300000000238,AFR,1.0,0.0332469523665423,1.0,0.0959909228441754,1.0,0.0529324118347932,1.0,0.0494016881834065,1.0,0.0020248321272406,1.0,0.0052881613457913,1.0,0.0654392274455132,1.0,1.0,0.064998670686498,1.0,1.0,0.0895523047348692,1.0,1.0,0.0283230804162431,1.0,1.0,0.0300781250018867,1.0,1.0,0.0175446269307061,1.0,1.0,0.0230190573953388,1.0,1.0,0.0033074780212238,1.0,1.0,0.0060927533608965,1.0,1.0,0.0232767298096422,1.0,0.0,2.6707096635258136e-07,1.0,0.0,0.011021632000871,1.0,1.0,0.0750789040086803,1.0,1.0,0.0199805831277767,1.0,1.0,0.0068094001084208,1.0,1.0,0.0540879807536402,1.0,0.0,0.0175373101260315,1.0,1.0,0.0644186344481103,1.0,1.0,0.0770934093078044,1.0,AllofUs_AFR,1.0,0.0063877035192461,1.0,./.,./.,5.592204607234307,-3.300645115698368,,1.0,0.1400505671096406,1.0,1.0,0.0058240959064395,1.0,1.0,1.7456450073404443e-08,1.0,0.0,0.0003000922170352,1.0,1.0,0.0032947878565876,1.0,1.0,0.0026205148167832,1.0,1.0,0.0108720003781622,1.0,0.0,0.0009162029318384,1.0,1.0,0.0614529324220872,1.0,1.0,0.0074100062087715,1.0,0.0,0.0249174668396404,1.0,1.0,0.0006636249673169,1.0,1.0,0.098239079921308,1.0,1.0,0.0025148395987745,1.0,1.0,0.0015705631799342,1.0,1.0,0.0081034113475984,1.0,0.0,0.0009171082207135,1.0,0.0,0.0024760547071334,1.0,1.0,0.0024066053061527,1.0,1.0,0.0711540001073032,1.0,0.0,0.0011800510754044,1.0,0.0,0.0009925675251065,1.0,1.0,0.0089894328641697,1.0,1.0,0.0255083925505984,1.0,1.0,0.0053928000000409,1.0,1.0,0.0714060000003945,1.0,1.0,0.0048285000466173,1.0,1.0,0.0688500197023029,1.0,1.0,0.0578801951850935,./.,0.0961007444270286,1.0,0.0081915644119024,1.0,0.0767838797609706,1.0,1.0,1.0,0.0027881730455276,1.0,0.0,1.0,0.0,0.0191724269589272,1.0,1.0,1.0,0.0268677865249421,1.0,1.0,1.0,7.56524441752309e-05,1.0,1.0,1.0,0.0001052271827857,1.0,0.0,1.0,0.0767587500000495,1.0,0.0,0.0,0.000917784,1.0,0.0,1.0,segdup,1.0,0.0072058950007286,1.0,0.0733149900000173,1.0,1.0,0.0,0.002621008128179,1.0,1.0,1.0,0.0,8.408383112837742e-06,1.0,0.0,1.0,0.0259951726329845,1.0,1.0,1.0,4.165128022119381e-05,1.0,1.0,1.0,0.0002017291435486,1.0,1.0,1.0,0.0733691465648919,1.0,1.0,1.0,0.0008550648000004,1.0,1.0,0.0,1.0,0.0112438482414747,1.0,0.0731589245405812,1.0,1.0,0.0,0.0141942938323194,1.0,0.0,1.0,1.0,8.187686988230153e-09,1.0,1.0,1.0,0.0274374065924071,1.0,0.0,1.0,0.0214265885043024,1.0,0.0,0.0,0.0260556536230757,1.0,0.0,1.0,0.0731549239360793,1.0,0.0,1.0,0.0008527743013551,1.0,1.0,1.0,1.0,0.0047339477095297,1.0,0.0726552538367787,1.0,1.0,1.0,0.0535526752347717,1.0,0.0,1.0,0.0041848920727807,1.0,0.0,1.0,1.0,0.024594351630806,1.0,0.0,1.0,0.0264465162554458,1.0,0.0,0.0,1.4073730298654733e-05,1.0,1.0,0.0,0.0918856407703351,1.0,0.0,1.0,0.0885722161810557,1.0,0.0,1.0,0.0011264610854225,1.0,0.0,0.0,0.0,0.1096942422336323,0.0,0.3723964105209126,0.7139753055498774,-3.728390054179031,T,M,0,0.0,0.0,0.0,0.0,1.0,-9.939737301468613,1.6424272069225767,-0.1529206172059051,0.6463070456984708,-1.168225399097953,-1.7654010083555487,-2.2843854086041286,-0.7466972971602102,0.05380214476563621,-0.049478246439440134,26.0,333.0,0.0971856256618688,2.181154236790228e-05,-1.0123979650878645,-4.66131362288442,1.0,1.0,0.0,1.0,676.0,0.0,0.0,1.0,96.0,103,0.9320388349514563,-1.388439073198142,-0.0,0.0,4.100786464699944,0.1096942422336323,0.0,5.0,-5.0,0.0,1.0,0.0,0.0,0.0,0.3625923718042449,1.0,0.0,0.0,0.0,0.0,0.0,0.0,0.0,1.0,1.0,0.0,1.0,1.0,polar,hydrophobic,polar_to_hydrophobic,0.0,0.0,0.0,0.0,0.0,0.0,1.0,0,0.7291240191061071
VAR_000624,,,,,,,,,,,,,,,,,,,,,,,,,,,,,,,,,,,,,,,,1.0,0.0426728098959727,1.0,1.0,2.1950693002096654e-17,1.0,0.0,4.513716370221956e-10,1.0,1.0,2.67771396185198e-19,1.0,1.0,6.162545678282392e-14,1.0,0.0,0.0300195013015754,1.0,0.0,7.893334436023228e-12,1.0,1.0,0.0041946983512221,1.0,1.0,0.0035306415450962,1.0,0.0,0.0008267077197544,0.0,1.0,0.0347017900236356,1.0,0.0,1.0871761185686902e-17,1.0,,,,,,,,,,,,,,,,,,,,,,,,,,./.,./.,6.001559424375734,4.963897781319326,3.931580249235669,,,,,,,,,,,,,,,,,,,,,,,,,,,,,,,,,,,,,,,,,,,,,,,,,,,,,,,,,,,,,,,,,,,,,,,,,,,,,,,,,,,,,,,./.,0.0017004814945723,,,,,,,,,,,,,,,,,,,,,,,,,,,,,,,,,,,,,,,,,,,,,,,,,,,,,,,,,,,,,,,,,,,,,,,,,,,,,,,,,,,,,,,,,,,,,,,,,,,,,,,,,,,,,,,,,,,,,,,,,,,,,,,,,,,,,,,,,,,,,,,,,,,,,,1.0,0.9804490986154264,0.9249504778757228,3.710770109988038,0.745111236195691,4.686809756091278,D,G,0,1.0,1.0,1.0,1.0,0.0,6.147769942863638,1.4081293109136799,-4.749743257272088,0.4409255166224544,1.4775743369369598,0.3695469617660543,-0.35331671701819856,-0.09861107761164689,0.018680080668202453,0.36494332470953644,0.0,37.0,0.0,,-15.0,-14.698970004336019,0.0,0.0,1.0,0.0,0.0,1.0,0.0,0.0,6.0,8,0.75,17.39167355410384,4.963897781319326,0.9249504778757228,-0.9760396461032399,1.0,4.0,0.0,4.0,0.0,0.0,0.0,0.0,0.0,0.8215209917795393,0.0,0.0,0.0,0.0,0.0,0.0,0.0,1.0,0.0,0.0,0.0,1.0,1.0,neg_charged,special,neg_charged_to_special,1.0,0.0,0.0,0.0,1.0,0.0,1.0,0,0.8617553319852542
VAR_004520,,,,,,,4.2198665566271975e-05,5.056671049815782e-06,7.716626230314463e-06,1.0620505618197768e-16,6.761535655203525e-05,0.0250578073860558,0.0006670456362175,4.050226710307241e-05,0.0005432781124942,0.0012923932085032,8.322109706634661e-05,2.290155578741599e-06,1.0654177960856658e-05,2.7514609388265232e-08,0.0565369827108288,0.0002105557981939,0.0728275167762075,0.0011478561862227,0.0020065893143909,0.0005599098087212,gnomADg_SAS,,,,,,,,,,,,,1.0,0.0008133558677832,1.0,0.0,2.144740986359642e-07,1.0,1.0,5.074291223227306e-06,1.0,0.0,4.337644152991914e-13,0.0,0.0,6.568962762384988e-11,0.0,0.0,4.357439711649501e-12,1.0,0.0,3.0673329106451606e-10,1.0,1.0,0.0347921150629433,1.0,1.0,0.000331748799448,1.0,1.0,0.0040442115268236,1.0,1.0,0.000195916228459,1.0,1.0,6.261721012679253e-05,0.0,1.0,2.685020276887274e-08,1.0,0.0,0.0012008254526253,1.0,0.0,0.0068517859662335,0.0,1.0,1.0041872551952382e-05,0.0,1.0,0.0155079043683891,0.0,0.0,1.3580829114531265e-08,0.0,1.0,0.0015480052568961,0.0,AllofUs_SAS,1.0,0.0015561493376092,1.0,./.,./.,5.243712113628442,-3.732638983457608,-3.588742722540992,1.0,0.0097452816588248,1.0,1.0,2.4085886174522063e-05,1.0,1.0,0.0060461999079136,1.0,1.0,1.4600075762277268e-10,1.0,0.0,5.428976395138547e-07,1.0,1.0,1.6493652136926e-06,1.0,0.0,1.0106982647535302e-06,1.0,0.0,0.0095221234554007,1.0,1.0,0.0001304468122752,1.0,0.0,2.882926078797868e-06,1.0,0.0,6.066566815670188e-07,1.0,0.0,0.0001225597516847,1.0,1.0,1.1407391308679964e-06,1.0,1.0,6.304673382736828e-13,1.0,0.0,0.0127769506572907,1.0,1.0,2.8314151358220933e-07,1.0,0.0,0.0037654953326159,1.0,0.0,9.57617165701575e-07,1.0,0.0,1.374155267650008e-12,1.0,1.0,0.0076998476478072,1.0,1.0,0.0036697318590269,1.0,1.0,0.0002393124751276,1.0,0.0,0.000843051747872,1.0,0.0,0.0050002405803167,1.0,0.0,0.0303825965487089,1.0,1.0,5.526394759333433e-05,1.0,0.0,0.0021983698407775,1.0,0.0,0.0035813010898032,1.0,,,./.,0.0403290317314067,1.0,0.0001646430240646,0.0,5.8113160765190674e-05,1.0,1.0,0.0,5.594607260979577e-07,1.0,0.0,1.0,0.0,3.990359818878228e-06,1.0,0.0,0.0,3.612732803182352e-05,1.0,0.0,1.0,3.643853706256116e-12,1.0,1.0,0.0,0.0001981282226315,1.0,1.0,0.0,0.0006964239624965,1.0,1.0,0.0,0.0004595963854217,1.0,1.0,1.0,segdup,1.0,7.297718526165007e-05,0.0,0.038803131631986,1.0,1.0,1.0,0.0826274820840951,1.0,0.0,1.0,0.0,3.466823790807168e-11,1.0,0.0,1.0,8.167372537771071e-05,1.0,0.0,0.0,0.0001691544047414,1.0,1.0,1.0,2.834684960122279e-06,1.0,0.0,0.0,0.0119501904525831,1.0,1.0,1.0,0.0022313473430961,1.0,1.0,1.0,0.0,6.49938201419934e-05,1.0,6.530110822402034e-05,1.0,0.9957737383820968,1.0,0.0004082084299746,1.0,1.0,1.0,0.0,0.0426967116627043,1.0,1.0,1.0,7.594831149381428e-22,1.0,0.0,0.0,5.2774147680445856e-08,1.0,0.0,0.0,5.351487988006371e-07,1.0,1.0,1.0,0.0303323638788341,1.0,0.0,1.0,0.0029902915855558,1.0,1.0,1.0,1.0,0.0002064395358799,0.0,7.0284993991212525e-06,1.0,0.0,1.0,0.0030833118272717,1.0,0.9490123582604896,0.0,0.0877712391298239,1.0,0.0,1.0,0.0,6.240059427897117e-11,1.0,1.0,0.0,3.344858534071033e-05,1.0,0.0,0.0,1.3556742692145263e-10,1.0,0.0,1.0,3.592164651841824e-13,1.0,0.0,1.0,0.000544182253233,1.0,0.0,1.0,0.0005454186955885,1.0,1.0,0.0,0.0,0.992543597288434,0.0,-0.279362246948075,0.655342207861374,-0.1416217166509985,I,L,0,1.0,0.0,0.0,1.0,0.0,-9.566757410239536,1.3201104641574888,-0.021645398191524667,0.3676444924282809,-0.26529920201341006,0.2856803892266895,0.9806135174786115,0.6292304958144437,-0.4678281829417556,1.274771887920925,20.0,313.0,0.0728275167762075,1.0620505618197768e-16,-1.137704498075057,-14.956164360812691,1.0,1.0,0.0,1.0,400.0,0.0,0.0,0.0,84.0,102,0.8235294117647058,0.03956376098026655,-0.0,0.0,-0.13774053029707647,0.992543597288434,0.0,5.0,-5.0,0.0,0.0,0.0,0.0,1.0,0.7271982878942962,0.0,0.0,0.0,0.0,0.0,0.0,1.0,0.0,1.0,1.0,0.0,1.0,1.0,hydrophobic,hydrophobic,hydrophobic_to_hydrophobic,0.0,0.0,0.0,0.0,0.0,0.0,0.0,0,0.563997585491956
VAR_000603,,,,,,,,,,,,,,,,,,,,,,,,,,,,,,,,,,,,,,,,,,,,,,,,,,,,,,,,,,,,,,,,,,,,,,,,,,,,,,,,,,,,,,,,,,,,,,,,,,,,,G/G,G/G,5.639887345762662,6.067574415384238,,1.0,0.0748472252824624,1.0,1.0,0.0001842641119129,1.0,0.0,0.0103148429968947,1.0,1.0,0.0394083317422502,1.0,0.0,0.0046410745217406,1.0,1.0,0.0001047761883536,1.0,0.0,0.016133116347796,1.0,0.0,0.0007147671575819,1.0,1.0,0.0027293342622117,1.0,1.0,0.000725547056684,1.0,0.0,3.1563841829517265e-14,1.0,1.0,1.166998244363956e-06,1.0,1.0,8.253062672594773e-13,1.0,0.0,0.0319498219166604,1.0,0.0,0.0009420532228034,1.0,1.0,4.140560079852065e-06,1.0,0.0,9.369582900711932e-07,1.0,1.0,1.8421083853145832e-17,1.0,1.0,6.220860961843707e-07,1.0,1.0,3.128579938037284e-05,1.0,0.0,0.0042293150765739,1.0,1.0,6.339869429998643e-08,1.0,0.0,0.0114707564563304,1.0,0.0,0.0140816895003845,1.0,1.0,8.254601848718992e-06,1.0,0.0,1.779565089289982e-06,1.0,0.0,0.0103245929746319,1.0,1.0,0.0001757181791274,1.0,,,G/G,0.0121106474792364,,,,,,,,,,,,,,,,,,,,,,,,,,,,,,,,,,,,,,,,,,,,,,,,,,,,,,,,,,,,,,,,,,,,,,,,,,,,,,,,,,,,,,,,,,,,,,,,,,,,,,,,,,,,,,1.0,0.0005288637386933,1.0,1.1335186139009389e-05,1.0,0.0,0.0,0.0008883853025523,1.0,0.3937481549873891,0.0,7.691563122103351e-09,1.0,1.0,1.0,1.0,6.923520867818648e-05,1.0,0.0,0.0,3.755014628915103e-16,1.0,1.0,0.0,3.703811868477793e-08,1.0,1.0,1.0,4.4225679796909474e-06,1.0,0.0,1.0,5.9911025043663975e-06,1.0,1.0,0.0,2.8565313753781783e-10,1.0,0.0,1.0,1.0,0.9969284238983144,0.9228981456908016,7.38751836966982,0.5569387292732523,9.82064768050568,D,Y,0,1.0,1.0,1.0,1.0,1.0,0.6184640588651877,-6.418874223084634,3.1576449597710505,-0.17348139491766013,1.8041949010175307,0.30006467994021047,-1.6126271996057322,1.755967931501463,0.05576885595481866,0.13808847747295536,0.0,125.0,0.0,,-15.0,-14.698970004336019,0.0,0.0,1.0,0.0,0.0,1.0,0.0,0.0,47.0,53,0.8867924528301887,72.55021514179101,6.067574415384238,0.9228981456908016,-2.4331293108358594,1.0,5.0,0.0,5.0,0.0,0.0,0.0,0.0,0.0,0.8215209917795393,0.0,0.0,0.0,0.0,0.0,0.0,0.0,1.0,0.0,0.0,0.0,1.0,0.0,neg_charged,hydrophobic,neg_charged_to_hydrophobic,0.0,0.0,0.0,0.0,0.0,0.0,1.0,0,0.7676354124665281
VAR_001272,,,,,,,0.0025367182911781,0.0001639050986672,1.2913506944922993e-06,3.530684091545303e-12,2.5449155817005567e-10,0.0030652557714408,2.6324373254864605e-05,3.678531283539669e-05,3.212756744021292e-05,0.0006362757023641,0.0296335173436025,0.0001478304745532,0.0178937724954008,1.089402748163936e-11,0.0321543149281804,0.0174498877815748,0.0017729138908531,2.2971071582844355e-05,0.0024862267805304,0.0024261328802236,gnomADe_AFR,,,,,,,,,,,,,1.0,2.030734160519695e-07,1.0,0.0,0.0006599092926086,1.0,1.0,1.807722766378844e-06,1.0,1.0,0.0030739098073841,1.0,0.0,5.715525248823272e-06,1.0,0.0,0.0156871202545055,1.0,1.0,1.2851571573919754e-13,1.0,0.0,0.000694302818545,1.0,0.0,8.398255887632377e-06,1.0,1.0,1.073913390259463e-06,1.0,0.0,1.5305878978243495e-09,1.0,0.0,0.0062113638606205,1.0,1.0,0.0001425801236552,1.0,0.0,4.794517213501888e-05,1.0,0.0,1.1283810095205994e-05,1.0,0.0,5.6476255647443806e-05,1.0,0.0,4.709304440488596e-05,1.0,1.0,0.0372725943502416,1.0,1.0,0.0026231162853985,1.0,AllofUs_AFR,1.0,0.0002053569074696,0.0,./.,./.,5.739806287313653,6.17,,0.0,0.0007713529637537,1.0,0.0,3.406227270808413e-05,1.0,0.0,0.0069202824776158,1.0,1.0,0.0032388960299125,1.0,0.0,3.223855150311903e-05,1.0,1.0,0.0081836302983309,1.0,0.0,5.749930862683897e-07,1.0,1.0,2.842874551558973e-05,1.0,0.0,0.0002076300363139,1.0,0.0,5.2018416556139e-05,1.0,0.0,0.0003070758075121,1.0,1.0,3.226103987394886e-05,1.0,0.0,0.0040640702599863,1.0,0.0,1.6628495807480106e-06,1.0,1.0,4.776338816733922e-07,1.0,0.0,0.06980171952277,1.0,0.0,0.0113344794603646,1.0,1.0,1.6376213013467686e-06,1.0,1.0,5.183973212405e-12,1.0,1.0,0.0271908342619274,1.0,0.0,1.4966038117286378e-05,1.0,0.0,1.3886025395826622e-07,1.0,1.0,7.046288755206958e-07,1.0,0.0,0.0001731779669793,1.0,1.0,6.660000126688712e-06,1.0,0.0,0.0229056562729926,1.0,1.0,0.0036856636364478,1.0,0.0,6.404664930718148e-05,1.0,,,./.,0.0002394759192485,1.0,0.0008744712208645,1.0,2.1207806316909203e-08,1.0,0.0,1.0,0.0015702613084579,1.0,0.0,1.0,0.0,4.55211707147771e-17,1.0,0.0,0.0,7.115007382033053e-07,1.0,1.0,1.0,0.0377022048567718,1.0,1.0,0.0,0.0008881029283736,1.0,1.0,1.0,6.467373001888629e-05,1.0,0.0,0.0,6.46737523260688e-05,1.0,1.0,1.0,segdup,1.0,9.796787598591882e-06,0.0,0.0006863258982248,1.0,1.0,1.0,1.3369136249561487e-05,1.0,0.0,1.0,0.0,0.0726919597632794,1.0,0.0,1.0,1.2551078951952768e-05,1.0,0.0,0.0,0.0236732640255067,1.0,0.0,0.0,0.0028235689538631,1.0,1.0,1.0,0.0064310330871451,1.0,0.0,0.0,0.0163013474031974,1.0,0.0,1.0,0.0,0.0232441931293069,1.0,0.0152118893425526,1.0,0.0,1.0,0.0478747914914249,1.0,1.0,1.0,0.0,0.0029587724919509,1.0,0.0,1.0,5.218765634562374e-11,1.0,1.0,1.0,6.858537197008476e-05,1.0,0.0,1.0,0.0160430720344901,1.0,1.0,1.0,0.0355851444278834,1.0,0.0,1.0,0.0004893237239898,1.0,1.0,1.0,,,,,,,,,,,,,,,,,,,,,,,,,,,,,,,,,,,,,,,,,0.9712046114838786,0.4696373276406078,0.9887892496345456,10.003,0.7047844140030938,9.96844437849377,S,L,1,1.0,0.0,0.0,1.0,1.0,-7.293973114636158,2.756048900385613,-1.0504100559536758,5.524513976834067,-0.5872159992739608,-0.16723583797201047,2.436287287983397,-0.9095491919756926,-0.426482318423315,1.2177206503723208,20.0,273.0,0.0321543149281804,3.530684091545303e-12,-1.492760738952617,-11.452018150914009,0.0,1.0,0.0,1.0,400.0,0.0,0.0,0.0,73.0,86,0.8488372093023255,99.71434911807317,5.992332452855531,0.9603166790307547,0.034555621506230594,0.9887892496345456,5.0,0.0,5.0,0.0,1.0,0.0,1.0,0.0,0.6666356502589871,1.0,0.0,0.0,0.0,0.0,0.0,0.0,0.0,1.0,1.0,0.0,1.0,1.0,polar,hydrophobic,polar_to_hydrophobic,0.0,0.0,0.0,0.0,0.0,0.0,1.0,0,0.7878167550634285
VAR_003602,0.002396579830845,0.0068400040566446,1.2908318749497744e-05,7.673219967267638e-12,0.013848696796556,0.0001874837420009,0.0255838875153158,0.0054604646182966,0.0001481400000006,3.0736115565713857e-13,2.5694394832928105e-06,0.0016796233177226,0.0033713633497303,0.00025515,8.718593042968201e-12,0.0013887000050941,0.0547713278016683,2.5072629292924054e-08,0.0168915054435534,4.9603536682345617e-14,0.0001212546129239,7.147267115570965e-09,2.927181815876104e-05,0.00085149,9.14671834863709e-07,0.0068400000000061,AFR,1.0,0.0017972471656409,1.0,0.0598470143434097,1.0,0.0005948049040663,0.0,0.0002898567265634,0.0,0.001916894724017,1.0,0.0001241141635675,1.0,0.0040985520784679,1.0,0.0,0.0039140467698115,1.0,1.0,0.0127755481841516,1.0,1.0,0.0006738396211452,1.0,1.0,2.8779772418768168e-05,1.0,1.0,0.017019013741561,1.0,0.0,0.0033177548043321,1.0,0.0,0.0015106049023654,1.0,0.0,0.0003893357937105,1.0,0.0,0.0009618702679335,1.0,0.0,7.19164193187023e-05,1.0,1.0,0.0274701056935053,1.0,1.0,0.004380315488247,1.0,1.0,0.001099306744759,1.0,0.0,0.0002926899315894,1.0,1.0,7.931171793828662e-06,1.0,1.0,4.9355830016143627e-11,1.0,0.0,0.0014722752100174,1.0,0.0,0.0044127287281394,1.0,AllofUs_AFR,0.0,0.004143837508146,1.0,A/A,A/A,5.977825297207544,3.4322384859762414,4.378952774212432,1.0,0.0046703576335624,1.0,0.0,0.0008039910830782,1.0,1.0,3.511424049046408e-05,1.0,0.0,1.5866670191390604e-05,1.0,1.0,0.000520228617406,1.0,1.0,2.7369003762914458e-05,1.0,0.0,0.0040443351373087,1.0,1.0,0.0071500697065303,1.0,1.0,0.0036549897318625,1.0,1.0,0.0927180698493276,1.0,0.0,1.826779547899532e-05,1.0,1.0,0.0389145852550437,1.0,1.0,0.0163601810434812,1.0,0.0,0.0011182864460396,1.0,1.0,0.0547322764622867,1.0,0.0,3.1896343283923986e-05,1.0,1.0,0.0010417617034135,1.0,1.0,0.0172537495742365,1.0,0.0,0.0542894458547507,1.0,1.0,0.0562714415081604,1.0,1.0,0.0734309465005455,1.0,1.0,0.0051037137292704,1.0,1.0,6.664662835740342e-05,1.0,0.0,0.0001060179557593,1.0,0.0,0.0181332968432294,1.0,1.0,0.0263797917380103,1.0,0.0,0.0027783447477448,1.0,0.0,0.0047421000001288,1.0,1.0,0.047213025841458,A/A,0.0087746405362718,0.0,0.0004156452270234,1.0,0.0059549162320793,1.0,1.0,0.0,0.0001133217016179,1.0,0.0,1.0,1.0,0.0001593698429758,1.0,0.7112470859619336,0.0,2.9713354624331655e-05,1.0,1.0,0.0,2.025279777478455e-05,1.0,1.0,1.0,5.330360308298691e-10,1.0,1.0,0.0,0.0143074693420603,1.0,1.0,1.0,2.3201827232399903e-15,1.0,0.0,0.0,,0.0,0.0003646521690991,1.0,0.005727129675397,1.0,0.0,1.0,0.0001406431710952,1.0,1.0,1.0,0.0,5.277326077665433e-09,1.0,1.0,0.0,1.5713991220117292e-08,1.0,1.0,0.0,3.252632313741367e-06,1.0,0.6260787158121689,0.0,0.0108998190495813,1.0,0.0,1.0,0.0054793533488202,1.0,0.0,1.0,1.4338737864539793e-07,1.0,1.0,0.0,0.0,0.0836288379947524,1.0,0.0054779770055202,1.0,1.0,1.0,0.000127626148531,1.0,1.0,1.0,0.0,0.0477099301107337,1.0,0.0,0.0,6.990618003579075e-17,1.0,1.0,1.0,0.0569742881097952,1.0,0.0,0.0,3.1669894185502578e-15,1.0,1.0,1.0,0.0059590873047936,1.0,0.0,1.0,7.689670305548504e-10,1.0,1.0,0.0,1.0,0.0002676698989078,1.0,0.0051200820000001,1.0,1.0,1.0,0.0620640989337427,1.0,1.0,1.0,0.0089226132791563,1.0,1.0,1.0,1.0,4.5450076771877055e-08,1.0,0.0,0.0,0.044569011733944,1.0,0.0,0.0,5.985525477521774e-06,1.0,1.0,0.0,1.9418294069144427e-06,1.0,1.0,1.0,0.0056967754991555,0.0,0.0,0.0,9.494937291457548e-06,1.0,0.0,0.0,0.8938388406597999,0.3799370124287983,1.0,1.6496127242414294,-0.1398917948557058,5.962784645474192,Q,R,0,0.0,0.0,0.0,0.0,0.0,-9.939737301468613,1.6424272069225767,-0.1529206172059051,0.6463070456984708,-1.168225399097953,-1.7654010083555487,-2.2843854086041286,-0.7466972971602102,0.05380214476563621,-0.049478246439440134,26.0,333.0,0.0547713278016683,4.9603536682345617e-14,-1.2614467304981247,-13.295819129248116,1.0,1.0,0.0,1.0,676.0,0.0,0.0,1.0,88.0,103,0.8543689320388349,9.836285423085648,3.0678680691729503,0.8938388406597999,-4.3131719212327635,1.0,4.0,0.0,4.0,0.0,1.0,0.0,0.0,0.0,0.3625923718042449,1.0,0.0,0.0,0.0,0.0,0.0,0.0,0.0,0.0,0.0,0.0,1.0,0.0,polar,pos_charged,polar_to_pos_charged,0.0,0.0,0.0,1.0,0.0,0.0,1.0,1,0.7638320254748096
VAR_004697,,,,,,,3.0789e-06,0.0010883081164306,0.0015774906618538,1.4469102466845916e-08,1.2552139343337776e-05,0.0013864626926819,0.0396363140972998,0.0100418688814983,3.888820378405186e-06,,,,,,,,,,,4.047743752156384e-06,gnomADe_NFE,,,,,,,,,,,,,,,,,,,,,,,,,,,,,,,,,,,,,,,,,,,,,,,,,,,,,,,,,,,,,,,,,,,,,,,,,,,,,,,,,,,,,,,,,,,,,,,,,,,,,,,,,,,,,,,,,,,,,,,,,,,,,,,,,,,,,,,,,,,,,,,,,,,,,,,,,,,,,,,,,,,,,,,,,,,,,,,,,,,,,,,,,,,,,,,,,,,,,,,,,,,,,,,,,,,,,,,,,,,,,,,,,,,,,,,,,,,,,,,,,,,,,,,,,,,,,,,,,,,,,,,,,,,,,,,,,,,,,,,,,,,,,,,,,,,,,,,,,,,,,,,,,,,,,,,,,,,,,,,,,,,,0,1.0,0.0,1.0,1.0,1.0,7.519938329951158,1.010906452410401,1.0482671452266556,-0.06579235979817777,-0.43352351923633403,-0.6711056619438152,1.2824526620688426,-1.8503100601478546,-0.2025534402679645,-0.24360553143814964,10.0,10.0,0.0396363140972998,1.4469102466845916e-08,-1.4019067386880468,-7.839558377758927,0.0,1.0,0.0,0.0,100.0,0.0,1.0,0.0,0.0,1,0.0,,,,,,0.0,0.0,0.0,0.0,0.0,1.0,1.0,0.0,0.8264378219714592,0.0,0.0,0.0,0.0,0.0,0.0,0.0,1.0,0.0,0.0,0.0,0.0,0.0,unknown,unknown,unknown_to_unknown,0.0,0.0,0.0,0.0,0.0,0.0,0.0,0,0.7331968611395429
VAR_004446,,,,,,,3.301611833094844e-05,0.0060719565301245,0.0028970909440347,0.0324313896469817,0.0009747201898358,7.638484281948341e-05,1.0067330503416002e-06,3.1007034305473945e-05,0.0021823952367333,1.225008434825624e-05,0.0004239810348677,0.0047600259925063,0.000747511947097,0.0211032838178003,0.0009877387701214,0.0111086900354341,0.0081661299527244,0.0465760662849243,1.9034618400066104e-06,0.0221288378546575,gnomADe_EAS,,,,,,,,,,,,,,,,,,,,,,,,,,,,,,,,,,,,,,,,,,,,,,,,,1.0,7.108503645083633e-10,1.0,1.0,0.000250340662001,1.0,1.0,0.0002128233320497,1.0,1.0,0.006853771457767,1.0,0.0,8.66115939539129e-12,0.0,0.0,1.5014885648905094e-08,0.0,0.0,0.0012346816771898,1.0,AllofUs_EAS,1.0,7.93226204130092e-06,1.0,C/C,C/C,2.423934798822155,0.5479883096486333,1.0742278595473624,1.0,0.0273803019401507,1.0,1.0,3.5549515600128337e-06,1.0,1.0,0.0285059748917576,1.0,0.0,0.0210846958779473,1.0,0.0,6.811477239368812e-07,1.0,1.0,2.2683758906467282e-07,1.0,1.0,0.0172900260197514,1.0,0.0,0.0012829454596545,1.0,0.0,0.0038081692633239,1.0,0.0,0.0099265633984459,1.0,0.0,0.0375932257499592,1.0,1.0,0.0037797834861379,1.0,0.0,0.0005652300660693,1.0,1.0,2.716382717689373e-13,1.0,0.0,2.7983778372010193e-10,1.0,0.0,1.19692993606685e-07,1.0,1.0,8.518764565071526e-07,1.0,0.0,0.0005001233570929,1.0,1.0,2.127245715360794e-06,1.0,1.0,0.0291265265321939,1.0,1.0,0.0044428601883143,1.0,0.0,2.4131268148655724e-08,1.0,0.0,0.0056604662376518,1.0,1.0,1.2411002792990035e-05,1.0,0.0,0.0005291543993543,1.0,0.0,0.000263569285109,1.0,0.0,0.0145167719538891,1.0,1.0,7.548245817649057e-08,1.0,,,C/C,0.0467749504098581,0.0,0.002220760335292,1.0,7.504030384107702e-08,1.0,0.0,0.0,0.000373606988075,1.0,0.0,1.0,1.0,0.0385965214117443,1.0,0.0,1.0,0.0247405757912476,1.0,1.0,1.0,0.0310620418214203,1.0,1.0,1.0,0.0345062472214422,1.0,0.0,0.0,0.0001017535369076,1.0,1.0,1.0,3.042814757399397e-08,1.0,1.0,1.0,,1.0,4.4111691881265e-06,0.0,0.0229718074417904,1.0,1.0,0.0,2.33848767563738e-08,1.0,1.0,1.0,0.0,2.813683665855698e-12,1.0,0.0,1.0,5.092227000373337e-05,1.0,1.0,0.0,0.0056416834104619,1.0,1.0,0.0,1.2879749194612526e-07,1.0,0.0,0.0,6.405350722006417e-05,1.0,0.0,0.0,0.0001225452292397,1.0,1.0,1.0,1.0,0.0424616285420782,1.0,7.2660848518891855e-06,1.0,1.0,1.0,0.0055384957474025,1.0,0.0,1.0,0.0,4.549230091257111e-12,1.0,0.0,1.0,6.717421078500686e-05,1.0,1.0,1.0,0.0967025207813546,1.0,1.0,0.0,0.0721449469921655,1.0,1.0,0.0,0.0006961168565007,1.0,0.0,0.0,3.0754017040948616e-07,1.0,0.0,0.0,0.0,2.6766e-05,0.0,0.0139664403479006,1.0,0.0,0.0,9.469089817078672e-08,1.0,0.0,1.0,0.002180801378247,1.0,0.0,1.0,1.0,0.0027398142700931,1.0,0.0,1.0,0.0009019620198729,1.0,0.0,1.0,0.0022555685169544,1.0,0.0,1.0,0.0285601432013818,1.0,0.0,1.0,0.0009043997510364,0.0,0.0,0.0,7.819347503989641e-15,1.0,0.0,0.0,0.0050647024467233,0.0034771565211255,0.0170189077114762,-0.1702727540636899,0.480774644529976,1.2811455922394537,D,H,0,1.0,0.0,0.0,1.0,0.0,-7.7774272111634355,0.9843731188402065,5.435811201867803,0.7614328668938465,-1.749738395610934,0.3079133194267778,0.9241464534982406,1.0685740551483198,-0.5010060727903396,0.9667632520507974,20.0,277.0,0.0465760662849243,1.0067330503416002e-06,-1.3318371938367999,-5.997085673139233,0.0,1.0,0.0,1.0,400.0,0.0,0.0,0.0,79.0,94,0.8404255319148937,-0.21814418834716887,0.0027753977326531983,8.619570352687155e-05,-1.4514183463031436,0.0170189077114762,1.0,4.0,-3.0,0.0,0.0,0.0,1.0,0.0,0.7443301190540322,0.0,0.0,1.0,0.0,0.0,0.0,0.0,0.0,0.0,0.0,0.0,1.0,0.0,neg_charged,pos_charged,neg_charged_to_pos_charged,0.0,0.0,0.0,0.0,0.0,0.0,1.0,0,0.7355851245308769
VAR_003656,,,,,,,,,,,,,,,,,,,,,,,,,,,,,,,,,,,,,,,,,,,,,,,,,,,,,,,,,,,,,,,,,,,,,,,,,,,,,,,,,,,,,,,,,,,,,,,,,,,,,G/G,G/G,5.707690887919243,5.475155078826835,,,,,,,,,,,,,,,,,,,,,,,,,,,,,,,,,,,,,,,,,,,,,,,,,,,,,,,,,,,,,,,,,,,,,,,,,,,,,,,,,,,,,,,,G/G,,,,,,,,,,,,,,,,,,,,,,,,,,,,,,,,,,,,,,,,,,,,,,,,,,,,,,,,,,,,,,,,,,,,,,,,,,,,,,,,,,,,,,,,,,,,,,,,,,,,,,,,,,,,,,,,,,,,,,,,,,,,,,,,,,,,,,,,,,,,,,,,,,,,,,,1.0,0.973116442850233,0.983502963290256,9.654485141360947,0.643916337185503,11.661473574428168,W,C,0,1.0,1.0,1.0,1.0,1.0,7.9832658475143266,1.110473819360434,0.7581133467456967,0.8939678506860212,-0.051531957628236036,0.3355656458072709,-0.36501707859039345,0.34222455309622,-0.05071508944522977,-0.11988723048277419,0.0,0.0,0.0,,-15.0,-14.698970004336019,0.0,0.0,1.0,0.0,0.0,1.0,0.0,0.0,0.0,1,0.0,112.58552335069008,5.475155078826835,0.983502963290256,-2.006988433067221,1.0,5.0,0.0,5.0,0.0,0.0,0.0,0.0,0.0,0.8215209917795393,0.0,0.0,0.0,0.0,0.0,0.0,0.0,1.0,0.0,0.0,0.0,1.0,0.0,hydrophobic,hydrophobic,hydrophobic_to_hydrophobic,0.0,0.0,1.0,0.0,0.0,0.0,0.0,0,0.8641469856072381
VAR_003566,,,,,,,0.0240131444807553,0.0001235566902067,2.084483843926988e-05,1.0331643718809545e-07,0.0001701537775932,4.054148372225931e-05,0.0013709766062739,0.0002244848160498,4.3059404608583285e-06,0.000361794592209,8.726330022873705e-05,5.94202042225786e-05,4.121573936762208e-07,0.0330847834583792,2.793597386114342e-12,0.00012630745785,0.042447858782823,0.0034755847898545,0.0040604649077794,0.070332005570233,gnomADe_NFE,,,,,,,,,,,,,1.0,0.0002528135485536,1.0,0.0,0.0004247178734715,1.0,1.0,1.7033663859622713e-08,1.0,1.0,5.342989186191416e-05,1.0,0.0,1.4148970608176772e-05,0.0,1.0,0.0005391140132537,1.0,0.0,8.498492845179883e-05,1.0,1.0,9.789119692215206e-06,1.0,1.0,0.0014036907238424,1.0,1.0,0.0001382720170461,1.0,1.0,1.218893544490395e-06,1.0,0.0,0.0025914164090659,1.0,1.0,0.0003981801506138,1.0,0.0,0.000355280347828,1.0,1.0,0.000182175193308,1.0,0.0,2.4682355873863086e-10,1.0,1.0,0.0006969168260854,1.0,1.0,0.0253234247691034,1.0,0.0,0.0005708429584945,1.0,AllofUs_EUR,1.0,0.0008684590112792,1.0,./.,./.,5.568519560104103,3.2990211419367648,3.858788753585014,1.0,0.0057785277037483,1.0,1.0,0.0125146516109667,1.0,1.0,1.21567957170035e-14,1.0,0.0,0.0058812394612736,1.0,1.0,0.0006692400000004,1.0,1.0,0.0006026400747076,1.0,1.0,7.494300000000042e-06,1.0,0.0,0.0006194409468569,1.0,1.0,0.0182947000634397,1.0,0.0,0.0434305811300347,1.0,1.0,0.0003946988965644,1.0,0.0,0.000742460911929,1.0,0.0,0.0041794391933957,1.0,1.0,8.826551250380177e-06,1.0,0.0,0.0004604161078328,1.0,1.0,0.0140636227497378,1.0,1.0,0.0043858969378512,1.0,0.0,0.0056849679931235,1.0,1.0,8.8581001706053e-06,1.0,0.0,0.0001331817525773,1.0,1.0,0.0036885915983946,1.0,0.0,8.879148945052637e-06,1.0,0.0,2.4682725682881108e-05,1.0,1.0,1.571400472206257e-05,1.0,0.0,0.0001417825360711,1.0,1.0,0.0001803624866715,1.0,1.0,0.0031393061333781,1.0,0.0,0.0001159211049711,1.0,0.0,0.0618241724158718,./.,0.0007307110136479,0.0,0.0074829218860694,1.0,0.0001257341053395,1.0,1.0,1.0,0.0064073573018452,1.0,0.0,1.0,0.0,3.894227634742136e-05,1.0,1.0,1.0,1.4282043384701838e-10,1.0,0.0,0.0,6.720596126617033e-05,1.0,1.0,1.0,0.0006790019140087,1.0,1.0,0.0,0.0042070283189739,1.0,0.0,1.0,3.788806861779449e-05,1.0,1.0,0.0,,1.0,0.0002912999100161,1.0,0.0002255207665321,1.0,0.0,0.0,0.0001066157772528,1.0,1.0,1.0,1.0,0.000177866633346,1.0,0.0,1.0,5.092729533280536e-06,1.0,0.0,1.0,4.22346536523066e-05,1.0,1.0,0.0,0.0274086153207986,1.0,1.0,1.0,0.0147781314606205,1.0,1.0,0.0,0.0012377517239759,1.0,1.0,0.0,1.0,0.0002790000000742,0.0,0.0001158933367305,1.0,0.0,1.0,0.0001354529334439,1.0,0.0,1.0,1.0,0.080408431966199,1.0,1.0,1.0,5.126857866351237e-08,1.0,1.0,1.0,5.395762386545615e-05,1.0,1.0,0.0,0.0008902454667307,1.0,0.0,0.0,0.0005844745869738,1.0,0.0,0.0,2.846285469162642e-10,1.0,1.0,1.0,1.0,0.0031815793943105,0.0,9.66933e-05,1.0,0.0,0.0,0.0012230919125116,1.0,0.6369520858560814,0.0,1.5243930001110787e-05,1.0,0.0,1.0,0.0,9.656907419024642e-06,1.0,0.0,1.0,0.0001825658041801,1.0,1.0,1.0,0.0005780984505474,1.0,1.0,1.0,0.0052682174301095,1.0,0.0,1.0,0.0018307691572919,1.0,0.0,0.0,0.0060337623578855,1.0,1.0,0.0,1.0,1.0,1.0,0.9747438641058268,0.6881753254389208,4.301533650413104,D,H,0,1.0,0.0,0.0,1.0,0.0,-9.664425758298718,1.3499860969377946,-0.12602191691733247,0.37741946761678713,-0.3605297514815905,0.1824212032362198,0.9587085413505725,0.7733978267010226,-0.6324834664635439,-0.07939666817866306,20.0,315.0,0.070332005570233,2.793597386114342e-12,-1.1528469981750076,-11.553680751492653,1.0,1.0,0.0,1.0,400.0,0.0,0.0,0.0,90.0,103,0.8737864077669902,4.192893531984912,3.2990211419367648,1.0,-3.326789786307277,1.0,4.0,1.0,3.0,0.0,0.0,1.0,1.0,0.0,0.8264378219714592,0.0,0.0,0.0,1.0,0.0,0.0,0.0,0.0,0.0,0.0,0.0,1.0,1.0,neg_charged,pos_charged,neg_charged_to_pos_charged,0.0,0.0,0.0,0.0,0.0,0.0,1.0,0,0.7355851245308769
VAR_000980,,,,,,,1.505178885114668e-06,2.9908640958813575e-07,1.256668641795989e-05,3.955787794357007e-05,8.835932998534946e-09,2.3365581016177205e-07,0.001742490266284,3.681243831001977e-07,2.783154073923208e-07,,,,,,,,,,,9.290182052157436e-07,gnomADe_NFE,,,,,,,,,,,,,,,,,,,,,,,,,,,,,,,,,,,,,,,,,,,,,,,,,,,,,,,,,,,,,,,,,,,,,,,,,,C/C,C/C,6.057851673935155,5.143742542682912,6.052870001927555,,,,,,,,,,,,,,,,,,,,,,,,,,,,,,,,,,,,,,,,,,,,,,,,,,,,,,,,,,,,,,,,,,,,,,,,,,,,,,,,,,,,,,,C/C,8.510519118678922e-07,,,,,,,,,,,,,,,,,,,,,,,,,,,,,,,,,,,,,,,,,,,,,,,,,,,,,,,,,,,,,,,,,,,,,,,,,,,,,,,,,,,,,,,,,,,,,,,,,,,,,,,,,,,,,,0.0,5.58921129383685e-07,1.0,0.0009651192444105,1.0,0.0,0.0,0.0255865762189243,1.0,0.0,1.0,0.0787617465493517,1.0,1.0,1.0,1.0,1.7309791710978524e-05,1.0,0.0,1.0,2.7674951348878977e-22,1.0,1.0,0.0,0.0005057570864598,1.0,1.0,0.0,0.0013470363055446,1.0,0.0,0.0,1.967368971883213e-06,1.0,0.0,1.0,0.005552637272228,1.0,0.0,1.0,1.0,1.0,0.9429624468175464,5.853948626798337,0.6343294448441903,4.851755207192118,T,R,1,1.0,0.0,1.0,1.0,0.0,5.200988328773228,-0.46311383758176006,2.0266317990303335,-5.281915803801951,-0.06693962100811746,-0.16197518858625903,-0.21798781084411845,-0.31302244373171106,-0.20768202452155682,-0.009732374567367953,10.0,51.0,0.001742490266284,8.835932998534946e-09,-2.7588296392331206,-8.053747536822685,0.0,0.0,0.0,0.0,100.0,0.0,1.0,0.0,12.0,16,0.75,28.40192573270398,5.143742542682912,0.9429624468175464,1.0021934196062183,1.0,5.0,0.0,5.0,0.0,0.0,1.0,1.0,0.0,0.8264378219714592,0.0,0.0,0.0,0.0,0.0,0.0,0.0,1.0,0.0,0.0,0.0,1.0,0.0,polar,pos_charged,polar_to_pos_charged,0.0,0.0,0.0,1.0,0.0,0.0,1.0,0,0.8405203744084969
VAR_003630,0.0061200030549438,0.0727086739442943,0.0015228414309046,2.963283262712441e-05,6.922589805901432e-08,0.021886786205349,0.0017403969595308,0.0170073603760375,0.0016569800254984,0.0035368120861466,0.0232875058816667,6.959489344863877e-05,0.0001821152772796,0.0403780191780553,0.0010171748060399,0.0034694232610122,0.0111060000000153,9.556795850007744e-08,0.002058010201701,0.0015851105252501,0.0003919661565667,1.240013564606572e-06,0.0001588500000002,0.0031999171739149,0.0074194552608995,0.0306977517806117,AFR,1.0,0.0061105729085782,1.0,0.0224659845280037,1.0,0.0013214155876473,1.0,7.454101849014116e-10,0.0,2.0804027075037214e-11,0.0,0.0092365583944934,1.0,0.009356694773892,1.0,1.0,0.0091526600600683,1.0,1.0,0.0127889019319566,1.0,1.0,0.0042392056757527,1.0,1.0,0.0222549539572217,0.0,0.0,0.0006523361189339,1.0,1.0,0.0046811413261368,1.0,0.0,0.0011259408452673,1.0,0.0,0.0450185151037422,1.0,0.1113000769886627,2.162238056925628e-08,1.0,1.0,0.0015597450979953,1.0,1.0,0.0018493420998979,1.0,1.0,0.0136035486451122,1.0,0.0,0.0031194,1.0,1.0,0.0029165895645586,1.0,0.0,0.0035417838352484,0.0,1.0,0.0002137076116526,1.0,1.0,0.0039411,1.0,1.0,0.0106749612055688,1.0,AllofUs_AFR,1.0,0.0001704870613839,0.0,./.,./.,5.540165740922994,4.6058072669342565,5.030067568981606,1.0,0.0103500000000102,1.0,1.0,0.00140692718936,1.0,1.0,0.0008730958898065,1.0,0.0,0.0075709490991303,1.0,0.0,0.0002815245692881,1.0,1.0,0.0771830675874028,1.0,1.0,0.0012402972230109,1.0,1.0,0.00028575,1.0,1.0,0.0245784464213852,1.0,1.0,0.0006285177735885,1.0,1.0,0.0002653578277316,1.0,1.0,0.0031094226623708,1.0,1.0,0.010665003180096,1.0,1.0,0.0009639000000016,1.0,1.0,9.657000115682827e-05,1.0,1.0,0.0001317284399192,1.0,1.0,0.0025030154874568,1.0,1.0,0.0032734301789968,1.0,0.0,0.000967081558274,1.0,1.0,0.0110694753996114,1.0,0.0,0.0004138941391684,1.0,1.0,8.553524657584629e-05,1.0,1.0,0.0003812481397893,1.0,1.0,0.0001374300023643,1.0,1.0,0.0022446001081641,1.0,1.0,0.0097650470583153,1.0,1.0,0.0023052239091916,1.0,1.0,0.0105480000010368,1.0,1.0,0.0040787374762502,./.,0.0226988735752676,1.0,0.0410952476106454,1.0,0.012346022355244,1.0,0.0,1.0,0.0023494030192402,1.0,0.4130791511157001,1.0,1.0,0.0015859185920011,1.0,0.0,0.0,3.984795992095008e-11,1.0,0.0,0.0,3.933554021818781e-08,1.0,1.0,1.0,0.0006382603545804,1.0,0.0,1.0,0.0123460256719506,1.0,0.0,0.0,0.0004702116968971,1.0,0.0,1.0,,0.0,0.0165353537226774,1.0,0.0289574635491512,1.0,0.0,0.0,0.0293455861810766,1.0,1.0,1.0,0.0,0.0013546102202861,1.0,0.0,1.0,0.0256623725731733,1.0,0.0,1.0,4.665799167108845e-05,1.0,0.0,0.0,0.0001471336260377,1.0,1.0,1.0,0.00953415051742,1.0,1.0,0.0,3.104045256103209e-05,1.0,0.0,0.0,1.0,0.0011011781863426,1.0,0.0100038693077193,1.0,0.0,1.0,0.0014133510005172,1.0,1.0,1.0,0.0,0.0988050932600737,1.0,0.0,0.0,4.788022786296717e-06,1.0,1.0,1.0,4.739732378886819e-05,1.0,0.0,1.0,0.00015556172172,1.0,1.0,1.0,0.0100038600000003,1.0,1.0,1.0,0.0002251702539625,1.0,0.0,0.0,1.0,0.0007815947681357,1.0,0.0113217351642378,1.0,1.0,0.0,1.9784900224342043e-07,1.0,1.0,0.0,0.0018141322776788,1.0,0.0,1.0,0.0,0.0013786360618524,1.0,1.0,0.0,0.0007365461822554,1.0,0.0,1.0,0.001009341687812,1.0,1.0,1.0,0.0114654944383247,1.0,1.0,1.0,0.0102447905699859,1.0,1.0,1.0,0.0056409869202626,1.0,1.0,1.0,0.0,0.050732502928422,0.0611564437537981,1.4677971628098414,0.7495452209997466,3.3099700985809903,H,R,0,0.0,0.0,0.0,0.0,0.0,-9.939737301468613,1.6424272069225767,-0.1529206172059051,0.6463070456984708,-1.168225399097953,-1.7654010083555487,-2.2843854086041286,-0.7466972971602102,0.05380214476563621,-0.049478246439440134,26.0,333.0,0.0727086739442943,6.922589805901432e-08,-1.1384137759162616,-7.1597313952236545,1.0,1.0,0.0,1.0,676.0,0.0,0.0,1.0,95.0,103,0.9223300970873787,4.858364719682589,0.0,0.0,-1.842172935771149,0.0611564437537981,2.0,2.0,0.0,0.0,1.0,0.0,0.0,0.0,0.3625923718042449,1.0,0.0,0.0,0.0,0.0,0.0,0.0,0.0,0.0,0.0,0.0,1.0,1.0,pos_charged,pos_charged,pos_charged_to_pos_charged,0.0,0.0,0.0,1.0,0.0,0.0,0.0,0,0.7526441487546912
VAR_001249,,,,,,,1.2375957841083512e-06,3.3602811061669895e-22,0.0395048678743722,0.0370508094319491,0.0005049888312283,0.0019219836242535,0.0050576562371137,1.1021521031079233e-16,4.135180944000415e-15,,,,,,,,,,,1.6536069353149694e-06,gnomADe_NFE,,,,,,,,,,,,,0.088416039014393,0.0001122905425303,1.0,1.0,2.5860531255603023e-06,1.0,0.0,7.195393557279571e-18,1.0,0.0,6.614919314970286e-08,0.0,0.0,3.085771484642856e-06,0.0,0.0,0.0026157254657491,1.0,1.0,1.60971507613682e-05,1.0,1.0,6.484797675658378e-20,1.0,0.0,0.0001177183504818,1.0,0.0,1.0094969128807983e-09,1.0,0.0,1.168687751873336e-09,0.0,1.0,0.0001811880084256,1.0,1.0,8.443868952774902e-11,0.0,0.0,9.171000153193272e-06,1.0,1.0,0.0162479646680828,1.0,1.0,4.486879575610762e-05,0.0,0.0,0.0683027937391574,1.0,0.0,7.370777196698071e-11,1.0,1.0,0.0551871816177023,1.0,AllofUs_EUR,0.0,9.315803338391036e-05,0.0,G/G,G/G,5.429746638053076,-0.9122060423358068,-0.5402803731284,0.0,0.0058351585835689,1.0,0.0,0.0001762263467426,1.0,0.0,0.0001846483166508,1.0,1.0,5.164052601218276e-11,1.0,1.0,4.104000000001167e-06,1.0,1.0,0.0112034124685715,1.0,0.0,0.0356889443791223,1.0,1.0,0.0274216483988198,1.0,1.0,0.0012601559509574,1.0,0.0,1.508393348315417e-06,1.0,0.0,0.0739105347885735,1.0,1.0,0.0001641654679907,1.0,1.0,3.551057877660294e-09,1.0,1.0,5.12345198041785e-06,1.0,0.0,0.0022025110836805,1.0,0.0,4.307819646119925e-06,1.0,0.0,0.0808945881295793,1.0,1.0,1.1240735911104308e-06,1.0,0.0,5.872910677705039e-10,1.0,1.0,6.968035493201076e-08,1.0,1.0,2.22050003805619e-05,1.0,1.0,0.0192381010334856,1.0,1.0,8.092850607299486e-16,1.0,1.0,2.6234626131808138e-06,1.0,1.0,4.3606303802702665e-09,1.0,1.0,0.0290390552968429,1.0,0.0,0.011219399720994,1.0,0.0,1.0618075436440316e-11,1.0,1.0,2.4872858998202252e-05,G/G,0.0374163341281317,,,,,,,,,,,,,,,,,,,,,,,,,,,,,,,,,,,,,,,,,,,,,,,,,,,,,,,,,,,,,,,,,,,,,,,,,,,,,,,,,,,,,,,,,,,,,,,,,,,,,,,,,,,,,,1.0,1.934347126135028e-05,0.0,6.880399395802666e-23,1.0,0.0,0.0,2.7820156626957287e-08,1.0,0.0,1.0,1.1797819044867896e-14,1.0,0.0,1.0,1.0,1.1443787088147733e-12,1.0,0.0,1.0,1.2163858262971636e-11,1.0,0.0,1.0,0.0003171109964761,1.0,0.0,1.0,0.0429262686071058,1.0,1.0,1.0,0.0004043939219099,1.0,0.0,0.0,0.000631809476,1.0,1.0,1.0,1.0,1.0,1.0,0.5207158806372691,0.6555315328669441,0.3612241740041031,E,D,0,1.0,0.0,1.0,1.0,0.0,-3.032930950856276,-6.196506995841568,-2.7771628556808228,-1.1999978548528072,-1.2335262540977416,1.4528657229672979,0.03038873825645405,-1.0773905622699735,-0.10885513493781199,-0.8354824152861356,10.0,197.0,0.0395048678743722,3.3602811061669895e-22,-1.4033493863805746,-14.999999854064871,0.0,1.0,0.0,0.0,100.0,0.0,1.0,0.0,62.0,71,0.8732394366197183,0.1880951638740167,-0.9122060423358068,1.0,0.15949170663316603,1.0,2.0,3.0,-1.0,0.0,0.0,1.0,1.0,0.0,0.8264378219714592,0.0,0.0,0.0,1.0,0.0,0.0,0.0,0.0,0.0,0.0,0.0,1.0,0.0,neg_charged,neg_charged,neg_charged_to_neg_charged,0.0,0.0,0.0,0.0,0.0,0.0,0.0,0,0.6969076641543377
VAR_002394,,,,,,,1.7244013417779918e-05,0.0002630719213383,0.0097954800581383,0.0032141963855805,3.0117216225758343e-11,3.1947300091679023e-06,4.63567607862893e-05,0.0019274234662918,0.0022724210667285,1.183500118242672e-05,0.0026196441333812,0.0028935803676952,2.8087928203270572e-09,0.0013749778274559,0.0035477711992849,0.0594451113936504,0.0007282556252323,0.0002375096649655,1.1041110194525876e-11,0.0001093542695436,gnomADe_AFR,,,,,,,,,,,,,0.0,4.521028609810258e-10,1.0,1.0,0.000274045972384,1.0,1.0,0.0002382410187149,1.0,0.0,0.0804043117258175,1.0,0.0,0.012380957891445,1.0,0.0,0.0027770932182414,1.0,1.0,0.0003890563149608,1.0,1.0,0.0084815806134337,1.0,0.0,0.027541744951662,1.0,0.0,0.0231560986160992,1.0,0.0,8.532506281628199e-09,1.0,1.0,0.0002289962664039,1.0,0.0,0.0001236094055195,1.0,0.0,0.0965119765544857,1.0,1.0,0.0019156480110536,1.0,1.0,0.0725043159058254,1.0,1.0,0.0003205465568559,1.0,0.0,4.781910525311432e-09,1.0,1.0,0.0002452951351507,0.0,AllofUs_EAS,1.0,0.0011957282031627,1.0,C/C,C/C,5.43433322156179,5.43184375056136,,0.0,6.281100001167959e-05,1.0,1.0,0.0014878707936956,1.0,0.0,0.0007853296210647,1.0,1.0,0.0001405652435152,1.0,1.0,0.0127515662978844,1.0,1.0,8.543700001227131e-06,1.0,1.0,2.9572178558227517e-05,1.0,0.0,2.3762325597209425e-05,1.0,0.0,3.31601951838317e-05,1.0,1.0,4.477723958655519e-07,1.0,1.0,0.0002708961189046,1.0,1.0,0.0094123140031864,1.0,0.0,6.983286262258753e-05,1.0,0.0,0.0071291475270695,1.0,1.0,0.0006121360852995,1.0,0.0,0.005760343369777,1.0,1.0,0.0545866859347366,1.0,1.0,0.0019867495705501,1.0,0.0,1.772243373292291e-05,1.0,0.0,6.928200010059133e-05,1.0,0.0,1.94490012266952e-05,1.0,0.0,0.0220222339570728,1.0,1.0,0.0414647608303329,1.0,0.0,0.0001186589368783,1.0,1.0,7.602193895702516e-06,1.0,0.0,6.864300364537834e-05,1.0,1.0,8.841172305898013e-06,1.0,0.0,6.385500040914444e-05,1.0,0.0,1.3602031909338573e-05,C/C,0.0004016855062314,0.0,8.406933832512017e-06,0.0,0.0162777482144865,1.0,0.0,1.0,7.947228916648645e-10,1.0,1.0,1.0,1.0,3.229885389549676e-06,1.0,0.0,1.0,7.359987963719167e-29,1.0,0.0,1.0,0.0146845352642379,1.0,1.0,1.0,0.0014640388706006,1.0,0.0,0.0,5.7368700346893424e-05,1.0,1.0,0.0,0.0148764098801512,1.0,0.0,0.0,,0.0,0.0054488937101901,0.0,0.0053046571372999,1.0,1.0,1.0,0.0063664981597472,1.0,0.0,1.0,1.0,2.2370990173289063e-08,1.0,0.0,0.0,0.0009395854973498,1.0,0.0,0.0,0.0236652450247142,1.0,1.0,0.0,0.0094177229185105,1.0,1.0,1.0,0.0001208862341645,1.0,1.0,1.0,2.949273143142655e-05,1.0,1.0,0.0,1.0,3.628879089893916e-05,1.0,0.0001112924621305,1.0,0.0,1.0,0.0014248283017799,1.0,1.0,1.0,1.0,1.9122674869918836e-16,1.0,0.0,1.0,3.838357590503261e-07,1.0,1.0,0.0,4.8976577756893584e-08,1.0,0.0,1.0,0.0209624257023724,1.0,1.0,0.0,0.0241788833049095,1.0,1.0,0.0,0.0019770445493254,1.0,1.0,1.0,1.0,0.012166572875071,0.0,4.8076953173100384e-05,1.0,0.0,0.0,1.697282436040626e-11,1.0,1.0,0.0,3.0735582537437327e-08,1.0,1.0,1.0,1.0,0.0503919542718806,1.0,0.0,1.0,0.0049788023989166,1.0,1.0,0.0,9.661788616568063e-07,1.0,0.0,0.0,0.0117396651320697,1.0,1.0,0.0,0.0012697919719652,1.0,1.0,1.0,4.516446293104756e-05,1.0,1.0,0.0,1.0,0.9945502617286136,1.0,5.200228686657036,0.5622130223381789,7.853208348094883,R,C,1,1.0,0.0,0.0,1.0,1.0,-9.664425758298718,1.3499860969377946,-0.12602191691733247,0.37741946761678713,-0.3605297514815905,0.1824212032362198,0.9587085413505725,0.7733978267010226,-0.6324834664635439,-0.07939666817866306,20.0,315.0,0.0594451113936504,1.1041110194525876e-11,-1.2258838547889028,-10.956947923140843,1.0,1.0,0.0,1.0,400.0,0.0,0.0,0.0,87.0,103,0.8446601941747572,40.838479334057524,5.43184375056136,1.0,-2.652979661437847,1.0,5.0,0.0,5.0,0.0,1.0,0.0,1.0,0.0,0.6666356502589871,0.0,0.0,1.0,0.0,0.0,0.0,0.0,0.0,0.0,0.0,0.0,1.0,0.0,pos_charged,hydrophobic,pos_charged_to_hydrophobic,0.0,0.0,1.0,1.0,0.0,0.0,1.0,-3,0.7481329845710603
VAR_000893,0.016192565042236,0.0014976136039778,0.0003471131348173,0.0112109961167718,0.0107696176081993,3.820692542544389e-20,0.0017660885359767,0.0013723855336456,9.306102550341569e-05,0.0006837250950446,4.746888861887739e-05,3.410763313563966e-05,3.2778000034993483e-06,0.0010958332719259,0.0028783568772141,0.0003094905319964,0.0006276766444941,0.0899587762239839,1.078393326389857e-11,0.0136695313869924,0.0020267935196792,6.20201784194131e-05,5.6537442958129247e-08,0.0004253400613672,0.0028337571156313,0.0016706789193193,AFR,0.0,0.0003716972932842,0.0,0.0016235582496835,1.0,0.0005531832276101,1.0,0.0160558708122044,1.0,7.644864898451821e-11,0.0,0.0005680797433736,1.0,0.0004962847341551,1.0,1.0,0.0001185458869726,1.0,0.0,0.0002699731973814,1.0,0.0,0.0251495142931447,1.0,1.0,2.2709559675282737e-07,1.0,1.0,3.304599786932259e-11,1.0,0.0,7.716993509345225e-09,1.0,1.0,0.049028303831484,1.0,0.0,0.0198098250484327,1.0,0.2071656911721711,1.8675551538904e-08,0.0,1.0,3.420156921661324e-12,1.0,0.0,2.7050303995750654e-05,1.0,1.0,0.0009916451950389,1.0,0.0,0.00025488,1.0,1.0,9.188683829728855e-05,1.0,0.0,0.0456549740009865,1.0,1.0,4.434412253133145e-06,1.0,1.0,0.0005113800004864,1.0,1.0,0.0022905182759257,0.0,AllofUs_MID,0.0,3.428711360865602e-13,0.0,G/G,G/G,4.85035427800227,1.1950865090287954,1.3229629925234538,1.0,0.0009573446766835,1.0,0.0,0.0112577477100166,1.0,1.0,0.0799298375645003,1.0,1.0,0.0349163108914257,1.0,1.0,0.000110122777617,1.0,1.0,0.001529307083499,1.0,0.0,0.0066471397037185,1.0,1.0,1.3668996385526732e-05,1.0,1.0,0.0330683211419215,1.0,1.0,3.125779272132057e-05,1.0,1.0,8.914584886812068e-09,1.0,1.0,7.408800063398942e-06,1.0,1.0,0.0007871404986322,1.0,1.0,0.0996822594507572,1.0,0.0,0.012488087273642,1.0,1.0,0.005269080356182,1.0,0.0,0.0025115635681318,1.0,1.0,0.0028817697794841,1.0,1.0,0.0002015621391479,1.0,0.0,0.0008412302332225,1.0,0.0,3.6000000028794257e-06,1.0,1.0,4.943568008647824e-05,1.0,0.0,0.0012103048223204,1.0,0.0,0.014187524244736,1.0,0.0,7.707767160382783e-05,1.0,1.0,0.0012834153323545,1.0,0.0,0.0008251590292666,1.0,1.0,0.0008368093750379,1.0,1.0,0.0002996715539608,G/G,0.0033543000000027,0.0,5.30866560766948e-05,1.0,0.0008430400309679,1.0,0.0,0.0,0.0518917822281088,1.0,1.0,1.0,0.0,1.6768719823876943e-16,1.0,1.0,0.0,3.623114947741403e-07,1.0,1.0,1.0,2.0852826431557894e-07,1.0,0.0,1.0,2.2563020572671627e-20,1.0,0.0,1.0,0.0008457464167111,1.0,1.0,0.0,1.0583556678877097e-13,1.0,1.0,0.0,,0.0,6.591540198330086e-05,0.0,0.0238187523567617,1.0,1.0,1.0,6.272663854842294e-05,1.0,1.0,1.0,1.0,9.679043515125786e-06,1.0,1.0,1.0,6.521535674013429e-05,1.0,0.0,1.0,4.555817536309026e-05,1.0,0.0,0.0,0.0026993968436828,1.0,0.0,1.0,0.0010347489875941,1.0,0.0,0.0,3.557282548281649e-05,1.0,0.0,0.0,0.0,6.283787218655824e-05,0.0,0.0006580176826858,1.0,1.0,0.0,0.0010434857019272,1.0,1.0,1.0,0.0,0.0045151707143142,1.0,1.0,1.0,0.011158865695018,1.0,0.0,1.0,0.0005218288795076,1.0,1.0,1.0,1.439740121753587e-07,1.0,0.0,1.0,0.0007653795804041,1.0,0.0,0.0,3.436906259588138e-05,1.0,1.0,0.0,0.0,0.0053187416956995,0.0,0.0009437040010756,1.0,0.0,0.0,0.0023102397613402,1.0,0.0,0.0,0.0349674027246639,1.0,1.0,1.0,1.0,9.069923250594646e-06,1.0,0.0,1.0,4.17584475247691e-05,1.0,0.0,0.0,0.0055121963750779,1.0,1.0,0.0,0.0391468584786905,1.0,1.0,0.0,0.0009437040082122,1.0,0.0,1.0,3.226263651222194e-05,1.0,1.0,1.0,0.0142337404292807,0.0209584844932328,0.0,0.4324788802904957,-0.1749164079638078,0.9439809478513008,E,K,0,0.0,0.0,0.0,0.0,0.0,-9.939737301468613,1.6424272069225767,-0.1529206172059051,0.6463070456984708,-1.168225399097953,-1.7654010083555487,-2.2843854086041286,-0.7466972971602102,0.05380214476563621,-0.049478246439440134,26.0,333.0,0.0899587762239839,3.820692542544389e-20,-1.0459564612264618,-14.999983407260094,1.0,1.0,0.0,1.0,676.0,0.0,0.0,1.0,90.0,103,0.8737864077669902,0.4082518233422914,0.0170105511600511,0.0,-0.5115020675608051,0.0209584844932328,1.0,4.0,-3.0,0.0,1.0,0.0,0.0,0.0,0.3625923718042449,0.0,0.0,0.0,0.0,1.0,0.0,0.0,0.0,0.0,0.0,0.0,1.0,0.0,neg_charged,pos_charged,neg_charged_to_pos_charged,0.0,0.0,0.0,0.0,0.0,0.0,1.0,1,0.8039055130752403
VAR_004652,0.00018001140474,1.9404404449990708e-17,2.327770964145524e-11,1.5063638447367849e-06,0.0085994690833843,1.2057916436009608e-25,0.0003196453744808,0.0213421690962316,0.0001207800016712,4.826673618030475e-05,7.884116136599199e-08,0.000905648175334,0.0158731123645604,0.0004691304870297,0.0286422469469469,0.0003774438703665,0.0009397475207215,0.0070536058509584,0.0002665795520015,3.3283171435053063e-10,3.172239479981023e-07,0.0006089354417424,0.0002911500038524,7.294537024697265e-09,0.0030567448959132,0.0009000000000918,EUR,,,,,,,,,,,,,,,,,,,,,,,,,,,,,,,,,,,,,,,,,,,,,,,,,,,,,,,,,,,,,,,,,,,,,,,,,,,,,,,,,,,,,,,,,,,,,,,,,,,,,,,,,,,,,,,,,,,,,,,,,,,,,,,,,,,,,,,,,,,,,,,,,,,,,,,,,,,,,,,,,,,,,,,,,,,,,,,,,,,,,,,,,,,,,,,,,,,,,,,,,,,,,,,,,,,,,,,,,,,,,,,,,,,,,,,,,,,,,,,,,,,,,,,,,,,,,,,,,,,,,,,,,,,,,,,,,,,,,,,,,,,,,,,,,,,,,,,,,,,,,,,,,,,,,,,,,,,,,,,,,,,,0,0.0,0.0,0.0,1.0,1.0,7.018883705299926,1.3713327618119886,0.7818769495485957,0.10897830042379897,-1.8691571374125457,-3.5180972802729786,1.101035398062903,-0.641013169945691,0.43656146434152476,0.34290389760019696,26.0,26.0,0.0286422469469469,1.2057916436009608e-25,-1.5429929151915898,-14.999999999947633,0.0,1.0,0.0,1.0,676.0,0.0,0.0,1.0,0.0,1,0.0,,,,,,0.0,0.0,0.0,0.0,0.0,0.0,0.0,0.0,0.5999370128336352,0.0,0.0,0.0,0.0,0.0,0.0,0.0,1.0,0.0,0.0,0.0,0.0,0.0,unknown,unknown,unknown_to_unknown,0.0,0.0,0.0,0.0,0.0,0.0,0.0,0,0.7331968611395429
VAR_004650,,,,,,,0.0001634412018167,0.0508659763388915,1.1607509258341354e-08,3.328410161353956e-19,1.2620557863022252e-06,1.4915273242965052e-05,0.002495487683873,0.0322473525254693,4.8642925501016894e-12,0.0083749563263894,0.0031299379644528,0.0229101860533628,1.2926799503190856e-27,3.3153179103302215e-07,0.0836629324347538,1.3996967620717691e-06,0.0208906031077293,3.4169548639812732e-09,0.0001574399224587,5.7631573493900255e-05,gnomADe_NFE,,,,,,,,,,,,,,,,,,,,,,,,,,,,,,,,,,,,,,,,,,,,,,,,,,,,,,,,,,,,,,,,,,,,,,,,,,,,,,,,,,,,,,,,,,,,,,,,,,,,,,,,,,,,,,,,,,,,,,,,,,,,,,,,,,,,,,,,,,,,,,,,,,,,,,,,,,,,,,,,,,,,,,,,,,,,,,,,,,,,,,,,,,,,,,,,,,,,,,,,,,,,,,,,,,,,,,,,,,,,,,,,,,,,,,,,,,,,,,,,,,,,,,,,,,,,,,,,,,,,,,,,,,,,,,,,,,,,,,,,,,,,,,,,,,,,,,,,,,,,,,,,,,,,,,,,,,,,,,,,,,,,0,1.0,0.0,0.0,1.0,1.0,7.10300782106796,1.2653464072638068,0.7820626855562817,0.016235266430623785,-1.5555682239007507,-2.743622614435031,2.1290436390941627,-0.10143360293381809,0.10382736926240113,0.18670915272869912,20.0,20.0,0.0836629324347538,1.2926799503190856e-27,-1.077466917212798,-14.999999999999439,1.0,1.0,0.0,1.0,400.0,0.0,0.0,0.0,0.0,1,0.0,,,,,,0.0,0.0,0.0,0.0,0.0,1.0,1.0,0.0,0.8264378219714592,0.0,0.0,0.0,0.0,0.0,0.0,0.0,1.0,0.0,0.0,0.0,0.0,0.0,unknown,unknown,unknown_to_unknown,0.0,0.0,0.0,0.0,0.0,0.0,0.0,0,0.7331968611395429
VAR_004132,0.0011458665237307,0.0202770794819288,0.0693725999864012,0.0036000001517497,1.505718077951169e-05,0.0466325844693994,0.0008939113891007,4.091901757105168e-12,0.0213176391028954,1.4041046129722783e-05,0.0336338645336222,0.0144386841699609,0.0204723816139917,0.0002537584557957,0.0670293114493119,0.0002339606691167,5.263318337878682e-13,4.822880399295338e-07,5.88870490063696e-05,0.0802670264295957,0.0045108039286227,0.0040396259974258,1.3281073832337122e-05,0.0220423359300558,0.0055923970153487,0.0045124390561884,gnomADg_EAS,1.0,0.0007188500097749,0.0,1.4119197378350943e-14,1.0,0.0085909755629733,1.0,0.0036122280346564,0.0,3.84183955840388e-08,1.0,0.0037554096636434,0.0,0.0002851039354936,1.0,1.0,1.822523192373611e-07,1.0,0.0,0.0120392653771386,1.0,0.0,0.0070675011253329,1.0,1.0,0.0254728748537457,1.0,1.0,2.396940182926734e-09,1.0,1.0,2.1806872426164018e-06,1.0,1.0,1.2899990554186924e-05,1.0,0.0,0.0003497526120273,1.0,1.0,0.0054878303117877,1.0,0.0,4.772345838763848e-09,1.0,0.0,0.0623891876892812,1.0,1.0,3.755802857653206e-05,0.0,1.0,0.0001159719942402,1.0,1.0,0.0097610840700695,1.0,1.0,0.0042687064764014,1.0,0.0,7.063090916200712e-06,1.0,1.0,0.0060084297425209,1.0,1.0,0.0053508567131981,1.0,AllofUs_EAS,1.0,0.0001935000178123,1.0,C/C,C/C,5.341765227066386,0.8943443737181513,0.8067865298882017,1.0,0.0023116097522787,1.0,0.0,0.0006010502960069,1.0,0.0,8.407267394657254e-13,1.0,1.0,0.0011300546218648,1.0,1.0,4.338914151439545e-06,1.0,1.0,0.0028770366682061,1.0,0.0,0.0020204901453848,1.0,1.0,4.388815200158879e-06,1.0,1.0,0.0009286679578045,1.0,1.0,0.0011034105698855,1.0,0.0,0.0004400361678281,1.0,1.0,4.44870199847903e-06,1.0,0.0,1.0961771936234397e-05,1.0,1.0,2.1657083769017917e-06,1.0,0.0,0.0065322940209066,1.0,0.0,0.0006921359175501,1.0,0.0,0.0991840426257684,1.0,1.0,1.0247535864086088e-06,1.0,0.0,0.031031401838083,1.0,0.0,3.759576678924108e-05,1.0,1.0,4.213836679398571e-06,1.0,0.0,0.0002760727838071,1.0,0.0,0.0001747001871955,1.0,1.0,0.0044914725190972,1.0,0.0,0.000462146322674,1.0,0.0,4.325436621834974e-06,1.0,0.0,0.0022004535608065,1.0,0.0,0.0002505831089274,1.0,0.0,0.000204015566984,C/C,0.0287966670824845,0.0,0.000421119034413,1.0,0.0019337978749816,1.0,0.0,0.0,0.0040048170304567,1.0,1.0,1.0,1.0,3.530123744214408e-19,1.0,0.0,0.0,0.0049749503549754,1.0,1.0,0.0,2.4547661022871375e-13,1.0,0.0,0.0,0.0386342647346601,1.0,1.0,1.0,0.0051275379627801,1.0,0.0,1.0,0.0004664482719786,1.0,0.0,1.0,,1.0,0.0003539714133869,1.0,1.6400795734003167e-08,1.0,0.0,0.0,1.9511833726601613e-06,1.0,1.0,1.0,1.0,2.853773100648956e-08,1.0,1.0,0.0,0.0058238198378766,1.0,0.0,1.0,0.0007461474253316,1.0,0.369043236964249,0.0,0.0044151744399832,1.0,0.0,1.0,0.0045400349181816,1.0,0.0,1.0,9.498194783831548e-05,1.0,1.0,0.0,1.0,0.0153354134268379,1.0,0.0079132455291125,1.0,1.0,0.0,0.0472335973041864,1.0,1.0,1.0,0.0,6.936127825451878e-17,1.0,1.0,1.0,0.0044950561104014,1.0,1.0,0.0,0.0003539134316839,1.0,0.0,0.0,0.0189611029397206,1.0,1.0,1.0,0.0049135139888825,1.0,1.0,0.0,4.545275093228363e-09,1.0,1.0,0.0,1.0,0.0001528677217053,0.0,9.921194031808792e-11,1.0,1.0,0.0,1.0553710994087868e-05,1.0,0.416100659287541,0.0,0.0005186052291738,1.0,0.0,1.0,0.0,5.4702470141833946e-08,1.0,0.0,1.0,0.0042332455178884,1.0,0.0,1.0,1.1935722707223553e-08,1.0,1.0,1.0,0.0002527782196583,1.0,1.0,1.0,0.003854061574831,1.0,1.0,1.0,4.233434619156649e-05,1.0,1.0,0.0,0.8944058848094864,0.9806203955796792,0.9838129121915944,0.3919421436838172,-0.0930658739705199,-0.2931772104430195,E,D,0,0.0,0.0,0.0,0.0,0.0,-9.939737301468613,1.6424272069225767,-0.1529206172059051,0.6463070456984708,-1.168225399097953,-1.7654010083555487,-2.2843854086041286,-0.7466972971602102,0.05380214476563621,-0.049478246439440134,26.0,333.0,0.0802670264295957,5.263318337878682e-13,-1.0954628255885455,-12.277916010536348,1.0,1.0,0.0,1.0,676.0,0.0,0.0,1.0,89.0,103,0.8640776699029126,-0.11490850434027865,0.7999068708997691,0.8799280582157205,0.6851193541268367,0.9838129121915944,3.0,2.0,1.0,0.0,0.0,0.0,0.0,1.0,0.6537936645408499,0.0,0.0,1.0,0.0,0.0,0.0,0.0,0.0,0.0,0.0,0.0,1.0,0.0,neg_charged,neg_charged,neg_charged_to_neg_charged,0.0,0.0,0.0,0.0,0.0,0.0,0.0,0,0.6969076641543377
VAR_004659,,,,,,,2.4642000001225755e-06,0.0024874396874612,9.238718312323285e-13,6.57752197354998e-11,9.192916604322175e-10,7.574940052420912e-21,0.0038321911586954,1.5333131849558764e-05,4.3208061354152313e-07,,,,,,,,,,,1.5957354065732367e-05,gnomADe_REMAINING,,,,,,,,,,,,,,,,,,,,,,,,,,,,,,,,,,,,,,,,,,,,,,,,,,,,,,,,,,,,,,,,,,,,,,,,,,,,,,,,,,,,,,,,,,,,,,,,,,,,,,,,,,,,,,,,,,,,,,,,,,,,,,,,,,,,,,,,,,,,,,,,,,,,,,,,,,,,,,,,,,,,,,,,,,,,,,,,,,,,,,,,,,,,,,,,,,,,,,,,,,,,,,,,,,,,,,,,,,,,,,,,,,,,,,,,,,,,,,,,,,,,,,,,,,,,,,,,,,,,,,,,,,,,,,,,,,,,,,,,,,,,,,,,,,,,,,,,,,,,,,,,,,,,,,,,,,,,,,,,,,,,0,1.0,0.0,1.0,1.0,1.0,7.519938329951158,1.010906452410401,1.0482671452266556,-0.06579235979817777,-0.43352351923633403,-0.6711056619438152,1.2824526620688426,-1.8503100601478546,-0.2025534402679645,-0.24360553143814964,10.0,10.0,0.0038321911586954,7.574940052420912e-21,-2.4165528354242904,-14.999996710257793,0.0,0.0,0.0,0.0,100.0,0.0,1.0,0.0,0.0,1,0.0,,,,,,0.0,0.0,0.0,0.0,0.0,0.0,1.0,0.0,0.686920920297272,0.0,0.0,0.0,0.0,0.0,0.0,0.0,1.0,0.0,0.0,0.0,0.0,0.0,unknown,unknown,unknown_to_unknown,0.0,0.0,0.0,0.0,0.0,0.0,0.0,0,0.7331968611395429
VAR_003667,,,,,,,0.0195436939628011,7.642534578031709e-07,3.5689780194992373e-14,1.780152906558535e-06,0.0325425807267473,7.785591237777148e-16,5.209757247859317e-08,2.484758380826484e-08,0.0016363202215645,,,,,,,,,,,6.7822379020443e-05,gnomADe_EAS,,,,,,,,,,,,,0.0,0.00176656142927,1.0,0.0,0.0238649681035497,1.0,1.0,0.0891408570985134,1.0,0.0,3.473894066607184e-13,1.0,1.0,0.0007697275703057,1.0,1.0,0.0010411020759983,1.0,1.0,4.9626114693542056e-11,1.0,0.0,1.044280838167852e-07,1.0,1.0,4.1099134317506495e-08,1.0,0.0,2.354837136125209e-10,1.0,0.0,1.4788471130148343e-06,1.0,0.0,1.5007788446648963e-06,1.0,1.0,1.359285399324741e-13,0.0,1.0,1.8342038286895768e-06,1.0,1.0,0.0491885741440478,1.0,1.0,1.2102548340979085e-12,1.0,0.0,3.504600389924496e-06,1.0,1.0,7.619099947343749e-08,0.0,0.0,0.0180579340522204,1.0,AllofUs_EUR,1.0,6.231590274306427e-07,0.0,A/A,A/A,5.031043170550163,4.8489266996318445,,,,,,,,,,,,,,,,,,,,,,,,,,,,,,,,,,,,,,,,,,,,,,,,,,,,,,,,,,,,,,,,,,,,,,,,,,,,,,,,,,,,,,,,A/A,6.716318328186579e-05,0.0,8.142901106815595e-12,0.0,7.304210571584287e-05,1.0,1.0,0.0,0.0015931428267615,1.0,1.0,1.0,0.0,4.11170612333981e-09,1.0,0.2458393947838505,1.0,1.4654638450065569e-05,1.0,0.0,0.0,2.1325711418184927e-10,1.0,1.0,0.0,2.0273355268209853e-11,1.0,1.0,,,,,1.0,0.025420148531214,1.0,0.0,0.0,,0.0,0.0221380126848101,1.0,4.6699888173807255e-08,1.0,0.0,1.0,0.0074335891522972,1.0,0.0,1.0,0.0,0.0042832314555323,1.0,0.0,1.0,5.088822886397732e-05,1.0,0.0,0.0,2.5125308773869065e-12,1.0,0.0,0.0,0.0316443635512145,1.0,0.0,1.0,0.0054222082853157,1.0,0.0,0.0,1.207350844249981e-13,1.0,0.0,0.0,1.0,0.0570211173510851,1.0,2.3284351807463755e-06,1.0,0.0,1.0,2.316787840269327e-06,1.0,1.0,1.0,0.0,0.0005171440906557,1.0,1.0,1.0,0.024038453809159,1.0,1.0,1.0,6.914258782920555e-07,1.0,0.0,1.0,0.0099553589326959,1.0,1.0,0.0,0.0009416163854079,1.0,1.0,0.0,1.410210735959174e-09,1.0,1.0,1.0,0.0,0.0218676222667608,1.0,0.0030964538778686,1.0,1.0,1.0,1.8908457767811552e-06,1.0,0.0,0.0,0.0424799367618224,1.0,1.0,1.0,0.0,0.0300677714210849,1.0,0.0,0.0,0.0077884821138811,1.0,0.0,1.0,2.968006709938675e-07,1.0,0.0,1.0,0.0008160035302998,1.0,1.0,1.0,2.0055248528085166e-05,0.0,1.0,0.0,1.390362162236609e-10,1.0,1.0,0.0,0.990117862309376,1.0,0.950914138203384,8.879685251749786,0.6621166169436613,10.80811077932612,I,V,1,1.0,0.0,1.0,1.0,1.0,-3.9248730439145696,6.938928787152561,-1.212665537153785,-3.9645430932578893,-0.5459827077301781,3.0966764336352313,0.1165013818441154,-1.027710204648089,0.9363108993875555,0.5402608826533039,10.0,215.0,0.0325425807267473,7.785591237777148e-16,-1.4875480091452065,-14.74993169319756,0.0,1.0,0.0,0.0,100.0,0.0,1.0,0.0,52.0,64,0.8125,95.97262188646002,4.8010089383343395,0.9415170737576971,-1.9284255275763336,1.0,5.0,0.0,5.0,0.0,0.0,0.0,1.0,0.0,0.7443301190540322,0.0,0.0,0.0,1.0,0.0,0.0,0.0,0.0,0.0,0.0,0.0,1.0,0.0,hydrophobic,hydrophobic,hydrophobic_to_hydrophobic,0.0,0.0,0.0,0.0,0.0,0.0,0.0,0,0.49457963262565896
VAR_000897,,,,,,,0.0054039617009965,0.040682591219222,4.031100026159224e-05,4.994754680690584e-13,7.079142717632389e-11,3.976206151585483e-05,0.0004024960460147,0.0001343700034083,0.000515291520986,0.0009335102341607,0.022055212595126,7.07109644417053e-08,0.000743141331939,0.0013977331082264,1.7211127862480849e-06,5.986395740278347e-11,0.0010443508882838,4.748474531854385e-12,0.0002749402680725,0.0006218818394599,gnomADg_NFE,,,,,,,,,,,,,1.0,7.300908995577309e-05,1.0,0.0,0.0008705470073926,1.0,0.0,3.0065653804487457e-06,1.0,1.0,2.797645243144452e-06,1.0,1.0,0.0009992454422649,1.0,1.0,0.0006702209374093,1.0,0.0,2.427700974065134e-07,1.0,1.0,0.0011711949990939,1.0,1.0,0.0008785710380319,1.0,0.0,0.0001103493322011,1.0,0.0,0.0005821779166523,1.0,0.0,0.0008408730845448,1.0,0.0,0.0037870149741653,1.0,0.0,0.0003725776770885,1.0,0.0,0.001957884689065,1.0,0.0,3.3903351643932906e-06,0.0,0.0,0.0005607001491629,1.0,1.0,0.0001271960697531,1.0,0.0,0.0006138094475247,1.0,AllofUs_EUR,0.0,1.358958992281021e-06,0.0,C/C,C/C,5.317122033202203,3.449654589203221,3.7587965032034494,1.0,0.0108633670537619,1.0,1.0,0.000324189052456,1.0,0.0,0.0595109969556592,1.0,1.0,0.0009116848391236,1.0,1.0,0.0609269324723597,1.0,0.0,0.0003783658151875,1.0,0.0,0.0002228906225122,1.0,1.0,0.0004010402015217,1.0,1.0,3.239100001669994e-06,1.0,0.0,0.0009720321019076,1.0,1.0,0.0003375,1.0,1.0,0.0005074623316844,1.0,1.0,0.0054695025400559,1.0,1.0,0.0050664245307419,1.0,0.0,2.7281364280279163e-06,1.0,0.0,0.0003291336025393,1.0,0.0,0.0168264907568541,1.0,1.0,0.0059799033606207,1.0,0.0,0.0405118645541717,1.0,0.0,0.0015368866053551,1.0,1.0,0.0170054374867823,1.0,0.0,0.0001534397927065,1.0,1.0,8.210700017294384e-06,1.0,0.0,0.0001679695914585,1.0,1.0,9.036282901707542e-05,1.0,1.0,3.1131000000001075e-05,1.0,0.0,0.0001074102967928,1.0,1.0,0.0009399903522087,1.0,1.0,0.0297129419057445,C/C,0.0064559980785742,1.0,0.0033942235926767,1.0,5.0683961227793725e-06,1.0,1.0,1.0,5.38150463685656e-05,1.0,0.526870965701733,1.0,1.0,1.0975825158829413e-07,1.0,0.0,0.0,0.0004141111601852,1.0,0.0,0.0,0.0010564767248673,1.0,0.0,1.0,0.0002795562005359,1.0,1.0,0.0,0.0002798711370815,1.0,0.0,1.0,5.507161605308128e-07,1.0,1.0,1.0,,0.0,0.0001758291410433,0.0,0.0030984317677262,1.0,0.0,1.0,0.0005526876358424,1.0,0.0,1.0,0.0,0.0015683076350492,1.0,1.0,0.0,0.0496249720816482,1.0,1.0,1.0,0.0055590342974864,1.0,0.0,1.0,0.0462276074075131,1.0,0.0,1.0,0.0003735366788521,1.0,0.0,1.0,3.763577885156122e-05,1.0,0.0,0.0,0.0,0.0144271811604929,1.0,6.457256995415136e-05,1.0,0.0,0.0,3.0087193130471093e-05,1.0,0.0,1.0,1.0,1.561363210812305e-07,1.0,0.0,0.0,6.641746690436818e-05,1.0,0.0,1.0,0.0008084426501749,1.0,0.0,1.0,0.0003705950920301,1.0,0.0,0.0,0.0003709499147017,1.0,0.0,1.0,1.032598084331393e-09,1.0,0.0,1.0,0.0,0.000414980481644,0.0,0.0018009254238946,1.0,1.0,1.0,2.0764716030592885e-13,1.0,0.0,0.0,0.0104130940500442,1.0,0.0,1.0,1.0,3.817773884284566e-06,1.0,1.0,1.0,3.070950031257067e-05,1.0,1.0,0.0,3.234840654290448e-05,1.0,0.0,1.0,0.0016400027461533,1.0,1.0,0.0,0.0004143157762964,1.0,0.0,0.0,1.898161212765259e-05,1.0,0.0,1.0,0.9981863266922272,0.8731473501197126,1.0,1.5631816668366687,0.5088121932916511,3.443521083901654,P,S,0,1.0,0.0,0.0,1.0,0.0,-9.664425758298718,1.3499860969377946,-0.12602191691733247,0.37741946761678713,-0.3605297514815905,0.1824212032362198,0.9587085413505725,0.7733978267010226,-0.6324834664635439,-0.07939666817866306,20.0,315.0,0.040682591219222,4.994754680690584e-13,-1.3905913931049876,-12.300617205583965,0.0,1.0,0.0,1.0,400.0,0.0,0.0,0.0,89.0,103,0.8640776699029126,5.382849027720599,3.4433980427537474,0.9981863266922272,-1.8803394170649854,1.0,4.0,0.0,4.0,0.0,0.0,1.0,0.0,1.0,0.7461721108334329,0.0,0.0,0.0,1.0,0.0,0.0,0.0,0.0,0.0,0.0,0.0,1.0,0.0,special,polar,special_to_polar,0.0,1.0,0.0,0.0,0.0,1.0,1.0,0,0.6802442573754168
VAR_003648,,,,,,,0.0249078106070556,0.0054892369682641,6.055829152247493e-05,0.0003447355325558,3.913559806879653e-06,0.0009447320903718,0.0227344904817232,0.0343319643908818,0.017093536092413,0.0008904298239192,4.489483923290233e-05,0.0017013706203305,5.881501144601897e-05,0.0040797537896952,5.376177181215817e-20,0.0012300192916549,0.0174298303724521,0.0004253531149031,0.0001863000018757,0.0010161000003736,gnomADg_FIN,,,,,,,,,,,,,1.0,2.667457024370079e-05,1.0,1.0,0.0068001827532557,1.0,0.5067263927778454,0.0171167533877839,1.0,0.0,6.83454727741138e-05,1.0,0.0,0.0044755788432567,1.0,1.0,0.0231969841115541,1.0,0.0,0.0006666666668025,1.0,1.0,0.0187237335700082,1.0,1.0,0.0035145141778544,1.0,0.0,0.0002795357757744,1.0,0.0,0.0006205762780003,1.0,1.0,0.0038083875201982,1.0,1.0,0.0010914950739767,1.0,0.0,0.0081838000423398,1.0,1.0,0.0001125900004409,1.0,1.0,0.0104775501629141,1.0,1.0,0.0009700643889223,1.0,0.0,0.0003915409413815,1.0,0.0,0.0009338942262619,1.0,AllofUs_EUR,1.0,0.0003870525308231,1.0,C/C,C/C,5.518800199318253,4.783204151072118,4.919764612053855,0.0,0.0001650501912116,1.0,1.0,0.0004199400095987,1.0,0.0,1.2602903471820968e-11,1.0,1.0,0.0007563600000029,1.0,1.0,0.0052027908252932,1.0,0.0,0.0521740676591453,1.0,1.0,0.0840119122991706,1.0,1.0,0.0642019598903036,1.0,0.0,9.576000429374936e-05,1.0,1.0,0.0006769176343094,1.0,1.0,0.0014464609204995,1.0,0.0,0.0004185880437025,1.0,1.0,4.452149643565768e-05,1.0,0.0,0.0208763784383686,1.0,0.0,0.0304417768210106,1.0,1.0,0.0003499200006046,1.0,1.0,0.0207182632972726,1.0,1.0,0.0006335594720836,1.0,0.0,4.437563593314511e-05,1.0,0.0,0.0039059801846816,1.0,0.0,0.0359177472491314,1.0,0.0,0.0033173647672435,1.0,0.0,0.0089575984365086,1.0,0.0,0.0065077325637413,1.0,1.0,0.0001935414179024,1.0,0.0,0.0043090550621629,1.0,1.0,0.0006354902015151,1.0,0.0,0.0582491907290026,1.0,0.0,0.0003162219402181,C/C,0.0043398,0.0,0.0038183788043186,1.0,5.381917988437254e-15,1.0,0.0,1.0,0.0001052262000198,1.0,1.0,1.0,0.0,8.643321601436118e-06,1.0,0.0863946503693293,1.0,2.237046591364097e-05,1.0,1.0,1.0,0.0003360021539746,1.0,1.0,0.0,0.0007497679849984,1.0,1.0,0.0,0.0458103263715396,1.0,0.0,0.0,0.0541346880090889,1.0,0.0,1.0,,1.0,0.000482669100061,0.0,6.042216776435366e-05,1.0,1.0,1.0,7.8823517024781e-05,1.0,1.0,1.0,1.0,0.0009033009846103,1.0,0.0,1.0,1.4929873274702673e-07,1.0,0.0,1.0,0.0182746684998083,1.0,1.0,1.0,0.005080244323517,1.0,1.0,1.0,0.0007365546007864,1.0,0.0,1.0,0.0063732389202069,1.0,0.0,1.0,1.0,0.023202706521051,0.0,5.5555560000021024e-05,1.0,0.0,1.0,0.0001217368760928,1.0,0.0,1.0,1.0,0.0005801447556375,1.0,0.0,1.0,3.013796078686891e-05,1.0,0.0,1.0,0.0005378274038654,1.0,1.0,1.0,0.0407201971532737,1.0,1.0,0.0,0.0068265095557649,1.0,1.0,0.0,0.0064982009236226,1.0,0.6449900626218703,1.0,0.0,0.0785728564424743,0.0,1.9895286030565665e-07,1.0,1.0,1.0,0.0246629397160972,1.0,1.0,0.0,7.484935420261701e-05,1.0,1.0,1.0,1.0,0.0365522001022672,1.0,0.0,0.0,2.225495928113963e-09,1.0,1.0,1.0,0.001025142954526,1.0,1.0,0.0,0.0005560020733934,1.0,1.0,0.0,0.000968481425984,1.0,0.0,0.0,0.0002789500900048,1.0,1.0,0.0,0.9901652127218804,1.0,0.9857830351243428,4.400504403425153,0.5406586962930005,3.919851683595349,T,I,0,1.0,0.0,0.0,1.0,0.0,-9.664425758298718,1.3499860969377946,-0.12602191691733247,0.37741946761678713,-0.3605297514815905,0.1824212032362198,0.9587085413505725,0.7733978267010226,-0.6324834664635439,-0.07939666817866306,20.0,315.0,0.0343319643908818,5.376177181215817e-20,-1.4643013465971628,-14.999976652186769,0.0,1.0,0.0,1.0,400.0,0.0,0.0,0.0,91.0,103,0.883495145631068,17.24932459443483,4.736162355738505,0.9760880686715159,0.4806527198298034,1.0,4.0,0.0,4.0,0.0,0.0,0.0,0.0,1.0,0.6718110286591608,0.0,0.0,0.0,1.0,0.0,0.0,0.0,0.0,0.0,0.0,0.0,1.0,0.0,polar,hydrophobic,polar_to_hydrophobic,0.0,0.0,0.0,0.0,0.0,0.0,1.0,0,0.7332992152848857
VAR_004444,,,,,,,1.1079000124427944e-05,0.0128694152756742,0.0021489195496474,0.0903520196903671,0.0179066266340199,2.0113040958124645e-07,0.0050716183325904,3.503092721998714e-05,1.0247986010327475e-10,,,,,,,,,,,1.4591201859149064e-05,gnomADe_NFE,,,,,,,,,,,,,1.0,0.0718468847323716,1.0,1.0,1.6375901496462166e-07,1.0,0.0,0.0002868880968944,1.0,0.0,0.0008655619161245,0.0,0.0,0.0818580499112749,1.0,1.0,4.117042061407439e-11,1.0,1.0,3.2699058086440755e-11,1.0,1.0,0.0144845194164958,1.0,1.0,0.0019230097238341,1.0,1.0,8.705845477051904e-07,1.0,1.0,8.934978821621492e-18,1.0,1.0,0.0156363038157025,1.0,1.0,0.0746128715832744,1.0,0.0,0.0279802202227691,1.0,0.0,0.0097723935509098,1.0,1.0,1.5011144372148804e-12,1.0,0.0,3.505512787409585e-06,1.0,1.0,0.0012469119168611,1.0,1.0,3.768960106918576e-05,1.0,AllofUs_AFR,1.0,0.0004082525670667,0.0,G/G,G/G,3.864845178748533,-0.4981497309951581,-3.388020222649935,1.0,8.600292929623194e-06,1.0,0.0,0.0128969674237342,1.0,0.0,1.719363440041789e-07,1.0,1.0,0.0038949637537857,1.0,0.0,6.150598024322669e-05,1.0,1.0,1.7645958971162216e-05,1.0,0.0,2.150740766197301e-20,1.0,0.0,0.0026757599498499,1.0,1.0,0.0042212765474749,1.0,0.0,2.7857848288205044e-06,1.0,0.0,0.083350574488857,1.0,0.0,0.0843866538137645,1.0,0.0,1.1735680713981277e-05,1.0,1.0,1.3408442220323524e-08,1.0,0.0,5.2441621909532675e-17,1.0,0.0,0.0113138563668861,1.0,1.0,0.004994336551429,1.0,1.0,3.632146511760554e-11,1.0,0.0,2.3168400744035933e-06,1.0,1.0,0.0169919145813031,1.0,1.0,2.307200004406777e-05,1.0,0.0,3.8006548315667844e-08,1.0,0.0,1.13449335773217e-05,1.0,1.0,0.0044361967430456,1.0,1.0,4.160271715111104e-05,1.0,0.0,0.0434573843129655,1.0,1.0,3.6036314481729054e-05,1.0,1.0,0.0016779913644472,1.0,0.0,5.912237190136986e-06,G/G,9.951456737546162e-05,,,,,,,,,,,,,,,,,,,,,,,,,,,,,,,,,,,,,,,,,,,,,,,,,,,,,,,,,,,,,,,,,,,,,,,,,,,,,,,,,,,,,,,,,,,,,,,,,,,,,,,,,,,,,,1.0,0.038475648365876,1.0,0.0012806585644446,1.0,0.0,0.0,0.0006456798638338,1.0,0.0,1.0,2.0886296160909246e-16,1.0,0.0,1.0,0.0,9.789879971024128e-11,1.0,1.0,0.2597251580974309,0.0124722743426146,1.0,0.0,1.0,1.0801049657012715e-16,1.0,1.0,1.0,0.0053697760648502,1.0,0.0,0.0,1.5856932706159274e-05,1.0,1.0,1.0,0.0132076799167849,1.0,0.0,1.0,0.0,0.0480084723177538,0.0,1.000793147693356,0.7530572478651205,0.4038806818604464,A,G,0,1.0,0.0,1.0,1.0,0.0,-3.032930950856276,-6.196506995841568,-2.7771628556808228,-1.1999978548528072,-1.2335262540977416,1.4528657229672979,0.03038873825645405,-1.0773905622699735,-0.10885513493781199,-0.8354824152861356,10.0,197.0,0.0903520196903671,1.0247986010327475e-10,-1.044062134961618,-9.989357238293243,1.0,1.0,0.0,0.0,100.0,0.0,1.0,0.0,61.0,71,0.8591549295774648,0.40420101889165505,-0.0,0.0,0.5969124658329097,0.0480084723177538,0.0,4.0,-4.0,0.0,0.0,1.0,1.0,0.0,0.8264378219714592,1.0,0.0,0.0,0.0,0.0,0.0,0.0,0.0,0.0,0.0,0.0,1.0,0.0,polar,special,polar_to_special,1.0,0.0,0.0,0.0,1.0,0.0,1.0,0,0.6295538117441905
VAR_000591,,,,,,,0.0010296798981373,3.001020741857932e-08,3.5494391994125184e-15,7.026823155781395e-05,0.0047243915905055,0.0024461811641124,1.0736149360071368e-06,8.014325035553006e-08,0.0022646027834316,,,,,,,,,,,8.105400000000005e-07,gnomADe_NFE,,,,,,,,,,,,,0.0,0.0159334257780452,1.0,1.0,0.0035176937723307,1.0,0.0,5.86169420446846e-07,1.0,1.0,0.0187220527331921,1.0,0.0,0.0019686927145532,1.0,1.0,1.853173609020765e-09,1.0,0.0,0.019570277271107,1.0,1.0,4.804971490715098e-08,1.0,0.0,0.0182058381511873,1.0,1.0,8.599323518081139e-26,1.0,1.0,1.706414199787477e-05,1.0,0.0,0.0007131756926096,1.0,,,,,,,,,,,,,,,,,,,,,,,,,,G/G,G/G,5.627494604408319,5.860697292285341,3.783632839459236,1.0,0.0262157861604597,1.0,1.0,0.0003518683936698,1.0,1.0,8.211796205142164e-08,1.0,0.0,0.0013878749769937,1.0,1.0,0.0026856088557303,1.0,1.0,1.2804370357648605e-12,1.0,1.0,0.0014432236899557,1.0,0.0,1.2058042925536464e-06,1.0,1.0,0.0004350993974178,1.0,1.0,7.451634341714563e-11,1.0,0.0,7.791022739017622e-12,1.0,1.0,0.0080541997669043,1.0,0.0,1.3268163297311882e-08,1.0,1.0,0.002674562843349,1.0,1.0,0.0016542083504068,1.0,0.0,2.1924567269225317e-08,1.0,1.0,6.951421941692544e-06,1.0,1.0,1.802030673599869e-17,1.0,0.0,2.0537064541142973e-14,1.0,1.0,2.5700924128319905e-08,1.0,1.0,0.0008885027726314,1.0,1.0,1.0216290435131612e-22,1.0,1.0,0.000798312684826,1.0,0.0,8.809471154724871e-10,1.0,1.0,8.523511804942933e-09,1.0,0.0,0.0058099528620107,1.0,1.0,5.8017914517335954e-06,1.0,0.0,0.0403698085553504,1.0,,,G/G,3.578817329026338e-06,,,,,,,,,,,,,,,,,,,,,,,,,,,,,,,,,,,,,,,,,,,,,,,,,,,,,,,,,,,,,,,,,,,,,,,,,,,,,,,,,,,,,,,,,,,,,,,,,,,,,,,,,,,,,,1.0,0.0066194523353971,0.0,3.862709645945423e-11,1.0,0.0,0.0,0.0022570875212189,1.0,0.0,0.0,2.582694513342112e-12,1.0,0.0,1.0,1.0,0.0002549346410267,1.0,0.0,0.0,0.0016574836616572,1.0,0.0,0.0,1.2799266831497169e-11,1.0,0.0,0.0,0.0018737555789901,1.0,1.0,1.0,2.3499538101549386e-05,1.0,1.0,0.0,0.0055202058048345,1.0,1.0,1.0,1.0,0.9882288005378808,0.9720380334540472,9.691100447502397,0.7316358200636924,11.29896251968865,G,E,1,1.0,0.0,1.0,1.0,0.0,-1.6341936577740945,-6.182704244717381,-2.0096578418073214,-1.5270299798674138,2.90664253300695,-0.7288395580109308,0.0913096050339024,-0.8759102410765031,-0.062891605019335,0.3223788123877071,10.0,171.0,0.0047243915905055,3.5494391994125184e-15,-2.325654112212665,-14.342042134685988,0.0,0.0,0.0,0.0,100.0,0.0,1.0,0.0,54.0,61,0.8852459016393442,109.49938073086749,5.860697292285341,0.9720380334540472,-1.6078620721862542,1.0,6.0,0.0,6.0,0.0,0.0,1.0,1.0,0.0,0.8264378219714592,0.0,0.0,0.0,0.0,0.0,0.0,0.0,1.0,0.0,0.0,0.0,1.0,0.0,special,neg_charged,special_to_neg_charged,1.0,0.0,0.0,0.0,0.0,1.0,1.0,0,0.7519062467766378
VAR_004678,,,,,,,0.0020791846252923,2.7093005185244632e-05,4.024800000000012e-05,0.0254035843535937,0.0962748278669823,7.371092352223605e-14,0.0088001609939375,3.488243425905756e-06,2.3388844940439565e-07,1.1826313854451414e-05,5.554308770043568e-05,0.0237687696413878,0.0153214995900296,1.6189817012256492e-06,2.20120527887918e-05,3.8603921852456226e-12,2.9886627590301342e-09,3.622350510990597e-05,0.0537238950143629,4.3425100636073576e-05,gnomADg_AFR,,,,,,,,,,,,,,,,,,,,,,,,,,,,,,,,,,,,,,,,,,,,,,,,,,,,,,,,,,,,,,,,,,,,,,,,,,,,,,,,,,,,,,,,,,,,,,,,,,,,,,,,,,,,,,,,,,,,,,,,,,,,,,,,,,,,,,,,,,,,,,,,,,,,,,,,,,,,,,,,,,,,,,,,,,,,,,,,,,,,,,,,,,,,,,,,,,,,,,,,,,,,,,,,,,,,,,,,,,,,,,,,,,,,,,,,,,,,,,,,,,,,,,,,,,,,,,,,,,,,,,,,,,,,,,,,,,,,,,,,,,,,,,,,,,,,,,,,,,,,,,,,,,,,,,,,,,,,,,,,,,,,0,1.0,0.0,0.0,1.0,1.0,7.10300782106796,1.2653464072638068,0.7820626855562817,0.016235266430623785,-1.5555682239007507,-2.743622614435031,2.1290436390941627,-0.10143360293381809,0.10382736926240113,0.18670915272869912,20.0,20.0,0.0962748278669823,7.371092352223605e-14,-1.0164872491943109,-13.126615895124361,1.0,1.0,0.0,1.0,400.0,0.0,0.0,0.0,0.0,1,0.0,,,,,,0.0,0.0,0.0,0.0,1.0,0.0,0.0,1.0,0.6134109733965234,0.0,0.0,0.0,0.0,0.0,0.0,0.0,1.0,0.0,0.0,0.0,0.0,0.0,unknown,unknown,unknown_to_unknown,0.0,0.0,0.0,0.0,0.0,0.0,0.0,0,0.7331968611395429
VAR_003604,0.0036,0.0101305358857424,0.0038720156981407,9.533323091792575e-08,0.0072005034008394,0.0117460796066485,0.005828178946728,0.0009875346966686,0.0019136582426006,0.0012103338084929,0.0101786604210238,0.0155880099800858,0.0060636465413167,0.0186267952551785,0.007409701267236,0.012228525766921,0.0013212638802433,0.0208455215343706,0.0080236319856639,0.0209081919366832,0.0003470336682102,0.0429801770420524,0.0071084499993919,0.0063422945851672,0.0063536371684358,0.0210711030865803,gnomADg_FIN,0.0,0.0035969725018956,0.8722805623995484,0.0006807867357972,0.0,0.0025938220471081,0.0,0.0001156024785297,1.0,0.0156811117254478,1.0,0.0084426502708316,1.0,0.0011345639695664,1.0,1.0,0.0012117527375276,1.0,0.0,0.0166412220357711,1.0,0.2062781034762932,0.0052072985044301,1.0,1.0,0.0014036223736121,1.0,1.0,0.0066169071133734,1.0,1.0,0.0050546692383481,1.0,0.0,0.0274466844103649,1.0,1.0,0.0043068592511377,1.0,0.0,0.0031900347416349,1.0,1.0,0.008295388294691,1.0,0.0,0.0058936008591559,1.0,1.0,0.0326962842020652,1.0,1.0,0.0074627827212225,1.0,0.0,0.0079046819301875,1.0,1.0,0.0098633046231579,1.0,1.0,0.0098729354775914,1.0,0.0,0.003145985697155,1.0,1.0,0.0392142573091267,0.0,AllofUs_MID,1.0,0.0059976032091083,1.0,./.,./.,5.886224203426234,0.9495654636473992,2.6390395186480906,1.0,0.0011766825800614,1.0,1.0,0.0049374784968137,1.0,0.0,0.0006246278865817,1.0,1.0,0.0047051144336063,1.0,1.0,0.0058095007173716,1.0,1.0,0.0050497366690481,1.0,1.0,0.0013460856706225,1.0,1.0,0.005614200909718,1.0,0.0,0.0014535134465451,1.0,0.0,0.0008194700825039,1.0,1.0,0.0633275343271679,1.0,1.0,0.0059175000000002,1.0,1.0,0.0011160000000073,1.0,0.0,0.0021806242251927,1.0,1.0,0.0065331369895747,1.0,1.0,0.0054234001532297,1.0,1.0,0.0075362177500879,1.0,1.0,0.0063832261829944,1.0,1.0,0.0011965065469789,1.0,1.0,0.0011308182752593,1.0,1.0,0.0067956522549478,1.0,1.0,0.0069192000000475,1.0,1.0,0.0373344975387039,1.0,1.0,0.0004034186937622,1.0,0.0,0.0036961561959879,1.0,0.0,0.0011646012304377,1.0,1.0,0.0207939696493579,1.0,0.0,0.0011430000003072,1.0,0.0,0.0041840027777113,./.,0.0179096794689099,1.0,0.0066230774051746,1.0,0.0006872930870279,1.0,0.0,0.0,0.001209528,1.0,1.0,1.0,1.0,0.0551239289855916,1.0,0.0,0.0,3.768370180897236e-06,1.0,0.0,1.0,0.0178982030196708,1.0,0.0,1.0,0.0373015812464715,1.0,1.0,1.0,0.0075471824804809,1.0,1.0,1.0,0.0289271542182454,1.0,0.0,1.0,,1.0,0.0059030186178729,1.0,0.009865015915014,1.0,0.0,1.0,0.0568904497641696,1.0,0.0,1.0,1.0,0.001453491,1.0,1.0,0.0,0.000126035532786,1.0,1.0,1.0,0.0316047070791381,1.0,0.0,1.0,0.0873695443593737,1.0,1.0,0.0,0.0076403880003437,1.0,1.0,1.0,0.045856531303843,1.0,1.0,0.0,1.0,0.0186404701869283,0.0,0.0009980887588924,1.0,1.0,0.0,0.0330960135044423,1.0,1.0,1.0,1.0,0.0015050194953012,1.0,0.7788574475779356,1.0,1.1290497684483325e-12,1.0,0.0,1.0,0.0211370915680788,1.0,0.0,1.0,0.0214844376338112,1.0,1.0,0.0,0.0077193248794629,1.0,0.0,1.0,0.008277253643069,1.0,0.0,1.0,1.0,0.0073257357882273,0.0,0.0011733210008218,1.0,0.0,1.0,3.786707401744663e-05,1.0,0.4760552963812032,1.0,0.0181522434254263,1.0,0.0,1.0,1.0,0.0011054501915037,1.0,0.0,1.0,0.0001212915979611,1.0,0.0,1.0,0.0163605600024455,1.0,1.0,1.0,0.0061315721243345,1.0,0.0,0.0,0.0163605601846654,1.0,1.0,1.0,0.0073774778141016,1.0,1.0,0.0,0.6889512707003278,0.2585184388026109,0.9486658308934316,0.5119590892134043,0.646447608136556,1.8634768125141072,D,Y,0,0.0,0.0,0.0,0.0,0.0,-9.939737301468613,1.6424272069225767,-0.1529206172059051,0.6463070456984708,-1.168225399097953,-1.7654010083555487,-2.2843854086041286,-0.7466972971602102,0.05380214476563621,-0.049478246439440134,26.0,333.0,0.0429801770420524,9.533323091792575e-08,-1.3667317999141777,-7.0207556835924585,0.0,1.0,0.0,1.0,676.0,0.0,0.0,1.0,95.0,103,0.9223300970873787,0.9540238917050201,0.6542043327930216,0.653584529664012,-1.351517723300703,0.9486658308934316,3.0,2.0,1.0,0.0,0.0,0.0,0.0,1.0,0.6718110286591608,0.0,0.0,0.0,0.0,1.0,0.0,0.0,0.0,0.0,0.0,0.0,1.0,1.0,neg_charged,hydrophobic,neg_charged_to_hydrophobic,0.0,0.0,0.0,0.0,0.0,0.0,1.0,0,0.7676354124665281
