Variant_ID,AL_1,AL_2,AL_3,AL_4,AL_5,AL_6,AL_7,AL_8,AL_9,AL_10,AL_11,AL_12,AL_13,AL_14,AL_15,AL_16,AL_17,AL_18,AL_19,AL_20,AL_21,AL_22,AL_23,AL_24,AL_25,AL_26,CAT_1,AL_27,AL_28,AL_29,AL_30,AL_31,AL_32,AL_33,AL_34,AL_35,AL_36,AL_37,AL_38,AL_39,AL_40,AL_41,AL_42,AL_43,AL_44,AL_45,AL_46,AL_47,AL_48,AL_49,AL_50,AL_51,AL_52,AL_53,AL_54,AL_55,AL_56,AL_57,AL_58,AL_59,AL_60,AL_61,AL_62,AL_63,AL_64,AL_65,AL_66,AL_67,AL_68,AL_69,AL_70,AL_71,AL_72,AL_73,AL_74,AL_75,AL_76,AL_77,AL_78,AL_79,AL_80,AL_81,AL_82,AL_83,AL_84,AL_85,AL_86,AL_87,AL_88,AL_89,AL_90,AL_91,AL_92,AL_93,AL_94,AL_95,CAT_2,AL_96,AL_97,AL_98,CAT_3,CAT_4,EK_1,EK_2,EK_3,AL_99,AL_100,AL_101,AL_102,AL_103,AL_104,AL_105,AL_106,AL_107,AL_108,AL_109,AL_110,AL_111,AL_112,AL_113,AL_114,AL_115,AL_116,AL_117,AL_118,AL_119,AL_120,AL_121,AL_122,AL_123,AL_124,AL_125,AL_126,AL_127,AL_128,AL_129,AL_130,AL_131,AL_132,AL_133,AL_134,AL_135,AL_136,AL_137,AL_138,AL_139,AL_140,AL_141,AL_142,AL_143,AL_144,AL_145,AL_146,AL_147,AL_148,AL_149,AL_150,AL_151,AL_152,AL_153,AL_154,AL_155,AL_156,AL_157,AL_158,AL_159,AL_160,AL_161,AL_162,AL_163,AL_164,AL_165,AL_166,AL_167,AL_168,AL_169,AL_170,AL_171,AL_172,AL_173,AL_174,AL_175,AL_176,AL_177,AL_178,AL_179,AL_180,AL_181,AL_182,AL_183,AL_184,CAT_5,AL_186,AL_187,AL_188,AL_189,AL_190,AL_191,AL_192,AL_193,AL_194,AL_195,AL_196,AL_197,AL_198,AL_199,AL_200,AL_201,AL_202,AL_203,AL_204,AL_205,AL_206,AL_207,AL_208,AL_209,AL_210,AL_211,AL_212,AL_213,AL_214,AL_215,AL_216,AL_217,AL_218,AL_219,AL_220,AL_221,AL_222,CAT_6,AL_223,AL_224,AL_225,AL_226,AL_227,AL_228,AL_229,AL_230,AL_231,AL_232,AL_233,AL_234,AL_235,AL_236,AL_237,AL_238,AL_239,AL_240,AL_241,AL_242,AL_243,AL_244,AL_245,AL_246,AL_247,AL_248,AL_249,AL_250,AL_251,AL_252,AL_253,AL_254,AL_255,AL_256,AL_257,AL_258,AL_259,AL_260,AL_261,AL_262,AL_263,AL_264,AL_265,AL_266,AL_267,AL_268,AL_269,AL_270,AL_271,AL_272,AL_273,AL_274,AL_275,AL_276,AL_277,AL_278,AL_279,AL_280,AL_281,AL_282,AL_283,AL_284,AL_285,AL_286,AL_287,AL_288,AL_289,AL_290,AL_291,AL_292,AL_293,AL_294,AL_295,AL_296,AL_297,AL_298,AL_299,AL_300,AL_301,AL_302,AL_303,AL_304,AL_305,AL_306,AL_307,AL_308,AL_309,AL_310,AL_311,AL_312,AL_313,AL_314,AL_315,AL_316,AL_317,AL_318,AL_319,AL_320,AL_321,AL_322,AL_323,AL_324,AL_325,AL_326,AL_327,AL_328,AL_329,AL_330,AL_331,AL_332,AL_333,AL_334,EK_4,EK_5,EK_6,EK_7,EK_8,EK_9,AA_1,AA_2,Label
VAR_002962,,,,,,,,,,,,,,,,,,,,,,,,,,,,,,,,,,,,,,,,,,,,,,,,,,,,,,,,,,,,,,,,,,,,,,,,,,,,,,,,,,,,,,,,,,,,,,,,,,,,,G/G,G/G,5.708266907403398,4.758437356371111,1.928044532690016,1.0,6.552596133446493e-05,1.0,1.0,7.118414633842011e-06,1.0,0.0999999999999998,0.0010732842802926,1.0,1.0,3.204092774380228e-06,1.0,1.0,4.474952262577016e-07,1.0,0.0,1.4188845121885222e-06,1.0,0.3311341576702686,7.760700005432422e-06,1.0,0.0,5.289300222653129e-07,1.0,0.0098420521816008,4.10068729000493e-08,1.0,0.3172599999999994,9.630972059220036e-06,1.0,0.0867574032184668,1.0793524882269033e-07,1.0,1.0,4.268750775250681e-06,1.0,1.0,9.303649642862356e-06,1.0,0.0,2.175892213794524e-07,1.0,0.0611079368865593,1.0488749314704288e-06,1.0,1.0,6.129882046585337e-07,1.0,3.590597830109513e-05,5.67548494294665e-06,1.0,0.0001372448457082,2.6085899962066887e-09,1.0,0.0,1.08120389408104e-07,1.0,0.0,0.0009657671000094,1.0,0.0,5.793510919953383e-06,1.0,0.0961428468499673,2.147333720258721e-06,1.0,1.0,3.39309169524522e-08,1.0,0.1007920869665749,9.26088448056843e-06,1.0,0.0,9.642571984626955e-12,1.0,0.0968300909778846,0.0001236011366402,1.0,1.0,1.0808829725561204e-05,1.0,0.0,0.0008128284927323,1.0,,,G/G,1.9005214116148052e-05,,,,,,,,,,,,,,,,,,,,,,,,,,,,,,,,,,,,,,,,,,,,,,,,,,,,,,,,,,,,,,,,,,,,,,,,,,,,,,,,,,,,,,,,,,,,,,,,,,,,,,,,,,,,,,0.0,7.832577532070113e-06,1.0,2.1047665677012604e-06,1.0,0.0919527406507049,0.0796812459498594,1.1891594696510606e-13,1.0,0.0,0.5813738686453406,1.0459784413080747e-20,1.0,0.0,1.0,0.0,0.0004428152914913,1.0,0.0999999999988974,1.0,0.0010516504386182,1.0,0.0994359503666096,0.0999999893409221,2.2501913536219335e-10,1.0,0.0,1.0,8.144101888731581e-07,1.0,0.0,1.0,5.658542796383326e-05,1.0,2.2832762744628023e-10,0.5157237287607201,8.328161275175916e-18,1.0,0.0318601313135844,0.0606638051519439,0.9526605258321118,0.3832107387205803,1.0,3.2668168240487483,0.6207019343230613,5.11573181427171,F,L,0
VAR_003238,,,,,,,,,,,,,,,,,,,,,,,,,,,,,,,,,,,,,,,,,,,,,,,,,,,,,,,,,,,,,,,,,,,,,,,,,,,,,,,,,,,,,,,,,,,,,,,,,,,,,,,,,,,,,,,,,,,,,,,,,,,,,,,,,,,,,,,,,,,,,,,,,,,,,,,,,,,,,,,,,,,,,,,,,,,,,,,,,,,,,,,,,,,,,,,,,,,,,,,,,,,,,,,,,,,,,,,,,,,,,,,,,,,,,,,,,,,,,,,,,,,,,,,,,,,,,,,,,,,,,,,,,,,,,,,,,,,,,,,,,,,,,,,,,,,,,,,,,,,,,,,,,,,,,,,,,,,,,,,,,,,,,,,,,,,,,,,,,,,,,,,,,,,,,,,1
VAR_002883,,,,,,,,,,,,,,,,,,,,,,,,,,,,,,,,,,,,,,,,,,,,,,,,,,,,,,,,,,,,,,,,,,,,,,,,,,,,,,,,,,,,,,,,,,,,,,,,,,,,,C/C,C/C,5.977884529969244,4.951032321364184,2.834586525391092,,,,,,,,,,,,,,,,,,,,,,,,,,,,,,,,,,,,,,,,,,,,,,,,,,,,,,,,,,,,,,,,,,,,,,,,,,,,,,,,,,,,,,,C/C,,,,,,,,,,,,,,,,,,,,,,,,,,,,,,,,,,,,,,,,,,,,,,,,,,,,,,,,,,,,,,,,,,,,,,,,,,,,,,,,,,,,,,,,,,,,,,,,,,,,,,,,,,,,,,,,,,,,,,,,,,,,,,,,,,,,,,,,,,,,,,,,,,,,,,,1.0,0.9801005806755928,0.9972851908894882,7.888669809699332,0.6497258611796107,7.91913299328573,G,A,1
VAR_003008,,,,,,,0.0001806302433919,2.6896321237140075e-11,1.1191344524490209e-08,0.0044793000000032,7.064707168886795e-18,9.063844808154452e-12,9.972000000799488e-05,0.000473035327755,4.175100300180328e-05,0.0001837331551305,1.596703311515324e-05,4.024600739895541e-06,0.0001816298198011,0.0049248026391067,0.0009032761220271,7.951131854198594e-10,9.261000037332852e-05,0.0008614089315473,6.666095343317807e-07,0.0049248000057944,gnomADg_ASJ,,,,,,,,,,,,,1.0,6.573593679546343e-05,1.0,0.2809323819038829,6.83364694420495e-05,1.0,0.0999999999782551,8.687762724611964e-09,1.0,1.0,7.31750785097935e-17,1.0,0.0,0.0005270786056635,1.0,1.0,0.0003880415033505,1.0,0.029371912501561,0.0001561393683566,1.0,0.0999999988110894,4.0558584235568855e-08,1.0,1.0,0.000330818734782,1.0,0.0079594386615321,2.1959987266614283e-11,1.0,0.0976768328150172,0.0001959524967088,1.0,1.0,0.0003267029945215,1.0,0.0,2.565549465218952e-05,1.0,1.0,0.0006140438177157,1.0,1.0,6.760999374890423e-05,1.0,0.9992462764793134,8.370901461880662e-05,1.0,1.0,0.0003758389164443,1.0,1.0,0.000880370072578,1.0,1.0,0.0007271450727273,1.0,AllofUs_OTH,0.9518073047436726,0.0001935002048323,1.0,C/C,C/C,6.0760005314633565,4.974764609710091,2.5855985125552468,0.0,0.000375440372095,1.0,1.0,0.0001957002921454,1.0,0.0999999999666076,1.5112976629123513e-11,1.0,1.0,0.0040144672624214,1.0,1.0,9.720000000800831e-05,1.0,1.0,0.0013860001704381,1.0,0.5532398759338978,1.6373613965867432e-05,1.0,1.0,0.0001983600004152,1.0,0.2752916087104343,5.054722136410323e-05,1.0,0.4457798975429711,1.6381444796288195e-05,1.0,0.2980899999980987,0.0001195127755426,1.0,1.0,0.0001075757851215,1.0,0.1981165506574705,1.9130225999365484e-05,1.0,1.0,4.566188899453287e-05,1.0,0.6607399035578385,4.209190102758212e-05,1.0,1.0,8.185538938021168e-05,1.0,1.0,0.0004487571681283,1.0,1.0,0.0014850000448903,1.0,1.0,2.4197442468752347e-05,1.0,0.0,2.3289430436218088e-05,1.0,1.0,0.0002112826806592,1.0,1.0,5.215068885609171e-05,1.0,1.0,4.508856413417794e-05,1.0,0.2051601486758378,1.4436000218148144e-05,1.0,1.0,4.42620003912008e-05,1.0,0.61273,7.31923734599909e-05,1.0,1.0,0.0002474103515177,1.0,1.0,2.0498008997388225e-05,1.0,1.0,0.0001598096959301,C/C,0.0056689868696926,1.0,0.0001406199740252,0.0,3.8612528966053626e-05,1.0,0.0,2.1674989356923694e-05,1.3633280855529367e-11,1.0,0.0,1.0,1.0,0.0046916552497652,1.0,0.0,3.810115136770454e-08,1.194828610744069e-10,1.0,0.0,0.0891119332946673,1.0418537404182601e-09,1.0,0.0,1.0,0.0001609330982748,1.0,0.0,1.0,9.886741998282636e-05,1.0,0.0,0.9011651809936918,6.176494755492007e-05,1.0,0.0,0.0,,1.0,0.0002931282859384,0.3438877516369902,4.0793446622934784e-12,1.0,0.0,0.0,5.575868005875792e-06,1.0,0.0,1.0,1.0,0.0053808420444081,1.0,0.0,1.0,0.0001052847686094,1.0,0.0009385281145093,0.0999999999832334,1.0859870704515102e-06,1.0,0.0,1.0,9.563860670127988e-05,1.0,0.0,1.0,7.066871927054636e-05,1.0,0.0002253994759361,1.0,2.9522912580510345e-05,1.0,0.0,2.0340577582995026e-13,1.0,0.0002257470000005,0.0,0.0002399076977287,1.0,0.0,0.0,1.2814434741888668e-06,1.0,0.0,1.0,1.0,0.0057019792270904,1.0,0.0,0.0,4.02484168620679e-07,1.0,0.064041960200889,0.0999702407181916,1.998248768459144e-06,1.0,0.0,1.0,9.454794400265678e-05,1.0,0.0,1.0,9.110798034322794e-05,1.0,0.0999999982127122,1.0,2.940570886035874e-05,1.0,0.0,8.799503219087404e-05,1.0,0.000180859525307,1.0,6.291539382576491e-09,1.0,2.68067736595754e-10,0.0528640313550474,3.3433794639734684e-16,1.0,0.0,1.0,4.530850793319218e-05,1.0,0.0,1.0,1.0,0.0045319320000004,1.0,0.9999999999893852,0.0,0.0001346722318068,1.0,0.0818139651182343,0.0043959425080733,3.466756987452705e-12,1.0,0.0,1.0,9.92770193480494e-05,1.0,0.0,1.0,0.004531932,1.0,0.9820273436300326,1.0,3.954484738860301e-05,1.0,7.58669291262385e-05,0.94597692401764,0.9919940944582047,0.983911879524679,1.0,1.7049546831285094,0.6081686670643072,3.032271101999348,R,H,0
VAR_003054,,,,,,,2.487202975206448e-06,2.7808850458668155e-08,3.492697883085698e-13,2.3067602531276358e-11,7.2223038787357335e-09,8.776126909078916e-13,3.246308215072002e-06,2.7112094641639444e-21,1.195753136068066e-05,5.917503122612007e-06,0.000373176585197,2.391579561616002e-07,4.212602377942844e-05,1.1130670680962012e-16,9.69589262485055e-07,7.644356260464409e-06,5.7409284276055216e-05,1.0544247596280713e-06,2.365407986409022e-07,1.3230224023706363e-05,gnomADg_NFE,,,,,,,,,,,,,,,,,,,,,,,,,,,,,,,,,,,,,,,,,,,,,,,,,,,,,,,,,,,,,,,,,,,,,,,,,,,,,,,,,,,,,,,,,,,,,,,,,,,,,,,,,,,,,,,,,,,,,,,,,,,,,,,,,,,,,,,,,,,,,,,,,,,,,,,,,,,,,,,,,,,,,,,,,,,,,,,,,,,,,,,,,,,,,,,,,,,,,,,,,,,,,,,,,,,,,,,,,,,,,,,,,,,,,,,,,,,,,,,,,,,,,,,,,,,,,,,,,,,,,,,,,,,,,,,,,,,,,,,,,,,,,,,,,,,,,,,,,,,,,,,,,,,,,,,,,,,,,,,,,,,,0
VAR_002675,,,,,,,6.168600079094526e-07,6.629215707859409e-08,1.6820404595993872e-14,8.37636078209708e-06,3.0587152587064976e-07,2.715980966030382e-07,6.034537116239967e-10,1.525377442991568e-05,1.1550298574366348e-08,,,,,,,,,,,1.5223439594475269e-05,gnomADe_REMAINING,,,,,,,,,,,,,,,,,,,,,,,,,,,,,,,,,,,,,,,,,,,,,,,,,,,,,,,,,,,,,,,,,,,,,,,,,,C/C,C/C,5.756278048209364,5.831669852355321,,0.0,0.0001345484115732,1.0,0.0,5.474700000609657e-07,1.0,0.0444462871885801,0.0003989030178133,1.0,1.0,0.0001843644024397,1.0,0.0,1.3576831002609476e-06,1.0,1.0,3.01604561666643e-06,1.0,9.449563854060598e-07,6.879790725189903e-09,1.0,0.0,1.0368811345455725e-07,1.0,0.0999974225998171,9.021867116913781e-13,1.0,5.014834663358737e-07,1.0380693893544431e-09,1.0,0.0999999734713066,1.4261080972106356e-05,1.0,0.0,6.016013091701616e-14,1.0,0.0,3.0972561266085614e-07,1.0,0.0,3.846977001560258e-10,1.0,0.0237996795927725,4.743341066802457e-12,1.0,1.0,1.5451454183573594e-09,1.0,0.1217872472947827,1.4388559404755285e-06,1.0,0.8823699999661309,0.0001003937271667,1.0,0.3514358720555077,6.782499584880753e-09,1.0,1.0,3.3858406474549135e-12,1.0,0.117555333255886,1.4811899253527742e-08,1.0,2.76586921161612e-05,1.3174628200886482e-09,1.0,0.0,4.73948406141227e-10,1.0,3.1112646510160883e-13,2.020960626829893e-06,1.0,0.0918706404019157,1.7154000000025628e-06,1.0,7.361526463379398e-07,1.2176954750436822e-12,1.0,0.0,2.7255274632241437e-06,1.0,0.0,5.4248407289230674e-08,1.0,,,C/C,0.000140249086068,,,,,,,,,,,,,,,,,,,,,,,,,,,,,,,,,,,,,,,,,,,,,,,,,,,,,,,,,,,,,,,,,,,,,,,,,,,,,,,,,,,,,,,,,,,,,,,,,,,,,,,,,,,,,,0.0,5.585904000068722e-07,0.6831109421940526,6.135019706345884e-06,1.0,1.3987430050857839e-16,0.062863450393626,1.342714661697422e-06,1.0,0.0,0.0,2.141120008896908e-08,1.0,0.0,1.0,0.0,8.379185211954198e-07,1.0,7.172604682016599e-16,0.0,3.2653221124207505e-07,1.0,6.270790667795386e-11,0.076973827729728,1.4336581566594498e-10,1.0,0.0,1.0,1.4145735513044718e-18,1.0,0.0,1.0,6.702451586247508e-06,1.0,1.8578254732549382e-05,0.0,7.056070682335952e-06,1.0,0.0991275913752663,0.0199814240389752,0.9721769647410272,1.0,0.9948940422615604,7.758586416048816,0.5672518471971202,7.886681273143113,G,C,1
VAR_002650,,,,,,,2.73296841545532e-06,4.105998668223338e-05,3.1495331492156506e-12,5.4699892741851e-07,0.0020650973136639,1.870370135429196e-14,8.71965681538064e-07,3.872396077409176e-10,1.0138958970583036e-10,,,,,,,,,,,1.3777771251418116e-06,gnomADe_NFE,,,,,,,,,,,,,0.0,9.254674933259552e-07,1.0,0.6862521113029048,2.696866824980293e-09,1.0,0.0995726057792851,0.0007206157606187,1.0,0.0,9.22929445542421e-09,1.0,0.0,2.0828581925835925e-06,1.0,0.0,7.62906335545082e-06,1.0,0.0010842283080775,5.1936916758185534e-08,1.0,0.0999918728647527,2.768446171409547e-15,1.0,0.1932255718009856,8.08999664429441e-07,1.0,0.0590134458835154,2.786557541254054e-05,0.0,0.0312527715244892,2.4586548722222463e-19,1.0,0.0,1.4872252473523454e-05,0.0,,,,,,,,,,,,,,,,,,,,,,,,,,T/T,T/T,5.340042758089269,5.568659062807869,,1.0,1.0296202217365804e-05,1.0,1.0,3.832228581661934e-06,1.0,0.0675426669523719,0.0001730446896607,1.0,0.3364241292242899,2.857274351881261e-05,1.0,0.0,4.4712350398416494e-06,1.0,0.7968351059919918,1.949320364031363e-05,1.0,0.0992809435531967,6.5319824374175805e-06,1.0,1.0,5.200462700841146e-06,1.0,0.0999999999999842,0.0001915099344121,1.0,0.0002937954059057,1.2824246217999584e-08,1.0,0.001805589921306,1.701712300450346e-13,1.0,1.0,5.329422655371871e-06,1.0,0.0,0.0003990668458743,1.0,0.0,1.283829895986817e-06,1.0,0.0999999999896527,6.118667865180753e-15,1.0,1.0,1.7489984105122149e-06,1.0,0.0124718460339902,2.2730424019155356e-05,1.0,2.39929414001426e-06,2.553595561836969e-08,1.0,0.0359486157479783,2.4172994980919906e-07,1.0,0.0,9.473289940629326e-09,1.0,0.1193027068165914,4.2746754832228815e-06,1.0,6.860462862939059e-05,2.3278781534216607e-06,1.0,0.0,8.233802408375234e-12,1.0,0.0853707466709244,4.690038084669619e-32,1.0,0.1818384373976581,1.1308370445805191e-08,1.0,0.0999999998799439,0.0001370762638163,1.0,1.0,3.946971383615981e-08,1.0,0.0,5.262225756119714e-06,1.0,0.0,3.5736484286911178e-06,T/T,2.033086779311821e-05,0.1169904350745902,5.508114125792747e-08,0.5991526267915045,6.26766126765355e-05,1.0,0.0,4.364730624214393e-05,1.0679354135951652e-05,1.0,0.0,1.0,0.0999999999999991,6.713274930654657e-06,1.0,0.0,0.0333228034915843,2.3370519193078086e-07,1.0,0.0,2.979820203636131e-12,2.7879096874499546e-06,1.0,0.0,0.0,1.0208637737643378e-06,1.0,0.0,,,,,0.0806011789006669,2.5051155788999063e-05,1.0,0.0,0.0,,1.0,3.8056040803496497e-06,1.0,8.67110350241961e-07,1.0,0.0,0.5837281463151706,1.5021578982858013e-05,1.0,0.0,1.0,0.4995602866936298,1.048645236220797e-06,1.0,0.0,0.0,6.594041623624586e-08,1.0,0.0997537264776855,0.0048246216791848,7.295595840013841e-06,1.0,0.0,1.0,9.79280245733324e-06,1.0,0.0,0.0,8.769195000011908e-06,1.0,0.0006986892401139,0.838188646669272,1.4230215540581543e-10,1.0,0.0,0.0566673917755393,0.0,1.3855294761846816e-09,0.0,0.0003055310434359,1.0,0.0,0.0,6.056973441453333e-07,1.0,0.0,1.0,0.0947888593477121,1.96284477239133e-07,1.0,0.0,1.0,6.564763165602952e-06,1.0,0.0999999999999355,0.0999961473922533,1.7068287458053036e-10,1.0,0.0,0.0673790384880163,3.630740683201e-07,1.0,0.0,,,,,0.8870717203021984,2.644138554751599e-08,1.0,0.0,0.0999999999999999,1.0,2.004356152328619e-06,1.0,6.1880562494883105e-09,1.0,1.974443085294633e-05,0.0999970719688961,3.998438835123785e-05,1.0,0.0,0.115526149202184,1.27660330744993e-08,1.0,0.0,1.0,0.0,4.8117168298974246e-11,1.0,0.0014532381073482,1.0,0.0002041702395923,1.0,0.0012502627960261,7.843654382530544e-15,5.816485553695237e-12,1.0,0.0,1.0,7.684735529862331e-07,1.0,0.0,1.0,1.1966394744148508e-06,1.0,0.0999999995814181,0.0,1.8692055812215413e-14,1.0,0.0999995955237307,0.0999702735537534,0.9849961676871352,0.1228267183850969,0.976888431606884,5.679974959688827,0.6031668949097767,7.844386604943411,Y,C,1
VAR_002692,,,,,,,,,,,,,,,,,,,,,,,,,,,,,,,,,,,,,,,,,,,,,,,,,,,,,,,,,,,,,,,,,,,,,,,,,,,,,,,,,,,,,,,,,,,,,,,,,,,,,A/A,A/A,5.781046712813379,5.713549522613375,,,,,,,,,,,,,,,,,,,,,,,,,,,,,,,,,,,,,,,,,,,,,,,,,,,,,,,,,,,,,,,,,,,,,,,,,,,,,,,,,,,,,,,,A/A,,,,,,,,,,,,,,,,,,,,,,,,,,,,,,,,,,,,,,,,,,,,,,,,,,,,,,,,,,,,,,,,,,,,,,,,,,,,,,,,,,,,,,,,,,,,,,,,,,,,,,,,,,,,,,,,,,,,,,,,,,,,,,,,,,,,,,,,,,,,,,,,,,,,,,,0.9755569395865528,0.9740912042654088,1.0,9.818154412488637,0.756,11.00161955284951,Y,N,1
VAR_002729,,,,,,,6.158702315401238e-07,2.5635714828762375e-12,8.576298326149654e-06,6.75704241866588e-06,0.0004416054061736,9.512584782333924e-09,8.099124008931356e-07,1.2629821490631206e-07,2.158055831187561e-06,,,,,,,,,,,8.096443191359769e-07,gnomADe_NFE,,,,,,,,,,,,,,,,,,,,,,,,,,,,,,,,,,,,,,,,,,,,,,,,,,,,,,,,,,,,,,,,,,,,,,,,,,T/T,T/T,5.4562246198057975,5.214134323413655,,1.0,2.656618420622477e-07,1.0,1.0,1.6146926542967116e-06,1.0,0.0013908594124113,6.202924383045138e-07,1.0,0.0,0.0001193579955257,1.0,0.0,2.126367074238378e-05,1.0,0.0,4.540200031175425e-15,1.0,0.0043869280014837,0.0001694476097257,1.0,0.0,1.1786098775028904e-06,1.0,0.0022724909807575,8.929717536759653e-06,1.0,0.0993792120580346,9.05054204540849e-15,1.0,0.0999999999999999,2.239021948771518e-07,1.0,1.0,1.5392913034059703e-06,1.0,0.0,3.7314470436511925e-05,1.0,1.0,9.533060102175798e-07,1.0,0.045236486747678,7.978340277452255e-12,1.0,1.0,3.335624968334011e-05,1.0,0.0999950485665394,1.4186801616616642e-06,1.0,3.3884361856351726e-11,1.4520877344036288e-07,1.0,0.0,3.472737428149432e-20,1.0,1.0,2.3821491126765746e-05,1.0,0.0,4.0358071856704974e-09,1.0,0.09835367368315,6.835905435409329e-08,1.0,0.7553500984830868,7.634527739361809e-11,1.0,0.0208561972441187,1.0780368070683276e-10,1.0,0.0,7.775569975052786e-07,1.0,0.0781763820901915,1.10769811246772e-11,1.0,0.0,4.8471867191342834e-05,1.0,1.0,1.3578043274558734e-06,1.0,,,T/T,1.106795689651044e-06,,,,,,,,,,,,,,,,,,,,,,,,,,,,,,,,,,,,,,,,,,,,,,,,,,,,,,,,,,,,,,,,,,,,,,,,,,,,,,,,,,,,,,,,,,,,,,,,,,,,,,,,,,,,,,1.0,5.716022699749624e-07,1.0,2.7727927379357856e-10,1.0,0.0977766772805601,0.0181889793262571,0.0001084129804698,1.0,0.0,0.0,3.616052159644181e-12,1.0,0.0,1.0,0.0,2.070522243774581e-06,1.0,0.0008521231270981,1.0,2.541772182150148e-05,1.0,0.0003279086034292,0.0999999999154016,1.2346614929064618e-10,1.0,0.0,0.0,7.64889636960464e-07,1.0,0.0,0.0,4.597692648958456e-05,1.0,0.0999999999735646,1.0,8.017901963732211e-07,1.0,0.0989054719636564,0.0998795541024338,0.9855321296975258,0.6302386559146883,0.9827516160073974,7.654836756282903,0.7174985085436161,7.723597969429544,E,V,0
VAR_002970,,,,,,,,,,,,,,,,,,,,,,,,,,,,,,,,,,,,,,,,,,,,,,,,,,,,,,,,,,,,,,,,,,,,,,,,,,,,,,,,,,,,,,,,,,,,,,,,,,,,,C/C,C/C,5.723475704053398,5.780643256969747,,1.0,0.0001917539089171,1.0,1.0,5.496408163662946e-07,1.0,0.0999976856638359,6.537303973225232e-05,1.0,1.0,1.1541964211260151e-05,1.0,1.0,9.265118021224236e-07,1.0,0.0,1.9215619211911853e-08,1.0,0.099999976306166,8.884107932819356e-11,1.0,1.0,1.2617293004871546e-06,1.0,0.099999999999626,1.8590097140859135e-05,1.0,0.1,3.5039872821752755e-10,1.0,0.0082999991978345,3.069214496391767e-05,1.0,0.0,2.1846502044421546e-05,1.0,0.0,5.372956882001366e-08,1.0,0.4852058390481281,5.984106796230273e-09,1.0,0.0003257861543459,5.993422530432691e-06,1.0,1.0,1.8425634421133423e-05,1.0,0.364648126787099,2.586161253659565e-05,1.0,0.0697008314346391,4.7350411703355515e-11,1.0,0.0,7.470103965670189e-19,1.0,0.0,2.101670845949097e-14,1.0,0.2677448222041536,0.0002703643606958,1.0,0.0999979099573876,6.027241613504694e-13,1.0,0.0,4.886110130827577e-06,1.0,0.001373841846372,8.454755052728642e-06,1.0,0.1933766804033715,1.4694539418200778e-06,1.0,0.096493107370382,0.0001351305455355,1.0,0.1591675591705436,6.491709113332028e-06,1.0,0.0,0.0001106810870096,1.0,,,C/C,0.000655805111764,,,,,,,,,,,,,,,,,,,,,,,,,,,,,,,,,,,,,,,,,,,,,,,,,,,,,,,,,,,,,,,,,,,,,,,,,,,,,,,,,,,,,,,,,,,,,,,,,,,,,,,,,,,,,,,,,,,,,,,,,,,,,,,,,,,,,,,,,,,,,,,,,,,,,,0.996045458528644,0.2796882048776004,0.991944555750881,7.427432025584814,0.5526487782847896,7.768454229665986,W,C,1
VAR_003120,0.0004197859109199,7.261573788697505e-11,0.001260002278224,1.4143112948860456e-06,1.1697065034381324e-06,6.954312215643478e-05,0.000110880280037,0.0004579302853619,0.000181080715846,3.9697540323642504e-10,1.343298435330895e-05,4.057227526566039e-06,0.0001344219067641,6.871233746028545e-05,5.144438832109221e-05,5.7240038365952194e-05,9.263241818994376e-08,1.8067486261081824e-06,5.939055833746423e-05,3.6819811307745874e-08,0.001333917596383,2.7435216186172905e-08,0.0001124159428027,7.843283693585743e-07,2.958771492189207e-10,0.0013102118408343,AMR,1.0,0.0001820493949657,0.0,9.70128474191148e-06,0.999999999999965,0.0014887186312227,0.0001174837915287,5.447475443496817e-13,0.0855587730023919,1.7322655509856026e-06,0.0999999999990752,1.5447284448791537e-05,0.0,0.0010791213622686,1.0,1.0,0.0016451373827382,1.0,0.0999998694656362,2.0847835105916636e-14,1.0,1.0,4.2137796117197986e-18,1.0,1.0,3.9466788142107836e-10,1.0,1.0,8.744524116879292e-05,1.0,0.9000000000276454,0.0003373909371869,1.0,1.0,0.0001849993647903,1.0,1.0,3.011078114458172e-05,1.0,0.0999995657644245,2.378212470560189e-08,1.0,0.0500367723444041,6.164899730308585e-06,1.0,1.0,7.477685636552036e-05,1.0,1.0,1.827024006889468e-05,1.0,1.0,5.2429047119721294e-05,1.0,1.0,0.0001013443513064,1.0,0.0379226930207371,8.612587345196248e-10,0.0,1.0,6.0431703158819526e-05,1.0,0.1966928318933224,1.053559355874488e-05,0.0,0.0,0.0001013400234025,1.0,AllofUs_AMR,0.0584807243308116,9.155606349946074e-12,0.0,G/G,G/G,6.17,1.2041923509987076,-1.8045777860348795,1.0,0.0006911345302676,1.0,1.0,0.0001040400008052,1.0,2.0045425093344828e-05,8.816641022818476e-12,1.0,0.0,1.9971152236444106e-06,1.0,1.0,0.0001314910154413,1.0,1.0,5.420032759260256e-05,1.0,1.0,4.7812580175547926e-05,1.0,1.0,0.0001220400007259,1.0,0.1414796427119736,0.0002016767107974,1.0,1.0,4.927500000006048e-05,1.0,0.1873539988804439,7.547005269095267e-05,1.0,1.0,0.00014481,1.0,1.0,4.5282914889442814e-05,1.0,1.0,6.99518260953405e-05,1.0,0.0469748154099542,2.1697883731961995e-05,1.0,1.0,8.39709069501083e-05,1.0,1.0,7.055216109585143e-05,1.0,0.1549089966021928,7.154620259322054e-06,1.0,1.0,6.964981111540932e-05,1.0,1.0,7.110112952848372e-05,1.0,1.0,3.512716490999739e-05,1.0,0.2513033067165907,4.774844544363426e-06,1.0,1.0,3.258000000300765e-05,1.0,0.1051767119737602,2.130375730892792e-06,1.0,1.0,0.0001443210596996,1.0,0.2921039476901744,4.2638217772293255e-05,1.0,1.0,0.0001111621516818,1.0,0.0,0.0004595888192488,1.0,1.0,4.4202650440496136e-05,G/G,0.0012969000030004,1.0,7.376748931423915e-05,0.1275068628084116,1.0503426992264686e-20,1.0,0.0,1.0,0.0001577931117243,1.0,0.0,1.0,0.0545719939795871,3.886664876960902e-11,1.0,0.0,0.0999999999999999,2.0170013202910462e-16,1.0,0.0,1.2615332014587036e-05,1.2044840163366789e-05,1.0,0.0,1.0,8.449193634850794e-05,1.0,0.0,1.0,0.0001583597185699,1.0,0.0,0.0002985822745624,6.506847678824232e-07,1.0,0.0,0.0,,1.0,6.891174649232116e-05,1.0,2.838141075892119e-20,1.0,0.0,1.0,7.891375548439844e-05,1.0,0.0,1.0,0.703167755445141,1.1324602712347726e-09,1.0,0.0,0.0,7.038608592716237e-05,1.0,0.0971332464892012,6.812308458792702e-10,1.4353040755500788e-12,1.0,0.0,1.0,0.0001314333000083,1.0,0.0,1.0,0.0001314333029815,1.0,0.0012283348146594,0.2687383020290218,2.596413918578776e-12,1.0,0.0,0.0242578451234659,1.0,6.940318148582936e-05,0.4041418615827137,0.0001690681245551,1.0,0.0,1.0,8.855686390567006e-05,1.0,0.0,1.0,0.0026460473211112,1.8450018456258708e-10,1.0,0.0,0.0,2.2974666988977525e-05,1.0,2.0267105031753668e-11,0.0369375936117422,6.8175031981406425e-06,1.0,0.0,1.0,0.000130672072437,1.0,0.0,1.0,0.0001306503315872,1.0,0.0044699105772388,0.5537267014453257,6.2944424845300615e-12,1.0,0.0,1.003499051002363e-06,1.0,0.0001524265135873,0.0,2.4007402849772627e-05,1.0,4.41329051561933e-07,2.1099759850306244e-05,5.777492493348594e-14,1.0,0.0,1.0,0.0001522651788459,1.0,0.0,1.0,1.0,3.8293615715667753e-13,1.0,0.0999999994617055,1.0,0.0003799630667389,1.0,0.0656770629091307,0.0842997585672195,9.801603977296018e-16,1.0,0.0,1.0,0.0001434057698144,1.0,0.0,1.0,0.0001502581962952,1.0,1.106326390490304e-06,1.0,5.495958653792984e-20,1.0,0.0459326602548744,0.0998700408168147,0.7990967106098799,0.7177301548906801,0.0023794868464159,1.323710617058343,-0.1480951779128327,0.7247075350980471,S,R,1
VAR_002679,,,,,,,,,,,,,,,,,,,,,,,,,,,,,,,,,,,,,,,,,,,,,,,,,,,,,,,,,,,,,,,,,,,,,,,,,,,,,,,,,,,,,,,,,,,,,,,,,,,,,A/A,A/A,5.793506991359244,5.757127984019876,,,,,,,,,,,,,,,,,,,,,,,,,,,,,,,,,,,,,,,,,,,,,,,,,,,,,,,,,,,,,,,,,,,,,,,,,,,,,,,,,,,,,,,,A/A,,,,,,,,,,,,,,,,,,,,,,,,,,,,,,,,,,,,,,,,,,,,,,,,,,,,,,,,,,,,,,,,,,,,,,,,,,,,,,,,,,,,,,,,,,,,,,,,,,,,,,,,,,,,,,,,,,,,,,,,,,,,,,,,,,,,,,,,,,,,,,,,,,,,,,,0.9939182138482774,0.9534027117196072,0.9640422704608974,9.46617739685509,0.756,11.463832807013912,S,T,1
VAR_002707,,,,,,,,,,,,,,,,,,,,,,,,,,,,,,,,,,,,,,,,,,,,,,,,,,,,,,,,,,,,,,,,,,,,,,,,,,,,,,,,,,,,,,,,,,,,,,,,,,,,,C/C,C/C,5.779469542899211,5.661567650144505,,,,,,,,,,,,,,,,,,,,,,,,,,,,,,,,,,,,,,,,,,,,,,,,,,,,,,,,,,,,,,,,,,,,,,,,,,,,,,,,,,,,,,,,C/C,,,,,,,,,,,,,,,,,,,,,,,,,,,,,,,,,,,,,,,,,,,,,,,,,,,,,,,,,,,,,,,,,,,,,,,,,,,,,,,,,,,,,,,,,,,,,,,,,,,,,,,,,,,,,,,,,,,,,,,,,,,,,,,,,,,,,,,,,,,,,,,,,,,,,,,0.9762219161515652,0.9683995915195368,1.0,7.884297919205155,0.5604098692773917,7.936633651820528,C,S,1
VAR_002833,,,,,,,,,,,,,,,,,,,,,,,,,,,,,,,,,,,,,,,,,,,,,,,,,,,,,,,,,,,,,,,,,,,,,,,,,,,,,,,,,,,,,,,,,,,,,,,,,,,,,G/G,G/G,5.721072055519761,5.809470653063262,3.653544000447107,,,,,,,,,,,,,,,,,,,,,,,,,,,,,,,,,,,,,,,,,,,,,,,,,,,,,,,,,,,,,,,,,,,,,,,,,,,,,,,,,,,,,,,G/G,,,,,,,,,,,,,,,,,,,,,,,,,,,,,,,,,,,,,,,,,,,,,,,,,,,,,,,,,,,,,,,,,,,,,,,,,,,,,,,,,,,,,,,,,,,,,,,,,,,,,,,,,,,,,,,,,,,,,,,,,,,,,,,,,,,,,,,,,,,,,,,,,,,,,,,1.0,1.0,0.9710598252055328,9.264570272314725,0.6525385116897152,10.883762994226933,Q,E,1
VAR_003130,,,,,,,,,,,,,,,,,,,,,,,,,,,,,,,,,,,,,,,,,,,,,,,,,,,,,,,,,,,,,,,,,,,,,,,,,,,,,,,,,,,,,,,,,,,,,,,,,,,,,T/T,T/T,6.17,6.115654949932508,,,,,,,,,,,,,,,,,,,,,,,,,,,,,,,,,,,,,,,,,,,,,,,,,,,,,,,,,,,,,,,,,,,,,,,,,,,,,,,,,,,,,,,,T/T,9.887795085883273e-06,,,,,,,,,,,,,,,,,,,,,,,,,,,,,,,,,,,,,,,,,,,,,,,,,,,,,,,,,,,,,,,,,,,,,,,,,,,,,,,,,,,,,,,,,,,,,,,,,,,,,,,,,,,,,,1.0,6.658472109665172e-05,1.0,1.0670354800961695e-10,1.0,0.0999746503612101,0.0008872420237937,1.1946492685059991e-14,1.0,0.0,0.1267711325663652,1.1006217774036589e-06,1.0,0.0,1.0,0.0,1.1918147104807562e-11,1.0,0.0300111311417863,0.0,2.2859470279211707e-10,1.0,0.0285345797304866,1.1789064738686942e-16,1.0898689900257647e-06,1.0,0.0,1.0,5.644736301963702e-22,1.0,0.0,1.0,0.0020582427440898,1.0,0.0996765414728191,0.0,9.96213952350604e-06,1.0,2.1592238163638824e-06,2.814380315671355e-09,0.985695834183738,0.6374082155580759,1.0,4.466335793275274,0.6315767216309361,7.604288080253581,Y,C,0
VAR_002853,,,,,,,,,,,,,,,,,,,,,,,,,,,,,,,,,,,,,,,,,,,,,,,,,,,,,,,,,,,,,,,,,,,,,,,,,,,,,,,,,,,,,,,,,,,,,,,,,,,,,C/C,C/C,5.885326848830982,5.817859809742982,3.872163797107828,,,,,,,,,,,,,,,,,,,,,,,,,,,,,,,,,,,,,,,,,,,,,,,,,,,,,,,,,,,,,,,,,,,,,,,,,,,,,,,,,,,,,,,C/C,,,,,,,,,,,,,,,,,,,,,,,,,,,,,,,,,,,,,,,,,,,,,,,,,,,,,,,,,,,,,,,,,,,,,,,,,,,,,,,,,,,,,,,,,,,,,,,,,,,,,,,,,,,,,,,,,,,,,,,,,,,,,,,,,,,,,,,,,,,,,,,,,,,,,,,1.0,1.0,1.0,7.806922165830718,0.530736009969441,8.244467286899528,R,P,1
VAR_003216,,,,,,,1.637100002122628e-06,0.0014690866689573,2.191098872925569e-06,3.8136908349041855e-10,2.8428360946356184e-05,2.6589246633087258e-12,5.809763569760768e-05,6.794870042376861e-10,1.3558620746239968e-08,,,,,,,,,,,0.000267347908216,gnomADe_EAS,,,,,,,,,,,,,,,,,,,,,,,,,,,,,,,,,,,,,,,,,,,,,,,,,,,,,,,,,,,,,,,,,,,,,,,,,,G/G,G/G,4.023904486760687,1.3180669581134772,-2.49772716587412,,,,,,,,,,,,,,,,,,,,,,,,,,,,,,,,,,,,,,,,,,,,,,,,,,,,,,,,,,,,,,,,,,,,,,,,,,,,,,,,,,,,,,,G/G,0.0002252700016846,1.0,1.7076512419513373e-05,0.7933937962080915,7.411788765270254e-11,1.0,0.0,0.0789654921361809,1.302417603528454e-13,1.0,0.0,1.0,0.0895006389739945,3.9933836048952086e-12,1.0,0.0,0.9180931506054996,0.0002257914123902,1.0,0.0,0.0009086160018508,5.037230064770479e-09,1.0,0.0,0.0,2.2166639300532755e-06,1.0,0.0,0.0,0.0002252426123597,1.0,0.0,0.0003489138398821,1.882931287810681e-05,1.0,0.0,0.0,,0.0,7.039827e-06,0.0,8.756678676321767e-08,1.0,0.0,0.6386611527184455,2.8281801277707618e-06,1.0,0.0,1.0,0.0,3.7159946994466725e-05,1.0,0.0,1.0,8.635781472833766e-05,1.0,8.555628816067227e-16,0.0014458863997575,3.5205449209174234e-06,1.0,0.0,0.0,1.0687808765591685e-06,1.0,0.0,1.0,8.637662819750782e-05,1.0,0.0929728463227293,0.2114361554629673,5.815507472549848e-10,1.0,0.0,0.0112095878861913,1.0,8.164746202085885e-06,0.0,3.8227621753143137e-11,1.0,0.0,0.4254846435327137,1.5266544107771537e-13,1.0,0.0,1.0,0.0970823518688313,1.325962175766074e-09,1.0,0.0,0.0,0.0001136655040435,1.0,0.0417704496417206,2.1794394834771625e-06,5.941647947681376e-06,1.0,0.0,1.0,1.818813131055861e-05,1.0,0.0,0.0,0.0001137649749894,1.0,0.0999999999999999,0.0926098464967255,3.512783893323627e-05,1.0,0.0,5.609233480166476e-09,1.0,3.4822371458704918e-06,0.0,1.5222973254542868e-06,1.0,0.0078354674910104,3.9676805151178776e-14,7.697891849118817e-06,1.0,0.0,0.0,4.666609260066611e-10,1.0,0.0,1.0,0.0,0.0001262326578807,1.0,0.0782583027378408,1.0,0.0020033233769005,1.0,0.0999999898345613,1.7680255945660551e-06,3.098947853198287e-06,1.0,0.0,1.0,6.71488050458603e-13,1.0,0.0,1.0,2.4158520479691465e-05,1.0,0.0004030902908643,1.0,0.0002491450369125,1.0,2.5941489424537912e-12,0.0226251887802364,0.0341115037055134,0.0,0.0,-0.9727439107305038,-1.4637180100955405,0.0612775269659584,P,L,0
VAR_002559,,,,,,,,,,,,,,,,,,,,,,,,,,,,,,,,,,,,,,,,,,,,,,,,,,,,,,,,,,,,,,,,,,,,,,,,,,,,,,,,,,,,,,,,,,,,,,,,,,,,,G/G,G/G,5.346587688550308,5.367268038447243,,,,,,,,,,,,,,,,,,,,,,,,,,,,,,,,,,,,,,,,,,,,,,,,,,,,,,,,,,,,,,,,,,,,,,,,,,,,,,,,,,,,,,,,G/G,,,,,,,,,,,,,,,,,,,,,,,,,,,,,,,,,,,,,,,,,,,,,,,,,,,,,,,,,,,,,,,,,,,,,,,,,,,,,,,,,,,,,,,,,,,,,,,,,,,,,,,,,,,,,,,,,,,,,,,,,,,,,,,,,,,,,,,,,,,,,,,,,,,,,,,1.0,1.0,1.0,9.176659426971865,0.6669628262484084,11.927,A,V,1
VAR_003035,,,,,,,1.859793683554236e-06,1.497029332597514e-05,6.457013157522753e-05,6.678091584386492e-10,1.192442488649403e-06,6.687971226462061e-05,2.429900806181788e-06,5.4699037868876505e-19,1.8684071844118088e-06,,,,,,,,,,,2.429109025336581e-06,gnomADe_NFE,,,,,,,,,,,,,,,,,,,,,,,,,,,,,,,,,,,,,,,,,,,,,,,,,,,,,,,,,,,,,,,,,,,,,,,,,,T/T,T/T,6.168292259920468,5.949389778909652,,0.8702469856345888,7.665466805250978e-12,1.0,0.0,6.432382240232032e-07,1.0,0.084423645030325,3.9429087358811135e-05,1.0,0.0,2.4115486332224514e-06,1.0,1.0,8.614800049025074e-07,1.0,1.0,9.91111472147527e-10,1.0,6.035544536247158e-16,6.286441783449847e-11,1.0,1.0,6.5747512642199545e-06,1.0,0.0773497801536213,2.170304440871401e-05,1.0,1.7058966755531911e-09,1.865782831680922e-05,1.0,0.0651352411443382,9.318885116527e-06,1.0,0.0,1.0850157087060164e-06,1.0,0.0,1.2067395696047177e-05,1.0,0.0,5.53346081688897e-13,1.0,0.0986116395515713,0.00010103453054,1.0,0.0,1.1835299463783723e-06,1.0,0.0999723195505061,1.664830465600828e-11,1.0,2.4165795902816e-10,1.3514050402383474e-09,1.0,0.0,1.501567025719325e-08,1.0,0.0,0.0015226752280438,1.0,0.0,2.1742078591348868e-08,1.0,0.0012861741252621,0.0001200800563915,1.0,0.0,7.158667298927373e-07,1.0,0.02742357020949,1.2766218138691616e-20,1.0,0.0001888434106349,3.7781305280101285e-10,1.0,0.0166107726863413,1.229720337728146e-05,1.0,0.416904893541146,5.378036595331316e-06,1.0,1.0,5.888049200733283e-12,1.0,,,T/T,2.475381171127956e-06,,,,,,,,,,,,,,,,,,,,,,,,,,,,,,,,,,,,,,,,,,,,,,,,,,,,,,,,,,,,,,,,,,,,,,,,,,,,,,,,,,,,,,,,,,,,,,,,,,,,,,,,,,,,,,1.0,1.6731000000035767e-06,0.0,6.033167192785326e-07,1.0,1.234081720275185e-05,0.0242532986713132,0.0001054071659648,1.0,0.0,0.8937622903625121,3.744085382893361e-16,1.0,0.0,1.0,0.4539092319769635,7.477941384969392e-09,1.0,0.0999903000889751,0.0,3.524286924395334e-05,1.0,0.0232986273861873,0.0999998793807133,8.092360905456909e-06,1.0,0.0,0.0,2.288700000019969e-06,1.0,0.0,1.0,2.3446496845690738e-06,1.0,0.0257846741909371,1.0,5.8179531762381634e-08,1.0,0.0999999406174438,1.8516771046507137e-07,1.0,0.9889219018690488,0.9574046961024396,5.004567012132304,0.6435905260653725,7.977926345490095,Y,F,1
VAR_002552,0.0001973018557823,1.7358499962826198e-06,5.326389810999511e-05,0.0009402227519352,2.829410571710688e-07,2.0962195207610274e-07,5.549807455097616e-06,3.0770683316663646e-10,1.96582319211132e-08,0.0003032375208561,0.0001134000729178,7.027203911727412e-07,2.522058030067131e-06,4.792721200863427e-05,2.0483357771782937e-05,0.0001337088842425,3.334765213767348e-06,3.7458077293030255e-10,9.787331023466197e-08,8.163094865986313e-10,0.000805434676664,1.9166583107598744e-12,1.61761345646026e-08,2.9966660965183205e-07,1.9112962450781156e-10,0.0010736421812213,EAS,1.0,0.0002665565312841,0.4876176395358594,2.918343234438815e-13,2.335598530966656e-06,2.592176204768708e-05,0.9000199125116015,0.000892879403206,0.0999999999999304,5.288281075882801e-06,0.0936579783917209,4.627400594223866e-06,1.0,3.657248514974391e-15,1.0,1.0,3.875100885626233e-05,1.0,0.0123395979851378,9.217649380171714e-07,1.0,0.0023971920671268,1.560744181173376e-06,0.0,0.0,0.0001730354877665,1.0,0.0,1.1805056259615383e-09,1.0,3.380841310135992e-08,1.278651105606325e-05,1.0,5.9835447447501606e-21,2.140009362659624e-05,1.0,0.0,2.6658124470530333e-05,1.0,0.0010581360880635,9.688128432568139e-10,1.0,0.0298832243009845,5.372062000469096e-07,1.0,0.9825624621257184,9.50412870944138e-07,0.0,1.0,1.17267577550634e-09,0.0,1.0,6.858229073544252e-06,1.0,0.0,4.511507753821004e-08,1.0,1.0,0.0002511900208878,1.0,0.0,7.218447792272798e-08,0.0,0.0,1.2216086913547404e-05,0.0,1.0,0.0002512375004236,1.0,AllofUs_EAS,0.0999921457386354,1.1478320394751292e-09,1.0,T/T,T/T,5.38850459324103,2.7920856543267023,2.376337700766546,0.0,0.0005367758763744,1.0,1.0,1.7477373253091326e-05,1.0,0.0999779510965256,0.0007347344548537,1.0,0.5866000813733359,2.613762979762754e-06,1.0,0.0,2.0608934137653245e-06,1.0,1.0,9.349747909036277e-18,1.0,1.0,0.0001824848694387,1.0,1.0,2.27125519387667e-06,1.0,1.1370193456628408e-08,4.4921345016259525e-05,1.0,0.3627362476003614,0.0001972088838969,1.0,0.1038609999535219,2.2311e-06,1.0,0.4955628638912416,2.62862580668828e-05,1.0,0.0,3.4767419167851925e-06,1.0,0.0,3.663803016379789e-07,1.0,1.0,5.9859000000000255e-05,1.0,1.0,1.2144140653256067e-06,1.0,0.1,1.0824407942702505e-07,1.0,0.0018086100939307,6.110100005302314e-09,1.0,0.5839947078595457,3.563662545079007e-12,1.0,0.0,6.901201063905819e-06,1.0,0.085064365046794,2.588222428312072e-06,1.0,0.1925715852289383,3.063227423350505e-06,1.0,1.0,2.0844632474272248e-05,1.0,1.0,0.0006842700000002,1.0,0.9895639520814108,1.113168413897763e-06,1.0,0.0999992251645565,6.010036080195092e-05,1.0,1.0,4.651200000000215e-07,1.0,0.0,5.08713334292503e-06,1.0,0.0,6.800518702067552e-06,T/T,0.0011829791294518,0.2531460155107123,1.6569309579793973e-05,0.0,7.970942917689134e-07,1.0,0.0,0.098906689492336,5.86802929460805e-13,1.0,0.0,1.0,0.0134478067234989,2.2652205629633532e-05,1.0,0.0,1.0,0.0001989828306855,1.0,0.0,9.182411965264847e-05,1.528182995113167e-09,1.0,0.0,0.6377030544743093,8.0647595590405e-06,1.0,0.0,0.7669595348056615,0.0001998908204668,1.0,0.0,0.0999967518251578,1.1785583918563872e-10,1.0,0.0,0.0,,0.0,1.1461936815901798e-05,0.0,2.0257467805212625e-08,1.0,0.0,0.0,4.693961524756798e-06,1.0,0.0,1.0,0.0,3.383337807870011e-09,1.0,0.0,1.0,0.0001023903800192,1.0,0.0999999999996777,0.0068701810638676,1.1663723734836385e-07,1.0,0.0,0.0,3.7060885668134894e-09,1.0,0.0,0.0,0.0001017522000162,1.0,0.0999999998993678,0.6090605519691953,8.687156860919343e-08,1.0,0.0,0.099996571512782,1.0,1.2984386630961218e-05,0.0,3.925792503229055e-05,1.0,0.0,0.0,1.4435011487615074e-06,1.0,0.0,1.0,0.099999855864285,1.9905295530649814e-05,1.0,0.0,1.0,0.0001431357259723,1.0,0.0981454863227349,0.00290259946331,9.1069682552152e-16,1.0,0.0,0.5229812246761788,2.59206893461348e-07,1.0,0.0,0.0,0.0001481749569749,1.0,0.0968807114171437,0.6479255647400906,1.3825540092980878e-05,1.0,0.0,0.0999999961968661,0.0,7.25687517957485e-06,1.0,1.3238489883357156e-05,1.0,0.0455981943564222,0.0498330054733004,3.661879714174939e-05,1.0,0.0,0.0449099979214396,3.532991484643282e-07,1.0,0.0,1.0,0.0,1.881544850198416e-05,1.0,0.0277453408478383,1.0,0.0002163784393472,1.0,1.363612330773517e-14,0.0999998167201814,2.8385582201565472e-08,1.0,0.0,1.0,3.163615673309963e-07,1.0,0.0,0.0,0.0001409957012775,0.0,0.0980945359957136,1.0,9.881640000008228e-06,1.0,3.269890100422474e-06,0.0997891788997003,0.9587936747386904,0.9876596264662928,0.9858450922015348,1.7653703563313616,0.6235473064460095,1.93181901738058,S,G,0
VAR_002705,,,,,,,,,,,,,,,,,,,,,,,,,,,,,,,,,,,,,,,,,,,,,,,,,,,,,,,,,,,,,,,,,,,,,,,,,,,,,,,,,,,,,,,,,,,,,,,,,,,,,T/T,T/T,5.848807046826879,5.740533825078923,,,,,,,,,,,,,,,,,,,,,,,,,,,,,,,,,,,,,,,,,,,,,,,,,,,,,,,,,,,,,,,,,,,,,,,,,,,,,,,,,,,,,,,,T/T,,,,,,,,,,,,,,,,,,,,,,,,,,,,,,,,,,,,,,,,,,,,,,,,,,,,,,,,,,,,,,,,,,,,,,,,,,,,,,,,,,,,,,,,,,,,,,,,,,,,,,,,,,,,,,,,,,,,,,,,,,,,,,,,,,,,,,,,,,,,,,,,,,,,,,,0.9940003037193382,0.9984475386064144,1.0,7.905205426800188,0.611453085351242,7.489469434177926,Q,R,1
VAR_002747,,,,,,,1.61611973884085e-05,2.433727849474744e-05,7.737933999297044e-08,1.6150209716959945e-12,2.541467982745149e-07,1.4415956815754174e-09,3.238200586017322e-06,1.5501908471170483e-05,4.67121653338988e-09,,,,,,,,,,,0.0001560600076722,gnomADe_MID,,,,,,,,,,,,,,,,,,,,,,,,,,,,,,,,,,,,,,,,,,,,,,,,,1.0,0.0005946927906881,0.0,0.0,7.79429298912484e-06,1.0,0.5430357445005978,1.1259000159852116e-05,1.0,0.0705381125095955,1.5911987133054248e-06,1.0,0.0,2.1623344132506788e-12,0.0,1.0,5.597401833123799e-05,1.0,1.0,3.008700003170412e-05,1.0,AllofUs_OTH,0.0981580159641895,5.676061069936015e-06,0.0,G/G,G/G,5.448250594395347,5.034657159458763,,0.3941764173143195,0.0006266269250251,1.0,0.0,2.2010353236624243e-06,1.0,0.0999883174196875,4.2169198435988674e-11,1.0,1.0,8.420763874812201e-05,1.0,0.0,2.5903966662238257e-06,1.0,1.0,5.839987760349935e-07,1.0,1.1166151631960027e-10,1.3861737525101764e-11,1.0,0.0,2.376000001229748e-06,1.0,2.29313708611138e-13,1.3728813663681766e-06,1.0,0.0029723083680844,1.0676195862971385e-07,1.0,0.0979437835092407,6.573190166061929e-07,1.0,1.0,3.033900000321496e-06,1.0,1.0,1.1406007473862384e-05,1.0,1.0,4.349077044115937e-09,1.0,0.0990081249502888,6.090960253003349e-11,1.0,1.0,1.0187764667230168e-05,1.0,0.0702810084492028,1.3544842934635793e-05,1.0,0.6710711218409352,8.498642462215641e-05,1.0,0.0,1.86150675874958e-06,1.0,0.0,5.054281287206947e-07,1.0,0.628467233867684,2.4276174559716964e-08,1.0,1.3925454323154204e-09,9.814297127089863e-07,1.0,0.0,5.767384999895599e-12,1.0,0.0632258599323438,7.402773478068487e-12,1.0,0.0,3.798311456241117e-06,1.0,0.0999766122618757,5.267059522635556e-05,1.0,0.1958276867362809,2.315082334819833e-05,1.0,0.5370539889853558,1.5412635713508894e-06,1.0,,,G/G,0.0001598746239208,0.0,1.5190298823860511e-05,0.099612670858131,2.128048194741448e-06,1.0,0.0,3.027465872602973e-06,1.2083177865942917e-07,1.0,0.0,1.0,0.0999999943973283,8.919927897632373e-11,1.0,0.0,0.0999999999998837,6.817863341691407e-08,1.0,0.0,0.0255627482047403,5.918203471677707e-06,1.0,0.0,0.1784273192679157,9.993965966714046e-09,1.0,0.0,,,,,3.542545448147777e-11,9.54467142221293e-10,1.0,0.0,0.0,,0.0,3.801565674062123e-06,0.5586078686307984,0.0002571678857347,1.0,0.0,0.0,1.7908596041365064e-22,1.0,0.0,1.0,0.0,7.859671907663211e-15,1.0,0.0,0.0105011594869644,2.28061197861003e-07,1.0,0.0999672934376882,0.000293480452102,5.521967388159493e-06,1.0,0.0,0.1133167509518479,1.1833379412760057e-05,1.0,0.0,0.0,8.791715721669418e-06,1.0,0.1,1.0,8.452383090265343e-07,1.0,0.0,0.0575934574888892,1.0,4.364041417523277e-06,0.6931566747858936,1.6226190044067129e-06,1.0,0.0,0.0,1.504278670571369e-07,1.0,0.0,1.0,1.9617541979271889e-10,2.8353123349923122e-14,1.0,0.0,0.0,1.082350317020614e-08,1.0,1.0881279777241704e-08,0.0999774749259331,1.0136967322929532e-05,1.0,0.0,1.0,1.007986884150341e-05,1.0,0.0,0.0,1.0383468491727536e-05,1.0,0.0997894998519938,0.5678429119857391,3.7127202822913015e-14,1.0,0.0,0.0064126353341487,0.0,7.952468857750923e-05,0.0,2.411772520153798e-09,1.0,0.0326020624601054,0.0195469607906101,1.7632783666129054e-06,1.0,0.0,0.0,3.676620520864855e-10,1.0,0.0,1.0,0.0,1.965626296499677e-06,1.0,0.0068335771087158,0.0,1.8720094177896687e-08,1.0,0.0124409145939065,0.0999994920320416,3.6482049533623243e-07,1.0,0.0,0.0,5.112115971096551e-06,1.0,0.0,1.0,0.0001519617547229,0.0,7.794484457187779e-11,0.0,2.7382114096493634e-14,1.0,0.097645132774869,0.059077580274103,0.9928006576153184,0.892856633867833,1.0,9.722005191333771,0.6682104792481589,11.392117694774116,A,D,1
VAR_002860,,,,,,,1.2329702165750738e-06,1.0099984876377119e-09,1.22966570994628e-10,4.545304664728103e-09,9.09030438057326e-05,2.256489618079636e-09,2.0660618735077407e-05,1.0518380978686845e-17,6.556134758152454e-10,,,,,,,,,,,1.6191504717637496e-06,gnomADe_NFE,,,,,,,,,,,,,,,,,,,,,,,,,,,,,,,,,,,,,,,,,,,,,,,,,1.0,6.876612038565793e-05,1.0,0.0,0.000580622486776,1.0,0.0,2.127002867435422e-05,0.0,6.45089020299003e-10,1.1900023829660684e-05,1.0,0.0,8.008552359850435e-06,0.0,0.0,1.2478050785027697e-07,1.0,1.0,3.768352265721669e-05,1.0,AllofUs_AFR,1.4278241382509326e-11,1.5559465667715584e-06,1.0,A/A,A/A,5.937657630873344,5.734789193703649,4.00122070631536,1.0,3.425329655190872e-05,1.0,0.0,1.146373753504587e-06,1.0,0.0908949445344735,7.396044280824639e-07,1.0,0.0,1.1410137087305233e-07,1.0,1.0,1.7445059374426552e-06,1.0,1.0,9.312106171714724e-06,1.0,0.099999999924753,9.729522579811204e-05,1.0,1.0,1.4274404129148809e-06,1.0,0.0151611510075055,1.9002413364261328e-10,1.0,0.0999999797067733,6.639387194296594e-08,1.0,0.0999979721064456,9.190424259539955e-08,1.0,1.0,2.208600019677385e-06,1.0,0.0,2.430946505732285e-05,1.0,0.3006087240970936,2.5335246614941635e-10,1.0,0.0999839678708751,4.6095256523078416e-18,1.0,0.8570085035862263,6.048474961326448e-18,1.0,0.0178297618160575,5.4330744498772015e-05,1.0,0.0025617482651435,2.5090565309579574e-07,1.0,0.9610362515478976,1.4104485351167477e-06,1.0,0.0,1.4152358714825713e-13,1.0,0.0,7.011960547237312e-10,1.0,0.0977759229933645,0.0001753892081208,1.0,0.0,2.776554518817843e-07,1.0,0.0999999999999997,1.9707077587610324e-06,1.0,0.6620573041519806,8.923438193110645e-07,1.0,0.0999284441669965,1.0212049668068451e-06,1.0,0.0,2.9355598295984213e-05,1.0,1.0,1.7051500181094735e-10,1.0,,,A/A,8.644536272656582e-06,,,,,,,,,,,,,,,,,,,,,,,,,,,,,,,,,,,,,,,,,,,,,,,,,,,,,,,,,,,,,,,,,,,,,,,,,,,,,,,,,,,,,,,,,,,,,,,,,,,,,,,,,,,,,,1.0,1.1261245242053309e-06,1.0,1.8292328725299195e-11,1.0,0.0004215339331789,0.0999864691651456,8.178054088258486e-05,1.0,0.0,0.0,3.092520491725226e-10,1.0,0.0,1.0,0.9382645752748952,2.243169258647228e-21,1.0,3.2094097114113987e-10,1.0,5.912670595908397e-05,1.0,0.0146112527736986,0.0395070496482174,3.188736384563313e-05,1.0,0.0,1.0,1.7582283031781536e-05,1.0,0.0,0.0,0.0002709037518245,1.0,4.149206565647615e-11,0.2446805931641027,3.172559978546949e-06,1.0,0.0040966412717368,2.428885762103539e-07,1.0,0.9699283796421392,1.0,5.50874246654352,0.7369156904916045,11.334977609164849,L,R,0
VAR_002584,,,,,,,,,,,,,,,,,,,,,,,,,,,,,,,,,,,,,,,,,,,,,,,,,,,,,,,,,,,,,,,,,,,,,,,,,,,,,,,,,,,,,,,,,,,,,,,,,,,,,A/A,A/A,5.314321114038386,5.549361589735555,,,,,,,,,,,,,,,,,,,,,,,,,,,,,,,,,,,,,,,,,,,,,,,,,,,,,,,,,,,,,,,,,,,,,,,,,,,,,,,,,,,,,,,,A/A,,,,,,,,,,,,,,,,,,,,,,,,,,,,,,,,,,,,,,,,,,,,,,,,,,,,,,,,,,,,,,,,,,,,,,,,,,,,,,,,,,,,,,,,,,,,,,,,,,,,,,,,,,,,,,,,,,,,,,,,,,,,,,,,,,,,,,,,,,,,,,,,,,,,,,,0.9823959685347042,1.0,1.0,9.251960599900348,0.6931915302174882,11.425284185597665,Y,D,1
VAR_002609,,,,,,,,,,,,,,,,1.3197240418214783e-05,0.0011081259480137,0.0001286710248873,1.088022744443817e-06,1.1809866450192135e-07,0.0001734423167019,2.516819521332315e-07,1.3339344190888698e-05,3.766292079582353e-06,1.869453522930543e-10,0.0001823677536352,gnomADg_EAS,,,,,,,,,,,,,1.0,6.6074649006652924e-09,1.0,1.0,7.32675003271849e-17,1.0,0.0999999999982884,3.9315724145968835e-09,1.0,1.0,7.864379236501527e-16,1.0,1.0,7.209251333881236e-07,1.0,0.0,7.412113551146167e-06,1.0,7.998954186017497e-15,2.9069980152914543e-06,1.0,0.0475439491792945,1.1835085280147851e-14,1.0,0.0,2.8689515016102856e-10,0.0,0.0999963636010923,2.3314085862861515e-08,1.0,0.0038733243447116,1.0865418270600793e-05,1.0,0.0,1.548233258400207e-10,1.0,,,,,,,,,,,,,,,,,,,,,,,,,,T/T,T/T,5.607048586206898,5.4116566154026735,,,,,,,,,,,,,,,,,,,,,,,,,,,,,,,,,,,,,,,,,,,,,,,,,,,,,,,,,,,,,,,,,,,,,,,,,,,,,,,,,,,,,,1.0,1.0209258317963308e-05,T/T,0.0001990269389901,0.0,1.6459488835234908e-05,0.8388771771937219,7.286719241946863e-08,1.0,0.0,0.0751082876438287,7.300231506847791e-06,1.0,0.0,1.0,0.0999999999747099,2.8106916917286708e-06,1.0,0.0,1.0,0.0001989828033011,1.0,0.0,0.0999999999993447,1.609136992560945e-06,1.0,0.0,0.0,4.676299714661598e-06,1.0,0.0,1.0,0.0001989828227705,1.0,0.0,0.0002018272094134,1.4880511029000422e-06,1.0,0.0,0.0,,1.0,7.598150448375717e-06,1.0,4.652561861358585e-09,1.0,0.0,0.0,8.65545900576988e-07,1.0,0.0,1.0,0.0,1.3429309410910488e-06,1.0,0.0,1.0,0.0001018248630102,1.0,0.0967801350490123,0.0777961198572723,3.0923625034115366e-08,1.0,0.0,0.0,4.6567042451633874e-08,1.0,0.0,0.0,0.0001017732335152,1.0,7.262746482157305e-06,1.0,5.990084901435978e-05,1.0,0.0,3.216475076291272e-05,0.0,2.11868251913147e-06,0.0,0.0010958753619408,1.0,0.0,0.3062130530632698,4.079403515490406e-06,1.0,0.0,1.0,1.7120053952390662e-10,4.4245413116665145e-05,1.0,0.0,0.0,7.296235476402683e-16,1.0,0.0654736205542404,0.0999999999981351,1.264004456150832e-10,1.0,0.0,0.0,5.412430047669829e-13,1.0,0.0,,,,,1.0,4.90789026824183e-05,1.0,0.0,3.4391680885006874e-14,1.0,1.130816723553709e-06,1.0,2.2253518217408247e-06,1.0,0.0150864940882108,2.0445195257619537e-10,8.557047995955175e-08,1.0,0.0,0.9148256527093356,4.54129672012146e-08,1.0,0.0,1.0,0.7590882392119084,3.322307143809708e-11,1.0,0.09999999883136,1.0,8.697513551868797e-05,1.0,0.0999999899186707,9.848807158444335e-10,1.3084918510969045e-15,1.0,0.0,0.0,7.765164417320659e-07,1.0,0.0,0.0,2.0119184264058444e-05,1.0,2.299459195243816e-05,0.0,9.566311952506387e-05,1.0,0.022815794194727,0.0104367477697539,0.9842486305467502,0.982627664927818,1.0,7.858605715804863,0.6318850331318382,8.744799494182207,I,V,1
VAR_003012,,,,,,,,,,,,,,,,,,,,,,,,,,,,,,,,,,,,,,,,,,,,,,,,,,,,,,,,,,,,,,,,,,,,,,,,,,,,0.0,1.8077153934154463e-16,1.0,0.0,2.071745341955861e-06,1.0,1.0,3.4791785475170734e-25,0.0,0.9155764067737868,8.376150469664862e-05,1.0,1.0,4.75915236205191e-09,1.0,0.0,1.0159496216346317e-05,1.0,1.0,8.371159506148182e-05,1.0,AllofUs_EAS,0.0178032044589872,7.056697029072853e-10,1.0,G/G,G/G,5.808550119147292,-0.0887103996967445,-0.0977592705311493,,,,,,,,,,,,,,,,,,,,,,,,,,,,,,,,,,,,,,,,,,,,,,,,,,,,,,,,,,,,,,,,,,,,,,,,,,,,,,,,,,,,,,,G/G,0.0003014069759778,,,,,,,,,,,,,,,,,,,,,,,,,,,,,,,,,,,,,,,,,,,,,,,,,,,,,,,,,,,,,,,,,,,,,,,,,,,,,,,,,,,,,,,,,,,,,,,,,,,,,,,,,,,,,,,,,,,,,,,,,,,,,,,,,,,,,,,,,,,,,,,,,,,,,,1.0,1.0,0.965000691318057,1.1556743625248378,0.6922503001328806,3.094008166266945,R,S,1
VAR_002995,,,,,,,3.0813827401443e-06,0.0007011240623486,6.605173785380698e-10,8.664904394803413e-14,2.3908105269008417e-05,0.0001413103212068,2.7466463439889603e-06,1.4904000000000002e-05,1.2472323268430113e-06,5.945623436529195e-06,2.8237370706047488e-15,2.4871429452863183e-05,4.872635037116068e-07,3.151087799156437e-07,1.771160996087272e-09,4.325958889011985e-07,1.323003159261793e-05,6.923802006640467e-07,1.5187435450796498e-05,2.878748298437632e-05,gnomADe_AFR,,,,,,,,,,,,,0.0,1.0776120379516749e-08,1.0,0.0,0.0008026502712224,1.0,0.0999999997138599,9.28090019559162e-06,1.0,0.8096103786295412,3.956408652733272e-07,0.0,0.0,0.0005946183913585,1.0,0.0,0.0001748568025292,1.0,2.228424374787605e-11,1.6564985647335934e-07,1.0,0.0108524303879464,3.414341328422141e-09,1.0,0.679108974791662,2.1489526873692535e-13,1.0,0.0166828535309084,0.0001078255862163,1.0,0.0573895356446012,9.246932467707954e-07,1.0,1.0,3.544288569280654e-09,1.0,1.0,5.305075840739238e-05,1.0,1.0,2.120832384342132e-05,1.0,0.2457609324436976,1.2285926775260196e-05,1.0,0.008443073059481,3.5176144042738805e-11,1.0,1.0,1.4168749478787368e-05,1.0,1.0,1.4744029997543016e-08,0.0,0.0,7.963356870963498e-05,1.0,AllofUs_EUR,0.0020751802848593,1.6040962491720624e-05,1.0,T/T,T/T,5.67117129455452,5.91244568923302,3.917753287466627,1.0,5.695877556874316e-05,1.0,1.0,4.928011261827322e-06,1.0,0.0212879166944162,8.185270059135741e-17,1.0,1.0,7.927200000000569e-07,1.0,1.0,5.893100245237147e-06,1.0,1.0,1.7905071500851547e-05,1.0,1.6688092728233217e-05,9.78339303023087e-07,1.0,1.0,5.634903309604973e-06,1.0,0.0828818359274907,6.284064023106527e-08,1.0,0.0172234706962742,1.112897523738952e-06,1.0,0.0115362820204987,1.425600000041259e-07,1.0,1.0,5.046805483938538e-06,1.0,0.0,6.121302715898946e-08,1.0,0.0,2.2540002665095132e-17,1.0,0.0999999939469501,6.058117049892576e-07,1.0,0.0,3.406512933979003e-06,1.0,0.1106102440771066,6.310201142841277e-06,1.0,0.1481538136723929,1.1943930623954618e-05,1.0,0.0,3.6280369530412462e-09,1.0,0.1113942154372491,5.286730606768253e-06,1.0,0.0,0.0001116091784254,1.0,0.0224576864745047,8.751673870513807e-05,1.0,0.0,4.200507424873161e-08,1.0,0.0999547071565838,0.0004629196382484,1.0,0.8613663964069873,9.88201079287456e-06,1.0,0.0999878537165625,0.0002232269988263,1.0,0.0,6.548676275482934e-06,1.0,1.0,9.962187721536622e-07,1.0,,,T/T,3.1809779649917834e-05,,,,,,,,,,,,,,,,,,,,,,,,,,,,,,,,,,,,,,,,,,,,,,,,,,,,,,,,,,,,,,,,,,,,,,,,,,,,,,,,,,,,,,,,,,,,,,,,,,,,,,,,,,,,,,1.0,3.3459765840793043e-06,1.0,0.0004200671993534,1.0,0.0999996305986668,9.585339366947813e-08,2.379553108761642e-19,1.0,0.0,0.0,1.404261523142392e-10,1.0,0.0,1.0,0.0,1.2909455253522451e-08,1.0,0.0999958129526187,0.0,0.001567060269915,1.0,0.098736132155878,0.0007405473479137,1.6414211521979575e-09,1.0,0.0,1.0,3.051417371464656e-06,1.0,0.0,1.0,6.450407181786152e-05,1.0,0.0999544982322482,1.0,2.8853205825830734e-06,1.0,0.002495789350962,0.0999999999999994,1.0,0.9626870612826768,1.0,5.635540675305705,0.7129457931298038,6.30552022922639,I,V,0
VAR_003234,,,,,,,,,,,,,,,,,,,,,,,,,,,,,,,,,,,,,,,,,,,,,,,,,,,,,,,,,,,,,,,,,,,,,,,,,,,,,,,,,,,,,,,,,,,,,,,,,,,,,,,,,,,,,,,,,,,,,,,,,,,,,,,,,,,,,,,,,,,,,,,,,,,,,,,,,,,,,,,,,,,,,,,,,,,,,,,,,,,,,,,,,,,,,,,,,,,,,,,,,,,,,,,,,,,,,,,,,,,,,,,,,,,,,,,,,,,,,,,,,,,,,,,,,,,,,,,,,,,,,,,,,,,,,,,,,,,,,,,,,,,,,,,,,,,,,,,,,,,,,,,,,,,,,,,,,,,,,,,,,,,,,,,,,,,,,,,,,,,,,,,,,,,,,,,0
VAR_002715,,,,,,,2.8677213838902413e-05,9.58360333702138e-10,1.3277314806193113e-07,1.3969028161112582e-08,3.84539814119174e-12,7.995118038584881e-09,1.6218001706418007e-06,9.711248544859216e-06,0.0001291224286852,,,,,,,,,,,0.0014039323700845,gnomADe_NFE,,,,,,,,,,,,,1.0,2.814226277841573e-12,1.0,1.0,1.9777871304984383e-06,1.0,0.0999991228348379,2.4903635175290293e-13,1.0,0.0,6.148572638962062e-07,1.0,0.0,2.477967951534e-06,1.0,0.0,2.305062575379521e-07,0.0,0.0849125216601024,3.4899515828402045e-06,1.0,6.515155406814063e-20,6.498292333193297e-05,0.0,0.7457978678723766,2.695432250333547e-09,1.0,0.0999999999994238,4.599198908034285e-07,1.0,7.3852659451823455e-09,1.6715979056960675e-05,0.0,1.0,0.0001140834529147,0.0,1.0,3.0216595175528595e-06,0.0,1.0,0.0002046939989528,1.0,1.0,7.951943010351743e-05,0.0,7.224820293438002e-08,3.334650245200532e-08,0.0,1.0,3.7791490565580567e-06,1.0,1.0,8.913777348733895e-07,0.0,0.0,3.556474580608119e-06,1.0,AllofUs_EUR,0.0742519663263667,3.4461667225608554e-10,1.0,T/T,T/T,5.779465432514517,6.17,3.7827310256757487,0.0,8.151047944757936e-07,1.0,1.0,4.045253434245545e-06,1.0,0.0969947339144966,1.0190182308137753e-13,1.0,1.0,1.2159921466692624e-08,1.0,0.2925530135293213,7.890604165643428e-06,1.0,1.0,5.1204001848811175e-06,1.0,0.0274925679961958,1.2007623413833845e-07,1.0,1.0,1.427590400293842e-06,1.0,0.0999999716721753,4.609162572864207e-07,1.0,0.0999999985989553,4.616437724738305e-32,1.0,0.1008242157487437,0.0002286940510361,1.0,1.0,1.4787000029387964e-06,1.0,1.0,5.521901390974845e-07,1.0,0.0,1.220216278832322e-08,1.0,0.0114344292484363,1.7077337848537475e-05,1.0,1.0,3.270721286813486e-07,1.0,0.0012176634026656,5.45211992639365e-10,1.0,0.0001139154129979,1.1593169062390231e-06,1.0,0.0,4.419005756659667e-06,1.0,1.0,4.325217489231947e-09,1.0,0.7186786462083679,2.765557214048509e-06,1.0,0.0959331843869031,2.3617589168543907e-29,1.0,0.7778951927990456,2.0949123705707838e-11,1.0,0.0999388094625835,5.4879609296161364e-09,1.0,0.0,3.04972968975822e-07,1.0,0.028914790847051,0.0005268388068468,1.0,0.0,4.568620863231582e-06,1.0,1.0,1.9170416096412778e-22,1.0,,,T/T,3.0195058978022723e-05,1.0,8.964946735936401e-06,0.0447130554125421,3.090149933839141e-09,1.0,0.0,6.967485026718718e-11,6.889679279406179e-13,1.0,0.0,1.0,0.0999999999266164,5.862368898429092e-13,1.0,0.0,0.0999998056927482,1.690926513223933e-15,1.0,0.0,1.6069633744517993e-06,1.4762674258458098e-10,1.0,0.0,1.0,6.0467792421410095e-05,1.0,0.0,0.252558540687783,2.175844062741534e-05,1.0,0.0,0.0999999986583167,1.729407609191454e-05,1.0,0.0,0.0,,1.0,9.524447575992052e-06,0.0,3.2842769021524935e-05,1.0,0.0,0.7392858425091309,2.1753930171041448e-06,1.0,0.0,1.0,0.8070721711507038,4.66423961171811e-05,1.0,0.0,0.0,1.9875642344756173e-15,1.0,2.0205294462537512e-16,0.0999999999999735,4.461743614257659e-07,1.0,0.0,1.0,0.000189350065299,1.0,0.0,0.0,0.0001065609268826,1.0,4.015606698665722e-09,0.6269806163379166,5.3447031179612e-07,1.0,0.0,0.0973835306010077,1.0,3.138107834563989e-05,1.0,2.161837683708768e-07,1.0,0.0,0.0,2.899202858614716e-17,1.0,0.0,1.0,0.0998889352583243,1.9282107877256427e-08,1.0,0.0,0.0,0.0002063241762387,1.0,0.0999819353530144,0.0999970688565935,6.365458004781627e-19,1.0,0.0,0.8969379998498312,3.358156310115438e-05,1.0,0.0,1.0,3.117778209885185e-05,1.0,0.0999752680967537,0.6966842045052696,2.9436104503574957e-08,1.0,0.0,0.0720596106895338,1.0,1.1168837667858183e-06,1.0,1.4521098530537409e-08,1.0,0.0910321102961063,0.060247973975098,3.212563231592431e-07,1.0,0.0,0.0,1.037826775929886e-08,1.0,0.0,1.0,0.0,3.1597330198940655e-05,1.0,3.5889510793440194e-06,1.0,2.3372752926296652e-11,1.0,0.0999999999999994,0.0041815727152988,7.199193339902313e-07,1.0,0.0,1.0,1.528113062833282e-06,1.0,0.0,0.0,0.0001818027070518,1.0,0.092289668670816,0.0,8.504412855184478e-12,1.0,0.0427904008882744,0.0328115373407712,1.0,1.0,0.9745470541871716,7.9612521407175185,0.6945314349042024,8.203539884349782,T,A,1
VAR_002647,,,,,,,6.360811071054307e-05,6.871839145368227e-05,0.0001207800470141,1.9135467090743224e-06,0.0004103270890106,7.097577556233013e-10,1.6429234417088617e-05,3.232667680134521e-05,0.0001445352857378,,,,,,,,,,,0.0013714702380871,gnomADe_EAS,,,,,,,,,,,,,0.0,2.091273147666791e-07,1.0,0.02946003960546,8.338878559177924e-09,1.0,0.034967493049955,7.955290929431456e-06,1.0,0.0,1.0232690443184056e-06,1.0,1.0,6.194795368095423e-16,1.0,0.0,2.862962547119595e-07,1.0,0.0922794351347462,1.13728412051783e-05,1.0,0.0996203035989065,8.035156822522025e-06,1.0,0.023419234122623,4.11097445240334e-08,1.0,0.0999798665319359,5.877079219178603e-05,1.0,0.0976438860294573,8.425648673584858e-16,1.0,1.0,9.938887433334272e-07,1.0,1.0,3.6326810033824286e-09,1.0,0.0,2.3676389712923785e-05,1.0,1.0,3.3792410614724145e-05,1.0,0.9000000040492249,8.370923301754033e-05,1.0,1.0,4.336025976438762e-12,0.0,0.0,0.0001407770888087,0.0,1.0,8.370900000000001e-05,1.0,AllofUs_EAS,0.0330181860356588,7.877216679084099e-12,1.0,A/A,A/A,5.444209509503116,5.406934560148605,,1.0,0.0005780244158167,1.0,1.0,1.2592538033684018e-05,1.0,0.0999999935302574,9.498788566357048e-11,1.0,0.2409963756047783,2.4700536568390353e-18,1.0,0.0,5.021178809564784e-07,1.0,0.0,4.503036863211373e-05,1.0,1.0,8.907024802452415e-05,1.0,1.0,5.173431536952419e-06,1.0,0.1144990333266939,4.034271505282504e-05,1.0,1.0,0.0001146293567634,1.0,0.0999995508004945,7.391015498137186e-06,1.0,1.0,1.721740529235469e-06,1.0,1.0,7.180175031026875e-05,1.0,1.0,8.979300048950244e-05,1.0,0.0989820193027989,7.152480361140606e-08,1.0,0.0,2.015062560654206e-07,1.0,0.1096499427477714,6.143628167778732e-06,1.0,0.0811348702472156,3.640556878941654e-06,1.0,1.0,8.99492907202505e-05,1.0,1.0,0.0003648107834135,1.0,0.4028623453713452,2.084453381290069e-05,1.0,0.3484962087293806,7.851843836708154e-06,1.0,1.0,1.9683892412376125e-05,1.0,0.0287343806257614,3.840911371688628e-06,1.0,1.0,7.034406487250791e-05,1.0,6.646072123386341e-06,5.4938907820379256e-08,1.0,1.0,5.4591576871544375e-05,1.0,0.0,8.125825253854012e-05,1.0,0.0,1.782268276719929e-05,A/A,0.0003008753955175,0.0,3.360640971816448e-06,0.0,7.209570011684782e-08,1.0,0.0,0.0006254821932517,2.880609472805766e-05,1.0,0.0,1.0,0.0120098647882098,1.3156160467686357e-08,1.0,0.0,0.0999999975465003,2.0568520275309136e-09,1.0,0.0,0.0327154472937279,3.177300371287142e-20,1.0,0.0,0.5266164863367764,4.7971591036823655e-06,1.0,0.0,,,,,0.0928694251332942,6.241971985331999e-05,1.0,0.0,0.0,,1.0,2.2808728058004373e-05,1.0,1.961857525803864e-05,1.0,0.0,1.0,0.0001578393,1.0,0.0,1.0,0.5505128256441183,6.497489887246422e-10,1.0,0.0,0.0,1.3581323889827217e-15,1.0,0.0418730283829139,0.0221592131918649,3.783437917705645e-08,1.0,0.0,0.0,0.0001491073803915,1.0,0.0,1.0,0.000157841748106,1.0,0.0001630366143455,0.0,2.0305939850331762e-07,1.0,0.0,0.0968331220629381,1.0,2.163245029466004e-05,0.0,8.91921690483749e-07,1.0,0.0,1.0,0.0001476641422285,1.0,0.0,1.0,1.4603380652737564e-10,1.620641088740717e-26,1.0,0.0,0.0,2.700918001367384e-12,1.0,0.0005434869798603,0.0843831303186197,7.774731868807193e-06,1.0,0.0,0.0,2.311684731473199e-09,1.0,0.0,1.0,0.00014782626567,1.0,0.0999884909304565,0.0,1.2382549022074668e-14,1.0,0.0,0.0999382746345411,1.0,1.1715995281805006e-05,1.0,0.0003812398684383,1.0,0.0006256102328516,0.0653864396147983,1.442226664332841e-06,1.0,0.0,1.0,0.0001107398275327,1.0,0.0,1.0,0.7495258223216203,3.662729047611886e-05,1.0,0.0963812179450897,1.0,0.0003008691,1.0,0.0999999997811855,0.0999994914681339,2.5165738423e-06,1.0,0.0,0.0,2.5691207284037403e-06,1.0,0.0,1.0,0.000426836787852,1.0,0.099999999946211,1.0,1.9747628817888104e-15,1.0,0.0845283985361598,0.0999954940555152,1.0,0.1221347138692422,0.9838882274199572,7.098165794355787,0.709365582356977,11.794242289571134,V,A,0
VAR_002809,,,,,,,,,,,,,,,,,,,,,,,,,,,,,,,,,,,,,,,,,,,,,,,,,,,,,,,,,,,,,,,,,,,,,,,,,,,,,,,,,,,,,,,,,,,,,,,,,,,,,A/A,A/A,5.773239570826634,5.260376634875224,,,,,,,,,,,,,,,,,,,,,,,,,,,,,,,,,,,,,,,,,,,,,,,,,,,,,,,,,,,,,,,,,,,,,,,,,,,,,,,,,,,,,,,,A/A,,,,,,,,,,,,,,,,,,,,,,,,,,,,,,,,,,,,,,,,,,,,,,,,,,,,,,,,,,,,,,,,,,,,,,,,,,,,,,,,,,,,,,,,,,,,,,,,,,,,,,,,,,,,,,,,,,,,,,,,,,,,,,,,,,,,,,,,,,,,,,,,,,,,,,,0.9987465001577516,0.8984764699868591,1.0,7.435137119923268,0.756,9.051074638108728,M,K,1
VAR_002826,,,,,,,0.0001926900000868,0.0002522422181208,0.0001610101364861,1.1665329832074549e-07,0.0006856632547688,7.005876266483951e-08,0.00023877,0.000134100000001,1.0817622505686632e-06,9.034019979946596e-05,4.347900072630826e-05,2.420739352357656e-14,6.056899329321579e-06,0.0008137806836829,0.0004712851712483,2.9087079094284362e-08,0.0001456619504404,4.5471680355081375e-08,0.0001621608244893,0.0005571547804953,gnomADe_NFE,,,,,,,,,,,,,0.0,0.0004498251398132,1.0,0.0,0.0008376030321238,1.0,0.0667474252930046,7.177065110497108e-07,1.0,0.0,0.0056192320009829,1.0,1.0,0.0002295443518267,1.0,1.0,0.0003511884108732,1.0,0.9000064816200664,0.0004487360517545,1.0,0.9000000001394369,0.0002743902439024,1.0,0.5602582861993598,5.843130300652261e-11,1.0,0.0986498573238218,1.0430660494161615e-20,1.0,0.0993435748839883,3.102151459769069e-07,1.0,1.0,0.0002059703375723,1.0,1.0,4.870114462048072e-09,1.0,1.0,0.0001192500000066,1.0,1.0,7.95473402368773e-05,1.0,7.48794962183076e-07,9.837160057232706e-07,1.0,1.0,0.0001914514939168,1.0,1.0,0.0001203400560068,1.0,1.0,0.0002598247195587,1.0,AllofUs_EUR,0.0999999999999898,2.3477717596486176e-12,0.0,T/T,T/T,5.74337273426636,5.836999950535831,3.89912518069737,0.0,6.488271664610857e-05,1.0,1.0,0.0002207479057169,1.0,2.14869265753787e-06,0.0009052705855719,1.0,0.0,1.5246005196962966e-05,1.0,1.0,0.0002842760710969,1.0,1.0,0.0003336468012517,1.0,0.936,0.0001938577683331,1.0,1.0,0.0002659115594132,1.0,0.3686455435558516,0.0001251938377629,1.0,1.0,4.170558516729238e-05,1.0,0.1810809760339791,0.0001046702941776,1.0,1.0,0.0002968779862961,1.0,0.0,0.0003128408206073,1.0,1.0,6.304618270142814e-05,1.0,0.0002860692343652,3.300349579241749e-06,1.0,1.0,0.0001988461132211,1.0,0.9888804046790628,5.169376956197992e-05,1.0,0.2853937642374486,2.849141630644944e-05,1.0,1.0,6.306522711070292e-05,1.0,1.0,6.921072408009537e-05,1.0,1.0,5.349077542737512e-05,1.0,0.2076399997499555,3.8843172712151335e-06,1.0,1.0,2.493993425107691e-05,1.0,0.0909671496665399,2.8040409844655923e-05,1.0,1.0,0.0001318480372417,1.0,0.6631299022917443,6.971746173506966e-05,1.0,1.0,0.0001062420023112,1.0,1.0,0.0006472909681125,1.0,1.0,9.387548987035636e-05,T/T,0.0004482654291292,1.0,4.936818045473875e-05,0.7962981028670069,9.613471882617118e-05,1.0,0.0,0.9999998358735744,5.260087672920057e-05,1.0,0.0,1.0,0.0026135365889466,4.3090227817958796e-10,1.0,0.0,1.0857241598299118e-07,2.9263559296248945e-06,1.0,0.0,0.0784766585182804,2.3994224783783626e-08,1.0,0.0,1.0,0.0001081635663994,1.0,0.0,1.0,0.0001067222323698,1.0,0.0,0.0999798967022708,6.615495175787456e-05,1.0,0.0,0.0,,1.0,7.045140236638939e-05,0.0,8.014365824802271e-15,1.0,0.0,1.0,0.0002102202446863,1.0,0.0,1.0,0.7888319862255079,1.956441703247553e-09,1.0,0.0,0.0,2.472993874380512e-05,1.0,0.006163319592773,0.0999988771623886,6.670729467925435e-11,1.0,0.0,1.0,7.984180122186141e-05,1.0,0.0,1.0,0.000210354994045,1.0,0.0827581347589497,0.0,0.0002837799462359,1.0,0.0,0.0999999991521394,1.0,8.648604000000321e-05,0.0,1.729399360498645e-05,1.0,0.0,1.0,0.0002065422544818,1.0,0.0,1.0,0.0394923176180364,1.648039401121984e-07,1.0,0.0,0.0,7.649201833325522e-06,1.0,0.0204671323716609,0.0999999982956398,1.3107960677464597e-07,1.0,0.0,1.0,0.0001206170062809,1.0,0.0,1.0,0.000276909751592,1.0,9.596317135267268e-08,0.3868503479359885,4.880929737310652e-05,1.0,0.0,0.0999999999817583,1.0,0.000182117493951,1.0,4.403474882110365e-05,1.0,0.0999999999861995,0.0999876872103536,2.3357699932477164e-12,1.0,0.0,1.0,0.0001454499941993,1.0,0.0,1.0,0.0,0.0008290590056874,1.0,0.0999999913622895,1.0,2.059002958136751e-06,1.0,0.0999549701925352,0.0837288444344131,1.6613989989633548e-06,1.0,0.0,1.0,0.0002333925001326,1.0,0.0,1.0,0.0002335203247049,1.0,0.0997280113820456,0.0,3.781089704694301e-12,1.0,0.0967710651239696,3.961169987800583e-06,1.0,1.0,0.998515833143396,6.109695068505943,0.6207814845513896,7.707001550145986,I,L,1
VAR_002975,,,,,,,1.001137358607108e-06,6.511321971409218e-09,2.019729128405083e-05,0.0001584313099507,0.0032154767168226,3.0818422755120944e-05,8.391234787401589e-06,2.93021910795232e-06,2.5264637302044913e-14,,,,,,,,,,,2.016057235967208e-05,gnomADe_AMR,,,,,,,,,,,,,,,,,,,,,,,,,,,,,,,,,,,,,,,,,,,,,,,,,,,,,,,,,,,,,,,,,,,,,,,,,,T/T,T/T,5.7424859354024615,5.415357973194131,3.6565278267855095,,,,,,,,,,,,,,,,,,,,,,,,,,,,,,,,,,,,,,,,,,,,,,,,,,,,,,,,,,,,,,,,,,,,,,,,,,,,,,,,,,,,,,,T/T,1.5003027641701213e-05,,,,,,,,,,,,,,,,,,,,,,,,,,,,,,,,,,,,,,,,,,,,,,,,,,,,,,,,,,,,,,,,,,,,,,,,,,,,,,,,,,,,,,,,,,,,,,,,,,,,,,,,,,,,,,0.0,5.575663320721661e-07,0.0,6.049930605115207e-22,1.0,0.0999999999999815,4.3415864188394975e-06,1.7218596696354717e-08,1.0,0.0,1.0,1.499904003522507e-05,1.0,0.0,1.0,1.0,8.173666393414004e-05,1.0,0.0999995971182461,1.0,4.857147940341653e-11,1.0,0.0999969364621253,0.0999999999999942,1.7921001333395565e-08,1.0,0.0,0.0,1.5096720432327032e-08,1.0,0.0,1.0,1.4999040000583334e-05,1.0,0.0999999596928693,0.0,2.964046506522491e-09,1.0,0.099999999996088,0.0042771283318757,1.0,0.9692205744334004,1.0,4.866595111316988,0.6531299388018976,7.510650718719753,K,Q,0
VAR_003217,,,,,,,,,,,,,,,,,,,,,,,,,,,,,,,,,,,,,,,,,,,,,,,,,,,,,,,,,,,,,,,,,,,,,,,,,,,,1.0,2.687548046003136e-07,1.0,1.0,9.431060509527888e-06,1.0,1.0,2.6548257176370155e-11,0.0,1.319965222205149e-10,2.637096027845533e-07,0.0,1.0,2.11654234983907e-05,1.0,1.0,1.3633196340032865e-08,0.0,1.0,0.0005229193202188,1.0,AllofUs_EUR,3.4137613712222524e-11,6.9159591109940055e-06,0.0,G/G,G/G,4.045049917906338,0.8480577489233528,-2.3980249162999323,,,,,,,,,,,,,,,,,,,,,,,,,,,,,,,,,,,,,,,,,,,,,,,,,,,,,,,,,,,,,,,,,,,,,,,,,,,,,,,,,,,,,,,G/G,3.836204988468171e-05,,,,,,,,,,,,,,,,,,,,,,,,,,,,,,,,,,,,,,,,,,,,,,,,,,,,,,,,,,,,,,,,,,,,,,,,,,,,,,,,,,,,,,,,,,,,,,,,,,,,,,,,,,,,,,1.0,6.4321877428213024e-06,1.0,1.9970120509619655e-05,1.0,2.1751379858770303e-09,0.0108294105399583,1.4602112918511217e-05,1.0,0.0,0.0,2.7589091256594862e-06,1.0,0.0,1.0,1.0,5.048587356070447e-13,1.0,0.0999969437726309,0.0,0.0002002376905926,1.0,0.0004654032531728,0.0984866370839957,1.6015229404275768e-06,1.0,0.0,1.0,1.5908594747859916e-05,1.0,0.0,1.0,0.0001338533701263,1.0,0.1,1.0,1.7509004987374235e-09,1.0,3.9191059535098873e-14,0.099999999999454,0.0145416753783114,0.0,0.0,-0.3629939448324584,-1.5061455541697188,0.5862820356129238,P,Q,0
VAR_002754,,,,,,,,,,,,,,,,,,,,,,,,,,,,,,,,,,,,,,,,,,,,,,,,,,,,,,,,,,,,,,,,,,,,,,,,,,,,,,,,,,,,,,,,,,,,,,,,,,,,,C/C,C/C,5.359263780973627,5.574361440691446,3.2480090589014843,1.0,3.6169580069206395e-18,1.0,1.0,7.678424557790533e-06,1.0,0.0052336887804987,8.425161402766823e-16,1.0,0.0,5.144994893334043e-05,1.0,1.0,7.99338374451536e-07,1.0,0.0,4.1922826458944906e-08,1.0,0.0966490794834141,1.1247303594453742e-11,1.0,0.0,7.136100029101297e-07,1.0,0.0028554214730178,5.0533493782737855e-27,1.0,1.7013325597077177e-05,6.91278941251168e-05,1.0,1.07851070013026e-07,5.017787304574267e-05,1.0,0.0,2.892807869326966e-05,1.0,0.0,6.545920794124421e-10,1.0,1.0,5.672420573767636e-06,1.0,0.0995756214962386,6.109044077621249e-14,1.0,0.0,7.821159319896367e-10,1.0,3.748944958729588e-05,2.1704860507165202e-10,1.0,1.4170642814910964e-05,9.942239110142236e-06,1.0,0.0,2.229226774757586e-09,1.0,1.0,2.904792000316139e-09,1.0,0.0,1.9017000000000008e-06,1.0,1.719510270090747e-05,1.70133859685462e-11,1.0,1.0,2.033913816144501e-06,1.0,0.0999999999994154,1.2913466995952794e-06,1.0,0.5124667848936776,8.273468877877735e-10,1.0,0.0920631510525482,2.9123870657036467e-36,1.0,0.0279154631202693,4.439528492772757e-10,1.0,1.0,5.0489945477591555e-09,1.0,,,C/C,1.9282763986323566e-06,,,,,,,,,,,,,,,,,,,,,,,,,,,,,,,,,,,,,,,,,,,,,,,,,,,,,,,,,,,,,,,,,,,,,,,,,,,,,,,,,,,,,,,,,,,,,,,,,,,,,,,,,,,,,,1.0,1.115784e-06,1.0,2.4161348662893572e-08,1.0,0.0980445253190439,0.052128820586284,7.897643874822773e-15,1.0,0.0,0.3871726983845145,4.5767175916685314e-11,1.0,0.0,1.0,0.5884537734887347,8.35844389224285e-11,1.0,0.0997148561374547,0.2452186643662975,0.0004070607845283,1.0,0.0999884686273203,0.0999958546579481,5.1656609174703975e-08,1.0,0.0,0.0,2.560572487267915e-05,1.0,0.0,1.0,2.152433888322317e-06,1.0,0.0842153849140395,1.0,9.989457097569904e-07,1.0,0.0999999999970765,5.273102576855822e-14,0.99631543905617,0.754551403435921,1.0,5.563682373915266,0.5921826211970037,7.367963484422681,E,K,0
VAR_003061,,,,,,,4.395147226950063e-06,0.0001945124734182,6.353503192131214e-06,2.011502144557877e-05,3.6548240409273305e-06,3.473958293260105e-06,1.9312378197697176e-05,3.983114206896817e-15,2.7357334224823348e-15,8.876415144171861e-06,1.3499027290536934e-11,9.192409056481526e-05,4.431587437150436e-21,1.2093602010341995e-06,1.9666374201150143e-09,1.6380521985020145e-06,1.3234538176021772e-05,5.545564826980547e-10,8.36083332813003e-07,7.197652307785617e-05,gnomADg_NFE,,,,,,,,,,,,,0.0,2.5018837440086895e-07,1.0,0.0,3.768711282517184e-07,1.0,0.0859279260040324,2.478517541095937e-07,1.0,1.0,6.970808542256721e-14,1.0,0.0,0.0031314441098825,1.0,1.0,3.7759046248051217e-06,1.0,0.0999999999893098,6.346543319557979e-07,1.0,0.0565135542687489,5.349503859649903e-07,1.0,0.0571060239007046,5.809508873152327e-11,0.0,0.0999999997608676,0.0001860259175095,1.0,5.292721806423718e-07,2.228325590061725e-07,0.0,1.0,4.122930533328347e-06,1.0,,,,,,,,,,,,,,,,,,,,,,,,,,C/C,C/C,5.873005123337219,4.973855950360998,2.601327098465914,0.0,9.770788825781112e-11,1.0,0.0,7.256353494474101e-06,1.0,0.0999999999289606,1.0819383555901274e-05,1.0,0.9525802544162012,5.238839278663007e-08,1.0,1.0,5.146200001729491e-06,1.0,1.0,7.800401750072604e-05,1.0,0.0042327209826603,0.0001198509364227,1.0,1.0,4.285602757117986e-06,1.0,0.0967569403999773,3.829157706938572e-07,1.0,1.7362253570541052e-14,1.7458871406924223e-09,1.0,0.099999999083057,5.4522173475115245e-14,1.0,0.0,3.049016923465352e-06,1.0,0.0,8.141301334621453e-05,1.0,0.0973978627607757,6.14693025597325e-06,1.0,0.0981589474137125,2.585550525954868e-08,1.0,1.0,1.2937454683880456e-05,1.0,0.0001407497114871,1.7035842440989485e-05,1.0,0.0993892137446104,7.61678179995537e-06,1.0,0.0,1.472918298250761e-06,1.0,0.8348101527012161,2.807822959525374e-06,1.0,1.0,0.0001405687927724,1.0,0.0133128235539582,6.101629470946473e-07,1.0,0.0,3.1518213846722572e-09,1.0,5.9253693236893364e-08,5.8412725903796694e-12,1.0,0.2034669676210674,7.023194397751194e-11,1.0,0.0999020587496309,3.5842076440590176e-06,1.0,0.0,1.576018861624633e-07,1.0,0.0,0.0002333332519671,1.0,0.5614315401849559,0.0001264264654989,C/C,1.2807e-05,,,,,,,,,,,,,,,,,,,,,,,,,,,,,,,,,,,,,,,,,,,,,,,,,,,,,,,,,,,,,,,,,,,,,,,,,,,,,,,,,,,,,,,,,,,,,,,,,,,,,,,,,,,,,,1.0,5.09224292672223e-06,0.0,1.622928705747706e-07,1.0,0.0999999826693486,0.099992482747038,0.0001892336853595,1.0,0.0,0.5028073498584169,3.322979716922614e-15,1.0,0.0,1.0,0.0,5.234186428134695e-07,1.0,0.0999999916565718,0.0,3.097347570013512e-19,1.0,0.0218113080284563,2.71050161476875e-07,2.4739726767303586e-12,1.0,0.0,1.0,6.104025e-06,1.0,0.0,0.0,8.971100843820274e-06,1.0,8.687123956482426e-06,0.0,1.6712794518244708e-07,1.0,1.0124043913668148e-17,3.259291414350048e-05,1.0,0.4213980601371794,0.9992737410212283,3.0010419065277945,-0.1813942221342427,4.623433991454127,A,T,0
VAR_002797,,,,,,,6.941400265621887e-07,5.348611975622259e-14,6.89467163622009e-10,0.0002032093193566,1.4030480311960508e-11,1.4866547031008988e-12,1.2025263724072766e-05,6.874600712201746e-14,8.337201268142411e-06,,,,,,,,,,,0.0008355398892189,gnomADe_NFE,,,,,,,,,,,,,,,,,,,,,,,,,,,,,,,,,,,,,,,,,,,,,,,,,,,,,,,,,,,,,,,,,,,,,,,,,,G/G,G/G,5.692184108694183,6.17,,,,,,,,,,,,,,,,,,,,,,,,,,,,,,,,,,,,,,,,,,,,,,,,,,,,,,,,,,,,,,,,,,,,,,,,,,,,,,,,,,,,,,,,G/G,7.908501816315263e-07,,,,,,,,,,,,,,,,,,,,,,,,,,,,,,,,,,,,,,,,,,,,,,,,,,,,,,,,,,,,,,,,,,,,,,,,,,,,,,,,,,,,,,,,,,,,,,,,,,,,,,,,,,,,,,0.0,5.582628538855689e-07,0.0,0.0018209564401478,1.0,0.0022219680913449,0.0168938750356811,3.884719733344756e-06,1.0,0.0,0.6655955491821534,5.7725763016364845e-11,1.0,0.0,1.0,0.6266144926756778,1.7254930372269966e-05,1.0,0.099937749449144,1.0,0.000177317295005,1.0,0.0996612315899654,0.0001838713675847,1.3036740251489032e-09,1.0,0.0,0.0,8.352206831029443e-06,1.0,0.0,1.0,7.822143675357336e-07,1.0,0.0991250220161977,1.0,6.100801633335749e-05,1.0,0.0999999999999998,0.0407297009636581,0.9621190082847564,0.3885753426019745,1.0,10.003,0.6346543568308651,11.050564203050287,P,L,1
VAR_002560,,,,,,,3.752510604206427e-05,1.8877384652313614e-07,4.153236182923249e-12,8.412330640465045e-10,3.1602126056335277e-11,1.1209485949044184e-05,9.769713714970086e-10,2.095667626270746e-06,1.2295683362834123e-06,,,,,,,,,,,3.9051448487823045e-06,gnomADe_AFR&gnomADe_AMR&gnomADe_ASJ&gnomADe_EAS&gnomADe_FIN&gnomADe_MID&gnomADe_NFE&gnomADe_REMAINING&gnomADe_SAS,,,,,,,,,,,,,1.0,3.695826387145848e-10,1.0,0.0,1.102153700173216e-05,1.0,0.0772852528993335,6.669689890560585e-05,1.0,0.0,3.896375763980135e-05,0.0,1.0,5.4769199615790806e-05,1.0,0.9910282761918304,3.171713228111334e-06,1.0,0.0994373970562857,5.556286491953776e-13,1.0,0.0999999937456784,9.721369541046798e-12,1.0,0.0,1.320944499277265e-10,1.0,4.025179290968796e-06,0.0001613581509013,0.0,0.0857994735586047,7.239842984732243e-11,1.0,0.0,4.918007519787452e-13,1.0,,,,,,,,,,,,,,,,,,,,,,,,,,G/G,G/G,5.402539848483392,5.419237998241695,,,,,,,,,,,,,,,,,,,,,,,,,,,,,,,,,,,,,,,,,,,,,,,,,,,,,,,,,,,,,,,,,,,,,,,,,,,,,,,,,,,,,,0.0,8.688799879338164e-05,G/G,0.0008835702566857,,,,,,,,,,,,,,,,,,,,,,,,,,,,,,,,,,,,,,,,,,,,,,,,,,,,,,,,,,,,,,,,,,,,,,,,,,,,,,,,,,,,,,,,,,,,,,,,,,,,,,,,,,,,,,,,,,,,,,,,,,,,,,,,,,,,,,,,,,,,,,,,,,,,,,1.0,0.9913367979235742,0.9824659528770632,9.737553695468767,0.6457112720923266,11.927,A,D,1
VAR_002761,,,,,,,,,,,,,,,,,,,,,,,,,,,,,,,,,,,,,,,,,,,,,,,,,,,,,,,,,,,,,,,,,,,,,,,,,,,,,,,,,,,,,,,,,,,,,,,,,,,,,C/C,C/C,5.515446798856799,0.4342096885390665,0.4133510641330418,,,,,,,,,,,,,,,,,,,,,,,,,,,,,,,,,,,,,,,,,,,,,,,,,,,,,,,,,,,,,,,,,,,,,,,,,,,,,,,,,,,,,,,C/C,,,,,,,,,,,,,,,,,,,,,,,,,,,,,,,,,,,,,,,,,,,,,,,,,,,,,,,,,,,,,,,,,,,,,,,,,,,,,,,,,,,,,,,,,,,,,,,,,,,,,,,,,,,,,,,,,,,,,,,,,,,,,,,,,,,,,,,,,,,,,,,,,,,,,,,1.0,1.0,0.0570250316693854,1.094505277284213,-0.1796636116139656,-0.8019350561635022,Q,H,1
VAR_002550,,,,,,,1.2933000429008344e-05,7.415175524689625e-13,2.123046210019273e-06,1.6584387173114531e-09,2.8890640778126693e-08,7.822041861575861e-05,1.700101878764905e-05,1.9972722640747222e-08,4.657562954323529e-07,1.4128510635444064e-05,1.059636966750585e-06,5.56795045493348e-06,1.8849574525007248e-06,9.02997240367529e-11,2.9378428897248872e-12,7.990330477357712e-16,2.6460448540899648e-05,2.1764346580236803e-06,7.672308788300569e-05,2.8596063007097107e-05,gnomADg_NFE,,,,,,,,,,,,,0.0,8.460573567421953e-06,1.0,0.0190032436733422,7.717651942538224e-05,1.0,0.0999999999986845,3.878012025096166e-06,1.0,1.0,0.0001714150625317,1.0,0.9557679340485132,2.4543409038452292e-09,1.0,0.0,6.377552751908938e-05,1.0,0.0999999654440991,9.219318638817683e-10,1.0,0.0999999037983351,0.0002021777459224,1.0,0.6522101899156186,0.0001719359160936,1.0,4.631637897866176e-07,3.0480337945304837e-05,1.0,0.0388994434054712,7.555823295219746e-05,1.0,1.0,5.125436590039824e-05,1.0,1.0,0.000391883678987,0.0,1.0,1.2844754264193586e-05,1.0,0.9113266726583296,2.1739856508754442e-17,0.0,6.943430405059335e-09,6.858686448107112e-05,0.0,1.0,2.1024022675359e-05,1.0,1.0,3.011938404997254e-05,1.0,0.0,3.008700310496904e-05,1.0,AllofUs_OTH,5.705016539985878e-10,1.7736212427598034e-10,1.0,G/G,G/G,5.2834708934001,5.065658622540255,,0.0,4.072500000010014e-07,1.0,1.0,1.642181934809609e-05,1.0,0.0332765839013646,1.132575564996163e-07,1.0,0.0,5.7860607006395485e-06,1.0,1.0,2.1303028361458255e-05,1.0,0.0,1.5714000031592007e-05,1.0,0.0003271118528425,2.163049770213873e-07,1.0,1.0,1.952001812426378e-05,1.0,0.0302483989528452,1.7008723614154666e-16,1.0,0.0947889656378801,2.5174337777720937e-10,1.0,0.1064463463023244,4.075678417524835e-06,1.0,1.0,1.9296000019562757e-05,1.0,0.2021103222369324,1.5008335080081555e-09,1.0,0.0,6.265146463942829e-09,1.0,0.0663024182913743,1.732811714499554e-07,1.0,1.0,3.7935645524117824e-05,1.0,0.0999753788023124,5.619891854791605e-08,1.0,0.0196552008073803,6.487824573656883e-06,1.0,0.0,1.473184954278332e-09,1.0,1.0,1.1620284919660633e-07,1.0,1.0,1.3356129803578609e-05,1.0,0.0999999999999993,5.613845902121918e-09,1.0,1.0,4.590647019818599e-10,1.0,0.0999999687847932,0.0001175795048872,1.0,0.4677465864979724,2.2977204225952035e-06,1.0,0.0908316173707742,1.2535796038286735e-09,1.0,1.0,2.2473069264499354e-06,1.0,1.0,4.876739949854381e-07,1.0,0.0,3.400342074765077e-06,G/G,0.0002366053366365,1.0,1.9465305111596657e-05,0.5113132059421523,0.0003209075893988,1.0,0.0,7.424033975952894e-11,0.0001097401132128,1.0,0.0,1.0,0.0003178494874544,7.482832736346081e-05,1.0,0.0,0.0456212731025571,1.1375958903910831e-20,1.0,0.0,1.6423129750368673e-08,5.886787523735111e-05,1.0,0.0,0.8190195620565648,2.1046680325801013e-05,1.0,0.0,0.0,2.1107353755332468e-05,1.0,0.0,0.0999991802011429,4.550712075211722e-07,1.0,0.0,0.0,,0.0,3.8081468788654415e-06,1.0,0.0017235739175235,1.0,0.0,0.0,2.1648848709057706e-07,1.0,0.0,1.0,0.0,1.077786687194565e-06,1.0,0.0,0.0,8.600934677738238e-07,1.0,1.6707087810651849e-12,0.0237821505536837,2.057876602232703e-09,1.0,0.0,1.0,9.845347204670925e-06,1.0,0.0,0.0,8.625904726660986e-05,1.0,7.681837543158042e-07,0.3803495381001417,3.259991313180492e-10,1.0,0.0,0.0998435165769808,0.2041789091854793,8.686805364429874e-06,0.0,1.437076639080569e-07,1.0,0.0,0.1343288729438671,5.195724916391378e-07,1.0,0.0,1.0,0.0999638881943968,1.899289166929468e-08,1.0,0.0,0.0505013825219692,1.387120619145387e-07,1.0,0.000167913283363,0.020054635673658,4.942769795884821e-07,1.0,0.0,1.0,2.0112455859482e-05,1.0,0.0,0.0,2.259791754210914e-05,1.0,0.0004457657158825,0.1416992119080719,5.188998575267798e-05,1.0,0.0,1.2524621754152474e-10,1.0,1.2827970152673627e-05,0.0,0.0001012073050137,1.0,0.0999105640753514,0.0372058292394664,1.7351185360530492e-08,1.0,0.0,0.1167317484375141,2.1742400040703266e-07,1.0,0.0,1.0,0.3108902016013897,2.9482322616156845e-12,1.0,0.0618087872215494,0.0,1.2769027907533283e-05,1.0,0.0999499832334812,2.1622720484730307e-15,2.458503487887039e-06,1.0,0.0,1.0,1.7545770003415584e-05,1.0,0.0,1.0,1.754577001857822e-05,1.0,1.750109601477068e-09,0.0,1.3444268181808829e-07,1.0,5.20411758534421e-14,0.0999997945432136,0.9908343388315496,0.9733499310429712,0.9850272696816912,7.279861302063124,0.6037649608000473,11.927,A,D,1
VAR_003103,,,,,,,0.0005546964018243,0.0001079916277183,0.0003219300000169,1.3408042877861649e-06,2.0349051302405763e-07,5.0544e-05,0.000674181406411,0.0006110753765117,1.0431000024934462e-05,0.00030744,4.3416000139580654e-05,6.098521008920233e-06,0.000118191563458,7.93731420372009e-05,3.651188385742266e-06,8.633989759460264e-05,0.0005952600000082,0.0008697591393901,8.988919828636684e-08,0.0008604000170099,gnomADg_REMAINING,,,,,,,,,,,,,1.0,2.1730218949856057e-17,1.0,0.0,5.717261316585797e-10,1.0,0.0853403361988598,0.0005033555992053,1.0,0.0,1.246351407238894e-07,1.0,1.0,5.5879905330929905e-15,1.0,1.0,0.000496910956545,1.0,1.0,0.0004229404882641,1.0,1.0,0.0005300103825235,1.0,1.0,0.0005596768405368,1.0,0.0699283561569752,1.5695893650115853e-07,1.0,0.9025806695984468,0.0002692998204667,1.0,1.0,0.0004248946714504,1.0,1.0,0.0002335564688434,1.0,1.0,0.0005041485740527,1.0,1.0,0.0005065200001046,1.0,0.0999998477253679,1.1051192005147797e-07,0.0,1.0,0.0005397345260025,1.0,1.0,0.00051147,1.0,1.0,0.0005601311438556,1.0,AllofUs_EUR,0.0999989251443314,6.737216197654604e-09,0.0,T/T,T/T,6.17,4.913004221993527,3.0881305629000866,0.0,0.0005825112596292,1.0,1.0,0.0005251038394777,1.0,0.0997013051253906,1.0877350027294365e-07,1.0,1.0,9.516712986730352e-05,1.0,1.0,0.0006967492569996,1.0,1.0,0.0002585724359968,1.0,1.0,0.00016191,1.0,1.0,0.0006242053975595,1.0,0.3083400055220019,8.941933672916326e-05,1.0,1.0,0.00019404,1.0,0.2999738411374282,0.0001731949120018,1.0,1.0,0.0006252197715007,1.0,1.0,0.0001224000010344,1.0,1.0,0.0002304563126726,1.0,0.1595555820238852,5.913000000011495e-06,1.0,1.0,0.0010299708075218,1.0,1.0,0.0002583644101194,1.0,0.4261513845316995,0.0001401168743056,1.0,1.0,0.0002304058182405,1.0,1.0,0.0001672224738151,1.0,1.0,0.0002097001314499,1.0,0.80794,2.363056488760285e-05,1.0,1.0,7.369672263860109e-05,1.0,0.5797899311925426,6.767446127688644e-05,1.0,1.0,0.0003804299999999,1.0,0.7129800000004798,0.000147605014746,1.0,1.0,0.0003225773475892,1.0,0.0458829745662168,0.0001929380368581,1.0,1.0,0.0003547399807092,T/T,0.0028985036931708,1.0,0.000205651800001,0.102316446710863,2.548024155220127e-06,1.0,0.0,1.0,0.0003226471039549,1.0,0.0,1.0,2.4243916582929767e-14,2.249566485260881e-05,1.0,0.0,0.0999968087557582,4.912272335850637e-18,1.0,0.0,0.0285290488168464,9.694255824414366e-19,1.0,0.0,1.0,0.0003789617027173,1.0,0.0,1.0,0.0003788030546298,1.0,0.0,0.0038637426917641,0.0002240116045969,1.0,0.0,0.0,,1.0,0.000273515074361,0.0,6.039459000511287e-05,1.0,0.0,1.0,0.0003418821166918,1.0,0.0,1.0,0.0,1.2145935103212683e-06,1.0,0.0,0.0,8.41937486049982e-09,1.0,7.256809754126867e-05,0.9679735242257628,4.498972773236542e-05,1.0,0.0,1.0,0.0004967577189876,1.0,0.0,1.0,0.0004906638002294,1.0,7.989715816335486e-06,0.0777291439719326,8.188566833712733e-22,1.0,0.0,2.300153287349179e-22,1.0,0.0002681064034601,1.0,5.572368110055951e-05,1.0,0.0,1.0,0.0003833046,1.0,0.0,1.0,0.0223423617926578,2.5114927956936697e-07,1.0,0.0,0.2842894089093379,2.892973723592593e-07,1.0,0.0999986857690347,4.012399570768251e-15,3.4164153797805295e-05,1.0,0.0,1.0,0.0004522620050261,1.0,0.0,1.0,0.0022630507859499,1.0,0.0483294377590012,0.2395566433593555,1.1736415588241652e-17,1.0,0.0,0.0657710110831626,1.0,0.0005144313902825,1.0,0.0005380529751999,1.0,0.0999999999870212,0.0999903970831704,2.4155461664628612e-08,1.0,0.0,1.0,0.0002771973544667,1.0,0.0,1.0,0.7844699868426913,1.5755569763453146e-06,1.0,0.0933727643547942,1.0,1.7195699107621458e-10,1.0,0.0999316139370686,1.0,5.623019193353609e-05,1.0,0.0,1.0,0.0006475743271837,1.0,1.0,1.0,0.0006475365719213,1.0,0.9993250256079516,1.0,1.3655756262296356e-05,1.0,1.289349513310011e-06,0.9998991910419834,0.776421226437616,0.5128018031666421,0.8563301434580836,1.827008252742913,0.6599575967158358,3.9531992009138746,H,R,0
VAR_002913,,,,,,,6.159556163337282e-06,3.246012249723604e-05,1.1079652578466064e-05,0.0008694381894626,0.0022157005247956,4.891394394726366e-08,4.748989294604665e-10,6.287730450722037e-14,0.0001330601023142,6.889286796320416e-06,0.0002257336835277,4.0746962905250086e-08,1.9238513518396708e-05,7.1581169370311715e-09,0.0010059794544936,3.372026194946089e-05,3.205670739570293e-09,0.0004305337169463,5.570030187228171e-06,0.0004298473067158,gnomADg_REMAINING,,,,,,,,,,,,,1.0,2.3493282688919462e-08,1.0,1.0,0.0001128745617908,1.0,0.0003727595630432,5.608730721459863e-05,1.0,0.0,6.332051209411078e-06,1.0,0.0789865075487595,0.0004874009822018,1.0,0.0,3.2498978164452608e-06,1.0,2.020813000708005e-05,1.880285276049045e-17,1.0,0.0991936825201793,2.5070093233667044e-09,1.0,0.2550231023218229,6.291210322297849e-06,1.0,0.0934963860939095,0.0002038494870958,1.0,0.0003487570034693,1.231552464153268e-08,1.0,1.0,8.247175689542124e-12,1.0,,,,,,,,,,,,,,,,,,,,,,,,,,T/T,T/T,5.556802473194312,4.583477786497583,1.552575787500036,0.0,4.986394165485108e-05,1.0,1.0,1.397408667107368e-05,1.0,0.0108033106135506,1.6841255337319846e-17,1.0,0.0,2.129598610234895e-06,1.0,1.0,2.588007953511071e-06,1.0,1.0,1.4638501976082475e-06,1.0,0.0999998333275056,1.3485115947133095e-06,1.0,1.0,2.963211643877025e-07,1.0,0.0012770729145595,5.428210054460486e-10,1.0,0.0984166928469905,4.2505030712673776e-09,1.0,0.096917901238676,7.361936100329951e-10,1.0,0.0,5.45868036469482e-08,1.0,0.0,0.0006104946757671,1.0,0.2539528334855699,5.777401406784164e-12,1.0,0.4144679681979171,3.964035807019975e-05,1.0,0.0,3.0197568885404034e-06,1.0,0.0384002151642269,1.0017743858007964e-06,1.0,0.0101142534786538,9.972404986679627e-08,1.0,0.9870305476798428,1.1281740536593251e-05,1.0,1.0,6.322919650525554e-05,1.0,0.0,1.5734470833052707e-06,1.0,1.0,0.0003189696272658,1.0,1.0,0.0002575976409146,1.0,0.0011885374481677,3.289346227461445e-07,1.0,0.0,9.632870918171364e-13,1.0,0.0998472367538621,3.406044772838195e-07,1.0,1.0,1.522778190008965e-07,1.0,1.0,0.0001693095274142,1.0,,,T/T,0.0001521834955051,0.0,2.2144432558171654e-05,0.5796230518640136,0.0002098654485432,1.0,0.0,0.0977533557880735,3.009941587385549e-05,1.0,0.0,1.0,1.0202705770584038e-05,6.838692875280523e-16,1.0,0.0,0.0919957329563484,4.0071057206385714e-14,1.0,0.0,7.32490497915885e-05,4.2518416745797755e-10,1.0,0.0,0.0,2.5011418065814444e-09,1.0,0.0,1.0,0.0001949235807085,1.0,0.0,1.0,0.0001147230023543,1.0,0.0,0.0,,1.0,1.5236275008203789e-05,0.3497624922242747,1.799714651846197e-08,1.0,0.0,0.0,3.5761308934576734e-18,1.0,0.0,1.0,0.0,4.935124251224682e-05,1.0,0.0,1.0,0.0003751076096325,1.0,0.0999999301123385,0.0347508525912962,9.148889115217603e-10,1.0,0.0,0.0,4.6741925910187646e-08,1.0,0.0,1.0,0.0001458082782454,1.0,0.0001437722908654,1.0,0.0001179436105659,1.0,0.0,0.0019276769335199,0.0,1.7298382779247487e-05,1.0,4.939161616735952e-07,1.0,0.0,0.5764672159997658,7.230943879207094e-05,1.0,0.0,1.0,0.0754921966533861,3.5992151010986117e-16,1.0,0.0,0.0911239524785444,1.0513156736584326e-06,1.0,0.099999999921402,0.0981960429524922,8.851905607131565e-16,1.0,0.0,0.0,5.166688587582451e-10,1.0,0.0,1.0,0.0001724790427806,1.0,0.0068605524137576,1.0,0.0001179868931976,1.0,0.0,7.58330182769523e-10,1.0,6.142066214224855e-06,1.0,1.4702734382886352e-21,1.0,0.0994022413934026,0.0139782240352626,0.0001362316986428,1.0,0.0,0.0,1.3241145524372765e-12,1.0,0.0,1.0,0.0,3.114756946158074e-05,1.0,0.0004002346335966,0.0,0.0002173488188771,1.0,0.0273419630318554,0.0003222627196494,5.017138812539756e-08,1.0,0.0,0.0,1.5848418639940864e-08,1.0,0.0,1.0,0.0003224144875201,1.0,0.099999999999998,1.0,9.88061358528715e-05,1.0,0.1,0.0999999999991845,1.0,0.9448228049416793,1.0,8.409502674015355,0.6867387770595729,4.83090403259173,N,I,1
VAR_003018,,,,,,,,,,,,,,,,,,,,,,,,,,,,,,,,,,,,,,,,,,,,,,,,,,,,,,,,,,,,,,,,,,,,,,,,,,,,,,,,,,,,,,,,,,,,,,,,,,,,,G/G,G/G,6.106597975750792,6.103796773805352,,0.0,1.3965943928467294e-18,1.0,1.0,9.683164467805987e-06,1.0,6.92782138221643e-06,3.8925943083516565e-05,1.0,1.0,0.0001894038419172,1.0,0.0,8.630673150172855e-07,1.0,0.0,1.488863626823873e-14,1.0,0.099999935848851,1.5383755568845131e-06,1.0,1.0,7.144610799919938e-07,1.0,4.812665084436333e-06,2.849025206279416e-06,1.0,0.0071993611899443,4.662194904685693e-07,1.0,0.0999994822116024,2.0848749899770408e-05,1.0,0.0,1.0859815378454305e-06,1.0,0.0,2.359924012788172e-06,1.0,0.0,7.455214470650575e-07,1.0,0.0999721561610658,3.048171138695095e-13,1.0,0.0,4.4492420032558716e-07,1.0,0.09999992629771,8.38574202048149e-14,1.0,0.0999918695254196,2.988283076828355e-06,1.0,0.0401123289335045,2.51312406892526e-06,1.0,1.0,0.0015091275149134,1.0,0.9664774311371752,3.90688905685828e-09,1.0,0.0999999999959546,7.041959908937165e-11,1.0,0.8765589270853084,2.559006605021425e-07,1.0,0.099110018287396,1.1602003374788843e-05,1.0,0.6428857935999099,1.6595170891210658e-06,1.0,0.0999993452603731,3.850309780584545e-06,1.0,0.0,4.399500268621215e-06,1.0,0.0,3.224767786092805e-16,1.0,,,G/G,2.216953509728089e-05,,,,,,,,,,,,,,,,,,,,,,,,,,,,,,,,,,,,,,,,,,,,,,,,,,,,,,,,,,,,,,,,,,,,,,,,,,,,,,,,,,,,,,,,,,,,,,,,,,,,,,,,,,,,,,1.0,5.578020014371421e-07,0.0,0.0006709132232041,1.0,2.087475355396923e-06,0.0987183452504709,4.389881311109297e-05,1.0,0.0,0.0,5.29320135128381e-10,1.0,0.0,1.0,0.3022275230230637,3.939553034896664e-05,1.0,0.0999780609885312,1.0,7.969129818421762e-06,1.0,0.0391095910717543,0.0999974191616649,1.6041036274383543e-10,1.0,0.0,0.0,9.020844045483624e-07,1.0,0.0,1.0,5.0131316975013e-06,1.0,9.773396632180112e-07,0.3712228952663771,6.972574491869129e-07,1.0,0.0993136381456839,0.0707901812663961,1.0,1.0,1.0,7.173657176460858,0.661105803891711,11.845347979489924,A,V,0
VAR_002613,,,,,,,,,,,,,,,,,,,,,,,,,,,,,,,,,,,,,,,,,,,,,,,,,,,,,,,,,,,,,,,,,,,,,,,,,,,,,,,,,,,,,,,,,,,,,,,,,,,,,C/C,C/C,5.574614222127925,5.765428668837577,,0.0,3.028072215607668e-06,1.0,0.0,5.534265214647026e-07,1.0,6.89220680368431e-05,1.798005472695158e-06,1.0,0.0,2.41968595857676e-11,1.0,1.0,6.119348771883772e-07,1.0,0.0,7.487690860115755e-06,1.0,6.224379388201279e-16,5.108464841900828e-13,1.0,0.0,5.06880000002628e-07,1.0,0.0997979124000829,1.039967723061342e-15,1.0,0.015337990013416,1.3711306274722377e-05,1.0,0.0999967648952248,2.1201574035396138e-13,1.0,0.0,6.630300004935493e-07,1.0,1.0,3.012663267716815e-06,1.0,0.0,4.374843073970998e-08,1.0,0.0999999955351644,1.2319370441898518e-06,1.0,0.0,2.877333407682049e-06,1.0,0.0025761990310292,3.578270565872189e-05,1.0,5.765349919207408e-10,1.1231245731487724e-06,1.0,0.2663814146825543,1.0102731080657367e-06,1.0,0.0,2.392313010165106e-05,1.0,0.3410748537642606,5.021306439236858e-10,1.0,0.334718039308639,7.398900159506871e-06,1.0,1.0,3.211685456586345e-06,1.0,0.0895128213994515,6.374859421158028e-22,1.0,0.2915267560411991,2.856685879124802e-05,1.0,0.0048559056731525,4.3234479756343753e-07,1.0,0.226635305667308,4.3250248769906434e-16,1.0,1.0,0.0012614170062548,1.0,,,C/C,7.398996327765489e-06,,,,,,,,,,,,,,,,,,,,,,,,,,,,,,,,,,,,,,,,,,,,,,,,,,,,,,,,,,,,,,,,,,,,,,,,,,,,,,,,,,,,,,,,,,,,,,,,,,,,,,,,,,,,,,1.0,5.729823898492364e-07,0.0,9.411489511997983e-12,1.0,7.590659842813859e-15,0.0072830339168482,3.677520101404201e-10,1.0,0.0,0.4896646634069732,3.5226277921622754e-06,1.0,0.0,1.0,0.0,0.0002588744708022,1.0,4.861632798939233e-07,1.0,1.210703358320411e-09,1.0,0.0353925180071015,0.0050953263934167,4.120595663301664e-08,1.0,0.0,1.0,1.3609563042195702e-14,1.0,0.0,0.0,1.832029812195909e-13,1.0,0.0999999999988249,1.0,4.6238841210803404e-06,1.0,0.0999988444190044,2.178174655482137e-07,1.0,1.0,1.0,5.740234721200658,0.5935791139596107,8.270609470252774,A,S,0
VAR_002659,,,,,,,6.712278284770246e-07,2.01065274775452e-16,1.1367224162680985e-12,1.5849782428199298e-08,7.21414002927117e-07,5.756210866558601e-06,2.8219405896578387e-12,1.6445369367588043e-06,1.0834383927321294e-05,6.419292654787437e-06,2.8177060154631788e-08,6.976271569212559e-11,2.776611266444286e-06,1.1305314984513037e-12,5.997284278938877e-05,1.0292949351831695e-09,2.9387268962007683e-14,3.1174029651660234e-11,0.0001864391710895,0.0001864426343483,gnomADg_SAS,,,,,,,,,,,,,,,,,,,,,,,,,,,,,,,,,,,,,,,,,,,,,,,,,,,,,,,,,,,,,,,,,,,,,,,,,,T/T,T/T,5.224247398308183,5.300938191756454,,,,,,,,,,,,,,,,,,,,,,,,,,,,,,,,,,,,,,,,,,,,,,,,,,,,,,,,,,,,,,,,,,,,,,,,,,,,,,,,,,,,,,,,T/T,2.034071071144597e-05,,,,,,,,,,,,,,,,,,,,,,,,,,,,,,,,,,,,,,,,,,,,,,,,,,,,,,,,,,,,,,,,,,,,,,,,,,,,,,,,,,,,,,,,,,,,,,,,,,,,,,,,,,,,,,0.0,1.1153611297203374e-06,0.0,1.8672744265759584e-05,1.0,0.0011477926693541,0.09964497146114,0.0007135652697785,1.0,0.0,0.1239054255825007,1.5190957169985127e-09,1.0,0.0,1.0,1.0,0.0001738398691332,1.0,0.053910177843612,1.0,1.7419364640870094e-05,1.0,0.0327041419038496,5.8496945223570287e-08,7.441537186876387e-15,1.0,0.0,0.0,1.0898517284576336e-06,1.0,0.0,0.0,1.9899497257939283e-05,0.0,1.2919755810752938e-07,1.0,1.994177864148481e-05,1.0,0.0006426163093279,0.0829367205204069,0.9770744232875874,0.3172711845132643,1.0,5.084737382175137,0.6107028494836696,7.532407395362444,E,G,1
VAR_002794,,,,,,,8.622216889938189e-06,1.82762751174879e-07,6.629902916564848e-10,1.8212574950810883e-18,0.0002113832645129,1.6120316441882007e-10,1.161453711209122e-05,2.5980723354104763e-06,0.0001663088198563,,,,,,,,,,,1.1335368910452077e-05,gnomADe_NFE,,,,,,,,,,,,,,,,,,,,,,,,,,,,,,,,,,,,,,,,,,,,,,,,,0.0,3.878648130017271e-05,0.0,1.0,3.777366883222211e-06,1.0,0.0,1.4658280125391986e-11,0.0,0.0022819773048478,4.772613371407932e-07,1.0,0.0,7.009308073733276e-06,1.0,0.3128690951206459,4.873102000704543e-05,1.0,0.0,7.009200000003436e-06,1.0,AllofUs_EUR,4.1895981813350415e-08,3.675226342865908e-05,1.0,C/C,C/C,5.752998796554573,5.731415017128077,4.0149349406073815,0.0,0.0006930592260996,1.0,0.0,1.378477293735928e-05,1.0,0.0006211253988722,5.63802788093121e-10,1.0,0.6338694769226884,8.534702409156364e-06,1.0,1.0,1.229411909994103e-05,1.0,1.0,6.675300754821676e-06,1.0,0.0999999909427395,6.111302303017606e-06,1.0,1.0,1.8400242664841224e-05,1.0,1.5048104015632744e-09,5.123179741550718e-10,1.0,0.0999998489181157,1.7293517105082237e-10,1.0,2.0453076275143922e-07,3.616631210094129e-06,1.0,1.0,1.4439032375377548e-05,1.0,1.0,1.4692970496534885e-15,1.0,0.08577282108135,6.750965515033311e-09,1.0,0.0999999901448616,5.937513620751758e-08,1.0,0.0,5.3954018370478e-06,1.0,0.0961008153507371,4.634062968362741e-09,1.0,0.0999999994745605,3.628324771008626e-07,1.0,0.5523369117012689,4.556643713474722e-08,1.0,1.0,3.393998744748426e-12,1.0,0.0,2.457713799217265e-06,1.0,0.0002927569124443,3.077522160883823e-13,1.0,0.0,4.327967396343737e-06,1.0,0.099883139375465,7.9969026103258e-06,1.0,0.0,1.1822857721747036e-07,1.0,0.0060448703232251,0.0002050577401441,1.0,0.6281173161323055,7.543917952410233e-08,1.0,1.0,1.4825804997681461e-08,1.0,,,C/C,2.104200000017136e-05,1.0,8.227468354022343e-06,1.0,2.614717257358035e-06,1.0,0.0,2.804594507211917e-10,1.6740784170960789e-06,1.0,0.0,1.0,0.0533888928560717,1.5027133904544388e-05,1.0,0.0,0.0999999999862564,5.744199542772384e-09,1.0,0.0,0.0301451663938758,4.722822210395192e-07,1.0,0.0,0.731392719880688,2.1117098320839105e-05,1.0,0.0,0.0,2.104567964106593e-05,1.0,0.0,0.0999867552943916,1.7321261457731394e-08,1.0,0.0,0.0,,1.0,3.829139607961368e-06,0.0,0.0001190926249765,1.0,0.0,0.6680257883653288,1.4224011587736345e-06,1.0,0.0,1.0,0.0,4.801960865406738e-15,1.0,0.0,0.0,3.662068481459951e-06,1.0,0.0060951528204952,0.0973880217325159,2.660257048388616e-07,1.0,0.0,1.0,8.775553699071192e-06,1.0,0.0,1.0,9.115733667387529e-06,1.0,0.0998512781287096,1.0,9.39769356006958e-07,1.0,0.0,2.087072007976596e-06,1.0,4.537185820231704e-06,0.0,1.4128276788474146e-08,1.0,0.0,0.0,1.2818807097464537e-12,1.0,0.0,1.0,1.478638505831328e-09,3.800732502566545e-05,1.0,0.0,0.2812406990893896,1.0105396704647825e-18,1.0,1.8092729502343147e-18,0.0999999999961054,1.429146425437776e-09,1.0,0.0,0.4490687783075324,1.005408000154064e-05,1.0,0.0,1.0,0.0024941528399828,1.0,0.0999205675427268,1.0,8.158715275219686e-06,1.0,0.0,0.083866377853226,1.0,7.806834000240922e-06,0.0,1.1344764727730583e-16,1.0,0.0688385666008263,0.0287775095197957,0.0004971345604388,1.0,0.0,0.0,4.45654223913859e-13,1.0,0.0,1.0,0.0,0.0009240496659565,1.0,0.0217410965244011,0.0,4.508355287045783e-05,1.0,0.014975626234498,0.0816971493556312,6.538652618440289e-13,1.0,0.0,1.0,0.0001290178973783,1.0,0.0,1.0,1.0678500000000049e-05,1.0,0.0999923242035872,0.2123415853169711,1.519501276631874e-14,1.0,2.2026847993185032e-13,2.993811912028357e-08,0.9488103209443018,0.5191937664906695,0.9960442800778802,7.919672992572089,0.611565304303675,8.324524833602066,E,Q,1
VAR_003187,,,,,,,,,,,,,,,,,,,,,,,,,,,,,,,,,,,,,,,,,,,,,,,,,,,,,,,,,,,,,,,,,,,,,,,,,,,,,,,,,,,,,,,,,,,,,,,,,,,,,T/T,T/T,5.444808010467447,5.3886841600751465,,,,,,,,,,,,,,,,,,,,,,,,,,,,,,,,,,,,,,,,,,,,,,,,,,,,,,,,,,,,,,,,,,,,,,,,,,,,,,,,,,,,,,,,T/T,,,,,,,,,,,,,,,,,,,,,,,,,,,,,,,,,,,,,,,,,,,,,,,,,,,,,,,,,,,,,,,,,,,,,,,,,,,,,,,,,,,,,,,,,,,,,,,,,,,,,,,,,,,,,,,,,,,,,,,,,,,,,,,,,,,,,,,,,,,,,,,,,,,,,,,0.9652363633535797,0.9748986947033472,0.9570389566864252,5.117464773396461,0.7416492488538219,3.680773706338049,K,I,1
VAR_002768,,,,,,,2.525641312108106e-05,0.0001574517517229,7.945117068575148e-06,6.361517303210857e-09,4.535949864166125e-05,5.297766640041819e-16,2.59091865296634e-05,1.4988181396321908e-05,4.537907162594497e-06,2.366691341898283e-05,2.1744527011559396e-05,1.0979619500295088e-15,5.896800707441421e-05,4.6856868223981726e-11,6.445730808280463e-05,2.733387388973459e-07,4.205899542371269e-05,0.0004503903697921,0.0001857611024808,0.0006543459286204,gnomADg_REMAINING,,,,,,,,,,,,,0.8521440950720397,5.133533152639756e-06,1.0,1.0,1.4321515048979122e-06,1.0,0.0140993799036303,0.0004528092905664,1.0,1.0,0.0001395047445135,1.0,0.0,0.0001928257791668,1.0,1.0,7.438020088118871e-05,1.0,0.0999736296340743,4.142773071317399e-06,1.0,1.751530358899934e-05,1.1959955561937063e-06,1.0,0.0,1.03770866750047e-05,1.0,0.0001328298808698,8.925792829983045e-08,1.0,0.0007928843657251,1.6170092615028265e-07,1.0,1.0,1.8916782969850897e-05,1.0,0.0,1.668670521611362e-05,1.0,1.0,2.5677000002158774e-05,1.0,0.8517333513451565,1.1259000000000002e-05,1.0,0.0994992039920922,2.9950324124225614e-07,0.0,1.0,3.545866145069987e-05,1.0,1.0,3.842904621894662e-05,1.0,1.0,3.5047618935860183e-05,1.0,AllofUs_EUR,0.0396122809510025,1.2240807429220202e-06,0.0,C/C,C/C,5.5492154653400005,5.457899448060101,3.728372870568455,0.0,1.87283708931082e-05,1.0,1.0,2.299500000877142e-05,1.0,0.0030769719832163,5.708153282265512e-06,1.0,0.8028678849292511,0.000143434413213,1.0,1.0,2.1816051382376573e-05,1.0,1.0,2.1439290932907146e-05,1.0,0.4479262949017792,1.1592238505594238e-05,1.0,1.0,2.6241116014580685e-05,1.0,0.236889853521744,4.2119098836304695e-05,1.0,0.4467699999981682,1.7821864382920957e-05,1.0,0.077350700278109,2.0329586620384987e-05,1.0,1.0,2.1519e-05,1.0,0.0,4.6671703784162e-06,1.0,0.9176200220422746,2.3868101440400783e-05,1.0,0.8180198234258701,3.956457612686475e-05,1.0,1.0,2.334277817418945e-05,1.0,0.7762513880171449,4.517448186511098e-05,1.0,0.1772938545219058,7.50469335242425e-05,1.0,1.0,2.3868000033722e-05,1.0,1.0,7.554680731253606e-05,1.0,0.8144738446040478,5.122417993080419e-05,1.0,0.1881634980288196,4.489200033428223e-06,1.0,1.0,4.4603293716926845e-05,1.0,0.0963688576204066,1.840652225348115e-07,1.0,1.0,2.386800000000036e-05,1.0,0.9297000236610942,0.0001937208176165,1.0,1.0,5.233142723336313e-05,1.0,1.0,3.586935545831256e-05,1.0,1.0,1.7001918000526678e-05,C/C,0.0001159057200101,0.0,8.230917597237011e-06,0.1024796365754415,4.29026227652557e-05,1.0,0.0,0.0028364027552306,1.0833164688423864e-06,1.0,0.0,1.0,0.000178069880286,3.170976036336225e-06,1.0,0.0,0.9040965061521158,9.955712407963708e-05,1.0,0.0,0.0997494696667775,6.360893308512124e-15,1.0,0.0,0.140856075367597,1.2108366053772466e-08,1.0,0.0,1.0,9.955710020399534e-05,1.0,0.0,0.000387390004007,8.350748020912591e-08,1.0,0.0,0.0,,1.0,1.360604648807751e-05,1.0,0.0002538977725419,1.0,0.0,0.0,1.377719925121033e-08,1.0,0.0,1.0,0.0057939285174549,0.0007523357390704,1.0,0.0,0.0,6.15354502841105e-05,1.0,0.0999641583897686,0.0001930589404994,2.641300634846199e-07,1.0,0.0,0.0,7.645236015073401e-19,1.0,0.0,1.0,5.168635875313342e-05,1.0,0.099699100229502,0.0,7.252132805786743e-17,1.0,0.0,2.349021045961761e-06,0.0,1.688900413370099e-05,1.0,7.702756926018906e-10,1.0,0.0,0.1952765265368966,2.9678975985170713e-09,1.0,0.0,1.0,0.0399901014496308,9.59776442944406e-08,1.0,0.0,0.4303525712282726,0.000845266143279,1.0,1.4531917284317798e-10,0.0999911163435098,4.17175727904049e-09,1.0,0.0,0.0,6.356922746905071e-08,1.0,0.0,1.0,6.713415093261081e-05,1.0,0.0952739805832222,0.0,1.5374731121921708e-06,1.0,0.0,0.0999999999999535,1.0,2.1750300000012168e-05,0.0,0.0004226461212389,1.0,6.17699729914275e-05,0.099211863437003,9.333883126612e-09,1.0,0.0,1.0,2.2817257153719724e-05,1.0,0.0,1.0,1.0,2.4763130289615713e-10,1.0,8.992866784336237e-07,1.0,4.334036038793715e-05,1.0,0.0011064845839384,0.0061470779684168,2.904830825833198e-07,1.0,0.0,1.0,3.3079038677848284e-05,1.0,0.0,1.0,4.014364808028914e-05,1.0,1.6915740688184462e-08,0.0,7.046505059818552e-06,1.0,0.0999999999957245,0.0724695679189074,0.9963060346285452,1.0,1.0,3.405550093281966,0.5841610152396579,3.679050409066628,R,H,1
VAR_003225,,,,,,,,,,,,,,,,,,,,,,,,,,,,,,,,,,,,,,,,,,,,,,,,,,,,,,,,,,,,,,,,,,,,,,,,,,,,,,,,,,,,,,,,,,,,,,,,,,,,,,,,,,,,,,,,,,,,,,,,,,,,,,,,,,,,,,,,,,,,,,,,,,,,,,,,,,,,,,,,,,,,,,,,,,,,,,,,,,,,,,,,,,,,,,,,,,,,,,,,,,,,,,,,,,,,,,,,,,,,,,,,,,,,,,,,,,,,,,,,,,,,,,,,,,,,,,,,,,,,,,,,,,,,,,,,,,,,,,,,,,,,,,,,,,,,,,,,,,,,,,,,,,,,,,,,,,,,,,,,,,,,,,,,,,,,,,,,,,,,,,,,,,,,,,,0
VAR_003133,,,,,,,9.780915928509746e-07,6.354646148039407e-08,1.3289136984863217e-19,0.0001064954290568,1.0266893851850307e-08,3.805698838698943e-05,8.0955e-07,2.9231313924659902e-09,1.1420209175915376e-16,,,,,,,,,,,8.095500114853863e-07,gnomADe_NFE,,,,,,,,,,,,,,,,,,,,,,,,,,,,,,,,,,,,,,,,,,,,,,,,,,,,,,,,,,,,,,,,,,,,,,,,,,C/C,C/C,6.146693575788463,5.2626823098656885,2.6973939570280416,,,,,,,,,,,,,,,,,,,,,,,,,,,,,,,,,,,,,,,,,,,,,,,,,,,,,,,,,,,,,,,,,,,,,,,,,,,,,,,,,,,,,,,C/C,0.0007411496875428,1.0,9.156986283462976e-06,0.2809389045011891,3.299467044766852e-12,1.0,0.0,0.0999489096506892,1.3105862865291259e-09,1.0,0.0,1.0,0.0999974073157061,6.52231263107517e-13,1.0,0.0,0.0881211843322156,0.0002144782465213,1.0,0.0,1.8857066634810953e-08,5.1108487263527134e-05,1.0,0.0,1.0,2.1043800001897998e-05,1.0,0.0,1.0,4.205281367427809e-05,1.0,0.0,2.1646027618913785e-18,2.2774332691327108e-11,1.0,0.0,0.0,,1.0,3.799584000020765e-06,0.0,9.302266729403514e-19,1.0,0.0,0.8096541127169941,6.100605156794205e-06,1.0,0.0,1.0,0.1971827962022517,8.581954942626027e-07,1.0,0.0,0.0,3.8962151016967137e-11,1.0,3.40954329967005e-07,0.0406004879556649,3.216644488510757e-05,1.0,0.0,1.0,9.338450790323988e-06,1.0,0.0,0.0,9.247476631985838e-06,1.0,0.0053035773852559,0.0,2.615752445135364e-10,1.0,0.0,0.1,1.0,4.849618653673346e-06,0.0,7.19983199590167e-05,1.0,0.0,0.0,2.555726399876197e-08,1.0,0.0,1.0,0.0999685420043416,4.261319919185447e-07,1.0,0.0,0.0910162325003221,2.458338112189793e-10,1.0,0.0003188333949353,0.0027998418533922,2.5910635243592536e-16,1.0,0.0,1.0,1.0372606396918947e-05,1.0,0.0,0.0,1.2323936702599892e-05,1.0,0.0998914892054299,0.0,6.605067698749993e-09,1.0,0.0,0.0370118071379743,0.0,5.576898160295231e-07,0.0,0.0001619384534411,1.0,0.0999999999399426,0.0999999999492573,1.3377753342416211e-16,1.0,0.0,0.0,7.072684694848242e-09,1.0,0.0,1.0,1.0,8.355073476274538e-05,1.0,0.0960566561996012,0.0,6.9099527145605e-11,1.0,5.097229558376534e-06,0.0106218978208502,1.865768000513493e-07,1.0,0.0,0.7773321991531104,7.643703549998371e-07,1.0,0.0,0.0,1.4288049631055672e-05,1.0,9.37932117635418e-06,0.0,1.967227568539162e-12,1.0,0.009919129471545,0.0985580151904562,0.9940280322123032,0.820143167414563,0.9760982020159744,2.9052530667395438,0.5648344573279173,5.495275909064377,E,Q,0
VAR_002796,,,,,,,,,,,,,,,,,,,,,,,,,,,,,,,,,,,,,,,,,,,,,,,,,,,,,,,,,,,,,,,,,,,,,,,,,,,,,,,,,,,,,,,,,,,,,,,,,,,,,,,,,,,,,,,,,,,,,,,,,,,,,,,,,,,,,,,,,,,,,,,,,,,,,,,,,,,,,,,,,,,,,,,,,,,,,,,,,,,,,,,,,,,,,,,,,,,,,,,,,,,,,,,,,,,,,,,,,,,,,,,,,,,,,,,,,,,,,,,,,,,,,,,,,,,,,,,,,,,,,,,,,,,,,,,,,,,,,,,,,,,,,,,,,,,,,,,,,,,,,,,,,,,,,,,,,,,,,,,,,,,,,,,,,,,,,,,,,,,,,,,,,,,,,P,C,1
VAR_002652,,,,,,,,,,,,,,,,,,,,,,,,,,,,,,,,,,,,,,,,,,,,,,,,,,,,,,,,,,,,,,,,,,,,,,,,,,,,,,,,,,,,,,,,,,,,,,,,,,,,,T/T,T/T,5.303553178279401,2.718076094574192,,,,,,,,,,,,,,,,,,,,,,,,,,,,,,,,,,,,,,,,,,,,,,,,,,,,,,,,,,,,,,,,,,,,,,,,,,,,,,,,,,,,,,,,T/T,1.0554744652028632e-05,,,,,,,,,,,,,,,,,,,,,,,,,,,,,,,,,,,,,,,,,,,,,,,,,,,,,,,,,,,,,,,,,,,,,,,,,,,,,,,,,,,,,,,,,,,,,,,,,,,,,,,,,,,,,,0.0,5.576967109666078e-07,0.0,2.660614239182424e-11,1.0,0.0998054684075467,0.004551546358039,3.5998088807014896e-30,1.0,0.0,0.0,7.56724825158535e-10,1.0,0.0,1.0,0.2763518749132171,5.510410074942577e-05,1.0,0.017335656492385,1.0,2.67177025061468e-12,1.0,1.2537638111809077e-06,0.0843389253510786,4.882263143894145e-10,1.0,0.0,0.5423974970856479,6.255702193916935e-07,1.0,0.0,0.0,1.8985601748932382e-05,1.0,0.0002674980698711,1.0,1.1467797721763795e-05,1.0,0.0058105104111961,3.291473193763075e-17,0.7675885524269718,0.1450332572049532,0.0557174606758289,1.6161751024706272,0.6089717425065904,1.129506299930365,N,S,0
VAR_002776,,,,,,,,,,,,,,,,5.913955820101354e-06,9.954149236106158e-05,1.5821697312536811e-06,1.5968370358177298e-07,2.0408097845930773e-08,0.0003832741413913,3.851252897088008e-06,6.204787220774151e-06,4.837006571055005e-11,4.476770939654424e-07,0.0001826583254501,gnomADg_EAS,,,,,,,,,,,,,0.6505105603912262,0.0013756066277695,1.0,1.0,6.888270206086454e-05,1.0,0.0004855421241435,8.9708078755277e-09,1.0,0.0,8.377600100100684e-06,0.0,1.0,3.55396308659604e-06,1.0,0.0,2.3601313876149217e-10,1.0,0.0999999503889157,6.829183030016572e-06,0.0,6.755527884815227e-06,1.706542521969953e-05,1.0,0.0,5.870180192161198e-10,1.0,0.0981994895582288,6.01063188403146e-14,1.0,0.0358626857124228,9.263005036581809e-11,1.0,1.0,2.5765186682144334e-06,1.0,,,,,,,,,,,,,,,,,,,,,,,,,,G/G,G/G,5.549781920304525,5.596392986282202,3.731737444467551,,,,,,,,,,,,,,,,,,,,,,,,,,,,,,,,,,,,,,,,,,,,,,,,,,,,,,,,,,,,,,,,,,,,,,,,,,,,,,,,,,,,,,,G/G,2.0579790319360937e-05,,,,,,,,,,,,,,,,,,,,,,,,,,,,,,,,,,,,,,,,,,,,,,,,,,,,,,,,,,,,,,,,,,,,,,,,,,,,,,,,,,,,,,,,,,,,,,,,,,,,,,,,,,,,,,0.0,7.724768831038167e-05,0.0,3.205144829765158e-05,1.0,2.787104333131483e-10,0.0946223271984705,4.78120876969142e-07,1.0,0.0,0.4180055117162161,2.7255593880339084e-05,1.0,0.0,1.0,0.0,4.019163123725741e-05,1.0,5.422970683106466e-14,1.0,0.0008537852540055,1.0,0.0975523253583393,2.9706047667603745e-07,6.561173222111178e-15,1.0,0.0,0.0,5.341967368278201e-08,1.0,0.0,0.0,0.0001673702790812,0.0,0.0677526009294916,0.9879928192823136,2.3263998228523677e-21,1.0,0.0999988158981548,0.0008639081356503,1.0,1.0,1.0,9.972973709398646,0.6631393981874095,11.214822007848264,P,S,0
VAR_003080,,,,,,,6.270965229853215e-07,2.783572777544228e-22,3.5299375016928226e-08,1.0559713026525167e-06,0.0002550848172149,3.428354491752352e-07,2.177065944685109e-05,6.811018468002697e-12,1.0440037808740635e-05,,,,,,,,,,,6.525418608068219e-05,gnomADe_SAS,,,,,,,,,,,,,,,,,,,,,,,,,,,,,,,,,,,,,,,,,,,,,,,,,,,,,,,,,,,,,,,,,,,,,,,,,,G/G,G/G,5.838249335901844,5.500611557978035,3.6159138192431968,,,,,,,,,,,,,,,,,,,,,,,,,,,,,,,,,,,,,,,,,,,,,,,,,,,,,,,,,,,,,,,,,,,,,,,,,,,,,,,,,,,,,,,G/G,2.9484000000659765e-05,1.0,3.567699702234752e-09,0.0,7.928186608130323e-16,1.0,0.0,0.0999999999946539,3.0773995979152088e-12,1.0,0.0,1.0,0.0997610643258062,5.289491350680812e-07,1.0,0.0,0.0982188430310273,0.0010417250831568,1.0,0.0,0.0999999999999999,1.589534170949182e-07,1.0,0.0,0.0,1.4389338533425625e-12,1.0,0.0,,,,,0.0995038299805143,2.9214968185018545e-05,1.0,0.0,0.0,,1.0,1.5144751412795065e-05,1.0,0.0001322454182224,1.0,0.0,0.0,7.709393338235489e-06,1.0,0.0,1.0,1.0,3.899600028756304e-05,1.0,0.0,1.0,4.488556954685454e-15,1.0,0.0010134999114679,0.0999934319002715,2.0231825423137125e-11,1.0,0.0,1.0,2.8374759008209702e-14,1.0,0.0,0.0,2.9484267327904663e-05,1.0,0.0806468417330168,1.0,3.3398106229357255e-05,1.0,0.0,0.0999999999954381,0.6256542772231879,4.393549138012521e-06,0.3432914816291267,4.233334996675485e-05,1.0,0.0,0.3272510773990891,2.0571090372960798e-06,1.0,0.0,1.0,0.099999999999997,6.305905574241744e-13,1.0,0.0,0.7737746837629778,2.1905274139620852e-09,1.0,0.0015096051449635,0.0323207492311312,1.5035538439927689e-05,1.0,0.0,0.6694931577712652,3.535968130358593e-06,1.0,0.0,1.0,2.940820788643526e-05,1.0,0.0006979298001806,0.4002724034829835,2.951445126020375e-05,1.0,0.0,2.032418734401231e-06,0.0,6.409526191342815e-07,1.0,5.902717681109587e-05,1.0,0.0636026802283903,0.0995887537097659,3.636207708417792e-14,1.0,0.0,0.0,2.011095500557562e-07,1.0,0.0,1.0,1.0,2.990228246205043e-05,1.0,4.238632294826733e-05,1.0,3.987089664747975e-05,1.0,0.099999995791985,0.0999952167242071,6.069306375504975e-08,1.0,0.0,0.0,1.6510459983953443e-06,1.0,0.0,0.0,9.883170002285817e-06,1.0,0.0999999978714983,0.0,0.0003881449553755,1.0,0.0999999999150944,1.4858683979196276e-05,0.9894830442385516,0.9049137619242872,0.9674080336339506,9.090518208706218,0.679258835484109,11.7819463608888,P,S,1
VAR_002709,,,,,,,1.596620823045985e-06,0.0009181460274681,3.166337049914702e-08,4.687719981711807e-06,1.0648013586919052e-06,2.641118747717078e-07,9.760015150164635e-10,4.777169885673069e-05,5.955364997069048e-08,5.917095568194673e-06,1.8807992973667908e-10,7.241693828992372e-05,5.894105215915112e-05,1.309725589768759e-13,0.0007315838371574,5.281383429784252e-13,7.958127989729843e-11,2.91377181731428e-06,4.251113540877084e-20,6.201166247823042e-05,gnomADg_AMR,,,,,,,,,,,,,,,,,,,,,,,,,,,,,,,,,,,,,,,,,,,,,,,,,1.0,2.8412405671809e-07,1.0,0.0,1.379218468364024e-05,1.0,0.0,9.153572840388802e-06,1.0,0.0999930961744113,0.0002110525708156,1.0,1.0,3.5057678133260234e-06,1.0,0.0,5.861101962109162e-14,0.0,0.0,3.5046348501458983e-06,1.0,AllofUs_EUR,0.0958948015665239,1.0223134517053631e-14,1.0,G/G,G/G,5.644886356518154,4.812486190955752,2.449223461918239,0.0,2.3433688064570663e-05,1.0,1.0,5.563566464510074e-07,1.0,0.0420913812269923,4.132820632420715e-06,1.0,0.9608970625452588,0.0001336212366534,1.0,0.0,8.958132418277882e-11,1.0,1.0,2.4812205469046304e-10,1.0,0.0246213748309217,1.7924723777192415e-05,1.0,1.0,6.241153483384722e-08,1.0,2.5952914180868584e-05,1.1133604719902811e-08,1.0,0.0999962758613858,0.0001385393773123,1.0,1.6846566521805004e-05,1.7700345408243554e-07,1.0,0.0,3.077884046254159e-05,1.0,1.0,9.756716278149597e-16,1.0,0.7446255129593428,2.1072207739659547e-10,1.0,0.0942379365842198,9.0081320511399e-13,1.0,0.0,1.0666091285336995e-09,1.0,0.0020479004711026,2.567126976700356e-07,1.0,0.1,7.341163798078499e-12,1.0,0.0,8.971364210299253e-12,1.0,0.0,5.239035839311911e-06,1.0,1.0,2.085055484684808e-09,1.0,6.908144657815102e-09,0.0002520985736798,1.0,0.5389286522963022,2.53693414018265e-13,1.0,0.0992230831555454,6.363788713732403e-06,1.0,0.6764752901068236,1.424747214822734e-05,1.0,0.0140538528745216,5.387219494873311e-07,1.0,0.0,8.007300054973715e-07,1.0,1.0,2.1456e-06,1.0,,,G/G,1.652678538732957e-05,,,,,,,,,,,,,,,,,,,,,,,,,,,,,,,,,,,,,,,,,,,,,,,,,,,,,,,,,,,,,,,,,,,,,,,,,,,,,,,,,,,,,,,,,,,,,,,,,,,,,,,,,,,,,,1.0,1.1158836406170994e-06,1.0,0.0001262693345446,1.0,1.806910018288405e-05,0.0991344388677581,1.4424265710497209e-05,1.0,0.0,0.0466340687108738,1.5293696456989872e-05,1.0,0.0,1.0,0.9056404182266882,4.1864116387558165e-05,1.0,0.0999607073215515,0.0,3.3080842396111675e-08,1.0,6.163476239734398e-13,6.734716103328093e-05,1.3477499487922674e-13,1.0,0.0,1.0,4.312952148214072e-20,1.0,0.0,0.0,1.6273914182278988e-05,0.0,5.251314831418413e-07,0.0,1.1636721282217468e-10,1.0,0.0025943802702669,2.8696525581991067e-08,0.9792107464623212,1.0,0.9588417774564924,5.422170532403548,-0.165085155301186,7.744877013332517,L,F,1
VAR_003057,,,,,,,6.232777617269703e-07,1.746618418678158e-06,3.8736903007906127e-17,1.1658100079528415e-09,0.0002031641646677,2.6158885325546563e-05,1.4884701314614811e-06,7.58556340614786e-09,8.51465603595374e-05,,,,,,,,,,,0.0002951528915536,gnomADe_NFE,,,,,,,,,,,,,,,,,,,,,,,,,,,,,,,,,,,,,,,,,,,,,,,,,,,,,,,,,,,,,,,,,,,,,,,,,,G/G,G/G,5.932346149606502,5.330673777296504,2.70114977401731,,,,,,,,,,,,,,,,,,,,,,,,,,,,,,,,,,,,,,,,,,,,,,,,,,,,,,,,,,,,,,,,,,,,,,,,,,,,,,,,,,,,,,,G/G,0.0006842330822031,,,,,,,,,,,,,,,,,,,,,,,,,,,,,,,,,,,,,,,,,,,,,,,,,,,,,,,,,,,,,,,,,,,,,,,,,,,,,,,,,,,,,,,,,,,,,,,,,,,,,,,,,,,,,,0.0,5.582455320800005e-07,1.0,9.476144252353393e-05,1.0,3.278023480417447e-13,0.0567734047028722,9.958155863505088e-05,1.0,0.0,0.0,3.878148765261915e-09,1.0,0.0,1.0,0.6256103640664661,4.145502607527653e-15,1.0,0.099999999833198,1.0,2.32098829378475e-06,1.0,0.0943422859692203,8.026115976187109e-05,9.800892548955835e-06,1.0,0.0,0.0,7.638174000003701e-07,1.0,0.0,1.0,6.801110462733553e-05,1.0,2.693845578368569e-09,1.0,1.7079343901170794e-16,1.0,2.395018471828696e-09,0.0824949573502684,1.0,0.3944363637328239,1.0,9.418605114121874,0.6368339803289153,11.555984278380938,H,Y,0
VAR_002693,,,,,,,,,,,,,,,,,,,,,,,,,,,,,,,,,,,,,,,,,,,,,,,,,,,,,,,,,,,,,,,,,,,,,,,,,,,,,,,,,,,,,,,,,,,,,,,,,,,,,C/C,C/C,5.827571544973447,1.225248005525513,,,,,,,,,,,,,,,,,,,,,,,,,,,,,,,,,,,,,,,,,,,,,,,,,,,,,,,,,,,,,,,,,,,,,,,,,,,,,,,,,,,,,,,,C/C,,,,,,,,,,,,,,,,,,,,,,,,,,,,,,,,,,,,,,,,,,,,,,,,,,,,,,,,,,,,,,,,,,,,,,,,,,,,,,,,,,,,,,,,,,,,,,,,,,,,,,,,,,,,,,,,,,,,,,,,,,,,,,,,,,,,,,,,,,,,,,,,,,,,,,,0.9765697248451264,1.0,0.4887524149146034,0.1672133028215773,0.5791105679953268,-0.0807251251235112,K,N,0
VAR_003100,,,,,,,,,,,,,,,,,,,,,,,,,,,,,,,,,,,,,,,,,,,,,,,,,,,,,,,,,,,,,,,,,,,,,,,,,,,,,,,,,,,,,,,,,,,,,,,,,,,,,T/T,T/T,6.153409934850513,6.17,3.9834747365687,0.0,6.720244121809303e-10,1.0,0.0,5.474700069046423e-07,1.0,0.0999993747157179,6.0256625763955234e-18,1.0,0.0,5.792688106674711e-07,1.0,0.0,5.8040013178207264e-05,1.0,1.0,6.918559205190534e-12,1.0,0.0999628017314066,1.719644139279492e-05,1.0,1.0,8.447149109197214e-07,1.0,1.4413956605712084e-08,4.956737601152627e-05,1.0,5.180733881284285e-16,9.214802368288311e-29,1.0,3.0173043585907943e-09,8.433222059623775e-10,1.0,0.0,7.177724656107019e-08,1.0,0.0,1.4094765203301346e-07,1.0,0.6810162487376966,8.237737401787279e-11,1.0,1.1196051272052445e-05,0.0001043658612177,1.0,0.5208243570584681,3.8999274786354285e-06,1.0,0.0554894084986981,8.475332287548826e-12,1.0,3.789237623844053e-05,3.6648241140457003e-09,1.0,0.0986551384804632,2.73051433017334e-07,1.0,1.0,6.268097957894348e-07,1.0,0.6346116085012137,3.484824638072516e-07,1.0,0.099798333334298,8.896931546388665e-14,1.0,0.5284089770964212,9.159064100415788e-07,1.0,1.2577543309621775e-09,1.3346918423135948e-13,1.0,0.5259850653643817,4.078345926133287e-06,1.0,0.0999999999992604,5.80985840678876e-07,1.0,0.0,1.167402511918874e-18,1.0,0.2319754070404428,4.745262261553116e-22,1.0,,,T/T,0.0001836916130691,,,,,,,,,,,,,,,,,,,,,,,,,,,,,,,,,,,,,,,,,,,,,,,,,,,,,,,,,,,,,,,,,,,,,,,,,,,,,,,,,,,,,,,,,,,,,,,,,,,,,,,,,,,,,,1.0,1.3096180862269114e-05,1.0,0.0003423332527853,1.0,0.031123649595911,0.0001012633992972,7.509585240833637e-14,1.0,0.0,0.7686850051554301,2.1862584698824358e-10,1.0,0.0,1.0,0.3111729059321065,0.0002612157230808,1.0,0.0999991436195809,0.0,0.0001311002939154,1.0,1.4767071555701499e-12,0.0014078532716249,2.647543097929693e-06,1.0,0.0,1.0,7.71709945250586e-07,1.0,0.0,1.0,0.0009347779005768,1.0,0.0852706656797875,1.0,8.709390111315776e-08,1.0,0.0999999996226237,1.5572118266960034e-07,1.0,0.8890855054290661,0.9856772648735244,6.991675369005502,0.7136623495341862,5.366692737332159,I,V,0
VAR_003188,,,,,,,8.243155245564241e-06,4.81931159058507e-06,5.34245714597112e-08,1.0720368373396135e-11,3.594585670421871e-05,1.142125282339135e-07,7.009516032251576e-06,5.961600010910146e-05,1.2083018812591496e-08,2.3652000000000037e-05,7.23924036192915e-08,4.295514319409575e-05,7.454641470424532e-09,0.0002498760253681,3.24531281201158e-07,2.0973860852205323e-09,5.2930159443927946e-05,7.467222882534426e-05,4.780250111589409e-06,5.961600000452678e-05,gnomADe_REMAINING,,,,,,,,,,,,,0.0,3.410175476734484e-06,1.0,1.0,8.684919469242034e-05,1.0,0.0998957742973475,0.0003553348022023,1.0,0.8683459438701664,0.0050155812197748,1.0,0.0,0.0041232809380191,1.0,1.0,9.28830459585735e-05,1.0,0.0369738685140737,2.396715242524908e-09,1.0,5.8845214197559184e-09,6.455226791483467e-05,1.0,0.107594405121424,1.8565353864590873e-08,1.0,0.0974981181143911,2.0180850709495722e-16,1.0,0.099285678498223,1.2222136435540933e-05,0.0,1.0,8.130521326269567e-05,0.0,1.0,1.148884198607032e-06,0.0,1.0,1.186982876811542e-05,1.0,0.0,1.4670058973171345e-12,0.0,0.0412711094551565,1.6742959710730147e-05,1.0,1.0,2.1034594771250072e-05,1.0,0.0,4.632437902703069e-05,1.0,0.0,2.103303242460838e-05,1.0,AllofUs_EUR,0.0998408298074775,4.496067111133549e-05,1.0,T/T,T/T,5.442051026442129,5.442942427613615,,1.0,2.340070285914955e-06,1.0,1.0,1.1263836839329498e-05,1.0,1.3061882413739272e-06,3.8659199508480985e-10,1.0,0.768481264616991,3.508442821729584e-05,1.0,1.0,9.401831997004806e-06,1.0,1.0,2.6630148327093247e-05,1.0,0.1513800419485011,9.07955093061518e-06,1.0,1.0,7.142951621263931e-06,1.0,1.5374985439520777e-12,0.0003512062196464,1.0,0.2486772280498493,0.0005533909601353,1.0,0.0008206705041092,4.411579205333112e-07,1.0,1.0,6.69373720304562e-06,1.0,1.0,8.823019177727125e-11,1.0,1.0,6.856200836459895e-06,1.0,0.0806395044037514,3.186416610638809e-14,1.0,0.0,4.911300023941255e-06,1.0,0.0005095057388585,6.154387261348438e-18,1.0,6.677752784754319e-06,2.6239531281457447e-29,1.0,0.9258463456218184,6.856200000030473e-06,1.0,0.7558618683741049,1.335322340147379e-06,1.0,1.0,9.905241017898543e-06,1.0,0.0999999999692269,3.236139108201718e-20,1.0,0.9067207011483484,5.471379351776315e-20,1.0,0.0999999999989421,3.1753218932381446e-05,1.0,0.0,3.31315534207502e-06,1.0,0.05553036317119,4.7428931703494016e-12,1.0,0.3221555575367143,2.80158960638238e-05,1.0,0.7176614682166702,0.0002957971660076,1.0,1.0,7.568994802617349e-05,T/T,9.401796015439754e-05,0.0,1.9888937199149243e-05,1.0,4.052503207434835e-14,1.0,0.0,0.0326189671364434,6.230347778624298e-07,1.0,0.0,1.0,5.4350729494249005e-17,5.376778629230021e-07,1.0,0.0,0.099999999999157,9.920400237090489e-08,1.0,0.0,0.0997855540002983,2.785044218653847e-07,1.0,0.0,0.0,2.1904174212687702e-09,1.0,0.0,0.0,5.790607569094995e-05,1.0,0.0,0.991228116189652,5.737796124055061e-05,1.0,0.0,0.0,,1.0,5.666171338323911e-06,0.0,7.076035409960756e-15,1.0,0.0,1.0,6.187376306135036e-08,1.0,0.0,1.0,0.1328686620632773,1.0788971927361534e-05,1.0,0.0,0.4670010954088416,7.9597543123733e-11,1.0,3.050100210742947e-06,0.0011088648184148,5.888471840936029e-05,1.0,0.0,0.3197422424986808,1.2558239799020836e-08,1.0,0.0,1.0,4.1788750628472384e-05,1.0,0.0996606658685061,1.0,4.849732575064654e-05,1.0,0.0,0.0134829487224564,0.0,1.543369958821154e-05,0.0,2.8599190080135395e-09,1.0,0.0,0.0,1.8830299500596796e-08,1.0,0.0,1.0,0.0132166322533858,1.0506237995813357e-05,1.0,0.0,1.0,8.35219460242645e-17,1.0,0.0642941829451109,0.0999963954294935,4.628148383027936e-06,1.0,0.0,1.0,4.974344202990752e-07,1.0,0.0,0.0,4.586641295445889e-05,1.0,0.0996560632687911,1.0,0.0001119066131644,1.0,0.0,8.909505037904656e-07,1.0,3.756305641896282e-05,1.0,2.09174152788381e-06,1.0,0.0897900337755426,0.0999953176666721,9.780331858044692e-05,1.0,0.0,0.0,3.398190334608568e-14,1.0,0.0,1.0,0.7770340132106146,9.058823137163864e-15,1.0,0.0048865037742702,0.9310482954973276,3.903706502888806e-12,1.0,7.320915344744182e-08,0.0402055331243398,1.0905436499900433e-07,1.0,0.0,1.0,1.0406569226069168e-05,1.0,0.0,1.0,2.450892308133531e-05,1.0,0.0999766108823019,1.0,3.2729568186145664e-21,1.0,0.0999987467710142,0.0999143156970476,1.0,1.0,1.0,4.604337624418365,0.692491702914433,3.7703961069580494,K,R,1
VAR_002924,,,,,,,,,,,,,,,,,,,,,,,,,,,,,,,,,,,,,,,,,,,,,,,,,,,,,,,,,,,,,,,,,,,,,,,,,,,,,,,,,,,,,,,,,,,,,,,,,,,,,A/A,A/A,5.7147524154958855,5.665247729827553,2.805719104410586,,,,,,,,,,,,,,,,,,,,,,,,,,,,,,,,,,,,,,,,,,,,,,,,,,,,,,,,,,,,,,,,,,,,,,,,,,,,,,,,,,,,,,,A/A,,,,,,,,,,,,,,,,,,,,,,,,,,,,,,,,,,,,,,,,,,,,,,,,,,,,,,,,,,,,,,,,,,,,,,,,,,,,,,,,,,,,,,,,,,,,,,,,,,,,,,,,,,,,,,,,,,,,,,,,,,,,,,,,,,,,,,,,,,,,,,,,,,,,,,,1.0,1.0,1.0,9.397112093596204,0.756,11.37286897497177,C,G,1
VAR_003000,,,,,,,,,,,,,,,,,,,,,,,,,,,,,,,,,,,,,,,,,,,,,,,,,,,,,,,,,,,,,,,,,,,,,,,,,,,,,,,,,,,,,,,,,,,,,,,,,,,,,C/C,C/C,5.659136396475066,5.792248414398982,,,,,,,,,,,,,,,,,,,,,,,,,,,,,,,,,,,,,,,,,,,,,,,,,,,,,,,,,,,,,,,,,,,,,,,,,,,,,,,,,,,,,,,,C/C,,,,,,,,,,,,,,,,,,,,,,,,,,,,,,,,,,,,,,,,,,,,,,,,,,,,,,,,,,,,,,,,,,,,,,,,,,,,,,,,,,,,,,,,,,,,,,,,,,,,,,,,,,,,,,,,,,,,,,,,,,,,,,,,,,,,,,,,,,,,,,,,,,,,,,,1.0,0.945574227203398,0.9727427467921111,7.869881153736983,0.5494807988940758,7.980578744189832,G,A,1
VAR_003090,,,,,,,,,,,,,,,,,,,,,,,,,,,,,,,,,,,,,,,,,,,,,,,,,,,,,,,,,,,,,,,,,,,,,,,,,,,,,,,,,,,,,,,,,,,,,,,,,,,,,G/G,G/G,6.17,6.018231766140647,4.067575826624201,,,,,,,,,,,,,,,,,,,,,,,,,,,,,,,,,,,,,,,,,,,,,,,,,,,,,,,,,,,,,,,,,,,,,,,,,,,,,,,,,,,,,,,G/G,,,,,,,,,,,,,,,,,,,,,,,,,,,,,,,,,,,,,,,,,,,,,,,,,,,,,,,,,,,,,,,,,,,,,,,,,,,,,,,,,,,,,,,,,,,,,,,,,,,,,,,,,,,,,,,,,,,,,,,,,,,,,,,,,,,,,,,,,,,,,,,,,,,,,,,0.98040333890886,1.0,0.9911778377281828,9.19187474865237,0.6516845463176677,11.20478683733518,S,L,1
VAR_003037,,,,,,,,,,,,,,,,,,,,,,,,,,,,,,,,,,,,,,,,,,,,,,,,,,,,,,,,,,,,,,,,,,,,,,,,,,,,,,,,,,,,,,,,,,,,,,,,,,,,,A/A,A/A,6.063276279921825,6.17,,,,,,,,,,,,,,,,,,,,,,,,,,,,,,,,,,,,,,,,,,,,,,,,,,,,,,,,,,,,,,,,,,,,,,,,,,,,,,,,,,,,,,,,A/A,,,,,,,,,,,,,,,,,,,,,,,,,,,,,,,,,,,,,,,,,,,,,,,,,,,,,,,,,,,,,,,,,,,,,,,,,,,,,,,,,,,,,,,,,,,,,,,,,,,,,,,,,,,,,,,,,,,,,,,,,,,,,,,,,,,,,,,,,,,,,,,,,,,,,,,1.0,0.9354691943174982,1.0,6.430995403955366,0.6908312106193515,11.2444418918445,Y,H,1
VAR_002670,,,,,,,,,,,,,,,,,,,,,,,,,,,,,,,,,,,,,,,,,,,,,,,,,,,,,,,,,,,,,,,,,,,,,,,,,,,,,,,,,,,,,,,,,,,,,,,,,,,,,G/G,G/G,5.278792974327736,5.2106068853289935,,0.0,4.9280788940332576e-08,1.0,0.0,6.6204597742428185e-06,1.0,4.4078080525836557e-08,0.0002684150687586,1.0,0.0,2.816665324916284e-13,1.0,1.0,4.0215139163950974e-11,1.0,1.0,8.639934955765092e-07,1.0,5.4539796215522146e-18,1.8431241212042755e-11,1.0,1.0,3.353025475706706e-06,1.0,8.188762816381519e-19,0.0004549344311222,1.0,7.03302871828881e-10,2.7528442015288665e-07,1.0,0.0999999701835816,3.991201479913529e-07,1.0,0.0,1.332089350877648e-13,1.0,0.0,6.282136257593074e-08,1.0,0.6047960028224071,9.91199860707331e-12,1.0,0.5338225257468028,2.5260718693665275e-05,1.0,1.0,1.3228287705053625e-10,1.0,0.0999997433121263,1.1266488216501876e-10,1.0,0.0998228505168195,7.205440664671167e-06,1.0,0.0,1.2233738769482443e-09,1.0,0.0,1.0789783334913926e-09,1.0,1.0,3.4293992312499625e-05,1.0,0.5083270916136015,2.418879731228293e-05,1.0,1.0,1.1967641732571157e-05,1.0,0.0009175713726349,8.49197334112426e-06,1.0,0.0,5.1894207243255333e-08,1.0,0.0109911271411144,6.978946131909066e-07,1.0,0.0,1.2920322923216054e-07,1.0,1.0,0.0001725276659515,1.0,,,G/G,2.72054203216966e-05,,,,,,,,,,,,,,,,,,,,,,,,,,,,,,,,,,,,,,,,,,,,,,,,,,,,,,,,,,,,,,,,,,,,,,,,,,,,,,,,,,,,,,,,,,,,,,,,,,,,,,,,,,,,,,,,,,,,,,,,,,,,,,,,,,,,,,,,,,,,,,,,,,,,,,1.0,0.2933941544572088,1.0,9.685742846818863,0.6626143735309706,11.298075104794275,S,L,1
VAR_002741,,,,,,,1.8505536471754332e-06,1.7640586746177774e-11,6.2109552928288055e-12,1.7456185375428004e-06,2.409280841471461e-07,3.0910498778663745e-11,2.429100000959433e-06,1.9142167900572308e-11,8.52212257649488e-11,,,,,,,,,,,0.0002697154152055,gnomADe_NFE,,,,,,,,,,,,,1.0,1.3685289511275516e-16,1.0,0.0,5.694360962873791e-05,1.0,0.0999999992715656,4.319480781224028e-06,1.0,0.0,1.0256173437009575e-07,1.0,1.0,2.88432046259444e-06,0.0,0.0,0.0001484658529232,1.0,0.0999999167871797,5.2224739628337596e-08,1.0,0.0165180786664052,2.9393589612278404e-14,0.0,0.112838590404139,7.215148633490386e-05,1.0,5.149018630258239e-07,0.0001170009446001,0.0,0.0995249378802204,4.2879498907539353e-13,1.0,1.0,0.0001005706288243,1.0,,,,,,,,,,,,,,,,,,,,,,,,,,C/C,C/C,5.419707989341133,5.470445207928523,4.266542521248509,0.0,4.712801314528664e-17,1.0,0.0,3.465209868608893e-06,1.0,0.0360854107500425,1.944616918593094e-08,1.0,0.9205244058662828,3.0020556222157133e-07,1.0,0.0,1.741035014006786e-05,1.0,0.0,7.38892297431674e-11,1.0,0.0706117485712367,5.732554506355601e-06,1.0,0.0,1.7645949131026372e-05,1.0,0.0096930346755479,5.360451683335531e-19,1.0,3.2630055450559937e-14,5.860721152561195e-06,1.0,0.0967266377161097,3.664914715700072e-06,1.0,1.0,3.010500000010105e-07,1.0,0.0,5.996470865888532e-12,1.0,0.0,3.823160706570583e-08,1.0,0.0999998236492836,4.8989438069827785e-08,1.0,0.0,3.998857618772443e-05,1.0,0.0999999999999992,6.501542639745039e-12,1.0,0.0800888429674796,6.387982685824072e-05,1.0,0.0,0.0002139360504713,1.0,0.0,4.205751277900799e-15,1.0,0.0,4.817443795912151e-09,1.0,0.0945300072145596,4.852082059893759e-06,1.0,0.0,1.5161360971785704e-06,1.0,0.0999999995883193,2.283570018979152e-05,1.0,0.0,8.597351192551309e-23,1.0,0.09728362715047,8.290668026233719e-11,1.0,0.0,4.569625530820331e-05,1.0,1.0,8.846453058468459e-30,1.0,,,C/C,0.0003859282475014,0.0,8.2280436045091e-06,1.0,1.1604775434669939e-14,1.0,0.0,0.0817562305255796,7.807173666378433e-06,1.0,0.0,1.0,0.0999997667316471,5.2346165722232815e-05,1.0,0.0,0.0996173954214847,1.9821161209021147e-06,1.0,0.0,0.0037675808732909,2.6910726286799455e-05,1.0,0.0,0.1832397713552516,2.1081462851378068e-05,1.0,0.0,1.0,0.0002352738640636,1.0,0.0,0.0999999998755986,9.702274823488204e-06,1.0,0.0,0.0,,1.0,4.842741436638542e-06,1.0,4.0735227588336215e-11,1.0,0.0,0.0,2.8419429640899973e-07,1.0,0.0,1.0,0.1816754681104779,5.449696309552654e-10,1.0,0.0,1.0,0.0001038741194732,1.0,0.0091511754455021,3.722569764753689e-08,1.1342115356517336e-17,1.0,0.0,1.0,1.0717591514309328e-05,1.0,0.0,1.0,8.772444e-06,1.0,9.039982882002354e-17,0.0,9.107405588306048e-06,1.0,0.0,0.0999868347254702,1.0,4.326013952322701e-06,1.0,2.0174924110908713e-08,1.0,0.0,0.0,9.382094983517524e-07,1.0,0.0,1.0,7.846607265579533e-06,4.221225680811976e-08,1.0,0.0,0.1344754866237369,0.0001838258969306,1.0,1.1243068850544929e-05,0.0812171657772843,3.0491737256695887e-09,1.0,0.0,1.0,1.3994192390217996e-05,1.0,0.0,0.0,1.016176324093844e-05,1.0,0.0999959037952051,0.0,5.803267555716989e-07,1.0,0.0,1.0180395386074962e-05,1.0,1.6732733608050509e-06,1.0,2.507185066612789e-13,1.0,0.0999999925555783,0.0999717251879516,7.999143658328503e-11,1.0,0.0,0.0,3.502136142680378e-05,1.0,0.0,1.0,0.1030777161218413,7.195343312999201e-09,1.0,0.0741569761214457,0.0,1.1250451399657185e-08,1.0,0.0999998569911191,0.0999806251059919,1.6040825602773952e-09,1.0,0.0,0.0,2.288746529977369e-06,1.0,0.0,0.0,5.016426975751165e-06,1.0,1.6717275689223514e-05,1.0,4.066278027553624e-09,1.0,0.0999252013659113,0.0417849734528742,0.9978651386502804,0.8597387173659724,0.99847214744369,6.977346259163973,0.5215096028952686,7.410317505221781,G,S,0
VAR_003214,,,,,,,,,,,,,,,,,,,,,,,,,,,,,,,,,,,,,,,,,,,,,,,,,,,,,,,,,,,,,,,,,,,,,,,,,,,,,,,,,,,,,,,,,,,,,,,,,,,,,C/C,C/C,2.913377868396616,-5.910461619093167,-5.242374702177297,,,,,,,,,,,,,,,,,,,,,,,,,,,,,,,,,,,,,,,,,,,,,,,,,,,,,,,,,,,,,,,,,,,,,,,,,,,,,,,,,,,,,,,C/C,5.996152838000079e-05,,,,,,,,,,,,,,,,,,,,,,,,,,,,,,,,,,,,,,,,,,,,,,,,,,,,,,,,,,,,,,,,,,,,,,,,,,,,,,,,,,,,,,,,,,,,,,,,,,,,,,,,,,,,,,1.0,1.282311464329014e-06,0.0,0.0003905022231223,1.0,0.0175893921760387,0.0974878785352538,3.670222623727544e-10,1.0,0.0,0.0,4.56119497012992e-17,1.0,0.0,1.0,0.0,2.6712529184919055e-07,1.0,0.0401140973250199,1.0,2.4444380494684817e-05,1.0,1.3947324162829366e-06,0.0578116532754997,0.0001298926448052,1.0,0.0,0.0,2.396914618476692e-06,1.0,0.0,0.0,9.448759044599122e-06,1.0,9.786370613281424e-13,0.0,3.820481168031388e-06,1.0,3.306104343148155e-05,0.0049984394903742,0.0,0.0,0.022256052617466,-1.6683498298899015,-0.1613970548711595,-1.3922718844382405,V,I,0
VAR_002857,,,,,,,1.2337512159743328e-06,4.258437066011495e-05,1.833776415113395e-12,3.742930167379392e-09,8.110126111601216e-08,2.0170183209083542e-08,8.093702599148431e-07,5.8792416677993264e-08,4.590327601794303e-05,2.353028977824888e-05,4.343463742871202e-05,0.0005822207503556,6.286539469751885e-14,8.148168572339408e-09,1.133712324630274e-07,1.6066558107010178e-08,1.5577476788964487e-05,7.034115702944513e-06,2.1187619577951612e-08,0.0005609371772612,gnomADg_AFR,,,,,,,,,,,,,0.0,0.0003064394875262,1.0,0.0,1.0676435869467438e-06,1.0,2.6739278718313167e-10,0.0005001308261842,1.0,0.0,1.3238017827654732e-06,0.0,0.0,2.500810849330764e-07,0.0,0.4099753580920613,8.760575209316944e-07,1.0,0.0012441188597298,3.069786666825624e-05,1.0,0.099907612852859,1.2123006203328518e-10,1.0,0.1418634973556137,1.5661666214822731e-09,1.0,0.0999956073116863,1.8683398779965384e-06,0.0,2.656971609490614e-06,7.361181704799676e-07,1.0,1.0,2.175649528097957e-06,0.0,0.0,5.005017534709726e-05,1.0,1.0,1.1066136092107324e-05,1.0,0.6129982664822355,1.2467799297419653e-06,0.0,0.0059325389126969,1.8832678584942142e-05,1.0,0.0,2.400823348093108e-06,0.0,1.0,7.39519619328145e-08,1.0,0.2411689722821295,5.1418808163908985e-05,1.0,AllofUs_AFR,0.0925923942774202,7.978845545054918e-07,0.0,G/G,G/G,5.939354452588872,5.7265474646914925,,0.0,0.001956554556379,1.0,1.0,4.379406810896905e-06,1.0,0.0540519203328929,0.0002588009677564,1.0,0.0,6.294430248911427e-06,1.0,1.0,9.908680648194871e-07,1.0,1.0,2.0271112906309368e-06,1.0,0.099999847327506,1.6123265337031477e-07,1.0,1.0,9.5220000000009e-07,1.0,0.1164612087528583,0.0002429042722885,1.0,2.2378017817769942e-05,8.734116325439551e-07,1.0,0.021319641895841,1.8067189779548393e-08,1.0,0.0,1.1259749702940883e-06,1.0,1.0,7.089039333637833e-05,1.0,0.8968102571346243,5.075495337305971e-06,1.0,4.785551359957783e-05,3.165862253074702e-14,1.0,1.0,6.502222426144107e-07,1.0,0.0007271229246671,2.2548030286300557e-07,1.0,0.0954619306881837,1.3654936970586069e-13,1.0,0.0,1.7514528026500843e-10,1.0,0.573476334315658,0.0001022504271462,1.0,0.0,2.665922679541505e-05,1.0,0.0316576570649806,2.538319196380264e-09,1.0,1.0,1.5111467253298338e-10,1.0,3.922452306807231e-07,8.744768279923811e-14,1.0,0.0,2.5001339215100145e-08,1.0,0.6515905472712052,7.9047429928365e-05,1.0,1.0,6.781144524230381e-07,1.0,1.0,0.0001538718831228,1.0,1.0,3.393690014798205e-05,G/G,0.0001396965094017,1.0,8.308305089629882e-06,1.0,0.0001256283210685,1.0,0.0,0.0003896510906572,2.873356014506136e-13,1.0,0.0,1.0,1.8393688665255696e-05,5.08268238381021e-06,1.0,0.0,0.0998211663343422,9.890562107526618e-07,1.0,0.0,0.0999841839355148,8.894723186357768e-06,1.0,0.0,0.0,1.1682589309681534e-05,1.0,0.0,1.0,0.0001268248362716,1.0,0.0,0.0009778404240591,2.814969418078811e-07,1.0,0.0,0.0,,0.0,5.175003794296436e-06,1.0,6.0419526500149934e-05,1.0,0.0,0.1658524442644195,6.5681810985683285e-09,1.0,0.0,1.0,0.0,6.85631883985225e-08,1.0,0.0,0.0,2.1379673442811622e-06,1.0,6.47118207082869e-16,0.0999999801048091,4.294458219705106e-11,1.0,0.0,1.0,6.196962203348444e-06,1.0,0.0,1.0,6.039471389839396e-05,1.0,2.7994365331584524e-06,0.3841936084120967,2.5482541083254123e-14,1.0,0.0,0.0408941662026945,1.0,4.325466682266115e-06,1.0,5.584906726358855e-05,1.0,0.0,0.5160366102239261,1.0869899184470516e-09,1.0,0.0,1.0,0.0999990632297182,2.0685398153684164e-09,1.0,0.0,1.0,3.6857697556684013e-08,1.0,0.0813622483340219,0.0002975971234571,2.9617165654450265e-05,1.0,0.0,1.0,2.5334731984043463e-08,1.0,0.0,0.0,5.549398600289256e-05,1.0,0.0819602941496309,0.9801324667546624,2.422033378675677e-12,1.0,0.0,0.0262236626607424,0.0,2.930342997467327e-06,0.0,8.411581196727788e-05,1.0,0.0947342966463591,3.6405637207465816e-06,1.5027219134486724e-05,1.0,0.0,0.2188194671224922,4.153971279006106e-08,1.0,0.0,1.0,0.4933032057606042,3.1118764632408123e-10,1.0,0.0999999762817648,0.0,9.762633393204217e-09,1.0,0.024945155586901,0.0272397077135985,3.897408895255434e-09,1.0,0.0,0.0,1.6131562120965406e-06,1.0,0.0,0.0,6.0490197877648185e-05,1.0,0.0999999992852672,0.0,1.5457950049366043e-10,1.0,0.0863130336668436,0.0870516035079154,1.0,1.0,0.976102919726668,10.003,0.6808332779832744,11.316888905468124,S,F,0
VAR_002900,,,,,,,1.8862713735926656e-06,5.990444916192018e-09,2.5952424138008796e-11,2.920522111623832e-06,3.1646521828577845e-10,7.769293471409017e-06,2.214829757397683e-10,1.7272037206967803e-05,1.1870688828815042e-10,,,,,,,,,,,3.837069645995465e-05,gnomADe_REMAINING,,,,,,,,,,,,,,,,,,,,,,,,,,,,,,,,,,,,,,,,,,,,,,,,,,,,,,,,,,,,,,,,,,,,,,,,,,A/A,A/A,5.554842368121082,5.160333659436923,,,,,,,,,,,,,,,,,,,,,,,,,,,,,,,,,,,,,,,,,,,,,,,,,,,,,,,,,,,,,,,,,,,,,,,,,,,,,,,,,,,,,,,,A/A,1.2365641161130192e-06,,,,,,,,,,,,,,,,,,,,,,,,,,,,,,,,,,,,,,,,,,,,,,,,,,,,,,,,,,,,,,,,,,,,,,,,,,,,,,,,,,,,,,,,,,,,,,,,,,,,,,,,,,,,,,1.0,7.580587553554546e-06,0.0,0.0006892703126982,1.0,3.391318320875308e-12,0.0773379257416346,2.2586033625681697e-11,1.0,0.0,0.3870357019445248,3.0406421129963302e-05,1.0,0.0,1.0,0.0,0.0010261466737069,1.0,0.0999999999999994,0.0,1.1345439124290492e-05,1.0,0.0493980062402222,0.000100059369677,3.5455241814970814e-08,1.0,0.0,0.0,5.117327934285489e-05,1.0,0.0,0.0,5.742332799633707e-06,1.0,0.0999661481914135,1.0,2.265556392951974e-09,1.0,0.0999686241828102,0.0936022571969405,0.9708537999684846,0.7118205216005195,0.9430538359976622,9.301025046642344,0.756,10.822160434251987,V,A,1
VAR_003023,0.0001807128561271,0.0007200000006205,4.85243483736405e-06,3.039813849311181e-09,9.411883766280672e-06,1.7317741938988434e-06,6.17205772148101e-07,2.9240138498608244e-05,1.2148485035869077e-18,1.532354234436515e-06,3.2842857032012296e-08,2.1192748306886665e-18,6.738343571386587e-05,1.511044784180386e-06,1.5537431285875706e-05,2.364303830511365e-05,8.668133028620139e-05,4.598193012123019e-05,5.493109318488754e-06,1.6607890267025709e-06,0.0005303899688347,4.2028141647628017e-07,1.1772352635670867e-05,9.317312627467532e-15,3.5034897494793123e-09,0.0007219191107821,AFR,0.8096524975562265,0.0001946366864732,0.8341279705222082,0.0006808076454812,2.874489817858287e-13,2.4181220015645196e-05,1.0739779305218414e-12,4.679385020918971e-21,0.0999998059728446,5.717825093156317e-05,0.0842000428325491,0.0001685490429634,0.0,1.7943368068588466e-09,0.0,0.0,1.9504573641105613e-05,1.0,0.1,2.5585259959970524e-08,1.0,0.0,1.0776957749750854e-12,1.0,1.0,1.1194085975016196e-09,1.0,0.0,3.890575282079628e-06,0.0,0.0999618548860879,1.3256580853394552e-11,1.0,0.0235997703904137,1.5305432374763692e-06,1.0,0.2464690874989791,4.490161972463849e-11,1.0,0.0999999994056906,4.060723982198722e-22,0.0,0.0999998261536739,3.9213119776645386e-07,1.0,1.0,2.7412539893408558e-09,1.0,0.0,1.2953689168500984e-10,1.0,1.0,0.0002722252534018,1.0,1.0,1.8124123372107244e-11,0.0,0.0999947645429931,4.974311087922443e-06,0.0,0.0,1.0753728745317264e-06,1.0,1.0,6.041708236404118e-05,1.0,0.0,6.016579172332289e-05,1.0,AllofUs_OTH,0.1,1.368085139754854e-11,0.0,C/C,C/C,6.098708593615095,5.747345889852437,3.7885171031518863,0.1470006789259157,4.522501691671644e-05,1.0,1.0,2.736900708652784e-06,1.0,0.0944662543684672,0.0015641813765774,1.0,1.0,9.67477107780447e-05,1.0,0.0,1.7089014094765328e-08,1.0,0.0,5.617185529740904e-06,1.0,0.0999986205274625,1.384321274753215e-07,1.0,1.0,2.4129000555519925e-08,1.0,0.0530789076991421,0.000384557198195,1.0,0.092676065438991,0.0001789380761247,1.0,0.099993371075932,4.391085846080602e-07,1.0,0.0,3.3579889484244456e-08,1.0,1.0,4.5332567932305736e-05,1.0,0.0,3.3882064528134015e-08,1.0,3.079022088890869e-10,3.1775535764312194e-06,1.0,0.0,3.356546092284292e-09,1.0,0.0168446486827049,1.6101806180566408e-10,1.0,0.0006282,1.5241942354196883e-05,1.0,0.0,2.0445904274335978e-12,1.0,0.0,4.579201221678119e-05,1.0,0.0,2.309518397557082e-09,1.0,0.0999657960975821,4.5680558182095136e-06,1.0,0.1263267012047326,1.5657902225411065e-33,1.0,2.7189843753191e-09,1.4478188652736191e-08,1.0,0.0,2.6078538820515884e-07,1.0,0.4681287709846626,7.149830945140893e-05,1.0,0.0,1.5139451447104886e-07,1.0,1.0,0.0006642896430893,1.0,1.0,5.032327123013635e-05,C/C,0.0006807612753236,1.0,8.227593007519911e-06,0.0,0.0002214728847709,1.0,0.0,0.0055671068688999,5.259060719826694e-08,1.0,0.0,1.0,7.066459727582511e-14,7.438918870844227e-05,1.0,0.0,0.1,6.31853868340162e-10,1.0,0.0,0.0995173148104228,4.29011081944602e-11,1.0,0.0,0.4392822905500758,7.050718116205443e-11,1.0,0.0,0.2330551660814636,0.0001257672452563,1.0,0.0,4.7542159639982577e-08,9.072386908346114e-05,1.0,0.0,0.0,,1.0,4.544291689955192e-06,1.0,9.037418119025392e-05,1.0,0.0,0.0,1.2586891295464578e-06,1.0,0.0,1.0,0.5660611151969898,3.0618415661848907e-08,1.0,0.0,0.0,1.6265829810656669e-06,1.0,0.0999687580607152,0.0318275124333913,3.833577364763761e-12,1.0,0.0,0.0,1.6974598838713495e-09,1.0,0.0,0.0,6.04026902690656e-05,1.0,0.0999999871929588,0.0,8.606862100538075e-05,1.0,0.0,4.986649300648768e-16,1.0,1.8297792559791028e-05,0.0,5.550075000000001e-05,1.0,0.0,0.0,7.106618167951972e-05,1.0,0.0,1.0,0.0999998123722075,4.945962993144702e-07,1.0,0.0,0.0,5.084252186777588e-07,1.0,0.002161231157998,0.099999868129127,4.194532549643778e-06,1.0,0.0,0.0,5.765228642813836e-17,1.0,0.0,1.0,9.729597366536172e-05,1.0,0.0482600960299806,0.0,1.943794079019025e-11,1.0,0.0,4.982496669342769e-05,1.0,2.7884877867148043e-06,1.0,6.000319792646387e-05,1.0,0.0051902890824922,0.0016914002943722,3.580771122970604e-09,1.0,0.0,0.2977850691510471,4.696445761807162e-12,1.0,0.0,1.0,0.0,3.0005056932045145e-07,1.0,0.0999999974390198,1.0,4.4722396055835886e-15,1.0,2.9243644101284765e-08,2.669137855674167e-05,4.801878852274881e-06,1.0,0.0,1.0,6.820482449156865e-08,1.0,0.0,1.0,6.207648540079706e-05,1.0,0.0999606797084011,0.0,3.0269732878100805e-08,1.0,5.88288077499808e-05,4.480217813928464e-07,1.0,1.0,0.9784685180279088,5.234923429959604,0.6056089595512026,8.09705001404291,A,S,0
VAR_003072,,,,,,,6.15691716607083e-07,2.688515617080198e-05,5.227282367022335e-07,1.0496235527740087e-06,9.626053613075157e-07,3.918783339512637e-06,5.957882751012769e-09,6.201409184385557e-05,5.466781241394927e-09,,,,,,,,,,,2.6883013074440297e-05,gnomADe_AFR,,,,,,,,,,,,,0.7072051031401694,0.0003105599823997,1.0,1.0,0.000323279637636,1.0,0.1,0.0001190893360264,1.0,0.0,1.0073725798988833e-06,1.0,0.0,0.0012242852402032,0.0,1.0,1.3549893346334021e-07,1.0,0.0625938748395584,9.183223762613742e-12,0.0,0.0002646801143871,1.626788147172971e-06,1.0,0.0,4.201549558980822e-07,0.0,0.0915136548267835,3.498856841415191e-07,1.0,5.041571390032096e-09,2.6629808289780318e-17,1.0,1.0,6.672076810089731e-05,1.0,1.0,0.0004140525827662,1.0,1.0,1.3147902973551625e-05,1.0,1.0,1.125903483659916e-05,1.0,0.0035363445908425,5.807437154223815e-06,1.0,1.0,4.017311464716432e-06,1.0,0.0,9.136465852682074e-05,1.0,0.0,9.954968704922348e-05,1.0,AllofUs_AFR,0.0999888787979479,6.139100957353639e-26,0.0,C/C,C/C,5.803683709178946,5.607499290826166,3.5828835480468992,0.0,7.058700000081457e-06,1.0,0.0,1.0656624209425409e-06,1.0,0.0991204050048818,0.0004537572256878,1.0,0.0,6.747296146205944e-10,1.0,0.0,5.705612188451328e-06,1.0,0.0,8.550874323043872e-05,1.0,0.0439301285216632,3.996718136568823e-06,1.0,0.0,5.071904294371382e-07,1.0,0.129904823527127,8.560911731974456e-06,1.0,0.0947635463884019,8.922470038918815e-06,1.0,0.0999908192648369,9.438380098481333e-08,1.0,1.0,2.4856594348552824e-07,1.0,0.0,9.77075394381249e-06,1.0,1.0,7.203897215378728e-07,1.0,0.0999999999483921,1.26877913572678e-10,1.0,1.0,4.48516729536928e-16,1.0,4.884281257552131e-17,2.166239264271319e-13,1.0,0.0999999985881906,2.934434450399143e-07,1.0,0.0,5.126262007893365e-05,1.0,1.0,6.965100012727753e-06,1.0,0.0,9.144564659671626e-06,1.0,4.6544124080282355e-08,0.0001006723272228,1.0,0.3378855160627566,3.136538746139852e-06,1.0,2.675756154379809e-06,3.9797713518198905e-13,1.0,0.3648642653731967,1.7081280134963082e-08,1.0,0.1045161605612967,5.517000008882549e-07,1.0,1.0,2.839052189450766e-09,1.0,1.0,0.0004941234649467,1.0,1.0,1.3600856766445808e-05,C/C,0.0003232936391795,1.0,1.4470656311155439e-11,0.1693533877597539,1.515212357527295e-13,1.0,0.0,0.0422094389529074,1.7467029511749874e-08,1.0,0.0,1.0,1.0393424706710076e-05,2.0179451555793644e-06,1.0,0.0,0.0999999998460133,1.0466310691705567e-05,1.0,0.0,0.0100617279828962,2.643030603522668e-06,1.0,0.0,0.0,9.5212115502072e-13,1.0,0.0,,,,,5.158406162190949e-10,2.1852197408283155e-06,1.0,0.0,0.0,,1.0,1.4928019924890427e-05,0.0,0.0002500671494594,1.0,0.0,0.0267435162936747,3.86650055074571e-05,1.0,0.0,1.0,0.3275184993154009,2.8724365709936824e-10,1.0,0.0,0.0,3.4672766442799014e-08,1.0,2.7462986221572794e-13,0.0999976674063156,6.2363043224645485e-09,1.0,0.0,0.0,9.899437753859216e-15,1.0,0.0,,,,,0.1439304530346616,7.992767020567786e-10,1.0,0.0,6.530831371085579e-08,0.0,4.324140000000011e-06,0.0,8.68482681954554e-10,1.0,0.0,0.3700677987974783,3.338484313043641e-05,1.0,0.0,1.0,0.099881069411216,1.864605992869118e-08,1.0,0.0,0.0,1.3223030804208493e-07,1.0,1.6475018792464425e-20,0.1,6.146824357053843e-08,1.0,0.0,0.0,1.6092567850359221e-09,1.0,0.0,,,,,0.6569615711131344,5.615887572917919e-06,1.0,0.0,0.0351654845108681,1.0,6.559633075851877e-07,1.0,1.2002276082461391e-05,1.0,0.0033285155723364,2.447205256634159e-14,4.675043471242223e-11,1.0,0.0,0.0,5.0479986226443247e-11,1.0,0.0,1.0,1.0,1.4534085243350137e-13,1.0,2.4637392369415443e-06,1.0,0.0003519049587985,1.0,0.0966973579862885,0.091214466048261,4.807458677105529e-21,1.0,0.0,1.0,2.3013545810241396e-09,1.0,0.0,1.0,0.0001196759121126,1.0,0.0999999979633651,0.0,1.9568218824277826e-07,1.0,4.413318795222568e-21,0.003634213479512,1.0,1.0,0.9757323913153644,7.246566401148965,0.5487764617195808,8.161001152268582,A,T,0
VAR_002656,,,,,,,3.339684878594272e-06,2.995297031978277e-06,3.036289219050016e-07,6.813369819721371e-08,0.0030341268351551,3.3754224034343617e-17,9.953354605832216e-05,3.133908464385374e-07,3.3599736479998794e-05,,,,,,,,,,,3.20316804180279e-05,gnomADe_EAS,,,,,,,,,,,,,,,,,,,,,,,,,,,,,,,,,,,,,,,,,,,,,,,,,,,,,,,,,,,,,,,,,,,,,,,,,,C/C,C/C,5.30331306805068,3.2796848856917657,,,,,,,,,,,,,,,,,,,,,,,,,,,,,,,,,,,,,,,,,,,,,,,,,,,,,,,,,,,,,,,,,,,,,,,,,,,,,,,,,,,,,,,,C/C,2.006100022702659e-05,,,,,,,,,,,,,,,,,,,,,,,,,,,,,,,,,,,,,,,,,,,,,,,,,,,,,,,,,,,,,,,,,,,,,,,,,,,,,,,,,,,,,,,,,,,,,,,,,,,,,,,,,,,,,,1.0,6.95898467706812e-07,1.0,4.154171857164328e-05,1.0,0.0934598983438217,0.0986698549585094,3.926081418748332e-08,1.0,0.0,0.0,3.5161670479678366e-11,1.0,0.0,1.0,1.0,4.5561763925883575e-18,1.0,0.0590818085309227,0.0,2.275438838480928e-05,1.0,0.0763968416688635,0.0998413939293945,8.09552210477758e-10,1.0,0.0,1.0,7.746642846712411e-09,1.0,0.0,1.0,3.845569943119157e-05,1.0,1.3482199258236583e-10,0.946176259086676,3.1174641380706967e-06,1.0,0.0994106611985333,0.0999999999999999,0.0036658181321222,0.3057274820795964,1.0,0.3540396253066009,0.5294606350620115,3.695974400038071,A,T,1
VAR_003223,,,,,,,6.6280368840040025e-06,4.049546138568793e-12,2.1296951947200582e-05,1.2732112199682148e-05,1.1183934468868704e-09,1.1659444577728304e-10,9.747689754105305e-06,2.3600947484142743e-05,1.7019972266458327e-11,6.777488736162838e-05,2.170829183079869e-05,6.178131349514478e-10,4.748255930615574e-09,0.0001601676189068,0.000272828595049,3.065088156144326e-05,9.096777680081121e-09,2.398545528817918e-12,3.1878170385275064e-08,2.171061842000427e-05,gnomADg_AFR,,,,,,,,,,,,,,,,,,,,,,,,,,,,,,,,,,,,,,,,,,,,,,,,,,,,,,,,,,,,,,,,,,,,,,,,,,,,,,,,,,,,,,,,,,,,,,,,,,,,,,,,,,,,,,,,,,,,,,,,,,,,,,,,,,,,,,,,,,,,,,,,,,,,,,,,,,,,,,,,,,,,,,,,,,,,,,,,,,,,,,,,,,,,,,,,,,,,,,,,,,,,,,,,,,,,,,,,,,,,,,,,,,,,,,,,,,,,,,,,,,,,,,,,,,,,,,,,,,,,,,,,,,,,,,,,,,,,,,,,,,,,,,,,,,,,,,,,,,,,,,,,,,,,,,,,,,,,,,,,,,,,0
VAR_002688,,,,,,,1.3802512845576831e-05,6.22250839745198e-09,1.5325836253248686e-07,1.1018755309504489e-07,9.591833242364357e-08,1.380345557568188e-06,1.6237159362896472e-05,1.2772539684614133e-15,7.401495585996747e-12,,,,,,,,,,,1.6191002448366665e-06,gnomADe_NFE,,,,,,,,,,,,,,,,,,,,,,,,,,,,,,,,,,,,,,,,,,,,,,,,,,,,,,,,,,,,,,,,,,,,,,,,,,C/C,C/C,5.843391537942059,5.4426674563823285,,0.0,3.273689176281364e-06,1.0,1.0,6.921976133596312e-06,1.0,4.140572827586143e-05,3.3792430362020394e-06,1.0,0.0,6.752639026848114e-05,1.0,0.0,1.6813834622814378e-06,1.0,0.8224682824438941,7.473780739232134e-06,1.0,0.090385104930253,6.538706860165074e-10,1.0,1.0,1.427400023172891e-06,1.0,0.0874883966898359,0.0002000992636485,1.0,0.0999995565641566,1.8374355714797063e-09,1.0,1.2552449314069013e-07,2.3385450845915998e-06,1.0,0.0,3.026977732894189e-06,1.0,1.0,1.6804748261226763e-05,1.0,0.0,9.288382108433953e-08,1.0,0.028194803536025,7.005200125189705e-08,1.0,0.0,1.199992724302519e-05,1.0,1.0051503585718212e-08,3.412007560915608e-12,1.0,0.0999999992485504,1.2228100050691306e-05,1.0,0.1255924804298676,1.2148629095373035e-06,1.0,1.0,9.25920482002208e-05,1.0,0.0412660623568478,4.3609443455684483e-13,1.0,0.0999999920943712,3.380549840835248e-07,1.0,1.0,9.8402522373301e-06,1.0,0.0448524850404235,2.677089027905324e-05,1.0,0.0823126658005272,1.8803313607947285e-05,1.0,0.001141924640052,6.820446709048937e-09,1.0,0.0,3.4630187810827865e-11,1.0,1.0,1.9856026700092166e-11,1.0,,,C/C,2.1537e-06,,,,,,,,,,,,,,,,,,,,,,,,,,,,,,,,,,,,,,,,,,,,,,,,,,,,,,,,,,,,,,,,,,,,,,,,,,,,,,,,,,,,,,,,,,,,,,,,,,,,,,,,,,,,,,0.0,1.1153837470011775e-06,0.0,0.0002665645818095,1.0,0.0006079926546941,0.0001425775524796,2.4862154881954104e-10,1.0,0.0,0.0,6.586017790011685e-07,1.0,0.0,1.0,0.0,4.345458443435337e-19,1.0,3.2394557685072017e-07,1.0,1.7181167592192118e-07,1.0,3.5192292298366777e-06,0.0999999969612269,1.834466862287441e-15,1.0,0.0,1.0,1.8263708445465585e-05,1.0,0.0,0.0,5.0642311839205046e-05,1.0,0.0999999999999757,0.0,2.3417163585013545e-08,1.0,2.464922252503029e-11,0.0939035378240048,0.9898400328937768,0.9600691108226956,1.0,7.879052975237754,0.6356074476817541,7.809508422852276,G,D,1
VAR_003149,,,,,,,1.8468000000314768e-06,1.7954525173197013e-07,2.220968468827296e-05,5.243957782053101e-05,5.938665255546176e-08,2.110918769603628e-08,2.4282005626943498e-06,7.32100106334475e-07,1.6060236772965387e-08,,,,,,,,,,,2.907276563981176e-06,gnomADe_NFE,,,,,,,,,,,,,0.0,6.1831941838003895e-06,1.0,0.0,0.0002804353347865,1.0,0.0312680391805183,6.20294909835053e-22,1.0,1.0,4.729191193154378e-07,1.0,0.0,4.59267774995774e-05,1.0,1.0,1.3008140696005815e-06,1.0,0.0999999999997967,2.4305038591172587e-05,1.0,0.0999999653036123,6.96674522606405e-06,0.0,0.4419322997379208,1.029211072593259e-09,0.0,0.0004216447785893,8.270521348367436e-05,1.0,0.0999915726635432,8.888940240074558e-06,0.0,0.0,8.942329433890217e-11,0.0,1.0,8.40418535584214e-06,1.0,0.0,2.9709303938373766e-06,1.0,0.0,2.172969173802985e-07,1.0,0.0944337624655182,0.000150408115673,0.0,0.0,3.2658916752293346e-08,1.0,0.0,2.7545598560513883e-14,1.0,0.0,8.342112955209201e-06,1.0,AllofUs_AFR,0.1,3.1483741657267013e-06,1.0,A/A,A/A,6.17,6.0095117778795855,4.104131007930876,1.0,3.809797745324824e-20,1.0,1.0,1.9860565313342967e-06,1.0,0.0970523658130764,3.164519297291368e-07,1.0,0.0,1.2818650750766728e-06,1.0,1.0,1.5051241523548223e-05,1.0,0.0,3.065274349921316e-18,1.0,0.0885032803302608,5.5976789988178985e-08,1.0,0.0,2.1427870215973097e-06,1.0,0.084145458850033,2.306131862383824e-06,1.0,5.863404798910895e-13,0.0002911690347136,1.0,1.233455565760831e-09,2.187459760547454e-12,1.0,0.0,2.463319508808836e-06,1.0,0.0,5.0833711954826075e-11,1.0,0.0,7.488372835213007e-06,1.0,2.9829325212063008e-24,9.104786283991976e-06,1.0,1.0,2.324436443167874e-05,1.0,0.0999967442341341,5.524213464384108e-06,1.0,0.0003392996274408,3.541447231931714e-08,1.0,0.7225993450515128,2.697617877782969e-07,1.0,0.161817011724171,5.29978589493248e-28,1.0,1.0,2.188053562158844e-25,1.0,0.085377546520688,7.825275599592717e-12,1.0,0.0,5.578098056726892e-06,1.0,0.0926982983474345,1.701825014715367e-07,1.0,0.0,2.2539277776497417e-23,1.0,0.099997708375288,3.219410971766617e-06,1.0,0.6441463213790086,1.2097331464723612e-05,1.0,0.0,1.2788107800944718e-06,1.0,,,A/A,2.788811898173353e-05,0.012786800676782,5.3074646696126295e-08,0.0,4.566680003071125e-13,1.0,0.0,1.028969065649494e-06,1.7820153888878527e-05,1.0,0.0,1.0,0.0999999005576946,4.5719975633046446e-05,1.0,0.0,0.0999999803926522,9.152465218670574e-13,1.0,0.0,0.0749895428957396,4.579067311748638e-07,1.0,0.0,0.0,6.115920600259143e-07,1.0,0.0,,,,,1.607234050815722e-05,9.396446506931854e-11,1.0,0.0,0.0,,0.106903166669627,4.4685992595282575e-05,1.0,0.000144101934405,1.0,0.0,0.6464717997754645,6.901946447136432e-14,1.0,0.0,1.0,0.3415098637043476,3.823472931239292e-05,1.0,0.0,0.1581560537321648,1.5758785641102525e-07,1.0,0.0999999775052212,0.0388727619180947,2.456510321441448e-18,1.0,0.0,1.0,8.80508895036694e-06,1.0,0.0,0.0,8.772102000001075e-06,1.0,3.532204940909313e-12,0.0650713823066389,1.4771048916492652e-14,1.0,0.0,2.6710999376847204e-19,1.0,4.325615032031613e-06,1.0,8.506771231036161e-06,1.0,0.0,0.0,1.8221774709377402e-07,1.0,0.0,1.0,2.680099616309479e-10,1.3281307615616627e-10,1.0,0.0,0.0,5.2587013539434635e-11,1.0,0.0999999999999884,0.0016478365778618,2.9780124270401794e-11,1.0,0.0,0.0,1.0106345562073274e-05,1.0,0.0,1.0,6.837585345489119e-05,1.0,0.0999999999999921,0.0759329283878971,3.1619349871458044e-12,1.0,0.0,0.001337280186228,1.0,3.026948724593609e-06,0.0,0.0007685660720442,1.0,0.0834594825358914,0.0999999998861312,6.338520944461123e-07,1.0,0.0,0.0890366586181954,1.2155795958449992e-07,1.0,0.0,1.0,0.5144684083691787,1.1601087731114722e-05,1.0,0.0572694875272486,1.0,5.700504313779943e-11,1.0,0.0081452277331685,0.0994049649916508,1.4891886366713917e-12,1.0,0.0,1.0,2.28839460710709e-06,1.0,0.0,0.0,0.0002308706390365,1.0,0.0047018927307276,0.0,7.675731688778885e-05,1.0,0.0999258548543813,0.0006413923525939,1.0,0.988385397410588,1.0,8.087418142371048,0.7430038228641629,11.614366022671872,S,P,1
VAR_002548,,,,,,,3.6536061035195034e-06,1.9297300119959395e-10,2.934872056116085e-07,2.733184987366229e-09,0.0003630340686871,1.7566510762825914e-09,2.239264300071502e-06,2.426508249989981e-09,1.0431040714700028e-05,,,,,,,,,,,0.0026724240149992,gnomADe_SAS,,,,,,,,,,,,,,,,,,,,,,,,,,,,,,,,,,,,,,,,,,,,,,,,,,,,,,,,,,,,,,,,,,,,,,,,,,T/T,T/T,5.26615882654644,5.602488211156148,,,,,,,,,,,,,,,,,,,,,,,,,,,,,,,,,,,,,,,,,,,,,,,,,,,,,,,,,,,,,,,,,,,,,,,,,,,,,,,,,,,,,,,,T/T,5.129124602261566e-05,1.0,1.668267445310677e-07,0.0,8.2038792385498e-06,1.0,0.0,0.0971227537505911,1.04973716133575e-07,1.0,0.0,1.0,4.3937518960260627e-10,2.8141161809525176e-15,1.0,0.0,5.160298645164834e-09,0.0008553917907482,1.0,0.0,8.375014631637683e-10,1.751342720954497e-16,1.0,0.0,0.0,5.024978641582381e-18,1.0,0.0,,,,,0.0088969985209328,4.684252342690102e-16,1.0,0.0,0.0,,1.0,3.80253625548965e-06,0.0,3.321001944931039e-11,1.0,0.0,0.0,2.2380571543902357e-06,1.0,0.0,1.0,0.0005922711474007,3.25100052018036e-06,1.0,0.0,1.0,1.4228408569176865e-05,1.0,0.0999506352913363,0.0002971810812984,1.207060103483154e-11,1.0,0.0,0.0,4.547064132175086e-09,1.0,0.0,0.0,3.501803879718527e-05,1.0,4.961229402386957e-06,1.0,2.94966e-05,1.0,0.0,1.621824075381513e-20,0.0,4.326937920830007e-06,0.0,5.125854501484224e-16,1.0,0.0,0.1709164015811,9.710121883661491e-07,1.0,0.0,1.0,1.1713867351678668e-14,0.000316593886193,1.0,0.0,1.0,1.2727031890619098e-05,1.0,0.0941896380451152,0.0049779397410483,1.7861565295822566e-14,1.0,0.0,0.0,4.4374173651992775e-08,1.0,0.0,1.0,2.94175129803758e-05,1.0,0.0956501542874527,1.0,3.0143915589695124e-05,1.0,0.0,0.0999999999635965,1.0,9.949667539461455e-07,0.139069255427648,8.95009925766314e-10,1.0,0.0005177204381301,0.0999999999952029,2.422715330860845e-10,1.0,0.0,0.5026229073209386,6.191319319067911e-06,1.0,0.0,1.0,0.0,7.866523245147439e-08,1.0,2.565284764986623e-07,1.0,7.150165735763722e-06,1.0,0.0791762491571718,0.0818678774773742,1.637638408146051e-07,1.0,0.0,0.0,1.909088613861889e-05,1.0,0.0,0.0,9.88233232034302e-06,1.0,0.0969220956967376,0.4296212189565384,9.884580843963094e-06,1.0,0.0945495480998997,9.851195952986053e-08,0.9880469348322676,0.9861654770393936,0.999226174407526,4.234852407035935,0.6313452104503524,7.8038190481208,Q,R,0
VAR_002722,,,,,,,8.377200000000028e-05,2.314494273817057e-05,6.039000118339115e-05,5.907751072562288e-06,8.121576663514655e-13,1.6848000652946012e-05,8.827200151388362e-05,4.473000000000003e-05,0.0002087100000014,0.0001358810791847,0.0001086406783301,3.243482270379961e-05,1.751566193785039e-05,1.444340263910984e-06,5.954511927836245e-06,1.3519374936024997e-06,1.3243372755924013e-05,2.786375218517677e-05,3.900920834446924e-06,0.0002087366378482,gnomADe_SAS,,,,,,,,,,,,,1.0,0.00150697389618,1.0,1.0,0.0004823448777315,1.0,0.9999999227985632,0.0007426162807076,1.0,0.0,6.202085039269243e-07,1.0,0.5790842322327064,3.2866081286490887e-12,1.0,1.0,4.684458489210167e-05,1.0,4.56187396961401e-09,4.7852686227200274e-08,1.0,0.0380980787374602,4.178491663480612e-05,1.0,0.0,3.431873998969847e-07,1.0,0.0758781594095873,0.0001452328080844,1.0,0.0999999997831297,7.606443076223554e-10,1.0,1.0,0.0001137113179426,1.0,1.0,2.50290068307276e-05,1.0,1.0,6.869459238475551e-05,1.0,0.1856297529992966,8.291449512382475e-07,0.0,0.9080377173811496,0.0007134602858514,1.0,1.0,6.468743531744406e-05,1.0,0.0,6.016601998486223e-05,1.0,0.0,0.0004543191040948,0.0,AllofUs_SAS,1.0,0.0003869167884058,1.0,C/C,C/C,5.361160086723364,4.707594806033128,3.8274016003385793,0.0,1.2108953130973473e-05,1.0,1.0,7.698033108267438e-05,1.0,0.042038081667541,1.4489043124232268e-12,1.0,1.0,2.91780386629374e-05,1.0,1.0,9.812661963637489e-05,1.0,1.0,5.542109287300965e-05,1.0,0.87552,2.92085845939501e-05,1.0,1.0,9.422252111349504e-05,1.0,0.1322866904178322,1.77828261327811e-05,1.0,0.5160537920367859,8.42389440066034e-05,1.0,0.1434913458901229,2.6017862510443965e-05,1.0,1.0,0.00010386,1.0,1.0,5.672700028596036e-06,1.0,0.9133356170099068,7.9927780304387e-09,1.0,1.0,0.0001279097899701,1.0,1.0,7.760696846063779e-05,1.0,0.2426400002483408,5.024784204269841e-05,1.0,0.2290355433840671,2.40300000058678e-05,1.0,0.2987432668030053,6.930173635391525e-07,1.0,1.0,1.5209519954780096e-05,1.0,1.0,6.091827731825272e-05,1.0,1.0,6.62878615935356e-05,1.0,1.0,0.0001272269067196,1.0,0.3830765948598026,4.938893505863327e-05,1.0,0.7694310358895877,2.0149169429585213e-05,1.0,0.1533850727069148,6.507999750974733e-06,1.0,0.0,5.167395540919683e-05,1.0,1.0,7.864212873695248e-06,1.0,1.0,5.112915589776761e-05,C/C,0.0007440604963195,1.0,6.742526595712453e-05,0.7126013572466023,0.0003703358326424,1.0,0.0,0.999997511655376,5.735811672456312e-05,1.0,0.0,1.0,0.0998602984056339,7.531047339663827e-15,1.0,0.0,0.0808887784674786,6.552001188450371e-19,1.0,0.0,3.437231223798181e-05,1.7862611017920275e-24,1.0,0.0,1.0,2.1077108299660924e-05,1.0,0.0,0.3704628165571035,0.0002512571951183,1.0,0.0,1.0,0.0002294936139706,1.0,0.0,0.0,,1.0,6.480228699746844e-05,1.0,0.0005224514893578,1.0,0.0,1.0,7.348762819215098e-05,1.0,0.0,1.0,0.3393115156566273,2.3215362778380826e-12,1.0,0.0,1.0,0.000952389217672,1.0,0.099990532627235,3.313360840527138e-05,1.0097487101613257e-13,1.0,0.0,1.0,4.818691292643658e-05,1.0,0.0,1.0,0.0006069808594882,1.0,2.70909642458777e-17,1.0,0.0002358954000001,1.0,0.0,2.4577002455596752e-18,1.0,9.66472130175184e-05,0.0,0.0001665620661315,1.0,0.0,1.0,8.235151220473503e-05,1.0,0.0,1.0,0.0105723167984821,1.7129329015486164e-26,1.0,0.0,0.0,8.546717956849294e-05,1.0,0.0055182602517184,0.0999999999999944,1.251628252529045e-18,1.0,0.0,1.0,4.0211870573081376e-05,1.0,0.0,1.0,0.0005093107626287,1.0,2.345564107167597e-05,1.0,0.0003885889013705,1.0,0.0,0.0895778684611341,1.0,7.921971e-05,1.0,6.012743986648206e-05,1.0,0.0579957990707435,0.0014844653399134,0.0003319299134186,1.0,0.0,1.0,4.501814832494818e-05,1.0,0.0,1.0,0.505333213218268,2.0210971404536546e-06,1.0,1.05446829571349e-08,0.0,6.881673203136892e-13,1.0,0.0996211836998182,0.9999891809935014,8.858261746688337e-05,1.0,0.0,1.0,0.0001007519127658,1.0,0.0,1.0,0.0001976924587821,1.0,0.0437912708477881,1.0,0.000310903304284,1.0,0.0013168666570467,0.0944570743963924,0.999910018164459,0.6567703113964981,0.9655189066408202,5.6664597501200005,0.5377940151009454,7.7087850415558705,A,T,1
VAR_002660,,,,,,,,,,,,,,,,,,,,,,,,,,,,,,,,,,,,,,,,,,,,,,,,,,,,,,,,,,,,,,,,,,,,,,,,,,,,,,,,,,,,,,,,,,,,,,,,,,,,,G/G,G/G,5.192016518487056,-0.4723708808066786,,,,,,,,,,,,,,,,,,,,,,,,,,,,,,,,,,,,,,,,,,,,,,,,,,,,,,,,,,,,,,,,,,,,,,,,,,,,,,,,,,,,,,,,G/G,,,,,,,,,,,,,,,,,,,,,,,,,,,,,,,,,,,,,,,,,,,,,,,,,,,,,,,,,,,,,,,,,,,,,,,,,,,,,,,,,,,,,,,,,,,,,,,,,,,,,,,,,,,,,,,,,,,,,,,,,,,,,,,,,,,,,,,,,,,,,,,,,,,,,,,1.0,0.1432804662563334,0.0,2.509032931504568,0.6390648155237031,0.5916630272739414,L,V,1
VAR_002687,,,,,,,1.8477247640146972e-06,0.0001078984467386,1.2090241731862142e-05,3.5272173870439178e-06,3.557145835653669e-06,4.662101417774402e-10,2.553278704847693e-06,3.75795199234884e-10,1.8787649038754745e-15,,,,,,,,,,,0.000448991609867,gnomADe_NFE,,,,,,,,,,,,,,,,,,,,,,,,,,,,,,,,,,,,,,,,,,,,,,,,,,,,,,,,,,,,,,,,,,,,,,,,,,C/C,C/C,5.776824511248361,6.141765131146349,,1.0,6.314612799958047e-05,1.0,0.981835511164987,1.6519864756655887e-06,1.0,0.0999999949150516,3.6947858373624208e-06,1.0,0.0,5.7910468052157666e-08,1.0,1.0,3.92114171146254e-06,1.0,0.5443187637166809,9.291654855364575e-06,1.0,0.0753954121074841,1.3857197594028934e-08,1.0,1.0,3.0400951246937204e-06,1.0,1.7110980537934805e-12,0.0001004283829086,1.0,0.0998380607892276,1.1567433849397012e-11,1.0,0.0998304270090861,6.88732680360056e-05,1.0,1.0,2.997171624636997e-06,1.0,1.0,4.929797915255471e-05,1.0,0.0,6.786074485938026e-07,1.0,0.0024282568125659,1.285994662155662e-11,1.0,0.795436140725043,2.685398401653537e-05,1.0,6.5380643259493e-08,2.731259513322879e-12,1.0,0.0570175297774266,3.693299359764199e-07,1.0,0.3152366848880635,1.5094654259768095e-16,1.0,1.0,8.722417749542911e-11,1.0,0.5251329042669196,1.674448185257532e-08,1.0,0.0972554721411522,3.969585426234845e-11,1.0,1.0,7.9133247094303e-09,1.0,0.0997105116579756,2.027082383361753e-09,1.0,0.0,3.823741077058106e-13,1.0,1.707835958180372e-11,4.286882745076539e-07,1.0,1.0,8.672418048667933e-13,1.0,0.0,9.096006149183264e-08,1.0,,,C/C,4.377600000004421e-06,,,,,,,,,,,,,,,,,,,,,,,,,,,,,,,,,,,,,,,,,,,,,,,,,,,,,,,,,,,,,,,,,,,,,,,,,,,,,,,,,,,,,,,,,,,,,,,,,,,,,,,,,,,,,,0.0,1.5404294687727552e-05,1.0,1.952495707766479e-11,1.0,0.0982934527484386,0.0999846100732446,1.4480744663977504e-11,1.0,0.0,1.0,1.5262789070213606e-06,1.0,0.0,1.0,0.0,1.1669897266731136e-11,1.0,6.4494973219976525e-09,0.0,4.892980830815719e-07,1.0,3.885206460577988e-08,0.0006082274267441,7.529989984384564e-07,1.0,0.0,0.0,2.292845263938218e-06,1.0,0.0,1.0,2.6731195260288323e-06,1.0,8.444401136017548e-06,1.0,5.9586658663231846e-08,1.0,2.544958906550325e-10,0.0999999815109425,1.0,0.964865172574937,0.9900204004821672,7.848468317474683,0.6077522374470495,7.37390332947727,A,T,1
VAR_002876,,,,,,,1.2312000000000006e-06,0.0001446466442548,1.1430128316924498e-06,1.7229478092143583e-05,1.526763873677075e-09,9.271799468344811e-09,2.8836214560778124e-05,3.1976328669655905e-13,2.7062906831730467e-06,,,,,,,,,,,1.619163016961043e-06,gnomADe_NFE,,,,,,,,,,,,,,,,,,,,,,,,,,,,,,,,,,,,,,,,,,,,,,,,,,,,,,,,,,,,,,,,,,,,,,,,,,G/G,G/G,5.888597215333308,4.325395261935033,3.831855390018558,0.0,0.0012026803894019,1.0,0.0,3.187989414212273e-06,1.0,0.0799203703923665,4.229792820115158e-08,1.0,0.0,2.3487294392654254e-08,1.0,1.0,1.4175000000000076e-06,1.0,0.0,5.357855371284688e-07,1.0,0.0999896481423572,4.6338090471577403e-10,1.0,1.0,1.4330382184051825e-06,1.0,0.0183498691336969,8.63771063701027e-06,1.0,5.049940494582969e-07,8.3903906605443385e-22,1.0,0.0950471060097293,1.4317773486553945e-06,1.0,1.0,2.686074010289003e-05,1.0,0.923881635944393,4.55194609354902e-05,1.0,0.4830435590801529,4.802297694305298e-10,1.0,0.0150664937861423,4.975836927723578e-06,1.0,0.5602130861360328,2.328590754356798e-06,1.0,0.1486137877556002,7.824192808040011e-06,1.0,0.0999999996511592,1.1127084529306209e-13,1.0,0.0,6.949174921699269e-09,1.0,0.0,1.0316360966544437e-18,1.0,0.0,1.1204139844650405e-05,1.0,2.9913003408591424e-08,5.573676035149106e-07,1.0,0.0,8.085558112374182e-09,1.0,0.0801040897723849,2.965565181210561e-07,1.0,0.2625441942618853,3.080517818234784e-06,1.0,0.0881651359579656,1.2266773462517184e-14,1.0,0.0,2.7612000000000003e-06,1.0,1.0,0.0004084944700511,1.0,,,G/G,7.823700000000045e-06,,,,,,,,,,,,,,,,,,,,,,,,,,,,,,,,,,,,,,,,,,,,,,,,,,,,,,,,,,,,,,,,,,,,,,,,,,,,,,,,,,,,,,,,,,,,,,,,,,,,,,,,,,,,,,1.0,1.2004468828767358e-06,1.0,1.0656172643511816e-14,1.0,6.548934627271741e-09,0.0999999999992357,0.0003101047863276,1.0,0.0,0.0,1.7868509120093353e-17,1.0,0.0,1.0,0.4275638079038939,3.603318188555003e-11,1.0,0.014488905971746,1.0,0.0005883194727661,1.0,0.0896290136178296,0.0046194723717806,6.538700747974126e-11,1.0,0.0,1.0,1.5262695638211069e-06,1.0,0.0,1.0,1.607084393741022e-06,1.0,7.448669402859879e-13,0.8770632396043312,8.637371332081387e-08,1.0,0.0008223674616287,2.849304732233233e-06,1.0,0.9516590219137684,0.9926966464297644,3.373957946998663,0.6504211059611701,10.134464313524395,L,F,1
VAR_002790,,,,,,,0.0001502208820875,2.70171402017454e-05,2.0124000068092558e-05,4.036310765135285e-07,0.0036915409722053,3.370282364520053e-05,0.0001694885047144,4.471479340062872e-05,5.411764338167417e-09,0.0002868816039496,4.344300000159897e-05,2.3076316645167273e-09,6.985357448422184e-05,1.0857965034177725e-15,1.3762357319491414e-07,3.063252446974965e-11,0.0001985299748076,5.379489930823024e-14,2.272680172945491e-12,0.0006254237634303,gnomADe_MID,,,,,,,,,,,,,0.0,3.766320725520337e-05,1.0,0.0,6.910460347967131e-05,1.0,0.0999999767106532,0.0010030906934159,1.0,1.0,0.0015535921430659,1.0,1.0,1.3614148527901387e-08,1.0,1.0,0.0001863797083886,1.0,0.0851114027582231,8.737690906978733e-06,1.0,0.0909780387417561,1.0524979440397124e-10,1.0,1.0,7.461769100367645e-05,1.0,0.0191045385228747,2.5991372635162225e-06,1.0,0.0002619152006195,1.3190695827308797e-07,1.0,1.0,0.0001611612830001,1.0,1.0,2.503588086391269e-05,1.0,1.0,0.0001724016227269,1.0,1.0,0.0001012500011111,1.0,0.0998867967187019,9.301593536731424e-07,0.0,1.0,0.0002768400000026,1.0,0.0,3.007800000000002e-05,1.0,1.0,0.0002768582556136,1.0,AllofUs_EUR,0.99999999319412,0.0001935000513346,1.0,G/G,G/G,5.750304273666202,5.873761050855226,,1.0,5.265569747418048e-05,1.0,1.0,0.0001217177798479,1.0,0.013324255361276,0.0001332340396837,1.0,1.0,3.223153427139323e-05,1.0,1.0,0.0001250334278439,1.0,1.0,0.0002599200143768,1.0,0.6906699999999913,1.9683000000105216e-05,1.0,1.0,0.0001368393965562,1.0,0.1633149949204525,1.812980264122574e-05,1.0,0.5829659994778581,2.582748882086621e-05,1.0,0.2177946325737872,0.0001346905246085,1.0,1.0,0.0001194422517604,1.0,1.0,6.335100769787437e-05,1.0,1.0,4.486453527760672e-05,1.0,0.0010917002396602,1.1332071339810023e-07,1.0,1.0,0.0001346400000007,1.0,1.0,0.0003019411623856,1.0,1.0,0.0005721703435087,1.0,1.0,4.279184926542185e-05,1.0,1.0,0.0002323151426846,1.0,1.0,0.0002535229697745,1.0,0.9288362156880272,0.0001044899499192,1.0,1.0,3.1122000654843595e-05,1.0,0.1079100999987703,3.62127868334331e-05,1.0,1.0,0.0001211400002907,1.0,0.5228913993035501,6.0230683064196654e-05,1.0,1.0,0.0002244009642564,1.0,1.0,5.299617580581188e-05,1.0,1.0,0.0003512554780085,G/G,0.0006128862862775,1.0,9.048870007980349e-05,1.0,9.578163735365398e-05,1.0,0.0,0.0999505825284265,1.0549717994869083e-07,1.0,0.0,1.0,0.099209865685058,2.595726250544847e-07,1.0,0.0,2.118964057622025e-11,9.982269901084475e-10,1.0,0.0,0.9000000360364037,0.0001078363569249,1.0,0.0,1.0,0.0002104513825017,1.0,0.0,1.0,0.0004307236041967,1.0,0.0,2.3027382507690168e-12,2.1870572416423108e-11,1.0,0.0,0.0,,1.0,9.588609452515624e-05,0.0,1.3422047023732872e-06,1.0,0.0,0.0,7.297599810776747e-12,1.0,0.0,1.0,0.0,4.439352040793925e-06,1.0,0.0,1.0,1.0366496984518626e-05,1.0,0.1,1.0,8.321477382851692e-05,1.0,0.0,1.0,0.0002609225135493,1.0,0.0,1.0,0.0002509531591824,1.0,0.0719678807278551,1.0,1.4982494399550066e-07,1.0,0.0,0.099999525004943,1.0,8.38554277147984e-05,1.0,3.7670694216440096e-06,1.0,0.0,0.1182718684707481,2.5789699058535e-07,1.0,0.0,1.0,2.2817597833206924e-13,7.831881278742703e-07,1.0,0.0,1.0,5.70276946371451e-16,1.0,0.0999998689029861,1.0,0.0001075653,1.0,0.0,1.0,0.000170949600015,1.0,0.0,1.0,0.0001720553200424,1.0,9.192429962621382e-08,0.4828651211052209,2.7184282820265894e-05,1.0,0.0,0.0999999999998549,1.0,0.0001175100683623,0.0,0.0001677645748474,1.0,0.0524113529673996,0.0999999993553702,9.85347253766536e-13,1.0,0.0,1.0,9.034549734085368e-05,1.0,0.0,1.0,1.0,0.0008746288802432,1.0,8.068612680843854e-07,0.0,3.957931300521087e-05,1.0,0.0935139351743283,1.0,2.8107463768807683e-05,1.0,0.0,1.0,0.0001434877481361,1.0,0.0,1.0,0.000617089210817,0.0,0.0882703144378544,0.6076087251894036,3.5014010177546816e-06,1.0,0.0999999987949989,7.071554715283632e-07,0.9813892567265308,0.6517963765132415,1.0,10.003,0.6707529853955814,11.927,P,L,1
VAR_002933,,,,,,,2.462400000396879e-06,1.6575636260742643e-20,8.972458354369038e-14,1.0459623922926956e-06,0.0001028664751987,2.6065618247587516e-05,1.6485307513499784e-06,6.976632167658131e-07,2.597766601836785e-05,,,,,,,,,,,9.195504746168912e-05,gnomADe_SAS,,,,,,,,,,,,,,,,,,,,,,,,,,,,,,,,,,,,,,,,,,,,,,,,,,,,,,,,,,,,,,,,,,,,,,,,,,A/A,A/A,5.795386130383752,5.683235662086569,2.915245932613871,0.0,1.2523021280682828e-05,1.0,0.8911280128964183,1.642500003755008e-06,1.0,0.0013861087865851,9.860841993284567e-06,1.0,1.0,1.711111099160982e-13,1.0,0.0,1.6614808187723392e-06,1.0,1.0,8.1783e-07,1.0,6.418218530020822e-09,7.455987177896407e-12,1.0,0.0,1.489493692438455e-06,1.0,1.4170848418014855e-09,4.402745546314641e-05,1.0,0.0016210635865362,9.046826008957912e-12,1.0,0.0999857727495745,3.1667750374115385e-11,1.0,0.0,3.067739836327385e-06,1.0,0.0,1.86771200896019e-09,1.0,0.0,8.221991889680065e-12,1.0,0.5060671838397112,2.773804433625458e-05,1.0,0.0,1.5929182705819312e-07,1.0,0.0001212680571571,9.693387795489088e-13,1.0,4.438578040804951e-09,1.2654900042142714e-08,1.0,0.7760590555402506,2.7685694837646035e-24,1.0,0.8223611738099285,0.0003398836496861,1.0,0.0,5.422594908728557e-07,1.0,0.200174229351098,1.125961329805691e-05,1.0,0.9349308481123773,1.1062532927043592e-05,1.0,2.5025826527722655e-07,2.6598592537567266e-06,1.0,0.0,1.972075717949096e-07,1.0,6.643191919455117e-15,4.999124175729111e-08,1.0,0.0735524507542746,1.5153218515958568e-05,1.0,0.0,2.217982033895168e-06,1.0,,,A/A,6.756968955488219e-05,0.9628145124967464,8.354133484445592e-06,0.6762998994421237,0.001078182438258,1.0,0.0,2.8038035533999247e-06,1.025774797589276e-11,1.0,0.0,1.0,0.095348766039689,1.112793175922482e-06,1.0,0.0,1.1442646999925815e-10,4.731717420720644e-08,1.0,0.0,0.0439902434281273,1.2730718607058707e-05,1.0,0.0,0.2651450488338372,3.9993588684176505e-09,1.0,0.0,0.0,5.737180583287434e-05,1.0,0.0,0.9000688392220597,5.740029409113547e-05,1.0,0.0,0.0,,1.0,7.443107370897915e-06,0.0,1.1404073568908432e-08,1.0,0.0,0.5267390094129937,7.58116025547147e-10,1.0,0.0,1.0,0.8408152496524084,6.180986843604227e-05,1.0,0.0,0.1745467207600667,2.490352421263967e-06,1.0,3.0875332306854386e-07,0.0999998298695317,6.215310981391214e-07,1.0,0.0,0.3044160249246816,3.3860559260773117e-10,1.0,0.0,0.3748568972357234,0.0015408416618679,1.0,0.0999983267709583,1.0,5.7630282018619126e-05,1.0,0.0,0.0084583213970311,0.0,4.324725872270161e-06,0.0,0.0001161164058029,1.0,0.0,0.0,3.55729833800783e-05,1.0,0.0,1.0,0.0972160432348908,9.967658254633264e-18,1.0,0.0,0.1892943156185041,1.0518550878545593e-13,1.0,0.0980474187032031,0.089678980646305,1.4074832133635278e-06,1.0,0.0,1.0,1.0647106479601809e-08,1.0,0.0,0.0,3.16348191163206e-05,1.0,0.0994275044675668,0.0,2.9416478997167977e-05,1.0,0.0,0.0999999989800048,0.0,2.2302831891088814e-06,1.0,0.0001809022803152,1.0,0.0767247358803164,3.3475589049758776e-06,1.6375217110777993e-12,1.0,0.0,0.1064570054048877,5.742351369426913e-11,1.0,0.0,1.0,0.6619711078023943,1.7865021412530252e-09,1.0,1.4267685523815546e-11,0.0,5.293969335214036e-06,1.0,0.0008898179236343,0.0219334832503683,7.132659810733805e-06,1.0,0.0,1.0,7.772395843776826e-06,1.0,0.0,0.0,0.0006869704682426,1.0,0.0999977672656882,1.0,1.9833931306243053e-05,1.0,0.09999999999998,0.0040960176367212,0.9978247834361236,0.9859423455469788,0.9986299112188682,4.614574964739036,0.756,11.927,I,N,0
VAR_002965,,,,,,,4.310100000019082e-06,3.726172114155058e-09,2.704449331795433e-16,0.0001789064619058,1.266617979215601e-12,8.272992188651933e-12,5.668001874793879e-06,4.550090570742598e-06,2.0208701090712506e-06,6.137471375767673e-06,0.0002478811209262,4.6313850734600117e-17,7.050150552416629e-06,4.806956037042022e-09,7.548344967278113e-09,4.44124108815061e-06,1.3230016382327556e-05,9.751859076862324e-06,2.426178907011671e-06,5.025573150453125e-05,gnomADg_NFE,,,,,,,,,,,,,1.0,0.0004220763455272,1.0,0.0,2.5797102710995e-07,1.0,0.0999999999997906,4.9118955845373444e-08,1.0,1.0,1.951746551692768e-05,1.0,1.0,0.0034214664652803,0.0,0.0,4.2474378115271935e-05,1.0,0.0009887847915343,1.1545583190895633e-05,1.0,0.0001871019231668,1.8425499832301983e-05,1.0,0.1753401611419229,9.232721926607956e-14,1.0,3.0647339206153045e-17,2.839766262030821e-08,1.0,7.918965275128595e-17,7.920620882063839e-14,1.0,0.0,2.037630085300915e-05,1.0,1.0,7.409538739217661e-05,1.0,1.0,2.5565814251492617e-05,1.0,1.0,4.375595558738535e-06,0.0,0.0999946394627555,1.4042931341036325e-06,1.0,1.0,1.568722297589645e-05,1.0,1.0,1.8403430617561647e-09,0.0,1.0,1.585680277321737e-05,1.0,AllofUs_EUR,0.1,2.0771082581063809e-07,0.0,A/A,A/A,5.717245539629871,5.7496910359733135,3.792862477002328,0.0,5.686890091980672e-06,1.0,1.0,3.961914993376553e-06,1.0,2.8277805280268738e-06,1.1056986061784167e-09,1.0,1.0,2.2824307006292823e-06,1.0,1.0,5.271624169781e-06,1.0,0.0,7.80041119765971e-06,1.0,1.191198109126182e-05,1.1864649002469732e-05,1.0,1.0,5.112222994945524e-06,1.0,9.110213805262212e-08,1.2920049380071784e-06,1.0,1.8730476098467391e-06,7.59918082939722e-05,1.0,0.0003401397427274,3.250280296069664e-08,1.0,0.0,8.13002364796272e-06,1.0,0.0,1.3486297373276138e-06,1.0,0.0,8.9217270478275e-16,1.0,0.0999995400350538,1.0023845332408788e-06,1.0,1.0,2.1960000000051803e-06,1.0,0.0004523649633018,3.302912498463016e-06,1.0,0.0763918744644068,1.1119655759662356e-05,1.0,0.0,5.659134057859855e-11,1.0,1.0,1.4560820516665742e-11,1.0,0.4869947256067494,2.8163497625882923e-06,1.0,0.0735640422372387,1.1318822364579508e-14,1.0,1.0,6.666659012001413e-12,1.0,0.0002112817818747,3.2899052312817767e-09,1.0,0.1169934641769994,1.5066772098448524e-12,1.0,0.0010295142034878,2.8441012656311965e-08,1.0,1.0,6.78383264454523e-07,1.0,1.0,7.463944150789253e-18,1.0,0.0,4.376930729831052e-06,A/A,3.765600004725232e-05,,,,,,,,,,,,,,,,,,,,,,,,,,,,,,,,,,,,,,,,,,,,,,,,,,,,,,,,,,,,,,,,,,,,,,,,,,,,,,,,,,,,,,,,,,,,,,,,,,,,,,,,,,,,,,1.0,4.472576737457023e-06,1.0,2.4857636713702576e-08,1.0,0.0915149110073862,0.0925156459763198,6.815554743159276e-07,1.0,0.0,0.6912861077365807,2.142205448215959e-06,1.0,0.0,1.0,0.0,3.651647075120584e-05,1.0,0.0983189418218195,0.0,8.217683055777382e-06,1.0,0.0999998140550667,0.0874460115526785,2.153379141787561e-08,1.0,0.0,1.0,8.294710774733841e-06,1.0,0.0,1.0,0.0001454003388459,1.0,7.29646899392432e-06,0.0,9.748915075492868e-08,1.0,0.0999029554461514,0.0999999999949889,1.0,0.2375910036549622,0.9808322621176,9.25019178789602,0.7186645377056783,11.488101510158003,V,A,1
VAR_003029,,,,,,,3.0789e-06,3.223673227551805e-06,2.352631862992677e-07,0.0001099891564215,0.0001587720700477,2.344163926204559e-18,1.3439680812659876e-14,5.38198563696689e-06,2.1081680655111053e-06,,,,,,,,,,,0.0001215217660724,gnomADe_EAS,,,,,,,,,,,,,0.0,8.945886805745452e-09,1.0,1.0,6.512809327375189e-07,1.0,0.000184027938829,3.387007646913466e-11,1.0,0.0,1.1571573095445979e-10,0.0,1.0,0.0003527308861544,0.0,1.0,8.093994980990491e-10,0.0,0.0009999070874975,0.0003201897892874,0.0,9.709620627517944e-05,3.532996451755998e-08,1.0,0.4153611719478541,2.710663051686777e-06,1.0,0.0153939589836381,3.2790893199706834e-05,0.0,5.979147860957394e-14,3.152860320613542e-05,1.0,1.0,3.252703419717122e-10,1.0,,,,,,,,,,,,,,,,,,,,,,,,,,G/G,G/G,5.767720631382489,3.914356554314484,-1.1038481373842013,,,,,,,,,,,,,,,,,,,,,,,,,,,,,,,,,,,,,,,,,,,,,,,,,,,,,,,,,,,,,,,,,,,,,,,,,,,,,,,,,,,,,1.0,3.400212228859952e-06,G/G,0.0001002602995524,,,,,,,,,,,,,,,,,,,,,,,,,,,,,,,,,,,,,,,,,,,,,,,,,,,,,,,,,,,,,,,,,,,,,,,,,,,,,,,,,,,,,,,,,,,,,,,,,,,,,,,,,,,,,,0.0,2.793191581463243e-06,0.0,5.120932220339252e-05,1.0,0.0999939953220939,0.0999912935365699,1.1009669834563598e-10,1.0,0.0,0.2919046685693124,3.689196994119984e-08,1.0,0.0,1.0,0.4533771317239743,1.7530990652163973e-13,1.0,0.0999936198156033,1.0,0.000373138550486,1.0,8.228334643723522e-12,0.0999991299427146,1.9117672217578463e-05,1.0,0.0,0.0,3.956076985603374e-05,1.0,0.0,0.0,0.0001151641345617,1.0,0.0999999999999955,0.0,7.410378082350234e-08,1.0,8.396044499874002e-14,1.8510599330924085e-11,0.8726246807738008,0.866200468279128,0.1118562070139846,1.8119649106365383,-0.1845888410646938,1.364138230883966,A,E,0
VAR_002575,,,,,,,,,,,,,,,,,,,,,,,,,,,,,,,,,,,,,,,,,,,,,,,,,,,,,,,,,,,,,,,,,,,,,,,,,,,,1.0,5.983133830564718e-12,0.0,0.0,6.604450870264298e-05,1.0,0.3024356492982538,7.435955491418136e-05,1.0,6.854753662886386e-08,0.0001697681118393,1.0,1.0,3.5046000208281466e-06,1.0,1.0,9.557005217704686e-06,1.0,1.0,5.228423122753689e-06,1.0,AllofUs_EUR,0.0926082052143929,5.617988921155985e-07,0.0,A/A,A/A,5.342104289846812,5.122138125631716,,1.0,6.84188846574058e-14,1.0,1.0,4.171174519631987e-06,1.0,1.600019882805069e-06,2.463876291183078e-06,1.0,0.0,0.0004139452867231,1.0,1.0,1.0753347330069184e-06,1.0,0.0,1.006400357044667e-06,1.0,0.0938657693497683,4.3847081553838854e-10,1.0,0.0,1.1215684504504287e-06,1.0,0.0490942429667175,3.5719290287021796e-10,1.0,6.385397628225704e-06,1.2043360580282912e-09,1.0,0.0998879089285991,2.66784671719273e-05,1.0,0.0,3.740284378848e-06,1.0,1.0,1.4133734219379315e-05,1.0,0.3168732032724946,1.9144601704026145e-27,1.0,0.0999971045320384,4.144840222370186e-11,1.0,0.0,1.5035135826272308e-10,1.0,3.873679510807609e-06,1.4145938575234774e-05,1.0,4.313858792184165e-08,2.279601734149061e-06,1.0,0.6153113264554295,9.04190415282912e-09,1.0,0.0,1.732097042442709e-20,1.0,0.3085624774197,2.379097318953096e-13,1.0,0.0999999999999999,3.697544026217933e-06,1.0,1.0,6.174912581964988e-06,1.0,0.0999993966496711,1.5214608033542518e-13,1.0,0.0,1.1444346301186795e-06,1.0,0.0971583048707621,0.0006229440827219,1.0,0.0,1.8950820699708199e-07,1.0,0.6340086416177835,8.713971843363972e-10,1.0,,,A/A,3.63809214766442e-06,,,,,,,,,,,,,,,,,,,,,,,,,,,,,,,,,,,,,,,,,,,,,,,,,,,,,,,,,,,,,,,,,,,,,,,,,,,,,,,,,,,,,,,,,,,,,,,,,,,,,,,,,,,,,,,,,,,,,,,,,,,,,,,,,,,,,,,,,,,,,,,,,,,,,,1.0,0.998982169347617,1.0,8.643321961266304,0.6745456375583285,10.84754334093906,I,S,1
VAR_002932,,,,,,,1.3025621639174937e-05,1.8979464065764324e-10,2.0124000098058693e-05,2.659628215496913e-09,0.0004830901998174,2.876706434374831e-05,1.538100048545015e-05,2.0359679697179222e-05,9.359527120450454e-15,2.375415474043878e-05,4.34689508964541e-05,3.5971941647774144e-05,7.39061788873678e-05,4.26756520492794e-06,2.446294170762556e-07,4.005981432019629e-05,2.646e-05,9.802873268512448e-07,4.985964101299361e-07,0.0002829250417606,gnomADg_AFR,,,,,,,,,,,,,1.0,0.0002807414178777,1.0,0.0,4.641089109970047e-05,1.0,0.0999999999990042,8.142211053432073e-06,1.0,0.7376584349247138,2.1351011949335838e-07,1.0,1.0,5.946064710253581e-06,1.0,1.0,4.210133617539932e-05,1.0,0.0052563511257625,4.0290301546764296e-12,1.0,0.0999999999999999,3.237818826972972e-05,1.0,0.0,1.8303485300710503e-06,1.0,0.0292891054737067,1.0488940845841973e-07,1.0,5.603234389624831e-07,6.05762230678352e-13,1.0,1.0,3.835823393556971e-05,1.0,1.0,0.0013716477539734,1.0,0.0,1.8545065170934807e-05,1.0,0.0,1.0550670265597252e-11,1.0,0.0658370470606456,0.0001486747230284,0.0,1.0,2.80350000975557e-05,1.0,0.0,3.0110095944325447e-05,1.0,1.0,5.3704468639496695e-05,1.0,AllofUs_OTH,0.0631066010360593,4.343112937094032e-09,0.0,G/G,G/G,5.604884478176524,5.774350585037054,2.614819222072893,0.0,7.367400000015239e-07,1.0,0.0,1.8613046309363343e-05,1.0,0.0998173853960996,7.502802121980732e-15,1.0,0.0,1.6749325915851484e-06,1.0,1.0,2.9673615365227936e-05,1.0,1.0,0.0001390568674207,1.0,0.0999938059720802,9.952529987446068e-10,1.0,1.0,2.2456997276676123e-05,1.0,0.1489176381626033,1.514781623523831e-05,1.0,0.0999999996512447,1.2837556545381316e-06,1.0,0.1322215822621753,1.8630000140146517e-05,1.0,1.0,1.9261890408109888e-05,1.0,1.0,3.838690764396555e-08,1.0,0.0,3.73013653196102e-06,1.0,8.786816925357303e-08,8.77988629228587e-16,1.0,1.0,1.4070823881686014e-05,1.0,1.0,0.0001314044884542,1.0,0.4679171786671247,6.0081406341007e-05,1.0,0.0,1.7834673385026426e-07,1.0,0.0,4.906300421143544e-15,1.0,1.0,5.141700017834211e-05,1.0,0.0042193164658372,2.736056843019468e-06,1.0,0.1368475947795362,2.0440384514453958e-10,1.0,0.0951044320555511,0.0001487588753314,1.0,0.1198370357577999,6.504654862377815e-05,1.0,0.0999996430305613,1.3723256981225984e-05,1.0,1.0,3.875400002850234e-05,1.0,1.0,5.947564846124972e-13,1.0,1.0,2.4441306974416547e-05,G/G,0.0001318638547349,0.0,1.6614760284434636e-05,0.0,1.1461196190154245e-10,1.0,0.0,0.0339578331631525,2.36265504261127e-06,1.0,0.0,1.0,0.0051638984568215,3.5744718135999325e-05,1.0,0.0,0.0999638319522333,6.29026944617791e-13,1.0,0.0,0.0990764559860532,4.287879971619571e-16,1.0,0.0,1.0,4.209029277838933e-05,1.0,0.0,1.0,8.961616011564201e-05,1.0,0.0,0.0999734268242343,2.761898272720749e-05,1.0,0.0,0.0,,0.0,3.1129195475388934e-05,0.0,0.0003604321597939,1.0,0.0,1.0,2.6290868627134973e-05,1.0,0.0,1.0,0.0,3.535644390011557e-08,1.0,0.0,0.0,8.39549005869031e-20,1.0,6.450922820448934e-05,0.0217343363206782,4.1017101835421424e-10,1.0,0.0,0.8922829211425811,3.507606056344268e-05,1.0,0.0,0.0,6.039459437832688e-05,1.0,0.0924898169501221,0.0,9.365472740611162e-05,1.0,0.0,0.0983984574845506,1.0,2.7100996186966605e-05,1.0,5.770150859501136e-05,1.0,0.0,0.4967021243486051,2.2313188568147923e-06,1.0,0.0,1.0,0.0003513683129507,8.926941006931422e-08,1.0,0.0,1.0,1.1581253178318252e-05,1.0,0.0999999999982021,1.1024791073501731e-08,5.2776602177524364e-08,1.0,0.0,1.0,3.0204176057722557e-05,1.0,0.0,1.0,5.898967986543813e-05,1.0,9.903473833695569e-06,0.566838335143279,8.000549653785216e-09,1.0,0.0,0.0002011667990334,1.0,6.67261178030199e-05,1.0,2.402559046269953e-05,1.0,0.0998801925697877,0.0961879953411926,1.3670294413783101e-09,1.0,0.0,1.0,1.5008133535164196e-05,1.0,0.0,1.0,0.0,2.3892388561199783e-06,1.0,0.0097160143284909,0.0,5.326107361405513e-09,1.0,0.0878055994199471,0.0018891421080998,1.0027537503050256e-17,1.0,0.0,1.0,1.6288449256395825e-05,1.0,0.0,0.0,4.225554236638288e-05,1.0,0.0784108880230482,1.0,8.888549556586837e-06,1.0,7.209579834125422e-05,0.0799573457310457,1.0,0.9899733714923692,1.0,7.366848213726223,0.6680288475384119,11.213708662761393,P,T,1
VAR_003031,,,,,,,,,,,,,,,,,,,,,,,,,,,,,,,,,,,,,,,,,,,,,,,,,,,,,,,,,,,,,,,,,,,,,,,,,,,,,,,,,,,,,,,,,,,,,,,,,,,,,C/C,C/C,6.081733230486074,4.56928859746803,2.782181794215868,,,,,,,,,,,,,,,,,,,,,,,,,,,,,,,,,,,,,,,,,,,,,,,,,,,,,,,,,,,,,,,,,,,,,,,,,,,,,,,,,,,,,,,C/C,,,,,,,,,,,,,,,,,,,,,,,,,,,,,,,,,,,,,,,,,,,,,,,,,,,,,,,,,,,,,,,,,,,,,,,,,,,,,,,,,,,,,,,,,,,,,,,,,,,,,,,,,,,,,,,,,,,,,,,,,,,,,,,,,,,,,,,,,,,,,,,,,,,,,,,0.8904002081846505,0.9179839473266526,0.0782770919897654,1.8553467429223336,-0.159645052037781,2.02432059671686,A,P,1
VAR_002702,,,,,,,2.501056239097427e-05,7.071149755171335e-06,2.801499804382123e-06,0.0005840092974414,5.126112384697292e-05,4.190427454627259e-11,8.094600000040038e-06,1.28796224905854e-08,5.156460290743402e-05,,,,,,,,,,,8.932078487765317e-06,gnomADe_NFE,,,,,,,,,,,,,0.0,8.212009766538664e-05,1.0,0.0,3.2318783938106353e-11,1.0,3.2671656386626075e-05,1.1804370315948987e-10,1.0,1.0,0.000993645943566,1.0,0.0,3.932821892726835e-06,0.0,0.0,6.3746454406233015e-06,1.0,0.0725113872752844,2.24701155716902e-08,1.0,1.9708920269241088e-17,4.158153547249863e-10,1.0,0.2446039473655503,1.2605515155643787e-05,1.0,0.0020109147216044,1.4725497905567416e-13,1.0,0.050682463802347,6.002928032154886e-05,0.0,1.0,9.201503895070118e-05,1.0,1.0,7.8268314013959e-15,1.0,1.0,1.2870215299145855e-05,1.0,0.4532320426532982,1.8138144649393624e-05,1.0,0.0875752666772969,0.0001053122413123,0.0,1.0,3.494516599032485e-05,1.0,1.0,2.986830001673614e-08,1.0,0.0,2.540434287831531e-05,1.0,AllofUs_EUR,0.0064608959288598,4.373811282798663e-05,0.0,C/C,C/C,5.764273162646478,4.9944148192343,,1.0,5.6659276703568696e-05,1.0,1.0,1.1052813449387538e-06,1.0,0.0510948909370369,0.0013590171250872,1.0,0.9813550767657926,4.216461848408543e-09,1.0,1.0,3.882409818664775e-06,1.0,0.6712363388102454,6.594006542022443e-07,1.0,0.099999979040698,2.063094611200401e-08,1.0,1.0,1.1850326848201668e-06,1.0,2.729543246896041e-14,2.275532707085226e-05,1.0,0.0995919804153092,9.429453721652443e-06,1.0,0.0355160584317934,1.7439710610339006e-24,1.0,0.882342167504252,3.937469382691644e-07,1.0,0.0,0.0001520424118257,1.0,0.0,8.097137415780278e-06,1.0,0.0999997711337234,2.9621737446467717e-06,1.0,1.0,1.15138205539943e-05,1.0,0.4569478806380606,2.4532584228971067e-05,1.0,0.2925616515639408,3.743978022392363e-05,1.0,0.0,1.411521002158047e-10,1.0,0.0,0.0001329700086019,1.0,1.0,2.386048692696245e-07,1.0,0.0764472428817828,5.738145240461714e-07,1.0,0.7364228681349418,1.6549465263172353e-08,1.0,1.5621712131869795e-09,9.984611792353136e-11,1.0,0.0,1.963757018250447e-06,1.0,0.0001135994885429,1.3678806178297686e-08,1.0,1.0,5.840504347108521e-06,1.0,1.0,0.0001185836673197,1.0,1.0,0.0001146036886691,C/C,4.415751970471276e-05,0.0,4.894550311167571e-07,0.4176926779600143,1.37698804365118e-06,1.0,0.0,0.0223664003450345,4.1048127560137795e-08,1.0,0.0,1.0,0.0001090697626971,1.5163030743949481e-07,1.0,0.0,0.0991765387897129,3.2813721111963786e-10,1.0,0.0,6.358029541227175e-09,4.1496545179096805e-10,1.0,0.0,0.0568084528308164,4.527656212412839e-06,1.0,0.0,,,,,1.8556196986156567e-06,1.84377589852314e-12,1.0,0.0,0.0,,0.0,5.660968148294608e-05,1.0,0.0002040793683394,1.0,0.0,0.0,1.8188264081165711e-25,1.0,0.0,1.0,1.0,4.376934135534401e-07,1.0,0.0,0.0,1.12821132512367e-09,1.0,6.772788572997629e-06,7.501586519971773e-12,1.9451516492640405e-05,1.0,0.0,0.6600561580102977,1.754388734044593e-05,1.0,0.0,0.0,1.7553266172380272e-05,1.0,0.0938738774265572,0.1256337684313319,9.869225598760277e-13,1.0,0.0,3.239443136785268e-06,0.0,1.4413294971321044e-05,1.0,7.951067791151068e-08,1.0,0.0,0.1224458989653441,1.6195493583122384e-08,1.0,0.0,1.0,0.0984182881603761,0.0003357273891731,1.0,0.0,0.1862932961783467,7.444862656525173e-05,1.0,0.0947582038877091,0.0338348543494774,1.0952182654620916e-08,1.0,0.0,1.0,2.029707409826997e-05,1.0,0.0,0.0,2.011404418102674e-05,1.0,5.4260338365318e-09,0.0,2.6555314182685263e-08,1.0,0.0,4.4688176841121136e-12,0.0,5.576525668435556e-06,0.1483880164926011,2.7896533230399426e-13,1.0,0.050204249527641,0.0004531426207921,3.9198468810986754e-07,1.0,0.0,0.0,4.175136928246321e-22,1.0,0.0,1.0,0.2568332961192552,1.93531016026586e-10,1.0,0.0210457631112217,0.0,1.1848767068749437e-15,1.0,0.0999999999983018,0.0999999999544356,6.371462425460242e-09,1.0,0.0,1.0,2.4970576734387447e-05,1.0,0.0,0.0,0.0010496847168682,1.0,0.0993413155280126,0.3200829889974488,3.6634770879946895e-10,1.0,1.0712464653448526e-06,1.794885166199823e-05,0.3723240416861564,0.9723570353419948,0.991309635302875,2.7443404330544885,0.5429726212700228,4.822428325631996,D,Y,1
VAR_002905,,,,,,,,,,,,,,,,,,,,,,,,,,,,,,,,,,,,,,,,,,,,,,,,,,,,,,,,,,,,,,,,,,,,,,,,,,,,,,,,,,,,,,,,,,,,,,,,,,,,,G/G,G/G,5.477425114456552,4.57446398138651,3.808364906724222,,,,,,,,,,,,,,,,,,,,,,,,,,,,,,,,,,,,,,,,,,,,,,,,,,,,,,,,,,,,,,,,,,,,,,,,,,,,,,,,,,,,,,,G/G,,,,,,,,,,,,,,,,,,,,,,,,,,,,,,,,,,,,,,,,,,,,,,,,,,,,,,,,,,,,,,,,,,,,,,,,,,,,,,,,,,,,,,,,,,,,,,,,,,,,,,,,,,,,,,,,,,,,,,,,,,,,,,,,,,,,,,,,,,,,,,,,,,,,,,,1.0,0.9193139553815316,0.9907166681100052,5.935776789222047,0.7190621036339494,7.157081725409594,L,V,1
VAR_002837,,,,,,,,,,,,,,,,,,,,,,,,,,,,,,,,,,,,,,,,,,,,,,,,,,,,,,,,,,,,,,,,,,,,,,,,,,,,,,,,,,,,,,,,,,,,,,,,,,,,,G/G,G/G,5.718887735001279,1.8393180546425016,0.8661972667897485,1.0,0.0001082712120639,1.0,1.0,1.3667887845041914e-06,1.0,1.6945537469162156e-08,1.0648709404981834e-05,1.0,0.0,2.2271550621600985e-05,1.0,1.0,8.614800000008971e-07,1.0,1.0,4.590030625500396e-06,1.0,0.0725659768018717,4.454447502902634e-18,1.0,1.0,1.4853287828339543e-06,1.0,0.0114452821102616,2.1749281155031144e-12,1.0,9.184095406244594e-05,6.636047048942256e-06,1.0,1.697551376402328e-07,1.1901359782037693e-11,1.0,0.0,1.3761949994371734e-06,1.0,1.0,4.329718480490097e-06,1.0,0.0,2.3818260218242497e-05,1.0,0.0934240259702014,4.86688390761148e-06,1.0,1.0,1.0706451955176626e-08,1.0,0.0679921084614744,9.540576493802692e-13,1.0,0.0999999999999985,6.488407867176844e-05,1.0,0.6894951645660515,1.3467367118897734e-06,1.0,0.0,1.096578354159362e-09,1.0,0.0436486131469906,3.4081625324855986e-10,1.0,0.0953377556181551,4.8230857702255946e-08,1.0,1.0,8.85802774326331e-14,1.0,0.0999999999969895,1.8122917786763488e-17,1.0,0.7011942682045257,7.432723962906279e-09,1.0,0.0999999919938555,0.0002742462893253,1.0,0.0,3.544493464266792e-07,1.0,0.0,6.750682037332923e-05,1.0,,,G/G,1.1043009133752784e-06,,,,,,,,,,,,,,,,,,,,,,,,,,,,,,,,,,,,,,,,,,,,,,,,,,,,,,,,,,,,,,,,,,,,,,,,,,,,,,,,,,,,,,,,,,,,,,,,,,,,,,,,,,,,,,0.0,1.4906495456343874e-05,0.0,0.0002981280039847,1.0,0.0004167859782818,0.0110189046182077,0.0036230606525274,1.0,0.0,0.0,6.438376190697303e-10,1.0,0.0,1.0,1.0,5.320859374273681e-12,1.0,0.0996143105264834,0.0,5.032668320823528e-12,1.0,2.1895613441405136e-06,0.0142232967608481,1.8554635323113178e-07,1.0,0.0,1.0,7.65700975149985e-07,1.0,0.0,1.0,2.3245293764942185e-06,1.0,1.228329784797615e-10,0.1533826384939735,1.5503823566921996e-10,1.0,0.0002246836215029,0.0007679143226376,1.0,1.0,0.986275892091377,1.611862168918648,0.7473388234696748,3.960582811999931,H,Q,0
VAR_002583,,,,,,,3.696335754688532e-06,5.090325492886064e-19,2.7488423447339976e-14,5.099192250979194e-08,1.7982264315072786e-14,3.5817831487699066e-11,5.2470131572615985e-11,1.4904391013854296e-05,4.2292194605084727e-05,,,,,,,,,,,1.490592575264242e-05,gnomADe_REMAINING,,,,,,,,,,,,,,,,,,,,,,,,,,,,,,,,,,,,,,,,,,,,,,,,,,,,,,,,,,,,,,,,,,,,,,,,,,T/T,T/T,5.375031704542899,5.405584939561598,,,,,,,,,,,,,,,,,,,,,,,,,,,,,,,,,,,,,,,,,,,,,,,,,,,,,,,,,,,,,,,,,,,,,,,,,,,,,,,,,,,,,,,,T/T,1.005520391247872e-05,1.0,1.0283559968991612e-20,0.0,3.896545173628856e-09,1.0,0.0,0.0001274709580759,2.9560133521939697e-18,1.0,0.0,1.0,0.0999999856826586,3.0499448242249475e-08,1.0,0.0,0.02040968665028,4.912881344076542e-15,1.0,0.0,0.0083344837550609,1.9991154898415346e-13,1.0,0.0,0.5404316109933058,2.58666185200108e-07,1.0,0.0,,,,,1.901970773328203e-05,1.519208062061973e-12,1.0,0.0,0.0,,0.0,7.0836290432365245e-06,0.0,1.2351877017812556e-05,1.0,0.0,0.2525619223032699,4.819499054775264e-13,1.0,0.0,1.0,0.1682832478501916,5.322997633931803e-05,1.0,0.0,1.0,2.565092078001234e-06,1.0,5.3465695240250594e-05,0.0251698035792978,6.867964411073174e-08,1.0,0.0,1.0,8.761085702004878e-06,1.0,0.0,0.0,8.766414288885526e-06,1.0,0.0999999993264875,0.0950452864273836,4.937246948835921e-07,1.0,0.0,1.6208828894793526e-09,1.0,4.354556047555609e-06,0.0,0.0008020925288599,1.0,0.0,0.1704471230688558,2.7877533441620022e-06,1.0,0.0,1.0,6.358754971696092e-17,2.940415897579495e-07,1.0,0.0,0.0,0.00017780932366,1.0,7.143415029930474e-13,0.0946343279321294,6.969213235815748e-06,1.0,0.0,0.0,1.0054067339409194e-05,1.0,0.0,1.0,9.024107298059816e-05,1.0,1.961850704718313e-06,0.0,3.1012177418958525e-13,1.0,0.0,1.1041364878387858e-05,0.0,5.576310000001427e-07,1.0,4.5722314685244606e-10,1.0,0.0210937597438416,0.0330784979218851,0.0004579580665237,1.0,0.0,0.0,9.934799352201924e-08,1.0,0.0,1.0,0.0,4.3822753847474646e-05,1.0,0.0999697712876413,1.0,4.9307658147401255e-12,1.0,0.0008319462330498,0.0094596742735768,2.592867352429059e-13,1.0,0.0,1.0,2.911455686335429e-07,1.0,0.0,1.0,1.4796947883531384e-16,1.0,0.0409340168689394,0.0,1.7905757876681814e-08,1.0,0.014853692515051,0.0244500667254743,1.0,0.9591221361707148,0.9981672102356042,8.007597216021638,0.7116743442958368,7.743152915708318,Y,C,1
VAR_003202,,,,,,,3.276515289314559e-05,2.410145162431516e-24,0.0003018600556726,5.5501622683330134e-08,0.0001689304588915,3.5830748995049746e-05,8.118000000301275e-07,1.5883169988338364e-05,2.313674449221258e-22,2.538207840038184e-05,3.450162866818689e-06,6.654034152803644e-07,0.0001902727722444,7.237590729007949e-09,0.000173250000461,3.835835127296818e-09,3.356441103555235e-06,4.390550174593846e-19,2.0229557831596924e-08,0.0004941403484087,gnomADe_AMR,,,,,,,,,,,,,0.0,6.516155198572675e-08,1.0,0.0,0.0013957311082858,1.0,0.0942663341067888,0.0010344572171148,1.0,0.1971215120295097,1.9777696324777067e-11,0.0,0.0,1.449151493248048e-07,1.0,0.0,1.7866116190696963e-10,1.0,0.0128886844279455,2.6467031413950673e-09,0.0,0.0005312609455872,9.896154892485508e-18,1.0,0.2046223868348408,2.047433418087648e-11,1.0,0.0999432327207274,5.952843324529583e-12,0.0,0.0124909176833129,2.564413674097007e-13,1.0,0.0,6.486266957500773e-07,1.0,1.0,1.5411202828075223e-05,1.0,1.0,3.792805305028086e-05,1.0,1.0,0.0002025900002209,1.0,0.999997912761048,0.0002214454800243,1.0,0.0,8.810825029109512e-05,1.0,0.4677384814582598,5.114169866739997e-07,1.0,0.0,0.0002025902103848,1.0,AllofUs_AMR,6.448260177681796e-18,5.9095223665142395e-09,1.0,A/A,A/A,5.36813776295549,1.6701701767351906,3.423444464274515,1.0,5.843278175503782e-06,1.0,1.0,5.501011100194263e-06,1.0,0.0054232469798933,2.7059587271900823e-22,1.0,0.0,0.000257901668854,1.0,1.0,9.917032806500053e-08,1.0,0.2305924138806599,2.606400000000036e-07,1.0,0.2939408848747718,1.1653302767286984e-05,1.0,0.0,3.6549000000000025e-06,1.0,0.0057204000000545,2.7758853929196994e-06,1.0,0.383039768185041,1.261800006055862e-05,1.0,0.0876819440509442,1.065169835925919e-09,1.0,0.0,1.270821568866601e-07,1.0,1.0,2.4577340166921637e-05,1.0,1.0,2.6208000286930677e-05,1.0,0.0482628841201438,1.0598414123470994e-06,1.0,0.9160544096458602,4.456694108068998e-10,1.0,0.0382602410315534,2.6177167407680976e-06,1.0,2.545641272922781e-09,2.8714239966067413e-19,1.0,1.0,2.6246140214532655e-05,1.0,0.0,8.8733867134617e-06,1.0,0.1404295607449564,1.2142023198827672e-06,1.0,0.1035002787924773,8.459086890855305e-06,1.0,0.0,1.2790674335997592e-05,1.0,0.0092340007828735,4.76033165380449e-05,1.0,1.0,7.31156148267923e-05,1.0,0.0048723222113027,2.820590239915016e-07,1.0,1.0,4.5614763798461816e-05,1.0,0.0,2.0069598024535424e-05,1.0,1.0,1.700102077729651e-05,A/A,0.00026991,1.0,8.242007586683679e-06,0.0,2.529949993799627e-07,1.0,0.0,0.9994007857158308,5.526999610160383e-05,1.0,0.0,1.0,1.3837924702407946e-16,1.3603851438567129e-08,1.0,0.0,6.256093412428419e-05,1.101001936819668e-05,1.0,0.0,7.803521754692375e-07,1.3361122365526776e-13,1.0,0.0,0.0,9.795516530609034e-11,1.0,0.0,1.0,0.0008595764880471,1.0,0.0,0.0999998862298223,6.012504533343434e-06,1.0,0.0,0.0,,0.0,3.3670987534028606e-05,0.7251294857937287,0.0001019340674396,1.0,0.0,1.0,5.254582639826845e-05,1.0,0.0,1.0,0.0500228301749682,0.0002500828874703,1.0,0.0,0.0,1.1710650159389792e-09,1.0,0.0031447555223775,0.099999989297744,1.6671880541475084e-10,1.0,0.0,0.5168330866767825,3.3391261895266476e-09,1.0,0.0,1.0,5.261819301495975e-05,1.0,0.0999999989839648,0.2614338363588497,6.607949194329913e-08,1.0,0.0,0.0980684230549688,1.0,4.325094010280461e-06,0.1535156874748913,5.77156190814127e-05,1.0,0.0,1.0,3.857855184510782e-05,1.0,0.0,1.0,1.655537915099695e-09,2.2564280083626142e-10,1.0,0.0,0.0,0.0030825184825991,1.0,0.0373234746509,0.0999996978958353,5.253316761409497e-05,1.0,0.0,0.2807505941972961,6.3054976890534e-07,1.0,0.0,0.0,7.518234071844753e-05,1.0,5.535143589808963e-07,0.1037142784175035,3.8445081764535104e-16,1.0,0.0,0.0999999987485344,1.0,1.577884809824769e-05,1.0,3.1969394108580065e-06,1.0,0.099941300692542,0.0999995440438146,4.132510349403228e-12,1.0,0.0,1.0,0.0002699010000573,1.0,0.0,1.0,0.0,9.406441452809426e-13,1.0,1.2361402333106893e-05,1.0,0.0001606921777077,1.0,0.0367005137276011,6.259168666236614e-08,1.303706982257984e-07,1.0,0.0,1.0,7.64841600013943e-07,1.0,0.0,1.0,0.0002699011397011,1.0,0.0713823728423482,0.1766250155135592,1.6694881271110817e-06,1.0,0.0999983393431884,0.0295122784780984,0.9827846580235686,0.9842395687107498,1.0,3.1461252049392017,0.756,7.254035180741179,I,T,0
VAR_003156,,,,,,,,,,,,,,,,5.917464236722965e-06,2.612892203561642e-07,7.63067060058491e-06,1.0494615795532346e-06,1.1784019484296588e-10,4.463362966827213e-09,2.693257289719708e-07,3.605634824869086e-07,3.4890808242149097e-16,0.00018675,0.0001867500001629,gnomADg_SAS,,,,,,,,,,,,,,,,,,,,,,,,,,,,,,,,,,,,,,,,,,,,,,,,,,,,,,,,,,,,,,,,,,,,,,,,,,T/T,T/T,6.17,6.031690912286466,4.337195693981712,,,,,,,,,,,,,,,,,,,,,,,,,,,,,,,,,,,,,,,,,,,,,,,,,,,,,,,,,,,,,,,,,,,,,,,,,,,,,,,,,,,,,,,T/T,2.438402879447073e-05,,,,,,,,,,,,,,,,,,,,,,,,,,,,,,,,,,,,,,,,,,,,,,,,,,,,,,,,,,,,,,,,,,,,,,,,,,,,,,,,,,,,,,,,,,,,,,,,,,,,,,,,,,,,,,0.0,5.578895802567387e-07,1.0,6.958953262778305e-06,1.0,7.112177691996168e-12,0.0008979506999052,1.082252826667026e-28,1.0,0.0,0.3469012027850622,4.474417454412639e-06,1.0,0.0,1.0,1.0,0.0002344685038812,1.0,1.7127657573369383e-05,0.0,1.5466169005840996e-07,1.0,2.1293389787133627e-07,0.0109837773575856,2.2084791624310612e-08,1.0,0.0,1.0,7.016508318814547e-09,1.0,0.0,1.0,2.796738767244781e-05,1.0,0.0999999999999747,1.0,9.882093889603055e-06,1.0,0.0953825085189991,0.1,0.9969373477502124,0.9732572657137096,0.9754085458560208,6.715733845647795,0.6470291302919323,8.038153798534958,T,A,0
VAR_002642,,,,,,,,,,,,,,,,,,,,,,,,,,,,,,,,,,,,,,,,0.0,3.577322824966941e-06,1.0,0.0,4.1498607033158875e-13,1.0,0.042263695990085,6.844307802668852e-09,1.0,0.0,0.0001549990984362,1.0,1.0,3.4785221495407644e-14,1.0,0.0,1.1605663574149437e-22,1.0,4.154262193039133e-08,4.8016787274083824e-05,0.0,9.723851095138672e-05,1.9550965096578734e-21,1.0,0.2021100418699946,0.0001959893388858,1.0,0.002841692885557,1.08362385350404e-05,0.0,0.0670453216176123,1.5608045157155777e-13,1.0,0.0,1.914032510480212e-15,1.0,1.0,8.343900000006195e-06,1.0,1.0,1.245685439346695e-05,1.0,1.0,7.257720433134498e-06,0.0,0.0208152703555536,0.0004274660979856,0.0,0.0,2.6684228582258313e-09,0.0,0.0,1.7543853690037829e-07,0.0,0.0,1.6444581184602055e-05,1.0,AllofUs_AFR,8.541409793403562e-14,8.127401393242322e-14,0.0,A/A,A/A,5.425538764418759,4.992917734618856,,,,,,,,,,,,,,,,,,,,,,,,,,,,,,,,,,,,,,,,,,,,,,,,,,,,,,,,,,,,,,,,,,,,,,,,,,,,,,,,,,,,,,0.0,3.40020396e-06,A/A,8.343900000004396e-06,,,,,,,,,,,,,,,,,,,,,,,,,,,,,,,,,,,,,,,,,,,,,,,,,,,,,,,,,,,,,,,,,,,,,,,,,,,,,,,,,,,,,,,,,,,,,,,,,,,,,,,,,,,,,,,,,,,,,,,,,,,,,,,,,,,,,,,,,,,,,,,,,,,,,,0.903900539314894,0.3599878780308513,0.9984024588046172,6.16992849542109,0.7463529089640281,8.705814301377956,L,P,1
VAR_002700,,,,,,,,,,,,,,,,,,,,,,,,,,,,,,,,,,,,,,,,,,,,,,,,,,,,,,,,,,,,,,,,,,,,,,,,,,,,0.0,0.0001768012675645,0.0,0.0,2.391024827453702e-06,1.0,1.0,1.1259e-05,1.0,0.0009258599762867,8.965515926223444e-07,1.0,0.0,4.050418096634973e-09,1.0,0.6198962774150766,1.8751949098057984e-07,0.0,1.0,0.0010094948482491,1.0,AllofUs_AMR,0.0999999149618403,4.042418805742409e-06,1.0,G/G,G/G,5.87529817032856,5.834870580521075,,1.0,1.2008977858490972e-09,1.0,0.0,2.9290027118354807e-06,1.0,0.099802128187592,4.793643576463296e-08,1.0,0.384182409718156,2.60753624834604e-11,1.0,0.0,1.461119343650991e-05,1.0,1.0,7.544894773364779e-07,1.0,0.0996302621589838,2.607489018032771e-15,1.0,0.0,7.130703863771977e-07,1.0,0.0105190243158695,1.1813347010854754e-11,1.0,0.0973737561952757,8.698613974259978e-10,1.0,4.1374636969252007e-11,9.699463800127089e-11,1.0,0.0,1.2719239080429246e-06,1.0,0.0,3.70557518473614e-11,1.0,1.0,7.277140252363611e-09,1.0,0.0512475405418576,6.015608499608485e-11,1.0,1.0,0.0001079123535883,1.0,0.4522670967223313,2.0041761325095502e-05,1.0,0.0007174188248038,6.571096314738871e-07,1.0,0.5965509811645875,1.5874554431870463e-08,1.0,0.0,1.2041796640731067e-08,1.0,0.0,4.56988184837656e-05,1.0,0.0448004894142987,1.6150960304358434e-08,1.0,0.2528612507225361,2.361987684586082e-15,1.0,0.0999994941367778,1.8490001021916272e-08,1.0,0.0,3.876096770807576e-07,1.0,0.0022196222712225,4.446945676340769e-07,1.0,1.0,3.632401760817239e-06,1.0,1.0,3.3073713375662004e-06,1.0,,,G/G,0.0001179566330319,,,,,,,,,,,,,,,,,,,,,,,,,,,,,,,,,,,,,,,,,,,,,,,,,,,,,,,,,,,,,,,,,,,,,,,,,,,,,,,,,,,,,,,,,,,,,,,,,,,,,,,,,,,,,,1.0,1.1968688885918727e-05,1.0,4.157348366233713e-06,1.0,0.094810463431553,0.0640105558849835,0.0020849878337389,1.0,0.0,0.0,4.119321741306401e-09,1.0,0.0,1.0,1.0,1.5233249738945203e-06,1.0,2.9507770389447064e-05,1.0,1.929683070297898e-06,1.0,0.0887333085171489,0.099999874218254,6.758344388551422e-13,1.0,0.0,1.0,1.52563507767107e-06,1.0,0.0,1.0,1.5289793456012092e-06,1.0,1.6800414986900748e-05,0.5254634007492998,5.7676840851166814e-11,1.0,0.0881855728746305,0.0999761735803343,1.0,0.9666303849569192,1.0,6.021735260066994,0.6459463602393453,10.421692724982517,S,C,0
VAR_002907,,,,,,,3.334955692215596e-06,1.8303807713921677e-06,2.0016824096226822e-05,8.257180308384767e-06,8.488027867061392e-08,3.1358182502240754e-06,8.153397045269071e-07,1.1760551349702031e-05,2.161906188918568e-05,,,,,,,,,,,1.0432473701816087e-05,gnomADe_SAS,,,,,,,,,,,,,1.0,0.001213985366163,1.0,0.0,0.0009374074445184,1.0,0.0999999999990954,0.0007469016837514,1.0,1.0,1.3769915892616711e-11,0.0,1.0,0.0027362867162394,0.0,1.0,3.176793350320842e-14,1.0,2.8138882008205004e-17,1.391268202602495e-06,1.0,9.739741648443542e-13,6.215949285251492e-08,0.0,0.0339837767645879,6.346193549260463e-13,0.0,0.0991697863911547,3.638990616270733e-06,0.0,0.0999972621878671,1.010549146811764e-06,1.0,1.0,1.1037601254058034e-13,1.0,,,,,,,,,,,,,,,,,,,,,,,,,,G/G,G/G,5.424310577525781,5.750049125066589,,,,,,,,,,,,,,,,,,,,,,,,,,,,,,,,,,,,,,,,,,,,,,,,,,,,,,,,,,,,,,,,,,,,,,,,,,,,,,,,,,,,,,,,G/G,2.1067054154569853e-05,0.4021914170021725,8.226698776849196e-06,0.9664404099546337,8.925386607448819e-05,1.0,0.0,0.0999953670173506,1.7597686315486584e-09,1.0,0.0,1.0,0.1,0.0004841636022205,1.0,0.0,0.0466792159964347,0.000206225138576,1.0,0.0,5.528655070681463e-07,4.595747082021271e-08,1.0,0.0,1.0,2.121303215995474e-05,1.0,0.0,0.0,0.0001034695994925,1.0,0.0,0.0008788604378869,4.767443215907283e-05,1.0,0.0,0.0,,0.0,1.401861638297011e-05,0.0,5.523679691411735e-06,1.0,0.0,0.554296088536283,6.605402104012687e-10,1.0,0.0,1.0,0.0,5.293803103437342e-07,1.0,0.0,0.0,5.084507109291057e-07,1.0,0.0006632806925866,8.798807962856558e-09,1.486555704514372e-19,1.0,0.0,0.0,8.775990964301557e-06,1.0,0.0,0.0,3.4136867668543886e-05,1.0,0.0999544499301355,0.0,2.742620005645001e-12,1.0,0.0,0.0016077428636841,0.4138194296346281,2.356625265759238e-05,0.0,1.6579187618193765e-15,1.0,0.0,0.0,1.1441000561300204e-08,1.0,0.0,1.0,2.1650573999355114e-06,1.1653998911847371e-08,1.0,0.0,0.0,0.0007774692465,1.0,0.0576008252878107,0.0904820866864318,4.4448435727753166e-10,1.0,0.0,0.2255170775281726,1.0050030000001265e-05,1.0,0.0,1.0,1.2342292110235506e-05,1.0,0.0022366757520918,0.0,1.2266361624453906e-08,1.0,0.0,0.097735229250981,0.0,1.150724145398648e-06,1.0,2.492014260713621e-09,1.0,0.000221502629054,3.439002032717389e-05,1.15250562328072e-23,1.0,0.0,0.0,9.179926159872429e-08,1.0,0.0,1.0,0.0,8.669387612702454e-07,1.0,0.0983662732947659,0.0,0.0011137779797506,1.0,3.6015566651395524e-13,5.3367561397703876e-12,3.032386626091996e-11,1.0,0.0,1.0,2.4090120037580773e-06,1.0,0.0,1.0,9.881460000000018e-06,1.0,0.0086631010664855,1.0,5.3663280258692695e-05,1.0,1.3144757029636176e-05,0.0010258695240157,0.9753975743285004,0.95764243780824,1.0,9.69599628329972,0.65888477996994,11.395656562096404,P,L,1
VAR_003137,,,,,,,,,,,,,,,,,,,,,,,,,,,,,,,,,,,,,,,,,,,,,,,,,,,,,,,,,,,,,,,,,,,,,,,,,,,,,,,,,,,,,,,,,,,,,,,,,,,,,C/C,C/C,6.17,6.17,3.9771286038926537,,,,,,,,,,,,,,,,,,,,,,,,,,,,,,,,,,,,,,,,,,,,,,,,,,,,,,,,,,,,,,,,,,,,,,,,,,,,,,,,,,,,,,,C/C,,,,,,,,,,,,,,,,,,,,,,,,,,,,,,,,,,,,,,,,,,,,,,,,,,,,,,,,,,,,,,,,,,,,,,,,,,,,,,,,,,,,,,,,,,,,,,,,,,,,,,,,,,,,,,,,,,,,,,,,,,,,,,,,,,,,,,,,,,,,,,,,,,,,,,,0.9714316713615548,0.8734996762442371,0.9613372131526876,6.818849764151828,0.5700939588909647,5.250735277912355,D,H,1
VAR_002782,,,,,,,1.8468683434788969e-06,3.607524742444192e-07,1.0774244820441623e-09,4.740017280133426e-05,9.100559334701467e-10,8.000835977380179e-10,2.917319767092616e-06,1.205992234564747e-12,4.174447083886691e-06,,,,,,,,,,,3.06060511141473e-05,gnomADe_NFE,,,,,,,,,,,,,,,,,,,,,,,,,,,,,,,,,,,,,,,,,,,,,,,,,,,,,,,,,,,,,,,,,,,,,,,,,,G/G,G/G,5.541569520493006,5.446636025403833,3.055268089606748,,,,,,,,,,,,,,,,,,,,,,,,,,,,,,,,,,,,,,,,,,,,,,,,,,,,,,,,,,,,,,,,,,,,,,,,,,,,,,,,,,,,,,,G/G,7.395273974793476e-05,0.0709825959320688,1.2868092205259405e-05,1.0,1.0626838446012588e-18,1.0,0.0,0.0011642832072979,1.3594306664649018e-07,1.0,0.0,1.0,0.0999305791462676,2.1312719597829552e-12,1.0,0.0,0.0008132512766817,9.631750387022276e-06,1.0,0.0,0.0999858274747838,1.580983558563392e-06,1.0,0.0,0.8011725501071638,4.201655287182447e-08,1.0,0.0,,,,,0.0997380717099031,3.227143886896875e-08,1.0,0.0,0.0,,0.0,9.020031393932782e-06,1.0,6.188589316860318e-14,1.0,0.0,0.5157111108905813,4.547804822248368e-06,1.0,0.0,1.0,0.6773323801810388,6.983405139310531e-09,1.0,0.0,0.0,0.0004215645972583,1.0,0.0999999999148005,3.219549149936342e-06,3.644489242323293e-05,1.0,0.0,1.0,1.7584290000071462e-05,1.0,0.0,0.0587266863801936,1.758465932087663e-05,1.0,0.0976953622555738,0.9530124218433615,4.359224728378283e-06,1.0,0.0,4.954762931587103e-05,1.0,8.99071172638938e-06,1.0,3.7915906753540293e-07,1.0,0.0,0.0045574602780957,1.747844279507328e-07,1.0,0.0,1.0,0.0008286802365109,9.568316696802607e-05,1.0,0.0,1.0,1.215132657781792e-12,1.0,9.52929411641747e-13,0.0999824704715445,3.582664771555325e-05,1.0,0.0,1.0,2.238589628569291e-05,1.0,0.0,1.0,0.0003362108051498,1.0,0.0868647684148527,0.0,9.48458068124298e-06,1.0,0.0,6.641412779231263e-07,1.0,1.0189168135380928e-05,0.0,6.344498614996197e-05,1.0,0.0574303018312261,7.446151140058378e-09,4.495712238206403e-05,1.0,0.0,0.2677200015882378,3.3753564184329727e-06,1.0,0.0,1.0,1.0,4.539679843572396e-06,1.0,0.0999999949865415,0.0,0.0026349228180088,1.0,0.0046595003330146,0.0999999998156471,1.3723617593647958e-17,1.0,0.0,1.0,2.3523297107708274e-06,1.0,0.0,0.0,0.0001335385469341,1.0,0.0604296315134326,0.2133389625948724,4.867076129633045e-07,1.0,0.0249785619250663,0.0550385573190451,1.0,1.0,1.0,6.316233465277295,0.756,6.060737157228733,L,V,1
VAR_002978,,,,,,,,,,,,,,,,,,,,,,,,,,,,,,,,,,,,,,,,,,,,,,,,,,,,,,,,,,,,,,,,,,,,,,,,,,,,0.0,4.378063812164047e-08,0.0,0.0,1.887473188390884e-06,1.0,0.4070932866136135,1.1253938408344002e-05,0.0,0.0999997386708721,2.979153964127895e-23,0.0,1.0,3.5046034990961518e-06,1.0,0.0,3.6495284808896843e-13,0.0,1.0,4.239303693865176e-06,1.0,AllofUs_EUR,2.865478835124481e-18,2.4654492528327203e-06,1.0,C/C,C/C,5.6923405789406125,5.687221407208348,3.9102276544184567,,,,,,,,,,,,,,,,,,,,,,,,,,,,,,,,,,,,,,,,,,,,,,,,,,,,,,,,,,,,,,,,,,,,,,,,,,,,,,,,,,,,,,,C/C,3.63894199137916e-06,,,,,,,,,,,,,,,,,,,,,,,,,,,,,,,,,,,,,,,,,,,,,,,,,,,,,,,,,,,,,,,,,,,,,,,,,,,,,,,,,,,,,,,,,,,,,,,,,,,,,,,,,,,,,,,,,,,,,,,,,,,,,,,,,,,,,,,,,,,,,,,,,,,,,,1.0,0.9875714519885408,0.982685656093356,7.589192521496606,0.6165371817838446,7.278234144362236,E,Q,0
VAR_003109,0.0009439980685496,0.0027000000001917,0.0012603202152941,1.0252234273619912e-05,2.9720642910885917e-10,3.282460923285164e-05,4.135267788408644e-05,0.0019541846749852,0.0001011500587479,2.500939191389646e-07,8.369398385328262e-05,5.164397651809437e-05,6.340216623570995e-06,0.00011925,2.6079640215984764e-14,0.0004761143332365,0.0015822001347191,2.6459455751028038e-17,0.0003565467519648,9.576881358873848e-09,2.077907973325612e-10,1.2072510151597074e-13,1.60458500644878e-13,0.0004257014762952,1.4206853107465824e-09,0.0027187029818275,AFR,1.0,0.0009132606964387,1.0,0.0027231869724396,0.9000000834713138,0.0013008294697866,0.0999999999746447,7.13605924805132e-05,8.410917674138904e-12,9.4977443322201e-06,9.11795634915804e-05,5.243878239044557e-05,1.0,0.0015591615932545,1.0,1.0,0.0020689783005005,1.0,1.0,0.0024953789279117,1.0,0.0,1.1523160221359388e-17,1.0,0.1437584503313363,2.853772410019871e-10,1.0,1.0,4.095259861681866e-05,1.0,0.9603069521091988,0.0004289799809644,1.0,0.0138952100415186,1.3697160904773159e-15,1.0,1.0,0.0003030047147673,1.0,0.0990528019702217,2.0797669127943062e-06,1.0,0.088529463558863,2.9424288036040543e-23,1.0,1.0,0.0001941356532121,1.0,1.0,0.0013518013508768,1.0,1.0,0.0003411087324948,1.0,1.0,0.0001202352983455,1.0,0.0999999992280673,9.471924988772378e-07,0.0,1.0,2.9992020595800154e-09,0.0,1.0,0.0004279200255205,1.0,1.0,0.0013518528936636,1.0,AllofUs_AFR,8.313899498995059e-06,1.9110202127734213e-05,1.0,T/T,T/T,6.17,5.923390725365018,3.891559998828673,1.0,0.0013238042588153,1.0,1.0,0.0001538787573696,1.0,1.6895113721943297e-07,0.0020610248060219,1.0,0.0562954253509538,8.52228844202555e-09,1.0,1.0,8.22939393428864e-06,1.0,1.0,4.216091413238394e-05,1.0,0.4278899421120497,2.3875260959542337e-05,1.0,1.0,2.526422575127119e-05,1.0,1.0,0.0012798000729741,1.0,0.4265100000146835,0.0001525098701706,1.0,1.871607268055491e-05,3.461864444405265e-09,1.0,1.0,1.715972955669777e-05,1.0,1.0,0.0014157277264967,1.0,1.0,5.5935465661469805e-05,1.0,0.2012547249197809,6.686100000649453e-06,1.0,1.0,2.855280454027863e-05,1.0,0.4258801187428093,4.009456822038723e-05,1.0,0.0547650000072572,3.095535375392266e-05,1.0,1.0,5.964031481254639e-05,1.0,1.0,0.0011610072872589,1.0,1.0,1.3041558141540695e-05,1.0,0.1849238058301883,2.676604347716821e-06,1.0,1.0,2.1393000000000003e-05,1.0,0.1011838933730046,2.0140778214360266e-07,1.0,1.0,0.0001680300033549,1.0,1.0,0.0013510305060561,1.0,1.0,0.0001668614279444,1.0,1.0,0.0015370589541188,1.0,1.0,0.0005032301866214,T/T,0.0029104402496284,1.0,0.0001350436273691,1.0,0.0017665162237565,1.0,0.0,1.0,0.0001051893000117,1.0,0.0,1.0,6.822450940807059e-05,2.629990210041896e-34,1.0,0.0,0.0117873485533547,0.0003882625746304,1.0,0.0,0.0999606937242794,8.417513484479942e-08,1.0,0.0,0.0,2.1678717349251468e-10,1.0,0.0,1.0,0.0017587980059261,1.0,0.0,0.002644418017506,4.697402048740557e-05,1.0,0.0,0.0,,1.0,0.0001416294476806,1.0,0.0020872499932584,1.0,0.0,1.0,0.0001050786269492,1.0,0.0,1.0,0.6802485087029181,3.891707859656271e-08,1.0,0.0,0.0,2.391513859166148e-07,1.0,8.190065744339822e-06,0.0999991808653685,2.514671662885955e-16,1.0,0.0,0.0,2.5960191457250537e-10,1.0,0.0,1.0,0.001993027026411,1.0,0.0207268147675625,0.0,2.239998953748307e-15,1.0,0.0,0.0864481574467634,1.0,0.0001731019586552,1.0,0.00194229,1.0,0.0,1.0,8.84591827182e-05,1.0,0.0,1.0,0.0586194415468606,0.0002446060775712,1.0,0.0,0.0,1.2151367223133098e-12,1.0,6.118269799328838e-05,3.5300891627940227e-05,1.9814731063873728e-11,1.0,0.0,1.0,4.0750729046229015e-08,1.0,0.0,1.0,0.0019424323136938,1.0,0.0982940287870909,0.2635685237544353,3.747498380938799e-06,1.0,0.0,0.1,1.0,8.196705e-05,1.0,0.001511810065918,1.0,0.0034351322068812,0.0999999999999951,3.6031047690202334e-05,1.0,0.0,1.0,0.000169804517176,1.0,0.0,1.0,1.0,2.654391418732661e-05,1.0,8.50987256731652e-08,0.0,0.0001933913200787,1.0,2.6524644483910952e-14,0.0999881841377709,4.227937026325651e-08,1.0,0.0,0.0,2.9716237221773318e-06,1.0,0.0,1.0,0.0015258749645672,1.0,0.0999940518975667,0.4925617312447909,1.6293219496194032e-09,1.0,0.099950434391234,0.0850798144117579,0.9826275261137084,0.8581095966592157,0.9876400571936156,1.1858109982039524,0.7129656928115334,5.282875698221576,I,L,0
VAR_002799,,,,,,,,,,,,,,,,5.914901541781823e-06,0.000619548395491,4.430189207695443e-06,1.126154994274533e-11,1.165509625215231e-09,1.0056523182403911e-14,2.8284318923351105e-15,1.3231608304924188e-05,3.20590535135154e-08,1.1924632783476638e-10,1.663006923831299e-05,gnomADg_NFE,,,,,,,,,,,,,1.0,2.7837413422606155e-05,1.0,1.0,3.546250359196653e-05,1.0,0.0863214118309907,6.0192368530112536e-12,1.0,0.0,8.77799676543969e-10,0.0,0.0,2.3920130665225586e-22,1.0,0.0,1.1664185435006624e-05,1.0,8.112707349558002e-05,1.002115556314577e-05,0.0,1.391472572845782e-06,7.462060116193046e-06,1.0,0.5039772473087566,3.4605753503830077e-15,1.0,9.12881904403906e-06,4.995392195550904e-06,1.0,0.0999992635933597,3.121344903113829e-08,0.8570940602975838,0.0,4.811214991092421e-10,0.0,1.0,6.523802456751546e-08,0.0,1.0,3.693448181944817e-06,1.0,0.0,1.3630561290130832e-15,0.0,0.0961195028107219,0.000325143638344,0.0,1.0,3.5046007399217685e-06,1.0,0.4375111368514092,3.0078620123661936e-05,1.0,1.0,8.057810375815567e-05,1.0,AllofUs_OTH,0.0999818792001608,3.986704725573363e-09,0.0,G/G,G/G,5.698121573774316,5.876578674113434,3.769457377628186,1.0,2.0464990473593867e-08,1.0,0.0,6.012390513927249e-07,1.0,0.0980441788153311,0.0014441478098365,1.0,0.0,0.0006188059308964,1.0,0.0,9.034855052163388e-07,1.0,0.0,8.562940416912248e-06,1.0,8.17857309872854e-06,3.605489678051165e-08,1.0,1.0,7.137120235580477e-07,1.0,4.213951670372982e-07,3.0342162280865317e-06,1.0,0.0999970771429357,2.0851617781248435e-08,1.0,0.011404810838201,3.401495400091404e-06,1.0,0.0,8.160531740059021e-07,1.0,1.0,4.235543101107155e-07,1.0,0.0,7.510026963448386e-08,1.0,1.1279987261240494e-05,2.375532741123305e-13,1.0,1.0,1.526153242387647e-06,1.0,0.0002870998887623,1.1313346739764225e-08,1.0,0.0037651196544149,1.883762101733384e-15,1.0,0.145227091004021,8.445956505690444e-07,1.0,1.0,1.2256061340629773e-05,1.0,0.3719601331209659,4.234499032792476e-05,1.0,0.0015776408461762,3.2940651472254985e-07,1.0,0.0,5.123111899849804e-12,1.0,0.0819953058178084,1.11936352841711e-09,1.0,0.3333916533297797,2.687840903205504e-07,1.0,5.65802948019442e-05,0.0001525106426698,1.0,1.0,9.649174291808915e-09,1.0,1.0,9.769766318847984e-05,1.0,0.0,3.932772702717813e-06,G/G,3.0078375175940288e-05,,,,,,,,,,,,,,,,,,,,,,,,,,,,,,,,,,,,,,,,,,,,,,,,,,,,,,,,,,,,,,,,,,,,,,,,,,,,,,,,,,,,,,,,,,,,,,,,,,,,,,,,,,,,,,0.0,1.963738414437216e-05,0.0,3.006462132848382e-12,1.0,0.0007024732421882,0.0999999947017879,5.070796873511147e-16,1.0,0.0,0.8357977596273725,4.7336488493698214e-08,1.0,0.0,1.0,0.0,2.2505665537045675e-08,1.0,0.0999886172950343,1.0,0.0032515540691426,1.0,0.0941191501871202,2.487675057031201e-11,1.4017789399950947e-10,1.0,0.0,0.0,9.824085148743403e-07,1.0,0.0,1.0,7.629312867889565e-07,1.0,0.0999679160317502,0.0,3.376715775213507e-05,1.0,0.0999560777392222,0.0974738090115336,1.0,0.3567246354548023,0.935485176223296,10.003,0.6225386855653804,11.831617228938832,P,A,1
VAR_002554,,,,,,,8.69745057888368e-06,7.756947217235992e-14,6.519302395709679e-15,8.392210752954107e-06,0.0007133541834245,5.156255638730707e-05,1.1918705634364028e-05,1.4924481670874608e-05,6.794517093641753e-06,5.914800000000003e-06,3.9739350243239115e-09,2.0272027495741426e-13,4.4506122678577917e-10,5.048407140703276e-11,1.6851157750567216e-05,3.946531431798283e-15,4.295136373157455e-05,2.5748203846983792e-06,2.8949977021656773e-09,1.490456433772142e-05,gnomADe_REMAINING,,,,,,,,,,,,,0.0,0.0011423482597809,1.0,0.0,9.774902813387506e-05,1.0,0.0999810774077,2.150072911218397e-07,1.0,0.0,1.9627058991737067e-05,0.0,1.0,4.493678228060796e-07,1.0,1.0,0.0001417009886676,1.0,0.0997183308531641,3.270255142528625e-13,1.0,1.102004914433302e-06,2.063612626909583e-05,1.0,0.0,7.230528813649891e-06,1.0,0.0002990503043682,0.0002674722118403,0.0,0.0488120310186269,1.2300642686240797e-05,1.0,1.0,5.946874686574463e-05,1.0,1.0,9.327092607218828e-06,1.0,0.0,5.543110249783756e-06,1.0,0.0,3.696402769415437e-05,1.0,0.0983960614564734,3.892206582709644e-06,1.0,0.0,7.216894997099012e-06,1.0,0.0,0.0001091624464211,0.0,0.0,3.485224470763425e-05,1.0,AllofUs_AFR,8.313172711605683e-05,4.0532242831106085e-11,0.0,G/G,G/G,5.343027265071347,5.446313223181701,5.81,0.0,1.5247122859464533e-11,1.0,0.0,2.1557562244002465e-05,1.0,0.0961691549552946,4.327126325658929e-05,1.0,0.0,8.404352925633445e-06,1.0,0.0,1.0332000000000004e-05,1.0,0.0,4.573444936281636e-06,1.0,7.221857458343636e-11,2.362784732667841e-05,1.0,0.0,8.895723792311239e-06,1.0,4.8586177778107474e-14,2.5463646968351143e-14,1.0,0.0999999873206343,5.634973230841833e-20,1.0,9.002882737373247e-08,3.2471194083178593e-05,1.0,1.0,1.402948532925834e-05,1.0,0.621447633511582,3.591406315160913e-07,1.0,0.9170228017876204,1.1378526196042836e-06,1.0,0.0517633825319165,1.3650872378150609e-05,1.0,0.0,6.845063339063386e-06,1.0,0.0999174310999631,1.70789219317558e-05,1.0,0.0028134834458326,7.839452330682998e-14,1.0,0.0,4.767747041675477e-11,1.0,0.0,8.415866529991668e-09,1.0,0.6091444174176193,1.1810563889078506e-10,1.0,0.0995672416485445,3.288644336563309e-06,1.0,0.0,7.774228123888899e-12,1.0,0.0345654205613989,3.232723768140521e-19,1.0,0.8873034711338479,2.280333463293078e-08,1.0,0.0023646319962779,0.0001006037829241,1.0,0.1372687099917819,6.261663927418133e-07,1.0,1.0,8.730519961812764e-05,1.0,1.0,6.802522871940744e-06,G/G,0.0001396527561062,,,,,,,,,,,,,,,,,,,,,,,,,,,,,,,,,,,,,,,,,,,,,,,,,,,,,,,,,,,,,,,,,,,,,,,,,,,,,,,,,,,,,,,,,,,,,,,,,,,,,,,,,,,,,,0.0,2.2421165672545216e-05,0.8709135318738744,2.1799190047185632e-11,1.0,0.0999930302960395,5.165557665390977e-17,8.480807971812812e-07,1.0,0.0,0.0,3.242246496945606e-10,1.0,0.0,1.0,1.0,6.283774602794501e-07,1.0,1.374713257011606e-06,1.0,2.8031270682581085e-08,1.0,3.348196529019103e-05,0.0204580036031982,1.470043066881819e-21,1.0,0.0,1.0,1.1757855887613293e-05,1.0,0.0,1.0,1.0796911204641164e-05,1.0,0.0540403597927229,0.0,1.119141032880268e-05,1.0,0.0998978469729957,0.0052441176127963,1.0,1.0,0.9216929025044313,5.20133215685371,0.6117462419776772,11.699616840445524,L,F,0
VAR_002654,,,,,,,6.158109373765862e-07,0.0021801762280543,1.4202728149125407e-05,6.781271128105699e-07,0.0010813411077417,7.074922469670634e-06,8.095500000000196e-07,6.01609078449279e-06,3.073748046884437e-08,,,,,,,,,,,8.112898804948104e-07,gnomADe_NFE,,,,,,,,,,,,,0.8060947472454332,7.080643508994691e-07,1.0,0.0,1.7273701813495823e-05,1.0,9.290211424510824e-11,3.401909695035237e-05,1.0,0.0,3.001021465260837e-10,1.0,1.0,0.0007760491827817,0.0,1.0,4.081815697444987e-09,0.0,0.0999961774883899,9.97754027942408e-06,1.0,9.670473320043e-07,1.6161191117920706e-09,1.0,0.0,1.1209377152538773e-10,1.0,0.0999999999999797,2.371595510728719e-07,0.0,0.0010978896020505,4.452392950015193e-06,1.0,0.0,2.4044904103956173e-13,1.0,,,,,,,,,,,,,,,,,,,,,,,,,,T/T,T/T,5.410047166448681,-7.611873654254002,,1.0,6.8981866405477e-27,1.0,1.0,2.1897459335721293e-06,1.0,0.078908139355613,6.390617986311244e-07,1.0,0.3077426147836191,5.7799264448367645e-06,1.0,1.0,2.9304000154427573e-06,1.0,0.0,5.539178444839694e-06,1.0,0.0999991612055565,8.533077606745923e-08,1.0,0.0,8.493349327277696e-06,1.0,2.0438781606737587e-05,5.218500761717052e-07,1.0,0.0820479865495408,2.903837366652774e-09,1.0,0.0999861926674645,7.431443955265846e-07,1.0,0.0,2.5111417732553796e-05,1.0,0.3289666534048392,6.81079484356316e-10,1.0,0.0,4.3178168464149104e-09,1.0,0.0032830097899187,9.673434506866652e-21,1.0,1.0,9.989502052273864e-06,1.0,0.0979978617538203,6.206323443123363e-11,1.0,0.0999939464898811,2.094255038029852e-12,1.0,0.0,5.2661954327972255e-14,1.0,0.0,1.5122137936935147e-10,1.0,0.3129664688376558,2.160945309063687e-06,1.0,0.0416862439286906,5.432007150677452e-05,1.0,0.9557142221916184,2.513471579852368e-14,1.0,0.099999665068812,1.79504056235943e-21,1.0,0.5987855837281858,3.448539404020766e-08,1.0,3.484241641641172e-14,1.52322524031611e-07,1.0,0.0,2.2140162000221928e-10,1.0,1.0,1.3918032179738366e-10,1.0,,,T/T,3.705977174698676e-05,0.0817835625746864,3.9314643323217043e-07,1.0,7.644742726074404e-06,1.0,0.0,0.0999999999991564,7.826985889225337e-10,1.0,0.0,1.0,0.0999993595735688,1.6915651820020024e-13,1.0,0.0,0.0993616550123439,3.2848904319524407e-08,1.0,0.0,0.0999999987934,3.375868129282312e-07,1.0,0.0,0.0,6.490814688366305e-07,1.0,0.0,,,,,0.099986462057096,1.042160285602929e-09,1.0,0.0,0.0,,0.5937442365397536,1.341017004584883e-05,1.0,9.758061009603902e-07,1.0,0.0,0.0,3.541707048734964e-09,1.0,0.0,1.0,0.2492232345175849,8.80289904285523e-05,1.0,0.0,0.635484389727566,1.8201015532386952e-12,1.0,0.099998633058992,0.0901240273712965,5.814822015618233e-07,1.0,0.0,0.8052651781966182,9.35827578928917e-06,1.0,0.0,0.0,8.769374918137555e-06,1.0,0.0999981593711413,0.2616043955007688,6.136843183081857e-09,1.0,0.0,0.0983930074789776,0.4270617087130464,4.325971412913168e-06,1.0,3.799321462526953e-05,1.0,0.0,0.0,1.110399951919283e-09,1.0,0.0,1.0,0.0008441220002682,1.612512647083622e-09,1.0,0.0,0.7595247830198469,4.1760002903146645e-11,1.0,0.0048468818551649,0.0879439818905649,9.3253225231493e-07,1.0,0.0,1.0,0.000137488235006,1.0,0.0,1.0,1.0392981492524692e-05,1.0,0.0998819160622595,0.3939457812634979,1.855970798509855e-07,1.0,0.0,1.290475982601437e-07,1.0,2.6032526122585867e-05,0.0,4.623509302623079e-10,1.0,2.9411732565332023e-08,0.0848665078939045,9.1911436815909e-16,1.0,0.0,0.0263055969674443,1.514607497495726e-05,1.0,0.0,1.0,1.0,6.640744683396078e-19,1.0,3.812399762151071e-05,0.0,2.741956950273599e-05,1.0,0.099999999999986,4.058665739764504e-05,3.0175013394262203e-17,1.0,0.0,0.0,3.290398456053566e-05,1.0,0.0,1.0,7.666817523439287e-07,1.0,0.0999999998756761,1.0,1.5415450897110704e-06,1.0,0.0477493887951546,1.2632561747692752e-06,0.0,0.2491130300265999,0.0,-0.4743738720486586,-0.1347226889235215,-1.1218622813261248,I,V,0
VAR_003138,,,,,,,1.7244035314722402e-05,1.3025772562817984e-07,9.458643681428416e-07,7.51498430300618e-08,3.1364118896409286e-10,7.829789351283865e-08,3.14611635629903e-05,2.9899241921356184e-05,8.072508455800321e-15,5.9869294599142856e-05,2.2591032853428333e-06,0.0008272102572705,2.719376517148705e-08,4.34868480017733e-05,0.0008189890311242,9.105249823790013e-08,1.338698065626147e-05,1.946138726479493e-05,1.3802377521621802e-05,2.980860891118443e-05,gnomADe_REMAINING,,,,,,,,,,,,,1.0,7.080523981542523e-07,1.0,1.0,1.3380032429710485e-12,1.0,0.0999873842412304,0.0002728086042433,1.0,1.0,6.331360542604108e-05,1.0,0.0,1.6879008520439133e-08,1.0,1.0,0.0001035289766943,1.0,0.0210805049673534,2.4756911846589905e-08,1.0,0.0857327285054585,3.763203097644663e-15,1.0,0.057666371085014,3.8417510397322704e-08,1.0,0.0999873760417884,5.318067249771631e-06,1.0,0.099827447203629,3.252097435740428e-05,1.0,1.0,4.316546762782663e-05,1.0,1.0,5.770819811059843e-11,1.0,1.0,1.8610031008685568e-06,1.0,0.0,1.2928773920044063e-16,1.0,0.0023883515425643,2.3010541543814013e-13,1.0,0.9482308045248742,7.512448134839786e-05,1.0,0.0,2.3639306633682053e-08,0.0,1.0,3.819548126031339e-06,1.0,AllofUs_EUR,5.441744380938299e-05,3.825233977525909e-08,1.0,C/C,C/C,6.17,5.891724840194429,3.846293677725532,0.0,0.002398303055417,1.0,1.0,1.4778170866995594e-05,1.0,2.5888059036488183e-08,2.2457286731956886e-10,1.0,0.6924272903414491,7.769927145484886e-07,1.0,1.0,2.2641269621300915e-05,1.0,0.4290937012208278,0.0003001854539499,1.0,0.3353122374885038,8.3934e-06,1.0,1.0,1.873947581705562e-05,1.0,0.0017279681120973,1.3902252448723798e-07,1.0,0.0999999926067762,4.477193443940639e-06,1.0,0.1014353790893861,3.151564127213862e-05,1.0,1.0,2.178900074940503e-05,1.0,0.0,0.0005338515557523,1.0,0.0,2.885562888472129e-08,1.0,0.1003291316334788,7.984548900586208e-06,1.0,1.0,2.5146000000001497e-05,1.0,0.0999992114633305,6.286069916092058e-07,1.0,0.1218045683917378,2.793600141705048e-06,1.0,0.0,1.500412090460849e-09,1.0,1.0,2.917800000000001e-07,1.0,0.0,4.5481963192255344e-08,1.0,6.295186176935656e-07,1.406038102983275e-08,1.0,1.0,6.47489927505094e-06,1.0,0.251965221166236,3.385801588739589e-05,1.0,0.0,4.842917170567272e-07,1.0,0.1667349999999072,1.2675512784721469e-05,1.0,0.2861888538314741,1.107959535311144e-05,1.0,0.0,1.6281807007624065e-07,1.0,0.6693075437086489,3.7855794024358216e-05,C/C,0.0001696639398669,1.0,2.46787200183537e-05,0.0,2.1416979691148406e-05,1.0,0.0,0.0999968659674195,2.0307664912781528e-08,1.0,0.0,1.0,4.669496820610694e-05,1.8528219133132428e-11,1.0,0.0,0.0999999970302295,6.037762395975266e-05,1.0,0.0,0.0999335939692809,1.5877032900400235e-10,1.0,0.0,1.0,6.313131072950464e-05,1.0,0.0,0.6248211483172166,0.0001190099742962,1.0,0.0,0.0999961133572531,6.413364417206746e-11,1.0,0.0,0.0,,0.2952208902037352,5.797362305326604e-05,1.0,8.439897130408652e-08,1.0,0.0,0.0,7.668112723867144e-10,1.0,0.0,1.0,0.0,0.0004492624627248,1.0,0.0,0.0,1.754878146229634e-06,1.0,0.0514174805173991,0.0955946240367747,1.2666696110360035e-05,1.0,0.0,1.0,4.399332138076321e-05,1.0,0.0,1.0,4.383732721413071e-05,1.0,0.0999999799067975,0.82747736532879,9.001582063211715e-06,1.0,0.0,4.651531154797055e-06,1.0,2.1688467005861103e-05,0.3712436023783743,9.123495404496943e-10,1.0,0.0,0.0866036543853591,3.3308856233098125e-10,1.0,0.0,1.0,9.756130689704068e-05,1.1302513341594013e-12,1.0,0.0,1.0,1.3786791368378733e-06,1.0,0.0308100606337407,0.0968993410521665,3.311871102702425e-07,1.0,0.0,1.0,5.025348009322589e-05,1.0,0.0,1.0,5.025355472792033e-05,1.0,0.0999999999990963,0.9418291770196596,1.5457923473706106e-05,1.0,0.0,0.0175981227835643,1.0,1.6347863978302368e-05,0.0,0.0005479688200882,1.0,0.0015452732140049,4.806308486279688e-11,1.225952962845582e-06,1.0,0.0,0.0,3.034301564689397e-06,1.0,0.0,1.0,0.0,6.333854797249631e-07,1.0,0.0139749866129152,0.0,8.636860110013284e-09,1.0,0.0005823740174565,0.0659206282105014,2.143059025139004e-06,1.0,0.0,1.0,2.0671994854475092e-05,1.0,0.0,1.0,0.0003930186463757,1.0,0.0001102845889635,0.1925014603657928,6.207405792325373e-07,1.0,0.036853073407611,0.0999960868435338,1.0,0.9361567472998882,1.0,7.73785324224419,0.5792811849228009,4.817825847230834,D,N,1
VAR_002751,,,,,,,,,,,,,,,,,,,,,,,,,,,,,,,,,,,,,,,,,,,,,,,,,,,,,,,,,,,,,,,,,,,,,,,,,,,,,,,,,,,,,,,,,,,,,,,,,,,,,G/G,G/G,5.34350817792713,5.229219216858232,3.092580328416453,,,,,,,,,,,,,,,,,,,,,,,,,,,,,,,,,,,,,,,,,,,,,,,,,,,,,,,,,,,,,,,,,,,,,,,,,,,,,,,,,,,,,,,G/G,,,,,,,,,,,,,,,,,,,,,,,,,,,,,,,,,,,,,,,,,,,,,,,,,,,,,,,,,,,,,,,,,,,,,,,,,,,,,,,,,,,,,,,,,,,,,,,,,,,,,,,,,,,,,,,,,,,,,,,,,,,,,,,,,,,,,,,,,,,,,,,,,,,,,,,1.0,0.9348320343081202,0.9761596549701116,4.645918465745518,0.6822603761857562,11.927,L,V,1
VAR_003077,,,,,,,,,,,,,,,,,,,,,,,,,,,,,,,,,,,,,,,,,,,,,,,,,,,,,,,,,,,,,,,,,,,,,,,,,,,,,,,,,,,,,,,,,,,,,,,,,,,,,T/T,T/T,5.865353635495201,-4.009666301845824,-3.109948292740952,1.0,2.6975101076886832e-08,1.0,0.0,5.606764398125888e-07,1.0,1.4807927746416612e-15,4.294903696250933e-09,1.0,0.0,4.4838457715473257e-08,1.0,0.3131435123578017,8.61685782502613e-07,1.0,0.0,3.605502042641592e-06,1.0,0.0864193350044978,3.139381318342353e-06,1.0,1.0,7.136572681180974e-07,1.0,2.8583991643962115e-06,5.924118090131913e-07,1.0,0.0999950639088146,7.737814864192653e-05,1.0,0.0996809769216811,4.106053084866069e-05,1.0,1.0,2.7658246371918375e-07,1.0,0.0,2.74977937369181e-10,1.0,1.0,8.435169493758648e-15,1.0,1.0469407716553141e-13,4.2424026047216224e-11,1.0,0.0,2.9457000176457982e-06,1.0,0.0224360599857887,2.1980173242298964e-28,1.0,0.0999134571079563,2.4797363391976144e-05,1.0,0.0,8.608918998192905e-14,1.0,1.0,1.7392932710375592e-06,1.0,1.0,1.59153327735077e-13,1.0,7.352781101693843e-08,4.1457185202346e-07,1.0,0.0,9.74829629711046e-11,1.0,0.0999962860133686,2.6013576462689768e-12,1.0,1.0,5.900016932795168e-06,1.0,0.0592436297380974,1.5144455243222518e-06,1.0,0.0,1.120011094749147e-11,1.0,1.0,1.6508860505314392e-05,1.0,,,T/T,3.001896657203711e-05,,,,,,,,,,,,,,,,,,,,,,,,,,,,,,,,,,,,,,,,,,,,,,,,,,,,,,,,,,,,,,,,,,,,,,,,,,,,,,,,,,,,,,,,,,,,,,,,,,,,,,,,,,,,,,0.0,5.575914000222904e-07,0.0,1.08780797048789e-06,1.0,4.509343222145691e-06,0.099999992789549,1.2201792591661955e-06,1.0,0.0,0.0,8.02817818171623e-26,1.0,0.0,1.0,0.0,2.6903711091102725e-06,1.0,0.0665085542306768,0.0,3.384479037253186e-14,1.0,0.0949758446381885,0.0999999735885536,6.6243942876458775e-09,1.0,0.0,1.0,7.627239000576293e-07,1.0,0.0,0.0,7.62724130964008e-07,1.0,0.0993280589398299,0.0,2.0602784406299486e-07,1.0,0.0999999983251296,0.0137886592044485,0.952944610759416,0.9387710469018724,0.938230875124286,0.5075268598485166,-0.7392585230903218,-0.0342287882889657,Q,H,0
VAR_002606,,,,,,,1.2438835743119466e-06,3.3591210828793745e-05,4.3596900458411535e-18,1.3341501385199537e-07,4.534203764608314e-05,4.084680046598669e-06,3.4340050660201505e-11,2.0782238521860153e-09,3.4950969041379095e-08,,,,,,,,,,,4.538861952729535e-05,gnomADe_EAS,,,,,,,,,,,,,,,,,,,,,,,,,,,,,,,,,,,,,,,,,,,,,,,,,1.0,0.0017291362174107,1.0,1.0,1.834200000037223e-06,1.0,0.0,8.851398707392714e-18,1.0,0.9691435368178988,8.370900000000001e-05,1.0,1.0,2.3086151905122302e-14,0.0,0.0,1.276569179632865e-12,1.0,1.0,8.446924789072652e-05,1.0,AllofUs_EAS,0.0091184147449588,8.68226020468133e-07,0.0,G/G,G/G,5.658026903718979,5.51741893466336,,,,,,,,,,,,,,,,,,,,,,,,,,,,,,,,,,,,,,,,,,,,,,,,,,,,,,,,,,,,,,,,,,,,,,,,,,,,,,,,,,,,,,,,G/G,8.398676978834543e-05,,,,,,,,,,,,,,,,,,,,,,,,,,,,,,,,,,,,,,,,,,,,,,,,,,,,,,,,,,,,,,,,,,,,,,,,,,,,,,,,,,,,,,,,,,,,,,,,,,,,,,,,,,,,,,0.0,5.793423511033582e-06,0.0,2.128674401678562e-08,1.0,0.0966870909702899,0.0554667877408595,6.944091793848702e-07,1.0,0.0,0.0,5.880205089163609e-16,1.0,0.0,1.0,1.0,2.287831200521389e-07,1.0,0.0999963906981107,1.0,4.0597868380933626e-05,1.0,0.0999999999999987,2.799063189151488e-14,4.410098533452454e-07,1.0,0.0,0.0,2.7607238410231134e-07,1.0,0.0,1.0,0.0008644591402669,1.0,0.0999999996620776,0.0,4.135551414437055e-12,1.0,0.0892786304751764,3.907381805845511e-06,0.9900109859195396,0.9665967492527388,0.9678203247560868,9.729943648608648,0.702104541302957,9.57113055631448,P,S,1
VAR_002781,,,,,,,6.354513807681242e-07,2.894269920094866e-05,8.47057348001474e-08,1.402016146329518e-05,2.9500766633349103e-10,2.2218217951972524e-06,6.569319013753109e-08,5.445697042652271e-09,1.217276186735664e-24,,,,,,,,,,,2.688304146788741e-05,gnomADe_AFR,,,,,,,,,,,,,,,,,,,,,,,,,,,,,,,,,,,,,,,,,,,,,,,,,1.0,0.0015375693647085,1.0,0.0,7.086992154670497e-05,1.0,1.0,8.705380758668949e-06,1.0,0.0943795795301284,6.077749284756687e-08,0.0,1.0,2.5285851740162766e-10,0.0,0.4922020244143437,1.1879932295159295e-08,1.0,0.0,8.342100000000335e-06,1.0,AllofUs_AFR,0.0999999994020627,4.398874944719184e-09,1.0,C/C,C/C,5.527741891501155,3.2143367071105926,,,,,,,,,,,,,,,,,,,,,,,,,,,,,,,,,,,,,,,,,,,,,,,,,,,,,,,,,,,,,,,,,,,,,,,,,,,,,,,,,,,,,,,,C/C,2.748532275802541e-05,,,,,,,,,,,,,,,,,,,,,,,,,,,,,,,,,,,,,,,,,,,,,,,,,,,,,,,,,,,,,,,,,,,,,,,,,,,,,,,,,,,,,,,,,,,,,,,,,,,,,,,,,,,,,,1.0,1.4129759429653662e-06,1.0,1.3390445230175025e-05,1.0,0.0999999999999991,0.0037544698692848,0.0011185570165611,1.0,0.0,0.1688564597253959,1.587713745831843e-11,1.0,0.0,1.0,1.0,4.364289033713285e-08,1.0,0.0929129981789635,0.9099868252712676,5.314106432393566e-12,1.0,0.0999999687057383,0.099984696913093,3.864680112470271e-09,1.0,0.0,0.0,1.1352026863117742e-12,1.0,0.0,1.0,0.0006289264538703,1.0,8.904542452449936e-07,0.0,3.049430705580282e-07,1.0,0.0011058237964742,0.0999726141267002,0.9862483127705366,1.0,1.0,0.9905270279123448,0.6974405677386253,2.9734503488329755,L,F,0
VAR_002792,,,,,,,6.185272033024676e-07,0.0001014371218536,9.004695187241454e-16,0.0001081251045921,0.001392731780011,1.3658548522147796e-08,2.741197372980607e-06,6.27027158607208e-05,3.90399395669267e-08,,,,,,,,,,,0.0002863472867206,gnomADe_NFE,,,,,,,,,,,,,0.0,1.5503218336160412e-06,1.0,1.0,0.0003682487790858,1.0,0.0999373566767002,2.3864770277943428e-15,1.0,1.0,0.0025840031201393,1.0,0.0,0.0003643810921102,0.0,1.0,9.906750540879492e-06,1.0,0.0999999997151643,2.163543774360638e-22,1.0,3.320415535136732e-07,1.9873252065379323e-13,0.0,0.6576291279343791,6.056995369770837e-06,1.0,0.0999894508736243,2.7461533843859665e-05,1.0,0.0902781863959729,3.7529687100168217e-07,1.0,1.0,3.3493230100776506e-06,1.0,,,,,,,,,,,,,,,,,,,,,,,,,,G/G,G/G,5.767608899906955,5.505177323461875,3.8635925556244826,,,,,,,,,,,,,,,,,,,,,,,,,,,,,,,,,,,,,,,,,,,,,,,,,,,,,,,,,,,,,,,,,,,,,,,,,,,,,,,,,,,,,,,G/G,2.104200000001001e-05,0.0,8.226243000259807e-06,0.1549504528899041,3.553752684447581e-06,1.0,0.0,3.173411685003873e-12,4.400273517698105e-20,1.0,0.0,1.0,0.0378438137064858,3.081048373810191e-05,1.0,0.0,0.0999999933855139,2.8260528493813104e-08,1.0,0.0,0.0966207576163253,1.4767755416422955e-05,1.0,0.0,0.9099934636323276,2.614118221208972e-05,1.0,0.0,0.0,0.0003864029257058,1.0,0.0,0.0091600408656131,7.945177015171461e-10,1.0,0.0,0.0,,0.0,3.801699215699417e-06,0.0,0.0001282800710548,1.0,0.0,0.4091534482004638,2.3128461644898934e-14,1.0,0.0,1.0,0.0,1.188646475684809e-06,1.0,0.0,0.0,1.0413919040340992e-05,1.0,2.1101160697250915e-10,0.0999998171380884,3.367240051980868e-05,1.0,0.0,0.8192508357377559,8.775864000000002e-06,1.0,0.0,0.0,1.0931387694595915e-05,1.0,0.099974612553135,0.0,4.9346575791996346e-11,1.0,0.0,6.996182594383743e-05,1.0,7.032561350352155e-05,0.2660369520004375,3.871333528594827e-28,1.0,0.0,0.0,4.157510680031793e-07,1.0,0.0,1.0,0.0999640435030909,1.207747566597499e-07,1.0,0.0,1.0,4.196786878016321e-06,1.0,1.3742733730856486e-10,0.0066355841517715,1.843770958734816e-07,1.0,0.0,1.0,1.0055182873668883e-05,1.0,0.0,1.0,4.99191276686829e-05,1.0,0.1,0.0684142397397129,1.5254621273983654e-08,1.0,0.0,1.097370958716865e-06,0.0,5.946430432062151e-07,0.0,1.1500101825869677e-06,1.0,0.0999576570424241,0.0016992137794081,5.13749159707317e-07,1.0,0.0,0.2226639054074736,2.7131967769557984e-08,1.0,0.0,1.0,0.7077624431676923,3.911952771420403e-05,1.0,0.0954060790204031,1.0,1.027062594996283e-16,1.0,0.0999870932149761,0.0999982706868739,1.951714573069288e-09,1.0,0.0,1.0,8.997851420242825e-05,1.0,0.0,1.0,7.627653e-07,1.0,0.0999380371123408,0.0,0.0001882022458777,1.0,0.002185812477767,0.0625377638224266,1.0,0.679514728814191,0.9986614801356676,10.003,0.6216905996830494,11.712998050824456,P,S,1
VAR_002697,,,,,,,,,,,,,,,,,,,,,,,,,,,,,,,,,,,,,,,,,,,,,,,,,,,,,,,,,,,,,,,,,,,,,,,,,,,,0.0,8.611242513566509e-15,1.0,0.0,1.305488924898598e-05,1.0,0.0,1.0524077381696429e-19,1.0,6.550310598130851e-08,8.140591578861362e-13,1.0,0.0,3.2931994859929685e-11,1.0,1.0,2.683713161515995e-09,1.0,0.0,0.001574041187339,1.0,AllofUs_MID,4.248327471543855e-12,5.111579945792656e-08,1.0,T/T,T/T,5.736142557989955,5.77788411753005,,0.0,1.8446465515795384e-08,1.0,1.0,5.474700003825261e-07,1.0,0.0438334886569844,5.894683662493352e-07,1.0,0.1160603936887991,0.0006137922444669,1.0,0.5224176487829768,8.659089300747235e-07,1.0,1.0,1.4271505003000196e-11,1.0,1.581112189174604e-08,2.0845652750919557e-09,1.0,0.0,1.5259487040904963e-06,1.0,0.0991822926342074,7.090368986835344e-06,1.0,0.0027823818791172,1.7362693551145196e-14,1.0,0.0001253364626579,2.060504161100759e-05,1.0,1.0,1.1043000006553305e-06,1.0,0.0,5.216927460444018e-09,1.0,0.6252155834675607,8.486223890433169e-06,1.0,0.0999999999998989,2.673897880227444e-07,1.0,1.0,1.9468787507183125e-06,1.0,0.0001033051888844,3.103784683509219e-06,1.0,2.522802574557856e-07,2.5438500872897255e-05,1.0,0.5701355892748382,1.275342921632146e-05,1.0,1.0,5.335561128179759e-14,1.0,0.0,2.5087044645595223e-06,1.0,0.0761517415444782,8.932329813968324e-07,1.0,1.0,1.0981221768582815e-10,1.0,0.0999975303497658,5.701854140898199e-12,1.0,0.7959500484007879,5.6722861606109184e-11,1.0,0.0999999923696916,5.066557653250569e-09,1.0,0.0,1.0977223679925138e-12,1.0,1.0,6.345557087081395e-05,1.0,,,T/T,0.0011448071446422,,,,,,,,,,,,,,,,,,,,,,,,,,,,,,,,,,,,,,,,,,,,,,,,,,,,,,,,,,,,,,,,,,,,,,,,,,,,,,,,,,,,,,,,,,,,,,,,,,,,,,,,,,,,,,1.0,5.576211000072986e-07,1.0,1.0557292077497478e-11,1.0,0.0777651590910842,3.7311060185509815e-11,3.978086654572385e-05,1.0,0.0,0.0,3.382794778037688e-11,1.0,0.0,1.0,0.0,1.1781129072862162e-09,1.0,0.0999897301196378,0.0,7.447449282181536e-05,1.0,0.0103979864640652,0.0011482499026778,1.610155934380559e-13,1.0,0.0,1.0,9.467208931479422e-07,1.0,0.0,1.0,8.25431355663223e-06,1.0,0.0999969995511353,0.0,8.806727729787998e-08,1.0,0.089688009702314,2.819206067300414e-09,0.9576567510078128,0.9829947136919592,1.0,0.7495669809528828,0.6236083139552862,4.802955348259488,I,L,0
VAR_002787,,,,,,,,,,,,,,,,5.923985281940013e-06,0.0001782282798117,2.1980590799944197e-06,1.4045595509374212e-08,3.1673234230177653e-07,1.4471227264247652e-08,3.775832853744577e-08,1.3906155659870116e-05,1.5578775733157253e-08,7.780067431655668e-16,0.000115954950844,gnomADg_NFE,,,,,,,,,,,,,1.0,6.76205213732738e-06,1.0,0.0,2.0224530817469463e-14,1.0,0.093933480278864,5.491664786758215e-06,1.0,1.0,1.3836346972442406e-10,1.0,0.0,9.597582302210936e-06,1.0,0.0,4.200399193069717e-10,1.0,0.0999958855736672,5.506802259400724e-07,0.0,4.3405472123161104e-20,4.646864110508153e-06,1.0,0.1496700648326625,2.4223461534100945e-08,0.0,8.014955381638173e-13,0.0016257814918434,1.0,0.0001512828056025,7.275153750113375e-07,1.0,1.0,6.394931492578426e-09,1.0,,,,,,,,,,,,,,,,,,,,,,,,,,A/A,A/A,5.480102667509852,5.421024014572745,2.5829166236564665,,,,,,,,,,,,,,,,,,,,,,,,,,,,,,,,,,,,,,,,,,,,,,,,,,,,,,,,,,,,,,,,,,,,,,,,,,,,,,,,,,,,,1.0,3.407731245418737e-06,A/A,3.42356942200964e-06,,,,,,,,,,,,,,,,,,,,,,,,,,,,,,,,,,,,,,,,,,,,,,,,,,,,,,,,,,,,,,,,,,,,,,,,,,,,,,,,,,,,,,,,,,,,,,,,,,,,,,,,,,,,,,0.0,2.7129546806871326e-06,0.0,1.3150290996497196e-05,1.0,1.9184652010415064e-19,7.062420481838333e-18,0.0003826313278388,1.0,0.0,0.0,6.827193726901376e-06,1.0,0.0,1.0,0.462128320095077,2.035567414354889e-05,1.0,0.0818460666568744,0.0,0.0003859842781818,1.0,3.249762403701312e-08,0.0944626031474774,6.887234677540452e-06,1.0,0.0,0.0,7.628034647381413e-07,1.0,0.0,1.0,7.628228891876082e-07,1.0,1.8720825771957505e-08,0.0,3.9903917370297976e-10,1.0,0.0112355974744188,0.0993277409120691,0.9933631405685162,1.0,1.0,4.53252207064289,0.756,10.91076491410855,I,N,1
VAR_003176,,,,,,,,,,,,,,,,5.913991279875955e-06,2.170800007393764e-05,2.5286331606358746e-10,7.100457936813342e-07,3.0638010203142114e-08,2.376903179108789e-07,2.7604905749895623e-06,6.649621686663532e-11,3.3472307517830823e-13,2.319373108552786e-06,0.0001475628691464,gnomADg_AFR,,,,,,,,,,,,,,,,,,,,,,,,,,,,,,,,,,,,,,,,,,,,,,,,,,,,,,,,,,,,,,,,,,,,,,,,,,C/C,C/C,5.481494108487483,5.433481350999838,3.451182017237109,,,,,,,,,,,,,,,,,,,,,,,,,,,,,,,,,,,,,,,,,,,,,,,,,,,,,,,,,,,,,,,,,,,,,,,,,,,,,,,,,,,,,,,C/C,5.549400000001656e-05,0.0323174511164875,2.394420965016597e-12,0.5260614485696615,2.579488881348029e-08,1.0,0.0,0.002300299084388,1.0356790801228502e-19,1.0,0.0,1.0,0.0018656313102425,3.109647110305339e-15,1.0,0.0,0.000631708087594,2.072830952673948e-06,1.0,0.0,0.0153935198930997,6.38699627227242e-07,1.0,0.0,0.4159339090010927,2.202476960255332e-06,1.0,0.0,,,,,0.0003890942151075,6.720276412590993e-07,1.0,0.0,0.0,,1.0,1.8542059431638375e-14,0.1932772858726541,4.111126886917695e-06,1.0,0.0,0.8890643113272504,4.1077605440663394e-08,1.0,0.0,1.0,0.3528094120617398,0.0004561022078949,1.0,0.0,0.0,0.0009811928080426,1.0,0.0999998363360746,0.0999884527324333,2.450499633422675e-10,1.0,0.0,0.0,2.247866100913155e-05,1.0,0.0,,,,,0.0,0.0002266099664165,1.0,0.0,0.0068471818245991,0.0,4.324887268742736e-06,1.0,5.562754826611127e-05,1.0,0.0,0.0,3.849548790191509e-05,1.0,0.0,1.0,0.0010361196496832,6.872744753206895e-09,1.0,0.0,0.044059797786365,4.919953597762008e-11,1.0,0.0081338059200758,0.0290121606383101,4.4852502919796996e-10,1.0,0.0,0.0,1.5489641617484534e-06,1.0,0.0,0.0,6.235155360393071e-05,1.0,0.0708072939354185,0.5273652920236778,5.959032668278752e-05,1.0,0.0,0.0132468079416542,1.0,6.759090834045349e-06,0.0,1.4764313140094915e-05,1.0,0.0996800862838814,0.0999847837857749,4.1568666449546366e-05,1.0,0.0,0.0,2.3093208734464026e-08,1.0,0.0,1.0,0.0,6.285743228607658e-07,1.0,2.7587040878363374e-07,0.0,0.0001735609794122,1.0,0.04295006207648,0.0999999999999999,1.0620310524852062e-06,1.0,0.0,1.0,1.7322983681952287e-05,1.0,0.0,0.0,1.2037433747683609e-05,1.0,0.0093873717749565,0.0,4.001566615491914e-07,1.0,0.0999875827551657,0.0559865734848094,1.0,0.9368778463958412,1.0,5.1400929667223485,0.6420103260706147,7.138816839926214,V,I,0
VAR_002589,,,,,,,4.427503004882778e-06,3.5336649284781988e-06,2.363941667594799e-06,1.2044477996411772e-08,1.627411129982934e-07,1.2976378995423868e-09,7.212079039875353e-07,7.800190255152949e-08,0.0001332273423145,,,,,,,,,,,4.000865364168731e-05,gnomADe_AFR&gnomADe_AMR&gnomADe_ASJ&gnomADe_EAS&gnomADe_FIN&gnomADe_MID&gnomADe_NFE&gnomADe_REMAINING&gnomADe_SAS,,,,,,,,,,,,,,,,,,,,,,,,,,,,,,,,,,,,,,,,,,,,,,,,,,,,,,,,,,,,,,,,,,,,,,,,,,C/C,C/C,5.593676058201372,4.377239956722508,,0.0,2.972115582457212e-05,1.0,0.0,5.474708541567141e-07,1.0,0.1,1.3693147468917983e-09,1.0,0.0,0.0001382394089456,1.0,0.0,1.5291000000003822e-09,1.0,0.1630039133052674,2.855262157963729e-08,1.0,2.757522216095281e-09,8.35560958923611e-11,1.0,1.0,3.2014738629169385e-08,1.0,5.5211959162106054e-08,1.4875247341273304e-05,1.0,0.0639601697214982,2.222036884724636e-05,1.0,0.0030574237551399,1.206400100651026e-06,1.0,1.0,1.9624741593966082e-09,1.0,1.0,1.2619108715585632e-05,1.0,0.2339125224406805,1.5516808522282882e-08,1.0,0.0975755958187842,1.3524269913069276e-06,1.0,0.0,2.470343987312589e-12,1.0,8.977605135701792e-06,2.7213101682124232e-12,1.0,0.0923543923447209,8.716564161694147e-08,1.0,0.0,4.588982912416264e-05,1.0,1.0,0.0001308086340273,1.0,0.0,4.044013313506863e-10,1.0,0.0013282370281369,6.737842870123823e-07,1.0,0.0,8.822589189147691e-17,1.0,0.0999952481654796,3.509767941632306e-05,1.0,0.4140287170503163,2.124711726216975e-07,1.0,0.0434397861579379,5.979880209459193e-05,1.0,0.1582148779367067,3.979800194484196e-07,1.0,1.0,9.423000777114897e-06,1.0,,,C/C,1.2619900200486066e-05,,,,,,,,,,,,,,,,,,,,,,,,,,,,,,,,,,,,,,,,,,,,,,,,,,,,,,,,,,,,,,,,,,,,,,,,,,,,,,,,,,,,,,,,,,,,,,,,,,,,,,,,,,,,,,,,,,,,,,,,,,,,,,,,,,,,,,,,,,,,,,,,,,,,,,0.9989074538565372,0.8395825009304118,1.0,3.783666826646719,0.6141776174832577,6.497966496820403,D,Y,1
VAR_002723,,,,,,,,,,,,,,,,,,,,,,,,,,,,,,,,,,,,,,,,,,,,,,,,,,,,,,,,,,,,,,,,,,,,,,,,,,,,,,,,,,,,,,,,,,,,,,,,,,,,,G/G,G/G,5.39007931680506,5.340882941672163,3.007458252200574,,,,,,,,,,,,,,,,,,,,,,,,,,,,,,,,,,,,,,,,,,,,,,,,,,,,,,,,,,,,,,,,,,,,,,,,,,,,,,,,,,,,,,,G/G,3.293757650779643e-05,,,,,,,,,,,,,,,,,,,,,,,,,,,,,,,,,,,,,,,,,,,,,,,,,,,,,,,,,,,,,,,,,,,,,,,,,,,,,,,,,,,,,,,,,,,,,,,,,,,,,,,,,,,,,,0.0,3.065908534974095e-05,0.7522207051611421,2.4629519242335846e-06,1.0,0.0685917473948312,0.0999999999991046,1.0079375408898032e-08,1.0,0.0,0.4057127593906057,3.974998295955274e-11,1.0,0.0,1.0,1.0,3.825540404629832e-05,1.0,1.1940275237610107e-05,0.0,0.001626188184857,1.0,0.0009924436799721,0.0971568325305781,7.26854869821671e-10,1.0,0.0,1.0,7.034084381920987e-12,1.0,0.0,1.0,3.064781072165943e-05,1.0,0.0151728585110804,1.0,3.190847653757565e-05,1.0,1.2819645061609686e-07,0.1,0.9788885714287128,0.6508945286784987,1.0,8.15619301043409,0.6826734618098205,8.433845248979244,L,F,0
VAR_003004,,,,,,,1.8056440527797923e-05,0.0001817103765449,5.785029179008568e-06,1.2886017851076656e-06,4.337666540816376e-05,3.616381937472684e-09,2.573489542088255e-05,8.462032799603364e-05,8.087655914191583e-06,4.66665287445694e-05,4.2394269364070654e-13,1.8567163377847998e-09,1.0812600984712534e-07,7.104302198263861e-05,0.0001831162699245,5.765662120436279e-08,9.321820351923804e-05,1.9963165367757573e-08,2.012470491200105e-12,9.26100281564572e-05,gnomADg_NFE,,,,,,,,,,,,,1.0,3.990304819033807e-15,1.0,0.0,2.915286905687408e-06,1.0,0.0001722676877872,6.80651108176263e-05,1.0,0.0,1.0214699008722931e-06,1.0,0.0,4.30140878189749e-06,1.0,0.0,6.770116407183295e-05,1.0,0.0132688320378072,3.930825776782329e-15,1.0,0.0971771506423087,5.144106103755845e-06,1.0,0.0,1.0749241519067243e-16,1.0,3.2211155252058377e-06,6.00063131171699e-05,0.0,1.2968883397318131e-20,3.504147762376714e-07,1.0,1.0,5.080153593361229e-05,1.0,1.0,2.7826855492205723e-05,1.0,1.0,2.567700000956852e-05,1.0,0.0,1.3137451149758929e-05,1.0,4.319287073091108e-06,5.647840028215076e-06,0.0,0.5172598410758678,3.8556010823886026e-05,1.0,0.0,8.42418094995274e-14,1.0,1.0,6.93529888003875e-05,1.0,AllofUs_EUR,9.57981027920085e-10,5.967104868728276e-10,0.0,A/A,A/A,5.799889913305108,4.631853758409585,-0.2895050231345303,1.0,1.2822262572422575e-09,1.0,1.0,2.0259311757123464e-05,1.0,0.0999998781767007,0.0007071719468957,1.0,0.7985966937843965,1.6823322636908636e-05,1.0,1.0,3.577190239954736e-05,1.0,1.0,3.305700014097772e-05,1.0,0.078437094800512,2.5645951061575124e-08,1.0,1.0,4.273912143216032e-05,1.0,1.726193998619271e-06,1.181258124763134e-05,1.0,0.0465543427129337,1.072180711140474e-09,1.0,0.1478571219940164,2.766795018312468e-05,1.0,1.0,2.7954e-05,1.0,0.0,2.9242881736627814e-07,1.0,0.5812913177519241,1.6144723626578313e-06,1.0,0.0713393511440499,6.179704005320082e-06,1.0,1.0,3.1297707268585605e-05,1.0,0.0221130000000106,1.2548293527046698e-06,1.0,0.089458120125784,1.1196027574256649e-05,1.0,1.0,1.4518127196166773e-08,1.0,0.0,2.298639660686585e-05,1.0,1.0,9.752508725175296e-06,1.0,0.0999999999990757,9.59077462889854e-06,1.0,0.7801583538718388,2.5152438924107585e-08,1.0,0.0002636377564829,1.0262109374159647e-25,1.0,0.0,1.3617202899489043e-05,1.0,0.0015445615808403,0.0017876503107941,1.0,0.0,7.530696797737165e-05,1.0,0.0,7.1538912364948306e-09,1.0,1.0,3.4021696222948215e-05,A/A,0.000189842243768,0.0,3.899852606751849e-06,0.0,0.0002293287584868,1.0,0.0,0.0999997554698676,1.0606090078330089e-07,1.0,0.0,1.0,0.075732222840056,0.000521951267532,1.0,0.0,0.0999999999937828,7.32844791218667e-07,1.0,0.0,0.0205731606173683,1.055203936940718e-06,1.0,0.0,1.0,2.058544073367857e-08,1.0,0.0,,,,,0.0324417216874174,1.4117583932999756e-05,1.0,0.0,0.0,,0.5389436881546344,3.806233533026132e-06,0.0,3.035241322730068e-06,1.0,0.0,0.2578987569142202,1.6606301099932102e-06,1.0,0.0,1.0,0.9129154276332492,0.000137200751394,1.0,0.0,0.0,3.611911185920411e-09,1.0,0.0999103419611723,2.005170346254302e-06,2.044499672562692e-15,1.0,0.0,0.5641625324263936,8.787181058269564e-06,1.0,0.0,0.0,1.1956128944233507e-05,1.0,0.0999999393749765,0.7138982822902212,5.00258195979555e-10,1.0,0.0,0.001650576860304,1.0,6.64152309898978e-06,0.0,1.276162434252425e-07,1.0,0.0,0.0,8.740443904857381e-07,1.0,0.0,1.0,0.0992878031637373,7.856279616855376e-08,1.0,0.0,0.0,6.697946021382496e-11,1.0,2.296321857211201e-08,0.0999999999992418,3.475895595771901e-10,1.0,0.0,0.5317076061034689,1.0059576788144847e-05,1.0,0.0,0.0,1.040925757266914e-05,1.0,0.0999998584225809,0.0,8.007090051284179e-10,1.0,0.0,0.0987020197977363,1.0,2.024755825987896e-05,1.0,4.807819875961002e-06,1.0,0.0009606361951944,1.8376870349511628e-20,0.0008361642795853,1.0,0.0,0.378474811978139,6.673646381906216e-14,1.0,0.0,1.0,0.0,1.6228475558436812e-08,1.0,0.0999999999995609,0.0,0.0002853507828541,1.0,0.0999864720488857,0.081668765309805,1.1933795058041724e-05,1.0,0.0,1.0,2.7459000000001127e-05,1.0,0.0,1.0,0.0004556235283265,1.0,0.0999999124681617,0.0,3.561528952084211e-07,1.0,0.0107992932294247,0.0210181038283378,0.9836502790196192,0.8785219700278576,0.0006405876541168,0.543865290382214,-0.070249024449339,-1.1980584623078434,H,Q,1
VAR_002966,,,,,,,3.414439598674281e-06,0.0001245122417636,1.738352996434059e-07,1.2428405032535643e-10,1.2393407134374214e-07,5.767396502776079e-05,1.203339617806611e-06,2.665190573181474e-16,2.1804113557276346e-13,,,,,,,,,,,7.66359848813514e-06,gnomADe_NFE,,,,,,,,,,,,,0.0,3.920874642955311e-06,1.0,1.0,1.2423228906586168e-05,1.0,0.0691292833200577,1.6870403718894564e-05,1.0,0.2819684923799638,5.868065387231832e-09,0.0,0.136396334659732,0.0012330882695429,0.0,0.0,4.546626363298856e-08,1.0,8.664774186089203e-07,2.419419785863619e-06,1.0,0.0287156319592458,1.8094788411744968e-21,1.0,0.0,4.987426133117306e-12,1.0,0.0945930121861782,4.805490226859509e-07,1.0,0.1,1.2157652285451197e-07,1.0,1.0,1.0288259108675362e-07,1.0,,,,,,,,,,,,,,,,,,,,,,,,,,C/C,C/C,5.627732178729838,4.103377703164219,2.573316101327197,1.0,8.675749105214163e-10,1.0,1.0,1.6704092654557992e-06,1.0,0.000373323091339,2.2627821122579525e-24,1.0,0.0,1.2438467397960523e-05,1.0,0.0,2.375750065629278e-06,1.0,1.0,6.522300000000644e-07,1.0,0.0005202384246031,1.079456195255132e-06,1.0,0.0,2.1729235471871417e-06,1.0,0.0193784853990849,2.6267423523038582e-08,1.0,1.6358722715294732e-08,2.574712476238453e-07,1.0,0.0420841807878978,1.584208030014452e-09,1.0,1.0,2.851201109323285e-06,1.0,0.0,7.269284690397888e-09,1.0,0.0,7.723317491863896e-12,1.0,0.0999999999999881,1.1568937987807637e-08,1.0,1.0,1.056199673974914e-05,1.0,0.0089647421350196,9.65732978573401e-06,1.0,0.0098436314895245,4.350315563995257e-07,1.0,0.0,2.765140955170454e-06,1.0,0.0,1.267031831091758e-05,1.0,0.0,4.736795754356949e-06,1.0,3.202178096306523e-05,6.221098909845288e-12,1.0,0.0,1.0531247893932112e-05,1.0,0.0018419171135126,1.7019310222752127e-08,1.0,0.5741882423687655,3.96231526837352e-09,1.0,8.204779938674119e-13,1.9477712377038538e-15,1.0,0.3449483099724045,1.2869552409103264e-05,1.0,1.0,9.23371502973097e-15,1.0,0.0,3.606144492549126e-06,C/C,7.662080349933693e-05,,,,,,,,,,,,,,,,,,,,,,,,,,,,,,,,,,,,,,,,,,,,,,,,,,,,,,,,,,,,,,,,,,,,,,,,,,,,,,,,,,,,,,,,,,,,,,,,,,,,,,,,,,,,,,0.0,5.577197007704079e-07,0.0,1.4972386158224764e-11,1.0,0.0999999999999999,0.0922061372181255,0.0001262320090933,1.0,0.0,0.2011024309395216,4.755335817904315e-12,1.0,0.0,1.0,0.0,9.36405438060526e-12,1.0,0.0997990279544194,1.0,1.1181586139742534e-07,1.0,0.0999991611439294,5.190488069748364e-05,2.237140636161844e-07,1.0,0.0,1.0,2.6440699955186955e-05,1.0,0.0,0.0,1.6342919274547316e-05,1.0,0.0999998255664947,0.0,1.8366938218394345e-06,1.0,0.0327112459509494,2.568404125756466e-05,0.9466751431666852,0.1390488670679339,1.0,6.657045396738419,0.6175462667622905,5.13333288326968,V,M,0
VAR_002676,,,,,,,,,,,,,,,,,,,,,,,,,,,,,,,,,,,,,,,,,,,,,,,,,,,,,,,,,,,,,,,,,,,,,,,,,,,,,,,,,,,,,,,,,,,,,,,,,,,,,C/C,C/C,5.793794971226175,5.850264474219138,,,,,,,,,,,,,,,,,,,,,,,,,,,,,,,,,,,,,,,,,,,,,,,,,,,,,,,,,,,,,,,,,,,,,,,,,,,,,,,,,,,,,,,,C/C,,,,,,,,,,,,,,,,,,,,,,,,,,,,,,,,,,,,,,,,,,,,,,,,,,,,,,,,,,,,,,,,,,,,,,,,,,,,,,,,,,,,,,,,,,,,,,,,,,,,,,,,,,,,,,,,,,,,,,,,,,,,,,,,,,,,,,,,,,,,,,,,,,,,,,,0.9758838561029202,0.9860564505982884,0.986565808382578,7.952524197310753,0.5624963008559036,7.242750948522135,G,R,1
VAR_003060,,,,,,,,,,,,,,,,,,,,,,,,,,,,,,,,,,,,,,,,,,,,,,,,,,,,,,,,,,,,,,,,,,,,,,,,,,,,,,,,,,,,,,,,,,,,,,,,,,,,,C/C,C/C,5.883089842143479,5.711535850627175,3.5087855310074647,,,,,,,,,,,,,,,,,,,,,,,,,,,,,,,,,,,,,,,,,,,,,,,,,,,,,,,,,,,,,,,,,,,,,,,,,,,,,,,,,,,,,,,C/C,0.0008536068540294,,,,,,,,,,,,,,,,,,,,,,,,,,,,,,,,,,,,,,,,,,,,,,,,,,,,,,,,,,,,,,,,,,,,,,,,,,,,,,,,,,,,,,,,,,,,,,,,,,,,,,,,,,,,,,0.0,5.578580383829413e-07,0.0,1.758014602964104e-22,1.0,0.065157055261509,0.0999990767959974,1.5435491762001782e-13,1.0,0.0,0.442201176120449,2.788294492013678e-06,1.0,0.0,1.0,0.0,1.6112655013196754e-07,1.0,0.0016327819981737,0.0,2.00732385176764e-05,1.0,4.8173073125959896e-12,0.0001884524697139,1.0667321118047693e-07,1.0,0.0,1.0,1.1639575938047861e-15,1.0,0.0,1.0,4.127675598798951e-05,1.0,0.0002490383302186,0.5832816553114,1.7601134566111573e-07,1.0,9.467846447843708e-05,0.0998841505977101,1.0,0.390258797668166,0.9295816318281636,6.955733878781542,0.6369421377860294,5.529862465944953,D,H,0
