Variant_ID,predicted_probability,predicted_label,threshold_used,model_id,uncertainty_flag
VAR_004572,0.7385118410701217,1,0.4381502900787569,audited_master_only_lgbm,confident_pathogenic
VAR_004387,0.03492038803477852,0,0.4381502900787569,audited_master_only_lgbm,confident_benign
VAR_001540,0.4473119676187159,1,0.4381502900787569,audited_master_only_lgbm,uncertain
VAR_000808,0.9759675232588885,1,0.4381502900787569,audited_master_only_lgbm,confident_pathogenic
VAR_000082,0.9010476612246153,1,0.4381502900787569,audited_master_only_lgbm,confident_pathogenic
VAR_002119,0.17189570637642032,0,0.4381502900787569,audited_master_only_lgbm,confident_benign
VAR_006245,0.051246596238814245,0,0.4381502900787569,audited_master_only_lgbm,confident_benign
VAR_000163,0.8432789630898023,1,0.4381502900787569,audited_master_only_lgbm,confident_pathogenic
VAR_005692,0.9408958304589998,1,0.4381502900787569,audited_master_only_lgbm,confident_pathogenic
VAR_006030,0.7714568911870474,1,0.4381502900787569,audited_master_only_lgbm,confident_pathogenic
VAR_004890,0.05646815243646916,0,0.4381502900787569,audited_master_only_lgbm,confident_benign
VAR_000584,0.25944156378547606,0,0.4381502900787569,audited_master_only_lgbm,confident_benign
VAR_003833,0.013334721755166914,0,0.4381502900787569,audited_master_only_lgbm,confident_benign
VAR_001918,0.7297224683914038,1,0.4381502900787569,audited_master_only_lgbm,confident_pathogenic
VAR_002625,0.9199888129848589,1,0.4381502900787569,audited_master_only_lgbm,confident_pathogenic
VAR_001845,0.14247089469741095,0,0.4381502900787569,audited_master_only_lgbm,confident_benign
VAR_001979,0.8528526927755274,1,0.4381502900787569,audited_master_only_lgbm,confident_pathogenic
VAR_000636,0.9694042671759324,1,0.4381502900787569,audited_master_only_lgbm,confident_pathogenic
VAR_005011,0.5358635753572291,1,0.4381502900787569,audited_master_only_lgbm,confident_pathogenic
VAR_005563,0.9674302331853742,1,0.4381502900787569,audited_master_only_lgbm,confident_pathogenic
VAR_002538,0.9730050589603765,1,0.4381502900787569,audited_master_only_lgbm,confident_pathogenic
VAR_002184,0.9058972793049411,1,0.4381502900787569,audited_master_only_lgbm,confident_pathogenic
VAR_005553,0.834127554574787,1,0.4381502900787569,audited_master_only_lgbm,confident_pathogenic
VAR_006223,0.24711978669729232,0,0.4381502900787569,audited_master_only_lgbm,confident_benign
VAR_003782,0.9152968389572252,1,0.4381502900787569,audited_master_only_lgbm,confident_pathogenic
VAR_000884,0.683551704562187,1,0.4381502900787569,audited_master_only_lgbm,confident_pathogenic
VAR_001654,0.28729383465990677,0,0.4381502900787569,audited_master_only_lgbm,confident_benign
VAR_005367,0.28729383465990677,0,0.4381502900787569,audited_master_only_lgbm,confident_benign
VAR_004860,0.8582552669732608,1,0.4381502900787569,audited_master_only_lgbm,confident_pathogenic
VAR_002738,0.6881410907149397,1,0.4381502900787569,audited_master_only_lgbm,confident_pathogenic
VAR_000023,0.9906626076445819,1,0.4381502900787569,audited_master_only_lgbm,confident_pathogenic
VAR_005772,0.9495402295646151,1,0.4381502900787569,audited_master_only_lgbm,confident_pathogenic
VAR_002449,0.8822447767136448,1,0.4381502900787569,audited_master_only_lgbm,confident_pathogenic
VAR_004889,0.7798622120976811,1,0.4381502900787569,audited_master_only_lgbm,confident_pathogenic
VAR_002343,0.9254025668629221,1,0.4381502900787569,audited_master_only_lgbm,confident_pathogenic
VAR_004330,0.0284826123994327,0,0.4381502900787569,audited_master_only_lgbm,confident_benign
VAR_000637,0.9847362034747361,1,0.4381502900787569,audited_master_only_lgbm,confident_pathogenic
VAR_001186,0.9353870901225315,1,0.4381502900787569,audited_master_only_lgbm,confident_pathogenic
VAR_005545,0.027716473845447755,0,0.4381502900787569,audited_master_only_lgbm,confident_benign
VAR_000578,0.9878589029214059,1,0.4381502900787569,audited_master_only_lgbm,confident_pathogenic
VAR_005018,0.030326106426410503,0,0.4381502900787569,audited_master_only_lgbm,confident_benign
VAR_002397,0.28729383465990677,0,0.4381502900787569,audited_master_only_lgbm,confident_benign
VAR_005647,0.9590746310675972,1,0.4381502900787569,audited_master_only_lgbm,confident_pathogenic
VAR_004634,0.06193893719518223,0,0.4381502900787569,audited_master_only_lgbm,confident_benign
VAR_002020,0.8370242722121382,1,0.4381502900787569,audited_master_only_lgbm,confident_pathogenic
VAR_001239,0.9361531134850369,1,0.4381502900787569,audited_master_only_lgbm,confident_pathogenic
VAR_001880,0.3281037528057131,0,0.4381502900787569,audited_master_only_lgbm,confident_benign
VAR_004829,0.8542385421095533,1,0.4381502900787569,audited_master_only_lgbm,confident_pathogenic
VAR_001582,0.28729383465990677,0,0.4381502900787569,audited_master_only_lgbm,confident_benign
VAR_001872,0.9290594720607129,1,0.4381502900787569,audited_master_only_lgbm,confident_pathogenic
VAR_004209,0.03758449849599034,0,0.4381502900787569,audited_master_only_lgbm,confident_benign
VAR_001548,0.28729383465990677,0,0.4381502900787569,audited_master_only_lgbm,confident_benign
VAR_003059,0.7171763349546227,1,0.4381502900787569,audited_master_only_lgbm,confident_pathogenic
VAR_004466,0.9661262853442004,1,0.4381502900787569,audited_master_only_lgbm,confident_pathogenic
VAR_004873,0.896497528832564,1,0.4381502900787569,audited_master_only_lgbm,confident_pathogenic
VAR_001018,0.9512242691980684,1,0.4381502900787569,audited_master_only_lgbm,confident_pathogenic
VAR_005839,0.9716767748899139,1,0.4381502900787569,audited_master_only_lgbm,confident_pathogenic
VAR_003136,0.9223130170506342,1,0.4381502900787569,audited_master_only_lgbm,confident_pathogenic
VAR_000344,0.1393504769598045,0,0.4381502900787569,audited_master_only_lgbm,confident_benign
VAR_000741,0.00888258496812754,0,0.4381502900787569,audited_master_only_lgbm,confident_benign
VAR_000752,0.9086604866655538,1,0.4381502900787569,audited_master_only_lgbm,confident_pathogenic
VAR_001791,0.974581272415347,1,0.4381502900787569,audited_master_only_lgbm,confident_pathogenic
VAR_000132,0.0780225398811344,0,0.4381502900787569,audited_master_only_lgbm,confident_benign
VAR_005138,0.8253053882205459,1,0.4381502900787569,audited_master_only_lgbm,confident_pathogenic
VAR_005771,0.8976786089407139,1,0.4381502900787569,audited_master_only_lgbm,confident_pathogenic
VAR_000927,0.9218951937518893,1,0.4381502900787569,audited_master_only_lgbm,confident_pathogenic
VAR_001841,0.8451012653949057,1,0.4381502900787569,audited_master_only_lgbm,confident_pathogenic
VAR_003641,0.10802689662770058,0,0.4381502900787569,audited_master_only_lgbm,confident_benign
VAR_000438,0.17672450510358495,0,0.4381502900787569,audited_master_only_lgbm,confident_benign
VAR_004716,0.9831463062226475,1,0.4381502900787569,audited_master_only_lgbm,confident_pathogenic
VAR_000853,0.9029521670982453,1,0.4381502900787569,audited_master_only_lgbm,confident_pathogenic
VAR_002211,0.6878631762334727,1,0.4381502900787569,audited_master_only_lgbm,confident_pathogenic
VAR_002235,0.14366787651694576,0,0.4381502900787569,audited_master_only_lgbm,confident_benign
VAR_003024,0.6428186234709642,1,0.4381502900787569,audited_master_only_lgbm,confident_pathogenic
VAR_001432,0.28729383465990677,0,0.4381502900787569,audited_master_only_lgbm,confident_benign
VAR_003334,0.9582212293195861,1,0.4381502900787569,audited_master_only_lgbm,confident_pathogenic
VAR_005614,0.939472542016721,1,0.4381502900787569,audited_master_only_lgbm,confident_pathogenic
VAR_000414,0.28729383465990677,0,0.4381502900787569,audited_master_only_lgbm,confident_benign
VAR_005881,0.11985334017089484,0,0.4381502900787569,audited_master_only_lgbm,confident_benign
VAR_003160,0.13631520158232402,0,0.4381502900787569,audited_master_only_lgbm,confident_benign
VAR_004708,0.16405635463403426,0,0.4381502900787569,audited_master_only_lgbm,confident_benign
VAR_000086,0.8810265659849189,1,0.4381502900787569,audited_master_only_lgbm,confident_pathogenic
VAR_000732,0.964411913098091,1,0.4381502900787569,audited_master_only_lgbm,confident_pathogenic
VAR_004760,0.877248642098512,1,0.4381502900787569,audited_master_only_lgbm,confident_pathogenic
VAR_002218,0.9882699392648763,1,0.4381502900787569,audited_master_only_lgbm,confident_pathogenic
VAR_006065,0.9162087261446136,1,0.4381502900787569,audited_master_only_lgbm,confident_pathogenic
VAR_005989,0.4507503972270943,1,0.4381502900787569,audited_master_only_lgbm,uncertain
VAR_006413,0.03966901377029794,0,0.4381502900787569,audited_master_only_lgbm,confident_benign
VAR_001425,0.28729383465990677,0,0.4381502900787569,audited_master_only_lgbm,confident_benign
VAR_000053,0.029258857742567188,0,0.4381502900787569,audited_master_only_lgbm,confident_benign
VAR_004347,0.8704782239341007,1,0.4381502900787569,audited_master_only_lgbm,confident_pathogenic
VAR_006300,0.09353635453422367,0,0.4381502900787569,audited_master_only_lgbm,confident_benign
VAR_000540,0.04381002405526605,0,0.4381502900787569,audited_master_only_lgbm,confident_benign
VAR_004040,0.7951612656943337,1,0.4381502900787569,audited_master_only_lgbm,confident_pathogenic
VAR_001261,0.8008434192674068,1,0.4381502900787569,audited_master_only_lgbm,confident_pathogenic
VAR_003541,0.38872525511824957,0,0.4381502900787569,audited_master_only_lgbm,uncertain
VAR_005702,0.9834113918306082,1,0.4381502900787569,audited_master_only_lgbm,confident_pathogenic
VAR_003522,0.05869456471122263,0,0.4381502900787569,audited_master_only_lgbm,confident_benign
VAR_002815,0.8367236681601754,1,0.4381502900787569,audited_master_only_lgbm,confident_pathogenic
VAR_001843,0.8458836940931596,1,0.4381502900787569,audited_master_only_lgbm,confident_pathogenic
VAR_004687,0.3537535223701814,0,0.4381502900787569,audited_master_only_lgbm,confident_benign
VAR_005060,0.694198991518352,1,0.4381502900787569,audited_master_only_lgbm,confident_pathogenic
VAR_000630,0.8352659575628323,1,0.4381502900787569,audited_master_only_lgbm,confident_pathogenic
VAR_002834,0.9184956524992034,1,0.4381502900787569,audited_master_only_lgbm,confident_pathogenic
VAR_002915,0.8548581891063425,1,0.4381502900787569,audited_master_only_lgbm,confident_pathogenic
VAR_002048,0.024883844078199532,0,0.4381502900787569,audited_master_only_lgbm,confident_benign
VAR_005699,0.9837022644318834,1,0.4381502900787569,audited_master_only_lgbm,confident_pathogenic
VAR_005255,0.9281778105774887,1,0.4381502900787569,audited_master_only_lgbm,confident_pathogenic
VAR_004795,0.8279030924147014,1,0.4381502900787569,audited_master_only_lgbm,confident_pathogenic
VAR_000800,0.020310038064235973,0,0.4381502900787569,audited_master_only_lgbm,confident_benign
VAR_002746,0.7580790751881368,1,0.4381502900787569,audited_master_only_lgbm,confident_pathogenic
VAR_003421,0.3859171641777025,0,0.4381502900787569,audited_master_only_lgbm,confident_benign
VAR_002580,0.7718566058509347,1,0.4381502900787569,audited_master_only_lgbm,confident_pathogenic
VAR_000081,0.7921274258746884,1,0.4381502900787569,audited_master_only_lgbm,confident_pathogenic
VAR_000850,0.6388599781932036,1,0.4381502900787569,audited_master_only_lgbm,confident_pathogenic
VAR_003325,0.880130626143201,1,0.4381502900787569,audited_master_only_lgbm,confident_pathogenic
VAR_005416,0.022236153625141458,0,0.4381502900787569,audited_master_only_lgbm,confident_benign
VAR_006407,0.05901114014050207,0,0.4381502900787569,audited_master_only_lgbm,confident_benign
VAR_006584,0.9281541175069706,1,0.4381502900787569,audited_master_only_lgbm,confident_pathogenic
VAR_005443,0.9195994721628465,1,0.4381502900787569,audited_master_only_lgbm,confident_pathogenic
VAR_003252,0.9559602268107831,1,0.4381502900787569,audited_master_only_lgbm,confident_pathogenic
VAR_001102,0.932269788446665,1,0.4381502900787569,audited_master_only_lgbm,confident_pathogenic
VAR_005097,0.06241532978230531,0,0.4381502900787569,audited_master_only_lgbm,confident_benign
VAR_003331,0.3529631738829811,0,0.4381502900787569,audited_master_only_lgbm,confident_benign
VAR_000259,0.9308747520353898,1,0.4381502900787569,audited_master_only_lgbm,confident_pathogenic
VAR_001754,0.20187906975150188,0,0.4381502900787569,audited_master_only_lgbm,confident_benign
VAR_002777,0.3820499854929092,0,0.4381502900787569,audited_master_only_lgbm,confident_benign
VAR_000576,0.9831742906962477,1,0.4381502900787569,audited_master_only_lgbm,confident_pathogenic
VAR_003389,0.7793770318781533,1,0.4381502900787569,audited_master_only_lgbm,confident_pathogenic
VAR_002884,0.750623013304718,1,0.4381502900787569,audited_master_only_lgbm,confident_pathogenic
VAR_004467,0.886554259947664,1,0.4381502900787569,audited_master_only_lgbm,confident_pathogenic
VAR_000200,0.8767953876802371,1,0.4381502900787569,audited_master_only_lgbm,confident_pathogenic
VAR_005242,0.9336961335775068,1,0.4381502900787569,audited_master_only_lgbm,confident_pathogenic
VAR_005501,0.9745634912055332,1,0.4381502900787569,audited_master_only_lgbm,confident_pathogenic
VAR_002854,0.8146345044450344,1,0.4381502900787569,audited_master_only_lgbm,confident_pathogenic
VAR_005498,0.985843954983118,1,0.4381502900787569,audited_master_only_lgbm,confident_pathogenic
VAR_005069,0.9528451426388016,1,0.4381502900787569,audited_master_only_lgbm,confident_pathogenic
VAR_002092,0.12275540035431269,0,0.4381502900787569,audited_master_only_lgbm,confident_benign
VAR_002604,0.13404270717537883,0,0.4381502900787569,audited_master_only_lgbm,confident_benign
VAR_000790,0.8805209652659655,1,0.4381502900787569,audited_master_only_lgbm,confident_pathogenic
VAR_002426,0.9535003268303596,1,0.4381502900787569,audited_master_only_lgbm,confident_pathogenic
VAR_006155,0.8364238844141546,1,0.4381502900787569,audited_master_only_lgbm,confident_pathogenic
VAR_004509,0.7726137915910772,1,0.4381502900787569,audited_master_only_lgbm,confident_pathogenic
VAR_000116,0.012737884120610787,0,0.4381502900787569,audited_master_only_lgbm,confident_benign
VAR_000602,0.8052179937587508,1,0.4381502900787569,audited_master_only_lgbm,confident_pathogenic
VAR_003013,0.03779152549008229,0,0.4381502900787569,audited_master_only_lgbm,confident_benign
VAR_006532,0.07514653513130459,0,0.4381502900787569,audited_master_only_lgbm,confident_benign
VAR_001690,0.3905755459174219,0,0.4381502900787569,audited_master_only_lgbm,uncertain
VAR_004258,0.07353459518809079,0,0.4381502900787569,audited_master_only_lgbm,confident_benign
VAR_003384,0.9553329436571539,1,0.4381502900787569,audited_master_only_lgbm,confident_pathogenic
VAR_000981,0.9098432998298099,1,0.4381502900787569,audited_master_only_lgbm,confident_pathogenic
VAR_003771,0.9658734057177296,1,0.4381502900787569,audited_master_only_lgbm,confident_pathogenic
VAR_001968,0.7341805002919,1,0.4381502900787569,audited_master_only_lgbm,confident_pathogenic
VAR_001497,0.28729383465990677,0,0.4381502900787569,audited_master_only_lgbm,confident_benign
VAR_001001,0.9901887229249096,1,0.4381502900787569,audited_master_only_lgbm,confident_pathogenic
VAR_002986,0.820749163344055,1,0.4381502900787569,audited_master_only_lgbm,confident_pathogenic
VAR_000588,0.0742688052579192,0,0.4381502900787569,audited_master_only_lgbm,confident_benign
VAR_000784,0.8739330913111691,1,0.4381502900787569,audited_master_only_lgbm,confident_pathogenic
VAR_000153,0.8795433803794643,1,0.4381502900787569,audited_master_only_lgbm,confident_pathogenic
VAR_005152,0.06017452562137598,0,0.4381502900787569,audited_master_only_lgbm,confident_benign
VAR_004575,0.984677354715501,1,0.4381502900787569,audited_master_only_lgbm,confident_pathogenic
VAR_002798,0.035892929503797834,0,0.4381502900787569,audited_master_only_lgbm,confident_benign
VAR_002180,0.9864021871694988,1,0.4381502900787569,audited_master_only_lgbm,confident_pathogenic
VAR_004291,0.25134205890343186,0,0.4381502900787569,audited_master_only_lgbm,confident_benign
VAR_006072,0.12309851871661881,0,0.4381502900787569,audited_master_only_lgbm,confident_benign
VAR_001204,0.9641498837655792,1,0.4381502900787569,audited_master_only_lgbm,confident_pathogenic
VAR_002277,0.7830070969729458,1,0.4381502900787569,audited_master_only_lgbm,confident_pathogenic
VAR_004565,0.9256398511848964,1,0.4381502900787569,audited_master_only_lgbm,confident_pathogenic
VAR_003157,0.9025478202756163,1,0.4381502900787569,audited_master_only_lgbm,confident_pathogenic
VAR_002727,0.06121037125808416,0,0.4381502900787569,audited_master_only_lgbm,confident_benign
VAR_004375,0.914437751674736,1,0.4381502900787569,audited_master_only_lgbm,confident_pathogenic
VAR_000914,0.9837091473211447,1,0.4381502900787569,audited_master_only_lgbm,confident_pathogenic
VAR_002457,0.8563647484212521,1,0.4381502900787569,audited_master_only_lgbm,confident_pathogenic
VAR_006382,0.958225377041513,1,0.4381502900787569,audited_master_only_lgbm,confident_pathogenic
VAR_006330,0.8812256665682265,1,0.4381502900787569,audited_master_only_lgbm,confident_pathogenic
VAR_006100,0.7468916664285459,1,0.4381502900787569,audited_master_only_lgbm,confident_pathogenic
VAR_000382,0.7562697728209961,1,0.4381502900787569,audited_master_only_lgbm,confident_pathogenic
VAR_001978,0.8638411922657667,1,0.4381502900787569,audited_master_only_lgbm,confident_pathogenic
VAR_006429,0.1942726529797283,0,0.4381502900787569,audited_master_only_lgbm,confident_benign
VAR_001649,0.6420464214445993,1,0.4381502900787569,audited_master_only_lgbm,confident_pathogenic
VAR_006525,0.6095277018781318,1,0.4381502900787569,audited_master_only_lgbm,confident_pathogenic
VAR_003086,0.2240016834199725,0,0.4381502900787569,audited_master_only_lgbm,confident_benign
VAR_001013,0.9917359114918668,1,0.4381502900787569,audited_master_only_lgbm,confident_pathogenic
VAR_006115,0.809828496775674,1,0.4381502900787569,audited_master_only_lgbm,confident_pathogenic
VAR_004598,0.04678086994044765,0,0.4381502900787569,audited_master_only_lgbm,confident_benign
VAR_004511,0.8884727003329013,1,0.4381502900787569,audited_master_only_lgbm,confident_pathogenic
VAR_001359,0.6806863982082084,1,0.4381502900787569,audited_master_only_lgbm,confident_pathogenic
VAR_005952,0.8805151336566245,1,0.4381502900787569,audited_master_only_lgbm,confident_pathogenic
VAR_002024,0.9443072827474793,1,0.4381502900787569,audited_master_only_lgbm,confident_pathogenic
VAR_000558,0.191215921004628,0,0.4381502900787569,audited_master_only_lgbm,confident_benign
VAR_005438,0.9540205126350132,1,0.4381502900787569,audited_master_only_lgbm,confident_pathogenic
VAR_002158,0.9572071374579559,1,0.4381502900787569,audited_master_only_lgbm,confident_pathogenic
VAR_003318,0.8811858718691943,1,0.4381502900787569,audited_master_only_lgbm,confident_pathogenic
VAR_000404,0.667556549756569,1,0.4381502900787569,audited_master_only_lgbm,confident_pathogenic
VAR_001746,0.043588885717988086,0,0.4381502900787569,audited_master_only_lgbm,confident_benign
VAR_002150,0.7832270202934096,1,0.4381502900787569,audited_master_only_lgbm,confident_pathogenic
VAR_001426,0.28729383465990677,0,0.4381502900787569,audited_master_only_lgbm,confident_benign
VAR_003695,0.9540509524028145,1,0.4381502900787569,audited_master_only_lgbm,confident_pathogenic
VAR_002189,0.947831733752,1,0.4381502900787569,audited_master_only_lgbm,confident_pathogenic
VAR_002624,0.8516913799403274,1,0.4381502900787569,audited_master_only_lgbm,confident_pathogenic
VAR_006077,0.06546176798321714,0,0.4381502900787569,audited_master_only_lgbm,confident_benign
VAR_006496,0.9243230603457345,1,0.4381502900787569,audited_master_only_lgbm,confident_pathogenic
VAR_001495,0.1909613983121379,0,0.4381502900787569,audited_master_only_lgbm,confident_benign
VAR_003021,0.3582548769455147,0,0.4381502900787569,audited_master_only_lgbm,confident_benign
VAR_002956,0.9617987277871337,1,0.4381502900787569,audited_master_only_lgbm,confident_pathogenic
VAR_000950,0.8491111053653664,1,0.4381502900787569,audited_master_only_lgbm,confident_pathogenic
VAR_003044,0.9249424197108916,1,0.4381502900787569,audited_master_only_lgbm,confident_pathogenic
VAR_006133,0.20147682307220638,0,0.4381502900787569,audited_master_only_lgbm,confident_benign
VAR_001881,0.9923386787439973,1,0.4381502900787569,audited_master_only_lgbm,confident_pathogenic
VAR_004576,0.9534969043018867,1,0.4381502900787569,audited_master_only_lgbm,confident_pathogenic
VAR_002398,0.8828484125951804,1,0.4381502900787569,audited_master_only_lgbm,confident_pathogenic
VAR_000777,0.7492450923122475,1,0.4381502900787569,audited_master_only_lgbm,confident_pathogenic
VAR_002038,0.9525043340901989,1,0.4381502900787569,audited_master_only_lgbm,confident_pathogenic
VAR_003287,0.8437231841897925,1,0.4381502900787569,audited_master_only_lgbm,confident_pathogenic
VAR_002925,0.9812781722335465,1,0.4381502900787569,audited_master_only_lgbm,confident_pathogenic
VAR_002077,0.8509139102812643,1,0.4381502900787569,audited_master_only_lgbm,confident_pathogenic
VAR_000385,0.011958244746241145,0,0.4381502900787569,audited_master_only_lgbm,confident_benign
VAR_004868,0.9619474551316098,1,0.4381502900787569,audited_master_only_lgbm,confident_pathogenic
VAR_001297,0.6109238660182448,1,0.4381502900787569,audited_master_only_lgbm,confident_pathogenic
VAR_000032,0.8545452403739348,1,0.4381502900787569,audited_master_only_lgbm,confident_pathogenic
VAR_001889,0.924353502169752,1,0.4381502900787569,audited_master_only_lgbm,confident_pathogenic
VAR_001581,0.8292692460353532,1,0.4381502900787569,audited_master_only_lgbm,confident_pathogenic
VAR_002539,0.8700110198952524,1,0.4381502900787569,audited_master_only_lgbm,confident_pathogenic
VAR_000358,0.9568510494956795,1,0.4381502900787569,audited_master_only_lgbm,confident_pathogenic
VAR_006379,0.9357112806562067,1,0.4381502900787569,audited_master_only_lgbm,confident_pathogenic
VAR_005885,0.058871240847736636,0,0.4381502900787569,audited_master_only_lgbm,confident_benign
VAR_000631,0.9717040242550467,1,0.4381502900787569,audited_master_only_lgbm,confident_pathogenic
VAR_000614,0.893570766342022,1,0.4381502900787569,audited_master_only_lgbm,confident_pathogenic
VAR_001996,0.9482776015549997,1,0.4381502900787569,audited_master_only_lgbm,confident_pathogenic
VAR_004116,0.04081291325530801,0,0.4381502900787569,audited_master_only_lgbm,confident_benign
VAR_000585,0.9558751054889855,1,0.4381502900787569,audited_master_only_lgbm,confident_pathogenic
VAR_000714,0.9383688239706449,1,0.4381502900787569,audited_master_only_lgbm,confident_pathogenic
VAR_002904,0.8063705587640055,1,0.4381502900787569,audited_master_only_lgbm,confident_pathogenic
VAR_003420,0.7498635930087856,1,0.4381502900787569,audited_master_only_lgbm,confident_pathogenic
VAR_001099,0.5926233176223089,1,0.4381502900787569,audited_master_only_lgbm,confident_pathogenic
VAR_000114,0.7707218900538945,1,0.4381502900787569,audited_master_only_lgbm,confident_pathogenic
VAR_004581,0.8829712157694365,1,0.4381502900787569,audited_master_only_lgbm,confident_pathogenic
VAR_003253,0.17500650408194737,0,0.4381502900787569,audited_master_only_lgbm,confident_benign
VAR_005950,0.05985935628255064,0,0.4381502900787569,audited_master_only_lgbm,confident_benign
VAR_006284,0.667898494577955,1,0.4381502900787569,audited_master_only_lgbm,confident_pathogenic
VAR_001662,0.15278673000353757,0,0.4381502900787569,audited_master_only_lgbm,confident_benign
VAR_003704,0.9322142920273845,1,0.4381502900787569,audited_master_only_lgbm,confident_pathogenic
VAR_002748,0.7999639051853631,1,0.4381502900787569,audited_master_only_lgbm,confident_pathogenic
VAR_003672,0.7400823105627178,1,0.4381502900787569,audited_master_only_lgbm,confident_pathogenic
VAR_000325,0.06537913383349381,0,0.4381502900787569,audited_master_only_lgbm,confident_benign
VAR_001571,0.28729383465990677,0,0.4381502900787569,audited_master_only_lgbm,confident_benign
VAR_002578,0.9400477917797766,1,0.4381502900787569,audited_master_only_lgbm,confident_pathogenic
VAR_005698,0.9934376658459803,1,0.4381502900787569,audited_master_only_lgbm,confident_pathogenic
VAR_005964,0.860480482108257,1,0.4381502900787569,audited_master_only_lgbm,confident_pathogenic
VAR_006082,0.9236513851437849,1,0.4381502900787569,audited_master_only_lgbm,confident_pathogenic
VAR_005164,0.9543914573635646,1,0.4381502900787569,audited_master_only_lgbm,confident_pathogenic
VAR_003161,0.37934507461195527,0,0.4381502900787569,audited_master_only_lgbm,confident_benign
VAR_000284,0.888827414601812,1,0.4381502900787569,audited_master_only_lgbm,confident_pathogenic
VAR_001336,0.6116771627586159,1,0.4381502900787569,audited_master_only_lgbm,confident_pathogenic
VAR_005219,0.06961776088528195,0,0.4381502900787569,audited_master_only_lgbm,confident_benign
VAR_000186,0.9315128057092878,1,0.4381502900787569,audited_master_only_lgbm,confident_pathogenic
VAR_002278,0.9857292943716088,1,0.4381502900787569,audited_master_only_lgbm,confident_pathogenic
VAR_005718,0.6824935549234752,1,0.4381502900787569,audited_master_only_lgbm,confident_pathogenic
VAR_002569,0.016005830871238504,0,0.4381502900787569,audited_master_only_lgbm,confident_benign
VAR_000681,0.8549804006991996,1,0.4381502900787569,audited_master_only_lgbm,confident_pathogenic
VAR_003450,0.9378999745096736,1,0.4381502900787569,audited_master_only_lgbm,confident_pathogenic
VAR_000966,0.9774124886039106,1,0.4381502900787569,audited_master_only_lgbm,confident_pathogenic
VAR_001346,0.5636173015718186,1,0.4381502900787569,audited_master_only_lgbm,confident_pathogenic
VAR_005921,0.9557677828700024,1,0.4381502900787569,audited_master_only_lgbm,confident_pathogenic
VAR_004728,0.6517536983892133,1,0.4381502900787569,audited_master_only_lgbm,confident_pathogenic
VAR_005212,0.8901889282545057,1,0.4381502900787569,audited_master_only_lgbm,confident_pathogenic
VAR_006051,0.91361381311508,1,0.4381502900787569,audited_master_only_lgbm,confident_pathogenic
VAR_000435,0.7782653749825282,1,0.4381502900787569,audited_master_only_lgbm,confident_pathogenic
VAR_006012,0.09540568982635504,0,0.4381502900787569,audited_master_only_lgbm,confident_benign
VAR_000138,0.8619207590687546,1,0.4381502900787569,audited_master_only_lgbm,confident_pathogenic
VAR_000389,0.5798000038055436,1,0.4381502900787569,audited_master_only_lgbm,confident_pathogenic
VAR_003698,0.5512187061504137,1,0.4381502900787569,audited_master_only_lgbm,confident_pathogenic
VAR_003530,0.5561500901155573,1,0.4381502900787569,audited_master_only_lgbm,confident_pathogenic
VAR_001284,0.5950411305428395,1,0.4381502900787569,audited_master_only_lgbm,confident_pathogenic
VAR_004844,0.8265897974093804,1,0.4381502900787569,audited_master_only_lgbm,confident_pathogenic
VAR_003995,0.8789147898409138,1,0.4381502900787569,audited_master_only_lgbm,confident_pathogenic
VAR_003268,0.946944777092189,1,0.4381502900787569,audited_master_only_lgbm,confident_pathogenic
VAR_002310,0.3488356797167852,0,0.4381502900787569,audited_master_only_lgbm,confident_benign
VAR_000982,0.4043730000294307,0,0.4381502900787569,audited_master_only_lgbm,uncertain
VAR_003403,0.9018165170255187,1,0.4381502900787569,audited_master_only_lgbm,confident_pathogenic
VAR_000311,0.1320897585301128,0,0.4381502900787569,audited_master_only_lgbm,confident_benign
VAR_003507,0.09225808248413182,0,0.4381502900787569,audited_master_only_lgbm,confident_benign
VAR_005386,0.0902510116998381,0,0.4381502900787569,audited_master_only_lgbm,confident_benign
VAR_002673,0.9367308337805706,1,0.4381502900787569,audited_master_only_lgbm,confident_pathogenic
VAR_005980,0.061794583610017405,0,0.4381502900787569,audited_master_only_lgbm,confident_benign
VAR_005425,0.17984047707862463,0,0.4381502900787569,audited_master_only_lgbm,confident_benign
VAR_004983,0.9812039446784202,1,0.4381502900787569,audited_master_only_lgbm,confident_pathogenic
VAR_002480,0.9765822480300653,1,0.4381502900787569,audited_master_only_lgbm,confident_pathogenic
VAR_001959,0.6703817218903515,1,0.4381502900787569,audited_master_only_lgbm,confident_pathogenic
VAR_005415,0.9839078570205042,1,0.4381502900787569,audited_master_only_lgbm,confident_pathogenic
VAR_003863,0.9239878722701084,1,0.4381502900787569,audited_master_only_lgbm,confident_pathogenic
VAR_005969,0.1321364273678328,0,0.4381502900787569,audited_master_only_lgbm,confident_benign
VAR_004383,0.6720812563916753,1,0.4381502900787569,audited_master_only_lgbm,confident_pathogenic
VAR_001178,0.970305052913913,1,0.4381502900787569,audited_master_only_lgbm,confident_pathogenic
VAR_003333,0.9045022488258869,1,0.4381502900787569,audited_master_only_lgbm,confident_pathogenic
VAR_006337,0.5641528899289228,1,0.4381502900787569,audited_master_only_lgbm,confident_pathogenic
VAR_004899,0.9315097640125769,1,0.4381502900787569,audited_master_only_lgbm,confident_pathogenic
VAR_001177,0.9636247637712969,1,0.4381502900787569,audited_master_only_lgbm,confident_pathogenic
VAR_005169,0.8663761654514329,1,0.4381502900787569,audited_master_only_lgbm,confident_pathogenic
VAR_000123,0.030870485752725465,0,0.4381502900787569,audited_master_only_lgbm,confident_benign
VAR_005609,0.9850690603456291,1,0.4381502900787569,audited_master_only_lgbm,confident_pathogenic
VAR_002315,0.816965849546339,1,0.4381502900787569,audited_master_only_lgbm,confident_pathogenic
VAR_003818,0.06647413307057212,0,0.4381502900787569,audited_master_only_lgbm,confident_benign
VAR_003626,0.05916072232432619,0,0.4381502900787569,audited_master_only_lgbm,confident_benign
VAR_005821,0.04242998580957828,0,0.4381502900787569,audited_master_only_lgbm,confident_benign
VAR_004079,0.9887611741127469,1,0.4381502900787569,audited_master_only_lgbm,confident_pathogenic
VAR_005607,0.5448657778444147,1,0.4381502900787569,audited_master_only_lgbm,confident_pathogenic
VAR_000356,0.02252974726194333,0,0.4381502900787569,audited_master_only_lgbm,confident_benign
VAR_000064,0.8641780149301449,1,0.4381502900787569,audited_master_only_lgbm,confident_pathogenic
VAR_003030,0.009038459259743286,0,0.4381502900787569,audited_master_only_lgbm,confident_benign
VAR_003102,0.6445387147619605,1,0.4381502900787569,audited_master_only_lgbm,confident_pathogenic
VAR_002593,0.8175541195892875,1,0.4381502900787569,audited_master_only_lgbm,confident_pathogenic
VAR_003671,0.9530370925507047,1,0.4381502900787569,audited_master_only_lgbm,confident_pathogenic
VAR_000345,0.9529901722876244,1,0.4381502900787569,audited_master_only_lgbm,confident_pathogenic
VAR_005714,0.8264849635746114,1,0.4381502900787569,audited_master_only_lgbm,confident_pathogenic
VAR_002843,0.7787221616961103,1,0.4381502900787569,audited_master_only_lgbm,confident_pathogenic
VAR_001373,0.28729383465990677,0,0.4381502900787569,audited_master_only_lgbm,confident_benign
VAR_000072,0.917279002060402,1,0.4381502900787569,audited_master_only_lgbm,confident_pathogenic
VAR_006001,0.570105167223227,1,0.4381502900787569,audited_master_only_lgbm,confident_pathogenic
VAR_003055,0.9090443647712684,1,0.4381502900787569,audited_master_only_lgbm,confident_pathogenic
VAR_001837,0.6242450246357948,1,0.4381502900787569,audited_master_only_lgbm,confident_pathogenic
VAR_003051,0.3409928123558687,0,0.4381502900787569,audited_master_only_lgbm,confident_benign
VAR_006255,0.006352560323941065,0,0.4381502900787569,audited_master_only_lgbm,confident_benign
VAR_002813,0.7513929380660503,1,0.4381502900787569,audited_master_only_lgbm,confident_pathogenic
VAR_005191,0.8565586579824205,1,0.4381502900787569,audited_master_only_lgbm,confident_pathogenic
VAR_002568,0.06069978552769532,0,0.4381502900787569,audited_master_only_lgbm,confident_benign
VAR_006460,0.9855450800170609,1,0.4381502900787569,audited_master_only_lgbm,confident_pathogenic
VAR_000840,0.956167878914147,1,0.4381502900787569,audited_master_only_lgbm,confident_pathogenic
VAR_001329,0.28729383465990677,0,0.4381502900787569,audited_master_only_lgbm,confident_benign
VAR_000755,0.10670242664545788,0,0.4381502900787569,audited_master_only_lgbm,confident_benign
VAR_004900,0.9453336935628212,1,0.4381502900787569,audited_master_only_lgbm,confident_pathogenic
VAR_005837,0.5929687826159795,1,0.4381502900787569,audited_master_only_lgbm,confident_pathogenic
VAR_003766,0.9903960978244024,1,0.4381502900787569,audited_master_only_lgbm,confident_pathogenic
VAR_003515,0.8760825054865945,1,0.4381502900787569,audited_master_only_lgbm,confident_pathogenic
VAR_006348,0.9757908353941962,1,0.4381502900787569,audited_master_only_lgbm,confident_pathogenic
VAR_003927,0.8798715518836577,1,0.4381502900787569,audited_master_only_lgbm,confident_pathogenic
VAR_005850,0.07857985290778716,0,0.4381502900787569,audited_master_only_lgbm,confident_benign
VAR_003662,0.9206800488975012,1,0.4381502900787569,audited_master_only_lgbm,confident_pathogenic
VAR_005540,0.8990435892344883,1,0.4381502900787569,audited_master_only_lgbm,confident_pathogenic
VAR_000847,0.984036740856872,1,0.4381502900787569,audited_master_only_lgbm,confident_pathogenic
VAR_003854,0.724285136667405,1,0.4381502900787569,audited_master_only_lgbm,confident_pathogenic
VAR_006338,0.9439191601747526,1,0.4381502900787569,audited_master_only_lgbm,confident_pathogenic
VAR_001051,0.18062489715101254,0,0.4381502900787569,audited_master_only_lgbm,confident_benign
VAR_005337,0.9631057598308969,1,0.4381502900787569,audited_master_only_lgbm,confident_pathogenic
VAR_000753,0.9448277493924508,1,0.4381502900787569,audited_master_only_lgbm,confident_pathogenic
VAR_002043,0.7283963524243339,1,0.4381502900787569,audited_master_only_lgbm,confident_pathogenic
VAR_002726,0.1988038896006664,0,0.4381502900787569,audited_master_only_lgbm,confident_benign
VAR_002185,0.9045018535269688,1,0.4381502900787569,audited_master_only_lgbm,confident_pathogenic
VAR_001391,0.28729383465990677,0,0.4381502900787569,audited_master_only_lgbm,confident_benign
VAR_005345,0.06212359042967205,0,0.4381502900787569,audited_master_only_lgbm,confident_benign
VAR_002804,0.7754891123375577,1,0.4381502900787569,audited_master_only_lgbm,confident_pathogenic
VAR_004445,0.12879476964705322,0,0.4381502900787569,audited_master_only_lgbm,confident_benign
VAR_000369,0.10830873400090611,0,0.4381502900787569,audited_master_only_lgbm,confident_benign
VAR_005440,0.9115090270898216,1,0.4381502900787569,audited_master_only_lgbm,confident_pathogenic
VAR_005794,0.9606572613517799,1,0.4381502900787569,audited_master_only_lgbm,confident_pathogenic
VAR_006466,0.5889267304387238,1,0.4381502900787569,audited_master_only_lgbm,confident_pathogenic
VAR_000512,0.9556942097667028,1,0.4381502900787569,audited_master_only_lgbm,confident_pathogenic
VAR_001508,0.28729383465990677,0,0.4381502900787569,audited_master_only_lgbm,confident_benign
VAR_003510,0.5269270344867123,1,0.4381502900787569,audited_master_only_lgbm,confident_pathogenic
VAR_002136,0.9856836213769726,1,0.4381502900787569,audited_master_only_lgbm,confident_pathogenic
VAR_006198,0.9456650885110518,1,0.4381502900787569,audited_master_only_lgbm,confident_pathogenic
VAR_000115,0.9421839666699038,1,0.4381502900787569,audited_master_only_lgbm,confident_pathogenic
VAR_000056,0.07322567199024232,0,0.4381502900787569,audited_master_only_lgbm,confident_benign
VAR_001069,0.981189072452436,1,0.4381502900787569,audited_master_only_lgbm,confident_pathogenic
VAR_001868,0.9263280642240097,1,0.4381502900787569,audited_master_only_lgbm,confident_pathogenic
VAR_004808,0.8972207315358651,1,0.4381502900787569,audited_master_only_lgbm,confident_pathogenic
VAR_005711,0.8800028585897617,1,0.4381502900787569,audited_master_only_lgbm,confident_pathogenic
VAR_002789,0.8913595560742298,1,0.4381502900787569,audited_master_only_lgbm,confident_pathogenic
VAR_000449,0.84465865875555,1,0.4381502900787569,audited_master_only_lgbm,confident_pathogenic
VAR_001253,0.2762341079930604,0,0.4381502900787569,audited_master_only_lgbm,confident_benign
VAR_004308,0.31830871225708823,0,0.4381502900787569,audited_master_only_lgbm,confident_benign
VAR_001447,0.43404156903544716,0,0.4381502900787569,audited_master_only_lgbm,uncertain
VAR_002651,0.8903338583285482,1,0.4381502900787569,audited_master_only_lgbm,confident_pathogenic
VAR_003509,0.039999805319866834,0,0.4381502900787569,audited_master_only_lgbm,confident_benign
VAR_005477,0.8419938938153715,1,0.4381502900787569,audited_master_only_lgbm,confident_pathogenic
VAR_004049,0.046392784651575855,0,0.4381502900787569,audited_master_only_lgbm,confident_benign
VAR_002203,0.9779271731824714,1,0.4381502900787569,audited_master_only_lgbm,confident_pathogenic
VAR_002778,0.869866249684105,1,0.4381502900787569,audited_master_only_lgbm,confident_pathogenic
VAR_004089,0.9657688076265591,1,0.4381502900787569,audited_master_only_lgbm,confident_pathogenic
VAR_005728,0.07622761424432882,0,0.4381502900787569,audited_master_only_lgbm,confident_benign
VAR_002605,0.9023730273955577,1,0.4381502900787569,audited_master_only_lgbm,confident_pathogenic
VAR_002939,0.9176312511869444,1,0.4381502900787569,audited_master_only_lgbm,confident_pathogenic
VAR_003020,0.8645237088288692,1,0.4381502900787569,audited_master_only_lgbm,confident_pathogenic
VAR_002085,0.017013276766393255,0,0.4381502900787569,audited_master_only_lgbm,confident_benign
VAR_005315,0.986048610494345,1,0.4381502900787569,audited_master_only_lgbm,confident_pathogenic
VAR_001794,0.941413575458699,1,0.4381502900787569,audited_master_only_lgbm,confident_pathogenic
VAR_000759,0.22717638041205496,0,0.4381502900787569,audited_master_only_lgbm,confident_benign
VAR_003659,0.48282677821890063,1,0.4381502900787569,audited_master_only_lgbm,uncertain
VAR_004627,0.3601858355689868,0,0.4381502900787569,audited_master_only_lgbm,confident_benign
VAR_004945,0.8938130131448143,1,0.4381502900787569,audited_master_only_lgbm,confident_pathogenic
VAR_000674,0.9309686303177316,1,0.4381502900787569,audited_master_only_lgbm,confident_pathogenic
VAR_005310,0.5103551088406092,1,0.4381502900787569,audited_master_only_lgbm,confident_pathogenic
VAR_003769,0.9366884771551806,1,0.4381502900787569,audited_master_only_lgbm,confident_pathogenic
VAR_002019,0.9901427938324232,1,0.4381502900787569,audited_master_only_lgbm,confident_pathogenic
VAR_000060,0.925740975992806,1,0.4381502900787569,audited_master_only_lgbm,confident_pathogenic
VAR_000699,0.9796943730844677,1,0.4381502900787569,audited_master_only_lgbm,confident_pathogenic
VAR_003513,0.8771963385465313,1,0.4381502900787569,audited_master_only_lgbm,confident_pathogenic
VAR_004015,0.8956596102432288,1,0.4381502900787569,audited_master_only_lgbm,confident_pathogenic
VAR_005797,0.8688842423815629,1,0.4381502900787569,audited_master_only_lgbm,confident_pathogenic
VAR_002619,0.9092706933897007,1,0.4381502900787569,audited_master_only_lgbm,confident_pathogenic
VAR_002772,0.5443918613709615,1,0.4381502900787569,audited_master_only_lgbm,confident_pathogenic
VAR_006034,0.8692569817079039,1,0.4381502900787569,audited_master_only_lgbm,confident_pathogenic
VAR_005763,0.8581620719743832,1,0.4381502900787569,audited_master_only_lgbm,confident_pathogenic
VAR_005478,0.10336851805408864,0,0.4381502900787569,audited_master_only_lgbm,confident_benign
VAR_005708,0.009492511396350371,0,0.4381502900787569,audited_master_only_lgbm,confident_benign
VAR_004069,0.8745232023439734,1,0.4381502900787569,audited_master_only_lgbm,confident_pathogenic
VAR_004026,0.9486158005695237,1,0.4381502900787569,audited_master_only_lgbm,confident_pathogenic
VAR_005436,0.9884232196243707,1,0.4381502900787569,audited_master_only_lgbm,confident_pathogenic
VAR_006576,0.952746323190648,1,0.4381502900787569,audited_master_only_lgbm,confident_pathogenic
VAR_002393,0.8089738567430608,1,0.4381502900787569,audited_master_only_lgbm,confident_pathogenic
VAR_004059,0.9596848923987247,1,0.4381502900787569,audited_master_only_lgbm,confident_pathogenic
VAR_004005,0.9549259814807113,1,0.4381502900787569,audited_master_only_lgbm,confident_pathogenic
VAR_001227,0.7637146403808,1,0.4381502900787569,audited_master_only_lgbm,confident_pathogenic
VAR_005555,0.98790792229644,1,0.4381502900787569,audited_master_only_lgbm,confident_pathogenic
VAR_005216,0.9651994785167496,1,0.4381502900787569,audited_master_only_lgbm,confident_pathogenic
VAR_000461,0.8853401648727492,1,0.4381502900787569,audited_master_only_lgbm,confident_pathogenic
VAR_003584,0.008337395939061137,0,0.4381502900787569,audited_master_only_lgbm,confident_benign
VAR_001604,0.7851059905357017,1,0.4381502900787569,audited_master_only_lgbm,confident_pathogenic
VAR_002533,0.7619625555652881,1,0.4381502900787569,audited_master_only_lgbm,confident_pathogenic
VAR_004136,0.819220284923427,1,0.4381502900787569,audited_master_only_lgbm,confident_pathogenic
VAR_005485,0.9451849579297062,1,0.4381502900787569,audited_master_only_lgbm,confident_pathogenic
VAR_000628,0.9637159679533404,1,0.4381502900787569,audited_master_only_lgbm,confident_pathogenic
VAR_005836,0.9442479446469005,1,0.4381502900787569,audited_master_only_lgbm,confident_pathogenic
VAR_000972,0.96324776841749,1,0.4381502900787569,audited_master_only_lgbm,confident_pathogenic
VAR_005483,0.11018284257004925,0,0.4381502900787569,audited_master_only_lgbm,confident_benign
VAR_002767,0.9883821931604593,1,0.4381502900787569,audited_master_only_lgbm,confident_pathogenic
VAR_000035,0.9168152528420824,1,0.4381502900787569,audited_master_only_lgbm,confident_pathogenic
VAR_002828,0.9237981741813031,1,0.4381502900787569,audited_master_only_lgbm,confident_pathogenic
VAR_001813,0.09239616909365085,0,0.4381502900787569,audited_master_only_lgbm,confident_benign
VAR_000648,0.04817361845710889,0,0.4381502900787569,audited_master_only_lgbm,confident_benign
VAR_005721,0.5910067039051232,1,0.4381502900787569,audited_master_only_lgbm,confident_pathogenic
VAR_006140,0.8423829837445731,1,0.4381502900787569,audited_master_only_lgbm,confident_pathogenic
VAR_004490,0.9792797226173237,1,0.4381502900787569,audited_master_only_lgbm,confident_pathogenic
VAR_004001,0.9868899872280392,1,0.4381502900787569,audited_master_only_lgbm,confident_pathogenic
VAR_006106,0.9647315780611798,1,0.4381502900787569,audited_master_only_lgbm,confident_pathogenic
VAR_006403,0.0980127196746321,0,0.4381502900787569,audited_master_only_lgbm,confident_benign
VAR_002004,0.9584676161454357,1,0.4381502900787569,audited_master_only_lgbm,confident_pathogenic
VAR_000749,0.8250776206268307,1,0.4381502900787569,audited_master_only_lgbm,confident_pathogenic
VAR_003269,0.9375356633644923,1,0.4381502900787569,audited_master_only_lgbm,confident_pathogenic
VAR_002478,0.9077712986790727,1,0.4381502900787569,audited_master_only_lgbm,confident_pathogenic
VAR_004031,0.9462822807522531,1,0.4381502900787569,audited_master_only_lgbm,confident_pathogenic
VAR_006416,0.013328897929130546,0,0.4381502900787569,audited_master_only_lgbm,confident_benign
VAR_000583,0.36387120193220873,0,0.4381502900787569,audited_master_only_lgbm,confident_benign
VAR_000113,0.9775641139247722,1,0.4381502900787569,audited_master_only_lgbm,confident_pathogenic
VAR_003883,0.28729383465990677,0,0.4381502900787569,audited_master_only_lgbm,confident_benign
VAR_004862,0.8851764633848475,1,0.4381502900787569,audited_master_only_lgbm,confident_pathogenic
VAR_003173,0.49324702224104183,1,0.4381502900787569,audited_master_only_lgbm,confident_pathogenic
VAR_000525,0.0809868785291597,0,0.4381502900787569,audited_master_only_lgbm,confident_benign
VAR_005546,0.9752012822332319,1,0.4381502900787569,audited_master_only_lgbm,confident_pathogenic
VAR_004169,0.9899028655176939,1,0.4381502900787569,audited_master_only_lgbm,confident_pathogenic
VAR_004350,0.9584026965525123,1,0.4381502900787569,audited_master_only_lgbm,confident_pathogenic
VAR_001817,0.6322794290748571,1,0.4381502900787569,audited_master_only_lgbm,confident_pathogenic
VAR_002202,0.9741036227541077,1,0.4381502900787569,audited_master_only_lgbm,confident_pathogenic
VAR_002712,0.8941719822894281,1,0.4381502900787569,audited_master_only_lgbm,confident_pathogenic
VAR_001614,0.10318443094082717,0,0.4381502900787569,audited_master_only_lgbm,confident_benign
VAR_001431,0.28729383465990677,0,0.4381502900787569,audited_master_only_lgbm,confident_benign
VAR_004461,0.06636759122942838,0,0.4381502900787569,audited_master_only_lgbm,confident_benign
VAR_002161,0.8785874770328246,1,0.4381502900787569,audited_master_only_lgbm,confident_pathogenic
VAR_004306,0.32630604106939787,0,0.4381502900787569,audited_master_only_lgbm,confident_benign
VAR_004207,0.11109821386924672,0,0.4381502900787569,audited_master_only_lgbm,confident_benign
VAR_000830,0.848221980717194,1,0.4381502900787569,audited_master_only_lgbm,confident_pathogenic
VAR_001288,0.06401078729708747,0,0.4381502900787569,audited_master_only_lgbm,confident_benign
VAR_003394,0.9627727982043495,1,0.4381502900787569,audited_master_only_lgbm,confident_pathogenic
VAR_002357,0.10954711164082942,0,0.4381502900787569,audited_master_only_lgbm,confident_benign
VAR_001296,0.6527304837289434,1,0.4381502900787569,audited_master_only_lgbm,confident_pathogenic
VAR_002041,0.7659294951284027,1,0.4381502900787569,audited_master_only_lgbm,confident_pathogenic
VAR_001412,0.28729383465990677,0,0.4381502900787569,audited_master_only_lgbm,confident_benign
VAR_000502,0.08950364203593653,0,0.4381502900787569,audited_master_only_lgbm,confident_benign
VAR_003153,0.33452066926165896,0,0.4381502900787569,audited_master_only_lgbm,confident_benign
VAR_001987,0.08979035063514115,0,0.4381502900787569,audited_master_only_lgbm,confident_benign
VAR_003750,0.9666343071689164,1,0.4381502900787569,audited_master_only_lgbm,confident_pathogenic
VAR_002927,0.020511986191122288,0,0.4381502900787569,audited_master_only_lgbm,confident_benign
VAR_004604,0.055667144067000685,0,0.4381502900787569,audited_master_only_lgbm,confident_benign
VAR_000627,0.5449237326119395,1,0.4381502900787569,audited_master_only_lgbm,confident_pathogenic
VAR_001004,0.9704537127587631,1,0.4381502900787569,audited_master_only_lgbm,confident_pathogenic
VAR_001198,0.9795223553392828,1,0.4381502900787569,audited_master_only_lgbm,confident_pathogenic
VAR_002555,0.05149396869970622,0,0.4381502900787569,audited_master_only_lgbm,confident_benign
VAR_004523,0.8107424998832545,1,0.4381502900787569,audited_master_only_lgbm,confident_pathogenic
VAR_006561,0.6092117849024465,1,0.4381502900787569,audited_master_only_lgbm,confident_pathogenic
VAR_003734,0.9488300769599791,1,0.4381502900787569,audited_master_only_lgbm,confident_pathogenic
VAR_003259,0.9794974744185736,1,0.4381502900787569,audited_master_only_lgbm,confident_pathogenic
VAR_000988,0.9759779876056082,1,0.4381502900787569,audited_master_only_lgbm,confident_pathogenic
VAR_000547,0.02230869371184843,0,0.4381502900787569,audited_master_only_lgbm,confident_benign
VAR_000127,0.043700953900090676,0,0.4381502900787569,audited_master_only_lgbm,confident_benign
VAR_006500,0.9711475060828475,1,0.4381502900787569,audited_master_only_lgbm,confident_pathogenic
VAR_001820,0.04234675973654845,0,0.4381502900787569,audited_master_only_lgbm,confident_benign
VAR_005572,0.06010972440592927,0,0.4381502900787569,audited_master_only_lgbm,confident_benign
VAR_001236,0.6876882103613122,1,0.4381502900787569,audited_master_only_lgbm,confident_pathogenic
VAR_000075,0.2306575374817353,0,0.4381502900787569,audited_master_only_lgbm,confident_benign
VAR_002491,0.775560602494016,1,0.4381502900787569,audited_master_only_lgbm,confident_pathogenic
VAR_005012,0.4672753049310451,1,0.4381502900787569,audited_master_only_lgbm,uncertain
VAR_003107,0.43629225012853323,0,0.4381502900787569,audited_master_only_lgbm,uncertain
VAR_000710,0.0342896667778945,0,0.4381502900787569,audited_master_only_lgbm,confident_benign
VAR_005149,0.04759515521951382,0,0.4381502900787569,audited_master_only_lgbm,confident_benign
VAR_002371,0.015121068884489967,0,0.4381502900787569,audited_master_only_lgbm,confident_benign
VAR_005642,0.9575054901176474,1,0.4381502900787569,audited_master_only_lgbm,confident_pathogenic
VAR_000470,0.8793623831840701,1,0.4381502900787569,audited_master_only_lgbm,confident_pathogenic
VAR_002153,0.933248614791084,1,0.4381502900787569,audited_master_only_lgbm,confident_pathogenic
VAR_003215,0.07105655582140917,0,0.4381502900787569,audited_master_only_lgbm,confident_benign
VAR_002999,0.5609826802574059,1,0.4381502900787569,audited_master_only_lgbm,confident_pathogenic
VAR_004801,0.7945328367116639,1,0.4381502900787569,audited_master_only_lgbm,confident_pathogenic
VAR_000575,0.9818322058730092,1,0.4381502900787569,audited_master_only_lgbm,confident_pathogenic
VAR_004770,0.8500570322592542,1,0.4381502900787569,audited_master_only_lgbm,confident_pathogenic
VAR_000672,0.8377663374416079,1,0.4381502900787569,audited_master_only_lgbm,confident_pathogenic
VAR_003142,0.8478080556139169,1,0.4381502900787569,audited_master_only_lgbm,confident_pathogenic
VAR_002382,0.18870254040599513,0,0.4381502900787569,audited_master_only_lgbm,confident_benign
VAR_002467,0.9506964017984386,1,0.4381502900787569,audited_master_only_lgbm,confident_pathogenic
VAR_000926,0.618783100912383,1,0.4381502900787569,audited_master_only_lgbm,confident_pathogenic
VAR_005782,0.9360801837844707,1,0.4381502900787569,audited_master_only_lgbm,confident_pathogenic
VAR_002272,0.8060813839211423,1,0.4381502900787569,audited_master_only_lgbm,confident_pathogenic
VAR_002830,0.7373083921069437,1,0.4381502900787569,audited_master_only_lgbm,confident_pathogenic
VAR_004816,0.8770514939567678,1,0.4381502900787569,audited_master_only_lgbm,confident_pathogenic
VAR_005583,0.9166887637182841,1,0.4381502900787569,audited_master_only_lgbm,confident_pathogenic
VAR_003367,0.9689513917365871,1,0.4381502900787569,audited_master_only_lgbm,confident_pathogenic
VAR_005239,0.9514676923557471,1,0.4381502900787569,audited_master_only_lgbm,confident_pathogenic
VAR_001327,0.28729383465990677,0,0.4381502900787569,audited_master_only_lgbm,confident_benign
VAR_006047,0.9797558993449414,1,0.4381502900787569,audited_master_only_lgbm,confident_pathogenic
VAR_002871,0.67801530913933,1,0.4381502900787569,audited_master_only_lgbm,confident_pathogenic
VAR_006316,0.04778885206741665,0,0.4381502900787569,audited_master_only_lgbm,confident_benign
VAR_003483,0.18019188213864734,0,0.4381502900787569,audited_master_only_lgbm,confident_benign
VAR_005130,0.8944470123095691,1,0.4381502900787569,audited_master_only_lgbm,confident_pathogenic
VAR_004786,0.8280701957504193,1,0.4381502900787569,audited_master_only_lgbm,confident_pathogenic
VAR_006373,0.16162786881196017,0,0.4381502900787569,audited_master_only_lgbm,confident_benign
VAR_003896,0.15338300010751166,0,0.4381502900787569,audited_master_only_lgbm,confident_benign
VAR_003321,0.9566088856262873,1,0.4381502900787569,audited_master_only_lgbm,confident_pathogenic
VAR_001477,0.5386094100188319,1,0.4381502900787569,audited_master_only_lgbm,confident_pathogenic
VAR_002638,0.9888582179307652,1,0.4381502900787569,audited_master_only_lgbm,confident_pathogenic
VAR_000644,0.8867976118165657,1,0.4381502900787569,audited_master_only_lgbm,confident_pathogenic
VAR_000465,0.06681237293569366,0,0.4381502900787569,audited_master_only_lgbm,confident_benign
VAR_000816,0.9223290814466623,1,0.4381502900787569,audited_master_only_lgbm,confident_pathogenic
VAR_002264,0.7548681747579531,1,0.4381502900787569,audited_master_only_lgbm,confident_pathogenic
VAR_002755,0.8950056778214529,1,0.4381502900787569,audited_master_only_lgbm,confident_pathogenic
VAR_000275,0.7632057579923137,1,0.4381502900787569,audited_master_only_lgbm,confident_pathogenic
VAR_002846,0.9045630509918644,1,0.4381502900787569,audited_master_only_lgbm,confident_pathogenic
VAR_006490,0.8710130530144076,1,0.4381502900787569,audited_master_only_lgbm,confident_pathogenic
VAR_002640,0.8218683905197993,1,0.4381502900787569,audited_master_only_lgbm,confident_pathogenic
VAR_002362,0.9255961133360487,1,0.4381502900787569,audited_master_only_lgbm,confident_pathogenic
VAR_000221,0.8539318475415393,1,0.4381502900787569,audited_master_only_lgbm,confident_pathogenic
VAR_000009,0.5647629541840193,1,0.4381502900787569,audited_master_only_lgbm,confident_pathogenic
VAR_005898,0.27327516758748444,0,0.4381502900787569,audited_master_only_lgbm,confident_benign
VAR_000332,0.9672496705334214,1,0.4381502900787569,audited_master_only_lgbm,confident_pathogenic
VAR_003093,0.5543380781517333,1,0.4381502900787569,audited_master_only_lgbm,confident_pathogenic
VAR_004022,0.8922681293864322,1,0.4381502900787569,audited_master_only_lgbm,confident_pathogenic
VAR_004819,0.8449023124384781,1,0.4381502900787569,audited_master_only_lgbm,confident_pathogenic
VAR_000882,0.9035086477781471,1,0.4381502900787569,audited_master_only_lgbm,confident_pathogenic
VAR_000623,0.9070431119720118,1,0.4381502900787569,audited_master_only_lgbm,confident_pathogenic
VAR_002802,0.9242540174709858,1,0.4381502900787569,audited_master_only_lgbm,confident_pathogenic
VAR_000951,0.9383020129589563,1,0.4381502900787569,audited_master_only_lgbm,confident_pathogenic
VAR_003800,0.9043163887100019,1,0.4381502900787569,audited_master_only_lgbm,confident_pathogenic
VAR_002773,0.13783401682780752,0,0.4381502900787569,audited_master_only_lgbm,confident_benign
VAR_003761,0.2818501394982612,0,0.4381502900787569,audited_master_only_lgbm,confident_benign
VAR_005276,0.28729383465990677,0,0.4381502900787569,audited_master_only_lgbm,confident_benign
VAR_005143,0.927783809080014,1,0.4381502900787569,audited_master_only_lgbm,confident_pathogenic
VAR_001955,0.0626978755553219,0,0.4381502900787569,audited_master_only_lgbm,confident_benign
VAR_002106,0.3462573523197132,0,0.4381502900787569,audited_master_only_lgbm,confident_benign
VAR_003246,0.946742572955804,1,0.4381502900787569,audited_master_only_lgbm,confident_pathogenic
VAR_004940,0.8745459845787322,1,0.4381502900787569,audited_master_only_lgbm,confident_pathogenic
VAR_000099,0.009091613212547294,0,0.4381502900787569,audited_master_only_lgbm,confident_benign
VAR_005611,0.9236249784388577,1,0.4381502900787569,audited_master_only_lgbm,confident_pathogenic
VAR_004605,0.8955385077173229,1,0.4381502900787569,audited_master_only_lgbm,confident_pathogenic
VAR_000606,0.8862142207609391,1,0.4381502900787569,audited_master_only_lgbm,confident_pathogenic
VAR_000505,0.9329352966873975,1,0.4381502900787569,audited_master_only_lgbm,confident_pathogenic
VAR_003585,0.03173119380311945,0,0.4381502900787569,audited_master_only_lgbm,confident_benign
VAR_004761,0.859130506402707,1,0.4381502900787569,audited_master_only_lgbm,confident_pathogenic
VAR_005227,0.9837933382143542,1,0.4381502900787569,audited_master_only_lgbm,confident_pathogenic
VAR_004155,0.12824956435397156,0,0.4381502900787569,audited_master_only_lgbm,confident_benign
VAR_005858,0.9707243268774376,1,0.4381502900787569,audited_master_only_lgbm,confident_pathogenic
VAR_004369,0.22809456811707882,0,0.4381502900787569,audited_master_only_lgbm,confident_benign
VAR_004037,0.9740551323974529,1,0.4381502900787569,audited_master_only_lgbm,confident_pathogenic
VAR_004913,0.5413684105707337,1,0.4381502900787569,audited_master_only_lgbm,confident_pathogenic
VAR_005941,0.12944226215806023,0,0.4381502900787569,audited_master_only_lgbm,confident_benign
VAR_002759,0.8894786742431816,1,0.4381502900787569,audited_master_only_lgbm,confident_pathogenic
VAR_003557,0.014993126579784048,0,0.4381502900787569,audited_master_only_lgbm,confident_benign
VAR_001749,0.043896433864479376,0,0.4381502900787569,audited_master_only_lgbm,confident_benign
VAR_000685,0.9512912971519248,1,0.4381502900787569,audited_master_only_lgbm,confident_pathogenic
VAR_001133,0.8643757097198083,1,0.4381502900787569,audited_master_only_lgbm,confident_pathogenic
VAR_000197,0.20114032659288741,0,0.4381502900787569,audited_master_only_lgbm,confident_benign
VAR_004317,0.6503983341614731,1,0.4381502900787569,audited_master_only_lgbm,confident_pathogenic
VAR_003152,0.8859994974350807,1,0.4381502900787569,audited_master_only_lgbm,confident_pathogenic
VAR_005616,0.8771759133768161,1,0.4381502900787569,audited_master_only_lgbm,confident_pathogenic
VAR_002556,0.06724954079177908,0,0.4381502900787569,audited_master_only_lgbm,confident_benign
VAR_003697,0.11593306764742346,0,0.4381502900787569,audited_master_only_lgbm,confident_benign
VAR_005290,0.197696942996525,0,0.4381502900787569,audited_master_only_lgbm,confident_benign
VAR_004806,0.7987280280298847,1,0.4381502900787569,audited_master_only_lgbm,confident_pathogenic
VAR_003262,0.16267046969662627,0,0.4381502900787569,audited_master_only_lgbm,confident_benign
VAR_002931,0.9753340056117533,1,0.4381502900787569,audited_master_only_lgbm,confident_pathogenic
VAR_002899,0.7088617816639535,1,0.4381502900787569,audited_master_only_lgbm,confident_pathogenic
VAR_004980,0.9457066395330382,1,0.4381502900787569,audited_master_only_lgbm,confident_pathogenic
VAR_002847,0.927503689522464,1,0.4381502900787569,audited_master_only_lgbm,confident_pathogenic
VAR_005358,0.9110468412851355,1,0.4381502900787569,audited_master_only_lgbm,confident_pathogenic
VAR_005957,0.9226479997836081,1,0.4381502900787569,audited_master_only_lgbm,confident_pathogenic
VAR_005591,0.7900837999994215,1,0.4381502900787569,audited_master_only_lgbm,confident_pathogenic
VAR_000251,0.03140724275996958,0,0.4381502900787569,audited_master_only_lgbm,confident_benign
VAR_003825,0.09417645033624214,0,0.4381502900787569,audited_master_only_lgbm,confident_benign
VAR_001857,0.5604595797303288,1,0.4381502900787569,audited_master_only_lgbm,confident_pathogenic
VAR_001410,0.28729383465990677,0,0.4381502900787569,audited_master_only_lgbm,confident_benign
VAR_001268,0.1615244533040751,0,0.4381502900787569,audited_master_only_lgbm,confident_benign
VAR_001000,0.05850745102779683,0,0.4381502900787569,audited_master_only_lgbm,confident_benign
VAR_002757,0.7562550644730727,1,0.4381502900787569,audited_master_only_lgbm,confident_pathogenic
VAR_003062,0.9765970971400209,1,0.4381502900787569,audited_master_only_lgbm,confident_pathogenic
VAR_002064,0.15535300005625544,0,0.4381502900787569,audited_master_only_lgbm,confident_benign
VAR_004216,0.23553895778351489,0,0.4381502900787569,audited_master_only_lgbm,confident_benign
VAR_003692,0.16561448809249832,0,0.4381502900787569,audited_master_only_lgbm,confident_benign
VAR_005007,0.14743619429375537,0,0.4381502900787569,audited_master_only_lgbm,confident_benign
VAR_004252,0.9566600318091393,1,0.4381502900787569,audited_master_only_lgbm,confident_pathogenic
VAR_000567,0.886125447700793,1,0.4381502900787569,audited_master_only_lgbm,confident_pathogenic
VAR_006463,0.9275608507685608,1,0.4381502900787569,audited_master_only_lgbm,confident_pathogenic
VAR_000846,0.17707473480467212,0,0.4381502900787569,audited_master_only_lgbm,confident_benign
VAR_002188,0.9763465500275419,1,0.4381502900787569,audited_master_only_lgbm,confident_pathogenic
VAR_002664,0.619130173972065,1,0.4381502900787569,audited_master_only_lgbm,confident_pathogenic
VAR_003124,0.0328790051693439,0,0.4381502900787569,audited_master_only_lgbm,confident_benign
VAR_003155,0.20021503350588296,0,0.4381502900787569,audited_master_only_lgbm,confident_benign
VAR_005106,0.8829140704012669,1,0.4381502900787569,audited_master_only_lgbm,confident_pathogenic
VAR_004989,0.0441439203046358,0,0.4381502900787569,audited_master_only_lgbm,confident_benign
VAR_005526,0.8711510699334601,1,0.4381502900787569,audited_master_only_lgbm,confident_pathogenic
VAR_003681,0.10409814290847785,0,0.4381502900787569,audited_master_only_lgbm,confident_benign
VAR_004789,0.9030326446811958,1,0.4381502900787569,audited_master_only_lgbm,confident_pathogenic
VAR_006370,0.9776683549257389,1,0.4381502900787569,audited_master_only_lgbm,confident_pathogenic
VAR_002910,0.8407745595588946,1,0.4381502900787569,audited_master_only_lgbm,confident_pathogenic
VAR_003162,0.8267520582214719,1,0.4381502900787569,audited_master_only_lgbm,confident_pathogenic
VAR_001148,0.6609149199261762,1,0.4381502900787569,audited_master_only_lgbm,confident_pathogenic
VAR_005854,0.973717398003552,1,0.4381502900787569,audited_master_only_lgbm,confident_pathogenic
VAR_001380,0.600674162532076,1,0.4381502900787569,audited_master_only_lgbm,confident_pathogenic
VAR_003229,0.4373170779835039,0,0.4381502900787569,audited_master_only_lgbm,uncertain
VAR_003538,0.7942757570211223,1,0.4381502900787569,audited_master_only_lgbm,confident_pathogenic
VAR_002334,0.792027650411039,1,0.4381502900787569,audited_master_only_lgbm,confident_pathogenic
VAR_003070,0.8901928435919052,1,0.4381502900787569,audited_master_only_lgbm,confident_pathogenic
VAR_000675,0.8464033567176765,1,0.4381502900787569,audited_master_only_lgbm,confident_pathogenic
VAR_006383,0.7394648637557888,1,0.4381502900787569,audited_master_only_lgbm,confident_pathogenic
VAR_000903,0.28729383465990677,0,0.4381502900787569,audited_master_only_lgbm,confident_benign
VAR_002159,0.8177506055229781,1,0.4381502900787569,audited_master_only_lgbm,confident_pathogenic
VAR_003946,0.8539339842126764,1,0.4381502900787569,audited_master_only_lgbm,confident_pathogenic
VAR_001995,0.9410561628907524,1,0.4381502900787569,audited_master_only_lgbm,confident_pathogenic
VAR_001340,0.49720158494383554,1,0.4381502900787569,audited_master_only_lgbm,confident_pathogenic
VAR_004727,0.8957143306180889,1,0.4381502900787569,audited_master_only_lgbm,confident_pathogenic
VAR_004460,0.025647609202487112,0,0.4381502900787569,audited_master_only_lgbm,confident_benign
VAR_006066,0.6845139567312897,1,0.4381502900787569,audited_master_only_lgbm,confident_pathogenic
VAR_000245,0.4300762051661764,0,0.4381502900787569,audited_master_only_lgbm,uncertain
VAR_003500,0.012929279278016778,0,0.4381502900787569,audited_master_only_lgbm,confident_benign
VAR_002146,0.9213032709063039,1,0.4381502900787569,audited_master_only_lgbm,confident_pathogenic
VAR_004199,0.9745511191775561,1,0.4381502900787569,audited_master_only_lgbm,confident_pathogenic
VAR_002340,0.7811377353983795,1,0.4381502900787569,audited_master_only_lgbm,confident_pathogenic
VAR_002739,0.39738847235014274,0,0.4381502900787569,audited_master_only_lgbm,uncertain
VAR_003764,0.8154518451241806,1,0.4381502900787569,audited_master_only_lgbm,confident_pathogenic
VAR_004838,0.6124789218216607,1,0.4381502900787569,audited_master_only_lgbm,confident_pathogenic
VAR_002753,0.4803152456967301,1,0.4381502900787569,audited_master_only_lgbm,uncertain
VAR_000244,0.7888331996054234,1,0.4381502900787569,audited_master_only_lgbm,confident_pathogenic
VAR_001543,0.28729383465990677,0,0.4381502900787569,audited_master_only_lgbm,confident_benign
VAR_004524,0.7604937776846588,1,0.4381502900787569,audited_master_only_lgbm,confident_pathogenic
VAR_004177,0.949861038370527,1,0.4381502900787569,audited_master_only_lgbm,confident_pathogenic
VAR_001088,0.8176367291768315,1,0.4381502900787569,audited_master_only_lgbm,confident_pathogenic
VAR_004720,0.9324754954089202,1,0.4381502900787569,audited_master_only_lgbm,confident_pathogenic
VAR_005433,0.14221753813620694,0,0.4381502900787569,audited_master_only_lgbm,confident_benign
VAR_002718,0.9624016583151792,1,0.4381502900787569,audited_master_only_lgbm,confident_pathogenic
VAR_005088,0.9257563323487763,1,0.4381502900787569,audited_master_only_lgbm,confident_pathogenic
VAR_001796,0.6790438249457776,1,0.4381502900787569,audited_master_only_lgbm,confident_pathogenic
VAR_004123,0.8426983097444615,1,0.4381502900787569,audited_master_only_lgbm,confident_pathogenic
VAR_002514,0.06077445794446467,0,0.4381502900787569,audited_master_only_lgbm,confident_benign
VAR_004085,0.024643337603712494,0,0.4381502900787569,audited_master_only_lgbm,confident_benign
VAR_003154,0.4905850855549815,1,0.4381502900787569,audited_master_only_lgbm,confident_pathogenic
VAR_005296,0.41518884027145786,0,0.4381502900787569,audited_master_only_lgbm,uncertain
VAR_001215,0.8225383116304211,1,0.4381502900787569,audited_master_only_lgbm,confident_pathogenic
VAR_002940,0.8025172867499551,1,0.4381502900787569,audited_master_only_lgbm,confident_pathogenic
VAR_000590,0.9562648449449538,1,0.4381502900787569,audited_master_only_lgbm,confident_pathogenic
VAR_005880,0.26601797115050685,0,0.4381502900787569,audited_master_only_lgbm,confident_benign
VAR_005934,0.7391287607311235,1,0.4381502900787569,audited_master_only_lgbm,confident_pathogenic
VAR_002744,0.6897026865337081,1,0.4381502900787569,audited_master_only_lgbm,confident_pathogenic
VAR_004044,0.03367370047007576,0,0.4381502900787569,audited_master_only_lgbm,confident_benign
VAR_002841,0.9502645704654326,1,0.4381502900787569,audited_master_only_lgbm,confident_pathogenic
VAR_000904,0.03495724653417738,0,0.4381502900787569,audited_master_only_lgbm,confident_benign
VAR_000833,0.9238195190336421,1,0.4381502900787569,audited_master_only_lgbm,confident_pathogenic
VAR_002408,0.8930940372073009,1,0.4381502900787569,audited_master_only_lgbm,confident_pathogenic
VAR_003175,0.9141684927781594,1,0.4381502900787569,audited_master_only_lgbm,confident_pathogenic
VAR_001258,0.5112852248639485,1,0.4381502900787569,audited_master_only_lgbm,confident_pathogenic
VAR_001438,0.22991390258192573,0,0.4381502900787569,audited_master_only_lgbm,confident_benign
VAR_005949,0.026374253134132768,0,0.4381502900787569,audited_master_only_lgbm,confident_benign
VAR_003784,0.9452300706424369,1,0.4381502900787569,audited_master_only_lgbm,confident_pathogenic
VAR_000992,0.9599456898600829,1,0.4381502900787569,audited_master_only_lgbm,confident_pathogenic
VAR_000109,0.8782765622501187,1,0.4381502900787569,audited_master_only_lgbm,confident_pathogenic
VAR_006462,0.783961472111233,1,0.4381502900787569,audited_master_only_lgbm,confident_pathogenic
VAR_000111,0.8405033844819602,1,0.4381502900787569,audited_master_only_lgbm,confident_pathogenic
VAR_000119,0.8634092414218679,1,0.4381502900787569,audited_master_only_lgbm,confident_pathogenic
VAR_006489,0.7311399029377339,1,0.4381502900787569,audited_master_only_lgbm,confident_pathogenic
VAR_004384,0.9346718947567318,1,0.4381502900787569,audited_master_only_lgbm,confident_pathogenic
VAR_004546,0.9685809914258525,1,0.4381502900787569,audited_master_only_lgbm,confident_pathogenic
VAR_004363,0.06552157635949381,0,0.4381502900787569,audited_master_only_lgbm,confident_benign
VAR_000643,0.9724977488590442,1,0.4381502900787569,audited_master_only_lgbm,confident_pathogenic
VAR_002067,0.03797937969589515,0,0.4381502900787569,audited_master_only_lgbm,confident_benign
VAR_005944,0.9204749838459058,1,0.4381502900787569,audited_master_only_lgbm,confident_pathogenic
VAR_003312,0.23876181551726644,0,0.4381502900787569,audited_master_only_lgbm,confident_benign
VAR_002193,0.11935438040134386,0,0.4381502900787569,audited_master_only_lgbm,confident_benign
VAR_003410,0.8703995455991058,1,0.4381502900787569,audited_master_only_lgbm,confident_pathogenic
VAR_002355,0.7811081990361285,1,0.4381502900787569,audited_master_only_lgbm,confident_pathogenic
VAR_000928,0.9737944607789729,1,0.4381502900787569,audited_master_only_lgbm,confident_pathogenic
VAR_002279,0.6674178681234741,1,0.4381502900787569,audited_master_only_lgbm,confident_pathogenic
VAR_005495,0.8532714290910364,1,0.4381502900787569,audited_master_only_lgbm,confident_pathogenic
VAR_003034,0.2608211929163754,0,0.4381502900787569,audited_master_only_lgbm,confident_benign
VAR_001233,0.01764753104381433,0,0.4381502900787569,audited_master_only_lgbm,confident_benign
VAR_000260,0.7723219095898006,1,0.4381502900787569,audited_master_only_lgbm,confident_pathogenic
VAR_003075,0.9411349151469963,1,0.4381502900787569,audited_master_only_lgbm,confident_pathogenic
VAR_006061,0.8393026773232448,1,0.4381502900787569,audited_master_only_lgbm,confident_pathogenic
VAR_000721,0.9927949409562633,1,0.4381502900787569,audited_master_only_lgbm,confident_pathogenic
VAR_004817,0.3093462153653655,0,0.4381502900787569,audited_master_only_lgbm,confident_benign
VAR_003969,0.968387611317671,1,0.4381502900787569,audited_master_only_lgbm,confident_pathogenic
VAR_002887,0.8053634418983219,1,0.4381502900787569,audited_master_only_lgbm,confident_pathogenic
VAR_001619,0.28729383465990677,0,0.4381502900787569,audited_master_only_lgbm,confident_benign
VAR_005357,0.9847416831923131,1,0.4381502900787569,audited_master_only_lgbm,confident_pathogenic
VAR_004107,0.9740633576246696,1,0.4381502900787569,audited_master_only_lgbm,confident_pathogenic
VAR_000865,0.33443842459412476,0,0.4381502900787569,audited_master_only_lgbm,confident_benign
VAR_002689,0.7777357807883077,1,0.4381502900787569,audited_master_only_lgbm,confident_pathogenic
VAR_001883,0.9380223192035833,1,0.4381502900787569,audited_master_only_lgbm,confident_pathogenic
VAR_002977,0.27327516758748444,0,0.4381502900787569,audited_master_only_lgbm,confident_benign
VAR_006174,0.886855281979352,1,0.4381502900787569,audited_master_only_lgbm,confident_pathogenic
VAR_004924,0.8031458517528277,1,0.4381502900787569,audited_master_only_lgbm,confident_pathogenic
VAR_005513,0.9875265858215425,1,0.4381502900787569,audited_master_only_lgbm,confident_pathogenic
VAR_000047,0.09821644147620003,0,0.4381502900787569,audited_master_only_lgbm,confident_benign
VAR_002510,0.6314527465071559,1,0.4381502900787569,audited_master_only_lgbm,confident_pathogenic
VAR_001414,0.2841629458924807,0,0.4381502900787569,audited_master_only_lgbm,confident_benign
VAR_005552,0.9462712053840425,1,0.4381502900787569,audited_master_only_lgbm,confident_pathogenic
VAR_004400,0.873701335447713,1,0.4381502900787569,audited_master_only_lgbm,confident_pathogenic
VAR_000142,0.9497089845520957,1,0.4381502900787569,audited_master_only_lgbm,confident_pathogenic
VAR_003010,0.5179238346554007,1,0.4381502900787569,audited_master_only_lgbm,confident_pathogenic
VAR_004996,0.8784568662237924,1,0.4381502900787569,audited_master_only_lgbm,confident_pathogenic
VAR_004302,0.32230804156051635,0,0.4381502900787569,audited_master_only_lgbm,confident_benign
VAR_002742,0.8755210715745375,1,0.4381502900787569,audited_master_only_lgbm,confident_pathogenic
VAR_004528,0.9361404921082624,1,0.4381502900787569,audited_master_only_lgbm,confident_pathogenic
VAR_004081,0.9325965857161216,1,0.4381502900787569,audited_master_only_lgbm,confident_pathogenic
VAR_004060,0.8273179026574031,1,0.4381502900787569,audited_master_only_lgbm,confident_pathogenic
VAR_005462,0.04671416742258915,0,0.4381502900787569,audited_master_only_lgbm,confident_benign
VAR_005573,0.8896379871231899,1,0.4381502900787569,audited_master_only_lgbm,confident_pathogenic
VAR_000240,0.8387247622778102,1,0.4381502900787569,audited_master_only_lgbm,confident_pathogenic
VAR_005996,0.5156824062583365,1,0.4381502900787569,audited_master_only_lgbm,confident_pathogenic
VAR_002137,0.7546892528529423,1,0.4381502900787569,audited_master_only_lgbm,confident_pathogenic
VAR_000841,0.6409034920502903,1,0.4381502900787569,audited_master_only_lgbm,confident_pathogenic
VAR_002516,0.7133173514021046,1,0.4381502900787569,audited_master_only_lgbm,confident_pathogenic
VAR_002127,0.28729383465990677,0,0.4381502900787569,audited_master_only_lgbm,confident_benign
VAR_005536,0.9801024769314521,1,0.4381502900787569,audited_master_only_lgbm,confident_pathogenic
VAR_004480,0.11848873062463915,0,0.4381502900787569,audited_master_only_lgbm,confident_benign
VAR_000783,0.7780621535069001,1,0.4381502900787569,audited_master_only_lgbm,confident_pathogenic
VAR_003902,0.28729383465990677,0,0.4381502900787569,audited_master_only_lgbm,confident_benign
VAR_001653,0.5745789597741162,1,0.4381502900787569,audited_master_only_lgbm,confident_pathogenic
VAR_000513,0.09080007453835713,0,0.4381502900787569,audited_master_only_lgbm,confident_benign
VAR_001554,0.6449625552330686,1,0.4381502900787569,audited_master_only_lgbm,confident_pathogenic
VAR_001379,0.7648551791783882,1,0.4381502900787569,audited_master_only_lgbm,confident_pathogenic
VAR_004800,0.0076340364490346145,0,0.4381502900787569,audited_master_only_lgbm,confident_benign
VAR_001174,0.672018839811745,1,0.4381502900787569,audited_master_only_lgbm,confident_pathogenic
VAR_000069,0.9489034982984444,1,0.4381502900787569,audited_master_only_lgbm,confident_pathogenic
VAR_004027,0.8595722206961813,1,0.4381502900787569,audited_master_only_lgbm,confident_pathogenic
VAR_004401,0.9594625224311826,1,0.4381502900787569,audited_master_only_lgbm,confident_pathogenic
VAR_000729,0.938784390406201,1,0.4381502900787569,audited_master_only_lgbm,confident_pathogenic
VAR_003961,0.9945546674692735,1,0.4381502900787569,audited_master_only_lgbm,confident_pathogenic
VAR_005455,0.9749832291698246,1,0.4381502900787569,audited_master_only_lgbm,confident_pathogenic
VAR_002587,0.6613548255277654,1,0.4381502900787569,audited_master_only_lgbm,confident_pathogenic
VAR_002403,0.02967760716532076,0,0.4381502900787569,audited_master_only_lgbm,confident_benign
VAR_004881,0.8406448388757777,1,0.4381502900787569,audited_master_only_lgbm,confident_pathogenic
VAR_005859,0.7871353602328904,1,0.4381502900787569,audited_master_only_lgbm,confident_pathogenic
VAR_005282,0.3592535454937682,0,0.4381502900787569,audited_master_only_lgbm,confident_benign
VAR_001143,0.9799672966303394,1,0.4381502900787569,audited_master_only_lgbm,confident_pathogenic
VAR_003067,0.1463586853374366,0,0.4381502900787569,audited_master_only_lgbm,confident_benign
VAR_003679,0.8251121800928577,1,0.4381502900787569,audited_master_only_lgbm,confident_pathogenic
VAR_003411,0.6712223783751281,1,0.4381502900787569,audited_master_only_lgbm,confident_pathogenic
VAR_002869,0.8632131473880796,1,0.4381502900787569,audited_master_only_lgbm,confident_pathogenic
VAR_000289,0.8810064479857778,1,0.4381502900787569,audited_master_only_lgbm,confident_pathogenic
VAR_001816,0.9432176951950558,1,0.4381502900787569,audited_master_only_lgbm,confident_pathogenic
VAR_002265,0.9158718628849137,1,0.4381502900787569,audited_master_only_lgbm,confident_pathogenic
VAR_004348,0.14233240569741518,0,0.4381502900787569,audited_master_only_lgbm,confident_benign
VAR_005185,0.9483633486380768,1,0.4381502900787569,audited_master_only_lgbm,confident_pathogenic
VAR_003910,0.6924646241262575,1,0.4381502900787569,audited_master_only_lgbm,confident_pathogenic
VAR_000676,0.5155463930757695,1,0.4381502900787569,audited_master_only_lgbm,confident_pathogenic
VAR_001343,0.28729383465990677,0,0.4381502900787569,audited_master_only_lgbm,confident_benign
VAR_000196,0.6284767074250546,1,0.4381502900787569,audited_master_only_lgbm,confident_pathogenic
VAR_000303,0.9468844832905496,1,0.4381502900787569,audited_master_only_lgbm,confident_pathogenic
VAR_005350,0.9470064017949155,1,0.4381502900787569,audited_master_only_lgbm,confident_pathogenic
VAR_005995,0.4966543170259038,1,0.4381502900787569,audited_master_only_lgbm,confident_pathogenic
VAR_000967,0.8614135013503078,1,0.4381502900787569,audited_master_only_lgbm,confident_pathogenic
VAR_006149,0.9276828598457519,1,0.4381502900787569,audited_master_only_lgbm,confident_pathogenic
VAR_000987,0.8856112562305634,1,0.4381502900787569,audited_master_only_lgbm,confident_pathogenic
VAR_002047,0.8250309393757547,1,0.4381502900787569,audited_master_only_lgbm,confident_pathogenic
VAR_003248,0.9488757908714279,1,0.4381502900787569,audited_master_only_lgbm,confident_pathogenic
VAR_002920,0.21467557899898387,0,0.4381502900787569,audited_master_only_lgbm,confident_benign
VAR_002178,0.7308729229341517,1,0.4381502900787569,audited_master_only_lgbm,confident_pathogenic
VAR_002581,0.5629894143139602,1,0.4381502900787569,audited_master_only_lgbm,confident_pathogenic
VAR_000975,0.9780749108277238,1,0.4381502900787569,audited_master_only_lgbm,confident_pathogenic
VAR_004179,0.07207848724876736,0,0.4381502900787569,audited_master_only_lgbm,confident_benign
VAR_000944,0.9966405979762712,1,0.4381502900787569,audited_master_only_lgbm,confident_pathogenic
VAR_001950,0.91656189004221,1,0.4381502900787569,audited_master_only_lgbm,confident_pathogenic
VAR_005354,0.9064270768398691,1,0.4381502900787569,audited_master_only_lgbm,confident_pathogenic
VAR_003536,0.9079097706953355,1,0.4381502900787569,audited_master_only_lgbm,confident_pathogenic
VAR_002786,0.8713937155079735,1,0.4381502900787569,audited_master_only_lgbm,confident_pathogenic
VAR_002464,0.9532335179475051,1,0.4381502900787569,audited_master_only_lgbm,confident_pathogenic
VAR_003026,0.5887444592835548,1,0.4381502900787569,audited_master_only_lgbm,confident_pathogenic
VAR_002252,0.10757241410094522,0,0.4381502900787569,audited_master_only_lgbm,confident_benign
VAR_000041,0.8409642796755223,1,0.4381502900787569,audited_master_only_lgbm,confident_pathogenic
VAR_004929,0.19615166780416451,0,0.4381502900787569,audited_master_only_lgbm,confident_benign
VAR_004351,0.8353788828290496,1,0.4381502900787569,audited_master_only_lgbm,confident_pathogenic
VAR_005283,0.6572954280165834,1,0.4381502900787569,audited_master_only_lgbm,confident_pathogenic
VAR_005517,0.9482433641152663,1,0.4381502900787569,audited_master_only_lgbm,confident_pathogenic
VAR_004725,0.7644742394284558,1,0.4381502900787569,audited_master_only_lgbm,confident_pathogenic
VAR_001518,0.28729383465990677,0,0.4381502900787569,audited_master_only_lgbm,confident_benign
VAR_002536,0.9259477168219507,1,0.4381502900787569,audited_master_only_lgbm,confident_pathogenic
VAR_001941,0.7294569277502672,1,0.4381502900787569,audited_master_only_lgbm,confident_pathogenic
VAR_001094,0.9290039982009918,1,0.4381502900787569,audited_master_only_lgbm,confident_pathogenic
VAR_000282,0.975299210405345,1,0.4381502900787569,audited_master_only_lgbm,confident_pathogenic
VAR_001420,0.2583862202495227,0,0.4381502900787569,audited_master_only_lgbm,confident_benign
VAR_004251,0.9659289880393466,1,0.4381502900787569,audited_master_only_lgbm,confident_pathogenic
VAR_002445,0.9100134931209843,1,0.4381502900787569,audited_master_only_lgbm,confident_pathogenic
VAR_004126,0.8262078695274315,1,0.4381502900787569,audited_master_only_lgbm,confident_pathogenic
VAR_003167,0.7993109714191605,1,0.4381502900787569,audited_master_only_lgbm,confident_pathogenic
VAR_003241,0.28729383465990677,0,0.4381502900787569,audited_master_only_lgbm,confident_benign
VAR_004718,0.8953840815427936,1,0.4381502900787569,audited_master_only_lgbm,confident_pathogenic
VAR_003174,0.905204039628297,1,0.4381502900787569,audited_master_only_lgbm,confident_pathogenic
VAR_005248,0.831336631004099,1,0.4381502900787569,audited_master_only_lgbm,confident_pathogenic
VAR_001844,0.9455503701716449,1,0.4381502900787569,audited_master_only_lgbm,confident_pathogenic
VAR_000974,0.9552170091225994,1,0.4381502900787569,audited_master_only_lgbm,confident_pathogenic
VAR_003836,0.8972257453866824,1,0.4381502900787569,audited_master_only_lgbm,confident_pathogenic
VAR_006099,0.8775897854228072,1,0.4381502900787569,audited_master_only_lgbm,confident_pathogenic
VAR_000383,0.016548194030005924,0,0.4381502900787569,audited_master_only_lgbm,confident_benign
VAR_001958,0.8549279394907663,1,0.4381502900787569,audited_master_only_lgbm,confident_pathogenic
VAR_004289,0.14918206982033358,0,0.4381502900787569,audited_master_only_lgbm,confident_benign
VAR_000296,0.7570922981014307,1,0.4381502900787569,audited_master_only_lgbm,confident_pathogenic
VAR_002498,0.030872471785570777,0,0.4381502900787569,audited_master_only_lgbm,confident_benign
VAR_004722,0.88154474975041,1,0.4381502900787569,audited_master_only_lgbm,confident_pathogenic
VAR_002200,0.8966343535330503,1,0.4381502900787569,audited_master_only_lgbm,confident_pathogenic
VAR_003254,0.6059911298219615,1,0.4381502900787569,audited_master_only_lgbm,confident_pathogenic
VAR_000350,0.07915866213467254,0,0.4381502900787569,audited_master_only_lgbm,confident_benign
VAR_000962,0.9616272840996865,1,0.4381502900787569,audited_master_only_lgbm,confident_pathogenic
VAR_000915,0.9695862719588707,1,0.4381502900787569,audited_master_only_lgbm,confident_pathogenic
VAR_000262,0.032714888626380396,0,0.4381502900787569,audited_master_only_lgbm,confident_benign
VAR_005220,0.009985268236067709,0,0.4381502900787569,audited_master_only_lgbm,confident_benign
VAR_002779,0.9498253678345274,1,0.4381502900787569,audited_master_only_lgbm,confident_pathogenic
VAR_006491,0.9783042025267915,1,0.4381502900787569,audited_master_only_lgbm,confident_pathogenic
VAR_003887,0.12474411972628083,0,0.4381502900787569,audited_master_only_lgbm,confident_benign
VAR_003289,0.8414890294882446,1,0.4381502900787569,audited_master_only_lgbm,confident_pathogenic
VAR_005685,0.9223846038963316,1,0.4381502900787569,audited_master_only_lgbm,confident_pathogenic
VAR_000809,0.887354096633746,1,0.4381502900787569,audited_master_only_lgbm,confident_pathogenic
VAR_000467,0.130319734536128,0,0.4381502900787569,audited_master_only_lgbm,confident_benign
VAR_000952,0.7921719733104788,1,0.4381502900787569,audited_master_only_lgbm,confident_pathogenic
VAR_002623,0.9345525097676909,1,0.4381502900787569,audited_master_only_lgbm,confident_pathogenic
VAR_002951,0.7426992982490447,1,0.4381502900787569,audited_master_only_lgbm,confident_pathogenic
VAR_005165,0.9026126593967206,1,0.4381502900787569,audited_master_only_lgbm,confident_pathogenic
VAR_000799,0.05573811374351721,0,0.4381502900787569,audited_master_only_lgbm,confident_benign
VAR_004608,0.21090693648140174,0,0.4381502900787569,audited_master_only_lgbm,confident_benign
VAR_006431,0.2626821176876669,0,0.4381502900787569,audited_master_only_lgbm,confident_benign
VAR_006404,0.2740873315076249,0,0.4381502900787569,audited_master_only_lgbm,confident_benign
VAR_005534,0.9282808633472917,1,0.4381502900787569,audited_master_only_lgbm,confident_pathogenic
VAR_004416,0.7252103374898915,1,0.4381502900787569,audited_master_only_lgbm,confident_pathogenic
VAR_000408,0.972687638467408,1,0.4381502900787569,audited_master_only_lgbm,confident_pathogenic
VAR_002982,0.8604976345139248,1,0.4381502900787569,audited_master_only_lgbm,confident_pathogenic
VAR_002226,0.16558088241649407,0,0.4381502900787569,audited_master_only_lgbm,confident_benign
VAR_000147,0.9334875249740057,1,0.4381502900787569,audited_master_only_lgbm,confident_pathogenic
VAR_003806,0.9275618492050631,1,0.4381502900787569,audited_master_only_lgbm,confident_pathogenic
VAR_002597,0.1490878652198093,0,0.4381502900787569,audited_master_only_lgbm,confident_benign
VAR_000222,0.03870094547447058,0,0.4381502900787569,audited_master_only_lgbm,confident_benign
VAR_003780,0.8182784728902341,1,0.4381502900787569,audited_master_only_lgbm,confident_pathogenic
VAR_002320,0.1356140700192613,0,0.4381502900787569,audited_master_only_lgbm,confident_benign
VAR_002896,0.7625368255763022,1,0.4381502900787569,audited_master_only_lgbm,confident_pathogenic
VAR_004489,0.4745968747176317,1,0.4381502900787569,audited_master_only_lgbm,uncertain
VAR_000823,0.944352518319548,1,0.4381502900787569,audited_master_only_lgbm,confident_pathogenic
VAR_000827,0.9733575569272468,1,0.4381502900787569,audited_master_only_lgbm,confident_pathogenic
VAR_004926,0.8365880234521655,1,0.4381502900787569,audited_master_only_lgbm,confident_pathogenic
VAR_005917,0.0703062243233904,0,0.4381502900787569,audited_master_only_lgbm,confident_benign
VAR_001021,0.38708711163094495,0,0.4381502900787569,audited_master_only_lgbm,confident_benign
VAR_003032,0.8809969810557667,1,0.4381502900787569,audited_master_only_lgbm,confident_pathogenic
VAR_003798,0.9901146460288358,1,0.4381502900787569,audited_master_only_lgbm,confident_pathogenic
VAR_002316,0.9496585880718157,1,0.4381502900787569,audited_master_only_lgbm,confident_pathogenic
VAR_002257,0.5966055546250596,1,0.4381502900787569,audited_master_only_lgbm,confident_pathogenic
VAR_002496,0.28729383465990677,0,0.4381502900787569,audited_master_only_lgbm,confident_benign
VAR_002509,0.8964039607830167,1,0.4381502900787569,audited_master_only_lgbm,confident_pathogenic
VAR_001998,0.9737119661403639,1,0.4381502900787569,audited_master_only_lgbm,confident_pathogenic
VAR_002142,0.7687515497080135,1,0.4381502900787569,audited_master_only_lgbm,confident_pathogenic
VAR_006039,0.6243015418467087,1,0.4381502900787569,audited_master_only_lgbm,confident_pathogenic
VAR_003369,0.9449451997302873,1,0.4381502900787569,audited_master_only_lgbm,confident_pathogenic
VAR_005622,0.02403437276785423,0,0.4381502900787569,audited_master_only_lgbm,confident_benign
VAR_002585,0.8490251465307432,1,0.4381502900787569,audited_master_only_lgbm,confident_pathogenic
VAR_001669,0.023173321961061387,0,0.4381502900787569,audited_master_only_lgbm,confident_benign
VAR_002000,0.8807881539665966,1,0.4381502900787569,audited_master_only_lgbm,confident_pathogenic
VAR_000088,0.02406747601888514,0,0.4381502900787569,audited_master_only_lgbm,confident_benign
VAR_002893,0.2981729348452009,0,0.4381502900787569,audited_master_only_lgbm,confident_benign
VAR_003858,0.787271553542568,1,0.4381502900787569,audited_master_only_lgbm,confident_pathogenic
VAR_003765,0.06964105925771931,0,0.4381502900787569,audited_master_only_lgbm,confident_benign
VAR_005048,0.9464801325263837,1,0.4381502900787569,audited_master_only_lgbm,confident_pathogenic
VAR_001479,0.34005593883725527,0,0.4381502900787569,audited_master_only_lgbm,confident_benign
VAR_002481,0.9240915138369468,1,0.4381502900787569,audited_master_only_lgbm,confident_pathogenic
VAR_004646,0.10753753526325512,0,0.4381502900787569,audited_master_only_lgbm,confident_benign
VAR_003416,0.9668219326825551,1,0.4381502900787569,audited_master_only_lgbm,confident_pathogenic
VAR_004950,0.03881792004830682,0,0.4381502900787569,audited_master_only_lgbm,confident_benign
VAR_002050,0.9255237304767122,1,0.4381502900787569,audited_master_only_lgbm,confident_pathogenic
VAR_001758,0.10593785701706274,0,0.4381502900787569,audited_master_only_lgbm,confident_benign
VAR_004345,0.9437187749195148,1,0.4381502900787569,audited_master_only_lgbm,confident_pathogenic
VAR_002466,0.9749464821433123,1,0.4381502900787569,audited_master_only_lgbm,confident_pathogenic
VAR_003240,0.34077597386528047,0,0.4381502900787569,audited_master_only_lgbm,confident_benign
VAR_003285,0.8137076203803341,1,0.4381502900787569,audited_master_only_lgbm,confident_pathogenic
VAR_004417,0.9660333157949377,1,0.4381502900787569,audited_master_only_lgbm,confident_pathogenic
VAR_004647,0.19846280273805234,0,0.4381502900787569,audited_master_only_lgbm,confident_benign
VAR_005994,0.34667817391170874,0,0.4381502900787569,audited_master_only_lgbm,confident_benign
VAR_003045,0.6883015402452288,1,0.4381502900787569,audited_master_only_lgbm,confident_pathogenic
VAR_004392,0.695882786157676,1,0.4381502900787569,audited_master_only_lgbm,confident_pathogenic
VAR_005387,0.020648496968101466,0,0.4381502900787569,audited_master_only_lgbm,confident_benign
VAR_002179,0.9434204679423313,1,0.4381502900787569,audited_master_only_lgbm,confident_pathogenic
VAR_002308,0.9244711990046516,1,0.4381502900787569,audited_master_only_lgbm,confident_pathogenic
VAR_005908,0.8461557016131629,1,0.4381502900787569,audited_master_only_lgbm,confident_pathogenic
VAR_000990,0.9743443047008472,1,0.4381502900787569,audited_master_only_lgbm,confident_pathogenic
VAR_005200,0.8633181676462118,1,0.4381502900787569,audited_master_only_lgbm,confident_pathogenic
VAR_000095,0.7463524177152642,1,0.4381502900787569,audited_master_only_lgbm,confident_pathogenic
VAR_003383,0.975585134941127,1,0.4381502900787569,audited_master_only_lgbm,confident_pathogenic
VAR_000968,0.6595488542065933,1,0.4381502900787569,audited_master_only_lgbm,confident_pathogenic
VAR_000426,0.8786325387480066,1,0.4381502900787569,audited_master_only_lgbm,confident_pathogenic
VAR_005864,0.886033503505448,1,0.4381502900787569,audited_master_only_lgbm,confident_pathogenic
VAR_001402,0.8765022615498632,1,0.4381502900787569,audited_master_only_lgbm,confident_pathogenic
VAR_002221,0.9747685584078588,1,0.4381502900787569,audited_master_only_lgbm,confident_pathogenic
VAR_000813,0.692729440951024,1,0.4381502900787569,audited_master_only_lgbm,confident_pathogenic
VAR_005605,0.9324981076491211,1,0.4381502900787569,audited_master_only_lgbm,confident_pathogenic
VAR_003893,0.16932439370829638,0,0.4381502900787569,audited_master_only_lgbm,confident_benign
VAR_001633,0.28729383465990677,0,0.4381502900787569,audited_master_only_lgbm,confident_benign
VAR_004202,0.08264620777707896,0,0.4381502900787569,audited_master_only_lgbm,confident_benign
VAR_001699,0.05209065540373312,0,0.4381502900787569,audited_master_only_lgbm,confident_benign
VAR_004843,0.45469555696323943,1,0.4381502900787569,audited_master_only_lgbm,uncertain
VAR_005092,0.8382151656553134,1,0.4381502900787569,audited_master_only_lgbm,confident_pathogenic
VAR_005700,0.1405312447046473,0,0.4381502900787569,audited_master_only_lgbm,confident_benign
VAR_001110,0.8245330295860616,1,0.4381502900787569,audited_master_only_lgbm,confident_pathogenic
VAR_005503,0.9945064841457653,1,0.4381502900787569,audited_master_only_lgbm,confident_pathogenic
VAR_002882,0.6098505922765961,1,0.4381502900787569,audited_master_only_lgbm,confident_pathogenic
VAR_004644,0.19693352655524488,0,0.4381502900787569,audited_master_only_lgbm,confident_benign
VAR_001459,0.28729383465990677,0,0.4381502900787569,audited_master_only_lgbm,confident_benign
VAR_004978,0.862373394487805,1,0.4381502900787569,audited_master_only_lgbm,confident_pathogenic
VAR_004938,0.7500194149617954,1,0.4381502900787569,audited_master_only_lgbm,confident_pathogenic
VAR_004062,0.8661678384830019,1,0.4381502900787569,audited_master_only_lgbm,confident_pathogenic
VAR_006436,0.06021521540805687,0,0.4381502900787569,audited_master_only_lgbm,confident_benign
VAR_000901,0.08165364301965737,0,0.4381502900787569,audited_master_only_lgbm,confident_benign
VAR_000538,0.832782331505622,1,0.4381502900787569,audited_master_only_lgbm,confident_pathogenic
VAR_005055,0.010377857991805586,0,0.4381502900787569,audited_master_only_lgbm,confident_benign
VAR_003377,0.916931467581354,1,0.4381502900787569,audited_master_only_lgbm,confident_pathogenic
VAR_000532,0.6288420019802567,1,0.4381502900787569,audited_master_only_lgbm,confident_pathogenic
VAR_000265,0.28729383465990677,0,0.4381502900787569,audited_master_only_lgbm,confident_benign
VAR_000038,0.8768888421209694,1,0.4381502900787569,audited_master_only_lgbm,confident_pathogenic
VAR_001347,0.7041775984879566,1,0.4381502900787569,audited_master_only_lgbm,confident_pathogenic
VAR_000371,0.020040091500889708,0,0.4381502900787569,audited_master_only_lgbm,confident_benign
VAR_000162,0.905946593703117,1,0.4381502900787569,audited_master_only_lgbm,confident_pathogenic
VAR_005905,0.8747038745298784,1,0.4381502900787569,audited_master_only_lgbm,confident_pathogenic
VAR_001038,0.3023251970033611,0,0.4381502900787569,audited_master_only_lgbm,confident_benign
VAR_000939,0.7434840118675828,1,0.4381502900787569,audited_master_only_lgbm,confident_pathogenic
VAR_004144,0.5935552002421588,1,0.4381502900787569,audited_master_only_lgbm,confident_pathogenic
VAR_002814,0.9301998400451139,1,0.4381502900787569,audited_master_only_lgbm,confident_pathogenic
VAR_000852,0.8989607058565654,1,0.4381502900787569,audited_master_only_lgbm,confident_pathogenic
VAR_006566,0.7212110772023085,1,0.4381502900787569,audited_master_only_lgbm,confident_pathogenic
VAR_001884,0.5713090395246846,1,0.4381502900787569,audited_master_only_lgbm,confident_pathogenic
VAR_002454,0.7486265342511996,1,0.4381502900787569,audited_master_only_lgbm,confident_pathogenic
VAR_001584,0.37964353879833046,0,0.4381502900787569,audited_master_only_lgbm,confident_benign
VAR_004150,0.13609033646899366,0,0.4381502900787569,audited_master_only_lgbm,confident_benign
VAR_005733,0.04920453761801082,0,0.4381502900787569,audited_master_only_lgbm,confident_benign
VAR_003270,0.9355541736467037,1,0.4381502900787569,audited_master_only_lgbm,confident_pathogenic
VAR_002877,0.9105589579310338,1,0.4381502900787569,audited_master_only_lgbm,confident_pathogenic
VAR_004112,0.9696285054758397,1,0.4381502900787569,audited_master_only_lgbm,confident_pathogenic
VAR_004321,0.21475836699534584,0,0.4381502900787569,audited_master_only_lgbm,confident_benign
VAR_003293,0.9721664246314735,1,0.4381502900787569,audited_master_only_lgbm,confident_pathogenic
VAR_002234,0.8865389861392321,1,0.4381502900787569,audited_master_only_lgbm,confident_pathogenic
VAR_002630,0.8682874021632385,1,0.4381502900787569,audited_master_only_lgbm,confident_pathogenic
VAR_000941,0.9908914829545121,1,0.4381502900787569,audited_master_only_lgbm,confident_pathogenic
VAR_000923,0.025111538252533202,0,0.4381502900787569,audited_master_only_lgbm,confident_benign
VAR_005640,0.03212567787613906,0,0.4381502900787569,audited_master_only_lgbm,confident_benign
VAR_002515,0.7608038182236921,1,0.4381502900787569,audited_master_only_lgbm,confident_pathogenic
VAR_001586,0.7281364039813664,1,0.4381502900787569,audited_master_only_lgbm,confident_pathogenic
VAR_005401,0.9883693005401212,1,0.4381502900787569,audited_master_only_lgbm,confident_pathogenic
VAR_005476,0.050480382989388846,0,0.4381502900787569,audited_master_only_lgbm,confident_benign
VAR_005765,0.9383186422858347,1,0.4381502900787569,audited_master_only_lgbm,confident_pathogenic
VAR_005795,0.9882295626909284,1,0.4381502900787569,audited_master_only_lgbm,confident_pathogenic
VAR_001774,0.9433193449004752,1,0.4381502900787569,audited_master_only_lgbm,confident_pathogenic
VAR_000010,0.05429527882155366,0,0.4381502900787569,audited_master_only_lgbm,confident_benign
VAR_004777,0.8159726993504199,1,0.4381502900787569,audited_master_only_lgbm,confident_pathogenic
VAR_004418,0.9680120320256077,1,0.4381502900787569,audited_master_only_lgbm,confident_pathogenic
VAR_000912,0.919369912413996,1,0.4381502900787569,audited_master_only_lgbm,confident_pathogenic
VAR_004096,0.018472861589343186,0,0.4381502900787569,audited_master_only_lgbm,confident_benign
VAR_000167,0.9481215404922589,1,0.4381502900787569,audited_master_only_lgbm,confident_pathogenic
VAR_002486,0.02263848378658977,0,0.4381502900787569,audited_master_only_lgbm,confident_benign
VAR_002488,0.27783596329704424,0,0.4381502900787569,audited_master_only_lgbm,confident_benign
VAR_004072,0.923661542598971,1,0.4381502900787569,audited_master_only_lgbm,confident_pathogenic
VAR_005715,0.8477604398804521,1,0.4381502900787569,audited_master_only_lgbm,confident_pathogenic
VAR_005072,0.9294916543566769,1,0.4381502900787569,audited_master_only_lgbm,confident_pathogenic
VAR_004962,0.8752618041800757,1,0.4381502900787569,audited_master_only_lgbm,confident_pathogenic
VAR_003442,0.017128544037614258,0,0.4381502900787569,audited_master_only_lgbm,confident_benign
VAR_005992,0.376989828563599,0,0.4381502900787569,audited_master_only_lgbm,confident_benign
VAR_005128,0.9788402085540989,1,0.4381502900787569,audited_master_only_lgbm,confident_pathogenic
VAR_004419,0.7471040973383162,1,0.4381502900787569,audited_master_only_lgbm,confident_pathogenic
VAR_004779,0.9388314682039046,1,0.4381502900787569,audited_master_only_lgbm,confident_pathogenic
VAR_002482,0.06360062887710399,0,0.4381502900787569,audited_master_only_lgbm,confident_benign
VAR_005177,0.9188342443809259,1,0.4381502900787569,audited_master_only_lgbm,confident_pathogenic
VAR_006197,0.7844600101144719,1,0.4381502900787569,audited_master_only_lgbm,confident_pathogenic
VAR_002657,0.9648970374593595,1,0.4381502900787569,audited_master_only_lgbm,confident_pathogenic
VAR_001486,0.28729383465990677,0,0.4381502900787569,audited_master_only_lgbm,confident_benign
VAR_003313,0.26646483927461007,0,0.4381502900787569,audited_master_only_lgbm,confident_benign
VAR_005017,0.9159710510707522,1,0.4381502900787569,audited_master_only_lgbm,confident_pathogenic
VAR_006178,0.7698360794949746,1,0.4381502900787569,audited_master_only_lgbm,confident_pathogenic
VAR_003143,0.84401290685173,1,0.4381502900787569,audited_master_only_lgbm,confident_pathogenic
VAR_002154,0.9830326021016345,1,0.4381502900787569,audited_master_only_lgbm,confident_pathogenic
VAR_000331,0.9792442777395739,1,0.4381502900787569,audited_master_only_lgbm,confident_pathogenic
VAR_004331,0.22441625605513324,0,0.4381502900787569,audited_master_only_lgbm,confident_benign
VAR_006153,0.915396116571987,1,0.4381502900787569,audited_master_only_lgbm,confident_pathogenic
VAR_005061,0.5360082852704648,1,0.4381502900787569,audited_master_only_lgbm,confident_pathogenic
VAR_006091,0.4754823580085223,1,0.4381502900787569,audited_master_only_lgbm,uncertain
VAR_006263,0.8440627789646022,1,0.4381502900787569,audited_master_only_lgbm,confident_pathogenic
VAR_004842,0.7791646473306706,1,0.4381502900787569,audited_master_only_lgbm,confident_pathogenic
VAR_004824,0.918838653147173,1,0.4381502900787569,audited_master_only_lgbm,confident_pathogenic
VAR_003865,0.7874117690033361,1,0.4381502900787569,audited_master_only_lgbm,confident_pathogenic
VAR_002601,0.05582114122187948,0,0.4381502900787569,audited_master_only_lgbm,confident_benign
VAR_001092,0.2888790864165918,0,0.4381502900787569,audited_master_only_lgbm,confident_benign
VAR_003664,0.7968767766126208,1,0.4381502900787569,audited_master_only_lgbm,confident_pathogenic
VAR_003804,0.7242445964585146,1,0.4381502900787569,audited_master_only_lgbm,confident_pathogenic
VAR_000638,0.9229697632801205,1,0.4381502900787569,audited_master_only_lgbm,confident_pathogenic
VAR_001980,0.9815275257492175,1,0.4381502900787569,audited_master_only_lgbm,confident_pathogenic
VAR_000292,0.904697787659524,1,0.4381502900787569,audited_master_only_lgbm,confident_pathogenic
VAR_003281,0.9260460719705719,1,0.4381502900787569,audited_master_only_lgbm,confident_pathogenic
VAR_001283,0.013496307402486247,0,0.4381502900787569,audited_master_only_lgbm,confident_benign
VAR_004113,0.96618295176539,1,0.4381502900787569,audited_master_only_lgbm,confident_pathogenic
VAR_000283,0.9793978467745795,1,0.4381502900787569,audited_master_only_lgbm,confident_pathogenic
VAR_001383,0.7450627419710729,1,0.4381502900787569,audited_master_only_lgbm,confident_pathogenic
VAR_006582,0.8134356873977417,1,0.4381502900787569,audited_master_only_lgbm,confident_pathogenic
VAR_000862,0.1287788096057175,0,0.4381502900787569,audited_master_only_lgbm,confident_benign
VAR_001388,0.28729383465990677,0,0.4381502900787569,audited_master_only_lgbm,confident_benign
VAR_004454,0.025043929375435595,0,0.4381502900787569,audited_master_only_lgbm,confident_benign
VAR_001405,0.28729383465990677,0,0.4381502900787569,audited_master_only_lgbm,confident_benign
VAR_005710,0.9721535460868768,1,0.4381502900787569,audited_master_only_lgbm,confident_pathogenic
VAR_004051,0.9630598514788236,1,0.4381502900787569,audited_master_only_lgbm,confident_pathogenic
VAR_001401,0.28729383465990677,0,0.4381502900787569,audited_master_only_lgbm,confident_benign
VAR_004167,0.06258981261936733,0,0.4381502900787569,audited_master_only_lgbm,confident_benign
VAR_006045,0.9533407925029082,1,0.4381502900787569,audited_master_only_lgbm,confident_pathogenic
VAR_005764,0.41193444138069285,0,0.4381502900787569,audited_master_only_lgbm,uncertain
VAR_003019,0.3250935257455682,0,0.4381502900787569,audited_master_only_lgbm,confident_benign
VAR_001366,0.28729383465990677,0,0.4381502900787569,audited_master_only_lgbm,confident_benign
VAR_005784,0.9386718314366272,1,0.4381502900787569,audited_master_only_lgbm,confident_pathogenic
VAR_004758,0.023425169139359592,0,0.4381502900787569,audited_master_only_lgbm,confident_benign
VAR_000241,0.9727990546693551,1,0.4381502900787569,audited_master_only_lgbm,confident_pathogenic
VAR_000429,0.92518193158551,1,0.4381502900787569,audited_master_only_lgbm,confident_pathogenic
VAR_002292,0.04084835208061595,0,0.4381502900787569,audited_master_only_lgbm,confident_benign
VAR_004468,0.7392833381140516,1,0.4381502900787569,audited_master_only_lgbm,confident_pathogenic
VAR_002223,0.9110683064118683,1,0.4381502900787569,audited_master_only_lgbm,confident_pathogenic
VAR_002527,0.07091597055991107,0,0.4381502900787569,audited_master_only_lgbm,confident_benign
VAR_006521,0.9607865150005858,1,0.4381502900787569,audited_master_only_lgbm,confident_pathogenic
VAR_006253,0.8427993039292724,1,0.4381502900787569,audited_master_only_lgbm,confident_pathogenic
VAR_005090,0.013684826463135633,0,0.4381502900787569,audited_master_only_lgbm,confident_benign
VAR_000684,0.7508423302266627,1,0.4381502900787569,audited_master_only_lgbm,confident_pathogenic
VAR_000022,0.9520112343581809,1,0.4381502900787569,audited_master_only_lgbm,confident_pathogenic
VAR_000231,0.862918863153363,1,0.4381502900787569,audited_master_only_lgbm,confident_pathogenic
VAR_000278,0.7527235128269217,1,0.4381502900787569,audited_master_only_lgbm,confident_pathogenic
VAR_004848,0.05772397471720503,0,0.4381502900787569,audited_master_only_lgbm,confident_benign
VAR_003016,0.08873850903440328,0,0.4381502900787569,audited_master_only_lgbm,confident_benign
VAR_002825,0.9136529659737224,1,0.4381502900787569,audited_master_only_lgbm,confident_pathogenic
VAR_000844,0.7795124010696208,1,0.4381502900787569,audited_master_only_lgbm,confident_pathogenic
VAR_002610,0.08080556920051678,0,0.4381502900787569,audited_master_only_lgbm,confident_benign
VAR_001319,0.3973961298504124,0,0.4381502900787569,audited_master_only_lgbm,uncertain
VAR_001994,0.800914383994406,1,0.4381502900787569,audited_master_only_lgbm,confident_pathogenic
VAR_000811,0.9152694026972386,1,0.4381502900787569,audited_master_only_lgbm,confident_pathogenic
VAR_000530,0.9235975143445057,1,0.4381502900787569,audited_master_only_lgbm,confident_pathogenic
VAR_004042,0.8870814941622929,1,0.4381502900787569,audited_master_only_lgbm,confident_pathogenic
VAR_006165,0.9821004785252329,1,0.4381502900787569,audited_master_only_lgbm,confident_pathogenic
VAR_005406,0.930572679486865,1,0.4381502900787569,audited_master_only_lgbm,confident_pathogenic
VAR_001363,0.28729383465990677,0,0.4381502900787569,audited_master_only_lgbm,confident_benign
VAR_002452,0.7745615946752284,1,0.4381502900787569,audited_master_only_lgbm,confident_pathogenic
VAR_000320,0.09672692606956855,0,0.4381502900787569,audited_master_only_lgbm,confident_benign
VAR_001839,0.5817075700060657,1,0.4381502900787569,audited_master_only_lgbm,confident_pathogenic
VAR_002168,0.7550124756940925,1,0.4381502900787569,audited_master_only_lgbm,confident_pathogenic
VAR_006199,0.5171166672771806,1,0.4381502900787569,audited_master_only_lgbm,confident_pathogenic
VAR_001418,0.28729383465990677,0,0.4381502900787569,audited_master_only_lgbm,confident_benign
VAR_004084,0.04272381090647181,0,0.4381502900787569,audited_master_only_lgbm,confident_benign
VAR_000059,0.9589419481485116,1,0.4381502900787569,audited_master_only_lgbm,confident_pathogenic
VAR_002993,0.8320380750390252,1,0.4381502900787569,audited_master_only_lgbm,confident_pathogenic
VAR_003042,0.8566729945243986,1,0.4381502900787569,audited_master_only_lgbm,confident_pathogenic
VAR_005843,0.9026973456732137,1,0.4381502900787569,audited_master_only_lgbm,confident_pathogenic
VAR_002948,0.955404159896938,1,0.4381502900787569,audited_master_only_lgbm,confident_pathogenic
VAR_003678,0.9511345195624856,1,0.4381502900787569,audited_master_only_lgbm,confident_pathogenic
VAR_002661,0.5869951202459347,1,0.4381502900787569,audited_master_only_lgbm,confident_pathogenic
VAR_002735,0.48067807463934403,1,0.4381502900787569,audited_master_only_lgbm,uncertain
VAR_004016,0.9104917061757501,1,0.4381502900787569,audited_master_only_lgbm,confident_pathogenic
VAR_004541,0.7865357999087526,1,0.4381502900787569,audited_master_only_lgbm,confident_pathogenic
VAR_003036,0.9215337313018382,1,0.4381502900787569,audited_master_only_lgbm,confident_pathogenic
VAR_005184,0.7575550275252151,1,0.4381502900787569,audited_master_only_lgbm,confident_pathogenic
VAR_004070,0.8746459468037323,1,0.4381502900787569,audited_master_only_lgbm,confident_pathogenic
VAR_006070,0.10782460763943479,0,0.4381502900787569,audited_master_only_lgbm,confident_benign
VAR_005578,0.8798743736598682,1,0.4381502900787569,audited_master_only_lgbm,confident_pathogenic
VAR_003861,0.9708322210435782,1,0.4381502900787569,audited_master_only_lgbm,confident_pathogenic
VAR_002208,0.9242381955326157,1,0.4381502900787569,audited_master_only_lgbm,confident_pathogenic
VAR_000211,0.9378487476434464,1,0.4381502900787569,audited_master_only_lgbm,confident_pathogenic
VAR_005246,0.9730084818723314,1,0.4381502900787569,audited_master_only_lgbm,confident_pathogenic
VAR_000174,0.8510692392102474,1,0.4381502900787569,audited_master_only_lgbm,confident_pathogenic
VAR_004110,0.6924223367582305,1,0.4381502900787569,audited_master_only_lgbm,confident_pathogenic
VAR_004508,0.9690563320969013,1,0.4381502900787569,audited_master_only_lgbm,confident_pathogenic
VAR_003419,0.9251562613606796,1,0.4381502900787569,audited_master_only_lgbm,confident_pathogenic
VAR_002721,0.5964197352840654,1,0.4381502900787569,audited_master_only_lgbm,confident_pathogenic
VAR_002299,0.7231248624459228,1,0.4381502900787569,audited_master_only_lgbm,confident_pathogenic
VAR_005145,0.7398455498314522,1,0.4381502900787569,audited_master_only_lgbm,confident_pathogenic
VAR_000571,0.9529376253003731,1,0.4381502900787569,audited_master_only_lgbm,confident_pathogenic
VAR_004208,0.2548737626664183,0,0.4381502900787569,audited_master_only_lgbm,confident_benign
VAR_001009,0.9556427059045594,1,0.4381502900787569,audited_master_only_lgbm,confident_pathogenic
VAR_003375,0.8502279328589248,1,0.4381502900787569,audited_master_only_lgbm,confident_pathogenic
VAR_004352,0.9060382115107901,1,0.4381502900787569,audited_master_only_lgbm,confident_pathogenic
VAR_004268,0.0707235844822164,0,0.4381502900787569,audited_master_only_lgbm,confident_benign
VAR_001783,0.8599844220855835,1,0.4381502900787569,audited_master_only_lgbm,confident_pathogenic
VAR_004766,0.7348613295035346,1,0.4381502900787569,audited_master_only_lgbm,confident_pathogenic
VAR_005032,0.9148295408005129,1,0.4381502900787569,audited_master_only_lgbm,confident_pathogenic
VAR_002928,0.9821028697447954,1,0.4381502900787569,audited_master_only_lgbm,confident_pathogenic
VAR_002855,0.8871341110732659,1,0.4381502900787569,audited_master_only_lgbm,confident_pathogenic
VAR_002576,0.7708806258356806,1,0.4381502900787569,audited_master_only_lgbm,confident_pathogenic
VAR_006182,0.6505358291851098,1,0.4381502900787569,audited_master_only_lgbm,confident_pathogenic
VAR_001976,0.07417994019210637,0,0.4381502900787569,audited_master_only_lgbm,confident_benign
VAR_004583,0.10694522478698582,0,0.4381502900787569,audited_master_only_lgbm,confident_benign
VAR_003345,0.7073844840269236,1,0.4381502900787569,audited_master_only_lgbm,confident_pathogenic
VAR_002003,0.09855924885328854,0,0.4381502900787569,audited_master_only_lgbm,confident_benign
VAR_000266,0.5013351863070413,1,0.4381502900787569,audited_master_only_lgbm,confident_pathogenic
VAR_000328,0.8519815096710617,1,0.4381502900787569,audited_master_only_lgbm,confident_pathogenic
VAR_000697,0.7098033085632409,1,0.4381502900787569,audited_master_only_lgbm,confident_pathogenic
VAR_005157,0.8942769424550714,1,0.4381502900787569,audited_master_only_lgbm,confident_pathogenic
VAR_002423,0.9670892943652871,1,0.4381502900787569,audited_master_only_lgbm,confident_pathogenic
VAR_001037,0.9267431483836468,1,0.4381502900787569,audited_master_only_lgbm,confident_pathogenic
VAR_003908,0.09200059352977723,0,0.4381502900787569,audited_master_only_lgbm,confident_benign
VAR_006596,0.647540467048603,1,0.4381502900787569,audited_master_only_lgbm,confident_pathogenic
VAR_000517,0.03989462199881303,0,0.4381502900787569,audited_master_only_lgbm,confident_benign
VAR_001908,0.01568721676824735,0,0.4381502900787569,audited_master_only_lgbm,confident_benign
VAR_003756,0.4969832434289412,1,0.4381502900787569,audited_master_only_lgbm,confident_pathogenic
VAR_001306,0.3229582553357769,0,0.4381502900787569,audited_master_only_lgbm,confident_benign
VAR_000957,0.645182204810188,1,0.4381502900787569,audited_master_only_lgbm,confident_pathogenic
VAR_000497,0.8834426391777572,1,0.4381502900787569,audited_master_only_lgbm,confident_pathogenic
VAR_000169,0.840751448032125,1,0.4381502900787569,audited_master_only_lgbm,confident_pathogenic
VAR_002204,0.9413730333291037,1,0.4381502900787569,audited_master_only_lgbm,confident_pathogenic
VAR_001028,0.38717749914626454,0,0.4381502900787569,audited_master_only_lgbm,confident_benign
VAR_002201,0.8005439624043004,1,0.4381502900787569,audited_master_only_lgbm,confident_pathogenic
VAR_004923,0.9064761703046474,1,0.4381502900787569,audited_master_only_lgbm,confident_pathogenic
VAR_001555,0.28729383465990677,0,0.4381502900787569,audited_master_only_lgbm,confident_benign
VAR_001575,0.28729383465990677,0,0.4381502900787569,audited_master_only_lgbm,confident_benign
VAR_000373,0.10215839030972358,0,0.4381502900787569,audited_master_only_lgbm,confident_benign
VAR_004847,0.9476171000020889,1,0.4381502900787569,audited_master_only_lgbm,confident_pathogenic
VAR_002680,0.7947701543424888,1,0.4381502900787569,audited_master_only_lgbm,confident_pathogenic
VAR_001226,0.9812709944848899,1,0.4381502900787569,audited_master_only_lgbm,confident_pathogenic
VAR_002360,0.9323364384183085,1,0.4381502900787569,audited_master_only_lgbm,confident_pathogenic
VAR_001789,0.025434878279118445,0,0.4381502900787569,audited_master_only_lgbm,confident_benign
VAR_003525,0.8515522049910969,1,0.4381502900787569,audited_master_only_lgbm,confident_pathogenic
VAR_005342,0.034338827944376225,0,0.4381502900787569,audited_master_only_lgbm,confident_benign
VAR_002309,0.8926516601216278,1,0.4381502900787569,audited_master_only_lgbm,confident_pathogenic
VAR_005245,0.9923226884304209,1,0.4381502900787569,audited_master_only_lgbm,confident_pathogenic
VAR_001124,0.8273911898151644,1,0.4381502900787569,audited_master_only_lgbm,confident_pathogenic
VAR_000812,0.810914818044624,1,0.4381502900787569,audited_master_only_lgbm,confident_pathogenic
VAR_000779,0.9228428704562476,1,0.4381502900787569,audited_master_only_lgbm,confident_pathogenic
VAR_002571,0.020526790259509542,0,0.4381502900787569,audited_master_only_lgbm,confident_benign
VAR_004298,0.3201944266503203,0,0.4381502900787569,audited_master_only_lgbm,confident_benign
VAR_006356,0.28729383465990677,0,0.4381502900787569,audited_master_only_lgbm,confident_benign
VAR_004152,0.09004503697442487,0,0.4381502900787569,audited_master_only_lgbm,confident_benign
VAR_002717,0.8473325239645114,1,0.4381502900787569,audited_master_only_lgbm,confident_pathogenic
VAR_001255,0.6785670200109882,1,0.4381502900787569,audited_master_only_lgbm,confident_pathogenic
VAR_003459,0.9903060220308618,1,0.4381502900787569,audited_master_only_lgbm,confident_pathogenic
VAR_003041,0.8496957810114806,1,0.4381502900787569,audited_master_only_lgbm,confident_pathogenic
VAR_005518,0.9197168573603429,1,0.4381502900787569,audited_master_only_lgbm,confident_pathogenic
VAR_004185,0.00558095205922522,0,0.4381502900787569,audited_master_only_lgbm,confident_benign
VAR_002852,0.6699639388271004,1,0.4381502900787569,audited_master_only_lgbm,confident_pathogenic
VAR_002006,0.5734114358479984,1,0.4381502900787569,audited_master_only_lgbm,confident_pathogenic
VAR_001970,0.7646715634844504,1,0.4381502900787569,audited_master_only_lgbm,confident_pathogenic
VAR_001417,0.28729383465990677,0,0.4381502900787569,audited_master_only_lgbm,confident_benign
VAR_005159,0.9748318358186439,1,0.4381502900787569,audited_master_only_lgbm,confident_pathogenic
VAR_001793,0.9211900155924222,1,0.4381502900787569,audited_master_only_lgbm,confident_pathogenic
VAR_005410,0.1675579296334494,0,0.4381502900787569,audited_master_only_lgbm,confident_benign
VAR_003144,0.8720143592240299,1,0.4381502900787569,audited_master_only_lgbm,confident_pathogenic
VAR_005707,0.9763867298150956,1,0.4381502900787569,audited_master_only_lgbm,confident_pathogenic
VAR_000135,0.7388535079984943,1,0.4381502900787569,audited_master_only_lgbm,confident_pathogenic
VAR_005481,0.8535172154772465,1,0.4381502900787569,audited_master_only_lgbm,confident_pathogenic
VAR_000621,0.7905178898255162,1,0.4381502900787569,audited_master_only_lgbm,confident_pathogenic
VAR_003370,0.6617971748935283,1,0.4381502900787569,audited_master_only_lgbm,confident_pathogenic
VAR_000476,0.636434853954745,1,0.4381502900787569,audited_master_only_lgbm,confident_pathogenic
VAR_005187,0.754470547682495,1,0.4381502900787569,audited_master_only_lgbm,confident_pathogenic
VAR_002872,0.7753449289894286,1,0.4381502900787569,audited_master_only_lgbm,confident_pathogenic
VAR_004791,0.06782064433268187,0,0.4381502900787569,audited_master_only_lgbm,confident_benign
VAR_001317,0.31267583304544155,0,0.4381502900787569,audited_master_only_lgbm,confident_benign
VAR_005853,0.9704520343172077,1,0.4381502900787569,audited_master_only_lgbm,confident_pathogenic
VAR_001517,0.40532555527519953,0,0.4381502900787569,audited_master_only_lgbm,uncertain
VAR_006166,0.9670066710693811,1,0.4381502900787569,audited_master_only_lgbm,confident_pathogenic
VAR_006339,0.897787032123085,1,0.4381502900787569,audited_master_only_lgbm,confident_pathogenic
VAR_002803,0.8345214188556943,1,0.4381502900787569,audited_master_only_lgbm,confident_pathogenic
VAR_001836,0.02459358424895073,0,0.4381502900787569,audited_master_only_lgbm,confident_benign
VAR_001701,0.9552311023769013,1,0.4381502900787569,audited_master_only_lgbm,confident_pathogenic
VAR_006239,0.02711951110048563,0,0.4381502900787569,audited_master_only_lgbm,confident_benign
VAR_001736,0.020446639644645232,0,0.4381502900787569,audited_master_only_lgbm,confident_benign
VAR_005016,0.8021778082800151,1,0.4381502900787569,audited_master_only_lgbm,confident_pathogenic
VAR_006560,0.018683557530768276,0,0.4381502900787569,audited_master_only_lgbm,confident_benign
VAR_002856,0.7984654332680402,1,0.4381502900787569,audited_master_only_lgbm,confident_pathogenic
VAR_006498,0.9627036456418467,1,0.4381502900787569,audited_master_only_lgbm,confident_pathogenic
VAR_000411,0.2579386989830671,0,0.4381502900787569,audited_master_only_lgbm,confident_benign
VAR_006264,0.9575503439090752,1,0.4381502900787569,audited_master_only_lgbm,confident_pathogenic
VAR_005051,0.14390002044289602,0,0.4381502900787569,audited_master_only_lgbm,confident_benign
VAR_002888,0.6576242479796903,1,0.4381502900787569,audited_master_only_lgbm,confident_pathogenic
VAR_001709,0.45915917172315057,1,0.4381502900787569,audited_master_only_lgbm,uncertain
VAR_001788,0.7459084817654884,1,0.4381502900787569,audited_master_only_lgbm,confident_pathogenic
VAR_001803,0.8664556233551897,1,0.4381502900787569,audited_master_only_lgbm,confident_pathogenic
VAR_003017,0.9142823883575396,1,0.4381502900787569,audited_master_only_lgbm,confident_pathogenic
VAR_006573,0.4567722172139389,1,0.4381502900787569,audited_master_only_lgbm,uncertain
VAR_000374,0.8430896393733681,1,0.4381502900787569,audited_master_only_lgbm,confident_pathogenic
VAR_001335,0.7357018843335195,1,0.4381502900787569,audited_master_only_lgbm,confident_pathogenic
VAR_003568,0.311895141194078,0,0.4381502900787569,audited_master_only_lgbm,confident_benign
VAR_000236,0.8154083796203629,1,0.4381502900787569,audited_master_only_lgbm,confident_pathogenic
VAR_006277,0.05986998472109964,0,0.4381502900787569,audited_master_only_lgbm,confident_benign
VAR_004098,0.09836533092289541,0,0.4381502900787569,audited_master_only_lgbm,confident_benign
VAR_000306,0.044996963965094734,0,0.4381502900787569,audited_master_only_lgbm,confident_benign
VAR_005617,0.9809282433218919,1,0.4381502900787569,audited_master_only_lgbm,confident_pathogenic
VAR_000792,0.796910444181129,1,0.4381502900787569,audited_master_only_lgbm,confident_pathogenic
VAR_002407,0.017652957204723076,0,0.4381502900787569,audited_master_only_lgbm,confident_benign
VAR_006350,0.8187971752715146,1,0.4381502900787569,audited_master_only_lgbm,confident_pathogenic
VAR_004250,0.8112408724592397,1,0.4381502900787569,audited_master_only_lgbm,confident_pathogenic
VAR_004574,0.9554154193746035,1,0.4381502900787569,audited_master_only_lgbm,confident_pathogenic
VAR_005010,0.6286996100872516,1,0.4381502900787569,audited_master_only_lgbm,confident_pathogenic
VAR_001711,0.7651541881270554,1,0.4381502900787569,audited_master_only_lgbm,confident_pathogenic
VAR_001251,0.8399486660258062,1,0.4381502900787569,audited_master_only_lgbm,confident_pathogenic
VAR_004854,0.7966953199560846,1,0.4381502900787569,audited_master_only_lgbm,confident_pathogenic
VAR_004994,0.0758194712606354,0,0.4381502900787569,audited_master_only_lgbm,confident_benign
VAR_004707,0.09493173292465701,0,0.4381502900787569,audited_master_only_lgbm,confident_benign
VAR_005641,0.04793165212450032,0,0.4381502900787569,audited_master_only_lgbm,confident_benign
VAR_003245,0.07772605689818395,0,0.4381502900787569,audited_master_only_lgbm,confident_benign
VAR_002819,0.6573132951380396,1,0.4381502900787569,audited_master_only_lgbm,confident_pathogenic
VAR_005183,0.9763625653653697,1,0.4381502900787569,audited_master_only_lgbm,confident_pathogenic
VAR_000415,0.28729383465990677,0,0.4381502900787569,audited_master_only_lgbm,confident_benign
VAR_000528,0.9633645310338639,1,0.4381502900787569,audited_master_only_lgbm,confident_pathogenic
VAR_005162,0.9799314917384074,1,0.4381502900787569,audited_master_only_lgbm,confident_pathogenic
VAR_001440,0.6391724571028494,1,0.4381502900787569,audited_master_only_lgbm,confident_pathogenic
VAR_004809,0.8928699642478976,1,0.4381502900787569,audited_master_only_lgbm,confident_pathogenic
VAR_001117,0.9740527878314053,1,0.4381502900787569,audited_master_only_lgbm,confident_pathogenic
VAR_004901,0.833252260989078,1,0.4381502900787569,audited_master_only_lgbm,confident_pathogenic
VAR_005985,0.06467909218346465,0,0.4381502900787569,audited_master_only_lgbm,confident_benign
VAR_006503,0.6868519071393675,1,0.4381502900787569,audited_master_only_lgbm,confident_pathogenic
VAR_004713,0.9451983217956822,1,0.4381502900787569,audited_master_only_lgbm,confident_pathogenic
VAR_000531,0.984112962897031,1,0.4381502900787569,audited_master_only_lgbm,confident_pathogenic
VAR_005769,0.9676970361351445,1,0.4381502900787569,audited_master_only_lgbm,confident_pathogenic
VAR_005551,0.9839812270938155,1,0.4381502900787569,audited_master_only_lgbm,confident_pathogenic
VAR_005365,0.28729383465990677,0,0.4381502900787569,audited_master_only_lgbm,confident_benign
VAR_002985,0.7596813846147986,1,0.4381502900787569,audited_master_only_lgbm,confident_pathogenic
VAR_003960,0.9509400706267411,1,0.4381502900787569,audited_master_only_lgbm,confident_pathogenic
VAR_005695,0.889733362900094,1,0.4381502900787569,audited_master_only_lgbm,confident_pathogenic
VAR_002259,0.28729383465990677,0,0.4381502900787569,audited_master_only_lgbm,confident_benign
VAR_003986,0.920016969693599,1,0.4381502900787569,audited_master_only_lgbm,confident_pathogenic
VAR_001723,0.11290539380358455,0,0.4381502900787569,audited_master_only_lgbm,confident_benign
VAR_003860,0.8923762440438058,1,0.4381502900787569,audited_master_only_lgbm,confident_pathogenic
VAR_003857,0.9364237871317423,1,0.4381502900787569,audited_master_only_lgbm,confident_pathogenic
VAR_002839,0.725711392479155,1,0.4381502900787569,audited_master_only_lgbm,confident_pathogenic
VAR_001825,0.5812220154823128,1,0.4381502900787569,audited_master_only_lgbm,confident_pathogenic
VAR_000288,0.8024145856871032,1,0.4381502900787569,audited_master_only_lgbm,confident_pathogenic
VAR_002998,0.057038380582964676,0,0.4381502900787569,audited_master_only_lgbm,confident_benign
VAR_003412,0.9233524957852592,1,0.4381502900787569,audited_master_only_lgbm,confident_pathogenic
VAR_005234,0.06745376100610212,0,0.4381502900787569,audited_master_only_lgbm,confident_benign
VAR_000795,0.12337017878272377,0,0.4381502900787569,audited_master_only_lgbm,confident_benign
VAR_004550,0.9190425578036152,1,0.4381502900787569,audited_master_only_lgbm,confident_pathogenic
VAR_000141,0.9183979531521468,1,0.4381502900787569,audited_master_only_lgbm,confident_pathogenic
VAR_002628,0.6149223311511902,1,0.4381502900787569,audited_master_only_lgbm,confident_pathogenic
VAR_005492,0.9886856219511123,1,0.4381502900787569,audited_master_only_lgbm,confident_pathogenic
VAR_003502,0.09534058512964728,0,0.4381502900787569,audited_master_only_lgbm,confident_benign
VAR_000527,0.915071867959477,1,0.4381502900787569,audited_master_only_lgbm,confident_pathogenic
VAR_003859,0.9186513003856804,1,0.4381502900787569,audited_master_only_lgbm,confident_pathogenic
VAR_000299,0.02275709055712982,0,0.4381502900787569,audited_master_only_lgbm,confident_benign
VAR_004281,0.5308716567856515,1,0.4381502900787569,audited_master_only_lgbm,confident_pathogenic
VAR_001698,0.9482694355275008,1,0.4381502900787569,audited_master_only_lgbm,confident_pathogenic
VAR_004815,0.9221153139949788,1,0.4381502900787569,audited_master_only_lgbm,confident_pathogenic
VAR_002494,0.008765790326423165,0,0.4381502900787569,audited_master_only_lgbm,confident_benign
VAR_001818,0.8630774128866896,1,0.4381502900787569,audited_master_only_lgbm,confident_pathogenic
VAR_004386,0.8088385180890019,1,0.4381502900787569,audited_master_only_lgbm,confident_pathogenic
VAR_006305,0.09036839122048969,0,0.4381502900787569,audited_master_only_lgbm,confident_benign
VAR_005135,0.8665617631503404,1,0.4381502900787569,audited_master_only_lgbm,confident_pathogenic
VAR_004736,0.036479123573960874,0,0.4381502900787569,audited_master_only_lgbm,confident_benign
VAR_004012,0.9464012601743287,1,0.4381502900787569,audited_master_only_lgbm,confident_pathogenic
VAR_003708,0.18844128869015603,0,0.4381502900787569,audited_master_only_lgbm,confident_benign
VAR_004230,0.655203259007187,1,0.4381502900787569,audited_master_only_lgbm,confident_pathogenic
VAR_002175,0.7505017200301581,1,0.4381502900787569,audited_master_only_lgbm,confident_pathogenic
VAR_000905,0.4732652612428939,1,0.4381502900787569,audited_master_only_lgbm,uncertain
VAR_000412,0.28729383465990677,0,0.4381502900787569,audited_master_only_lgbm,confident_benign
VAR_001146,0.9560157112888241,1,0.4381502900787569,audited_master_only_lgbm,confident_pathogenic
VAR_000683,0.8022581456277084,1,0.4381502900787569,audited_master_only_lgbm,confident_pathogenic
VAR_002263,0.8953115440289877,1,0.4381502900787569,audited_master_only_lgbm,confident_pathogenic
VAR_001738,0.025471575830432597,0,0.4381502900787569,audited_master_only_lgbm,confident_benign
VAR_001225,0.1430392499818612,0,0.4381502900787569,audited_master_only_lgbm,confident_benign
VAR_004585,0.9487332185067611,1,0.4381502900787569,audited_master_only_lgbm,confident_pathogenic
VAR_004080,0.9255260255708844,1,0.4381502900787569,audited_master_only_lgbm,confident_pathogenic
VAR_005544,0.9059367037151186,1,0.4381502900787569,audited_master_only_lgbm,confident_pathogenic
VAR_003977,0.08566267233659881,0,0.4381502900787569,audited_master_only_lgbm,confident_benign
VAR_000661,0.9573171135149704,1,0.4381502900787569,audited_master_only_lgbm,confident_pathogenic
VAR_000489,0.8044564796218691,1,0.4381502900787569,audited_master_only_lgbm,confident_pathogenic
VAR_002655,0.9355639297879125,1,0.4381502900787569,audited_master_only_lgbm,confident_pathogenic
VAR_004097,0.12057808476191503,0,0.4381502900787569,audited_master_only_lgbm,confident_benign
VAR_004279,0.45848539118081433,1,0.4381502900787569,audited_master_only_lgbm,uncertain
VAR_000485,0.2836674717699891,0,0.4381502900787569,audited_master_only_lgbm,confident_benign
VAR_004821,0.00476979886211074,0,0.4381502900787569,audited_master_only_lgbm,confident_benign
VAR_004615,0.33314335009701784,0,0.4381502900787569,audited_master_only_lgbm,confident_benign
VAR_006159,0.07715259702116294,0,0.4381502900787569,audited_master_only_lgbm,confident_benign
VAR_002183,0.9857038016898941,1,0.4381502900787569,audited_master_only_lgbm,confident_pathogenic
VAR_003247,0.8601358823683083,1,0.4381502900787569,audited_master_only_lgbm,confident_pathogenic
VAR_001651,0.28729383465990677,0,0.4381502900787569,audited_master_only_lgbm,confident_benign
VAR_001528,0.28729383465990677,0,0.4381502900787569,audited_master_only_lgbm,confident_benign
VAR_004399,0.39681011349952156,0,0.4381502900787569,audited_master_only_lgbm,uncertain
VAR_005496,0.9794688956550199,1,0.4381502900787569,audited_master_only_lgbm,confident_pathogenic
VAR_004394,0.878889260232784,1,0.4381502900787569,audited_master_only_lgbm,confident_pathogenic
VAR_005586,0.9847875240207612,1,0.4381502900787569,audited_master_only_lgbm,confident_pathogenic
VAR_004748,0.8718066973009849,1,0.4381502900787569,audited_master_only_lgbm,confident_pathogenic
VAR_004731,0.9802215484383227,1,0.4381502900787569,audited_master_only_lgbm,confident_pathogenic
VAR_001751,0.2832697232030299,0,0.4381502900787569,audited_master_only_lgbm,confident_benign
VAR_001056,0.061475457306857204,0,0.4381502900787569,audited_master_only_lgbm,confident_benign
VAR_002210,0.9214443439735762,1,0.4381502900787569,audited_master_only_lgbm,confident_pathogenic
VAR_000250,0.5632391904965477,1,0.4381502900787569,audited_master_only_lgbm,confident_pathogenic
VAR_006509,0.5665958421217319,1,0.4381502900787569,audited_master_only_lgbm,confident_pathogenic
VAR_003923,0.7143258223023184,1,0.4381502900787569,audited_master_only_lgbm,confident_pathogenic
VAR_005346,0.9795228369629916,1,0.4381502900787569,audited_master_only_lgbm,confident_pathogenic
VAR_001149,0.85108084002297,1,0.4381502900787569,audited_master_only_lgbm,confident_pathogenic
VAR_001842,0.8082219343216096,1,0.4381502900787569,audited_master_only_lgbm,confident_pathogenic
VAR_002186,0.546439056127547,1,0.4381502900787569,audited_master_only_lgbm,confident_pathogenic
VAR_003911,0.28729383465990677,0,0.4381502900787569,audited_master_only_lgbm,confident_benign
VAR_000355,0.705075306566214,1,0.4381502900787569,audited_master_only_lgbm,confident_pathogenic
VAR_000195,0.7257300038001298,1,0.4381502900787569,audited_master_only_lgbm,confident_pathogenic
VAR_000001,0.03839704205913628,0,0.4381502900787569,audited_master_only_lgbm,confident_benign
VAR_004872,0.908705751061001,1,0.4381502900787569,audited_master_only_lgbm,confident_pathogenic
VAR_000933,0.9345637539481767,1,0.4381502900787569,audited_master_only_lgbm,confident_pathogenic
VAR_000460,0.053353772430960594,0,0.4381502900787569,audited_master_only_lgbm,confident_benign
VAR_001824,0.9896545081226176,1,0.4381502900787569,audited_master_only_lgbm,confident_pathogenic
VAR_000958,0.9830965464295474,1,0.4381502900787569,audited_master_only_lgbm,confident_pathogenic
VAR_000607,0.6286846547080541,1,0.4381502900787569,audited_master_only_lgbm,confident_pathogenic
VAR_002842,0.9552596199844787,1,0.4381502900787569,audited_master_only_lgbm,confident_pathogenic
VAR_001044,0.31435670890966766,0,0.4381502900787569,audited_master_only_lgbm,confident_benign
VAR_005538,0.04898059987569529,0,0.4381502900787569,audited_master_only_lgbm,confident_benign
VAR_006511,0.21391184892004825,0,0.4381502900787569,audited_master_only_lgbm,confident_benign
VAR_000026,0.021943857955466918,0,0.4381502900787569,audited_master_only_lgbm,confident_benign
VAR_001897,0.8840861020219271,1,0.4381502900787569,audited_master_only_lgbm,confident_pathogenic
VAR_005258,0.03892785321050312,0,0.4381502900787569,audited_master_only_lgbm,confident_benign
VAR_006360,0.28729383465990677,0,0.4381502900787569,audited_master_only_lgbm,confident_benign
VAR_001395,0.28729383465990677,0,0.4381502900787569,audited_master_only_lgbm,confident_benign
VAR_000126,0.9011123771751689,1,0.4381502900787569,audited_master_only_lgbm,confident_pathogenic
VAR_000399,0.9041622807985058,1,0.4381502900787569,audited_master_only_lgbm,confident_pathogenic
VAR_003992,0.09746717433233333,0,0.4381502900787569,audited_master_only_lgbm,confident_benign
VAR_002439,0.9569550498227462,1,0.4381502900787569,audited_master_only_lgbm,confident_pathogenic
VAR_001798,0.24924081286521652,0,0.4381502900787569,audited_master_only_lgbm,confident_benign
VAR_001726,0.037802666114566515,0,0.4381502900787569,audited_master_only_lgbm,confident_benign
VAR_001924,0.46085840381511184,1,0.4381502900787569,audited_master_only_lgbm,uncertain
VAR_002469,0.830262064361534,1,0.4381502900787569,audited_master_only_lgbm,confident_pathogenic
VAR_002524,0.8532188862405957,1,0.4381502900787569,audited_master_only_lgbm,confident_pathogenic
VAR_005094,0.8871041460142658,1,0.4381502900787569,audited_master_only_lgbm,confident_pathogenic
VAR_003340,0.4104333285077301,0,0.4381502900787569,audited_master_only_lgbm,uncertain
VAR_002627,0.8016506265154002,1,0.4381502900787569,audited_master_only_lgbm,confident_pathogenic
VAR_005691,0.6626109327272265,1,0.4381502900787569,audited_master_only_lgbm,confident_pathogenic
VAR_001034,0.1486197632113045,0,0.4381502900787569,audited_master_only_lgbm,confident_benign
VAR_002840,0.653039802307616,1,0.4381502900787569,audited_master_only_lgbm,confident_pathogenic
VAR_000400,0.8040444182543794,1,0.4381502900787569,audited_master_only_lgbm,confident_pathogenic
VAR_003702,0.008257561159900223,0,0.4381502900787569,audited_master_only_lgbm,confident_benign
VAR_004138,0.7722119806089166,1,0.4381502900787569,audited_master_only_lgbm,confident_pathogenic
VAR_002681,0.8716905780684618,1,0.4381502900787569,audited_master_only_lgbm,confident_pathogenic
VAR_001636,0.4424417446836474,1,0.4381502900787569,audited_master_only_lgbm,uncertain
VAR_000181,0.9464514792547674,1,0.4381502900787569,audited_master_only_lgbm,confident_pathogenic
VAR_003982,0.9543120669543024,1,0.4381502900787569,audited_master_only_lgbm,confident_pathogenic
VAR_003594,0.3078623156607012,0,0.4381502900787569,audited_master_only_lgbm,confident_benign
VAR_000177,0.7696889808770573,1,0.4381502900787569,audited_master_only_lgbm,confident_pathogenic
VAR_002775,0.690589367709931,1,0.4381502900787569,audited_master_only_lgbm,confident_pathogenic
VAR_001256,0.6867087958335822,1,0.4381502900787569,audited_master_only_lgbm,confident_pathogenic
VAR_000836,0.15091191011648755,0,0.4381502900787569,audited_master_only_lgbm,confident_benign
VAR_000658,0.04912233424626499,0,0.4381502900787569,audited_master_only_lgbm,confident_benign
VAR_005404,0.9759872320027436,1,0.4381502900787569,audited_master_only_lgbm,confident_pathogenic
VAR_000293,0.9578681649781429,1,0.4381502900787569,audited_master_only_lgbm,confident_pathogenic
VAR_003151,0.3731578688958875,0,0.4381502900787569,audited_master_only_lgbm,confident_benign
VAR_000770,0.046457392687598166,0,0.4381502900787569,audited_master_only_lgbm,confident_benign
VAR_006188,0.17276690722278162,0,0.4381502900787569,audited_master_only_lgbm,confident_benign
VAR_001600,0.3624494472117261,0,0.4381502900787569,audited_master_only_lgbm,confident_benign
VAR_002206,0.9718863248140697,1,0.4381502900787569,audited_master_only_lgbm,confident_pathogenic
VAR_005292,0.5346227521305769,1,0.4381502900787569,audited_master_only_lgbm,confident_pathogenic
VAR_003368,0.329177525853132,0,0.4381502900787569,audited_master_only_lgbm,confident_benign
VAR_003757,0.9449517304435933,1,0.4381502900787569,audited_master_only_lgbm,confident_pathogenic
VAR_001892,0.6150521103283283,1,0.4381502900787569,audited_master_only_lgbm,confident_pathogenic
VAR_005595,0.024515790052070337,0,0.4381502900787569,audited_master_only_lgbm,confident_benign
VAR_002207,0.4917822808590819,1,0.4381502900787569,audited_master_only_lgbm,confident_pathogenic
VAR_004721,0.9339395800227402,1,0.4381502900787569,audited_master_only_lgbm,confident_pathogenic
VAR_006320,0.9481135170546015,1,0.4381502900787569,audited_master_only_lgbm,confident_pathogenic
VAR_006175,0.9345151648238089,1,0.4381502900787569,audited_master_only_lgbm,confident_pathogenic
VAR_004475,0.9539103815771655,1,0.4381502900787569,audited_master_only_lgbm,confident_pathogenic
VAR_003571,0.054955809252059416,0,0.4381502900787569,audited_master_only_lgbm,confident_benign
VAR_005849,0.07549486423136449,0,0.4381502900787569,audited_master_only_lgbm,confident_benign
VAR_000223,0.8904857877071695,1,0.4381502900787569,audited_master_only_lgbm,confident_pathogenic
VAR_003164,0.03344524438891739,0,0.4381502900787569,audited_master_only_lgbm,confident_benign
VAR_005870,0.28729383465990677,0,0.4381502900787569,audited_master_only_lgbm,confident_benign
VAR_000673,0.9281428650532375,1,0.4381502900787569,audited_master_only_lgbm,confident_pathogenic
VAR_005289,0.3161983592422347,0,0.4381502900787569,audited_master_only_lgbm,confident_benign
VAR_001799,0.6080902265866875,1,0.4381502900787569,audited_master_only_lgbm,confident_pathogenic
VAR_003539,0.20092334614838359,0,0.4381502900787569,audited_master_only_lgbm,confident_benign
VAR_002531,0.8595620062013019,1,0.4381502900787569,audited_master_only_lgbm,confident_pathogenic
VAR_000670,0.9369622391929854,1,0.4381502900787569,audited_master_only_lgbm,confident_pathogenic
VAR_004762,0.007067628252730754,0,0.4381502900787569,audited_master_only_lgbm,confident_benign
VAR_004560,0.9121077230829557,1,0.4381502900787569,audited_master_only_lgbm,confident_pathogenic
VAR_001030,0.7299294808658451,1,0.4381502900787569,audited_master_only_lgbm,confident_pathogenic
VAR_003043,0.8158644041058238,1,0.4381502900787569,audited_master_only_lgbm,confident_pathogenic
VAR_006110,0.9570997264001871,1,0.4381502900787569,audited_master_only_lgbm,confident_pathogenic
VAR_005153,0.9543433583286901,1,0.4381502900787569,audited_master_only_lgbm,confident_pathogenic
VAR_001494,0.28729383465990677,0,0.4381502900787569,audited_master_only_lgbm,confident_benign
VAR_005083,0.8498987209711234,1,0.4381502900787569,audited_master_only_lgbm,confident_pathogenic
VAR_006282,0.28729383465990677,0,0.4381502900787569,audited_master_only_lgbm,confident_benign
VAR_006565,0.8668873166489807,1,0.4381502900787569,audited_master_only_lgbm,confident_pathogenic
VAR_003286,0.7761394268056095,1,0.4381502900787569,audited_master_only_lgbm,confident_pathogenic
VAR_000679,0.04270657302628719,0,0.4381502900787569,audited_master_only_lgbm,confident_benign
VAR_001702,0.9106248542899886,1,0.4381502900787569,audited_master_only_lgbm,confident_pathogenic
VAR_001753,0.5127302859878078,1,0.4381502900787569,audited_master_only_lgbm,confident_pathogenic
VAR_005391,0.04408963802305809,0,0.4381502900787569,audited_master_only_lgbm,confident_benign
VAR_000154,0.9145273105561245,1,0.4381502900787569,audited_master_only_lgbm,confident_pathogenic
VAR_002906,0.7686237214913823,1,0.4381502900787569,audited_master_only_lgbm,confident_pathogenic
VAR_000304,0.9452622435074036,1,0.4381502900787569,audited_master_only_lgbm,confident_pathogenic
VAR_003493,0.07013655094415641,0,0.4381502900787569,audited_master_only_lgbm,confident_benign
VAR_002258,0.28729383465990677,0,0.4381502900787569,audited_master_only_lgbm,confident_benign
VAR_002378,0.975633903119432,1,0.4381502900787569,audited_master_only_lgbm,confident_pathogenic
VAR_004073,0.9503063721438406,1,0.4381502900787569,audited_master_only_lgbm,confident_pathogenic
VAR_005352,0.8656990296129785,1,0.4381502900787569,audited_master_only_lgbm,confident_pathogenic
VAR_005612,0.9651773522809908,1,0.4381502900787569,audited_master_only_lgbm,confident_pathogenic
VAR_000076,0.9000406989042963,1,0.4381502900787569,audited_master_only_lgbm,confident_pathogenic
VAR_001781,0.8767324979755753,1,0.4381502900787569,audited_master_only_lgbm,confident_pathogenic
VAR_005194,0.9127045368932765,1,0.4381502900787569,audited_master_only_lgbm,confident_pathogenic
VAR_000604,0.07164878934137194,0,0.4381502900787569,audited_master_only_lgbm,confident_benign
VAR_001940,0.9923301165968871,1,0.4381502900787569,audited_master_only_lgbm,confident_pathogenic
VAR_001397,0.28729383465990677,0,0.4381502900787569,audited_master_only_lgbm,confident_benign
VAR_000189,0.923703825985749,1,0.4381502900787569,audited_master_only_lgbm,confident_pathogenic
VAR_000587,0.204427741893195,0,0.4381502900787569,audited_master_only_lgbm,confident_benign
VAR_000452,0.9112380289549328,1,0.4381502900787569,audited_master_only_lgbm,confident_pathogenic
VAR_003436,0.0836534503840896,0,0.4381502900787569,audited_master_only_lgbm,confident_benign
VAR_005582,0.9342302155931844,1,0.4381502900787569,audited_master_only_lgbm,confident_pathogenic
VAR_002243,0.892043947925684,1,0.4381502900787569,audited_master_only_lgbm,confident_pathogenic
VAR_005604,0.9549518150152247,1,0.4381502900787569,audited_master_only_lgbm,confident_pathogenic
VAR_002941,0.8680995263640119,1,0.4381502900787569,audited_master_only_lgbm,confident_pathogenic
VAR_001398,0.8107920083134169,1,0.4381502900787569,audited_master_only_lgbm,confident_pathogenic
VAR_006326,0.9246594808238773,1,0.4381502900787569,audited_master_only_lgbm,confident_pathogenic
VAR_000380,0.871946502642281,1,0.4381502900787569,audited_master_only_lgbm,confident_pathogenic
VAR_002994,0.9162257881711637,1,0.4381502900787569,audited_master_only_lgbm,confident_pathogenic
VAR_005682,0.9954737343877261,1,0.4381502900787569,audited_master_only_lgbm,confident_pathogenic
VAR_004837,0.9361900348105214,1,0.4381502900787569,audited_master_only_lgbm,confident_pathogenic
VAR_001235,0.8444512003449324,1,0.4381502900787569,audited_master_only_lgbm,confident_pathogenic
VAR_004703,0.06577550315206064,0,0.4381502900787569,audited_master_only_lgbm,confident_benign
VAR_002586,0.9639926806152153,1,0.4381502900787569,audited_master_only_lgbm,confident_pathogenic
VAR_006139,0.9330717426695414,1,0.4381502900787569,audited_master_only_lgbm,confident_pathogenic
VAR_002763,0.8134980150532996,1,0.4381502900787569,audited_master_only_lgbm,confident_pathogenic
VAR_000822,0.14047221386491027,0,0.4381502900787569,audited_master_only_lgbm,confident_benign
VAR_006475,0.9198359264840491,1,0.4381502900787569,audited_master_only_lgbm,confident_pathogenic
VAR_005800,0.6747477719807934,1,0.4381502900787569,audited_master_only_lgbm,confident_pathogenic
VAR_004967,0.03060892706347097,0,0.4381502900787569,audited_master_only_lgbm,confident_benign
VAR_003957,0.5567445738923882,1,0.4381502900787569,audited_master_only_lgbm,confident_pathogenic
VAR_004215,0.05897547955237549,0,0.4381502900787569,audited_master_only_lgbm,confident_benign
VAR_006314,0.9567799150208347,1,0.4381502900787569,audited_master_only_lgbm,confident_pathogenic
VAR_006217,0.28729383465990677,0,0.4381502900787569,audited_master_only_lgbm,confident_benign
VAR_003085,0.13708809197879035,0,0.4381502900787569,audited_master_only_lgbm,confident_benign
VAR_005075,0.9203096268166922,1,0.4381502900787569,audited_master_only_lgbm,confident_pathogenic
VAR_005520,0.9591339434132975,1,0.4381502900787569,audited_master_only_lgbm,confident_pathogenic
VAR_001982,0.5034669071352568,1,0.4381502900787569,audited_master_only_lgbm,confident_pathogenic
VAR_001260,0.7983562572132257,1,0.4381502900787569,audited_master_only_lgbm,confident_pathogenic
VAR_000839,0.05138450770535399,0,0.4381502900787569,audited_master_only_lgbm,confident_benign
VAR_005786,0.937009849282254,1,0.4381502900787569,audited_master_only_lgbm,confident_pathogenic
VAR_002254,0.28729383465990677,0,0.4381502900787569,audited_master_only_lgbm,confident_benign
VAR_000546,0.0832061877471954,0,0.4381502900787569,audited_master_only_lgbm,confident_benign
VAR_005434,0.8296895815775072,1,0.4381502900787569,audited_master_only_lgbm,confident_pathogenic
VAR_000486,0.613334713046386,1,0.4381502900787569,audited_master_only_lgbm,confident_pathogenic
VAR_000102,0.19708018360933818,0,0.4381502900787569,audited_master_only_lgbm,confident_benign
VAR_004569,0.8638097486509227,1,0.4381502900787569,audited_master_only_lgbm,confident_pathogenic
VAR_002622,0.722646021011921,1,0.4381502900787569,audited_master_only_lgbm,confident_pathogenic
VAR_003733,0.9326484196532939,1,0.4381502900787569,audited_master_only_lgbm,confident_pathogenic
VAR_002686,0.58899083513934,1,0.4381502900787569,audited_master_only_lgbm,confident_pathogenic
VAR_005285,0.28729383465990677,0,0.4381502900787569,audited_master_only_lgbm,confident_benign
VAR_000569,0.966909126346128,1,0.4381502900787569,audited_master_only_lgbm,confident_pathogenic
VAR_001963,0.6352250850625202,1,0.4381502900787569,audited_master_only_lgbm,confident_pathogenic
VAR_001942,0.8722408659426399,1,0.4381502900787569,audited_master_only_lgbm,confident_pathogenic
VAR_000473,0.4996894360406754,1,0.4381502900787569,audited_master_only_lgbm,confident_pathogenic
VAR_005373,0.12946035674979767,0,0.4381502900787569,audited_master_only_lgbm,confident_benign
VAR_002848,0.8494800910904813,1,0.4381502900787569,audited_master_only_lgbm,confident_pathogenic
VAR_002880,0.751105532790749,1,0.4381502900787569,audited_master_only_lgbm,confident_pathogenic
VAR_000826,0.788103740736361,1,0.4381502900787569,audited_master_only_lgbm,confident_pathogenic
VAR_002795,0.6422445917783483,1,0.4381502900787569,audited_master_only_lgbm,confident_pathogenic
VAR_004744,0.0189302847291754,0,0.4381502900787569,audited_master_only_lgbm,confident_benign
VAR_004903,0.910707618706725,1,0.4381502900787569,audited_master_only_lgbm,confident_pathogenic
VAR_002611,0.18764284839643997,0,0.4381502900787569,audited_master_only_lgbm,confident_benign
VAR_001686,0.8118368648121534,1,0.4381502900787569,audited_master_only_lgbm,confident_pathogenic
VAR_002350,0.7618774343630131,1,0.4381502900787569,audited_master_only_lgbm,confident_pathogenic
VAR_001926,0.8464567307464461,1,0.4381502900787569,audited_master_only_lgbm,confident_pathogenic
VAR_005472,0.9560159268852092,1,0.4381502900787569,audited_master_only_lgbm,confident_pathogenic
VAR_004197,0.05514465386787955,0,0.4381502900787569,audited_master_only_lgbm,confident_benign
VAR_005099,0.9256447451085086,1,0.4381502900787569,audited_master_only_lgbm,confident_pathogenic
VAR_003521,0.5858950745021575,1,0.4381502900787569,audited_master_only_lgbm,confident_pathogenic
VAR_006458,0.7341149549355881,1,0.4381502900787569,audited_master_only_lgbm,confident_pathogenic
VAR_005694,0.13195338400763273,0,0.4381502900787569,audited_master_only_lgbm,confident_benign
VAR_000916,0.9499440069467192,1,0.4381502900787569,audited_master_only_lgbm,confident_pathogenic
VAR_004410,0.5666461392089532,1,0.4381502900787569,audited_master_only_lgbm,confident_pathogenic
VAR_002865,0.9437866168979262,1,0.4381502900787569,audited_master_only_lgbm,confident_pathogenic
VAR_004000,0.04627737085283581,0,0.4381502900787569,audited_master_only_lgbm,confident_benign
VAR_002448,0.8517845694682462,1,0.4381502900787569,audited_master_only_lgbm,confident_pathogenic
VAR_003125,0.49244332867093626,1,0.4381502900787569,audited_master_only_lgbm,confident_pathogenic
VAR_004007,0.9713756141330228,1,0.4381502900787569,audited_master_only_lgbm,confident_pathogenic
VAR_003300,0.030192055708558374,0,0.4381502900787569,audited_master_only_lgbm,confident_benign
VAR_001854,0.330042125353315,0,0.4381502900787569,audited_master_only_lgbm,confident_benign
VAR_003256,0.8153418803258934,1,0.4381502900787569,audited_master_only_lgbm,confident_pathogenic
VAR_006569,0.89695021528463,1,0.4381502900787569,audited_master_only_lgbm,confident_pathogenic
VAR_004225,0.28729383465990677,0,0.4381502900787569,audited_master_only_lgbm,confident_benign
VAR_000969,0.8561788908148122,1,0.4381502900787569,audited_master_only_lgbm,confident_pathogenic
VAR_006346,0.9712975788900667,1,0.4381502900787569,audited_master_only_lgbm,confident_pathogenic
VAR_002167,0.9585369139717544,1,0.4381502900787569,audited_master_only_lgbm,confident_pathogenic
VAR_005147,0.473233345554032,1,0.4381502900787569,audited_master_only_lgbm,uncertain
VAR_004500,0.28729383465990677,0,0.4381502900787569,audited_master_only_lgbm,confident_benign
VAR_000855,0.8837353078208514,1,0.4381502900787569,audited_master_only_lgbm,confident_pathogenic
VAR_002080,0.7480376526125331,1,0.4381502900787569,audited_master_only_lgbm,confident_pathogenic
VAR_005755,0.8087889271374759,1,0.4381502900787569,audited_master_only_lgbm,confident_pathogenic
VAR_006042,0.8799992107242356,1,0.4381502900787569,audited_master_only_lgbm,confident_pathogenic
VAR_001735,0.14176731447325416,0,0.4381502900787569,audited_master_only_lgbm,confident_benign
VAR_004435,0.833115951568976,1,0.4381502900787569,audited_master_only_lgbm,confident_pathogenic
VAR_000534,0.9622074879723018,1,0.4381502900787569,audited_master_only_lgbm,confident_pathogenic
VAR_000765,0.8427490018532808,1,0.4381502900787569,audited_master_only_lgbm,confident_pathogenic
VAR_002663,0.9203785218235153,1,0.4381502900787569,audited_master_only_lgbm,confident_pathogenic
VAR_003209,0.0077872167173173,0,0.4381502900787569,audited_master_only_lgbm,confident_benign
VAR_004472,0.7552946685258451,1,0.4381502900787569,audited_master_only_lgbm,confident_pathogenic
VAR_006090,0.5909931165350355,1,0.4381502900787569,audited_master_only_lgbm,confident_pathogenic
VAR_000017,0.017535575559493016,0,0.4381502900787569,audited_master_only_lgbm,confident_benign
VAR_001615,0.478940050211293,1,0.4381502900787569,audited_master_only_lgbm,uncertain
VAR_001006,0.8729947754021158,1,0.4381502900787569,audited_master_only_lgbm,confident_pathogenic
VAR_002733,0.884275514757981,1,0.4381502900787569,audited_master_only_lgbm,confident_pathogenic
VAR_003840,0.9145444857903045,1,0.4381502900787569,audited_master_only_lgbm,confident_pathogenic
VAR_000225,0.8069510045931073,1,0.4381502900787569,audited_master_only_lgbm,confident_pathogenic
VAR_001489,0.7515135710940131,1,0.4381502900787569,audited_master_only_lgbm,confident_pathogenic
VAR_003320,0.9535368911256246,1,0.4381502900787569,audited_master_only_lgbm,confident_pathogenic
VAR_002859,0.45471268680313315,1,0.4381502900787569,audited_master_only_lgbm,uncertain
VAR_005757,0.020319337378693042,0,0.4381502900787569,audited_master_only_lgbm,confident_benign
VAR_002863,0.6559053476245024,1,0.4381502900787569,audited_master_only_lgbm,confident_pathogenic
VAR_001972,0.9484041690360187,1,0.4381502900787569,audited_master_only_lgbm,confident_pathogenic
VAR_004835,0.7128853862900532,1,0.4381502900787569,audited_master_only_lgbm,confident_pathogenic
VAR_006228,0.22755769454583327,0,0.4381502900787569,audited_master_only_lgbm,confident_benign
VAR_002198,0.9640684947521401,1,0.4381502900787569,audited_master_only_lgbm,confident_pathogenic
VAR_001156,0.8505535956950978,1,0.4381502900787569,audited_master_only_lgbm,confident_pathogenic
VAR_001983,0.9187174915128256,1,0.4381502900787569,audited_master_only_lgbm,confident_pathogenic
VAR_002603,0.14927563271791186,0,0.4381502900787569,audited_master_only_lgbm,confident_benign
VAR_003126,0.9110684692559947,1,0.4381502900787569,audited_master_only_lgbm,confident_pathogenic
VAR_000188,0.9382947144483099,1,0.4381502900787569,audited_master_only_lgbm,confident_pathogenic
VAR_001202,0.9083889206739265,1,0.4381502900787569,audited_master_only_lgbm,confident_pathogenic
VAR_002463,0.9613084839538916,1,0.4381502900787569,audited_master_only_lgbm,confident_pathogenic
VAR_002144,0.8924209706301057,1,0.4381502900787569,audited_master_only_lgbm,confident_pathogenic
VAR_005171,0.7690749475164286,1,0.4381502900787569,audited_master_only_lgbm,confident_pathogenic
VAR_005217,0.9536203280751651,1,0.4381502900787569,audited_master_only_lgbm,confident_pathogenic
VAR_004914,0.8323547583105297,1,0.4381502900787569,audited_master_only_lgbm,confident_pathogenic
VAR_005107,0.9753913463163262,1,0.4381502900787569,audited_master_only_lgbm,confident_pathogenic
VAR_001890,0.060102205583386185,0,0.4381502900787569,audited_master_only_lgbm,confident_benign
VAR_002010,0.9486320314979474,1,0.4381502900787569,audited_master_only_lgbm,confident_pathogenic
VAR_000337,0.980678004470751,1,0.4381502900787569,audited_master_only_lgbm,confident_pathogenic
VAR_006080,0.7667226941535972,1,0.4381502900787569,audited_master_only_lgbm,confident_pathogenic
VAR_000617,0.9646849802192979,1,0.4381502900787569,audited_master_only_lgbm,confident_pathogenic
VAR_003316,0.7712063829546542,1,0.4381502900787569,audited_master_only_lgbm,confident_pathogenic
VAR_001173,0.9265516031510092,1,0.4381502900787569,audited_master_only_lgbm,confident_pathogenic
VAR_005804,0.970915500552377,1,0.4381502900787569,audited_master_only_lgbm,confident_pathogenic
VAR_001681,0.7523202441910053,1,0.4381502900787569,audited_master_only_lgbm,confident_pathogenic
VAR_002783,0.6962399741486915,1,0.4381502900787569,audited_master_only_lgbm,confident_pathogenic
VAR_004654,0.07222423112773307,0,0.4381502900787569,audited_master_only_lgbm,confident_benign
VAR_003735,0.9256370321228662,1,0.4381502900787569,audited_master_only_lgbm,confident_pathogenic
VAR_002336,0.021735307947093094,0,0.4381502900787569,audited_master_only_lgbm,confident_benign
VAR_000996,0.02584022672918077,0,0.4381502900787569,audited_master_only_lgbm,confident_benign
VAR_002618,0.9773840607864163,1,0.4381502900787569,audited_master_only_lgbm,confident_pathogenic
VAR_006535,0.6189404437225344,1,0.4381502900787569,audited_master_only_lgbm,confident_pathogenic
VAR_000720,0.984818954125003,1,0.4381502900787569,audited_master_only_lgbm,confident_pathogenic
VAR_005575,0.9161774487164327,1,0.4381502900787569,audited_master_only_lgbm,confident_pathogenic
VAR_002683,0.024213260567048537,0,0.4381502900787569,audited_master_only_lgbm,confident_benign
VAR_002824,0.027618269641311494,0,0.4381502900787569,audited_master_only_lgbm,confident_benign
VAR_003614,0.04801494596697889,0,0.4381502900787569,audited_master_only_lgbm,confident_benign
VAR_001065,0.9846827929743799,1,0.4381502900787569,audited_master_only_lgbm,confident_pathogenic
VAR_000691,0.6486081176002075,1,0.4381502900787569,audited_master_only_lgbm,confident_pathogenic
VAR_002594,0.042657107306333916,0,0.4381502900787569,audited_master_only_lgbm,confident_benign
VAR_004902,0.9831223467090711,1,0.4381502900787569,audited_master_only_lgbm,confident_pathogenic
VAR_003073,0.2281636119828099,0,0.4381502900787569,audited_master_only_lgbm,confident_benign
VAR_000655,0.3736800919684478,0,0.4381502900787569,audited_master_only_lgbm,confident_benign
VAR_003146,0.6760100467315813,1,0.4381502900787569,audited_master_only_lgbm,confident_pathogenic
VAR_002823,0.9539142284677674,1,0.4381502900787569,audited_master_only_lgbm,confident_pathogenic
VAR_005778,0.9716390055890434,1,0.4381502900787569,audited_master_only_lgbm,confident_pathogenic
VAR_000924,0.8433623715122289,1,0.4381502900787569,audited_master_only_lgbm,confident_pathogenic
VAR_002620,0.6844588612744792,1,0.4381502900787569,audited_master_only_lgbm,confident_pathogenic
VAR_005867,0.9068498839282149,1,0.4381502900787569,audited_master_only_lgbm,confident_pathogenic
VAR_003460,0.01652055207413893,0,0.4381502900787569,audited_master_only_lgbm,confident_benign
VAR_005689,0.04252036374792014,0,0.4381502900787569,audited_master_only_lgbm,confident_benign
VAR_005160,0.9764699600850555,1,0.4381502900787569,audited_master_only_lgbm,confident_pathogenic
VAR_003477,0.7814040024197809,1,0.4381502900787569,audited_master_only_lgbm,confident_pathogenic
VAR_003999,0.0375807502226492,0,0.4381502900787569,audited_master_only_lgbm,confident_benign
VAR_002479,0.9359690618973533,1,0.4381502900787569,audited_master_only_lgbm,confident_pathogenic
VAR_005137,0.8183739798566317,1,0.4381502900787569,audited_master_only_lgbm,confident_pathogenic
VAR_005141,0.8815201053209039,1,0.4381502900787569,audited_master_only_lgbm,confident_pathogenic
VAR_002713,0.19068504149736057,0,0.4381502900787569,audited_master_only_lgbm,confident_benign
VAR_003755,0.969949138804601,1,0.4381502900787569,audited_master_only_lgbm,confident_pathogenic
VAR_002891,0.8934651702968995,1,0.4381502900787569,audited_master_only_lgbm,confident_pathogenic
VAR_000719,0.9792909752663775,1,0.4381502900787569,audited_master_only_lgbm,confident_pathogenic
VAR_000488,0.18314788175275235,0,0.4381502900787569,audited_master_only_lgbm,confident_benign
VAR_001096,0.960374824868693,1,0.4381502900787569,audited_master_only_lgbm,confident_pathogenic
VAR_002165,0.8471344960048127,1,0.4381502900787569,audited_master_only_lgbm,confident_pathogenic
VAR_000338,0.056112459251649455,0,0.4381502900787569,audited_master_only_lgbm,confident_benign
VAR_004723,0.7147664286428085,1,0.4381502900787569,audited_master_only_lgbm,confident_pathogenic
VAR_002125,0.08016531049769236,0,0.4381502900787569,audited_master_only_lgbm,confident_benign
VAR_001358,0.28729383465990677,0,0.4381502900787569,audited_master_only_lgbm,confident_benign
VAR_002001,0.9210021370523943,1,0.4381502900787569,audited_master_only_lgbm,confident_pathogenic
VAR_004753,0.005919095002536293,0,0.4381502900787569,audited_master_only_lgbm,confident_benign
VAR_000854,0.7814403787157245,1,0.4381502900787569,audited_master_only_lgbm,confident_pathogenic
VAR_000726,0.0379029855722376,0,0.4381502900787569,audited_master_only_lgbm,confident_benign
VAR_004333,0.4080406083170672,0,0.4381502900787569,audited_master_only_lgbm,uncertain
VAR_001179,0.9198379584680388,1,0.4381502900787569,audited_master_only_lgbm,confident_pathogenic
VAR_001873,0.43961208201743723,1,0.4381502900787569,audited_master_only_lgbm,uncertain
VAR_001400,0.6804320162177522,1,0.4381502900787569,audited_master_only_lgbm,confident_pathogenic
VAR_001750,0.2680551590435798,0,0.4381502900787569,audited_master_only_lgbm,confident_benign
VAR_003180,0.053011111336298294,0,0.4381502900787569,audited_master_only_lgbm,confident_benign
VAR_006323,0.039754706908460474,0,0.4381502900787569,audited_master_only_lgbm,confident_benign
VAR_005720,0.14441307387290578,0,0.4381502900787569,audited_master_only_lgbm,confident_benign
VAR_005392,0.012062820432663383,0,0.4381502900787569,audited_master_only_lgbm,confident_benign
VAR_005186,0.42511020953098777,0,0.4381502900787569,audited_master_only_lgbm,uncertain
VAR_002065,0.106938412979011,0,0.4381502900787569,audited_master_only_lgbm,confident_benign
VAR_002769,0.38171184233419553,0,0.4381502900787569,audited_master_only_lgbm,confident_benign
VAR_006537,0.5450739669846377,1,0.4381502900787569,audited_master_only_lgbm,confident_pathogenic
VAR_006381,0.9664606744552379,1,0.4381502900787569,audited_master_only_lgbm,confident_pathogenic
VAR_001719,0.015163299094144081,0,0.4381502900787569,audited_master_only_lgbm,confident_benign
VAR_002631,0.77198877278807,1,0.4381502900787569,audited_master_only_lgbm,confident_pathogenic
VAR_006145,0.9616736545128407,1,0.4381502900787569,audited_master_only_lgbm,confident_pathogenic
VAR_001915,0.162482484984998,0,0.4381502900787569,audited_master_only_lgbm,confident_benign
VAR_001612,0.5825575096185313,1,0.4381502900787569,audited_master_only_lgbm,confident_pathogenic
VAR_006076,0.8467712980392395,1,0.4381502900787569,audited_master_only_lgbm,confident_pathogenic
VAR_002886,0.9705793658381002,1,0.4381502900787569,audited_master_only_lgbm,confident_pathogenic
VAR_000025,0.8523280657950675,1,0.4381502900787569,audited_master_only_lgbm,confident_pathogenic
VAR_003329,0.9870977935831279,1,0.4381502900787569,audited_master_only_lgbm,confident_pathogenic
VAR_004726,0.9895892880378794,1,0.4381502900787569,audited_master_only_lgbm,confident_pathogenic
VAR_005402,0.4888115262487563,1,0.4381502900787569,audited_master_only_lgbm,confident_pathogenic
VAR_003113,0.10167828993469091,0,0.4381502900787569,audited_master_only_lgbm,confident_benign
VAR_003191,0.08273204572812384,0,0.4381502900787569,audited_master_only_lgbm,confident_benign
VAR_001022,0.9005923222494113,1,0.4381502900787569,audited_master_only_lgbm,confident_pathogenic
VAR_005456,0.9429960555456627,1,0.4381502900787569,audited_master_only_lgbm,confident_pathogenic
VAR_002034,0.09065910973047593,0,0.4381502900787569,audited_master_only_lgbm,confident_benign
VAR_004714,0.8534650968502203,1,0.4381502900787569,audited_master_only_lgbm,confident_pathogenic
VAR_005142,0.765933220665684,1,0.4381502900787569,audited_master_only_lgbm,confident_pathogenic
VAR_004636,0.19742209817792636,0,0.4381502900787569,audited_master_only_lgbm,confident_benign
VAR_005093,0.9361324421691709,1,0.4381502900787569,audited_master_only_lgbm,confident_pathogenic
VAR_004196,0.23082368636276784,0,0.4381502900787569,audited_master_only_lgbm,confident_benign
VAR_002508,0.9723119826982719,1,0.4381502900787569,audited_master_only_lgbm,confident_pathogenic
VAR_005643,0.8386723052856858,1,0.4381502900787569,audited_master_only_lgbm,confident_pathogenic
VAR_003341,0.5936911626110654,1,0.4381502900787569,audited_master_only_lgbm,confident_pathogenic
VAR_001997,0.8135254551499057,1,0.4381502900787569,audited_master_only_lgbm,confident_pathogenic
VAR_001949,0.8717313816149342,1,0.4381502900787569,audited_master_only_lgbm,confident_pathogenic
VAR_003686,0.16153244771059802,0,0.4381502900787569,audited_master_only_lgbm,confident_benign
VAR_002433,0.021862378865077584,0,0.4381502900787569,audited_master_only_lgbm,confident_benign
VAR_000736,0.9239959975007931,1,0.4381502900787569,audited_master_only_lgbm,confident_pathogenic
VAR_000045,0.921453922694205,1,0.4381502900787569,audited_master_only_lgbm,confident_pathogenic
VAR_002566,0.5350759020204484,1,0.4381502900787569,audited_master_only_lgbm,confident_pathogenic
VAR_003084,0.6921465328984937,1,0.4381502900787569,audited_master_only_lgbm,confident_pathogenic
VAR_000159,0.33944879258032656,0,0.4381502900787569,audited_master_only_lgbm,confident_benign
VAR_000782,0.9664480989220384,1,0.4381502900787569,audited_master_only_lgbm,confident_pathogenic
VAR_003257,0.8969799619057937,1,0.4381502900787569,audited_master_only_lgbm,confident_pathogenic
VAR_000751,0.07524883006829391,0,0.4381502900787569,audited_master_only_lgbm,confident_benign
VAR_003548,0.06593397980013867,0,0.4381502900787569,audited_master_only_lgbm,confident_benign
VAR_002166,0.978499633563579,1,0.4381502900787569,audited_master_only_lgbm,confident_pathogenic
VAR_005079,0.7930186786718038,1,0.4381502900787569,audited_master_only_lgbm,confident_pathogenic
VAR_003956,0.09615959610587951,0,0.4381502900787569,audited_master_only_lgbm,confident_benign
VAR_002669,0.5429129291210592,1,0.4381502900787569,audited_master_only_lgbm,confident_pathogenic
VAR_004329,0.6010031757500136,1,0.4381502900787569,audited_master_only_lgbm,confident_pathogenic
VAR_004743,0.7820404283133962,1,0.4381502900787569,audited_master_only_lgbm,confident_pathogenic
VAR_000330,0.9351716065186866,1,0.4381502900787569,audited_master_only_lgbm,confident_pathogenic
VAR_000268,0.28729383465990677,0,0.4381502900787569,audited_master_only_lgbm,confident_benign
VAR_005970,0.5812686770085278,1,0.4381502900787569,audited_master_only_lgbm,confident_pathogenic
VAR_001875,0.5377732022729447,1,0.4381502900787569,audited_master_only_lgbm,confident_pathogenic
VAR_001033,0.9847365635597585,1,0.4381502900787569,audited_master_only_lgbm,confident_pathogenic
VAR_005188,0.6767321742577419,1,0.4381502900787569,audited_master_only_lgbm,confident_pathogenic
VAR_004635,0.1006844639584457,0,0.4381502900787569,audited_master_only_lgbm,confident_benign
VAR_002629,0.3729767481430586,0,0.4381502900787569,audited_master_only_lgbm,confident_benign
VAR_000716,0.8274184167910001,1,0.4381502900787569,audited_master_only_lgbm,confident_pathogenic
VAR_004165,0.01112733637583651,0,0.4381502900787569,audited_master_only_lgbm,confident_benign
VAR_000058,0.8349908370416849,1,0.4381502900787569,audited_master_only_lgbm,confident_pathogenic
VAR_002530,0.9057992448537555,1,0.4381502900787569,audited_master_only_lgbm,confident_pathogenic
VAR_001175,0.8315811463368473,1,0.4381502900787569,audited_master_only_lgbm,confident_pathogenic
VAR_000425,0.1442478565995327,0,0.4381502900787569,audited_master_only_lgbm,confident_benign
VAR_005206,0.9562546504171242,1,0.4381502900787569,audited_master_only_lgbm,confident_pathogenic
VAR_003347,0.6904687996896292,1,0.4381502900787569,audited_master_only_lgbm,confident_pathogenic
VAR_005879,0.28729383465990677,0,0.4381502900787569,audited_master_only_lgbm,confident_benign
VAR_003344,0.6001281872686723,1,0.4381502900787569,audited_master_only_lgbm,confident_pathogenic
VAR_002546,0.19242121391956696,0,0.4381502900787569,audited_master_only_lgbm,confident_benign
VAR_006026,0.12301232825038938,0,0.4381502900787569,audited_master_only_lgbm,confident_benign
VAR_003776,0.9810345422304976,1,0.4381502900787569,audited_master_only_lgbm,confident_pathogenic
VAR_000409,0.28729383465990677,0,0.4381502900787569,audited_master_only_lgbm,confident_benign
VAR_002923,0.9098157534745024,1,0.4381502900787569,audited_master_only_lgbm,confident_pathogenic
VAR_001061,0.7983434289060802,1,0.4381502900787569,audited_master_only_lgbm,confident_pathogenic
VAR_000563,0.01752522847200627,0,0.4381502900787569,audited_master_only_lgbm,confident_benign
VAR_006105,0.9336107607578312,1,0.4381502900787569,audited_master_only_lgbm,confident_pathogenic
VAR_004544,0.9411483079997003,1,0.4381502900787569,audited_master_only_lgbm,confident_pathogenic
VAR_003358,0.8705531309242978,1,0.4381502900787569,audited_master_only_lgbm,confident_pathogenic
VAR_004759,0.7808171774499746,1,0.4381502900787569,audited_master_only_lgbm,confident_pathogenic
VAR_003027,0.94061375620196,1,0.4381502900787569,audited_master_only_lgbm,confident_pathogenic
VAR_001765,0.30558125561585825,0,0.4381502900787569,audited_master_only_lgbm,confident_benign
VAR_000566,0.9785149522004406,1,0.4381502900787569,audited_master_only_lgbm,confident_pathogenic
VAR_000574,0.8909290896644546,1,0.4381502900787569,audited_master_only_lgbm,confident_pathogenic
VAR_000633,0.891371726889353,1,0.4381502900787569,audited_master_only_lgbm,confident_pathogenic
VAR_003063,0.9889737123465371,1,0.4381502900787569,audited_master_only_lgbm,confident_pathogenic
VAR_001809,0.9761081671843591,1,0.4381502900787569,audited_master_only_lgbm,confident_pathogenic
VAR_000831,0.18028194208407589,0,0.4381502900787569,audited_master_only_lgbm,confident_benign
VAR_006044,0.9377699792338616,1,0.4381502900787569,audited_master_only_lgbm,confident_pathogenic
VAR_004563,0.818203271877414,1,0.4381502900787569,audited_master_only_lgbm,confident_pathogenic
VAR_003777,0.9817330391418903,1,0.4381502900787569,audited_master_only_lgbm,confident_pathogenic
VAR_005519,0.7711886733736811,1,0.4381502900787569,audited_master_only_lgbm,confident_pathogenic
VAR_003763,0.9360854287402419,1,0.4381502900787569,audited_master_only_lgbm,confident_pathogenic
VAR_003588,0.05178528598187661,0,0.4381502900787569,audited_master_only_lgbm,confident_benign
VAR_002984,0.7105257238139119,1,0.4381502900787569,audited_master_only_lgbm,confident_pathogenic
VAR_004968,0.9833333227983645,1,0.4381502900787569,audited_master_only_lgbm,confident_pathogenic
VAR_002453,0.6791606086671541,1,0.4381502900787569,audited_master_only_lgbm,confident_pathogenic
VAR_002434,0.9622030286346833,1,0.4381502900787569,audited_master_only_lgbm,confident_pathogenic
VAR_001217,0.022830418415469008,0,0.4381502900787569,audited_master_only_lgbm,confident_benign
VAR_000085,0.6551146421805286,1,0.4381502900787569,audited_master_only_lgbm,confident_pathogenic
VAR_004547,0.6502519538746282,1,0.4381502900787569,audited_master_only_lgbm,confident_pathogenic
VAR_003673,0.8868951692516764,1,0.4381502900787569,audited_master_only_lgbm,confident_pathogenic
VAR_005096,0.983911358380774,1,0.4381502900787569,audited_master_only_lgbm,confident_pathogenic
VAR_000120,0.9644808420228048,1,0.4381502900787569,audited_master_only_lgbm,confident_pathogenic
VAR_001700,0.7081946810802543,1,0.4381502900787569,audited_master_only_lgbm,confident_pathogenic
VAR_004909,0.8834351850930107,1,0.4381502900787569,audited_master_only_lgbm,confident_pathogenic
VAR_004702,0.5611738553930764,1,0.4381502900787569,audited_master_only_lgbm,confident_pathogenic
VAR_005329,0.050985495290438075,0,0.4381502900787569,audited_master_only_lgbm,confident_benign
VAR_005398,0.8369662763107143,1,0.4381502900787569,audited_master_only_lgbm,confident_pathogenic
VAR_006055,0.8573573508301328,1,0.4381502900787569,audited_master_only_lgbm,confident_pathogenic
VAR_004124,0.04779727993475961,0,0.4381502900787569,audited_master_only_lgbm,confident_benign
VAR_000592,0.9701486219345733,1,0.4381502900787569,audited_master_only_lgbm,confident_pathogenic
VAR_005453,0.9402259002330169,1,0.4381502900787569,audited_master_only_lgbm,confident_pathogenic
VAR_000818,0.8382685982531791,1,0.4381502900787569,audited_master_only_lgbm,confident_pathogenic
VAR_001411,0.2386745648605441,0,0.4381502900787569,audited_master_only_lgbm,confident_benign
VAR_000778,0.06743453846985141,0,0.4381502900787569,audited_master_only_lgbm,confident_benign
VAR_001050,0.43486872413637984,0,0.4381502900787569,audited_master_only_lgbm,uncertain
VAR_003496,0.06852684362123089,0,0.4381502900787569,audited_master_only_lgbm,confident_benign
VAR_002827,0.17827843242691463,0,0.4381502900787569,audited_master_only_lgbm,confident_benign
VAR_003372,0.9232075931691692,1,0.4381502900787569,audited_master_only_lgbm,confident_pathogenic
VAR_002543,0.03157470561631718,0,0.4381502900787569,audited_master_only_lgbm,confident_benign
VAR_001682,0.7376554023234194,1,0.4381502900787569,audited_master_only_lgbm,confident_pathogenic
VAR_000886,0.18687900572705882,0,0.4381502900787569,audited_master_only_lgbm,confident_benign
VAR_003239,0.32537726343240325,0,0.4381502900787569,audited_master_only_lgbm,confident_benign
VAR_005792,0.8657491309519275,1,0.4381502900787569,audited_master_only_lgbm,confident_pathogenic
VAR_001800,0.9912838852447661,1,0.4381502900787569,audited_master_only_lgbm,confident_pathogenic
VAR_003928,0.046555522515146774,0,0.4381502900787569,audited_master_only_lgbm,confident_benign
VAR_003123,0.023284571353344,0,0.4381502900787569,audited_master_only_lgbm,confident_benign
VAR_004014,0.9829118319147936,1,0.4381502900787569,audited_master_only_lgbm,confident_pathogenic
VAR_002247,0.9560539202120198,1,0.4381502900787569,audited_master_only_lgbm,confident_pathogenic
VAR_005670,0.07253602054360272,0,0.4381502900787569,audited_master_only_lgbm,confident_benign
VAR_004008,0.9344495212202321,1,0.4381502900787569,audited_master_only_lgbm,confident_pathogenic
VAR_000918,0.11558769545601093,0,0.4381502900787569,audited_master_only_lgbm,confident_benign
VAR_000629,0.877490944654006,1,0.4381502900787569,audited_master_only_lgbm,confident_pathogenic
VAR_004429,0.8615207097260942,1,0.4381502900787569,audited_master_only_lgbm,confident_pathogenic
VAR_005348,0.9716347646030893,1,0.4381502900787569,audited_master_only_lgbm,confident_pathogenic
VAR_000471,0.28729383465990677,0,0.4381502900787569,audited_master_only_lgbm,confident_benign
VAR_002987,0.40168397255163135,0,0.4381502900787569,audited_master_only_lgbm,uncertain
VAR_006374,0.926386805593329,1,0.4381502900787569,audited_master_only_lgbm,confident_pathogenic
VAR_001196,0.053006385793443515,0,0.4381502900787569,audited_master_only_lgbm,confident_benign
VAR_005370,0.32564668312056694,0,0.4381502900787569,audited_master_only_lgbm,confident_benign
VAR_005939,0.7721876845408364,1,0.4381502900787569,audited_master_only_lgbm,confident_pathogenic
VAR_001478,0.3700603492609231,0,0.4381502900787569,audited_master_only_lgbm,confident_benign
VAR_005396,0.828567120322895,1,0.4381502900787569,audited_master_only_lgbm,confident_pathogenic
VAR_000942,0.473233345554032,1,0.4381502900787569,audited_master_only_lgbm,uncertain
VAR_000367,0.9392599505948179,1,0.4381502900787569,audited_master_only_lgbm,confident_pathogenic
VAR_005460,0.9817804530026368,1,0.4381502900787569,audited_master_only_lgbm,confident_pathogenic
VAR_001570,0.4174837296340127,0,0.4381502900787569,audited_master_only_lgbm,uncertain
VAR_000307,0.8980216614479949,1,0.4381502900787569,audited_master_only_lgbm,confident_pathogenic
VAR_005146,0.6866898027782294,1,0.4381502900787569,audited_master_only_lgbm,confident_pathogenic
VAR_004372,0.10284192925467188,0,0.4381502900787569,audited_master_only_lgbm,confident_benign
VAR_005182,0.9126255486544096,1,0.4381502900787569,audited_master_only_lgbm,confident_pathogenic
VAR_001812,0.9152175405263008,1,0.4381502900787569,audited_master_only_lgbm,confident_pathogenic
VAR_001170,0.03716189350522006,0,0.4381502900787569,audited_master_only_lgbm,confident_benign
VAR_005430,0.9817665423290977,1,0.4381502900787569,audited_master_only_lgbm,confident_pathogenic
VAR_003097,0.9008993645761959,1,0.4381502900787569,audited_master_only_lgbm,confident_pathogenic
VAR_004772,0.014424160361256794,0,0.4381502900787569,audited_master_only_lgbm,confident_benign
VAR_003119,0.3799508773413569,0,0.4381502900787569,audited_master_only_lgbm,confident_benign
VAR_001721,0.03837116986056831,0,0.4381502900787569,audited_master_only_lgbm,confident_benign
VAR_001530,0.6762254518037388,1,0.4381502900787569,audited_master_only_lgbm,confident_pathogenic
VAR_004952,0.20257478550975216,0,0.4381502900787569,audited_master_only_lgbm,confident_benign
VAR_004270,0.28729383465990677,0,0.4381502900787569,audited_master_only_lgbm,confident_benign
VAR_005405,0.9890478065855468,1,0.4381502900787569,audited_master_only_lgbm,confident_pathogenic
VAR_003002,0.9825861854584741,1,0.4381502900787569,audited_master_only_lgbm,confident_pathogenic
VAR_002333,0.9749797721357538,1,0.4381502900787569,audited_master_only_lgbm,confident_pathogenic
VAR_005686,0.9297789084070793,1,0.4381502900787569,audited_master_only_lgbm,confident_pathogenic
VAR_005037,0.14714073102569028,0,0.4381502900787569,audited_master_only_lgbm,confident_benign
VAR_006041,0.6314502602984727,1,0.4381502900787569,audited_master_only_lgbm,confident_pathogenic
VAR_002386,0.5980458900209573,1,0.4381502900787569,audited_master_only_lgbm,confident_pathogenic
VAR_004689,0.28729383465990677,0,0.4381502900787569,audited_master_only_lgbm,confident_benign
VAR_004320,0.32819948146678146,0,0.4381502900787569,audited_master_only_lgbm,confident_benign
VAR_002916,0.9670013070547757,1,0.4381502900787569,audited_master_only_lgbm,confident_pathogenic
VAR_000108,0.9322352676104706,1,0.4381502900787569,audited_master_only_lgbm,confident_pathogenic
VAR_003414,0.9516562655216761,1,0.4381502900787569,audited_master_only_lgbm,confident_pathogenic
VAR_002950,0.47133931744586105,1,0.4381502900787569,audited_master_only_lgbm,uncertain
VAR_006480,0.0422148697230148,0,0.4381502900787569,audited_master_only_lgbm,confident_benign
VAR_001338,0.6563581839375043,1,0.4381502900787569,audited_master_only_lgbm,confident_pathogenic
VAR_006037,0.7560552757024703,1,0.4381502900787569,audited_master_only_lgbm,confident_pathogenic
VAR_002051,0.7529810503771261,1,0.4381502900787569,audited_master_only_lgbm,confident_pathogenic
VAR_004836,0.6351857996288225,1,0.4381502900787569,audited_master_only_lgbm,confident_pathogenic
VAR_000702,0.9557329136066326,1,0.4381502900787569,audited_master_only_lgbm,confident_pathogenic
VAR_004548,0.6974774250169975,1,0.4381502900787569,audited_master_only_lgbm,confident_pathogenic
VAR_003520,0.23643595719368193,0,0.4381502900787569,audited_master_only_lgbm,confident_benign
VAR_000791,0.13782354670200753,0,0.4381502900787569,audited_master_only_lgbm,confident_benign
VAR_001014,0.9571708996386853,1,0.4381502900787569,audited_master_only_lgbm,confident_pathogenic
VAR_000257,0.8604248242338697,1,0.4381502900787569,audited_master_only_lgbm,confident_pathogenic
VAR_003258,0.9542933447648756,1,0.4381502900787569,audited_master_only_lgbm,confident_pathogenic
VAR_005801,0.8687646720496927,1,0.4381502900787569,audited_master_only_lgbm,confident_pathogenic
VAR_001856,0.8828149074828253,1,0.4381502900787569,audited_master_only_lgbm,confident_pathogenic
VAR_000879,0.5275344461874869,1,0.4381502900787569,audited_master_only_lgbm,confident_pathogenic
VAR_002645,0.8493301751489079,1,0.4381502900787569,audited_master_only_lgbm,confident_pathogenic
VAR_000276,0.6283573004794061,1,0.4381502900787569,audited_master_only_lgbm,confident_pathogenic
VAR_000776,0.43440229714069756,0,0.4381502900787569,audited_master_only_lgbm,uncertain
VAR_002997,0.033945270585239495,0,0.4381502900787569,audited_master_only_lgbm,confident_benign
VAR_004530,0.9088005858162874,1,0.4381502900787569,audited_master_only_lgbm,confident_pathogenic
VAR_005987,0.34391222071344174,0,0.4381502900787569,audited_master_only_lgbm,confident_benign
VAR_002784,0.9631349790638969,1,0.4381502900787569,audited_master_only_lgbm,confident_pathogenic
VAR_003305,0.16803319649081896,0,0.4381502900787569,audited_master_only_lgbm,confident_benign
VAR_003158,0.9262576875137157,1,0.4381502900787569,audited_master_only_lgbm,confident_pathogenic
VAR_005603,0.7830022166112376,1,0.4381502900787569,audited_master_only_lgbm,confident_pathogenic
VAR_005479,0.9930093288254928,1,0.4381502900787569,audited_master_only_lgbm,confident_pathogenic
VAR_003184,0.9678865606689433,1,0.4381502900787569,audited_master_only_lgbm,confident_pathogenic
VAR_005774,0.8410769686547898,1,0.4381502900787569,audited_master_only_lgbm,confident_pathogenic
VAR_000983,0.9914187003176571,1,0.4381502900787569,audited_master_only_lgbm,confident_pathogenic
VAR_002760,0.8392360451623849,1,0.4381502900787569,audited_master_only_lgbm,confident_pathogenic
VAR_002224,0.8626541301932809,1,0.4381502900787569,audited_master_only_lgbm,confident_pathogenic
VAR_002217,0.8938166263406052,1,0.4381502900787569,audited_master_only_lgbm,confident_pathogenic
VAR_004549,0.6903800396088856,1,0.4381502900787569,audited_master_only_lgbm,confident_pathogenic
VAR_006488,0.8814941247627619,1,0.4381502900787569,audited_master_only_lgbm,confident_pathogenic
VAR_001855,0.08372979046945095,0,0.4381502900787569,audited_master_only_lgbm,confident_benign
VAR_000439,0.8749156808636931,1,0.4381502900787569,audited_master_only_lgbm,confident_pathogenic
VAR_005202,0.22004389695784862,0,0.4381502900787569,audited_master_only_lgbm,confident_benign
VAR_000339,0.8471555923361577,1,0.4381502900787569,audited_master_only_lgbm,confident_pathogenic
VAR_000746,0.8925827000131753,1,0.4381502900787569,audited_master_only_lgbm,confident_pathogenic
VAR_001011,0.02059045523689753,0,0.4381502900787569,audited_master_only_lgbm,confident_benign
VAR_000593,0.917018897773865,1,0.4381502900787569,audited_master_only_lgbm,confident_pathogenic
VAR_000857,0.934588121541561,1,0.4381502900787569,audited_master_only_lgbm,confident_pathogenic
VAR_000237,0.8818470384476527,1,0.4381502900787569,audited_master_only_lgbm,confident_pathogenic
VAR_005531,0.8575781699963732,1,0.4381502900787569,audited_master_only_lgbm,confident_pathogenic
VAR_004482,0.8726071361488437,1,0.4381502900787569,audited_master_only_lgbm,confident_pathogenic
VAR_003528,0.16427034025638332,0,0.4381502900787569,audited_master_only_lgbm,confident_benign
VAR_000706,0.5136948845913221,1,0.4381502900787569,audited_master_only_lgbm,confident_pathogenic
VAR_002668,0.33787153147114346,0,0.4381502900787569,audited_master_only_lgbm,confident_benign
VAR_000780,0.8336568584140952,1,0.4381502900787569,audited_master_only_lgbm,confident_pathogenic
VAR_001935,0.034036925060727426,0,0.4381502900787569,audited_master_only_lgbm,confident_benign
VAR_005400,0.9184937104914365,1,0.4381502900787569,audited_master_only_lgbm,confident_pathogenic
VAR_006497,0.7743561298073716,1,0.4381502900787569,audited_master_only_lgbm,confident_pathogenic
VAR_000619,0.957065198109078,1,0.4381502900787569,audited_master_only_lgbm,confident_pathogenic
VAR_003880,0.8277996287323387,1,0.4381502900787569,audited_master_only_lgbm,confident_pathogenic
VAR_005712,0.9250389706703033,1,0.4381502900787569,audited_master_only_lgbm,confident_pathogenic
VAR_000182,0.8258827575281315,1,0.4381502900787569,audited_master_only_lgbm,confident_pathogenic
VAR_000346,0.022908402402705794,0,0.4381502900787569,audited_master_only_lgbm,confident_benign
VAR_000482,0.30354863256201303,0,0.4381502900787569,audited_master_only_lgbm,confident_benign
VAR_001784,0.4512735983177284,1,0.4381502900787569,audited_master_only_lgbm,uncertain
VAR_006586,0.48424957634023647,1,0.4381502900787569,audited_master_only_lgbm,uncertain
VAR_006218,0.06811589934121284,0,0.4381502900787569,audited_master_only_lgbm,confident_benign
VAR_003480,0.28729383465990677,0,0.4381502900787569,audited_master_only_lgbm,confident_benign
VAR_004092,0.6162822919414287,1,0.4381502900787569,audited_master_only_lgbm,confident_pathogenic
VAR_000639,0.9800846160353659,1,0.4381502900787569,audited_master_only_lgbm,confident_pathogenic
VAR_005569,0.850590607425858,1,0.4381502900787569,audited_master_only_lgbm,confident_pathogenic
VAR_003533,0.7455224932003293,1,0.4381502900787569,audited_master_only_lgbm,confident_pathogenic
VAR_006304,0.015767441694071266,0,0.4381502900787569,audited_master_only_lgbm,confident_benign
VAR_005419,0.9801011993338424,1,0.4381502900787569,audited_master_only_lgbm,confident_pathogenic
VAR_002801,0.854095997381949,1,0.4381502900787569,audited_master_only_lgbm,confident_pathogenic
VAR_000484,0.21824013316403706,0,0.4381502900787569,audited_master_only_lgbm,confident_benign
VAR_001641,0.28729383465990677,0,0.4381502900787569,audited_master_only_lgbm,confident_benign
VAR_002728,0.7752110802203314,1,0.4381502900787569,audited_master_only_lgbm,confident_pathogenic
VAR_002346,0.3728480272721084,0,0.4381502900787569,audited_master_only_lgbm,confident_benign
VAR_001302,0.44512086925471084,1,0.4381502900787569,audited_master_only_lgbm,uncertain
VAR_003552,0.034803763030564136,0,0.4381502900787569,audited_master_only_lgbm,confident_benign
VAR_000246,0.8694495029561985,1,0.4381502900787569,audited_master_only_lgbm,confident_pathogenic
VAR_003707,0.9300903842960042,1,0.4381502900787569,audited_master_only_lgbm,confident_pathogenic
VAR_006307,0.879884745765128,1,0.4381502900787569,audited_master_only_lgbm,confident_pathogenic
VAR_000978,0.7714841887270847,1,0.4381502900787569,audited_master_only_lgbm,confident_pathogenic
VAR_005257,0.11684031323015022,0,0.4381502900787569,audited_master_only_lgbm,confident_benign
VAR_002097,0.2545259978421337,0,0.4381502900787569,audited_master_only_lgbm,confident_benign
VAR_005274,0.06961615650303422,0,0.4381502900787569,audited_master_only_lgbm,confident_benign
VAR_003447,0.022769639421025,0,0.4381502900787569,audited_master_only_lgbm,confident_benign
VAR_005155,0.8424105013206561,1,0.4381502900787569,audited_master_only_lgbm,confident_pathogenic
VAR_006400,0.04163592539106776,0,0.4381502900787569,audited_master_only_lgbm,confident_benign
VAR_001134,0.9052491858578787,1,0.4381502900787569,audited_master_only_lgbm,confident_pathogenic
VAR_000104,0.07926677946536825,0,0.4381502900787569,audited_master_only_lgbm,confident_benign
VAR_000718,0.9198454435521964,1,0.4381502900787569,audited_master_only_lgbm,confident_pathogenic
VAR_003920,0.9921819599955045,1,0.4381502900787569,audited_master_only_lgbm,confident_pathogenic
VAR_000487,0.06483743908863625,0,0.4381502900787569,audited_master_only_lgbm,confident_benign
VAR_005598,0.24770583296375087,0,0.4381502900787569,audited_master_only_lgbm,confident_benign
VAR_005366,0.28729383465990677,0,0.4381502900787569,audited_master_only_lgbm,confident_benign
VAR_006201,0.8800171328005925,1,0.4381502900787569,audited_master_only_lgbm,confident_pathogenic
VAR_000175,0.8238010468995851,1,0.4381502900787569,audited_master_only_lgbm,confident_pathogenic
VAR_003767,0.987898392387187,1,0.4381502900787569,audited_master_only_lgbm,confident_pathogenic
VAR_003422,0.27973962835952393,0,0.4381502900787569,audited_master_only_lgbm,confident_benign
VAR_002845,0.7884752284633928,1,0.4381502900787569,audited_master_only_lgbm,confident_pathogenic
VAR_004067,0.9355522103955003,1,0.4381502900787569,audited_master_only_lgbm,confident_pathogenic
VAR_005673,0.9656103197726165,1,0.4381502900787569,audited_master_only_lgbm,confident_pathogenic
VAR_000254,0.9332539187533719,1,0.4381502900787569,audited_master_only_lgbm,confident_pathogenic
VAR_001974,0.9933854687133608,1,0.4381502900787569,audited_master_only_lgbm,confident_pathogenic
VAR_002878,0.4548542761788616,1,0.4381502900787569,audited_master_only_lgbm,uncertain
VAR_001027,0.24220260330630417,0,0.4381502900787569,audited_master_only_lgbm,confident_benign
VAR_000509,0.5323522037935687,1,0.4381502900787569,audited_master_only_lgbm,confident_pathogenic
VAR_001776,0.9404254205111761,1,0.4381502900787569,audited_master_only_lgbm,confident_pathogenic
VAR_006302,0.02826506236142795,0,0.4381502900787569,audited_master_only_lgbm,confident_benign
VAR_003139,0.01379629974315489,0,0.4381502900787569,audited_master_only_lgbm,confident_benign
VAR_003006,0.9263156476043949,1,0.4381502900787569,audited_master_only_lgbm,confident_pathogenic
VAR_004247,0.9605571784946317,1,0.4381502900787569,audited_master_only_lgbm,confident_pathogenic
VAR_006261,0.9586599839800394,1,0.4381502900787569,audited_master_only_lgbm,confident_pathogenic
VAR_006129,0.963103278559737,1,0.4381502900787569,audited_master_only_lgbm,confident_pathogenic
VAR_002658,0.1574350751373655,0,0.4381502900787569,audited_master_only_lgbm,confident_benign
VAR_000568,0.698767510298164,1,0.4381502900787569,audited_master_only_lgbm,confident_pathogenic
VAR_004853,0.8496152176574567,1,0.4381502900787569,audited_master_only_lgbm,confident_pathogenic
VAR_003748,0.9633958209500909,1,0.4381502900787569,audited_master_only_lgbm,confident_pathogenic
VAR_005369,0.28729383465990677,0,0.4381502900787569,audited_master_only_lgbm,confident_benign
VAR_003251,0.7343659575816587,1,0.4381502900787569,audited_master_only_lgbm,confident_pathogenic
VAR_006328,0.923165743442014,1,0.4381502900787569,audited_master_only_lgbm,confident_pathogenic
VAR_000564,0.09264683389560312,0,0.4381502900787569,audited_master_only_lgbm,confident_benign
VAR_004507,0.821892880547328,1,0.4381502900787569,audited_master_only_lgbm,confident_pathogenic
VAR_000291,0.9010253278260459,1,0.4381502900787569,audited_master_only_lgbm,confident_pathogenic
VAR_000417,0.28729383465990677,0,0.4381502900787569,audited_master_only_lgbm,confident_benign
VAR_006225,0.29981174752110185,0,0.4381502900787569,audited_master_only_lgbm,confident_benign
VAR_005602,0.8233424927521826,1,0.4381502900787569,audited_master_only_lgbm,confident_pathogenic
VAR_001527,0.5253799947974903,1,0.4381502900787569,audited_master_only_lgbm,confident_pathogenic
VAR_000577,0.7531586546785287,1,0.4381502900787569,audited_master_only_lgbm,confident_pathogenic
VAR_002921,0.6416394222159136,1,0.4381502900787569,audited_master_only_lgbm,confident_pathogenic
VAR_004275,0.28729383465990677,0,0.4381502900787569,audited_master_only_lgbm,confident_benign
VAR_002938,0.8929197095545234,1,0.4381502900787569,audited_master_only_lgbm,confident_pathogenic
VAR_002634,0.786039117781713,1,0.4381502900787569,audited_master_only_lgbm,confident_pathogenic
VAR_005896,0.9269461082261495,1,0.4381502900787569,audited_master_only_lgbm,confident_pathogenic
VAR_006136,0.6356322512135829,1,0.4381502900787569,audited_master_only_lgbm,confident_pathogenic
VAR_000856,0.9121525438419003,1,0.4381502900787569,audited_master_only_lgbm,confident_pathogenic
VAR_004086,0.7602944741172236,1,0.4381502900787569,audited_master_only_lgbm,confident_pathogenic
VAR_002626,0.7669954636788815,1,0.4381502900787569,audited_master_only_lgbm,confident_pathogenic
VAR_002930,0.6546123644009173,1,0.4381502900787569,audited_master_only_lgbm,confident_pathogenic
VAR_002268,0.8197199015313694,1,0.4381502900787569,audited_master_only_lgbm,confident_pathogenic
VAR_005638,0.18130695452593515,0,0.4381502900787569,audited_master_only_lgbm,confident_benign
VAR_001687,0.6283857492693506,1,0.4381502900787569,audited_master_only_lgbm,confident_pathogenic
VAR_004436,0.06964546628444088,0,0.4381502900787569,audited_master_only_lgbm,confident_benign
VAR_002028,0.9650021871374119,1,0.4381502900787569,audited_master_only_lgbm,confident_pathogenic
VAR_005554,0.9347506960194634,1,0.4381502900787569,audited_master_only_lgbm,confident_pathogenic
VAR_003841,0.58773469346969,1,0.4381502900787569,audited_master_only_lgbm,confident_pathogenic
VAR_005210,0.7553462407242116,1,0.4381502900787569,audited_master_only_lgbm,confident_pathogenic
VAR_003445,0.03462534535296386,0,0.4381502900787569,audited_master_only_lgbm,confident_benign
VAR_003674,0.9107103214506584,1,0.4381502900787569,audited_master_only_lgbm,confident_pathogenic
VAR_001385,0.28729383465990677,0,0.4381502900787569,audited_master_only_lgbm,confident_benign
VAR_004104,0.8887530927791442,1,0.4381502900787569,audited_master_only_lgbm,confident_pathogenic
VAR_005991,0.578708917213051,1,0.4381502900787569,audited_master_only_lgbm,confident_pathogenic
VAR_000341,0.8871509741939114,1,0.4381502900787569,audited_master_only_lgbm,confident_pathogenic
VAR_003408,0.946860852161364,1,0.4381502900787569,audited_master_only_lgbm,confident_pathogenic
VAR_000161,0.8626200789097115,1,0.4381502900787569,audited_master_only_lgbm,confident_pathogenic
VAR_001616,0.28729383465990677,0,0.4381502900787569,audited_master_only_lgbm,confident_benign
VAR_003639,0.00334693327060759,0,0.4381502900787569,audited_master_only_lgbm,confident_benign
VAR_004469,0.8581088220686212,1,0.4381502900787569,audited_master_only_lgbm,confident_pathogenic
VAR_006502,0.7865911936023373,1,0.4381502900787569,audited_master_only_lgbm,confident_pathogenic
VAR_000898,0.9032407231263998,1,0.4381502900787569,audited_master_only_lgbm,confident_pathogenic
VAR_001752,0.05764712956788164,0,0.4381502900787569,audited_master_only_lgbm,confident_benign
VAR_004125,0.9324361894792083,1,0.4381502900787569,audited_master_only_lgbm,confident_pathogenic
VAR_003040,0.9101580889420917,1,0.4381502900787569,audited_master_only_lgbm,confident_pathogenic
VAR_002475,0.42084919756969275,0,0.4381502900787569,audited_master_only_lgbm,uncertain
VAR_006297,0.057063510502750395,0,0.4381502900787569,audited_master_only_lgbm,confident_benign
VAR_002313,0.9061307025324068,1,0.4381502900787569,audited_master_only_lgbm,confident_pathogenic
VAR_000229,0.04796768152275665,0,0.4381502900787569,audited_master_only_lgbm,confident_benign
VAR_005919,0.7377816578089761,1,0.4381502900787569,audited_master_only_lgbm,confident_pathogenic
VAR_000768,0.7926310409101366,1,0.4381502900787569,audited_master_only_lgbm,confident_pathogenic
VAR_001406,0.7388487695010495,1,0.4381502900787569,audited_master_only_lgbm,confident_pathogenic
VAR_000483,0.5139047253715686,1,0.4381502900787569,audited_master_only_lgbm,confident_pathogenic
VAR_000206,0.9715574943032951,1,0.4381502900787569,audited_master_only_lgbm,confident_pathogenic
VAR_003725,0.0335046258156895,0,0.4381502900787569,audited_master_only_lgbm,confident_benign
VAR_004939,0.7928833906424471,1,0.4381502900787569,audited_master_only_lgbm,confident_pathogenic
VAR_003168,0.04745624471957758,0,0.4381502900787569,audited_master_only_lgbm,confident_benign
VAR_004297,0.3522930569480964,0,0.4381502900787569,audited_master_only_lgbm,confident_benign
VAR_004075,0.8380287352909956,1,0.4381502900787569,audited_master_only_lgbm,confident_pathogenic
VAR_000084,0.09135838671019435,0,0.4381502900787569,audited_master_only_lgbm,confident_benign
VAR_004561,0.5194741963465686,1,0.4381502900787569,audited_master_only_lgbm,confident_pathogenic
VAR_003547,0.0125680164167296,0,0.4381502900787569,audited_master_only_lgbm,confident_benign
VAR_002838,0.39997832752969964,0,0.4381502900787569,audited_master_only_lgbm,uncertain
VAR_002745,0.964402528274757,1,0.4381502900787569,audited_master_only_lgbm,confident_pathogenic
VAR_005420,0.8708618046608549,1,0.4381502900787569,audited_master_only_lgbm,confident_pathogenic
VAR_001095,0.7351465599949324,1,0.4381502900787569,audited_master_only_lgbm,confident_pathogenic
VAR_006388,0.980676361883217,1,0.4381502900787569,audited_master_only_lgbm,confident_pathogenic
VAR_000146,0.8568499510082578,1,0.4381502900787569,audited_master_only_lgbm,confident_pathogenic
VAR_003381,0.6183300520344175,1,0.4381502900787569,audited_master_only_lgbm,confident_pathogenic
VAR_002762,0.8824780266458098,1,0.4381502900787569,audited_master_only_lgbm,confident_pathogenic
VAR_003284,0.9219074366444782,1,0.4381502900787569,audited_master_only_lgbm,confident_pathogenic
VAR_005857,0.8946528879211713,1,0.4381502900787569,audited_master_only_lgbm,confident_pathogenic
VAR_005291,0.4553860571243795,1,0.4381502900787569,audited_master_only_lgbm,uncertain
VAR_003914,0.2102671042752802,0,0.4381502900787569,audited_master_only_lgbm,confident_benign
VAR_005777,0.04291967207997356,0,0.4381502900787569,audited_master_only_lgbm,confident_benign
VAR_002765,0.06756174593055582,0,0.4381502900787569,audited_master_only_lgbm,confident_benign
VAR_003926,0.980659093769348,1,0.4381502900787569,audited_master_only_lgbm,confident_pathogenic
VAR_004535,0.022690505550953716,0,0.4381502900787569,audited_master_only_lgbm,confident_benign
VAR_003366,0.8429373880551826,1,0.4381502900787569,audited_master_only_lgbm,confident_pathogenic
VAR_005214,0.06207154095403313,0,0.4381502900787569,audited_master_only_lgbm,confident_benign
VAR_002592,0.47638462036742013,1,0.4381502900787569,audited_master_only_lgbm,uncertain
VAR_001144,0.9600460717027565,1,0.4381502900787569,audited_master_only_lgbm,confident_pathogenic
VAR_005737,0.9617020167712736,1,0.4381502900787569,audited_master_only_lgbm,confident_pathogenic
VAR_004919,0.8591469052577732,1,0.4381502900787569,audited_master_only_lgbm,confident_pathogenic
VAR_003643,0.019630005688524996,0,0.4381502900787569,audited_master_only_lgbm,confident_benign
VAR_000098,0.9129886140108463,1,0.4381502900787569,audited_master_only_lgbm,confident_pathogenic
VAR_001808,0.9425083423929631,1,0.4381502900787569,audited_master_only_lgbm,confident_pathogenic
VAR_000608,0.7090244310056905,1,0.4381502900787569,audited_master_only_lgbm,confident_pathogenic
VAR_002058,0.9471458818530609,1,0.4381502900787569,audited_master_only_lgbm,confident_pathogenic
VAR_000405,0.834574314681184,1,0.4381502900787569,audited_master_only_lgbm,confident_pathogenic
VAR_004106,0.9670886432569742,1,0.4381502900787569,audited_master_only_lgbm,confident_pathogenic
VAR_000033,0.9492896278758504,1,0.4381502900787569,audited_master_only_lgbm,confident_pathogenic
VAR_004074,0.8353200814590035,1,0.4381502900787569,audited_master_only_lgbm,confident_pathogenic
VAR_002992,0.6923604695666987,1,0.4381502900787569,audited_master_only_lgbm,confident_pathogenic
VAR_001599,0.6625171662185848,1,0.4381502900787569,audited_master_only_lgbm,confident_pathogenic
VAR_002507,0.7837460270772587,1,0.4381502900787569,audited_master_only_lgbm,confident_pathogenic
VAR_001461,0.3989218404516396,0,0.4381502900787569,audited_master_only_lgbm,uncertain
VAR_006050,0.7895202551511731,1,0.4381502900787569,audited_master_only_lgbm,confident_pathogenic
VAR_000545,0.9867443285035254,1,0.4381502900787569,audited_master_only_lgbm,confident_pathogenic
VAR_002862,0.9465289535186887,1,0.4381502900787569,audited_master_only_lgbm,confident_pathogenic
VAR_006278,0.18863475259723606,0,0.4381502900787569,audited_master_only_lgbm,confident_benign
VAR_006224,0.0424977097445548,0,0.4381502900787569,audited_master_only_lgbm,confident_benign
VAR_005750,0.0182412289489772,0,0.4381502900787569,audited_master_only_lgbm,confident_benign
VAR_001371,0.6291139188933239,1,0.4381502900787569,audited_master_only_lgbm,confident_pathogenic
VAR_006209,0.07783834137971694,0,0.4381502900787569,audited_master_only_lgbm,confident_benign
VAR_002076,0.552686947456575,1,0.4381502900787569,audited_master_only_lgbm,confident_pathogenic
VAR_000828,0.9863583987368771,1,0.4381502900787569,audited_master_only_lgbm,confident_pathogenic
VAR_003778,0.9451336774179047,1,0.4381502900787569,audited_master_only_lgbm,confident_pathogenic
VAR_004554,0.9659336987037591,1,0.4381502900787569,audited_master_only_lgbm,confident_pathogenic
VAR_002615,0.0864178245281579,0,0.4381502900787569,audited_master_only_lgbm,confident_benign
VAR_005338,0.9573971613627644,1,0.4381502900787569,audited_master_only_lgbm,confident_pathogenic
VAR_000838,0.9642236677812306,1,0.4381502900787569,audited_master_only_lgbm,confident_pathogenic
VAR_006097,0.28729383465990677,0,0.4381502900787569,audited_master_only_lgbm,confident_benign
VAR_006593,0.07559725861960276,0,0.4381502900787569,audited_master_only_lgbm,confident_benign
VAR_002419,0.05782014262921445,0,0.4381502900787569,audited_master_only_lgbm,confident_benign
VAR_002835,0.9301375583740301,1,0.4381502900787569,audited_master_only_lgbm,confident_pathogenic
VAR_005962,0.8815558920413833,1,0.4381502900787569,audited_master_only_lgbm,confident_pathogenic
VAR_005780,0.8707647567304586,1,0.4381502900787569,audited_master_only_lgbm,confident_pathogenic
VAR_004017,0.7685290536879592,1,0.4381502900787569,audited_master_only_lgbm,confident_pathogenic
VAR_004240,0.9219911932377528,1,0.4381502900787569,audited_master_only_lgbm,confident_pathogenic
VAR_005719,0.994608172125115,1,0.4381502900787569,audited_master_only_lgbm,confident_pathogenic
VAR_001062,0.9801375251311787,1,0.4381502900787569,audited_master_only_lgbm,confident_pathogenic
VAR_000715,0.699150483395903,1,0.4381502900787569,audited_master_only_lgbm,confident_pathogenic
VAR_001912,0.03801263440941533,0,0.4381502900787569,audited_master_only_lgbm,confident_benign
VAR_004139,0.9162455798852338,1,0.4381502900787569,audited_master_only_lgbm,confident_pathogenic
VAR_004822,0.7457670953509281,1,0.4381502900787569,audited_master_only_lgbm,confident_pathogenic
VAR_006293,0.28729383465990677,0,0.4381502900787569,audited_master_only_lgbm,confident_benign
VAR_000007,0.024729572097588307,0,0.4381502900787569,audited_master_only_lgbm,confident_benign
VAR_003810,0.8363047585079597,1,0.4381502900787569,audited_master_only_lgbm,confident_pathogenic
VAR_003056,0.8899913868033544,1,0.4381502900787569,audited_master_only_lgbm,confident_pathogenic
VAR_003117,0.10427452240426931,0,0.4381502900787569,audited_master_only_lgbm,confident_benign
VAR_000207,0.9453715048266603,1,0.4381502900787569,audited_master_only_lgbm,confident_pathogenic
VAR_002155,0.2455353332851165,0,0.4381502900787569,audited_master_only_lgbm,confident_benign
VAR_000677,0.8907602633410773,1,0.4381502900787569,audited_master_only_lgbm,confident_pathogenic
VAR_002213,0.9403247118939593,1,0.4381502900787569,audited_master_only_lgbm,confident_pathogenic
VAR_004064,0.9356012082807026,1,0.4381502900787569,audited_master_only_lgbm,confident_pathogenic
VAR_000976,0.7143305961813557,1,0.4381502900787569,audited_master_only_lgbm,confident_pathogenic
VAR_004741,0.015416371026914526,0,0.4381502900787569,audited_master_only_lgbm,confident_benign
VAR_000156,0.9400766710984376,1,0.4381502900787569,audited_master_only_lgbm,confident_pathogenic
VAR_002229,0.19992224879238035,0,0.4381502900787569,audited_master_only_lgbm,confident_benign
VAR_002635,0.8693099799150459,1,0.4381502900787569,audited_master_only_lgbm,confident_pathogenic
VAR_005799,0.9716609195124137,1,0.4381502900787569,audited_master_only_lgbm,confident_pathogenic
VAR_000529,0.910726715655031,1,0.4381502900787569,audited_master_only_lgbm,confident_pathogenic
VAR_006104,0.9102945535077218,1,0.4381502900787569,audited_master_only_lgbm,confident_pathogenic
VAR_006002,0.06372439181347957,0,0.4381502900787569,audited_master_only_lgbm,confident_benign
VAR_000625,0.28729383465990677,0,0.4381502900787569,audited_master_only_lgbm,confident_benign
VAR_003913,0.12156079918564856,0,0.4381502900787569,audited_master_only_lgbm,confident_benign
VAR_001362,0.5166833368485328,1,0.4381502900787569,audited_master_only_lgbm,confident_pathogenic
VAR_005947,0.91051872846392,1,0.4381502900787569,audited_master_only_lgbm,confident_pathogenic
VAR_000871,0.05354514195225584,0,0.4381502900787569,audited_master_only_lgbm,confident_benign
VAR_006249,0.9742193978840643,1,0.4381502900787569,audited_master_only_lgbm,confident_pathogenic
VAR_002577,0.8903709287168172,1,0.4381502900787569,audited_master_only_lgbm,confident_pathogenic
VAR_005584,0.8823756216165444,1,0.4381502900787569,audited_master_only_lgbm,confident_pathogenic
VAR_001416,0.28729383465990677,0,0.4381502900787569,audited_master_only_lgbm,confident_benign
VAR_006291,0.28729383465990677,0,0.4381502900787569,audited_master_only_lgbm,confident_benign
VAR_001957,0.05212374671103504,0,0.4381502900787569,audited_master_only_lgbm,confident_benign
VAR_001212,0.980406109663724,1,0.4381502900787569,audited_master_only_lgbm,confident_pathogenic
VAR_004717,0.8076867290628639,1,0.4381502900787569,audited_master_only_lgbm,confident_pathogenic
VAR_005020,0.05983123203643212,0,0.4381502900787569,audited_master_only_lgbm,confident_benign
VAR_004594,0.7504229731086564,1,0.4381502900787569,audited_master_only_lgbm,confident_pathogenic
VAR_000068,0.8134066796534574,1,0.4381502900787569,audited_master_only_lgbm,confident_pathogenic
VAR_005751,0.05995907756041594,0,0.4381502900787569,audited_master_only_lgbm,confident_benign
VAR_001422,0.24468030347887212,0,0.4381502900787569,audited_master_only_lgbm,confident_benign
VAR_001535,0.28729383465990677,0,0.4381502900787569,audited_master_only_lgbm,confident_benign
VAR_001565,0.3547679245440216,0,0.4381502900787569,audited_master_only_lgbm,confident_benign
VAR_002505,0.9197893114467536,1,0.4381502900787569,audited_master_only_lgbm,confident_pathogenic
VAR_005650,0.2423679491335662,0,0.4381502900787569,audited_master_only_lgbm,confident_benign
VAR_005474,0.9383912339788976,1,0.4381502900787569,audited_master_only_lgbm,confident_pathogenic
VAR_003449,0.22423480493891249,0,0.4381502900787569,audited_master_only_lgbm,confident_benign
VAR_005259,0.4734305016752846,1,0.4381502900787569,audited_master_only_lgbm,uncertain
VAR_005166,0.9878376875928943,1,0.4381502900787569,audited_master_only_lgbm,confident_pathogenic
VAR_006038,0.7158532780233615,1,0.4381502900787569,audited_master_only_lgbm,confident_pathogenic
VAR_005454,0.9442206177812701,1,0.4381502900787569,audited_master_only_lgbm,confident_pathogenic
VAR_000336,0.1556096056745983,0,0.4381502900787569,audited_master_only_lgbm,confident_benign
VAR_002139,0.8131359909921331,1,0.4381502900787569,audited_master_only_lgbm,confident_pathogenic
VAR_001533,0.28729383465990677,0,0.4381502900787569,audited_master_only_lgbm,confident_benign
VAR_001834,0.5329846040513414,1,0.4381502900787569,audited_master_only_lgbm,confident_pathogenic
VAR_004211,0.9454435134377853,1,0.4381502900787569,audited_master_only_lgbm,confident_pathogenic
VAR_004229,0.43534844776250414,0,0.4381502900787569,audited_master_only_lgbm,uncertain
VAR_004957,0.07830993521951024,0,0.4381502900787569,audited_master_only_lgbm,confident_benign
VAR_003249,0.9831264494772406,1,0.4381502900787569,audited_master_only_lgbm,confident_pathogenic
VAR_001314,0.28729383465990677,0,0.4381502900787569,audited_master_only_lgbm,confident_benign
VAR_003047,0.42689874921769483,0,0.4381502900787569,audited_master_only_lgbm,uncertain
VAR_001966,0.8966210405725226,1,0.4381502900787569,audited_master_only_lgbm,confident_pathogenic
VAR_002330,0.1866720255499906,0,0.4381502900787569,audited_master_only_lgbm,confident_benign
VAR_002969,0.17264921898535984,0,0.4381502900787569,audited_master_only_lgbm,confident_benign
VAR_004526,0.908647703692581,1,0.4381502900787569,audited_master_only_lgbm,confident_pathogenic
VAR_003802,0.995691374850223,1,0.4381502900787569,audited_master_only_lgbm,confident_pathogenic
VAR_002947,0.1476785568059278,0,0.4381502900787569,audited_master_only_lgbm,confident_benign
VAR_004142,0.03947850177298945,0,0.4381502900787569,audited_master_only_lgbm,confident_benign
VAR_000594,0.9657748336531076,1,0.4381502900787569,audited_master_only_lgbm,confident_pathogenic
VAR_003915,0.8734846191073504,1,0.4381502900787569,audited_master_only_lgbm,confident_pathogenic
VAR_002881,0.8976133251803962,1,0.4381502900787569,audited_master_only_lgbm,confident_pathogenic
VAR_003654,0.9855246456511215,1,0.4381502900787569,audited_master_only_lgbm,confident_pathogenic
VAR_000442,0.040413174718482305,0,0.4381502900787569,audited_master_only_lgbm,confident_benign
VAR_002980,0.8639686806894376,1,0.4381502900787569,audited_master_only_lgbm,confident_pathogenic
VAR_002194,0.907342149009073,1,0.4381502900787569,audited_master_only_lgbm,confident_pathogenic
VAR_005942,0.973767327791477,1,0.4381502900787569,audited_master_only_lgbm,confident_pathogenic
VAR_001952,0.9603355168626619,1,0.4381502900787569,audited_master_only_lgbm,confident_pathogenic
VAR_004782,0.8095789900092887,1,0.4381502900787569,audited_master_only_lgbm,confident_pathogenic
VAR_003834,0.8847951144204761,1,0.4381502900787569,audited_master_only_lgbm,confident_pathogenic
VAR_000016,0.9756573838139645,1,0.4381502900787569,audited_master_only_lgbm,confident_pathogenic
VAR_005705,0.8361381905193154,1,0.4381502900787569,audited_master_only_lgbm,confident_pathogenic
VAR_006274,0.7798885435597632,1,0.4381502900787569,audited_master_only_lgbm,confident_pathogenic
VAR_000754,0.7894934915809667,1,0.4381502900787569,audited_master_only_lgbm,confident_pathogenic
VAR_000891,0.21183652899294841,0,0.4381502900787569,audited_master_only_lgbm,confident_benign
VAR_005500,0.9814809936562652,1,0.4381502900787569,audited_master_only_lgbm,confident_pathogenic
VAR_004885,0.8604798501290744,1,0.4381502900787569,audited_master_only_lgbm,confident_pathogenic
VAR_004299,0.4487822586287411,1,0.4381502900787569,audited_master_only_lgbm,uncertain
VAR_002366,0.47543134429593426,1,0.4381502900787569,audited_master_only_lgbm,uncertain
VAR_003082,0.871671200915813,1,0.4381502900787569,audited_master_only_lgbm,confident_pathogenic
VAR_003505,0.027559005702607896,0,0.4381502900787569,audited_master_only_lgbm,confident_benign
VAR_005873,0.020758396096054444,0,0.4381502900787569,audited_master_only_lgbm,confident_benign
VAR_001147,0.9669008113585699,1,0.4381502900787569,audited_master_only_lgbm,confident_pathogenic
VAR_002215,0.03927296823090118,0,0.4381502900787569,audited_master_only_lgbm,confident_benign
VAR_005156,0.6108136680845119,1,0.4381502900787569,audited_master_only_lgbm,confident_pathogenic
VAR_005379,0.08301382582055901,0,0.4381502900787569,audited_master_only_lgbm,confident_benign
VAR_004111,0.9161592721739531,1,0.4381502900787569,audited_master_only_lgbm,confident_pathogenic
VAR_006098,0.8080872557013791,1,0.4381502900787569,audited_master_only_lgbm,confident_pathogenic
VAR_003843,0.8831403613556237,1,0.4381502900787569,audited_master_only_lgbm,confident_pathogenic
VAR_005313,0.896174092584385,1,0.4381502900787569,audited_master_only_lgbm,confident_pathogenic
VAR_005154,0.7078637345310478,1,0.4381502900787569,audited_master_only_lgbm,confident_pathogenic
VAR_000269,0.7107637808388743,1,0.4381502900787569,audited_master_only_lgbm,confident_pathogenic
VAR_002220,0.7638826960275233,1,0.4381502900787569,audited_master_only_lgbm,confident_pathogenic
VAR_003260,0.8351186642220894,1,0.4381502900787569,audited_master_only_lgbm,confident_pathogenic
VAR_001423,0.6817733389348987,1,0.4381502900787569,audited_master_only_lgbm,confident_pathogenic
VAR_005798,0.9397908292380082,1,0.4381502900787569,audited_master_only_lgbm,confident_pathogenic
VAR_001965,0.8911155049899346,1,0.4381502900787569,audited_master_only_lgbm,confident_pathogenic
VAR_005576,0.9481870153290802,1,0.4381502900787569,audited_master_only_lgbm,confident_pathogenic
VAR_001666,0.827760358718536,1,0.4381502900787569,audited_master_only_lgbm,confident_pathogenic
VAR_000368,0.6339326184366687,1,0.4381502900787569,audited_master_only_lgbm,confident_pathogenic
VAR_000747,0.8601723908933686,1,0.4381502900787569,audited_master_only_lgbm,confident_pathogenic
VAR_002182,0.8183655666533094,1,0.4381502900787569,audited_master_only_lgbm,confident_pathogenic
VAR_006589,0.773481765198407,1,0.4381502900787569,audited_master_only_lgbm,confident_pathogenic
VAR_003783,0.9826289972777241,1,0.4381502900787569,audited_master_only_lgbm,confident_pathogenic
VAR_004977,0.8373396003969701,1,0.4381502900787569,audited_master_only_lgbm,confident_pathogenic
VAR_002095,0.12144266096525035,0,0.4381502900787569,audited_master_only_lgbm,confident_benign
VAR_002903,0.23254352048438826,0,0.4381502900787569,audited_master_only_lgbm,confident_benign
VAR_003591,0.020330269968133724,0,0.4381502900787569,audited_master_only_lgbm,confident_benign
VAR_002370,0.8449513976252491,1,0.4381502900787569,audited_master_only_lgbm,confident_pathogenic
VAR_001598,0.7162039998152122,1,0.4381502900787569,audited_master_only_lgbm,confident_pathogenic
VAR_002473,0.2150157002108239,0,0.4381502900787569,audited_master_only_lgbm,confident_benign
VAR_000351,0.7120839969780782,1,0.4381502900787569,audited_master_only_lgbm,confident_pathogenic
VAR_002016,0.02034133535525276,0,0.4381502900787569,audited_master_only_lgbm,confident_benign
VAR_005791,0.892355398528728,1,0.4381502900787569,audited_master_only_lgbm,confident_pathogenic
VAR_002337,0.08609817707768806,0,0.4381502900787569,audited_master_only_lgbm,confident_benign
VAR_001403,0.757107752364342,1,0.4381502900787569,audited_master_only_lgbm,confident_pathogenic
VAR_001375,0.7281672760779545,1,0.4381502900787569,audited_master_only_lgbm,confident_pathogenic
VAR_000285,0.9492003799609747,1,0.4381502900787569,audited_master_only_lgbm,confident_pathogenic
VAR_002971,0.9370777890990731,1,0.4381502900787569,audited_master_only_lgbm,confident_pathogenic
VAR_002608,0.7903863123666862,1,0.4381502900787569,audited_master_only_lgbm,confident_pathogenic
VAR_006130,0.03619584224772526,0,0.4381502900787569,audited_master_only_lgbm,confident_benign
VAR_006063,0.926632796275034,1,0.4381502900787569,audited_master_only_lgbm,confident_pathogenic
VAR_002936,0.7393980057313643,1,0.4381502900787569,audited_master_only_lgbm,confident_pathogenic
VAR_003237,0.28729383465990677,0,0.4381502900787569,audited_master_only_lgbm,confident_benign
VAR_006568,0.8809573117063961,1,0.4381502900787569,audited_master_only_lgbm,confident_pathogenic
VAR_001677,0.9718478284561398,1,0.4381502900787569,audited_master_only_lgbm,confident_pathogenic
VAR_001424,0.28729383465990677,0,0.4381502900787569,audited_master_only_lgbm,confident_benign
VAR_005729,0.5724640517077357,1,0.4381502900787569,audited_master_only_lgbm,confident_pathogenic
VAR_003376,0.8707350056697533,1,0.4381502900787569,audited_master_only_lgbm,confident_pathogenic
VAR_004988,0.9642385735317782,1,0.4381502900787569,audited_master_only_lgbm,confident_pathogenic
VAR_003438,0.861915601621183,1,0.4381502900787569,audited_master_only_lgbm,confident_pathogenic
VAR_000542,0.9549523237912311,1,0.4381502900787569,audited_master_only_lgbm,confident_pathogenic
VAR_005482,0.06824887443820332,0,0.4381502900787569,audited_master_only_lgbm,confident_benign
VAR_003322,0.875319158269555,1,0.4381502900787569,audited_master_only_lgbm,confident_pathogenic
VAR_005886,0.06401078729708747,0,0.4381502900787569,audited_master_only_lgbm,confident_benign
VAR_000118,0.4589108327285502,1,0.4381502900787569,audited_master_only_lgbm,uncertain
VAR_004538,0.4905850855549815,1,0.4381502900787569,audited_master_only_lgbm,confident_pathogenic
VAR_006049,0.974319708205567,1,0.4381502900787569,audited_master_only_lgbm,confident_pathogenic
VAR_002708,0.9150221124780196,1,0.4381502900787569,audited_master_only_lgbm,confident_pathogenic
VAR_002885,0.46925359343675443,1,0.4381502900787569,audited_master_only_lgbm,uncertain
VAR_000580,0.030088574231177313,0,0.4381502900787569,audited_master_only_lgbm,confident_benign
VAR_003731,0.013826912632564393,0,0.4381502900787569,audited_master_only_lgbm,confident_benign
VAR_001894,0.6841407632534574,1,0.4381502900787569,audited_master_only_lgbm,confident_pathogenic
VAR_005920,0.9696415516471156,1,0.4381502900787569,audited_master_only_lgbm,confident_pathogenic
VAR_000481,0.37511820513311667,0,0.4381502900787569,audited_master_only_lgbm,confident_benign
VAR_004915,0.5703125255935162,1,0.4381502900787569,audited_master_only_lgbm,confident_pathogenic
VAR_000172,0.8924668055548792,1,0.4381502900787569,audited_master_only_lgbm,confident_pathogenic
VAR_000309,0.6902659638057531,1,0.4381502900787569,audited_master_only_lgbm,confident_pathogenic
VAR_002565,0.8231212291116922,1,0.4381502900787569,audited_master_only_lgbm,confident_pathogenic
VAR_000019,0.0418406847406659,0,0.4381502900787569,audited_master_only_lgbm,confident_benign
VAR_000605,0.9306378905439765,1,0.4381502900787569,audited_master_only_lgbm,confident_pathogenic
VAR_001627,0.28729383465990677,0,0.4381502900787569,audited_master_only_lgbm,confident_benign
VAR_004818,0.7287166147393487,1,0.4381502900787569,audited_master_only_lgbm,confident_pathogenic
VAR_002022,0.9130007099069454,1,0.4381502900787569,audited_master_only_lgbm,confident_pathogenic
VAR_001939,0.565799489120634,1,0.4381502900787569,audited_master_only_lgbm,confident_pathogenic
VAR_005644,0.42981351090096853,0,0.4381502900787569,audited_master_only_lgbm,uncertain
VAR_002810,0.9588307709964322,1,0.4381502900787569,audited_master_only_lgbm,confident_pathogenic
VAR_005785,0.9542105791511647,1,0.4381502900787569,audited_master_only_lgbm,confident_pathogenic
VAR_002870,0.8721343790404003,1,0.4381502900787569,audited_master_only_lgbm,confident_pathogenic
VAR_002339,0.20627415766853763,0,0.4381502900787569,audited_master_only_lgbm,confident_benign
VAR_002354,0.918583894574078,1,0.4381502900787569,audited_master_only_lgbm,confident_pathogenic
VAR_006473,0.04325309572714166,0,0.4381502900787569,audited_master_only_lgbm,confident_benign
VAR_002874,0.8183762359511998,1,0.4381502900787569,audited_master_only_lgbm,confident_pathogenic
VAR_001877,0.7914165850243332,1,0.4381502900787569,audited_master_only_lgbm,confident_pathogenic
VAR_003759,0.7798698366888823,1,0.4381502900787569,audited_master_only_lgbm,confident_pathogenic
VAR_003529,0.24415626478207278,0,0.4381502900787569,audited_master_only_lgbm,confident_benign
VAR_004892,0.4944188114957557,1,0.4381502900787569,audited_master_only_lgbm,confident_pathogenic
VAR_001114,0.9826323275330651,1,0.4381502900787569,audited_master_only_lgbm,confident_pathogenic
VAR_006292,0.28729383465990677,0,0.4381502900787569,audited_master_only_lgbm,confident_benign
VAR_002879,0.18849751749113575,0,0.4381502900787569,audited_master_only_lgbm,confident_benign
VAR_002691,0.8638300927282064,1,0.4381502900787569,audited_master_only_lgbm,confident_pathogenic
VAR_003593,0.08489289231956086,0,0.4381502900787569,audited_master_only_lgbm,confident_benign
VAR_001223,0.7739167549052728,1,0.4381502900787569,audited_master_only_lgbm,confident_pathogenic
VAR_005399,0.9194236766335222,1,0.4381502900787569,audited_master_only_lgbm,confident_pathogenic
VAR_000462,0.8894268541912884,1,0.4381502900787569,audited_master_only_lgbm,confident_pathogenic
VAR_001558,0.3824800254113776,0,0.4381502900787569,audited_master_only_lgbm,confident_benign
VAR_004555,0.8380612459132096,1,0.4381502900787569,audited_master_only_lgbm,confident_pathogenic
VAR_005131,0.9814991922236863,1,0.4381502900787569,audited_master_only_lgbm,confident_pathogenic
VAR_003696,0.02788301012447792,0,0.4381502900787569,audited_master_only_lgbm,confident_benign
VAR_004277,0.7242601768091208,1,0.4381502900787569,audited_master_only_lgbm,confident_pathogenic
VAR_004745,0.8344094903842666,1,0.4381502900787569,audited_master_only_lgbm,confident_pathogenic
VAR_001991,0.4715138728432721,1,0.4381502900787569,audited_master_only_lgbm,uncertain
VAR_006032,0.7215327347915964,1,0.4381502900787569,audited_master_only_lgbm,confident_pathogenic
VAR_001643,0.20993958639652993,0,0.4381502900787569,audited_master_only_lgbm,confident_benign
VAR_000632,0.9894422883821985,1,0.4381502900787569,audited_master_only_lgbm,confident_pathogenic
VAR_004742,0.9115726519666527,1,0.4381502900787569,audited_master_only_lgbm,confident_pathogenic
VAR_000194,0.6946372466991375,1,0.4381502900787569,audited_master_only_lgbm,confident_pathogenic
VAR_003150,0.8337111144484584,1,0.4381502900787569,audited_master_only_lgbm,confident_pathogenic
VAR_006504,0.7250034994164298,1,0.4381502900787569,audited_master_only_lgbm,confident_pathogenic
VAR_006213,0.9695188947152368,1,0.4381502900787569,audited_master_only_lgbm,confident_pathogenic
VAR_001664,0.8967885323418031,1,0.4381502900787569,audited_master_only_lgbm,confident_pathogenic
VAR_000970,0.9342365798926728,1,0.4381502900787569,audited_master_only_lgbm,confident_pathogenic
VAR_000652,0.28729383465990677,0,0.4381502900787569,audited_master_only_lgbm,confident_benign
VAR_004893,0.897514223161267,1,0.4381502900787569,audited_master_only_lgbm,confident_pathogenic
VAR_001047,0.010962846655703672,0,0.4381502900787569,audited_master_only_lgbm,confident_benign
VAR_005247,0.9660585473550551,1,0.4381502900787569,audited_master_only_lgbm,confident_pathogenic
VAR_001728,0.05362003999775771,0,0.4381502900787569,audited_master_only_lgbm,confident_benign
VAR_003508,0.018144896380826427,0,0.4381502900787569,audited_master_only_lgbm,confident_benign
VAR_006556,0.23473613536443075,0,0.4381502900787569,audited_master_only_lgbm,confident_benign
VAR_004035,0.15642079765222763,0,0.4381502900787569,audited_master_only_lgbm,confident_benign
VAR_001067,0.9228055202175409,1,0.4381502900787569,audited_master_only_lgbm,confident_pathogenic
VAR_000308,0.973602521875575,1,0.4381502900787569,audited_master_only_lgbm,confident_pathogenic
VAR_006214,0.9843667351784192,1,0.4381502900787569,audited_master_only_lgbm,confident_pathogenic
VAR_002616,0.8944642485101888,1,0.4381502900787569,audited_master_only_lgbm,confident_pathogenic
VAR_003099,0.9546025030644619,1,0.4381502900787569,audited_master_only_lgbm,confident_pathogenic
VAR_002440,0.07908690429453537,0,0.4381502900787569,audited_master_only_lgbm,confident_benign
VAR_002811,0.48920499655306066,1,0.4381502900787569,audited_master_only_lgbm,confident_pathogenic
VAR_002617,0.6441890071111911,1,0.4381502900787569,audited_master_only_lgbm,confident_pathogenic
VAR_003562,0.03363008414251911,0,0.4381502900787569,audited_master_only_lgbm,confident_benign
VAR_003011,0.7657962585650694,1,0.4381502900787569,audited_master_only_lgbm,confident_pathogenic
VAR_000403,0.909703839654869,1,0.4381502900787569,audited_master_only_lgbm,confident_pathogenic
VAR_000506,0.41985156138726365,0,0.4381502900787569,audited_master_only_lgbm,uncertain
VAR_006312,0.9488961804385203,1,0.4381502900787569,audited_master_only_lgbm,confident_pathogenic
VAR_001286,0.06105235370254936,0,0.4381502900787569,audited_master_only_lgbm,confident_benign
VAR_003007,0.8860967654947722,1,0.4381502900787569,audited_master_only_lgbm,confident_pathogenic
VAR_000418,0.8145497910034659,1,0.4381502900787569,audited_master_only_lgbm,confident_pathogenic
VAR_003288,0.6482220683116581,1,0.4381502900787569,audited_master_only_lgbm,confident_pathogenic
VAR_004912,0.8623450275773913,1,0.4381502900787569,audited_master_only_lgbm,confident_pathogenic
VAR_004285,0.3220130184150666,0,0.4381502900787569,audited_master_only_lgbm,confident_benign
VAR_006141,0.9133402051587862,1,0.4381502900787569,audited_master_only_lgbm,confident_pathogenic
VAR_004403,0.8746079389263306,1,0.4381502900787569,audited_master_only_lgbm,confident_pathogenic
VAR_003936,0.870155216049103,1,0.4381502900787569,audited_master_only_lgbm,confident_pathogenic
VAR_001635,0.28729383465990677,0,0.4381502900787569,audited_master_only_lgbm,confident_benign
VAR_004775,0.04293472589881884,0,0.4381502900787569,audited_master_only_lgbm,confident_benign
VAR_003243,0.9471039398130322,1,0.4381502900787569,audited_master_only_lgbm,confident_pathogenic
VAR_002684,0.8055209276575342,1,0.4381502900787569,audited_master_only_lgbm,confident_pathogenic
VAR_001938,0.89685308584019,1,0.4381502900787569,audited_master_only_lgbm,confident_pathogenic
VAR_000498,0.06495903541505246,0,0.4381502900787569,audited_master_only_lgbm,confident_benign
VAR_004432,0.8973241293293074,1,0.4381502900787569,audited_master_only_lgbm,confident_pathogenic
VAR_005487,0.9622845978241898,1,0.4381502900787569,audited_master_only_lgbm,confident_pathogenic
VAR_001936,0.6149251662352236,1,0.4381502900787569,audited_master_only_lgbm,confident_pathogenic
VAR_004071,0.8139173088812439,1,0.4381502900787569,audited_master_only_lgbm,confident_pathogenic
VAR_002138,0.8489612211532259,1,0.4381502900787569,audited_master_only_lgbm,confident_pathogenic
VAR_002432,0.04663508465871076,0,0.4381502900787569,audited_master_only_lgbm,confident_benign
VAR_001637,0.28729383465990677,0,0.4381502900787569,audited_master_only_lgbm,confident_benign
VAR_000468,0.7529316551017384,1,0.4381502900787569,audited_master_only_lgbm,confident_pathogenic
VAR_003132,0.9583911312743596,1,0.4381502900787569,audited_master_only_lgbm,confident_pathogenic
VAR_003683,0.23586454854806616,0,0.4381502900787569,audited_master_only_lgbm,confident_benign
VAR_006564,0.875691085808264,1,0.4381502900787569,audited_master_only_lgbm,confident_pathogenic
VAR_006048,0.8449652374620638,1,0.4381502900787569,audited_master_only_lgbm,confident_pathogenic
VAR_005781,0.9621128844039127,1,0.4381502900787569,audited_master_only_lgbm,confident_pathogenic
VAR_004391,0.4054679431368128,0,0.4381502900787569,audited_master_only_lgbm,uncertain
VAR_003392,0.7794516816940638,1,0.4381502900787569,audited_master_only_lgbm,confident_pathogenic
VAR_000183,0.785686472279448,1,0.4381502900787569,audited_master_only_lgbm,confident_pathogenic
VAR_003905,0.28729383465990677,0,0.4381502900787569,audited_master_only_lgbm,confident_benign
VAR_001715,0.02140371421382072,0,0.4381502900787569,audited_master_only_lgbm,confident_benign
VAR_002492,0.13130731507583315,0,0.4381502900787569,audited_master_only_lgbm,confident_benign
VAR_002922,0.16513616531489472,0,0.4381502900787569,audited_master_only_lgbm,confident_benign
VAR_004712,0.7740408713218848,1,0.4381502900787569,audited_master_only_lgbm,confident_pathogenic
VAR_002199,0.9688006023623071,1,0.4381502900787569,audited_master_only_lgbm,confident_pathogenic
VAR_004852,0.8726872738895275,1,0.4381502900787569,audited_master_only_lgbm,confident_pathogenic
VAR_005264,0.45993277912735225,1,0.4381502900787569,audited_master_only_lgbm,uncertain
VAR_000663,0.09241477090376418,0,0.4381502900787569,audited_master_only_lgbm,confident_benign
VAR_002976,0.9763490847470438,1,0.4381502900787569,audited_master_only_lgbm,confident_pathogenic
VAR_005008,0.9336985696012435,1,0.4381502900787569,audited_master_only_lgbm,confident_pathogenic
VAR_002671,0.36258409504573896,0,0.4381502900787569,audited_master_only_lgbm,confident_benign
VAR_001100,0.9883988644590487,1,0.4381502900787569,audited_master_only_lgbm,confident_pathogenic
VAR_001325,0.28729383465990677,0,0.4381502900787569,audited_master_only_lgbm,confident_benign
VAR_004573,0.6455897668391046,1,0.4381502900787569,audited_master_only_lgbm,confident_pathogenic
VAR_001192,0.8728780012398804,1,0.4381502900787569,audited_master_only_lgbm,confident_pathogenic
VAR_002042,0.4419105851275902,1,0.4381502900787569,audited_master_only_lgbm,uncertain
VAR_002049,0.8656398739121591,1,0.4381502900787569,audited_master_only_lgbm,confident_pathogenic
VAR_002195,0.8597174761248392,1,0.4381502900787569,audited_master_only_lgbm,confident_pathogenic
VAR_005497,0.938257426144418,1,0.4381502900787569,audited_master_only_lgbm,confident_pathogenic
VAR_002429,0.9929462841028482,1,0.4381502900787569,audited_master_only_lgbm,confident_pathogenic
VAR_004813,0.8002478925224913,1,0.4381502900787569,audited_master_only_lgbm,confident_pathogenic
VAR_003598,0.28583208750406824,0,0.4381502900787569,audited_master_only_lgbm,confident_benign
VAR_005306,0.15985308404187493,0,0.4381502900787569,audited_master_only_lgbm,confident_benign
VAR_002441,0.9184765354201558,1,0.4381502900787569,audited_master_only_lgbm,confident_pathogenic
VAR_002567,0.06142211205872801,0,0.4381502900787569,audited_master_only_lgbm,confident_benign
VAR_002588,0.9308835400981834,1,0.4381502900787569,audited_master_only_lgbm,confident_pathogenic
VAR_004011,0.9688594192730303,1,0.4381502900787569,audited_master_only_lgbm,confident_pathogenic
VAR_000601,0.9462179373863163,1,0.4381502900787569,audited_master_only_lgbm,confident_pathogenic
VAR_000219,0.955783217573571,1,0.4381502900787569,audited_master_only_lgbm,confident_pathogenic
VAR_001084,0.2419001187332471,0,0.4381502900787569,audited_master_only_lgbm,confident_benign
VAR_001585,0.28729383465990677,0,0.4381502900787569,audited_master_only_lgbm,confident_benign
VAR_003354,0.9425372646521066,1,0.4381502900787569,audited_master_only_lgbm,confident_pathogenic
VAR_003417,0.9372135631627485,1,0.4381502900787569,audited_master_only_lgbm,confident_pathogenic
VAR_006585,0.6085571675368433,1,0.4381502900787569,audited_master_only_lgbm,confident_pathogenic
VAR_002145,0.5726233110552058,1,0.4381502900787569,audited_master_only_lgbm,confident_pathogenic
VAR_003786,0.8559678507178076,1,0.4381502900787569,audited_master_only_lgbm,confident_pathogenic
VAR_003111,0.021328469329562248,0,0.4381502900787569,audited_master_only_lgbm,confident_benign
VAR_001861,0.12919130090435496,0,0.4381502900787569,audited_master_only_lgbm,confident_benign
VAR_003197,0.10369258817545461,0,0.4381502900787569,audited_master_only_lgbm,confident_benign
VAR_004018,0.04769178230200735,0,0.4381502900787569,audited_master_only_lgbm,confident_benign
VAR_006281,0.28729383465990677,0,0.4381502900787569,audited_master_only_lgbm,confident_benign
VAR_002520,0.6630248470940662,1,0.4381502900787569,audited_master_only_lgbm,confident_pathogenic
VAR_002551,0.7238273571697572,1,0.4381502900787569,audited_master_only_lgbm,confident_pathogenic
VAR_002820,0.36055085120223085,0,0.4381502900787569,audited_master_only_lgbm,confident_benign
VAR_001035,0.6814495932121385,1,0.4381502900787569,audited_master_only_lgbm,confident_pathogenic
VAR_003170,0.30792914210547623,0,0.4381502900787569,audited_master_only_lgbm,confident_benign
VAR_005441,0.9794893559727047,1,0.4381502900787569,audited_master_only_lgbm,confident_pathogenic
VAR_004947,0.8442583712967459,1,0.4381502900787569,audited_master_only_lgbm,confident_pathogenic
VAR_004004,0.9567651394450822,1,0.4381502900787569,audited_master_only_lgbm,confident_pathogenic
VAR_005768,0.9799466810980964,1,0.4381502900787569,audited_master_only_lgbm,confident_pathogenic
VAR_006527,0.19305110771615475,0,0.4381502900787569,audited_master_only_lgbm,confident_benign
VAR_003058,0.05166136522767632,0,0.4381502900787569,audited_master_only_lgbm,confident_benign
VAR_003716,0.9781794626989293,1,0.4381502900787569,audited_master_only_lgbm,confident_pathogenic
VAR_002187,0.7416266393617021,1,0.4381502900787569,audited_master_only_lgbm,confident_pathogenic
VAR_002598,0.8608941724874356,1,0.4381502900787569,audited_master_only_lgbm,confident_pathogenic
VAR_003535,0.8415336061407324,1,0.4381502900787569,audited_master_only_lgbm,confident_pathogenic
VAR_006315,0.7357292235524522,1,0.4381502900787569,audited_master_only_lgbm,confident_pathogenic
VAR_003210,0.07750760269559502,0,0.4381502900787569,audited_master_only_lgbm,confident_benign
VAR_002983,0.35886386813392523,0,0.4381502900787569,audited_master_only_lgbm,confident_benign
VAR_006319,0.6489469424825113,1,0.4381502900787569,audited_master_only_lgbm,confident_pathogenic
VAR_003185,0.33084453856891144,0,0.4381502900787569,audited_master_only_lgbm,confident_benign
VAR_001287,0.24117097890166686,0,0.4381502900787569,audited_master_only_lgbm,confident_benign
VAR_005302,0.7382185577842185,1,0.4381502900787569,audited_master_only_lgbm,confident_pathogenic
VAR_006088,0.5057949885443042,1,0.4381502900787569,audited_master_only_lgbm,confident_pathogenic
VAR_000031,0.995168415827844,1,0.4381502900787569,audited_master_only_lgbm,confident_pathogenic
VAR_000173,0.9028579129350456,1,0.4381502900787569,audited_master_only_lgbm,confident_pathogenic
VAR_006146,0.9066819028678677,1,0.4381502900787569,audited_master_only_lgbm,confident_pathogenic
VAR_002808,0.9281501007879478,1,0.4381502900787569,audited_master_only_lgbm,confident_pathogenic
VAR_004972,0.732755154699318,1,0.4381502900787569,audited_master_only_lgbm,confident_pathogenic
VAR_005312,0.18410833693875173,0,0.4381502900787569,audited_master_only_lgbm,confident_benign
VAR_000474,0.3124753604947807,0,0.4381502900787569,audited_master_only_lgbm,confident_benign
VAR_001029,0.9120441937240485,1,0.4381502900787569,audited_master_only_lgbm,confident_pathogenic
VAR_005929,0.8548119580981256,1,0.4381502900787569,audited_master_only_lgbm,confident_pathogenic
VAR_002595,0.9449051999872516,1,0.4381502900787569,audited_master_only_lgbm,confident_pathogenic
VAR_000272,0.07002876782026426,0,0.4381502900787569,audited_master_only_lgbm,confident_benign
VAR_000845,0.6999539165427153,1,0.4381502900787569,audited_master_only_lgbm,confident_pathogenic
VAR_000937,0.6880300185356637,1,0.4381502900787569,audited_master_only_lgbm,confident_pathogenic
VAR_001760,0.48145001516937885,1,0.4381502900787569,audited_master_only_lgbm,uncertain
VAR_003774,0.03481537950710933,0,0.4381502900787569,audited_master_only_lgbm,confident_benign
VAR_003353,0.911713073740872,1,0.4381502900787569,audited_master_only_lgbm,confident_pathogenic
VAR_006103,0.9713341077236668,1,0.4381502900787569,audited_master_only_lgbm,confident_pathogenic
VAR_003723,0.9557569528628206,1,0.4381502900787569,audited_master_only_lgbm,confident_pathogenic
VAR_004944,0.9826881696454911,1,0.4381502900787569,audited_master_only_lgbm,confident_pathogenic
VAR_004778,0.09939302195404788,0,0.4381502900787569,audited_master_only_lgbm,confident_benign
VAR_003592,0.014140291995939367,0,0.4381502900787569,audited_master_only_lgbm,confident_benign
VAR_004382,0.9825145342045634,1,0.4381502900787569,audited_master_only_lgbm,confident_pathogenic
VAR_004043,0.827939761891181,1,0.4381502900787569,audited_master_only_lgbm,confident_pathogenic
VAR_001184,0.8815643267249861,1,0.4381502900787569,audited_master_only_lgbm,confident_pathogenic
VAR_000037,0.9411312090951933,1,0.4381502900787569,audited_master_only_lgbm,confident_pathogenic
VAR_003700,0.9338704278363411,1,0.4381502900787569,audited_master_only_lgbm,confident_pathogenic
VAR_004985,0.8022252481362877,1,0.4381502900787569,audited_master_only_lgbm,confident_pathogenic
VAR_003106,0.9285397554084938,1,0.4381502900787569,audited_master_only_lgbm,confident_pathogenic
VAR_005645,0.9555348445655462,1,0.4381502900787569,audited_master_only_lgbm,confident_pathogenic
VAR_006283,0.28729383465990677,0,0.4381502900787569,audited_master_only_lgbm,confident_benign
VAR_001108,0.0743091290801216,0,0.4381502900787569,audited_master_only_lgbm,confident_benign
VAR_004600,0.8282501749430017,1,0.4381502900787569,audited_master_only_lgbm,confident_pathogenic
VAR_002612,0.6328039636150209,1,0.4381502900787569,audited_master_only_lgbm,confident_pathogenic
VAR_001716,0.9354516455535516,1,0.4381502900787569,audited_master_only_lgbm,confident_pathogenic
VAR_003182,0.5883352411656061,1,0.4381502900787569,audited_master_only_lgbm,confident_pathogenic
VAR_004539,0.5602760492255557,1,0.4381502900787569,audited_master_only_lgbm,confident_pathogenic
VAR_003435,0.01608741850186554,0,0.4381502900787569,audited_master_only_lgbm,confident_benign
VAR_002135,0.833759382918078,1,0.4381502900787569,audited_master_only_lgbm,confident_pathogenic
VAR_003324,0.5687449354468065,1,0.4381502900787569,audited_master_only_lgbm,confident_pathogenic
VAR_004358,0.06321612727833294,0,0.4381502900787569,audited_master_only_lgbm,confident_benign
VAR_004459,0.0666806350011442,0,0.4381502900787569,audited_master_only_lgbm,confident_benign
VAR_005243,0.9656083951411083,1,0.4381502900787569,audited_master_only_lgbm,confident_pathogenic
VAR_005530,0.6158889429058262,1,0.4381502900787569,audited_master_only_lgbm,confident_pathogenic
VAR_005770,0.7398201794060106,1,0.4381502900787569,audited_master_only_lgbm,confident_pathogenic
VAR_005036,0.04402117213912375,0,0.4381502900787569,audited_master_only_lgbm,confident_benign
VAR_002791,0.9380863887827738,1,0.4381502900787569,audited_master_only_lgbm,confident_pathogenic
VAR_000171,0.7222790940194572,1,0.4381502900787569,audited_master_only_lgbm,confident_pathogenic
VAR_005960,0.33722394318567517,0,0.4381502900787569,audited_master_only_lgbm,confident_benign
VAR_005409,0.574161706412339,1,0.4381502900787569,audited_master_only_lgbm,confident_pathogenic
VAR_004344,0.12602664292680849,0,0.4381502900787569,audited_master_only_lgbm,confident_benign
VAR_001561,0.28729383465990677,0,0.4381502900787569,audited_master_only_lgbm,confident_benign
VAR_001313,0.6861090901768727,1,0.4381502900787569,audited_master_only_lgbm,confident_pathogenic
VAR_006508,0.9236902760245144,1,0.4381502900787569,audited_master_only_lgbm,confident_pathogenic
VAR_003118,0.5098113462788889,1,0.4381502900787569,audited_master_only_lgbm,confident_pathogenic
VAR_004180,0.7285587926112806,1,0.4381502900787569,audited_master_only_lgbm,confident_pathogenic
VAR_002749,0.8866176786319222,1,0.4381502900787569,audited_master_only_lgbm,confident_pathogenic
VAR_001780,0.9670905993185378,1,0.4381502900787569,audited_master_only_lgbm,confident_pathogenic
VAR_001557,0.28729383465990677,0,0.4381502900787569,audited_master_only_lgbm,confident_benign
VAR_000609,0.7399506846015249,1,0.4381502900787569,audited_master_only_lgbm,confident_pathogenic
VAR_003904,0.28729383465990677,0,0.4381502900787569,audited_master_only_lgbm,confident_benign
VAR_005118,0.6554761113714027,1,0.4381502900787569,audited_master_only_lgbm,confident_pathogenic
VAR_002817,0.019148297308433256,0,0.4381502900787569,audited_master_only_lgbm,confident_benign
VAR_002725,0.9814182094023728,1,0.4381502900787569,audited_master_only_lgbm,confident_pathogenic
VAR_000949,0.6310180164721639,1,0.4381502900787569,audited_master_only_lgbm,confident_pathogenic
VAR_006587,0.9786397176767516,1,0.4381502900787569,audited_master_only_lgbm,confident_pathogenic
VAR_004774,0.8926631972776545,1,0.4381502900787569,audited_master_only_lgbm,confident_pathogenic
VAR_005730,0.05571754595762578,0,0.4381502900787569,audited_master_only_lgbm,confident_benign
VAR_002293,0.15522114664010028,0,0.4381502900787569,audited_master_only_lgbm,confident_benign
VAR_002271,0.8582132561364401,1,0.4381502900787569,audited_master_only_lgbm,confident_pathogenic
VAR_005211,0.7889674402016857,1,0.4381502900787569,audited_master_only_lgbm,confident_pathogenic
VAR_006340,0.9605804298253684,1,0.4381502900787569,audited_master_only_lgbm,confident_pathogenic
VAR_005861,0.8246935642780352,1,0.4381502900787569,audited_master_only_lgbm,confident_pathogenic
VAR_006029,0.981226880327246,1,0.4381502900787569,audited_master_only_lgbm,confident_pathogenic
VAR_004790,0.8893781903677939,1,0.4381502900787569,audited_master_only_lgbm,confident_pathogenic
VAR_002868,0.8187633254507091,1,0.4381502900787569,audited_master_only_lgbm,confident_pathogenic
VAR_004147,0.2371126049268745,0,0.4381502900787569,audited_master_only_lgbm,confident_benign
VAR_000788,0.8456848619280154,1,0.4381502900787569,audited_master_only_lgbm,confident_pathogenic
VAR_001710,0.23019199561283116,0,0.4381502900787569,audited_master_only_lgbm,confident_benign
VAR_000139,0.6305128535989512,1,0.4381502900787569,audited_master_only_lgbm,confident_pathogenic
VAR_002591,0.780498942137161,1,0.4381502900787569,audited_master_only_lgbm,confident_pathogenic
VAR_003147,0.06002051812319296,0,0.4381502900787569,audited_master_only_lgbm,confident_benign
VAR_001948,0.9615365963441062,1,0.4381502900787569,audited_master_only_lgbm,confident_pathogenic
VAR_005181,0.9239399263629828,1,0.4381502900787569,audited_master_only_lgbm,confident_pathogenic
VAR_003190,0.7431925532079401,1,0.4381502900787569,audited_master_only_lgbm,confident_pathogenic
VAR_004355,0.3242819732927398,0,0.4381502900787569,audited_master_only_lgbm,confident_benign
VAR_000851,0.8411801850203,1,0.4381502900787569,audited_master_only_lgbm,confident_pathogenic
VAR_003135,0.9206477273388549,1,0.4381502900787569,audited_master_only_lgbm,confident_pathogenic
VAR_001139,0.10810661329829128,0,0.4381502900787569,audited_master_only_lgbm,confident_benign
VAR_003990,0.9483573725051545,1,0.4381502900787569,audited_master_only_lgbm,confident_pathogenic
VAR_004271,0.6617543997132516,1,0.4381502900787569,audited_master_only_lgbm,confident_pathogenic
VAR_001741,0.007225572730089235,0,0.4381502900787569,audited_master_only_lgbm,confident_benign
VAR_004542,0.70533362740099,1,0.4381502900787569,audited_master_only_lgbm,confident_pathogenic
VAR_002636,0.6544781684656906,1,0.4381502900787569,audited_master_only_lgbm,confident_pathogenic
VAR_006143,0.8660145429286912,1,0.4381502900787569,audited_master_only_lgbm,confident_pathogenic
VAR_003317,0.12240990152550996,0,0.4381502900787569,audited_master_only_lgbm,confident_benign
VAR_006430,0.49416438026852516,1,0.4381502900787569,audited_master_only_lgbm,confident_pathogenic
VAR_006353,0.02097535628079299,0,0.4381502900787569,audited_master_only_lgbm,confident_benign
VAR_001210,0.9251977501301349,1,0.4381502900787569,audited_master_only_lgbm,confident_pathogenic
VAR_000911,0.9004734640889719,1,0.4381502900787569,audited_master_only_lgbm,confident_pathogenic
VAR_000535,0.08277960199851127,0,0.4381502900787569,audited_master_only_lgbm,confident_benign
VAR_001066,0.9791818494850902,1,0.4381502900787569,audited_master_only_lgbm,confident_pathogenic
VAR_002519,0.8818586722099082,1,0.4381502900787569,audited_master_only_lgbm,confident_pathogenic
VAR_000860,0.9922151492928671,1,0.4381502900787569,audited_master_only_lgbm,confident_pathogenic
VAR_002231,0.9075467732751057,1,0.4381502900787569,audited_master_only_lgbm,confident_pathogenic
VAR_001330,0.7311129952608194,1,0.4381502900787569,audited_master_only_lgbm,confident_pathogenic
VAR_005133,0.9575501433652934,1,0.4381502900787569,audited_master_only_lgbm,confident_pathogenic
VAR_003092,0.016197993747964927,0,0.4381502900787569,audited_master_only_lgbm,confident_benign
VAR_004029,0.03425406568655062,0,0.4381502900787569,audited_master_only_lgbm,confident_benign
VAR_004922,0.725108935528135,1,0.4381502900787569,audited_master_only_lgbm,confident_pathogenic
VAR_001797,0.9858681331026828,1,0.4381502900787569,audited_master_only_lgbm,confident_pathogenic
VAR_002529,0.017539989758332448,0,0.4381502900787569,audited_master_only_lgbm,confident_benign
VAR_002736,0.9355445177002869,1,0.4381502900787569,audited_master_only_lgbm,confident_pathogenic
VAR_000423,0.39274189430147666,0,0.4381502900787569,audited_master_only_lgbm,uncertain
VAR_000233,0.8633352688047284,1,0.4381502900787569,audited_master_only_lgbm,confident_pathogenic
VAR_005445,0.9294534703291866,1,0.4381502900787569,audited_master_only_lgbm,confident_pathogenic
VAR_006581,0.8898492750637671,1,0.4381502900787569,audited_master_only_lgbm,confident_pathogenic
VAR_003732,0.013921350765464894,0,0.4381502900787569,audited_master_only_lgbm,confident_benign
VAR_000295,0.9752492108413844,1,0.4381502900787569,audited_master_only_lgbm,confident_pathogenic
VAR_001023,0.9599106679668693,1,0.4381502900787569,audited_master_only_lgbm,confident_pathogenic
VAR_004481,0.8549955859463196,1,0.4381502900787569,audited_master_only_lgbm,confident_pathogenic
VAR_002140,0.48761490743429775,1,0.4381502900787569,audited_master_only_lgbm,uncertain
VAR_001896,0.8151860584013882,1,0.4381502900787569,audited_master_only_lgbm,confident_pathogenic
VAR_005717,0.8600359822484851,1,0.4381502900787569,audited_master_only_lgbm,confident_pathogenic
VAR_004380,0.9361001893623823,1,0.4381502900787569,audited_master_only_lgbm,confident_pathogenic
VAR_005351,0.9929693611061238,1,0.4381502900787569,audited_master_only_lgbm,confident_pathogenic
VAR_000953,0.9579669809578437,1,0.4381502900787569,audited_master_only_lgbm,confident_pathogenic
VAR_000954,0.8556917966275615,1,0.4381502900787569,audited_master_only_lgbm,confident_pathogenic
VAR_003122,0.8691502171002218,1,0.4381502900787569,audited_master_only_lgbm,confident_pathogenic
VAR_001276,0.004630475091002041,0,0.4381502900787569,audited_master_only_lgbm,confident_benign
VAR_002152,0.6422119546238146,1,0.4381502900787569,audited_master_only_lgbm,confident_pathogenic
VAR_004830,0.8996968422991776,1,0.4381502900787569,audited_master_only_lgbm,confident_pathogenic
VAR_000947,0.9563920887545188,1,0.4381502900787569,audited_master_only_lgbm,confident_pathogenic
VAR_002160,0.960023577138924,1,0.4381502900787569,audited_master_only_lgbm,confident_pathogenic
VAR_000361,0.7369498916039238,1,0.4381502900787569,audited_master_only_lgbm,confident_pathogenic
VAR_005236,0.018857839481910554,0,0.4381502900787569,audited_master_only_lgbm,confident_benign
VAR_004457,0.8293655918513663,1,0.4381502900787569,audited_master_only_lgbm,confident_pathogenic
VAR_000191,0.8558080625818388,1,0.4381502900787569,audited_master_only_lgbm,confident_pathogenic
VAR_004140,0.9592493704147915,1,0.4381502900787569,audited_master_only_lgbm,confident_pathogenic
VAR_000149,0.9612607832172922,1,0.4381502900787569,audited_master_only_lgbm,confident_pathogenic
VAR_006071,0.03400454420129762,0,0.4381502900787569,audited_master_only_lgbm,confident_benign
VAR_005115,0.31356771449327026,0,0.4381502900787569,audited_master_only_lgbm,confident_benign
VAR_001779,0.010262687396102746,0,0.4381502900787569,audited_master_only_lgbm,confident_benign
VAR_004414,0.6761964733422638,1,0.4381502900787569,audited_master_only_lgbm,confident_pathogenic
VAR_001871,0.04811095284574374,0,0.4381502900787569,audited_master_only_lgbm,confident_benign
VAR_004638,0.11312568081573972,0,0.4381502900787569,audited_master_only_lgbm,confident_benign
VAR_001396,0.6431312031947869,1,0.4381502900787569,audited_master_only_lgbm,confident_pathogenic
VAR_001859,0.9054351946044771,1,0.4381502900787569,audited_master_only_lgbm,confident_pathogenic
VAR_005999,0.020607114704148832,0,0.4381502900787569,audited_master_only_lgbm,confident_benign
VAR_000725,0.8617811340442383,1,0.4381502900787569,audited_master_only_lgbm,confident_pathogenic
VAR_002743,0.7944451050902788,1,0.4381502900787569,audited_master_only_lgbm,confident_pathogenic
VAR_006363,0.12621301496587195,0,0.4381502900787569,audited_master_only_lgbm,confident_benign
VAR_005903,0.9185823326613635,1,0.4381502900787569,audited_master_only_lgbm,confident_pathogenic
VAR_002262,0.9519958647842081,1,0.4381502900787569,audited_master_only_lgbm,confident_pathogenic
VAR_002968,0.8921208265607178,1,0.4381502900787569,audited_master_only_lgbm,confident_pathogenic
VAR_005593,0.9336598104290499,1,0.4381502900787569,audited_master_only_lgbm,confident_pathogenic
VAR_000198,0.8929415753998063,1,0.4381502900787569,audited_master_only_lgbm,confident_pathogenic
VAR_000610,0.038990554925374725,0,0.4381502900787569,audited_master_only_lgbm,confident_benign
VAR_003901,0.28729383465990677,0,0.4381502900787569,audited_master_only_lgbm,confident_benign
VAR_000362,0.7689537742400205,1,0.4381502900787569,audited_master_only_lgbm,confident_pathogenic
VAR_003282,0.9249285020333473,1,0.4381502900787569,audited_master_only_lgbm,confident_pathogenic
VAR_002274,0.7952558873805113,1,0.4381502900787569,audited_master_only_lgbm,confident_pathogenic
VAR_003984,0.10539165793746545,0,0.4381502900787569,audited_master_only_lgbm,confident_benign
VAR_005789,0.7321091162170202,1,0.4381502900787569,audited_master_only_lgbm,confident_pathogenic
VAR_002428,0.8720872576711637,1,0.4381502900787569,audited_master_only_lgbm,confident_pathogenic
VAR_002314,0.9478591755077931,1,0.4381502900787569,audited_master_only_lgbm,confident_pathogenic
VAR_002974,0.5208336634395844,1,0.4381502900787569,audited_master_only_lgbm,confident_pathogenic
VAR_005814,0.040898033827040686,0,0.4381502900787569,audited_master_only_lgbm,confident_benign
VAR_002943,0.712114848691324,1,0.4381502900787569,audited_master_only_lgbm,confident_pathogenic
VAR_003793,0.8191890707403477,1,0.4381502900787569,audited_master_only_lgbm,confident_pathogenic
VAR_001112,0.032178762920017305,0,0.4381502900787569,audited_master_only_lgbm,confident_benign
VAR_002027,0.9848020119902225,1,0.4381502900787569,audited_master_only_lgbm,confident_pathogenic
VAR_002190,0.8876453370549079,1,0.4381502900787569,audited_master_only_lgbm,confident_pathogenic
VAR_006033,0.8499328887187957,1,0.4381502900787569,audited_master_only_lgbm,confident_pathogenic
VAR_001002,0.9976069234327214,1,0.4381502900787569,audited_master_only_lgbm,confident_pathogenic
VAR_005787,0.8863047910125452,1,0.4381502900787569,audited_master_only_lgbm,confident_pathogenic
VAR_003876,0.06878330527584764,0,0.4381502900787569,audited_master_only_lgbm,confident_benign
VAR_006054,0.9061705120719696,1,0.4381502900787569,audited_master_only_lgbm,confident_pathogenic
VAR_005176,0.8674940839820631,1,0.4381502900787569,audited_master_only_lgbm,confident_pathogenic
VAR_005268,0.7094019816013452,1,0.4381502900787569,audited_master_only_lgbm,confident_pathogenic
VAR_001683,0.12980176995789414,0,0.4381502900787569,audited_master_only_lgbm,confident_benign
VAR_006035,0.713637434240182,1,0.4381502900787569,audited_master_only_lgbm,confident_pathogenic
VAR_003129,0.8281383104527847,1,0.4381502900787569,audited_master_only_lgbm,confident_pathogenic
VAR_003266,0.922670759331029,1,0.4381502900787569,audited_master_only_lgbm,confident_pathogenic
VAR_001862,0.7299964484340633,1,0.4381502900787569,audited_master_only_lgbm,confident_pathogenic
VAR_005480,0.9702634027163713,1,0.4381502900787569,audited_master_only_lgbm,confident_pathogenic
VAR_002181,0.7476099176156984,1,0.4381502900787569,audited_master_only_lgbm,confident_pathogenic
VAR_005428,0.8839026824705263,1,0.4381502900787569,audited_master_only_lgbm,confident_pathogenic
VAR_002532,0.8909931130023995,1,0.4381502900787569,audited_master_only_lgbm,confident_pathogenic
VAR_002391,0.9841385577899435,1,0.4381502900787569,audited_master_only_lgbm,confident_pathogenic
VAR_000557,0.6186827250492495,1,0.4381502900787569,audited_master_only_lgbm,confident_pathogenic
VAR_001197,0.9535475580778996,1,0.4381502900787569,audited_master_only_lgbm,confident_pathogenic
VAR_003888,0.042728846440107285,0,0.4381502900787569,audited_master_only_lgbm,confident_benign
VAR_001513,0.28729383465990677,0,0.4381502900787569,audited_master_only_lgbm,confident_benign
VAR_005516,0.9533859071032785,1,0.4381502900787569,audited_master_only_lgbm,confident_pathogenic
VAR_001161,0.9227918080927523,1,0.4381502900787569,audited_master_only_lgbm,confident_pathogenic
VAR_005918,0.968370320673658,1,0.4381502900787569,audited_master_only_lgbm,confident_pathogenic
VAR_003889,0.04327200156805555,0,0.4381502900787569,audited_master_only_lgbm,confident_benign
VAR_000938,0.9774257372025607,1,0.4381502900787569,audited_master_only_lgbm,confident_pathogenic
VAR_001631,0.28729383465990677,0,0.4381502900787569,audited_master_only_lgbm,confident_benign
VAR_006422,0.1690796112808206,0,0.4381502900787569,audited_master_only_lgbm,confident_benign
VAR_005580,0.9168745230904013,1,0.4381502900787569,audited_master_only_lgbm,confident_pathogenic
VAR_004402,0.7918243515262515,1,0.4381502900787569,audited_master_only_lgbm,confident_pathogenic
VAR_000717,0.9358670964330924,1,0.4381502900787569,audited_master_only_lgbm,confident_pathogenic
VAR_001840,0.8937840460866833,1,0.4381502900787569,audited_master_only_lgbm,confident_pathogenic
VAR_006334,0.9705180920396951,1,0.4381502900787569,audited_master_only_lgbm,confident_pathogenic
VAR_001923,0.8859589748376365,1,0.4381502900787569,audited_master_only_lgbm,confident_pathogenic
VAR_004888,0.0781043247328722,0,0.4381502900787569,audited_master_only_lgbm,confident_benign
VAR_004156,0.09937180579612455,0,0.4381502900787569,audited_master_only_lgbm,confident_benign
VAR_005762,0.05225632672406892,0,0.4381502900787569,audited_master_only_lgbm,confident_benign
VAR_002800,0.7899806793015595,1,0.4381502900787569,audited_master_only_lgbm,confident_pathogenic
VAR_000214,0.7631853911551836,1,0.4381502900787569,audited_master_only_lgbm,confident_pathogenic
VAR_004264,0.20753079233939406,0,0.4381502900787569,audited_master_only_lgbm,confident_benign
VAR_002517,0.9171754732683434,1,0.4381502900787569,audited_master_only_lgbm,confident_pathogenic
VAR_004023,0.9231068658558944,1,0.4381502900787569,audited_master_only_lgbm,confident_pathogenic
VAR_002929,0.453042204626248,1,0.4381502900787569,audited_master_only_lgbm,uncertain
VAR_001869,0.3229753449699787,0,0.4381502900787569,audited_master_only_lgbm,confident_benign
VAR_001888,0.7291841958280011,1,0.4381502900787569,audited_master_only_lgbm,confident_pathogenic
VAR_002074,0.8668527280146708,1,0.4381502900787569,audited_master_only_lgbm,confident_pathogenic
VAR_004109,0.9094028664224801,1,0.4381502900787569,audited_master_only_lgbm,confident_pathogenic
VAR_004033,0.9393595480729148,1,0.4381502900787569,audited_master_only_lgbm,confident_pathogenic
VAR_003560,0.12903661175910935,0,0.4381502900787569,audited_master_only_lgbm,confident_benign
VAR_004664,0.06702745352635373,0,0.4381502900787569,audited_master_only_lgbm,confident_benign
VAR_004894,0.8453178669365432,1,0.4381502900787569,audited_master_only_lgbm,confident_pathogenic
VAR_002607,0.06599289331230886,0,0.4381502900787569,audited_master_only_lgbm,confident_benign
VAR_004063,0.9447538131303519,1,0.4381502900787569,audited_master_only_lgbm,confident_pathogenic
VAR_004537,0.7377735088982763,1,0.4381502900787569,audited_master_only_lgbm,confident_pathogenic
VAR_003378,0.014384073655553947,0,0.4381502900787569,audited_master_only_lgbm,confident_benign
VAR_004694,0.13262002696504657,0,0.4381502900787569,audited_master_only_lgbm,confident_benign
VAR_006528,0.16046175335032054,0,0.4381502900787569,audited_master_only_lgbm,confident_benign
VAR_004038,0.9545317543795194,1,0.4381502900787569,audited_master_only_lgbm,confident_pathogenic
VAR_003663,0.8372084982355108,1,0.4381502900787569,audited_master_only_lgbm,confident_pathogenic
VAR_000469,0.9036308565845174,1,0.4381502900787569,audited_master_only_lgbm,confident_pathogenic
VAR_002600,0.9107766189632011,1,0.4381502900787569,audited_master_only_lgbm,confident_pathogenic
VAR_000151,0.908936000740501,1,0.4381502900787569,audited_master_only_lgbm,confident_pathogenic
VAR_001105,0.9482539838938163,1,0.4381502900787569,audited_master_only_lgbm,confident_pathogenic
VAR_000508,0.8056566232303564,1,0.4381502900787569,audited_master_only_lgbm,confident_pathogenic
VAR_002376,0.10173388813340552,0,0.4381502900787569,audited_master_only_lgbm,confident_benign
VAR_005074,0.9887662088792474,1,0.4381502900787569,audited_master_only_lgbm,confident_pathogenic
VAR_000493,0.0279350496411458,0,0.4381502900787569,audited_master_only_lgbm,confident_benign
VAR_006184,0.9493213346843609,1,0.4381502900787569,audited_master_only_lgbm,confident_pathogenic
VAR_000694,0.7994392756834042,1,0.4381502900787569,audited_master_only_lgbm,confident_pathogenic
VAR_004927,0.9065773293699175,1,0.4381502900787569,audited_master_only_lgbm,confident_pathogenic
VAR_001430,0.4136707767249263,0,0.4381502900787569,audited_master_only_lgbm,uncertain
VAR_005066,0.2251757421330994,0,0.4381502900787569,audited_master_only_lgbm,confident_benign
VAR_002325,0.9065629683229703,1,0.4381502900787569,audited_master_only_lgbm,confident_pathogenic
VAR_005938,0.9386554649902271,1,0.4381502900787569,audited_master_only_lgbm,confident_pathogenic
VAR_000960,0.9489546850008064,1,0.4381502900787569,audited_master_only_lgbm,confident_pathogenic
VAR_005301,0.28729383465990677,0,0.4381502900787569,audited_master_only_lgbm,confident_benign
VAR_006507,0.8147486434144849,1,0.4381502900787569,audited_master_only_lgbm,confident_pathogenic
VAR_000758,0.18073857665773868,0,0.4381502900787569,audited_master_only_lgbm,confident_benign
VAR_004993,0.706697858279414,1,0.4381502900787569,audited_master_only_lgbm,confident_pathogenic
VAR_002176,0.8062140901505354,1,0.4381502900787569,audited_master_only_lgbm,confident_pathogenic
VAR_002821,0.9084012946563164,1,0.4381502900787569,audited_master_only_lgbm,confident_pathogenic
VAR_002788,0.7059649937732838,1,0.4381502900787569,audited_master_only_lgbm,confident_pathogenic
VAR_004557,0.7152302301198952,1,0.4381502900787569,audited_master_only_lgbm,confident_pathogenic
VAR_005913,0.4316865882887581,0,0.4381502900787569,audited_master_only_lgbm,uncertain
VAR_001876,0.7552992234158323,1,0.4381502900787569,audited_master_only_lgbm,confident_pathogenic
VAR_004309,0.5178904691425226,1,0.4381502900787569,audited_master_only_lgbm,confident_pathogenic
VAR_004478,0.8787931541786191,1,0.4381502900787569,audited_master_only_lgbm,confident_pathogenic
VAR_004117,0.09044203759459617,0,0.4381502900787569,audited_master_only_lgbm,confident_benign
VAR_002579,0.2874521544125421,0,0.4381502900787569,audited_master_only_lgbm,confident_benign
VAR_003418,0.9791706976532161,1,0.4381502900787569,audited_master_only_lgbm,confident_pathogenic
VAR_004711,0.9681167832934701,1,0.4381502900787569,audited_master_only_lgbm,confident_pathogenic
VAR_005100,0.009793057313506598,0,0.4381502900787569,audited_master_only_lgbm,confident_benign
VAR_003145,0.8346250081380671,1,0.4381502900787569,audited_master_only_lgbm,confident_pathogenic
VAR_001119,0.7023885327146534,1,0.4381502900787569,audited_master_only_lgbm,confident_pathogenic
VAR_002944,0.8439398566431359,1,0.4381502900787569,audited_master_only_lgbm,confident_pathogenic
VAR_005793,0.8493156743100608,1,0.4381502900787569,audited_master_only_lgbm,confident_pathogenic
VAR_003661,0.7367552100148234,1,0.4381502900787569,audited_master_only_lgbm,confident_pathogenic
VAR_001120,0.9065163920065772,1,0.4381502900787569,audited_master_only_lgbm,confident_pathogenic
VAR_003166,0.2361220445110668,0,0.4381502900787569,audited_master_only_lgbm,confident_benign
VAR_004823,0.8396945011554822,1,0.4381502900787569,audited_master_only_lgbm,confident_pathogenic
VAR_001697,0.8333418503529898,1,0.4381502900787569,audited_master_only_lgbm,confident_pathogenic
VAR_006333,0.6964136727618833,1,0.4381502900787569,audited_master_only_lgbm,confident_pathogenic
VAR_002162,0.9770692829628661,1,0.4381502900787569,audited_master_only_lgbm,confident_pathogenic
VAR_000946,0.9305367801694588,1,0.4381502900787569,audited_master_only_lgbm,confident_pathogenic
VAR_002734,0.7909258295029784,1,0.4381502900787569,audited_master_only_lgbm,confident_pathogenic
VAR_003005,0.27079920054718454,0,0.4381502900787569,audited_master_only_lgbm,confident_benign
VAR_002990,0.2124606502662675,0,0.4381502900787569,audited_master_only_lgbm,confident_benign
VAR_001775,0.9782484695004466,1,0.4381502900787569,audited_master_only_lgbm,confident_pathogenic
VAR_005550,0.9605487014408242,1,0.4381502900787569,audited_master_only_lgbm,confident_pathogenic
VAR_002918,0.02981275282458974,0,0.4381502900787569,audited_master_only_lgbm,confident_benign
VAR_004832,0.03631960204513326,0,0.4381502900787569,audited_master_only_lgbm,confident_benign
VAR_001090,0.9312516532527116,1,0.4381502900787569,audited_master_only_lgbm,confident_pathogenic
VAR_005175,0.15531331735750126,0,0.4381502900787569,audited_master_only_lgbm,confident_benign
VAR_001303,0.28729383465990677,0,0.4381502900787569,audited_master_only_lgbm,confident_benign
VAR_006060,0.8121607929251852,1,0.4381502900787569,audited_master_only_lgbm,confident_pathogenic
VAR_000054,0.9636719254606129,1,0.4381502900787569,audited_master_only_lgbm,confident_pathogenic
VAR_004715,0.12856352199461327,0,0.4381502900787569,audited_master_only_lgbm,confident_benign
VAR_006157,0.40527519500372294,0,0.4381502900787569,audited_master_only_lgbm,uncertain
VAR_000014,0.4263651386064197,0,0.4381502900787569,audited_master_only_lgbm,uncertain
VAR_000518,0.9785986927219013,1,0.4381502900787569,audited_master_only_lgbm,confident_pathogenic
VAR_001971,0.5155105414120742,1,0.4381502900787569,audited_master_only_lgbm,confident_pathogenic
VAR_006517,0.9751510262730426,1,0.4381502900787569,audited_master_only_lgbm,confident_pathogenic
VAR_002805,0.5901774251983041,1,0.4381502900787569,audited_master_only_lgbm,confident_pathogenic
VAR_000870,0.15329892676328488,0,0.4381502900787569,audited_master_only_lgbm,confident_benign
VAR_000810,0.06699692897814426,0,0.4381502900787569,audited_master_only_lgbm,confident_benign
VAR_003722,0.8820862241376356,1,0.4381502900787569,audited_master_only_lgbm,confident_pathogenic
VAR_005193,0.7878962839458428,1,0.4381502900787569,audited_master_only_lgbm,confident_pathogenic
VAR_000393,0.058831417313612445,0,0.4381502900787569,audited_master_only_lgbm,confident_benign
VAR_004724,0.952834682557892,1,0.4381502900787569,audited_master_only_lgbm,confident_pathogenic
VAR_002864,0.5433814169944722,1,0.4381502900787569,audited_master_only_lgbm,confident_pathogenic
VAR_004932,0.9609442685230547,1,0.4381502900787569,audited_master_only_lgbm,confident_pathogenic
VAR_005140,0.8526034765811107,1,0.4381502900787569,audited_master_only_lgbm,confident_pathogenic
VAR_004324,0.07896499018531944,0,0.4381502900787569,audited_master_only_lgbm,confident_benign
VAR_001040,0.6039411403786867,1,0.4381502900787569,audited_master_only_lgbm,confident_pathogenic
VAR_001484,0.28729383465990677,0,0.4381502900787569,audited_master_only_lgbm,confident_benign
VAR_000910,0.9147667924850209,1,0.4381502900787569,audited_master_only_lgbm,confident_pathogenic
VAR_005511,0.7025693386870341,1,0.4381502900787569,audited_master_only_lgbm,confident_pathogenic
VAR_001164,0.9606068520600479,1,0.4381502900787569,audited_master_only_lgbm,confident_pathogenic
VAR_005189,0.7588675863367607,1,0.4381502900787569,audited_master_only_lgbm,confident_pathogenic
VAR_002831,0.8984850300770635,1,0.4381502900787569,audited_master_only_lgbm,confident_pathogenic
VAR_005675,0.04142525873246523,0,0.4381502900787569,audited_master_only_lgbm,confident_benign
VAR_003811,0.8547293863700024,1,0.4381502900787569,audited_master_only_lgbm,confident_pathogenic
VAR_003015,0.004688952787468188,0,0.4381502900787569,audited_master_only_lgbm,confident_benign
VAR_005349,0.9485214027421702,1,0.4381502900787569,audited_master_only_lgbm,confident_pathogenic
VAR_005473,0.9004596793455977,1,0.4381502900787569,audited_master_only_lgbm,confident_pathogenic
VAR_004491,0.7059756323163358,1,0.4381502900787569,audited_master_only_lgbm,confident_pathogenic
VAR_002163,0.8255032801948238,1,0.4381502900787569,audited_master_only_lgbm,confident_pathogenic
VAR_001103,0.9763445893829445,1,0.4381502900787569,audited_master_only_lgbm,confident_pathogenic
VAR_006424,0.07877334431218368,0,0.4381502900787569,audited_master_only_lgbm,confident_benign
VAR_001390,0.28729383465990677,0,0.4381502900787569,audited_master_only_lgbm,confident_benign
VAR_003463,0.12177359300861902,0,0.4381502900787569,audited_master_only_lgbm,confident_benign
VAR_002317,0.5454771133272539,1,0.4381502900787569,audited_master_only_lgbm,confident_pathogenic
VAR_003242,0.5806988685120077,1,0.4381502900787569,audited_master_only_lgbm,confident_pathogenic
VAR_003964,0.9658097542617665,1,0.4381502900787569,audited_master_only_lgbm,confident_pathogenic
VAR_003670,0.23812774509844822,0,0.4381502900787569,audited_master_only_lgbm,confident_benign
VAR_004586,0.061939592320238004,0,0.4381502900787569,audited_master_only_lgbm,confident_benign
VAR_003762,0.7621360478843683,1,0.4381502900787569,audited_master_only_lgbm,confident_pathogenic
VAR_002476,0.9410423857553237,1,0.4381502900787569,audited_master_only_lgbm,confident_pathogenic
VAR_000239,0.9824847763247749,1,0.4381502900787569,audited_master_only_lgbm,confident_pathogenic
VAR_001193,0.04983686914605191,0,0.4381502900787569,audited_master_only_lgbm,confident_benign
VAR_000913,0.8452463143812639,1,0.4381502900787569,audited_master_only_lgbm,confident_pathogenic
VAR_005299,0.17808613239939508,0,0.4381502900787569,audited_master_only_lgbm,confident_benign
VAR_003945,0.03380172538387216,0,0.4381502900787569,audited_master_only_lgbm,confident_benign
VAR_000310,0.9375718208174729,1,0.4381502900787569,audited_master_only_lgbm,confident_pathogenic
VAR_004729,0.8023344175645528,1,0.4381502900787569,audited_master_only_lgbm,confident_pathogenic
VAR_002919,0.9270169193366826,1,0.4381502900787569,audited_master_only_lgbm,confident_pathogenic
VAR_005001,0.7681998168423815,1,0.4381502900787569,audited_master_only_lgbm,confident_pathogenic
VAR_004552,0.9330212779153216,1,0.4381502900787569,audited_master_only_lgbm,confident_pathogenic
VAR_000150,0.8934214967420271,1,0.4381502900787569,audited_master_only_lgbm,confident_pathogenic
VAR_002044,0.9170881279115936,1,0.4381502900787569,audited_master_only_lgbm,confident_pathogenic
VAR_004312,0.40282264300671283,0,0.4381502900787569,audited_master_only_lgbm,uncertain
VAR_005568,0.9355995631520919,1,0.4381502900787569,audited_master_only_lgbm,confident_pathogenic
VAR_006287,0.16407290377118786,0,0.4381502900787569,audited_master_only_lgbm,confident_benign
VAR_002653,0.2662658704414782,0,0.4381502900787569,audited_master_only_lgbm,confident_benign
VAR_005766,0.9840108289026727,1,0.4381502900787569,audited_master_only_lgbm,confident_pathogenic
VAR_006321,0.04077499112000179,0,0.4381502900787569,audited_master_only_lgbm,confident_benign
VAR_004287,0.3082963447088975,0,0.4381502900787569,audited_master_only_lgbm,confident_benign
VAR_000858,0.9806976642287746,1,0.4381502900787569,audited_master_only_lgbm,confident_pathogenic
VAR_002415,0.06977183603864047,0,0.4381502900787569,audited_master_only_lgbm,confident_benign
VAR_004065,0.9671629200466078,1,0.4381502900787569,audited_master_only_lgbm,confident_pathogenic
VAR_001787,0.12193614486084942,0,0.4381502900787569,audited_master_only_lgbm,confident_benign
VAR_004408,0.968527772658943,1,0.4381502900787569,audited_master_only_lgbm,confident_pathogenic
VAR_006342,0.980469601227784,1,0.4381502900787569,audited_master_only_lgbm,confident_pathogenic
VAR_004833,0.9296015691561744,1,0.4381502900787569,audited_master_only_lgbm,confident_pathogenic
VAR_000145,0.01843779646595997,0,0.4381502900787569,audited_master_only_lgbm,confident_benign
VAR_004398,0.9401915063081412,1,0.4381502900787569,audited_master_only_lgbm,confident_pathogenic
VAR_003849,0.019847178431787845,0,0.4381502900787569,audited_master_only_lgbm,confident_benign
VAR_006244,0.016710405823049897,0,0.4381502900787569,audited_master_only_lgbm,confident_benign
VAR_000579,0.8429278422973361,1,0.4381502900787569,audited_master_only_lgbm,confident_pathogenic
VAR_003405,0.9405546081904075,1,0.4381502900787569,audited_master_only_lgbm,confident_pathogenic
VAR_000793,0.7248902642420421,1,0.4381502900787569,audited_master_only_lgbm,confident_pathogenic
VAR_001822,0.4421852379491211,1,0.4381502900787569,audited_master_only_lgbm,uncertain
VAR_001376,0.28729383465990677,0,0.4381502900787569,audited_master_only_lgbm,confident_benign
VAR_003409,0.9799313551961528,1,0.4381502900787569,audited_master_only_lgbm,confident_pathogenic
VAR_003714,0.07328940169093416,0,0.4381502900787569,audited_master_only_lgbm,confident_benign
VAR_000290,0.9298505137268068,1,0.4381502900787569,audited_master_only_lgbm,confident_pathogenic
VAR_002409,0.9149552718326194,1,0.4381502900787569,audited_master_only_lgbm,confident_pathogenic
VAR_004857,0.042127460023593195,0,0.4381502900787569,audited_master_only_lgbm,confident_benign
VAR_002573,0.10779041959374455,0,0.4381502900787569,audited_master_only_lgbm,confident_benign
VAR_005627,0.1374681805569344,0,0.4381502900787569,audited_master_only_lgbm,confident_benign
VAR_005132,0.8827640311405575,1,0.4381502900787569,audited_master_only_lgbm,confident_pathogenic
VAR_002026,0.8810055491452151,1,0.4381502900787569,audited_master_only_lgbm,confident_pathogenic
VAR_002711,0.3922755488207823,0,0.4381502900787569,audited_master_only_lgbm,uncertain
VAR_002942,0.919758642301489,1,0.4381502900787569,audited_master_only_lgbm,confident_pathogenic
VAR_006040,0.9416539935223704,1,0.4381502900787569,audited_master_only_lgbm,confident_pathogenic
VAR_000044,0.884533832667076,1,0.4381502900787569,audited_master_only_lgbm,confident_pathogenic
VAR_001625,0.28729383465990677,0,0.4381502900787569,audited_master_only_lgbm,confident_benign
VAR_003374,0.9370659130500152,1,0.4381502900787569,audited_master_only_lgbm,confident_pathogenic
VAR_005507,0.12387459917908131,0,0.4381502900787569,audited_master_only_lgbm,confident_benign
VAR_001679,0.0445171388434983,0,0.4381502900787569,audited_master_only_lgbm,confident_benign
VAR_003406,0.9001192322694321,1,0.4381502900787569,audited_master_only_lgbm,confident_pathogenic
VAR_005963,0.9657854239318726,1,0.4381502900787569,audited_master_only_lgbm,confident_pathogenic
VAR_005688,0.33981604757866796,0,0.4381502900787569,audited_master_only_lgbm,confident_benign
VAR_002444,0.948308936266211,1,0.4381502900787569,audited_master_only_lgbm,confident_pathogenic
VAR_003271,0.7639674428914388,1,0.4381502900787569,audited_master_only_lgbm,confident_pathogenic
VAR_005057,0.8515837977510116,1,0.4381502900787569,audited_master_only_lgbm,confident_pathogenic
VAR_000287,0.048319208624194095,0,0.4381502900787569,audited_master_only_lgbm,confident_benign
VAR_001024,0.9529938014025122,1,0.4381502900787569,audited_master_only_lgbm,confident_pathogenic
VAR_004846,0.9025568402745731,1,0.4381502900787569,audited_master_only_lgbm,confident_pathogenic
VAR_006313,0.0919497082786719,0,0.4381502900787569,audited_master_only_lgbm,confident_benign
VAR_005470,0.7889536448220894,1,0.4381502900787569,audited_master_only_lgbm,confident_pathogenic
VAR_003941,0.6889334116344156,1,0.4381502900787569,audited_master_only_lgbm,confident_pathogenic
VAR_006043,0.9316325577667046,1,0.4381502900787569,audited_master_only_lgbm,confident_pathogenic
VAR_004814,0.9507867723032207,1,0.4381502900787569,audited_master_only_lgbm,confident_pathogenic
VAR_000366,0.5593457191089173,1,0.4381502900787569,audited_master_only_lgbm,confident_pathogenic
VAR_002558,0.9419332302985842,1,0.4381502900787569,audited_master_only_lgbm,confident_pathogenic
VAR_004578,0.4438171674028175,1,0.4381502900787569,audited_master_only_lgbm,uncertain
VAR_005703,0.896064492790873,1,0.4381502900787569,audited_master_only_lgbm,confident_pathogenic
VAR_001458,0.28729383465990677,0,0.4381502900787569,audited_master_only_lgbm,confident_benign
VAR_002644,0.7046473663822349,1,0.4381502900787569,audited_master_only_lgbm,confident_pathogenic
VAR_003391,0.8454352937227979,1,0.4381502900787569,audited_master_only_lgbm,confident_pathogenic
VAR_005172,0.18297349212178385,0,0.4381502900787569,audited_master_only_lgbm,confident_benign
VAR_002766,0.7543745876296383,1,0.4381502900787569,audited_master_only_lgbm,confident_pathogenic
VAR_004732,0.892976246766651,1,0.4381502900787569,audited_master_only_lgbm,confident_pathogenic
VAR_003277,0.07860738985607756,0,0.4381502900787569,audited_master_only_lgbm,confident_benign
VAR_005527,0.8387028165732131,1,0.4381502900787569,audited_master_only_lgbm,confident_pathogenic
VAR_003169,0.5945463039213849,1,0.4381502900787569,audited_master_only_lgbm,confident_pathogenic
VAR_006518,0.9325444269802442,1,0.4381502900787569,audited_master_only_lgbm,confident_pathogenic
VAR_002912,0.028365183684726344,0,0.4381502900787569,audited_master_only_lgbm,confident_benign
VAR_003779,0.717568273444502,1,0.4381502900787569,audited_master_only_lgbm,confident_pathogenic
VAR_002086,0.7851538766997505,1,0.4381502900787569,audited_master_only_lgbm,confident_pathogenic
VAR_006128,0.1007529896643022,0,0.4381502900787569,audited_master_only_lgbm,confident_benign
VAR_004827,0.8749200924961058,1,0.4381502900787569,audited_master_only_lgbm,confident_pathogenic
VAR_003296,0.9229273542647194,1,0.4381502900787569,audited_master_only_lgbm,confident_pathogenic
VAR_002740,0.7219253806196293,1,0.4381502900787569,audited_master_only_lgbm,confident_pathogenic
VAR_005486,0.04325122120523662,0,0.4381502900787569,audited_master_only_lgbm,confident_benign
VAR_004364,0.2226738311698676,0,0.4381502900787569,audited_master_only_lgbm,confident_benign
VAR_002892,0.30077142649546207,0,0.4381502900787569,audited_master_only_lgbm,confident_benign
VAR_003395,0.9550028014349625,1,0.4381502900787569,audited_master_only_lgbm,confident_pathogenic
VAR_004427,0.8037835605432653,1,0.4381502900787569,audited_master_only_lgbm,confident_pathogenic
VAR_003573,0.020209958658898304,0,0.4381502900787569,audited_master_only_lgbm,confident_benign
VAR_006541,0.2952258859221799,0,0.4381502900787569,audited_master_only_lgbm,confident_benign
VAR_005706,0.981822569080194,1,0.4381502900787569,audited_master_only_lgbm,confident_pathogenic
VAR_004440,0.08649009885794157,0,0.4381502900787569,audited_master_only_lgbm,confident_benign
VAR_000764,0.9817626380185943,1,0.4381502900787569,audited_master_only_lgbm,confident_pathogenic
VAR_004910,0.7574016761121676,1,0.4381502900787569,audited_master_only_lgbm,confident_pathogenic
VAR_004415,0.7629162991050317,1,0.4381502900787569,audited_master_only_lgbm,confident_pathogenic
VAR_002075,0.9571676085458138,1,0.4381502900787569,audited_master_only_lgbm,confident_pathogenic
VAR_006516,0.47885115298877623,1,0.4381502900787569,audited_master_only_lgbm,uncertain
VAR_001821,0.7855399256473428,1,0.4381502900787569,audited_master_only_lgbm,confident_pathogenic
VAR_004346,0.9932400222249358,1,0.4381502900787569,audited_master_only_lgbm,confident_pathogenic
VAR_002365,0.5102767375565805,1,0.4381502900787569,audited_master_only_lgbm,confident_pathogenic
VAR_003742,0.8837358006793408,1,0.4381502900787569,audited_master_only_lgbm,confident_pathogenic
VAR_002326,0.8477591664693255,1,0.4381502900787569,audited_master_only_lgbm,confident_pathogenic
VAR_000050,0.025311817100423614,0,0.4381502900787569,audited_master_only_lgbm,confident_benign
VAR_005618,0.031095561817441917,0,0.4381502900787569,audited_master_only_lgbm,confident_benign
VAR_001525,0.28729383465990677,0,0.4381502900787569,audited_master_only_lgbm,confident_benign
VAR_005244,0.9926992102942885,1,0.4381502900787569,audited_master_only_lgbm,confident_pathogenic
VAR_002506,0.8975801647650722,1,0.4381502900787569,audited_master_only_lgbm,confident_pathogenic
VAR_006160,0.3070297513345491,0,0.4381502900787569,audited_master_only_lgbm,confident_benign
VAR_004009,0.9145267367206066,1,0.4381502900787569,audited_master_only_lgbm,confident_pathogenic
VAR_000565,0.8819202781394556,1,0.4381502900787569,audited_master_only_lgbm,confident_pathogenic
VAR_002443,0.7265802982302764,1,0.4381502900787569,audited_master_only_lgbm,confident_pathogenic
VAR_001864,0.6227156133119515,1,0.4381502900787569,audited_master_only_lgbm,confident_pathogenic
VAR_005514,0.9078532700132357,1,0.4381502900787569,audited_master_only_lgbm,confident_pathogenic
VAR_004505,0.0486142483680821,0,0.4381502900787569,audited_master_only_lgbm,confident_benign
VAR_003847,0.18293366677194317,0,0.4381502900787569,audited_master_only_lgbm,confident_benign
VAR_005499,0.9636819414631631,1,0.4381502900787569,audited_master_only_lgbm,confident_pathogenic
VAR_002858,0.8783853283195434,1,0.4381502900787569,audited_master_only_lgbm,confident_pathogenic
VAR_000447,0.7933004290798277,1,0.4381502900787569,audited_master_only_lgbm,confident_pathogenic
VAR_003134,0.015343956521356427,0,0.4381502900787569,audited_master_only_lgbm,confident_benign
VAR_005577,0.809673959133262,1,0.4381502900787569,audited_master_only_lgbm,confident_pathogenic
VAR_000553,0.030850812079773318,0,0.4381502900787569,audited_master_only_lgbm,confident_benign
VAR_000180,0.061705765684947046,0,0.4381502900787569,audited_master_only_lgbm,confident_benign
VAR_000051,0.07553628750514627,0,0.4381502900787569,audited_master_only_lgbm,confident_benign
VAR_000416,0.28729383465990677,0,0.4381502900787569,audited_master_only_lgbm,confident_benign
VAR_006107,0.912378257153822,1,0.4381502900787569,audited_master_only_lgbm,confident_pathogenic
VAR_004066,0.9923320138861905,1,0.4381502900787569,audited_master_only_lgbm,confident_pathogenic
VAR_003231,0.28729383465990677,0,0.4381502900787569,audited_master_only_lgbm,confident_benign
VAR_000455,0.9581592519561362,1,0.4381502900787569,audited_master_only_lgbm,confident_pathogenic
VAR_004506,0.793424554674239,1,0.4381502900787569,audited_master_only_lgbm,confident_pathogenic
VAR_005226,0.9536239125263587,1,0.4381502900787569,audited_master_only_lgbm,confident_pathogenic
VAR_003049,0.28729383465990677,0,0.4381502900787569,audited_master_only_lgbm,confident_benign
VAR_001248,0.427587780880168,0,0.4381502900787569,audited_master_only_lgbm,uncertain
VAR_004430,0.9162768371590823,1,0.4381502900787569,audited_master_only_lgbm,confident_pathogenic
VAR_005463,0.6330102533564136,1,0.4381502900787569,audited_master_only_lgbm,confident_pathogenic
VAR_000642,0.9693380662224199,1,0.4381502900787569,audited_master_only_lgbm,confident_pathogenic
VAR_004464,0.86542840297691,1,0.4381502900787569,audited_master_only_lgbm,confident_pathogenic
VAR_002967,0.8638005713551133,1,0.4381502900787569,audited_master_only_lgbm,confident_pathogenic
VAR_004030,0.036303210526531175,0,0.4381502900787569,audited_master_only_lgbm,confident_benign
VAR_006494,0.8037762033516735,1,0.4381502900787569,audited_master_only_lgbm,confident_pathogenic
VAR_000979,0.9762558071407527,1,0.4381502900787569,audited_master_only_lgbm,confident_pathogenic
VAR_000503,0.9774969628832135,1,0.4381502900787569,audited_master_only_lgbm,confident_pathogenic
VAR_004580,0.8580035710330026,1,0.4381502900787569,audited_master_only_lgbm,confident_pathogenic
VAR_001172,0.9566313658532453,1,0.4381502900787569,audited_master_only_lgbm,confident_pathogenic
VAR_000965,0.9891725563589799,1,0.4381502900787569,audited_master_only_lgbm,confident_pathogenic
VAR_002639,0.9408668226844247,1,0.4381502900787569,audited_master_only_lgbm,confident_pathogenic
VAR_004411,0.8474244191833672,1,0.4381502900787569,audited_master_only_lgbm,confident_pathogenic
VAR_001895,0.15879767690725988,0,0.4381502900787569,audited_master_only_lgbm,confident_benign
VAR_005803,0.9732081217986582,1,0.4381502900787569,audited_master_only_lgbm,confident_pathogenic
VAR_001961,0.01909693414115008,0,0.4381502900787569,audited_master_only_lgbm,confident_benign
VAR_001089,0.9358024281234358,1,0.4381502900787569,audited_master_only_lgbm,confident_pathogenic
VAR_000796,0.021367672832511737,0,0.4381502900787569,audited_master_only_lgbm,confident_benign
VAR_006534,0.9925379404751992,1,0.4381502900787569,audited_master_only_lgbm,confident_pathogenic
VAR_005068,0.7613964925503621,1,0.4381502900787569,audited_master_only_lgbm,confident_pathogenic
VAR_004597,0.016736840979822126,0,0.4381502900787569,audited_master_only_lgbm,confident_benign
VAR_004845,0.9430317381259349,1,0.4381502900787569,audited_master_only_lgbm,confident_pathogenic
VAR_000441,0.18646381704567902,0,0.4381502900787569,audited_master_only_lgbm,confident_benign
VAR_005613,0.7266618180640398,1,0.4381502900787569,audited_master_only_lgbm,confident_pathogenic
VAR_005439,0.9651926401170009,1,0.4381502900787569,audited_master_only_lgbm,confident_pathogenic
VAR_000596,0.8918379438151246,1,0.4381502900787569,audited_master_only_lgbm,confident_pathogenic
VAR_003895,0.0881044415166074,0,0.4381502900787569,audited_master_only_lgbm,confident_benign
VAR_005201,0.9841762434875172,1,0.4381502900787569,audited_master_only_lgbm,confident_pathogenic
VAR_000622,0.97164794951523,1,0.4381502900787569,audited_master_only_lgbm,confident_pathogenic
VAR_000687,0.8708310866284414,1,0.4381502900787569,audited_master_only_lgbm,confident_pathogenic
VAR_005709,0.985464765333121,1,0.4381502900787569,audited_master_only_lgbm,confident_pathogenic
VAR_006119,0.1400321451002855,0,0.4381502900787569,audited_master_only_lgbm,confident_benign
VAR_003794,0.856246426360038,1,0.4381502900787569,audited_master_only_lgbm,confident_pathogenic
VAR_003635,0.22896941492466175,0,0.4381502900787569,audited_master_only_lgbm,confident_benign
VAR_003660,0.4510606043821702,1,0.4381502900787569,audited_master_only_lgbm,uncertain
VAR_005815,0.9371338382959614,1,0.4381502900787569,audited_master_only_lgbm,confident_pathogenic
VAR_005726,0.052636167398341045,0,0.4381502900787569,audited_master_only_lgbm,confident_benign
VAR_003290,0.949634663572021,1,0.4381502900787569,audited_master_only_lgbm,confident_pathogenic
VAR_000329,0.7461899655052624,1,0.4381502900787569,audited_master_only_lgbm,confident_pathogenic
VAR_005842,0.772928073409397,1,0.4381502900787569,audited_master_only_lgbm,confident_pathogenic
VAR_004492,0.03349878940372823,0,0.4381502900787569,audited_master_only_lgbm,confident_benign
VAR_004315,0.3260568191406126,0,0.4381502900787569,audited_master_only_lgbm,confident_benign
VAR_001761,0.5550443939738358,1,0.4381502900787569,audited_master_only_lgbm,confident_pathogenic
VAR_004802,0.7667239390943781,1,0.4381502900787569,audited_master_only_lgbm,confident_pathogenic
VAR_003212,0.10750828220589123,0,0.4381502900787569,audited_master_only_lgbm,confident_benign
VAR_000280,0.2543903040557816,0,0.4381502900787569,audited_master_only_lgbm,confident_benign
VAR_005841,0.9111600468135158,1,0.4381502900787569,audited_master_only_lgbm,confident_pathogenic
VAR_003666,0.8814196681844446,1,0.4381502900787569,audited_master_only_lgbm,confident_pathogenic
VAR_003828,0.06283747269830786,0,0.4381502900787569,audited_master_only_lgbm,confident_benign
VAR_000209,0.4885179827659521,1,0.4381502900787569,audited_master_only_lgbm,confident_pathogenic
VAR_000961,0.9886573273064452,1,0.4381502900787569,audited_master_only_lgbm,confident_pathogenic
VAR_004920,0.9761678610651734,1,0.4381502900787569,audited_master_only_lgbm,confident_pathogenic
VAR_001036,0.6531221545456839,1,0.4381502900787569,audited_master_only_lgbm,confident_pathogenic
VAR_005003,0.8730268189466325,1,0.4381502900787569,audited_master_only_lgbm,confident_pathogenic
VAR_006332,0.5556275673599483,1,0.4381502900787569,audited_master_only_lgbm,confident_pathogenic
VAR_002710,0.9120892740941688,1,0.4381502900787569,audited_master_only_lgbm,confident_pathogenic
VAR_001455,0.15517101956565643,0,0.4381502900787569,audited_master_only_lgbm,confident_benign
VAR_003537,0.9521174016621454,1,0.4381502900787569,audited_master_only_lgbm,confident_pathogenic
VAR_006308,0.5992877129564155,1,0.4381502900787569,audited_master_only_lgbm,confident_pathogenic
VAR_005431,0.9475505431967551,1,0.4381502900787569,audited_master_only_lgbm,confident_pathogenic
VAR_005389,0.5628672943669419,1,0.4381502900787569,audited_master_only_lgbm,confident_pathogenic
VAR_001992,0.35473097220289873,0,0.4381502900787569,audited_master_only_lgbm,confident_benign
VAR_000785,0.06938192517141548,0,0.4381502900787569,audited_master_only_lgbm,confident_benign
VAR_001704,0.9484636411250588,1,0.4381502900787569,audited_master_only_lgbm,confident_pathogenic
VAR_005636,0.5040178047030606,1,0.4381502900787569,audited_master_only_lgbm,confident_pathogenic
VAR_002542,0.9494726137683243,1,0.4381502900787569,audited_master_only_lgbm,confident_pathogenic
VAR_004239,0.9888139102832608,1,0.4381502900787569,audited_master_only_lgbm,confident_pathogenic
VAR_005395,0.16939835384901172,0,0.4381502900787569,audited_master_only_lgbm,confident_benign
VAR_004282,0.42450463351719264,0,0.4381502900787569,audited_master_only_lgbm,uncertain
VAR_005335,0.9799345967211014,1,0.4381502900787569,audited_master_only_lgbm,confident_pathogenic
VAR_001874,0.8777125623987364,1,0.4381502900787569,audited_master_only_lgbm,confident_pathogenic
VAR_003850,0.8883780996978525,1,0.4381502900787569,audited_master_only_lgbm,confident_pathogenic
VAR_003760,0.9853300930034758,1,0.4381502900787569,audited_master_only_lgbm,confident_pathogenic
VAR_003001,0.7382836845351114,1,0.4381502900787569,audited_master_only_lgbm,confident_pathogenic
VAR_006575,0.748826577361994,1,0.4381502900787569,audited_master_only_lgbm,confident_pathogenic
VAR_002909,0.45948374373468887,1,0.4381502900787569,audited_master_only_lgbm,uncertain
VAR_004966,0.8839605465962702,1,0.4381502900787569,audited_master_only_lgbm,confident_pathogenic
VAR_002988,0.5474292020039112,1,0.4381502900787569,audited_master_only_lgbm,confident_pathogenic
VAR_000074,0.1595626277762564,0,0.4381502900787569,audited_master_only_lgbm,confident_benign
VAR_002989,0.30774158006605085,0,0.4381502900787569,audited_master_only_lgbm,confident_benign
VAR_005788,0.9304203964557292,1,0.4381502900787569,audited_master_only_lgbm,confident_pathogenic
VAR_005564,0.9084522763904308,1,0.4381502900787569,audited_master_only_lgbm,confident_pathogenic
VAR_002678,0.023261443170874425,0,0.4381502900787569,audited_master_only_lgbm,confident_benign
VAR_002873,0.9684113976844335,1,0.4381502900787569,audited_master_only_lgbm,confident_pathogenic
VAR_004041,0.8819244643437606,1,0.4381502900787569,audited_master_only_lgbm,confident_pathogenic
VAR_003512,0.29749782181225654,0,0.4381502900787569,audited_master_only_lgbm,confident_benign
VAR_004390,0.9442893602157623,1,0.4381502900787569,audited_master_only_lgbm,confident_pathogenic
VAR_001766,0.21507961290777272,0,0.4381502900787569,audited_master_only_lgbm,confident_benign
VAR_003985,0.9311583636128534,1,0.4381502900787569,audited_master_only_lgbm,confident_pathogenic
VAR_004564,0.9337894862557481,1,0.4381502900787569,audited_master_only_lgbm,confident_pathogenic
VAR_004453,0.35701732168665673,0,0.4381502900787569,audited_master_only_lgbm,confident_benign
VAR_004093,0.19304933498771312,0,0.4381502900787569,audited_master_only_lgbm,confident_benign
VAR_000973,0.8544625067595476,1,0.4381502900787569,audited_master_only_lgbm,confident_pathogenic
VAR_000359,0.7218191324967629,1,0.4381502900787569,audited_master_only_lgbm,confident_pathogenic
VAR_001887,0.7879602053253556,1,0.4381502900787569,audited_master_only_lgbm,confident_pathogenic
VAR_004799,0.0671988284895771,0,0.4381502900787569,audited_master_only_lgbm,confident_benign
VAR_005281,0.6544758927041722,1,0.4381502900787569,audited_master_only_lgbm,confident_pathogenic
VAR_005294,0.28729383465990677,0,0.4381502900787569,audited_master_only_lgbm,confident_benign
VAR_000835,0.9456896049815096,1,0.4381502900787569,audited_master_only_lgbm,confident_pathogenic
VAR_001522,0.28729383465990677,0,0.4381502900787569,audited_master_only_lgbm,confident_benign
VAR_005871,0.3473011000579406,0,0.4381502900787569,audited_master_only_lgbm,confident_benign
VAR_001473,0.4803211324193769,1,0.4381502900787569,audited_master_only_lgbm,uncertain
VAR_006499,0.9808534320100255,1,0.4381502900787569,audited_master_only_lgbm,confident_pathogenic
VAR_006173,0.1636204409543664,0,0.4381502900787569,audited_master_only_lgbm,confident_benign
VAR_004545,0.8762590869686823,1,0.4381502900787569,audited_master_only_lgbm,confident_pathogenic
VAR_005397,0.9939730010288325,1,0.4381502900787569,audited_master_only_lgbm,confident_pathogenic
VAR_006501,0.7608323779526295,1,0.4381502900787569,audited_master_only_lgbm,confident_pathogenic
VAR_005845,0.05323755306469884,0,0.4381502900787569,audited_master_only_lgbm,confident_benign
VAR_001589,0.8526012806323928,1,0.4381502900787569,audited_master_only_lgbm,confident_pathogenic
VAR_001802,0.9717564134021903,1,0.4381502900787569,audited_master_only_lgbm,confident_pathogenic
VAR_000948,0.7441719439218781,1,0.4381502900787569,audited_master_only_lgbm,confident_pathogenic
VAR_005231,0.05172544375969165,0,0.4381502900787569,audited_master_only_lgbm,confident_benign
VAR_000215,0.4690451973650483,1,0.4381502900787569,audited_master_only_lgbm,uncertain
VAR_003972,0.038054169873290584,0,0.4381502900787569,audited_master_only_lgbm,confident_benign
VAR_002752,0.8810567938458815,1,0.4381502900787569,audited_master_only_lgbm,confident_pathogenic
VAR_003955,0.5128280851792499,1,0.4381502900787569,audited_master_only_lgbm,confident_pathogenic
VAR_001546,0.6144477270061015,1,0.4381502900787569,audited_master_only_lgbm,confident_pathogenic
VAR_004883,0.011125400777877398,0,0.4381502900787569,audited_master_only_lgbm,confident_benign
VAR_003987,0.9314880031898418,1,0.4381502900787569,audited_master_only_lgbm,confident_pathogenic
VAR_005693,0.9922798391526321,1,0.4381502900787569,audited_master_only_lgbm,confident_pathogenic
VAR_000360,0.15702297720221617,0,0.4381502900787569,audited_master_only_lgbm,confident_benign
VAR_002029,0.18418018583566004,0,0.4381502900787569,audited_master_only_lgbm,confident_benign
VAR_002078,0.9442916960753868,1,0.4381502900787569,audited_master_only_lgbm,confident_pathogenic
VAR_003758,0.976151414835139,1,0.4381502900787569,audited_master_only_lgbm,confident_pathogenic
VAR_004148,0.1583597723388216,0,0.4381502900787569,audited_master_only_lgbm,confident_benign
VAR_002849,0.5163665244262445,1,0.4381502900787569,audited_master_only_lgbm,confident_pathogenic
VAR_003294,0.8778023020109721,1,0.4381502900787569,audited_master_only_lgbm,confident_pathogenic
VAR_000397,0.302994508119296,0,0.4381502900787569,audited_master_only_lgbm,confident_benign
VAR_002780,0.6596375279491323,1,0.4381502900787569,audited_master_only_lgbm,confident_pathogenic
VAR_001136,0.8893838912863378,1,0.4381502900787569,audited_master_only_lgbm,confident_pathogenic
VAR_005336,0.9844766437355168,1,0.4381502900787569,audited_master_only_lgbm,confident_pathogenic
VAR_001903,0.07482982730472693,0,0.4381502900787569,audited_master_only_lgbm,confident_benign
VAR_005071,0.9031245221427312,1,0.4381502900787569,audited_master_only_lgbm,confident_pathogenic
VAR_000396,0.6445167646012298,1,0.4381502900787569,audited_master_only_lgbm,confident_pathogenic
VAR_000727,0.9550267533967527,1,0.4381502900787569,audited_master_only_lgbm,confident_pathogenic
VAR_000634,0.9802408730738288,1,0.4381502900787569,audited_master_only_lgbm,confident_pathogenic
VAR_002384,0.8401962002323397,1,0.4381502900787569,audited_master_only_lgbm,confident_pathogenic
VAR_005424,0.2700666182115368,0,0.4381502900787569,audited_master_only_lgbm,confident_benign
VAR_002007,0.9738626204936096,1,0.4381502900787569,audited_master_only_lgbm,confident_pathogenic
VAR_005116,0.827200882638445,1,0.4381502900787569,audited_master_only_lgbm,confident_pathogenic
VAR_004820,0.8474584676149898,1,0.4381502900787569,audited_master_only_lgbm,confident_pathogenic
VAR_004058,0.8192962353236188,1,0.4381502900787569,audited_master_only_lgbm,confident_pathogenic
VAR_004374,0.6908543339527372,1,0.4381502900787569,audited_master_only_lgbm,confident_pathogenic
