AL_1,AL_2,AL_3,AL_4,AL_5,AL_6,AL_7,AL_8,AL_9,AL_10,AL_11,AL_12,AL_13,AL_14,AL_15,AL_16,AL_17,AL_18,AL_19,AL_20,AL_21,AL_22,AL_23,AL_24,AL_25,AL_26,AL_27,AL_28,AL_29,AL_30,AL_31,AL_32,AL_33,AL_34,AL_35,AL_36,AL_37,AL_38,AL_39,AL_40,AL_41,AL_42,AL_43,AL_44,AL_45,AL_46,AL_47,AL_48,AL_49,AL_50,AL_51,AL_52,AL_53,AL_54,AL_55,AL_56,AL_57,AL_58,AL_59,AL_60,AL_61,AL_62,AL_63,AL_64,AL_65,AL_66,AL_67,AL_68,AL_69,AL_70,AL_71,AL_72,AL_73,AL_74,AL_75,AL_76,AL_77,AL_78,AL_79,AL_80,AL_81,AL_82,AL_83,AL_84,AL_85,AL_86,AL_87,AL_88,AL_89,AL_90,AL_91,AL_92,AL_93,AL_94,AL_95,AL_96,AL_97,AL_98,EK_1,EK_2,EK_3,AL_99,AL_100,AL_101,AL_102,AL_103,AL_104,AL_105,AL_106,AL_107,AL_108,AL_109,AL_110,AL_111,AL_112,AL_113,AL_114,AL_115,AL_116,AL_117,AL_118,AL_119,AL_120,AL_121,AL_122,AL_123,AL_124,AL_125,AL_126,AL_127,AL_128,AL_129,AL_130,AL_131,AL_132,AL_133,AL_134,AL_135,AL_136,AL_137,AL_138,AL_139,AL_140,AL_141,AL_142,AL_143,AL_144,AL_145,AL_146,AL_147,AL_148,AL_149,AL_150,AL_151,AL_152,AL_153,AL_154,AL_155,AL_156,AL_157,AL_158,AL_159,AL_160,AL_161,AL_162,AL_163,AL_164,AL_165,AL_166,AL_167,AL_168,AL_169,AL_170,AL_171,AL_172,AL_173,AL_174,AL_175,AL_176,AL_177,AL_178,AL_179,AL_180,AL_181,AL_182,AL_183,AL_184,AL_185,AL_186,AL_187,AL_188,AL_189,AL_190,AL_191,AL_192,AL_193,AL_194,AL_195,AL_196,AL_197,AL_198,AL_199,AL_200,AL_201,AL_202,AL_203,AL_204,AL_205,AL_206,AL_207,AL_208,AL_209,AL_210,AL_211,AL_212,AL_213,AL_214,AL_215,AL_216,AL_217,AL_218,AL_219,AL_220,AL_221,AL_222,AL_223,AL_224,AL_225,AL_226,AL_227,AL_228,AL_229,AL_230,AL_231,AL_232,AL_233,AL_234,AL_235,AL_236,AL_237,AL_238,AL_239,AL_240,AL_241,AL_242,AL_243,AL_244,AL_245,AL_246,AL_247,AL_248,AL_249,AL_250,AL_251,AL_252,AL_253,AL_254,AL_255,AL_256,AL_257,AL_258,AL_259,AL_260,AL_261,AL_262,AL_263,AL_264,AL_265,AL_266,AL_267,AL_268,AL_269,AL_270,AL_271,AL_272,AL_273,AL_274,AL_275,AL_276,AL_277,AL_278,AL_279,AL_280,AL_281,AL_282,AL_283,AL_284,AL_285,AL_286,AL_287,AL_288,AL_289,AL_290,AL_291,AL_292,AL_293,AL_294,AL_295,AL_296,AL_297,AL_298,AL_299,AL_300,AL_301,AL_302,AL_303,AL_304,AL_305,AL_306,AL_307,AL_308,AL_309,AL_310,AL_311,AL_312,AL_313,AL_314,AL_315,AL_316,AL_317,AL_318,AL_319,AL_320,AL_321,AL_322,AL_323,AL_324,AL_325,AL_326,AL_327,AL_328,AL_329,AL_330,AL_331,AL_332,AL_333,AL_334,EK_4,EK_5,EK_6,EK_7,EK_8,EK_9,al_missing_count,al_mean,al_max,al_min,al_std,ek_missing_count,ek_mean,ek_max,ek_min,ek_std,row_missing_count,row_missing_rate
0.0046206153832621995,0.0229319494175801,0.00249919528398355,0.0009000000000739001,0.01328297730217525,0.00090001692366525,0.0037644845544718,0.0004073504555859,0.065537861667408,5.344100692462636e-10,6.80490000359055e-05,1.0386974041190403e-06,0.0073153512992687,3.304889357907106e-05,1.046913129937474e-05,1.7472796985904398e-05,1.4297587811350064e-06,0.000332891532621,3.384855964247645e-06,3.865861606698048e-06,0.0138493940987663,0.0006416703959194,2.646903623916737e-05,1.33665967561728e-06,4.865135945439406e-08,9.507151066876812e-05,0.0,0.00432719450097685,1.0,0.00102942819663545,0.6241283467800682,0.00293174722496145,1.0,5.994997453585036e-05,0.0,0.0044740343684259495,0.6132639808286222,0.0006796020422633,1.0,0.0062466597446976,1.0,1.0,8.985161392120257e-06,1.0,0.0,0.0068196831540505,1.0,0.0,2.7286007562398623e-09,1.0,1.0,0.0176753470942841,1.0,0.0,0.0011634228390194,1.0,0.0,4.084283791676576e-08,1.0,0.0,4.464731922057338e-05,1.0,0.0,1.521816524681099e-14,1.0,0.0,6.293952455051032e-10,1.0,1.0,0.0002591730470281,1.0,1.0,8.840209585744416e-20,1.0,0.0,2.5029000011061136e-05,1.0,1.0,6.812055103091447e-05,1.0,0.0,0.0366272605551687,1.0,0.0,8.388895199326354e-05,1.0,1.0,5.173813921449312e-05,1.0,1.0,0.0135786522618552,0.0,0.0,0.0101055969968329,0.0,1.0,1.3528272484975587e-06,1.0,5.903240499865347,5.970494225252748,3.821045422006969,0.0,7.750234013708012e-06,1.0,1.0,0.052518241586563,1.0,1.0,0.0009331528136404,1.0,0.0,1.2222173574034292e-06,1.0,0.0,1.3655199964315137e-05,1.0,0.0,0.0001964214147829,1.0,1.0,0.001818528584729,1.0,1.0,0.0045600466795749,1.0,0.0,2.165732196830905e-05,1.0,0.0,4.867998971631453e-05,1.0,1.0,0.0614742118107161,1.0,0.0,0.0417047922126069,1.0,1.0,4.526823616040095e-07,1.0,1.0,0.0003937543655411,1.0,0.0,0.0005968333948248,1.0,1.0,0.08588190074988,1.0,1.0,8.267277547711634e-08,1.0,0.0,5.3270919608789736e-05,1.0,1.0,0.0029869357883868,1.0,1.0,2.0610013329625172e-05,1.0,0.0,5.039208406786574e-06,1.0,0.0,1.7676005794365528e-05,1.0,1.0,2.624668119273387e-05,1.0,0.0,0.0213739123916087,1.0,0.0,4.2436247957301976e-10,1.0,0.0,0.0002550942154579,1.0,1.0,0.0129898050034502,1.0,0.0,0.0299299727483973,1.0,0.0,2.25165866464924e-05,264690.0,0.0057372544243359,0.0,0.0624255555409464,1.0,0.0336332467172711,1.0,0.0,1.0,2.1521592622350868e-27,1.0,1.0,1.0,1.0,3.006145819490005e-12,1.0,0.0,0.0,0.0002300355505401,1.0,0.0,1.0,4.511090530048153e-05,1.0,1.0,1.0,0.0017930635276778,1.0,0.0,0.0,0.0001440832638922,1.0,1.0,1.0,0.0003164528877516,1.0,1.0,0.0,0.0,2.280654162574354e-05,1.0,0.0010940309519638,1.0,0.0,0.0,8.64103075866483e-05,1.0,1.0,1.0,0.0,0.0053868551546398,1.0,0.0,1.0,4.466194753323038e-16,1.0,1.0,1.0,0.0050942414414248,1.0,0.0,1.0,0.0004500200685336,1.0,1.0,1.0,0.0064953827389944,1.0,1.0,0.0,0.0003530065460237,1.0,0.0,1.0,1.0,1.7684379195084023e-05,0.0,0.0297070442156648,1.0,0.0,1.0,0.0333975748868094,1.0,1.0,1.0,1.0,5.119054517926515e-06,1.0,1.0,0.0,2.8234493849096998e-06,1.0,0.0,1.0,0.0157075595670157,1.0,1.0,0.0,0.0004431183510145,1.0,0.0,1.0,0.0076872576075788,1.0,1.0,1.0,0.0018315254963461,1.0,1.0,0.0,0.0,1.673055042508883e-05,0.0,1.0724755788090745e-07,1.0,1.0,1.0,1.2596979448774712e-06,1.0,1.0,0.0,0.0004384764509558,1.0,0.0,1.0,0.0,0.0001573876830071,1.0,0.0,0.0,0.0072380112772099,1.0,1.0,0.0,0.0557067030255366,1.0,1.0,0.0,0.077466559065869,1.0,1.0,1.0,6.04061024122488e-05,1.0,0.0,1.0,0.0022455921340756,1.0,1.0,0.0,0.9322583797485232,0.9585474972689474,0.9800393216841888,4.793009224609906,0.5094986072143064,7.820376427325518,18.0,838.088158738139,264690.0,0.0,14889.949784932032,1.0,3.483433022871185,7.820376427325518,0.5094986072143064,2.9413265831347912,20.0,0.05698005698005698
0.0046206153832621995,0.0229319494175801,0.00249919528398355,0.0009000000000739001,0.01328297730217525,0.00090001692366525,0.0053438817624783,0.002588532158898,0.0077642406053188,0.0002316655715416,2.4522879028069664e-07,0.0009832550619816,0.0002574000331184,0.0002536378430551,0.0036886617478199,0.0002017008668355,0.0001315566223866,0.0021486896557385,0.0001001585092105,5.864647859091404e-07,6.874904064057745e-14,0.0004504322358022,0.0003045620119754,0.000334670258414,7.062225460520676e-13,0.0736541357361037,0.0,0.00432719450097685,1.0,0.00102942819663545,0.6241283467800682,0.00293174722496145,1.0,5.994997453585036e-05,0.0,0.0044740343684259495,0.6132639808286222,0.0006796020422633,0.0,2.7948571487600174e-05,1.0,1.0,0.0001924869380198,1.0,0.0,0.0029507308930674,1.0,0.0,4.932724683207892e-07,1.0,1.0,1.4896839941003337e-06,1.0,1.0,0.0010853103235833,1.0,0.0,7.018494411943643e-10,1.0,1.0,0.0006530968617249,1.0,0.0,0.0032553666870162,1.0,0.0,2.7129595258876327e-06,1.0,1.0,0.0018631131707047,1.0,0.0,0.0063079061468556,1.0,0.0,6.412987596065696e-05,1.0,0.0,0.003942315804085,1.0,0.0,5.632014390189166e-05,1.0,1.0,1.0032911586976162e-06,0.0,1.0,0.0002034888625744,1.0,0.0,0.06478263166654784,1.0,1.0,0.0069605898864587,1.0,1.0,0.0406678190121094,1.0,4.741327466868468,4.60215703239446,3.821045422006969,0.0,2.807543006786387e-05,1.0,1.0,0.0347012509780674,1.0,1.0,0.0075878569587649,1.0,1.0,0.0025847275813602,1.0,1.0,0.0061560455563651,1.0,1.0,0.0001479600007314,1.0,0.0,1.075500000021282e-05,1.0,0.0,0.0002380051271003,1.0,1.0,0.0010490365250656,1.0,0.0,5.3188075097817145e-05,1.0,0.0,0.0102674985796006,1.0,1.0,0.0008294064998019,1.0,0.0,0.0001207684575406,1.0,0.0,0.0002358876429042,1.0,1.0,7.392692939270049e-07,1.0,0.0,0.0003381300001454,1.0,1.0,0.0009793966830093,1.0,0.0,0.0090314322288838,1.0,1.0,1.4607755100941077e-05,1.0,1.0,0.0040014565618779,1.0,1.0,0.0002351785562884,1.0,0.0,0.0008848714653406,1.0,0.0,3.741449169419486e-06,1.0,0.0,2.9322544747481e-06,1.0,1.0,0.0072737619016742,1.0,1.0,0.0799980691064988,1.0,1.0,0.0009044999714113,1.0,0.0,2.6033534585157865e-05,1.0,0.0,0.0002177305696012,264690.0,0.0005066225476106,0.0,0.0001398979962192,0.0,0.0017892216953102,1.0,1.0,1.0,4.79516339225387e-05,1.0,1.0,1.0,0.0,0.0391439436161949,1.0,1.0,1.0,0.0001088163574126,1.0,0.0,0.0,2.0185119568308225e-07,1.0,0.0,0.0,0.0005182934764851,1.0,0.0,1.0,0.0003367678355303,1.0,1.0,1.0,2.1302834707420735e-07,1.0,1.0,1.0,0.0,0.0001595304061571,1.0,8.539189914084817e-06,1.0,0.0,1.0,0.0003202022849672,1.0,0.0,1.0,1.0,0.005774512434447,1.0,0.0,0.0,1.1875903395963026e-05,1.0,0.0,0.0,0.0005858679481495,1.0,0.0,1.0,0.0005861898201866,1.0,0.0,0.0,0.0002978714205676,1.0,1.0,1.0,0.0220991925719651,1.0,0.0,0.0,1.0,0.0001400903167553,0.0,5.209142383533588e-12,1.0,0.0,0.0,0.0002664539075467,1.0,1.0,1.0,0.0,3.8759630882787596e-08,1.0,1.0,1.0,0.002091842988217,1.0,0.0,1.0,0.0002288104242913,1.0,1.0,0.0,0.0002713329317314,1.0,0.0,1.0,0.0100163744241086,1.0,1.0,0.0,0.0134268229061693,1.0,1.0,1.0,0.0,0.0197957779583651,1.0,7.229133112224184e-05,1.0,1.0,0.0,0.0001239400644612,1.0,0.93254675006265,0.0,0.0036097129780867,1.0,0.0,1.0,0.0,3.14876599842974e-29,1.0,1.0,1.0,6.88990944480804e-05,1.0,0.0,0.0,0.0005066398510524,1.0,1.0,1.0,0.012248253899428,1.0,1.0,1.0,0.0737434683729408,1.0,0.0,1.0,0.0091042195828234,1.0,1.0,0.0,0.9928439758425452,1.0,0.9945598299224674,4.582854120433102,0.6355458838609067,7.379351022001298,18.0,838.0871857298091,264690.0,0.0,14889.949839856896,1.0,3.116079916415406,7.379351022001298,0.6355458838609067,2.5302903141236763,20.0,0.05698005698005698
0.0046206153832621995,0.0229319494175801,0.00249919528398355,0.0009000000000739001,0.01328297730217525,0.00090001692366525,0.0081354667881696,0.0126369726387742,6.525125435638273e-17,1.5299211143312552e-06,0.0147528133907697,0.0004392611940973,0.0005389937071828,0.0993903607017061,0.0955405923374626,0.0010449507369871,0.0005064409604892,0.0008358654805588999,0.00052051110905175,7.070207127557905e-05,9.091415319703556e-05,0.00020577500363135,0.0002983642629857,0.0002617540288247,0.0001651503821096,8.098988634401971e-07,0.0,0.00432719450097685,1.0,0.00102942819663545,0.6241283467800682,0.00293174722496145,1.0,5.994997453585036e-05,0.0,0.0044740343684259495,0.6132639808286222,0.0006796020422633,0.0,0.0012897750835987,1.0,0.0,0.0003065334790999,1.0,0.6126775856375599,0.0006118439679484,1.0,0.0,0.0001140642768167,1.0,0.0,4.5231767314469614e-05,1.0,0.0,0.000300342941749,1.0,1.0,0.0001730103806228,1.0,0.838949246584827,0.0001192267539485,1.0,1.0,0.0004563540475816,1.0,0.8297127294672082,0.0001009267887653,1.0,1.0,0.0002591730470281,1.0,1.0,0.0003414804871966,1.0,0.0,0.00053096647900015,1.0,1.0,0.00037577784272454996,1.0,0.0,0.000377107236627,1.0,1.0,0.0004090530981813,1.0,1.0,9.332191302040747e-05,1.0,0.01924737487351285,0.0001851516122612,1.0,0.0,0.00036563886477915,1.0,0.0,0.00031034097430555,1.0,5.35435141844272,5.181640615338484,3.821045422006969,1.0,0.00094622228737275,1.0,0.0,0.00030161454166555,1.0,0.8684375368822927,0.00046449533842345,1.0,1.0,9.732505181296526e-05,1.0,0.0,0.0008223474541493,1.0,0.0,0.00042056105139965,1.0,1.0,6.357671017481105e-05,1.0,0.0,8.95186300711204e-05,1.0,0.0,6.86473451718226e-05,1.0,1.0,0.00012451700193175,1.0,0.7370038800720702,0.00041356743116115,1.0,1.0,0.00010771609799514197,1.0,1.0,0.00043539315559245,1.0,1.0,0.00010716288376599581,1.0,0.3544612469420235,0.00013930251401575,1.0,1.0,0.00020470352168515,1.0,1.0,0.00010241458773015292,1.0,1.0,0.00012846642023805002,1.0,1.0,0.0001173863472579,1.0,1.0,0.0003941170459816,1.0,1.0,0.00059357941590055,1.0,0.0,0.0005032711660119501,1.0,0.5,9.801045077654701e-05,1.0,0.0,8.520010267173671e-05,1.0,0.0,0.00018718664858345002,1.0,1.0,0.00015282011881505,1.0,0.5,0.00011340784905625,1.0,0.5,0.000914125365021,1.0,1.0,0.0002244141612071,264690.0,0.00045046316566120005,1.0,0.0001402200700634,0.0,0.0001288436060751,1.0,0.0,1.0,0.0002685248700077,1.0,1.0,1.0,0.0,0.0001476638702497,1.0,0.0,0.0,0.0001011006002661,1.0,0.2446546621430612,1.0,0.0001636726109917,1.0,1.0,1.0,0.0003639966311122,1.0,1.0,1.0,0.00216656541831115,1.0,0.0,0.0,6.023112407805567e-05,1.0,1.0,1.0,1.0,0.0001495623858082,0.0,0.0005471915173509,1.0,0.0,0.0,0.0002409110326885,1.0,1.0,1.0,1.0,0.0004966842211455,1.0,0.0,0.0,0.0004354336168333,1.0,0.0,1.0,0.0003353753618639,1.0,0.0,0.0,0.0001813389352387,1.0,0.0,0.5,0.0008732233762285999,1.0,0.0,1.0,0.0002798930458159,1.0,1.0,0.0,1.0,0.0003246990188076,0.0,0.0001111546724558,1.0,0.0,1.0,8.588548816066386e-05,1.0,0.0,1.0,1.0,0.0001448811360149,1.0,0.0,0.0,0.0001357907762031,1.0,0.0,0.0,0.0003097107657766,1.0,0.0,1.0,0.000101745555167,1.0,1.0,1.0,0.0011244437390187999,1.0,1.0,1.0,0.0013851914448922,1.0,1.0,1.0,0.0,0.0001414197958603,1.0,0.0001351548410148,1.0,0.0,0.3434818868518289,2.677257949943856e-05,1.0,0.0,1.0,0.0001031275165441,1.0,0.0,1.0,0.0,6.54203620841598e-05,1.0,0.0065833504607211,0.0,9.717193159536516e-05,1.0,0.943826511804068,1.0,0.0003676609132862,1.0,0.0,1.0,0.0003798138096054,1.0,0.0,1.0,0.0010352132095212,1.0,0.0,1.0,8.55149140169148e-05,1.0,1.0,0.0,0.9907116879180674,0.9648709330357024,0.9931657007350316,7.091821317140311,0.6298482557224918,7.778360777917396,324.0,0.02314368005781401,0.0993903607017061,6.525125435638273e-17,0.03957293854574938,9.0,0.0,0.0,0.0,0.0,340.0,0.9686609686609686
0.0046206153832621995,0.0229319494175801,0.00249919528398355,0.0009000000000739001,0.01328297730217525,0.00090001692366525,0.00026591101633890004,0.0002631454984931,0.00033392818126865,7.331502967708598e-05,8.548576025260417e-05,0.00029105821481259996,0.00024735873938155,0.0003512855291243,5.676888778292314e-05,0.0010449507369871,0.0005064409604892,0.0008358654805588999,0.00052051110905175,7.070207127557905e-05,9.091415319703556e-05,0.00020577500363135,0.0002983642629857,0.0002617540288247,0.0001651503821096,0.0015179245030616,0.0,0.00432719450097685,1.0,0.00102942819663545,0.6241283467800682,0.00293174722496145,1.0,5.994997453585036e-05,0.0,0.0044740343684259495,0.6132639808286222,0.0006796020422633,0.0,0.0004010659542725,1.0,0.0,0.006544008248758,1.0,1.0,0.0254346603820881,1.0,0.0,2.648308949613454e-12,1.0,0.0,0.0155426041007173,1.0,0.0,0.0038948581769239,1.0,0.0,0.0737192026515693,1.0,1.0,2.683882266703728e-06,1.0,0.0,0.0004945055215079,1.0,1.0,0.0103520892475506,1.0,1.0,0.002434340770923,1.0,1.0,0.0003169065186156,1.0,0.0,0.00053096647900015,1.0,1.0,0.00037577784272454996,1.0,0.0,0.000377107236627,1.0,1.0,0.0004090530981813,1.0,1.0,9.332191302040747e-05,1.0,0.01924737487351285,0.0001851516122612,1.0,0.0,0.00036563886477915,1.0,0.0,0.00031034097430555,1.0,5.4433534158031165,4.952622638369464,4.132289059882036,1.0,0.00094622228737275,1.0,0.0,0.00030161454166555,1.0,0.8684375368822927,0.00046449533842345,1.0,1.0,9.732505181296526e-05,1.0,0.0,0.0008223474541493,1.0,0.0,0.00042056105139965,1.0,1.0,6.357671017481105e-05,1.0,0.0,8.95186300711204e-05,1.0,0.0,6.86473451718226e-05,1.0,1.0,0.00012451700193175,1.0,0.7370038800720702,0.00041356743116115,1.0,1.0,0.00010771609799514197,1.0,1.0,0.00043539315559245,1.0,1.0,0.00010716288376599581,1.0,0.3544612469420235,0.00013930251401575,1.0,1.0,0.00020470352168515,1.0,1.0,0.00010241458773015292,1.0,1.0,0.00012846642023805002,1.0,1.0,0.0001173863472579,1.0,1.0,0.0003941170459816,1.0,1.0,0.00059357941590055,1.0,0.0,0.0005032711660119501,1.0,0.5,9.801045077654701e-05,1.0,0.0,8.520010267173671e-05,1.0,0.0,0.00018718664858345002,1.0,1.0,0.00015282011881505,1.0,0.5,0.00011340784905625,1.0,0.5,0.000914125365021,1.0,1.0,0.0002244141612071,264690.0,0.002589897749457,1.0,0.0001402200700634,0.0,0.0001288436060751,1.0,0.0,1.0,0.0002685248700077,1.0,1.0,1.0,0.0,0.0001476638702497,1.0,0.0,0.0,0.0001011006002661,1.0,0.2446546621430612,1.0,0.0001636726109917,1.0,1.0,1.0,0.0003639966311122,1.0,1.0,1.0,0.00216656541831115,1.0,0.0,0.0,6.023112407805567e-05,1.0,1.0,1.0,1.0,0.0001495623858082,0.0,0.0005471915173509,1.0,0.0,0.0,0.0002409110326885,1.0,1.0,1.0,1.0,0.0004966842211455,1.0,0.0,0.0,0.0004354336168333,1.0,0.0,1.0,0.0003353753618639,1.0,0.0,0.0,0.0001813389352387,1.0,0.0,0.5,0.0008732233762285999,1.0,0.0,1.0,0.0002798930458159,1.0,1.0,0.0,1.0,0.0003246990188076,0.0,0.0001111546724558,1.0,0.0,1.0,8.588548816066386e-05,1.0,0.0,1.0,1.0,0.0001448811360149,1.0,0.0,0.0,0.0001357907762031,1.0,0.0,0.0,0.0003097107657766,1.0,0.0,1.0,0.000101745555167,1.0,1.0,1.0,0.0011244437390187999,1.0,1.0,1.0,0.0013851914448922,1.0,1.0,1.0,0.0,0.0001414197958603,1.0,0.0001351548410148,1.0,0.0,0.3434818868518289,2.677257949943856e-05,1.0,0.0,1.0,0.0001031275165441,1.0,0.0,1.0,0.0,6.54203620841598e-05,1.0,0.0065833504607211,0.0,9.717193159536516e-05,1.0,0.943826511804068,1.0,0.0003676609132862,1.0,0.0,1.0,0.0003798138096054,1.0,0.0,1.0,0.0010352132095212,1.0,0.0,1.0,8.55149140169148e-05,1.0,1.0,0.0,0.9989956142306432,1.0,1.0,10.003,0.6230767909192805,11.934,297.0,0.4632899141407377,1.0,0.0,0.5017998761766028,0.0,4.454148613244949,11.934,0.6230767909192805,4.161520205805703,300.0,0.8547008547008547
0.0046206153832621995,0.0229319494175801,0.00249919528398355,0.0009000000000739001,0.01328297730217525,0.00090001692366525,3.0789030202305643e-06,0.0078314941008163,0.0020725327201893,1.1389885486948713e-08,0.0002279763734688,0.0234800603138181,0.0295924276985007,0.0309883372224581,0.0024564978663404,0.0010449507369871,0.0005064409604892,0.0008358654805588999,0.00052051110905175,7.070207127557905e-05,9.091415319703556e-05,0.00020577500363135,0.0002983642629857,0.0002617540288247,0.0001651503821096,9.072000001135096e-05,0.0,0.00432719450097685,1.0,0.00102942819663545,0.6241283467800682,0.00293174722496145,1.0,5.994997453585036e-05,0.0,0.0044740343684259495,0.6132639808286222,0.0006796020422633,1.0,8.000849084409606e-05,0.0,0.0,2.7724869928649103e-05,1.0,0.0,0.0001044171438903,1.0,0.0,3.503645760040514e-05,1.0,0.0,1.250310658638536e-06,1.0,1.0,0.0283203082290544,1.0,1.0,1.0364385099532428e-05,1.0,1.0,0.0004299183596115,1.0,1.0,0.015862773283068,1.0,0.0,3.5813812880596973e-07,1.0,1.0,3.845354760507553e-09,1.0,0.0,3.0076845678214014e-07,0.0,0.0,0.00053096647900015,1.0,1.0,0.00037577784272454996,1.0,0.0,0.000377107236627,1.0,1.0,0.0004090530981813,1.0,1.0,9.332191302040747e-05,1.0,0.01924737487351285,0.0001851516122612,1.0,0.0,0.00036563886477915,1.0,0.0,0.00031034097430555,1.0,5.337478564933608,5.289602569343402,4.015216035455584,0.0,0.0028516322279901,1.0,1.0,4.598181027869918e-05,1.0,1.0,0.0639090145861679,1.0,0.0,4.47493149914075e-25,1.0,0.0,0.0019911351113888,1.0,1.0,9.72507302815108e-07,1.0,0.0,0.0008792662735319,1.0,0.0,0.0007269525380882,1.0,0.0,9.756649840160564e-13,1.0,0.0,4.980061536057184e-05,1.0,0.0,7.26298904964266e-08,1.0,1.0,0.0002315499921801,1.0,1.0,0.0025765818977637,1.0,1.0,2.253585926182911e-06,1.0,1.0,6.234752250093092e-06,1.0,0.0,0.0002052103024322,1.0,0.0,1.0738450767120742e-08,1.0,1.0,3.904953199072108e-12,1.0,1.0,0.0036127806964634,1.0,1.0,1.806864100064822e-05,1.0,0.0,1.217822947005335e-07,1.0,0.0,0.0378080990337101,1.0,1.0,1.0321987033060004e-05,1.0,0.0,0.0002118600003087,1.0,0.0,0.016009878235962,1.0,1.0,4.324891393294085e-05,1.0,1.0,1.2490590047838464e-06,1.0,1.0,0.020282294409082,1.0,0.0,1.0202729047017377e-05,264690.0,0.000211860073564,1.0,1.8095248859528124e-05,0.0,0.0046409557583375,1.0,0.0,0.0,3.632328441475623e-07,1.0,0.0,1.0,1.0,0.0643041988113148,1.0,0.0,0.0,9.958797267548636e-05,1.0,0.0,1.0,0.0086146177119691,1.0,1.0,0.0,1.3263251412011784e-05,1.0,0.0,0.0,0.018148667485425,1.0,1.0,0.0,0.0097339304121675,1.0,1.0,1.0,0.0,1.1259021591321936e-05,0.0,1.9585664968576333e-05,1.0,1.0,0.0,7.334952897220667e-11,1.0,1.0,1.0,0.0,1.0573118168173652e-07,1.0,1.0,1.0,0.0001077064482923,1.0,1.0,0.0,0.0005847110679442,1.0,0.0,0.0,9.403737405627645e-08,1.0,0.0,0.0,0.0001022078802741,1.0,0.0,1.0,0.0542610570858386,1.0,1.0,0.0,0.0,0.0008470228519379,1.0,2.153907539572549e-07,1.0,1.0,1.0,4.314650027649921e-12,1.0,0.0,1.0,0.0,0.0191893308123939,1.0,0.0,0.0,0.0001357907762031,1.0,0.0,1.0,0.0002197081477953,1.0,0.0,1.0,2.68780340113443e-05,1.0,1.0,1.0,0.0018228682087473,1.0,0.0,1.0,0.0081237290860381,1.0,1.0,0.0,1.0,8.19542365391003e-06,1.0,4.6040367292045895e-11,1.0,1.0,0.0,0.0758999924028596,1.0,0.2449971037775523,1.0,0.0618100590991127,1.0,1.0,1.0,0.0,0.001266540159348,1.0,0.0,0.0,0.0001328811101726,1.0,1.0,0.0,3.339026781218673e-14,1.0,0.0,1.0,5.884883728744074e-06,1.0,1.0,0.0,0.0001356218096148,1.0,0.0,0.0,0.0042198949850334,1.0,1.0,1.0,1.0,0.9557400660889552,0.9690795403678518,9.487355059358736,0.696864977466708,11.521757999939483,52.0,939.0740170722693,264690.0,0.0,15762.032821526967,0.0,4.363677201439369,11.521757999939483,0.696864977466708,3.9892733137858327,54.0,0.15384615384615385
0.0046206153832621995,0.0229319494175801,0.00249919528398355,0.0009000000000739001,0.01328297730217525,0.00090001692366525,0.00026591101633890004,0.0002631454984931,0.00033392818126865,7.331502967708598e-05,8.548576025260417e-05,0.00029105821481259996,0.00024735873938155,0.0003512855291243,5.676888778292314e-05,7.218423020655767e-06,0.0039580373330249,1.7174238481418815e-09,0.0001473929937925,7.709490681228065e-09,5.2484998889100816e-05,0.0527854685992379,4.83517806845936e-10,0.0001327073313789,0.0092941959381579,0.005475806580965,0.0,0.00432719450097685,1.0,0.00102942819663545,0.6241283467800682,0.00293174722496145,1.0,5.994997453585036e-05,0.0,0.0044740343684259495,0.6132639808286222,0.0006796020422633,0.0,0.0012897750835987,1.0,0.0,0.0003065334790999,1.0,0.6126775856375599,0.0006118439679484,1.0,0.0,0.0001140642768167,1.0,0.0,4.5231767314469614e-05,1.0,0.0,0.000300342941749,1.0,1.0,0.0001730103806228,1.0,0.838949246584827,0.0001192267539485,1.0,1.0,0.0004563540475816,1.0,0.8297127294672082,0.0001009267887653,1.0,1.0,0.0002591730470281,1.0,1.0,0.0003414804871966,1.0,0.0,0.00053096647900015,1.0,1.0,0.00037577784272454996,1.0,0.0,0.000377107236627,1.0,1.0,0.0004090530981813,1.0,1.0,9.332191302040747e-05,1.0,0.01924737487351285,0.0001851516122612,1.0,0.0,0.00036563886477915,1.0,0.0,0.00031034097430555,1.0,5.35435141844272,5.181640615338484,3.821045422006969,1.0,0.00094622228737275,1.0,0.0,0.00030161454166555,1.0,0.8684375368822927,0.00046449533842345,1.0,1.0,9.732505181296526e-05,1.0,0.0,0.0008223474541493,1.0,0.0,0.00042056105139965,1.0,1.0,6.357671017481105e-05,1.0,0.0,8.95186300711204e-05,1.0,0.0,6.86473451718226e-05,1.0,1.0,0.00012451700193175,1.0,0.7370038800720702,0.00041356743116115,1.0,1.0,0.00010771609799514197,1.0,1.0,0.00043539315559245,1.0,1.0,0.00010716288376599581,1.0,0.3544612469420235,0.00013930251401575,1.0,1.0,0.00020470352168515,1.0,1.0,0.00010241458773015292,1.0,1.0,0.00012846642023805002,1.0,1.0,0.0001173863472579,1.0,1.0,0.0003941170459816,1.0,1.0,0.00059357941590055,1.0,0.0,0.0005032711660119501,1.0,0.5,9.801045077654701e-05,1.0,0.0,8.520010267173671e-05,1.0,0.0,0.00018718664858345002,1.0,1.0,0.00015282011881505,1.0,0.5,0.00011340784905625,1.0,0.5,0.000914125365021,1.0,1.0,0.0002244141612071,264690.0,0.00045046316566120005,1.0,0.0001402200700634,0.0,0.0001288436060751,1.0,0.0,1.0,0.0002685248700077,1.0,1.0,1.0,0.0,0.0001476638702497,1.0,0.0,0.0,0.0001011006002661,1.0,0.2446546621430612,1.0,0.0001636726109917,1.0,1.0,1.0,0.0003639966311122,1.0,1.0,1.0,0.00216656541831115,1.0,0.0,0.0,6.023112407805567e-05,1.0,1.0,1.0,1.0,0.0001495623858082,0.0,0.0005471915173509,1.0,0.0,0.0,0.0002409110326885,1.0,1.0,1.0,1.0,0.0004966842211455,1.0,0.0,0.0,0.0004354336168333,1.0,0.0,1.0,0.0003353753618639,1.0,0.0,0.0,0.0001813389352387,1.0,0.0,0.5,0.0008732233762285999,1.0,0.0,1.0,0.0002798930458159,1.0,1.0,0.0,1.0,0.0003246990188076,0.0,0.0001111546724558,1.0,0.0,1.0,8.588548816066386e-05,1.0,0.0,1.0,1.0,0.0001448811360149,1.0,0.0,0.0,0.0001357907762031,1.0,0.0,0.0,0.0003097107657766,1.0,0.0,1.0,0.000101745555167,1.0,1.0,1.0,0.0011244437390187999,1.0,1.0,1.0,0.0013851914448922,1.0,1.0,1.0,0.0,0.0001414197958603,1.0,0.0001351548410148,1.0,0.0,0.3434818868518289,2.677257949943856e-05,1.0,0.0,1.0,0.0001031275165441,1.0,0.0,1.0,0.0,6.54203620841598e-05,1.0,0.0065833504607211,0.0,9.717193159536516e-05,1.0,0.943826511804068,1.0,0.0003676609132862,1.0,0.0,1.0,0.0003798138096054,1.0,0.0,1.0,0.0010352132095212,1.0,0.0,1.0,8.55149140169148e-05,1.0,1.0,0.0,0.9907116879180674,0.9648709330357024,0.9931657007350316,7.091821317140311,0.6298482557224918,7.778360777917396,323.0,0.006532120191718108,0.0527854685992379,4.83517806845936e-10,0.015649363875702475,9.0,0.0,0.0,0.0,0.0,339.0,0.9658119658119658
0.0046206153832621995,0.0229319494175801,0.00249919528398355,0.0009000000000739001,0.01328297730217525,0.00090001692366525,0.0002509569039924,1.8702066825351288e-10,3.4656814349018835e-14,1.0483609529074514e-06,0.0536669391926584,0.0010443842345574,0.0017680493732036,0.0557960622415371,0.029927176009471,0.0010449507369871,0.0005064409604892,0.0008358654805588999,0.00052051110905175,7.070207127557905e-05,9.091415319703556e-05,0.00020577500363135,0.0002983642629857,0.0002617540288247,0.0001651503821096,0.0070653108662675,0.0,0.00432719450097685,1.0,0.00102942819663545,0.6241283467800682,0.00293174722496145,1.0,5.994997453585036e-05,0.0,0.0044740343684259495,0.6132639808286222,0.0006796020422633,0.0,0.0012897750835987,1.0,0.0,0.0003065334790999,1.0,0.6126775856375599,0.0006118439679484,1.0,0.0,0.0001140642768167,1.0,0.0,4.5231767314469614e-05,1.0,0.0,0.000300342941749,1.0,1.0,0.0001730103806228,1.0,0.838949246584827,0.0001192267539485,1.0,1.0,0.0004563540475816,1.0,0.8297127294672082,0.0001009267887653,1.0,1.0,0.0002591730470281,1.0,1.0,0.0003414804871966,1.0,0.0,0.00053096647900015,1.0,1.0,0.00037577784272454996,1.0,0.0,0.000377107236627,1.0,1.0,0.0004090530981813,1.0,1.0,9.332191302040747e-05,1.0,0.01924737487351285,0.0001851516122612,1.0,0.0,0.00036563886477915,1.0,0.0,0.00031034097430555,1.0,5.3207003447883885,-7.274021168494116,3.821045422006969,1.0,0.0486246772929506,1.0,0.0,0.0007173783994127,1.0,1.0,0.0004716255166476,1.0,0.0,0.0001232207635013,1.0,0.0,0.0003326357336039,1.0,0.0,0.0028695261641704,1.0,0.0,0.0579649663963772,1.0,1.0,0.0001521433920452,1.0,0.0,6.078967708627866e-07,1.0,1.0,3.536159396259978e-07,1.0,1.0,0.0174782756839107,1.0,1.0,0.0015864988663144,1.0,0.0,0.0249535770948101,1.0,0.0,0.0002517919285344,1.0,1.0,0.0003198443350345,1.0,1.0,0.0002980093665627,1.0,0.0,5.854637500873441e-07,1.0,1.0,1.5786070997742223e-10,1.0,0.0,0.0394575721576947,1.0,1.0,8.922263189010237e-06,1.0,1.0,0.0280997766504976,1.0,0.0,0.001229970416267,1.0,0.0,0.0001843616856507,1.0,0.0,9.9263251781295e-10,1.0,1.0,9.072831630235338e-05,1.0,1.0,0.0114735411940929,1.0,0.0,0.030119877659446,1.0,0.0,0.0148077149232764,1.0,1.0,0.0002244141612071,264690.0,9.4803075962571e-05,0.0,0.009145902284536,1.0,7.630825907526384e-10,1.0,0.0,0.0,0.0469629584959608,1.0,1.0,1.0,1.0,3.3995828270665467e-10,1.0,1.0,0.0,1.8386107325055777e-31,1.0,1.0,0.0,0.0023015050724666,1.0,0.0,1.0,7.355830848593465e-06,1.0,0.0,0.0,0.0001413981680917,1.0,0.0,1.0,0.0007193965268373,1.0,1.0,1.0,0.0,1.0453140000000055e-05,0.0,0.0342836776413035,1.0,0.0,0.0,0.0002405208846822,1.0,1.0,1.0,0.0,2.543267345220084e-16,1.0,1.0,1.0,0.000619152846318,1.0,0.0,0.0,1.3986540728103854e-10,1.0,1.0,0.0,7.310307050903332e-10,1.0,1.0,0.0,0.0367422717313885,1.0,1.0,0.0,0.000122903705565,1.0,0.0,0.0,0.0,0.0080364955932745,0.0,2.2175739160972966e-10,1.0,0.0,0.0,0.002415760497565,1.0,1.0,1.0,0.0,1.6485411596652489e-07,1.0,0.0,1.0,2.022691387978996e-07,1.0,1.0,0.0,0.0001903311456921,1.0,0.0,0.0,0.0012819971687311,1.0,1.0,1.0,0.0002531974748868,1.0,1.0,1.0,9.440925051731585e-05,1.0,0.0,0.0,0.0,2.2320737340558864e-06,1.0,0.0797436045064916,1.0,0.0,1.0,2.489093862536229e-06,1.0,0.0,0.0,0.0457984838746171,1.0,0.0,1.0,1.0,4.391754927719367e-12,1.0,0.0,1.0,0.0301571701768154,1.0,0.0,0.0,1.3381892874727213e-08,1.0,1.0,1.0,1.1418116501758755e-06,1.0,0.0,0.0,0.0002886542203371,0.0,0.0,1.0,0.000264908483757,1.0,0.0,1.0,0.0606246429375397,0.0123740962761906,0.0046671748204869,-1.130364554207982,-0.2556475395501331,-5.584782469490366,91.0,0.4433377023422965,1.0,0.0,0.4948922226407109,1.0,-1.2000858058101382,5.3207003447883885,-7.931433380504883,4.008220746323196,94.0,0.2678062678062678
0.0046206153832621995,0.0229319494175801,0.00249919528398355,0.0009000000000739001,0.01328297730217525,0.00090001692366525,2.466366973932455e-06,0.0011236147874626,0.0974384225883247,0.0050536300619601,0.0001671900452035,1.3271836506987944e-05,0.0088891666989878,0.001611943383997,8.036045358971418e-14,0.0017541831707751,3.0472885746679854e-13,9.939241654439392e-05,0.0264082986149879,0.030019126138996,3.484729556428631e-09,0.0097744992689229,0.0105128368432072,3.595031739280078e-09,4.206169282131669e-09,0.0011240110473003,0.0,0.00432719450097685,1.0,0.00102942819663545,0.6241283467800682,0.00293174722496145,1.0,5.994997453585036e-05,0.0,0.0044740343684259495,0.6132639808286222,0.0006796020422633,0.0,0.0167618487933552,1.0,0.0,3.165528982847333e-09,1.0,1.0,6.823034939579431e-10,1.0,1.0,0.0346819046786962,0.0,1.0,5.987406630362307e-07,0.0,0.0,6.687768035467521e-09,1.0,0.0,1.081187321657746e-05,1.0,0.0,1.2166638058632385e-17,1.0,0.0,7.877012134073791e-21,1.0,0.0,2.3174374814946317e-10,0.0,0.0,8.133581489200781e-10,1.0,1.0,0.0447742427131473,1.0,0.0,0.00053096647900015,1.0,1.0,0.00037577784272454996,1.0,0.0,0.000377107236627,1.0,1.0,0.0004090530981813,1.0,1.0,9.332191302040747e-05,1.0,0.01924737487351285,0.0001851516122612,1.0,0.0,0.00036563886477915,1.0,0.0,0.00031034097430555,1.0,5.130313398667836,4.779273000951078,3.821045422006969,1.0,0.0063382398319746,1.0,0.0,0.0001709865689003,1.0,1.0,4.444857308998266e-13,1.0,1.0,2.641841182130472e-07,1.0,1.0,3.204131138695421e-10,1.0,0.0,3.891336816327837e-10,1.0,1.0,1.4272495844967335e-09,1.0,1.0,8.494344699974484e-05,1.0,0.0,0.0011324019669568,1.0,0.0,1.3863373040786715e-06,1.0,0.0,1.651628581052374e-07,1.0,0.0,2.271944351310764e-05,1.0,0.0,0.0116060855150016,1.0,1.0,1.1555353417598266e-06,1.0,1.0,2.2752021670375927e-10,1.0,0.0,0.0004338381914416,1.0,0.0,8.109490366245211e-05,1.0,1.0,1.5119316207631852e-08,1.0,0.0,1.624618482405157e-05,1.0,1.0,0.0002304485018714,1.0,0.0,0.0621662989375434,1.0,0.0,0.0010674595362369,1.0,1.0,0.0001575520441635,1.0,1.0,1.9888214802631323e-05,1.0,0.0,1.0333303969782515e-05,1.0,1.0,2.5770796405316005e-06,1.0,1.0,0.0157784377968377,1.0,0.0,0.0042158135613575,1.0,0.0,9.1805508e-05,264690.0,0.0005666574093014,1.0,3.590665555934721e-11,1.0,1.6908669121034241e-12,1.0,1.0,1.0,4.842538564187043e-05,1.0,0.0,1.0,1.0,0.0212185663079507,1.0,1.0,0.0,8.79690278370709e-06,1.0,0.0,1.0,0.019942288010255,1.0,0.0,1.0,0.0132885483134496,1.0,0.0,1.0,0.00216656541831115,1.0,0.0,0.0,0.0504530675178204,1.0,0.0,0.0,1.0,1.5198286050072747e-05,1.0,3.128980007606436e-06,1.0,1.0,0.0,0.0001050849,1.0,1.0,1.0,0.0,0.0056921626360283,1.0,1.0,1.0,1.1198389378459528e-09,1.0,0.0,1.0,1.3633751798757596e-11,1.0,1.0,1.0,6.081606986678205e-05,1.0,0.0,0.0,0.0001050948230115,1.0,1.0,1.0,0.0003662995629943,1.0,1.0,0.0,1.0,0.0019825859909845,0.0,1.5241095152307594e-06,1.0,0.0,1.0,7.55375326473387e-13,1.0,0.0,1.0,0.0,7.803692818306083e-20,1.0,0.0,1.0,3.773616883756102e-06,1.0,1.0,0.0,8.293454789505477e-05,1.0,0.0,1.0,0.0651875172606246,1.0,0.0,1.0,0.0011244437390187999,1.0,1.0,0.0,9.453384655645316e-12,1.0,1.0,1.0,0.0,0.0004154452540903,1.0,0.0137133861829598,1.0,1.0,0.0,0.0714877162969046,1.0,0.0,0.0,0.0056928151335432,1.0,0.0,1.0,0.0,0.0047526554353921,1.0,1.0,0.0,9.62283677132674e-10,1.0,1.0,0.0,0.0358479296757191,1.0,0.0,0.0,2.567869376798091e-05,1.0,0.0,0.0,0.0004041091578755,1.0,1.0,1.0,0.0009503390646836,1.0,1.0,1.0,0.9740809908828638,0.973567751051112,0.9759495702553396,7.881466325845909,0.5816115990730217,8.714922567650829,50.0,932.4496699795405,264690.0,0.0,15706.43550521731,1.0,3.7513981505472485,8.714922567650829,0.5816115990730217,3.334505011003941,53.0,0.150997150997151
0.0046206153832621995,0.0229319494175801,0.00249919528398355,0.0009000000000739001,0.01328297730217525,0.00090001692366525,1.2631011531342402e-06,0.000714833231706,0.0007880674925249,1.8911239154749404e-10,5.556408518334576e-05,0.0001325833324398,0.0008236410612373,0.0105889667645768,0.0002358519651874,0.0010449507369871,0.0005064409604892,0.0008358654805588999,0.00052051110905175,7.070207127557905e-05,9.091415319703556e-05,0.00020577500363135,0.0002983642629857,0.0002617540288247,0.0001651503821096,0.0213603929335178,0.0,0.00432719450097685,1.0,0.00102942819663545,0.6241283467800682,0.00293174722496145,1.0,5.994997453585036e-05,0.0,0.0044740343684259495,0.6132639808286222,0.0006796020422633,0.0,0.0026327250828204,1.0,0.0,0.0068947934120237,1.0,0.0,1.1228549183928589e-07,1.0,1.0,0.0127595188523897,1.0,0.0,0.061589695528844,1.0,0.0,7.810110996096637e-05,1.0,0.0,3.997546710726878e-08,1.0,1.0,5.720114058568998e-13,1.0,0.0,0.0058192359156146,1.0,0.0,0.0258728542317075,1.0,0.0,2.820567546652893e-07,1.0,1.0,0.0416460722089264,1.0,0.0,0.00053096647900015,1.0,1.0,0.00037577784272454996,1.0,0.0,0.000377107236627,1.0,1.0,0.0004090530981813,1.0,1.0,9.332191302040747e-05,1.0,0.01924737487351285,0.0001851516122612,1.0,0.0,0.00036563886477915,1.0,0.0,0.00031034097430555,1.0,4.187566718371441,4.438679561744863,3.821045422006969,1.0,3.879466604651084e-12,1.0,1.0,0.0175041565486894,1.0,1.0,0.000662361065843,1.0,1.0,0.0019574287098186,1.0,0.0,8.616575194351416e-07,1.0,0.0,0.0094339292184025,1.0,1.0,4.014914226035725e-11,1.0,0.0,9.153309194225884e-07,1.0,0.0,6.0814726225273815e-09,1.0,0.0,0.033577986767277,1.0,0.0,1.1829856625428342e-10,1.0,1.0,1.1043202849384954e-06,1.0,1.0,0.0004839183242399,1.0,0.0,2.4245311895845985e-11,1.0,0.0,3.183873409552878e-07,1.0,0.0,2.0529910640200584e-06,1.0,1.0,6.498284123857543e-06,1.0,1.0,0.0031182103154294,1.0,0.0,0.0475424437365226,1.0,1.0,0.0249649839027429,1.0,1.0,4.567692169873269e-07,1.0,0.0,7.956387542400526e-05,1.0,0.0,0.0002847363165164,1.0,1.0,1.2622525555451824e-17,1.0,1.0,1.8276141345600665e-13,1.0,1.0,0.0068275235721358,1.0,1.0,0.0520456672734295,1.0,0.0,0.0090862847410199,1.0,0.0,0.0001375173444237,264690.0,5.429202301179462e-06,1.0,0.0001402200700634,0.0,0.0001288436060751,1.0,0.0,1.0,0.0002685248700077,1.0,1.0,1.0,0.0,0.0001476638702497,1.0,0.0,0.0,0.0001011006002661,1.0,0.2446546621430612,1.0,0.0001636726109917,1.0,1.0,1.0,0.0003639966311122,1.0,1.0,1.0,0.00216656541831115,1.0,0.0,0.0,6.023112407805567e-05,1.0,1.0,1.0,1.0,0.0001495623858082,0.0,0.0005471915173509,1.0,0.0,0.0,0.0002409110326885,1.0,1.0,1.0,1.0,0.0004966842211455,1.0,0.0,0.0,0.0004354336168333,1.0,0.0,1.0,0.0003353753618639,1.0,0.0,0.0,0.0001813389352387,1.0,0.0,0.5,0.0008732233762285999,1.0,0.0,1.0,0.0002798930458159,1.0,1.0,0.0,1.0,0.0003246990188076,0.0,0.0001111546724558,1.0,0.0,1.0,8.588548816066386e-05,1.0,0.0,1.0,1.0,0.0001448811360149,1.0,0.0,0.0,0.0001357907762031,1.0,0.0,0.0,0.0003097107657766,1.0,0.0,1.0,0.000101745555167,1.0,1.0,1.0,0.0011244437390187999,1.0,1.0,1.0,0.0013851914448922,1.0,1.0,1.0,0.0,1.161778873730077e-06,1.0,0.0004677385948446,1.0,0.0,1.0,6.3777328540918815e-09,1.0,0.0,1.0,1.4543403835484765e-05,1.0,0.0,1.0,1.0,0.0001037860292077,1.0,0.0,1.0,7.601724605857283e-18,1.0,1.0,0.0,0.0006848588633632,1.0,1.0,1.0,0.0002623489634058,1.0,1.0,0.0,0.0550681240653662,1.0,0.0,1.0,4.211998408148738e-11,1.0,1.0,0.0,1.0,0.9298169380266206,1.0,4.6981523424090375,0.4964834239878891,7.148449732607403,160.0,1521.663542077689,264690.0,0.0,20066.062303301645,1.0,2.987393589643407,7.148449732607403,0.4964834239878891,2.4531452678946644,163.0,0.46438746438746437
0.0046206153832621995,0.0229319494175801,0.00249919528398355,0.0009000000000739001,0.01328297730217525,0.00090001692366525,0.00026591101633890004,0.0002631454984931,0.00033392818126865,7.331502967708598e-05,8.548576025260417e-05,0.00029105821481259996,0.00024735873938155,0.0003512855291243,5.676888778292314e-05,0.0010449507369871,0.0005064409604892,0.0008358654805588999,0.00052051110905175,7.070207127557905e-05,9.091415319703556e-05,0.00020577500363135,0.0002983642629857,0.0002617540288247,0.0001651503821096,0.0015179245030616,0.0,0.00432719450097685,1.0,0.00102942819663545,0.6241283467800682,0.00293174722496145,1.0,5.994997453585036e-05,0.0,0.0044740343684259495,0.6132639808286222,0.0006796020422633,0.0,0.0012897750835987,1.0,0.0,0.0003065334790999,1.0,0.6126775856375599,0.0006118439679484,1.0,0.0,0.0001140642768167,1.0,0.0,4.5231767314469614e-05,1.0,0.0,0.000300342941749,1.0,1.0,0.0001730103806228,1.0,0.838949246584827,0.0001192267539485,1.0,1.0,0.0004563540475816,1.0,0.8297127294672082,0.0001009267887653,1.0,1.0,0.0002591730470281,1.0,1.0,0.0003414804871966,1.0,0.0,0.00053096647900015,1.0,1.0,0.00037577784272454996,1.0,0.0,0.000377107236627,1.0,1.0,0.0004090530981813,1.0,1.0,9.332191302040747e-05,1.0,0.01924737487351285,0.0001851516122612,1.0,0.0,0.00036563886477915,1.0,0.0,0.00031034097430555,1.0,5.077639449788714,2.3268810918575227,0.5183026058143931,1.0,0.00094622228737275,1.0,0.0,0.00030161454166555,1.0,0.8684375368822927,0.00046449533842345,1.0,1.0,9.732505181296526e-05,1.0,0.0,0.0008223474541493,1.0,0.0,0.00042056105139965,1.0,1.0,6.357671017481105e-05,1.0,0.0,8.95186300711204e-05,1.0,0.0,6.86473451718226e-05,1.0,1.0,0.00012451700193175,1.0,0.7370038800720702,0.00041356743116115,1.0,1.0,0.00010771609799514197,1.0,1.0,0.00043539315559245,1.0,1.0,0.00010716288376599581,1.0,0.3544612469420235,0.00013930251401575,1.0,1.0,0.00020470352168515,1.0,1.0,0.00010241458773015292,1.0,1.0,0.00012846642023805002,1.0,1.0,0.0001173863472579,1.0,1.0,0.0003941170459816,1.0,1.0,0.00059357941590055,1.0,0.0,0.0005032711660119501,1.0,0.5,9.801045077654701e-05,1.0,0.0,8.520010267173671e-05,1.0,0.0,0.00018718664858345002,1.0,1.0,0.00015282011881505,1.0,0.5,0.00011340784905625,1.0,0.5,0.000914125365021,1.0,1.0,0.0002244141612071,264690.0,0.00045046316566120005,1.0,0.0001402200700634,0.0,0.0001288436060751,1.0,0.0,1.0,0.0002685248700077,1.0,1.0,1.0,0.0,0.0001476638702497,1.0,0.0,0.0,0.0001011006002661,1.0,0.2446546621430612,1.0,0.0001636726109917,1.0,1.0,1.0,0.0003639966311122,1.0,1.0,1.0,0.00216656541831115,1.0,0.0,0.0,6.023112407805567e-05,1.0,1.0,1.0,1.0,0.0001495623858082,0.0,0.0005471915173509,1.0,0.0,0.0,0.0002409110326885,1.0,1.0,1.0,1.0,0.0004966842211455,1.0,0.0,0.0,0.0004354336168333,1.0,0.0,1.0,0.0003353753618639,1.0,0.0,0.0,0.0001813389352387,1.0,0.0,0.5,0.0008732233762285999,1.0,0.0,1.0,0.0002798930458159,1.0,1.0,0.0,1.0,0.0003246990188076,0.0,0.0001111546724558,1.0,0.0,1.0,8.588548816066386e-05,1.0,0.0,1.0,1.0,0.0001448811360149,1.0,0.0,0.0,0.0001357907762031,1.0,0.0,0.0,0.0003097107657766,1.0,0.0,1.0,0.000101745555167,1.0,1.0,1.0,0.0011244437390187999,1.0,1.0,1.0,0.0013851914448922,1.0,1.0,1.0,0.0,0.0001414197958603,1.0,0.0001351548410148,1.0,0.0,0.3434818868518289,2.677257949943856e-05,1.0,0.0,1.0,0.0001031275165441,1.0,0.0,1.0,0.0,6.54203620841598e-05,1.0,0.0065833504607211,0.0,9.717193159536516e-05,1.0,0.943826511804068,1.0,0.0003676609132862,1.0,0.0,1.0,0.0003798138096054,1.0,0.0,1.0,0.0010352132095212,1.0,0.0,1.0,8.55149140169148e-05,1.0,1.0,0.0,0.9036367433576796,0.9535323081569752,0.969169201197194,1.6714590155413809,0.6783573533472834,5.147074769711721,334.0,0.0,0.0,0.0,0.0,0.0,2.027339170974763,5.147074769711721,0.5183026058143931,1.8332312099488177,337.0,0.9601139601139601
0.0016212654743166,5.7757622145232434e-15,0.0012727030330957,2.5415056946830833e-08,0.0119294228457579,0.0009000338473305,0.0023059042715032,0.0002688326023068,0.0011466000046314,3.443405305580177e-05,4.00045085281703e-06,0.0033696004071754,0.004823421607276,0.0012506743627092,0.0083007400062248,0.0015225428524432,0.0003487092761154,0.0009864015504469,0.0048520404415414,0.0003293820527783,0.000173365149066,0.0019874937244241,0.0302716190019121,0.0017091087970637,0.0012131554149971,0.0052269955102185,0.0,0.0245862773179847,1.0,6.834487597085477e-06,0.0,0.0013322125754362,1.0,3.827656040985144e-10,0.0,0.0035787605135376,1.0,0.0451828318463666,1.0,0.0527886115126192,1.0,1.0,0.0012838398693943,1.0,1.0,0.0363621673448528,1.0,1.0,6.753162371218258e-05,1.0,0.0,2.3034963523570368e-05,1.0,0.0,0.0022830242699807,1.0,1.0,0.0007673842770247,1.0,1.0,0.0018535232709323,1.0,1.0,0.0022004027117474,1.0,0.0,0.0002750858910998,1.0,0.0,0.001210494150829,1.0,1.0,0.0020655741244837,1.0,0.0,0.0003253951792324,1.0,0.0,0.0162527732088028,1.0,1.0,0.0018342028397017,1.0,0.0,8.381582948248825e-05,1.0,0.0,0.0021345895850287,1.0,1.0,0.00099270000205,1.0,1.0,0.004578590163077,1.0,1.0,0.0006428360404188,1.0,5.930116487474174,5.451500840838913,4.564617396913358,0.0,0.00032877,1.0,1.0,0.0603193541555411,1.0,1.0,0.0007436278444475,1.0,1.0,0.0003609000000017,1.0,1.0,0.0451845101910998,1.0,1.0,0.0015853785370279,1.0,0.0,0.0003991912945263,1.0,1.0,0.0614219779785539,1.0,1.0,0.0003640667302544,1.0,0.0,0.0021017167520315,1.0,1.0,0.0042876,1.0,1.0,0.0026028001922477,1.0,1.0,0.0003223800006567,1.0,0.0,0.0012812795533546,1.0,1.0,0.0013158021612286,1.0,1.0,0.0097615867040806,1.0,0.0,0.002073302901038,1.0,0.0,0.0006802984818598,1.0,1.0,0.0006977510944278,1.0,1.0,0.000387942480487,1.0,0.0,0.0044864785146895,1.0,1.0,0.0019674001616167,1.0,1.0,0.0014560208721362,1.0,0.0,0.0001517400434703,1.0,1.0,0.0013250441206816,1.0,0.0,0.0013400763015143,1.0,0.0,0.0176039133693877,1.0,1.0,0.0673899232579532,1.0,0.0,0.0021740921328296,264690.0,0.0121323264900098,0.0,0.0030929121626658,1.0,0.0006282814413437,1.0,0.0,1.0,0.0008415144682926,1.0,0.0,1.0,0.0,8.570721861208012e-05,1.0,0.0,0.0,1.2183404235238308e-08,1.0,1.0,1.0,0.0032259684709645,1.0,1.0,1.0,0.0017676811611441,1.0,0.0,1.0,0.0018824319933136,1.0,0.0,0.0,0.0011472532631922,1.0,0.0,0.0,0.0,0.0760880047867841,1.0,0.0003624094935081,1.0,0.0,0.0,0.0010065093227043,1.0,0.0,1.0,1.0,4.768928393263881e-06,1.0,1.0,0.0,0.0246096283935941,1.0,0.0,1.0,0.0068763898123234,1.0,0.0,0.0,0.0019264198961005,1.0,0.0,1.0,0.059516914962596,1.0,0.0,0.0,0.0017986317590503,1.0,1.0,1.0,0.0,0.0015394950000723,0.0,0.0203389975535988,1.0,1.0,1.0,0.0043464687552851,1.0,0.0,1.0,0.0,1.2587573790394962e-07,1.0,1.0,1.0,0.0092759219228415,1.0,1.0,1.0,0.0033100466074469,1.0,0.0,1.0,0.005473474847775,1.0,1.0,1.0,0.001889613,1.0,1.0,1.0,0.0018329880723975,1.0,0.0,1.0,1.0,0.0035012869687948,1.0,0.0003122371063612,1.0,0.0,1.0,0.0009987579304877,1.0,0.0,1.0,0.0010209632154048,1.0,0.0,1.0,0.0,0.0001570606121256,1.0,1.0,0.0,2.004749487666337e-05,1.0,1.0,1.0,0.003347963428038,1.0,1.0,1.0,0.0024802572386053,1.0,0.0,0.0,0.005710533349262,1.0,0.0,0.0,0.0014956328999934,1.0,0.0,0.0,0.9975648932340516,0.9286486818464744,1.0,6.202724232383276,0.6481981050712866,5.245620935659626,0.0,792.9456488668563,264690.0,0.0,14483.167145414083,0.0,3.440999063713462,6.202724232383276,0.6481981050712866,2.460300177878294,1.0,0.002849002849002849
0.0046206153832621995,0.0229319494175801,0.00249919528398355,0.0009000000000739001,0.01328297730217525,0.00090001692366525,1.1477013420972149e-06,1.923438011152499e-08,2.1109810705349364e-06,2.6246400390337326e-09,0.0274070596538588,1.3548854906305225e-12,0.0868194914442806,2.0038366529229297e-05,5.168196042999178e-06,0.0010449507369871,0.0005064409604892,0.0008358654805588999,0.00052051110905175,7.070207127557905e-05,9.091415319703556e-05,0.00020577500363135,0.0002983642629857,0.0002617540288247,0.0001651503821096,0.058990152888598,0.0,0.00432719450097685,1.0,0.00102942819663545,0.6241283467800682,0.00293174722496145,1.0,5.994997453585036e-05,0.0,0.0044740343684259495,0.6132639808286222,0.0006796020422633,0.0,0.0012897750835987,1.0,0.0,0.0003065334790999,1.0,0.6126775856375599,0.0006118439679484,1.0,0.0,0.0001140642768167,1.0,0.0,4.5231767314469614e-05,1.0,0.0,0.000300342941749,1.0,1.0,0.0001730103806228,1.0,0.838949246584827,0.0001192267539485,1.0,1.0,0.0004563540475816,1.0,0.8297127294672082,0.0001009267887653,1.0,1.0,0.0002591730470281,1.0,1.0,0.0003414804871966,1.0,1.0,0.0280798313474375,0.0,0.0,0.0104989816454232,1.0,1.0,0.000449733081493,0.0,0.0,9.955128821030664e-05,1.0,0.0,6.620654406279596e-13,0.0,1.0,0.0004797915600886,0.0,0.0,0.009130556020047,0.0,0.0,0.0178660331191165,0.0,5.057376211071999,4.289544530178935,3.065442506816208,1.0,5.959020802097632e-15,1.0,0.0,5.498165588591925e-07,1.0,1.0,0.0529593559624552,1.0,1.0,4.2652602532977075e-10,1.0,0.0,1.0471171181441265e-07,1.0,0.0,0.0009187303012573,1.0,0.0,0.0071109873892511,1.0,1.0,0.0095273138927479,1.0,0.0,1.9047389422018543e-09,1.0,0.0,5.09497470906279e-12,1.0,1.0,3.44495031862494e-05,1.0,1.0,3.2771454166492495e-05,1.0,0.0,1.64635705906349e-13,1.0,0.0,0.0006240872169019,1.0,1.0,6.174271053495044e-21,1.0,1.0,1.406700725147541e-07,1.0,0.0,0.0010474274564563,1.0,0.0,1.474410730833502e-20,1.0,0.0,9.034458473505768e-05,1.0,0.0,0.0001053196693898,1.0,0.0,3.285842158773006e-05,1.0,1.0,2.227984373262156e-09,1.0,0.0,8.425472192749433e-10,1.0,0.0,0.001290233722325,1.0,0.0,0.0001731399218166,1.0,0.0,0.0605094124259636,1.0,0.0,2.577256095301883e-21,1.0,0.0,0.0328262787802133,1.0,1.0,0.0002244141612071,264690.0,0.0001071000186056,1.0,0.0001402200700634,0.0,0.0001288436060751,1.0,0.0,1.0,0.0002685248700077,1.0,1.0,1.0,0.0,0.0001476638702497,1.0,0.0,0.0,0.0001011006002661,1.0,0.2446546621430612,1.0,0.0001636726109917,1.0,1.0,1.0,0.0003639966311122,1.0,1.0,1.0,0.00216656541831115,1.0,0.0,0.0,6.023112407805567e-05,1.0,1.0,1.0,1.0,0.0001495623858082,0.0,0.0005471915173509,1.0,0.0,0.0,0.0002409110326885,1.0,1.0,1.0,1.0,0.0004966842211455,1.0,0.0,0.0,0.0004354336168333,1.0,0.0,1.0,0.0003353753618639,1.0,0.0,0.0,0.0001813389352387,1.0,0.0,0.5,0.0008732233762285999,1.0,0.0,1.0,0.0002798930458159,1.0,1.0,0.0,1.0,0.0003246990188076,0.0,0.0001111546724558,1.0,0.0,1.0,8.588548816066386e-05,1.0,0.0,1.0,1.0,0.0001448811360149,1.0,0.0,0.0,0.0001357907762031,1.0,0.0,0.0,0.0003097107657766,1.0,0.0,1.0,0.000101745555167,1.0,1.0,1.0,0.0011244437390187999,1.0,1.0,1.0,0.0013851914448922,1.0,1.0,1.0,1.0,0.0739943275299922,1.0,0.0462514381599591,1.0,1.0,0.6453511029370762,5.207437313576307e-13,1.0,0.0,0.0,0.0242386947706169,1.0,0.0,1.0,1.0,2.511590006764353e-07,1.0,1.0,1.0,0.0199458358344838,1.0,0.0,0.0,4.860272904466881e-05,1.0,0.0,0.0,0.0015353495775667,1.0,1.0,0.0,0.0196663235595514,1.0,0.0,0.0,4.3926743389157926e-08,1.0,1.0,0.0,1.0,1.0,0.9765227975897424,5.243329672323178,0.6341336353057285,3.489270134275481,175.0,0.3851463663563874,1.0,0.0,0.4830056751989028,0.0,2.7506243875068077,5.243329672323178,0.6341336353057285,1.8809574640733464,176.0,0.5014245014245015
0.000382773574229,0.0404595345457982,0.0054212421265072,0.0131663781104149,0.0324001501942108,3.67456635176779e-08,3.852695876708242e-05,0.002586507156877,0.002789273007886,1.955938589168523e-06,0.0004387915579809,6.354396925059437e-10,0.0096176786394212,0.0183557964159858,0.0063152779807361,0.000390600000002,0.0013869005214558,2.9484836913154457e-06,0.0001841482965822,1.15632165182003e-07,1.980873182307203e-05,0.0002375460308606,0.012144404187592,2.286595735769404e-08,1.8490057197573898e-11,0.0022160482832223,0.0,0.0003594252132339,1.0,0.0014803622138588,1.0,0.0010571595614402,1.0,0.0098811935985752,0.0,0.025403915227568196,0.0,2.628124984576081e-09,0.0,0.0853147497221787,1.0,1.0,0.0678174046733378,1.0,0.0,3.535075832796825e-05,1.0,0.0,6.946808078478641e-16,1.0,0.0,0.0004205630926713,1.0,0.0,2.637996681209752e-05,1.0,1.0,0.0690101217695515,1.0,1.0,7.419279980180845e-08,1.0,1.0,0.0005197100282237,1.0,0.0,0.0002671936765745,0.0,1.0,2.665225182159567e-10,0.0,0.0,0.0135741221306559,1.0,1.0,0.0015723713315161,1.0,1.0,0.0003722715218571,1.0,1.0,6.752705077745882e-05,1.0,1.0,0.0009538888289882,0.0,0.0,7.52264676804636e-10,1.0,1.0,0.0003379597567096,1.0,0.0,0.0036090642214009,1.0,1.0,0.0015449933301162,1.0,3.1064356576508176,0.909201154932902,2.2677466285739007,1.0,0.0081893346992572,1.0,0.0,0.0050473631243816,1.0,0.0,2.538524494975625e-06,1.0,1.0,0.0196100631417651,1.0,0.0,0.0150944946259362,1.0,0.0,9.612000000194882e-06,1.0,0.0,0.0030930882209244,1.0,1.0,0.0159247668462758,1.0,1.0,0.0012780005771836,1.0,1.0,7.872607516260374e-05,1.0,1.0,0.0014420121212695,1.0,1.0,1.0174435505186226e-05,1.0,1.0,0.0013545374083035,1.0,0.0,0.0007755163156282,1.0,0.0,6.178873629689477e-06,1.0,1.0,0.0027065903797176,1.0,1.0,0.0007470720402121,1.0,1.0,0.0231754258668138,1.0,1.0,9.50015201555026e-05,1.0,0.0,0.001273244901255,1.0,1.0,0.0579504624635481,1.0,1.0,0.0034996050440191,1.0,1.0,0.001348508331339,1.0,1.0,7.612832055151327e-05,1.0,0.0,9.270109632395872e-05,1.0,1.0,0.0057262464706242,1.0,0.0,8.187300116847712e-05,1.0,0.0,0.0259919699096785,1.0,0.0,0.0004726313443219,264690.0,0.0035249891077765,0.0,0.0015926277103653,1.0,0.0019239542849949,1.0,1.0,1.0,0.0043256158737599,1.0,0.0,1.0,1.0,7.391636250589434e-10,1.0,0.0,0.0,6.608704136996836e-05,1.0,0.0,0.0,0.0110789586830921,1.0,1.0,1.0,0.0024104807277198,1.0,1.0,0.0,0.0026379281468055,1.0,1.0,0.0,1.5542896601829574e-08,1.0,1.0,1.0,1.0,0.0083776405532353,1.0,0.0017879244383684,1.0,1.0,0.0,0.0006297198141536,1.0,0.0,1.0,0.0,0.0287261283709182,1.0,1.0,0.0,0.0130430979803016,1.0,0.0,1.0,0.0003353753618639,1.0,1.0,0.0,0.0031404046430474,1.0,1.0,0.0,0.0016001625343281,1.0,0.0,1.0,0.0011838546188811,1.0,0.0,1.0,1.0,0.000135058677377,0.0,0.0097678092040573,1.0,0.0,1.0,0.0625241593749394,1.0,0.0,1.0,0.0,0.0575876480778904,1.0,1.0,0.0,0.0001130620249629,1.0,1.0,1.0,1.718384186241463e-12,1.0,0.0,0.0,0.0446111564283542,1.0,1.0,1.0,0.0018943947606896,1.0,1.0,0.0,3.537947917214218e-06,1.0,1.0,1.0,1.0,0.0022815623379441,1.0,0.001428804,1.0,0.0,1.0,4.433306901142913e-06,1.0,0.0,1.0,0.0002182033401015,1.0,1.0,1.0,1.0,0.0045192923463817,1.0,1.0,0.0,1.5393027702490176e-16,1.0,0.0,1.0,1.971611974315031e-15,1.0,0.0,1.0,3.1411819934084623e-12,1.0,1.0,1.0,0.0369889347664888,0.0,0.0,0.0,6.543613949749727e-13,1.0,1.0,0.0,1.0,1.0,0.9378338421571488,3.709001035032876,0.528002045928669,9.285065207604616,0.0,792.945917594466,264690.0,0.0,14483.167130657737,0.0,2.5270317302089924,9.285065207604616,0.528002045928669,2.767528292101577,0.0,0.0
0.0046206153832621995,0.0229319494175801,0.00249919528398355,0.0009000000000739001,0.01328297730217525,0.00090001692366525,0.0001821628883388,0.0147278898451645,0.000656631762325,1.603710236834045e-22,4.902615248297401e-13,0.0002951113390772,3.076200000000017e-05,0.0140772942028392,0.0007043006480386,3.065235555850857e-05,2.1655358121903167e-05,0.0002820798870149,2.0129138286545502e-06,0.0678987789065743,2.7544685974885505e-12,0.0036570597390531,9.76596168283682e-05,0.0009729398745412,0.0131476298891011,0.0002635537901201,0.0,0.00432719450097685,1.0,0.00102942819663545,0.6241283467800682,0.00293174722496145,1.0,5.994997453585036e-05,0.0,0.0044740343684259495,0.6132639808286222,0.0006796020422633,1.0,1.1951620681214718e-08,1.0,1.0,7.218334817195151e-11,1.0,1.0,0.0151296101115598,1.0,0.0,1.888268766632561e-07,1.0,0.0,0.0001248256482505,1.0,0.0,2.4088388326487164e-05,1.0,1.0,7.407036661547718e-06,1.0,0.0,0.000309384689139,1.0,1.0,0.0002469770786647,1.0,1.0,1.3367930908104565e-05,1.0,1.0,8.524368799687858e-05,1.0,0.0,3.0411283427449185e-05,1.0,0.0,1.6686000000993955e-05,1.0,0.0,1.834200000000004e-05,1.0,0.0,0.0009765692167378,1.0,1.0,1.4768534765422244e-07,0.0,1.0,0.0009215242475567,1.0,1.0,4.570319900139216e-09,1.0,0.0,0.0002106677017221,1.0,1.0,0.070462019081564,1.0,5.919821780267792,5.7395304329383885,3.415010983487049,0.0,0.0148372434736822,1.0,1.0,0.0046340951102877,1.0,1.0,2.831104271637313e-10,1.0,1.0,0.0021173824522308,1.0,1.0,3.008715260800897e-05,1.0,1.0,0.0259894963734067,1.0,0.0,0.00013071786514,1.0,0.0,3.212482029806472e-05,1.0,1.0,2.7882e-05,1.0,1.0,0.0001595820414761,1.0,0.0,0.052305479669957,1.0,1.0,3.210373283106705e-05,1.0,1.0,3.3490260357098315e-06,1.0,1.0,0.0002085300004569,1.0,1.0,1.748250537484551e-05,1.0,0.0,2.332921647353452e-05,1.0,1.0,0.0001107117799568,1.0,1.0,0.0032444496834077,1.0,0.0,0.0002085300007912,1.0,1.0,0.0030783984304991,1.0,1.0,0.0001980366361422,1.0,0.0,0.0040457947635247,1.0,1.0,6.072209823222538e-05,1.0,0.0,0.0138014058019853,1.0,1.0,0.0001031965802294,1.0,1.0,0.0305035564891872,1.0,0.0,0.0009446795613412,1.0,0.0,0.0013179402763342,1.0,1.0,1.7254995752003836e-05,264690.0,0.0103696053525234,1.0,8.227601785420092e-05,1.0,8.432835093777364e-09,1.0,0.0,1.0,0.0001057017064844,1.0,0.0,1.0,0.0,0.0356277729752069,1.0,0.0,0.0,2.6533757513883213e-05,1.0,0.0,1.0,0.0003364120826947,1.0,0.0,0.0,0.0140499797591737,1.0,0.0,0.0,0.0162712719703379,1.0,1.0,1.0,5.174572308722919e-05,1.0,1.0,1.0,1.0,0.0001248703907728,1.0,0.0033062308655843,1.0,1.0,1.0,0.0001052199015059,1.0,0.0,1.0,1.0,6.185431020128852e-09,1.0,1.0,0.0,0.0485221390460998,1.0,0.0,1.0,0.0015853126145741,1.0,1.0,0.0,0.0015376361593799,1.0,1.0,1.0,0.0023420075564472,1.0,0.0,1.0,0.0048792381494222,1.0,0.0,1.0,1.0,0.0055975524371003,1.0,5.867815324287428e-05,1.0,1.0,1.0,0.002446302094725,1.0,1.0,1.0,0.0,4.65276836799055e-06,1.0,1.0,0.0,1.9941030387511118e-12,1.0,1.0,1.0,0.0005672586453398,1.0,0.0,1.0,0.0812252378466261,1.0,0.0,1.0,0.0001182638227093,1.0,1.0,0.0,1.1965819800133278e-07,1.0,0.0,0.0,0.0,0.0098354334382211,0.0,0.0188193875586037,1.0,1.0,0.0,7.195023645985973e-11,1.0,1.0,1.0,0.0007745193090376,1.0,0.0,1.0,1.0,0.0024504035495368,1.0,1.0,0.0,0.0001751136392272,1.0,1.0,1.0,0.0002108539761677,1.0,1.0,1.0,3.0510090000000004e-05,1.0,1.0,1.0,0.0002108520000011,1.0,0.0,0.0,4.0060634428811805e-05,1.0,1.0,0.0,0.9614345093955222,0.9577986601313058,0.946567272484536,7.708911353220454,0.6714953246947724,7.666254886438072,18.0,838.1253977796943,264690.0,0.0,14889.947683491098,0.0,3.7763139114508766,7.708911353220454,0.6714953246947724,3.0143674107310177,19.0,0.05413105413105413
0.0046206153832621995,0.0229319494175801,0.00249919528398355,0.0009000000000739001,0.01328297730217525,0.00090001692366525,1.2313111544430863e-06,2.735776700727138e-11,9.234560346052279e-08,0.0765523861485935,0.0009345745957159,2.1249012233002645e-05,0.0009261550204695,0.0010933146675983,4.7406251917757217e-05,0.0010449507369871,0.0005064409604892,0.0008358654805588999,0.00052051110905175,7.070207127557905e-05,9.091415319703556e-05,0.00020577500363135,0.0002983642629857,0.0002617540288247,0.0001651503821096,0.0097165756671862,0.0,0.00432719450097685,1.0,0.00102942819663545,0.6241283467800682,0.00293174722496145,1.0,5.994997453585036e-05,0.0,0.0044740343684259495,0.6132639808286222,0.0006796020422633,0.0,0.0012897750835987,1.0,0.0,0.0003065334790999,1.0,0.6126775856375599,0.0006118439679484,1.0,0.0,0.0001140642768167,1.0,0.0,4.5231767314469614e-05,1.0,0.0,0.000300342941749,1.0,1.0,0.0001730103806228,1.0,0.838949246584827,0.0001192267539485,1.0,1.0,0.0004563540475816,1.0,0.8297127294672082,0.0001009267887653,1.0,1.0,0.0002591730470281,1.0,1.0,0.0003414804871966,1.0,0.0,2.8652145035348598e-08,0.0,1.0,3.669313097669005e-06,1.0,1.0,6.675127930975828e-06,0.0,1.0,6.507089368675078e-10,1.0,1.0,7.075568980609256e-06,1.0,0.0,0.0068136443488884,0.0,1.0,2.5145024818087368e-05,1.0,0.0,0.0030717188099072,0.0,5.328767718516994,5.221737693386752,3.821045422006969,1.0,0.0003128828961578,1.0,0.0,0.0010665323326993,1.0,0.0,8.673598360982387e-07,1.0,1.0,3.6621030814839794e-11,1.0,1.0,0.0053157992301921,1.0,0.0,2.3616000136963317e-06,1.0,1.0,0.0012832163675158,1.0,1.0,0.0002913643726333,1.0,0.0,1.879690813044236e-10,1.0,1.0,3.037401597704749e-09,1.0,0.1651958717590385,3.5826935453661183e-06,1.0,0.0,0.0415940417078668,1.0,1.0,0.0687502381360836,1.0,1.0,0.0111400050548547,1.0,0.0,0.0046739019623951,1.0,1.0,1.5804094463081435e-06,1.0,0.0,8.372794929489976e-06,1.0,1.0,0.0193554045938573,1.0,0.0,2.6298004212926665e-08,1.0,0.0,0.0389873892064056,1.0,0.0,0.0025383488196264,1.0,1.0,2.675201809144113e-06,1.0,0.0,0.0127975886472486,1.0,1.0,7.29238180221635e-07,1.0,0.0,0.0002922288084791,1.0,1.0,1.0681990569592963e-05,1.0,1.0,5.451139555859e-12,1.0,0.0,2.929040645210848e-07,1.0,1.0,0.0002244141612071,264690.0,7.0119000006210816e-06,1.0,0.0001402200700634,0.0,0.0001288436060751,1.0,0.0,1.0,0.0002685248700077,1.0,1.0,1.0,0.0,0.0001476638702497,1.0,0.0,0.0,0.0001011006002661,1.0,0.2446546621430612,1.0,0.0001636726109917,1.0,1.0,1.0,0.0003639966311122,1.0,1.0,1.0,0.00216656541831115,1.0,0.0,0.0,6.023112407805567e-05,1.0,1.0,1.0,1.0,0.0001495623858082,0.0,0.0005471915173509,1.0,0.0,0.0,0.0002409110326885,1.0,1.0,1.0,1.0,0.0004966842211455,1.0,0.0,0.0,0.0004354336168333,1.0,0.0,1.0,0.0003353753618639,1.0,0.0,0.0,0.0001813389352387,1.0,0.0,0.5,0.0008732233762285999,1.0,0.0,1.0,0.0002798930458159,1.0,1.0,0.0,1.0,0.0003246990188076,0.0,0.0001111546724558,1.0,0.0,1.0,8.588548816066386e-05,1.0,0.0,1.0,1.0,0.0001448811360149,1.0,0.0,0.0,0.0001357907762031,1.0,0.0,0.0,0.0003097107657766,1.0,0.0,1.0,0.000101745555167,1.0,1.0,1.0,0.0011244437390187999,1.0,1.0,1.0,0.0013851914448922,1.0,1.0,1.0,1.0,1.138581076762327e-06,1.0,0.001652181930006,1.0,1.0,0.0,4.4107793964221e-08,1.0,0.0,0.0,0.0025293260340144,1.0,0.0,1.0,0.0,7.461502494379339e-12,1.0,1.0,1.0,0.0816198008442635,1.0,0.0,0.0,2.000503798962952e-07,1.0,0.0,0.0,0.0001898071365074,1.0,1.0,1.0,0.0011937031314726,1.0,1.0,1.0,7.156260737601394e-06,1.0,0.0,0.0,0.9716278003859796,0.8100526804517243,1.0,7.507071232184415,0.673342415581776,9.255501691830798,175.0,0.4437738823910749,1.0,0.0,0.4951407431897367,1.0,3.8460126540423047,9.255501691830798,0.673342415581776,3.4309904701704177,177.0,0.5042735042735043
0.0046206153832621995,0.0229319494175801,0.00249919528398355,0.0009000000000739001,0.01328297730217525,0.00090001692366525,0.0002808651286854,0.0149420678442961,0.0006651368303871,0.0003187999427642,2.347561667753528e-06,5.80430469944454e-06,0.0015375252785998,0.0025402806613754,0.0361434822123042,0.014674129483772,0.0558919272556374,0.0523998350852078,5.8959027574317954e-05,8.676874243277438e-18,0.0028639508241472,0.0197499835066479,0.010924466199302,8.551260466297598e-08,1.7268543352222058e-17,0.0005510258305091,0.0,0.00432719450097685,1.0,0.00102942819663545,0.6241283467800682,0.00293174722496145,1.0,5.994997453585036e-05,0.0,0.0044740343684259495,0.6132639808286222,0.0006796020422633,0.0,0.0071755382562099,1.0,1.0,0.0001293104650047,1.0,0.0,1.0524445715109097e-07,1.0,1.0,0.0013681588047864,0.0,1.0,0.0006586774516958,1.0,0.0,0.0001467231822627,1.0,1.0,5.11475060334711e-07,1.0,0.3992616202280504,6.134849319130967e-08,1.0,0.0,0.0020440382558654,1.0,1.0,9.97362457068708e-06,1.0,1.0,0.0029758955440647,1.0,1.0,0.08802364691583997,1.0,1.0,0.0008077654546326,1.0,1.0,0.0001845927334269,1.0,1.0,0.0020747236731841,1.0,0.0,0.0009147089237913,0.0,1.0,0.0002910438853824,1.0,0.0,1.8233770855492454e-12,0.0,1.0,0.0004543215703364,1.0,0.0,3.173512469159061e-05,1.0,5.2947971867792845,5.4753400706565625,3.807315713257909,0.0,0.001107070423303,1.0,0.0,0.0002918576005982,1.0,1.0,4.279579054540323e-05,1.0,1.0,0.0068177475694813,1.0,1.0,0.0123971239108544,1.0,0.0,0.0002120280649095,1.0,0.0,4.124740858550249e-05,1.0,1.0,0.0003792621435017,1.0,0.0,5.678380243003979e-05,1.0,0.0,5.174100016777552e-05,1.0,1.0,0.0001451016395058,1.0,0.0,0.000320813075426,1.0,1.0,0.0377887696396641,1.0,1.0,7.216200381890791e-05,1.0,1.0,0.0001497676725349,1.0,0.0,0.0006418800122131,1.0,1.0,0.0134244982455665,1.0,0.0,0.0002967328507135,1.0,0.0,7.216200000358016e-05,1.0,1.0,4.9905497457318025e-05,1.0,0.0,0.0004215746418784,1.0,0.0,0.0024140676423051,1.0,0.0,0.0008922340521612,1.0,0.0,9.414161889773571e-06,1.0,1.0,0.0014469836400482,1.0,0.0,3.648085338951316e-05,1.0,0.0,0.0001737240731772,1.0,1.0,0.003598708924292,1.0,0.0,0.0001394083620135,264690.0,0.0006419047169575,1.0,0.0001932648455636,0.0,5.797227107243418e-09,1.0,1.0,0.0,5.2854951122712234e-20,1.0,1.0,1.0,0.0,0.009490329643908,1.0,0.0,0.0,5.444990097458918e-31,1.0,1.0,1.0,1.517579947996963e-12,1.0,0.0,1.0,0.0002527206628813,1.0,1.0,0.0,0.0751777268720868,1.0,1.0,0.0,0.0122740634836639,1.0,1.0,1.0,1.0,9.89161478641585e-05,0.0,0.0001431768039056,1.0,0.0,0.0,5.257620014862834e-05,1.0,0.0,1.0,1.0,8.398019329508626e-07,1.0,0.0,0.0,1.2554867046554478e-06,1.0,1.0,0.0,1.5708226280383443e-06,1.0,1.0,1.0,0.0002632356760561,1.0,1.0,0.0,0.00020239122856,1.0,0.0,1.0,7.27070885652199e-08,1.0,0.0,0.0,1.0,9.687064165148146e-05,1.0,4.767373444602073e-13,1.0,1.0,1.0,0.0196617372426636,1.0,1.0,1.0,1.0,0.0006281847096558,1.0,0.0,1.0,0.0003541824932588,1.0,1.0,1.0,3.1753992157860755e-08,1.0,1.0,1.0,0.0028508424464494,1.0,1.0,1.0,0.000264127457312,1.0,1.0,0.0,3.545650100000461e-05,1.0,0.0,0.0,0.0,0.0130528261737222,1.0,5.7525588505444696e-05,1.0,0.0,1.0,0.0112033258854212,1.0,0.5710308782525145,1.0,4.502584024034793e-05,1.0,0.0,1.0,0.0,0.0037326065573581,1.0,1.0,1.0,0.0008256219202724,1.0,1.0,1.0,0.0013894796757449,1.0,1.0,1.0,0.0003318489000145,1.0,1.0,1.0,0.0598947557987011,1.0,1.0,1.0,0.036863903557997,1.0,1.0,0.0,0.9545713844364974,0.921312918341298,0.9742888493629406,7.967144255842186,0.6801476724627876,7.882884568117629,18.0,838.1095756609914,264690.0,0.0,14889.948576317824,0.0,3.773089179917455,7.967144255842186,0.6801476724627876,3.0243011959355077,19.0,0.05413105413105413
0.0046206153832621995,0.0229319494175801,0.00249919528398355,0.0009000000000739001,0.01328297730217525,0.00090001692366525,3.07890001505277e-06,0.0875139397805396,6.449399511473278e-05,0.0181583083053656,0.0004021288323681,0.0144237128845038,0.0485679522090909,0.0113532849499635,0.0005758977681493,0.0010449507369871,0.0005064409604892,0.0008358654805588999,0.00052051110905175,7.070207127557905e-05,9.091415319703556e-05,0.00020577500363135,0.0002983642629857,0.0002617540288247,0.0001651503821096,0.0480096713352167,0.0,0.00432719450097685,1.0,0.00102942819663545,0.6241283467800682,0.00293174722496145,1.0,5.994997453585036e-05,0.0,0.0044740343684259495,0.6132639808286222,0.0006796020422633,0.0,0.0012897750835987,1.0,0.0,0.0003065334790999,1.0,0.6126775856375599,0.0006118439679484,1.0,0.0,0.0001140642768167,1.0,0.0,4.5231767314469614e-05,1.0,0.0,0.000300342941749,1.0,1.0,0.0001730103806228,1.0,0.838949246584827,0.0001192267539485,1.0,1.0,0.0004563540475816,1.0,0.8297127294672082,0.0001009267887653,1.0,1.0,0.0002591730470281,1.0,1.0,0.0003414804871966,1.0,0.0,1.2280134218708977e-06,1.0,0.0,6.087704821547768e-06,1.0,0.0,0.0003795899347339,0.0,1.0,0.0679507968638871,1.0,0.0,0.0064472546390835,1.0,0.0,0.0299843580907661,0.0,0.0,1.0512e-05,1.0,0.0,1.5746581042571204e-12,0.0,5.75218514445606,5.1346168960534575,3.821045422006969,0.0,2.8692711899379083e-06,1.0,1.0,3.68371000721392e-05,1.0,0.0,0.0122103085321636,1.0,0.0,0.07746951171925176,1.0,0.0,0.066957421170547,1.0,1.0,5.652143520702498e-06,1.0,1.0,0.0094468979100871,1.0,0.0,5.012700309828361e-06,1.0,0.0,1.962128814673701e-05,1.0,1.0,0.0018037046522979,1.0,0.0,1.0755010474379444e-05,1.0,0.0,6.5595709983219656e-06,1.0,1.0,6.434142026413603e-07,1.0,1.0,1.619623491202789e-13,1.0,0.0,0.0005893769190097,1.0,0.0,0.0002467148203575,1.0,1.0,3.9048473521063814e-08,1.0,1.0,1.813358091070637e-08,1.0,1.0,5.632621139665781e-10,1.0,1.0,1.4911926696546108e-07,1.0,1.0,4.31995685203766e-06,1.0,0.0,0.0439174663241613,1.0,1.0,1.6890285256408783e-09,1.0,0.0,0.0337571448233822,1.0,1.0,6.726303960623324e-07,1.0,0.0,0.0467548228720583,1.0,1.0,9.576e-08,1.0,0.0,1.000620928752899e-05,1.0,1.0,0.0002244141612071,264690.0,1.2861377412494082e-05,1.0,0.0001402200700634,0.0,0.0001288436060751,1.0,0.0,1.0,0.0002685248700077,1.0,1.0,1.0,0.0,0.0001476638702497,1.0,0.0,0.0,0.0001011006002661,1.0,0.2446546621430612,1.0,0.0001636726109917,1.0,1.0,1.0,0.0003639966311122,1.0,1.0,1.0,0.00216656541831115,1.0,0.0,0.0,6.023112407805567e-05,1.0,1.0,1.0,1.0,0.0001495623858082,0.0,0.0005471915173509,1.0,0.0,0.0,0.0002409110326885,1.0,1.0,1.0,1.0,0.0004966842211455,1.0,0.0,0.0,0.0004354336168333,1.0,0.0,1.0,0.0003353753618639,1.0,0.0,0.0,0.0001813389352387,1.0,0.0,0.5,0.0008732233762285999,1.0,0.0,1.0,0.0002798930458159,1.0,1.0,0.0,1.0,0.0003246990188076,0.0,0.0001111546724558,1.0,0.0,1.0,8.588548816066386e-05,1.0,0.0,1.0,1.0,0.0001448811360149,1.0,0.0,0.0,0.0001357907762031,1.0,0.0,0.0,0.0003097107657766,1.0,0.0,1.0,0.000101745555167,1.0,1.0,1.0,0.0011244437390187999,1.0,1.0,1.0,0.0013851914448922,1.0,1.0,1.0,1.0,0.0448662255419456,0.0,3.278584213002777e-09,1.0,1.0,0.0,0.032457646154697,1.0,0.0,1.0,1.1968392350652454e-15,1.0,1.0,1.0,0.0,0.0189286705610636,1.0,1.0,0.0,2.083212945980105e-05,1.0,1.0,1.0,0.024677669378768,1.0,0.0,1.0,2.797115548073766e-05,1.0,0.0,0.0,0.005368383915463,1.0,1.0,1.0,0.0008200944640383,1.0,1.0,0.0,1.0,1.0,1.0,7.80126719357663,0.6750444315777439,8.055688274039637,175.0,0.43871367676401224,1.0,0.0,0.493220403528787,1.0,3.802350242462941,8.055688274039637,0.6750444315777439,3.229297890368156,177.0,0.5042735042735043
0.0046206153832621995,0.0229319494175801,0.00249919528398355,0.0009000000000739001,0.01328297730217525,0.00090001692366525,0.00026591101633890004,0.0002631454984931,0.00033392818126865,7.331502967708598e-05,8.548576025260417e-05,0.00029105821481259996,0.00024735873938155,0.0003512855291243,5.676888778292314e-05,0.0010449507369871,0.0005064409604892,0.0008358654805588999,0.00052051110905175,7.070207127557905e-05,9.091415319703556e-05,0.00020577500363135,0.0002983642629857,0.0002617540288247,0.0001651503821096,0.0015179245030616,0.0,0.00432719450097685,1.0,0.00102942819663545,0.6241283467800682,0.00293174722496145,1.0,5.994997453585036e-05,0.0,0.0044740343684259495,0.6132639808286222,0.0006796020422633,1.0,0.0029366141370488,1.0,1.0,9.821472508635531e-09,1.0,1.0,1.1691907434014868e-06,1.0,1.0,1.5363444919115376e-07,1.0,0.0,0.0008424042485478,1.0,1.0,4.502249345719794e-05,1.0,0.0,8.73958923369384e-12,1.0,0.0,3.739113743698094e-06,1.0,0.0,0.0008489312772754,1.0,1.0,0.0156412111251857,1.0,1.0,0.0005153891576225,1.0,0.0,3.885292213261074e-05,1.0,0.0,0.00053096647900015,1.0,1.0,0.00037577784272454996,1.0,0.0,0.000377107236627,1.0,1.0,0.0004090530981813,1.0,1.0,9.332191302040747e-05,1.0,0.01924737487351285,0.0001851516122612,1.0,0.0,0.00036563886477915,1.0,0.0,0.00031034097430555,1.0,6.142017656947758,6.17,4.21918284994012,1.0,0.00094622228737275,1.0,0.0,0.00030161454166555,1.0,0.8684375368822927,0.00046449533842345,1.0,1.0,9.732505181296526e-05,1.0,0.0,0.0008223474541493,1.0,0.0,0.00042056105139965,1.0,1.0,6.357671017481105e-05,1.0,0.0,8.95186300711204e-05,1.0,0.0,6.86473451718226e-05,1.0,1.0,0.00012451700193175,1.0,0.7370038800720702,0.00041356743116115,1.0,1.0,0.00010771609799514197,1.0,1.0,0.00043539315559245,1.0,1.0,0.00010716288376599581,1.0,0.3544612469420235,0.00013930251401575,1.0,1.0,0.00020470352168515,1.0,1.0,0.00010241458773015292,1.0,1.0,0.00012846642023805002,1.0,1.0,0.0001173863472579,1.0,1.0,0.0003941170459816,1.0,1.0,0.00059357941590055,1.0,0.0,0.0005032711660119501,1.0,0.5,9.801045077654701e-05,1.0,0.0,8.520010267173671e-05,1.0,0.0,0.00018718664858345002,1.0,1.0,0.00015282011881505,1.0,0.5,0.00011340784905625,1.0,0.5,0.000914125365021,1.0,1.0,0.0002244141612071,264690.0,4.716316030140018e-05,1.0,0.0001402200700634,0.0,0.0001288436060751,1.0,0.0,1.0,0.0002685248700077,1.0,1.0,1.0,0.0,0.0001476638702497,1.0,0.0,0.0,0.0001011006002661,1.0,0.2446546621430612,1.0,0.0001636726109917,1.0,1.0,1.0,0.0003639966311122,1.0,1.0,1.0,0.00216656541831115,1.0,0.0,0.0,6.023112407805567e-05,1.0,1.0,1.0,1.0,0.0001495623858082,0.0,0.0005471915173509,1.0,0.0,0.0,0.0002409110326885,1.0,1.0,1.0,1.0,0.0004966842211455,1.0,0.0,0.0,0.0004354336168333,1.0,0.0,1.0,0.0003353753618639,1.0,0.0,0.0,0.0001813389352387,1.0,0.0,0.5,0.0008732233762285999,1.0,0.0,1.0,0.0002798930458159,1.0,1.0,0.0,1.0,0.0003246990188076,0.0,0.0001111546724558,1.0,0.0,1.0,8.588548816066386e-05,1.0,0.0,1.0,1.0,0.0001448811360149,1.0,0.0,0.0,0.0001357907762031,1.0,0.0,0.0,0.0003097107657766,1.0,0.0,1.0,0.000101745555167,1.0,1.0,1.0,0.0011244437390187999,1.0,1.0,1.0,0.0013851914448922,1.0,1.0,1.0,0.0,0.0001414197958603,1.0,0.0001351548410148,1.0,0.0,0.3434818868518289,2.677257949943856e-05,1.0,0.0,1.0,0.0001031275165441,1.0,0.0,1.0,0.0,6.54203620841598e-05,1.0,0.0065833504607211,0.0,9.717193159536516e-05,1.0,0.943826511804068,1.0,0.0003676609132862,1.0,0.0,1.0,0.0003798138096054,1.0,0.0,1.0,0.0010352132095212,1.0,0.0,1.0,8.55149140169148e-05,1.0,1.0,0.0,0.991140415233379,0.9490189247343732,1.0,7.957232653740328,0.5224181655896963,7.411484369482059,297.0,0.514078936764614,1.0,0.0,0.5061291091211928,0.0,3.9291661150741906,7.957232653740328,0.5224181655896963,3.0832863276794717,300.0,0.8547008547008547
0.0046206153832621995,0.0229319494175801,0.00249919528398355,0.0009000000000739001,0.01328297730217525,0.00090001692366525,0.049015173181609,6.721111349612899e-05,0.0237133800400259,0.0270337712895263,2.8174452889437123e-13,0.0037239764995717,0.0002317764163024,0.0002388511550853,2.0880142694868396e-05,0.0180557033012922,0.0001092661597622,0.0013485659505616,0.0025573412938843,0.0002576135905222,4.536977023886482e-14,2.5848451412381088e-15,0.00027783,0.0004306500004935,0.0002828012708941,0.0015179245030616,0.0,0.00432719450097685,1.0,0.00102942819663545,0.6241283467800682,0.00293174722496145,1.0,5.994997453585036e-05,0.0,0.0044740343684259495,0.6132639808286222,0.0006796020422633,0.0,0.0001393729408533,1.0,1.0,0.0279716118091264,1.0,0.0,0.0001783477759685,1.0,1.0,0.00038881577626,1.0,0.0,0.000740620187576,1.0,0.0,0.0002318885543004,1.0,1.0,0.0002556818788834,1.0,0.0,0.0001192267539485,1.0,1.0,0.0002266089465634,1.0,0.0,0.07404221811405629,1.0,0.0,1.7180455250232656e-06,1.0,0.0,0.0001917375807331,1.0,0.0,7.552701301578326e-05,1.0,1.0,0.0743242929380016,1.0,0.0,0.0020216068051488,1.0,1.0,3.33851718331071e-05,1.0,1.0,0.000227791909361,1.0,0.0,0.0020579194693671,1.0,1.0,0.0003880880017035,1.0,0.0,4.4247477930266815e-20,0.0,4.862891623484343,4.068209959559878,3.821045422006969,0.0,8.191808301761367e-05,1.0,0.0,0.0154915723922381,1.0,0.0,0.0038796767482836,1.0,1.0,0.0001195552359104,1.0,1.0,0.02972918042058,1.0,0.0,0.0001870224576804,1.0,0.0,0.0314155327275214,1.0,0.0,0.0028207159088136,1.0,1.0,6.368368916355696e-05,1.0,0.0,0.0045430725294418,1.0,0.0,0.0079466412658144,1.0,0.0,0.0007199841096955,1.0,0.0,0.0090067323651127,1.0,0.0,7.534800000274437e-05,1.0,0.0,0.0299571477387759,1.0,1.0,0.0003315605220069,1.0,0.0,0.0004154564875586,1.0,1.0,0.0038263589941497,1.0,1.0,0.0025115095813571,1.0,0.0,0.0487379213465845,1.0,1.0,0.0208429704598531,1.0,0.0,0.0001010481702428,1.0,0.0,7.567200000013523e-05,1.0,1.0,1.950326331879886e-05,1.0,1.0,0.0002225701444785,1.0,0.0,0.0600754073467973,1.0,1.0,0.0099915476536783,1.0,1.0,0.0757772727840555,1.0,1.0,0.0001870119405511,264690.0,0.0011016,1.0,7.429149959118225e-05,0.0,0.0106827221305966,1.0,1.0,0.0,0.0018616950287056,1.0,0.0,1.0,0.0,2.126260521332701e-08,1.0,0.0,0.4663943579021031,0.0611534462009501,1.0,0.1290564586917426,1.0,1.689183426114051e-09,1.0,0.0,1.0,0.000189971126875,1.0,1.0,0.0,0.0001899711011172,1.0,0.0,0.0,3.0442075993030683e-09,1.0,0.0,0.0,1.0,0.0002700624704322,1.0,6.046758000067068e-05,1.0,1.0,0.0,5.273548666993215e-05,1.0,1.0,1.0,1.0,6.500149587856662e-17,1.0,1.0,0.0,3.851863485950025e-06,1.0,1.0,1.0,1.0903533925095669e-13,1.0,0.0,1.0,0.0007290269984693,1.0,0.0,1.0,0.0002111481,1.0,1.0,1.0,0.0016014231404302,1.0,1.0,1.0,0.0,0.0003246990188076,0.0,0.0191920400331915,1.0,0.0,1.0,5.9568398620188056e-05,1.0,0.0,1.0,1.0,0.0002461063774397,1.0,1.0,0.0,0.0420466238128828,1.0,1.0,0.0,0.0182887253648801,1.0,0.0,1.0,0.0016605409737191,1.0,1.0,1.0,0.0033240345024654,1.0,1.0,1.0,0.0382144533884533,1.0,1.0,1.0,0.0,0.0001908156670326,0.0,0.0001355167661692,1.0,1.0,0.0,0.0005620387268287,1.0,1.0,1.0,0.0065952476374814,1.0,0.0,1.0,0.0,1.810593853255338e-09,1.0,0.0,0.0,1.314326571954172e-06,1.0,1.0,0.0,0.0039133187169324,1.0,0.0,1.0,0.0002347269755539,1.0,1.0,0.0,0.000502598254031,1.0,0.0,1.0,0.0154872418730975,1.0,0.0,0.0,1.0,0.9760994334945052,1.0,1.837942761858557,0.7139180953951878,6.886916181137958,18.0,838.0775215806144,264690.0,0.0,14889.950385145008,1.0,2.668247256866304,6.886916181137958,0.7139180953951878,2.3149142859636145,20.0,0.05698005698005698
0.0046206153832621995,0.0229319494175801,0.00249919528398355,0.0009000000000739001,0.01328297730217525,0.00090001692366525,0.0001858880515813,0.0055422064985503,0.0025157637279355,1.720505836238764e-07,0.0085160463621555,4.6025374040262374e-07,0.0004936371047651,0.0148478003878034,2.3478118770957267e-05,5.913956656466698e-06,9.114988770687496e-05,6.51719403667712e-05,0.000169738206007,0.0236855988158183,0.0236536020353247,3.3572002123350885e-06,1.3271907352225312e-05,1.1898657287479382e-08,2.9857858130800564e-07,2.097335373999556e-05,0.0,0.00432719450097685,1.0,0.00102942819663545,0.6241283467800682,0.00293174722496145,1.0,5.994997453585036e-05,0.0,0.0044740343684259495,0.6132639808286222,0.0006796020422633,0.0,3.0205211585351875e-08,1.0,0.0,1.0260285314718174e-17,1.0,0.0,0.0001004914719875,1.0,0.0,0.0423332504295258,1.0,1.0,0.0161121085086129,1.0,1.0,0.0005167721555429,1.0,0.0,0.0191764629354282,1.0,0.0,1.4009827089470213e-12,1.0,0.0,0.0665172262071685,1.0,1.0,0.0401858578565704,1.0,0.0,1.2936191132413885e-06,1.0,0.0,9.856344533010689e-08,1.0,1.0,0.0234499577391658,0.0,0.0,0.0061821175022987,1.0,1.0,0.0213307332729286,1.0,0.0,0.0104212493537115,1.0,1.0,0.0574561388444539,1.0,0.0,0.0009831251715018,1.0,1.0,6.627833283942372e-05,1.0,1.0,0.0001304988591639,0.0,4.7166192268443945,4.84724346211399,3.807175677181361,0.0,4.4685041246896687e-08,1.0,0.0,0.0057134713495563,1.0,1.0,1.0304259385953973e-23,1.0,0.0,0.0338227150834306,1.0,1.0,1.8639554689539352e-05,1.0,1.0,0.0030902113790103,1.0,0.0,2.3328e-05,1.0,1.0,7.5845855895354785e-06,1.0,0.0,0.000826610136414,1.0,0.0,0.0006856956719548,1.0,1.0,0.000758391328938,1.0,1.0,6.487152784576496e-06,1.0,1.0,5.480641535729206e-13,1.0,0.0,7.304253452628041e-05,1.0,1.0,0.0064605554690535,1.0,1.0,0.0006564637569337,1.0,1.0,0.0214287050445764,1.0,1.0,0.0038086673211922,1.0,1.0,0.0010778759034096,1.0,0.0,1.6065411646672558e-07,1.0,1.0,8.842747741367413e-06,1.0,0.0,0.0017707485707086,1.0,0.0,0.0404091062840429,1.0,0.0,0.0249912101236297,1.0,0.0,0.0798105623241571,1.0,0.0,0.0001249481740049,1.0,1.0,3.877446258796696e-05,1.0,0.0,1.83875765034726e-05,1.0,0.0,1.5437202313380568e-05,264690.0,0.0001165986564347,0.0,0.0349301345697463,0.0,2.2381302644126842e-10,1.0,0.0,0.0,1.431237905269322e-05,1.0,0.0,1.0,0.0,6.393306458238056e-08,1.0,1.0,0.0,3.0352980897586614e-12,1.0,0.0,1.0,6.399405216084807e-06,1.0,1.0,0.0,1.0100472824861665e-07,1.0,1.0,1.0,0.00216656541831115,1.0,0.0,1.0,3.401857791256584e-09,1.0,0.0,1.0,0.0,1.1397150028833604e-05,0.0,1.5163344459126342e-18,1.0,0.0,1.0,9.447724476847227e-08,1.0,1.0,1.0,0.0,0.0275001602193326,1.0,1.0,1.0,5.196927547090408e-08,1.0,1.0,0.0,0.0003878763578366,1.0,1.0,0.0,0.0010580649879575,1.0,0.0,1.0,2.9483100000000057e-05,1.0,1.0,1.0,0.0124138172045878,1.0,1.0,1.0,1.0,0.0257907123302351,0.0,1.635929812608243e-05,1.0,0.0,1.0,3.45945325432438e-08,1.0,1.0,1.0,1.0,2.3487444375342497e-13,1.0,0.0,1.0,4.261494393902405e-08,1.0,0.0,0.0,2.14450932101048e-09,1.0,1.0,0.0,0.0924966756148931,1.0,0.0,1.0,2.9514670793415472e-05,1.0,1.0,0.0,2.940734618822428e-05,1.0,1.0,0.0,1.0,1.2308991710275757e-05,0.0,0.000499855962839,1.0,0.0,0.0,1.1406442112086362e-05,1.0,0.0,1.0,2.039591004119653e-05,1.0,0.0,1.0,0.0,0.0005208369421137,1.0,0.0,1.0,2.787945470681598e-09,1.0,0.0,0.0,8.691752694793749e-07,1.0,0.0,1.0,0.0478469793452336,1.0,1.0,0.0,2.8816313343152643e-05,1.0,0.0,0.0,0.0008074614261162,1.0,1.0,0.0,1.0,0.1957182612215044,0.9776854991670372,7.953113050250055,0.6344322843686451,7.778360777917396,22.0,848.8040253193831,264690.0,0.0,14985.09550353157,1.0,3.016498432643373,7.953113050250055,0.1957182612215044,2.753995447719315,24.0,0.06837606837606838
0.0046206153832621995,0.0229319494175801,0.00249919528398355,0.0009000000000739001,0.01328297730217525,0.00090001692366525,0.00026591101633890004,0.0002631454984931,0.00033392818126865,7.331502967708598e-05,8.548576025260417e-05,0.00029105821481259996,0.00024735873938155,0.0003512855291243,5.676888778292314e-05,0.0010449507369871,0.0005064409604892,0.0008358654805588999,0.00052051110905175,7.070207127557905e-05,9.091415319703556e-05,0.00020577500363135,0.0002983642629857,0.0002617540288247,0.0001651503821096,0.0015179245030616,0.0,0.00432719450097685,1.0,0.00102942819663545,0.6241283467800682,0.00293174722496145,1.0,5.994997453585036e-05,0.0,0.0044740343684259495,0.6132639808286222,0.0006796020422633,0.0,0.0012897750835987,1.0,0.0,0.0003065334790999,1.0,0.6126775856375599,0.0006118439679484,1.0,0.0,0.0001140642768167,1.0,0.0,4.5231767314469614e-05,1.0,0.0,0.000300342941749,1.0,1.0,0.0001730103806228,1.0,0.838949246584827,0.0001192267539485,1.0,1.0,0.0004563540475816,1.0,0.8297127294672082,0.0001009267887653,1.0,1.0,0.0002591730470281,1.0,1.0,0.0003414804871966,1.0,0.0,0.00053096647900015,1.0,1.0,0.00037577784272454996,1.0,0.0,0.000377107236627,1.0,1.0,0.0004090530981813,1.0,1.0,9.332191302040747e-05,1.0,0.01924737487351285,0.0001851516122612,1.0,0.0,0.00036563886477915,1.0,0.0,0.00031034097430555,1.0,4.834266770447862,4.426421395417475,3.821045422006969,1.0,9.088007572739256e-05,1.0,1.0,5.533283683955841e-07,1.0,0.0,2.723419862011633e-08,1.0,1.0,0.0004765469578222,1.0,1.0,0.0251983729118513,1.0,1.0,0.0033356891641938,1.0,1.0,2.0705257455353974e-05,1.0,0.0,4.789772810943247e-06,1.0,1.0,7.900512001199802e-08,1.0,0.0,0.0610656128686676,1.0,0.0,0.0420523947869641,1.0,1.0,0.0008958669359922,1.0,1.0,2.7005420934186472e-11,1.0,1.0,4.3575347932839074e-07,1.0,0.0,1.4309726779526745e-06,1.0,0.0,1.4839785213749576e-06,1.0,1.0,0.0004615629811314,1.0,0.0,6.38617594557025e-10,1.0,0.0,0.0041035717658871,1.0,0.0,0.0008334240724533,1.0,0.0,3.6729990000195165e-05,1.0,0.0,2.9533102978676998e-05,1.0,0.0,2.8105708023344533e-14,1.0,1.0,1.6228975791222e-05,1.0,1.0,0.0308762672688256,1.0,1.0,0.0003095910754082,1.0,0.0,0.0005486495778739,1.0,0.0,0.0051057210838798,1.0,1.0,0.0002244141612071,264690.0,0.0001531259974633,1.0,0.0001402200700634,0.0,0.0001288436060751,1.0,0.0,1.0,0.0002685248700077,1.0,1.0,1.0,0.0,0.0001476638702497,1.0,0.0,0.0,0.0001011006002661,1.0,0.2446546621430612,1.0,0.0001636726109917,1.0,1.0,1.0,0.0003639966311122,1.0,1.0,1.0,0.00216656541831115,1.0,0.0,0.0,6.023112407805567e-05,1.0,1.0,1.0,1.0,0.0001495623858082,0.0,0.0005471915173509,1.0,0.0,0.0,0.0002409110326885,1.0,1.0,1.0,1.0,0.0004966842211455,1.0,0.0,0.0,0.0004354336168333,1.0,0.0,1.0,0.0003353753618639,1.0,0.0,0.0,0.0001813389352387,1.0,0.0,0.5,0.0008732233762285999,1.0,0.0,1.0,0.0002798930458159,1.0,1.0,0.0,1.0,0.0003246990188076,0.0,0.0001111546724558,1.0,0.0,1.0,8.588548816066386e-05,1.0,0.0,1.0,1.0,0.0001448811360149,1.0,0.0,0.0,0.0001357907762031,1.0,0.0,0.0,0.0003097107657766,1.0,0.0,1.0,0.000101745555167,1.0,1.0,1.0,0.0011244437390187999,1.0,1.0,1.0,0.0013851914448922,1.0,1.0,1.0,0.0,0.0001414197958603,1.0,0.0001351548410148,1.0,0.0,0.3434818868518289,2.677257949943856e-05,1.0,0.0,1.0,0.0001031275165441,1.0,0.0,1.0,0.0,6.54203620841598e-05,1.0,0.0065833504607211,0.0,9.717193159536516e-05,1.0,0.943826511804068,1.0,0.0003676609132862,1.0,0.0,1.0,0.0003798138096054,1.0,0.0,1.0,0.0010352132095212,1.0,0.0,1.0,8.55149140169148e-05,1.0,1.0,0.0,1.0,0.9205986402373622,0.9744807772291998,10.003,0.602345545371148,11.497279269226896,249.0,0.4961837561830728,1.0,0.0,0.5009548611770105,1.0,4.282299049741243,11.497279269226896,0.602345545371148,4.336984382833093,253.0,0.7207977207977208
0.0046206153832621995,0.0229319494175801,0.00249919528398355,0.0009000000000739001,0.01328297730217525,0.00090001692366525,0.00026591101633890004,0.0002631454984931,0.00033392818126865,7.331502967708598e-05,8.548576025260417e-05,0.00029105821481259996,0.00024735873938155,0.0003512855291243,5.676888778292314e-05,0.0010449507369871,0.0005064409604892,0.0008358654805588999,0.00052051110905175,7.070207127557905e-05,9.091415319703556e-05,0.00020577500363135,0.0002983642629857,0.0002617540288247,0.0001651503821096,0.0015179245030616,0.0,0.00432719450097685,1.0,0.00102942819663545,0.6241283467800682,0.00293174722496145,1.0,5.994997453585036e-05,0.0,0.0044740343684259495,0.6132639808286222,0.0006796020422633,0.0,0.0012897750835987,1.0,0.0,0.0003065334790999,1.0,0.6126775856375599,0.0006118439679484,1.0,0.0,0.0001140642768167,1.0,0.0,4.5231767314469614e-05,1.0,0.0,0.000300342941749,1.0,1.0,0.0001730103806228,1.0,0.838949246584827,0.0001192267539485,1.0,1.0,0.0004563540475816,1.0,0.8297127294672082,0.0001009267887653,1.0,1.0,0.0002591730470281,1.0,1.0,0.0003414804871966,1.0,0.0,0.00053096647900015,1.0,1.0,0.00037577784272454996,1.0,0.0,0.000377107236627,1.0,1.0,0.0004090530981813,1.0,1.0,9.332191302040747e-05,1.0,0.01924737487351285,0.0001851516122612,1.0,0.0,0.00036563886477915,1.0,0.0,0.00031034097430555,1.0,5.279773811240185,4.833975664811405,5.1191474603840765,1.0,0.00094622228737275,1.0,0.0,0.00030161454166555,1.0,0.8684375368822927,0.00046449533842345,1.0,1.0,9.732505181296526e-05,1.0,0.0,0.0008223474541493,1.0,0.0,0.00042056105139965,1.0,1.0,6.357671017481105e-05,1.0,0.0,8.95186300711204e-05,1.0,0.0,6.86473451718226e-05,1.0,1.0,0.00012451700193175,1.0,0.7370038800720702,0.00041356743116115,1.0,1.0,0.00010771609799514197,1.0,1.0,0.00043539315559245,1.0,1.0,0.00010716288376599581,1.0,0.3544612469420235,0.00013930251401575,1.0,1.0,0.00020470352168515,1.0,1.0,0.00010241458773015292,1.0,1.0,0.00012846642023805002,1.0,1.0,0.0001173863472579,1.0,1.0,0.0003941170459816,1.0,1.0,0.00059357941590055,1.0,0.0,0.0005032711660119501,1.0,0.5,9.801045077654701e-05,1.0,0.0,8.520010267173671e-05,1.0,0.0,0.00018718664858345002,1.0,1.0,0.00015282011881505,1.0,0.5,0.00011340784905625,1.0,0.5,0.000914125365021,1.0,1.0,0.0002244141612071,264690.0,0.00045046316566120005,1.0,0.0001402200700634,0.0,0.0001288436060751,1.0,0.0,1.0,0.0002685248700077,1.0,1.0,1.0,0.0,0.0001476638702497,1.0,0.0,0.0,0.0001011006002661,1.0,0.2446546621430612,1.0,0.0001636726109917,1.0,1.0,1.0,0.0003639966311122,1.0,1.0,1.0,0.00216656541831115,1.0,0.0,0.0,6.023112407805567e-05,1.0,1.0,1.0,1.0,0.0001495623858082,0.0,0.0005471915173509,1.0,0.0,0.0,0.0002409110326885,1.0,1.0,1.0,1.0,0.0004966842211455,1.0,0.0,0.0,0.0004354336168333,1.0,0.0,1.0,0.0003353753618639,1.0,0.0,0.0,0.0001813389352387,1.0,0.0,0.5,0.0008732233762285999,1.0,0.0,1.0,0.0002798930458159,1.0,1.0,0.0,1.0,0.0003246990188076,0.0,0.0001111546724558,1.0,0.0,1.0,8.588548816066386e-05,1.0,0.0,1.0,1.0,0.0001448811360149,1.0,0.0,0.0,0.0001357907762031,1.0,0.0,0.0,0.0003097107657766,1.0,0.0,1.0,0.000101745555167,1.0,1.0,1.0,0.0011244437390187999,1.0,1.0,1.0,0.0013851914448922,1.0,1.0,1.0,0.0,0.0001414197958603,1.0,0.0001351548410148,1.0,0.0,0.3434818868518289,2.677257949943856e-05,1.0,0.0,1.0,0.0001031275165441,1.0,0.0,1.0,0.0,6.54203620841598e-05,1.0,0.0065833504607211,0.0,9.717193159536516e-05,1.0,0.943826511804068,1.0,0.0003676609132862,1.0,0.0,1.0,0.0003798138096054,1.0,0.0,1.0,0.0010352132095212,1.0,0.0,1.0,8.55149140169148e-05,1.0,1.0,0.0,0.9900604943564169,1.0,0.9711242860424336,9.669496496489057,0.6643195203540119,9.906144826545964,334.0,0.0,0.0,0.0,0.0,0.0,4.2704491733581715,9.906144826545964,0.6643195203540119,3.6795697451188407,337.0,0.9601139601139601
0.0046206153832621995,0.0229319494175801,0.00249919528398355,0.0009000000000739001,0.01328297730217525,0.00090001692366525,0.0143086078145864,4.430493992781833e-06,6.091655215190165e-05,4.341920966386917e-05,0.0392202964780165,0.0025033517887585,2.2733946554527505e-05,0.0042116197631768,3.261810382408764e-19,0.0017555770330915,0.0004845015254789,0.0665431993132025,0.020727833242659,0.0856199809419423,6.379942268974446e-05,3.810935064115713e-05,5.9070036727506894e-08,0.0002209002227005,0.0101660462717475,0.0008189552365054,0.0,0.00432719450097685,1.0,0.00102942819663545,0.6241283467800682,0.00293174722496145,1.0,5.994997453585036e-05,0.0,0.0044740343684259495,0.6132639808286222,0.0006796020422633,1.0,0.0036554487787796,1.0,0.0,0.0003112985400721,1.0,0.0,2.1497686204159838e-07,1.0,1.0,0.0011660135706454,1.0,1.0,0.0001409251391797,1.0,1.0,5.975057707124945e-16,1.0,1.0,0.0004103219271352,1.0,1.0,0.0004730251891224,1.0,1.0,2.176451239286139e-06,1.0,0.0,5.614769271606015e-07,1.0,1.0,0.0001875749313628,1.0,1.0,0.0026343462596745,1.0,0.0,2.1501365534807822e-05,1.0,1.0,3.6675000079707774e-06,1.0,0.0,0.0001932082448175,1.0,0.0,0.0325752798715837,1.0,0.0,6.307018730311335e-14,1.0,1.0,0.0026208089667364,1.0,1.0,0.0005824690282223,1.0,1.0,0.0002459397130227,1.0,4.731943244559061,4.9560543107030695,4.101135661461108,1.0,0.0001754452278221,1.0,1.0,5.197033233292875e-06,1.0,1.0,0.0132418057916731,1.0,1.0,2.3527363389482803e-06,1.0,0.0,2.448887509652708e-05,1.0,1.0,0.0590352778895013,1.0,0.0,9.156220580618482e-06,1.0,0.0,0.0005466360126662,1.0,1.0,1.660483296608634e-05,1.0,0.0,0.0048456164673588,1.0,0.7892188103287567,5.400898092228231e-06,1.0,1.0,1.922401797664132e-06,1.0,1.0,0.0001318182194724,1.0,1.0,0.0001956483995652,1.0,1.0,0.0029157299733942,1.0,1.0,0.0213042278715727,1.0,0.0,0.0008054341452002,1.0,0.0,0.0022087412462242,1.0,1.0,1.0713530566265768e-05,1.0,0.0,1.2502762122496191e-05,1.0,1.0,0.0356647743019237,1.0,1.0,0.0071354813988418,1.0,1.0,0.0025403559787862,1.0,1.0,0.0011636674478409,1.0,1.0,0.0189795080537115,1.0,1.0,0.0086936727801887,1.0,1.0,0.0001269569334497,1.0,0.0,0.0033259785700771,1.0,0.0,3.628129173916772e-06,264690.0,0.0001991757850257,0.0,0.0022292217486043,0.0,0.0002268453164886,1.0,1.0,0.0,6.486578017146128e-08,1.0,0.0,1.0,0.0,0.0468597660694725,1.0,1.0,1.0,0.0002236392982613,1.0,0.0,1.0,0.0002428873935379,1.0,0.0,0.0,0.0016456854457387,1.0,1.0,0.0,0.0555760173766629,1.0,1.0,0.0,0.0705105764181696,1.0,1.0,0.0,0.0,0.010035533887231,0.0,6.89975492890847e-10,1.0,0.0,1.0,0.0078028488143791,1.0,1.0,1.0,1.0,0.0315113283901395,1.0,0.0,0.0,0.0007151522086845,1.0,1.0,1.0,1.3395605935490012e-05,1.0,1.0,0.0,3.726629469686202e-05,1.0,0.0,0.0,0.0001017405016142,1.0,0.0,0.0,3.8276338366783855e-15,1.0,1.0,0.0,0.0,0.0142972818938448,0.0,0.0009569018488812,1.0,0.0,1.0,3.753993663319632e-05,1.0,0.0,1.0,1.0,0.0233750342356208,1.0,0.0,0.0,0.0089511607457119,1.0,0.0,1.0,1.18897715048032e-06,1.0,1.0,0.0,0.0062310673892905,1.0,1.0,0.0,0.0029197573142695,1.0,1.0,0.0,5.038788233527428e-07,1.0,1.0,1.0,0.0,5.65566730348124e-06,1.0,0.0017813798071557,1.0,0.0,1.0,3.4126970645035916e-09,1.0,0.9599413137455496,0.0,8.666323525740417e-05,1.0,1.0,1.0,1.0,4.206265460869508e-07,1.0,1.0,0.0,0.0017620066183797,1.0,1.0,1.0,0.0044293063502516,1.0,1.0,0.0,3.8137320000349232e-06,1.0,1.0,1.0,0.0310658500199063,1.0,1.0,1.0,2.762964885168508e-26,1.0,0.0,1.0,0.9740535283443632,0.685122539229664,0.9789852679261576,10.003,0.712321370078318,7.778360777917396,18.0,838.1156587489548,264690.0,0.0,14889.948233051211,1.0,3.392826990287718,10.003,0.685122539229664,3.2651158606615094,20.0,0.05698005698005698
0.0046206153832621995,0.0229319494175801,0.00249919528398355,0.0009000000000739001,0.01328297730217525,0.00090001692366525,0.001133887127531,2.2558250483490052e-08,3.533595330612396e-09,0.0011951562890871,0.0010549884985657,2.227265251122433e-08,1.4559685153645073e-05,3.905100000010662e-05,4.599730082649859e-16,0.0009304314256781,0.0027450933268238,1.3961201894343578e-05,0.0440393487827941,0.006357032436704,1.4088310810608072e-05,1.0830338433576618e-14,0.0182134680461554,0.0001654095247108,2.603985598687524e-09,0.0027460005627093,0.0,0.00432719450097685,1.0,0.00102942819663545,0.6241283467800682,0.00293174722496145,1.0,5.994997453585036e-05,0.0,0.0044740343684259495,0.6132639808286222,0.0006796020422633,0.0,0.0012897750835987,1.0,0.0,0.0003065334790999,1.0,0.6126775856375599,0.0006118439679484,1.0,0.0,0.0001140642768167,1.0,0.0,4.5231767314469614e-05,1.0,0.0,0.000300342941749,1.0,1.0,0.0001730103806228,1.0,0.838949246584827,0.0001192267539485,1.0,1.0,0.0004563540475816,1.0,0.8297127294672082,0.0001009267887653,1.0,1.0,0.0002591730470281,1.0,1.0,0.0003414804871966,1.0,0.0,0.00053096647900015,1.0,1.0,0.00037577784272454996,1.0,0.0,0.000377107236627,1.0,1.0,0.0004090530981813,1.0,1.0,9.332191302040747e-05,1.0,0.01924737487351285,0.0001851516122612,1.0,0.0,0.00036563886477915,1.0,0.0,0.00031034097430555,1.0,5.35435141844272,5.181640615338484,3.821045422006969,1.0,0.00094622228737275,1.0,0.0,0.00030161454166555,1.0,0.8684375368822927,0.00046449533842345,1.0,1.0,9.732505181296526e-05,1.0,0.0,0.0008223474541493,1.0,0.0,0.00042056105139965,1.0,1.0,6.357671017481105e-05,1.0,0.0,8.95186300711204e-05,1.0,0.0,6.86473451718226e-05,1.0,1.0,0.00012451700193175,1.0,0.7370038800720702,0.00041356743116115,1.0,1.0,0.00010771609799514197,1.0,1.0,0.00043539315559245,1.0,1.0,0.00010716288376599581,1.0,0.3544612469420235,0.00013930251401575,1.0,1.0,0.00020470352168515,1.0,1.0,0.00010241458773015292,1.0,1.0,0.00012846642023805002,1.0,1.0,0.0001173863472579,1.0,1.0,0.0003941170459816,1.0,1.0,0.00059357941590055,1.0,0.0,0.0005032711660119501,1.0,0.5,9.801045077654701e-05,1.0,0.0,8.520010267173671e-05,1.0,0.0,0.00018718664858345002,1.0,1.0,0.00015282011881505,1.0,0.5,0.00011340784905625,1.0,0.5,0.000914125365021,1.0,1.0,0.0002244141612071,264690.0,0.00045046316566120005,1.0,0.0001402200700634,0.0,0.0001288436060751,1.0,0.0,1.0,0.0002685248700077,1.0,1.0,1.0,0.0,0.0001476638702497,1.0,0.0,0.0,0.0001011006002661,1.0,0.2446546621430612,1.0,0.0001636726109917,1.0,1.0,1.0,0.0003639966311122,1.0,1.0,1.0,0.00216656541831115,1.0,0.0,0.0,6.023112407805567e-05,1.0,1.0,1.0,1.0,0.0001495623858082,0.0,0.0005471915173509,1.0,0.0,0.0,0.0002409110326885,1.0,1.0,1.0,1.0,0.0004966842211455,1.0,0.0,0.0,0.0004354336168333,1.0,0.0,1.0,0.0003353753618639,1.0,0.0,0.0,0.0001813389352387,1.0,0.0,0.5,0.0008732233762285999,1.0,0.0,1.0,0.0002798930458159,1.0,1.0,0.0,1.0,0.0003246990188076,0.0,0.0001111546724558,1.0,0.0,1.0,8.588548816066386e-05,1.0,0.0,1.0,1.0,0.0001448811360149,1.0,0.0,0.0,0.0001357907762031,1.0,0.0,0.0,0.0003097107657766,1.0,0.0,1.0,0.000101745555167,1.0,1.0,1.0,0.0011244437390187999,1.0,1.0,1.0,0.0013851914448922,1.0,1.0,1.0,0.0,0.0001414197958603,1.0,0.0001351548410148,1.0,0.0,0.3434818868518289,2.677257949943856e-05,1.0,0.0,1.0,0.0001031275165441,1.0,0.0,1.0,0.0,6.54203620841598e-05,1.0,0.0065833504607211,0.0,9.717193159536516e-05,1.0,0.943826511804068,1.0,0.0003676609132862,1.0,0.0,1.0,0.0003798138096054,1.0,0.0,1.0,0.0010352132095212,1.0,0.0,1.0,8.55149140169148e-05,1.0,1.0,0.0,0.9907116879180674,0.9648709330357024,0.9931657007350316,7.091821317140311,0.6298482557224918,7.778360777917396,314.0,0.003933126359355661,0.0440393487827941,4.599730082649859e-16,0.010316096800601748,9.0,0.0,0.0,0.0,0.0,330.0,0.9401709401709402
0.0046206153832621995,0.0229319494175801,0.00249919528398355,0.0009000000000739001,0.01328297730217525,0.00090001692366525,3.026334526798694e-06,2.778079398642106e-05,8.082093835563057e-08,2.416886308453572e-10,9.001943083770516e-10,3.040481829236255e-06,2.634540508965894e-06,3.09762790439394e-05,0.0088220529558966,5.913005055964168e-06,0.0752295132953527,0.0347097805587194,2.5439473944847666e-08,6.120026627807761e-05,4.700154986278273e-09,0.0422643220329059,0.0001466169202042,1.3916672882962933e-08,0.0038511517473547,0.0275713905590345,0.0,0.00432719450097685,1.0,0.00102942819663545,0.6241283467800682,0.00293174722496145,1.0,5.994997453585036e-05,0.0,0.0044740343684259495,0.6132639808286222,0.0006796020422633,0.0,4.498249513846887e-09,1.0,1.0,4.440914370930175e-05,1.0,0.0,0.0395877457870746,1.0,0.0,0.0067744902210087,1.0,1.0,4.579406705315936e-08,1.0,1.0,0.0022688032382812,1.0,0.0,0.0024865145296001,1.0,0.0,2.2714153192229687e-20,1.0,1.0,0.0022424103686818,1.0,1.0,0.0062960603022785,1.0,0.0,0.0001466784688994,1.0,1.0,0.0275544101267002,1.0,1.0,0.0249602376400872,1.0,0.0,5.554527449551603e-06,1.0,0.0,0.001148689998079,1.0,1.0,0.0024595320310974,0.0,0.0,3.5046000000000003e-06,1.0,0.0,6.35875001493518e-07,1.0,1.0,0.000121888393962,1.0,1.0,6.5874673451424875e-09,1.0,5.042081697318445,3.1827144381025594,-1.305597427447478,1.0,0.0713283407020626,1.0,0.0,4.740536349652775e-06,1.0,0.0,3.139696158495704e-06,1.0,0.0,0.0268021367788167,1.0,0.0,7.811780953871473e-06,1.0,0.0,1.1977108282050689e-06,1.0,1.0,0.0468987741975205,1.0,0.0,2.202826823630467e-05,1.0,0.0,5.499180279974677e-08,1.0,1.0,1.248713791637315e-16,1.0,0.0,0.0262435746257419,1.0,0.0,1.3326173287383494e-06,1.0,1.0,0.002686172319216,1.0,0.0,1.4143096386404526e-05,1.0,1.0,0.0010103400430604,1.0,0.0,2.675017465130069e-06,1.0,0.0,3.8267376173246165e-08,1.0,1.0,2.172709073405165e-11,1.0,1.0,0.0065032515402813,1.0,1.0,6.592085148898889e-17,1.0,0.0,0.0030741545903744,1.0,0.0,0.0526791407120713,1.0,1.0,0.000759677544813,1.0,0.0,0.0076079664554683,1.0,0.0,0.0086621970450032,1.0,0.0,0.0023281198199744,1.0,1.0,1.6747004377640595e-21,1.0,1.0,0.0037687143715258,1.0,0.0,0.0704084537130752,264690.0,0.0005618670393256,1.0,0.0001402200700634,0.0,0.0001288436060751,1.0,0.0,1.0,0.0002685248700077,1.0,1.0,1.0,0.0,0.0001476638702497,1.0,0.0,0.0,0.0001011006002661,1.0,0.2446546621430612,1.0,0.0001636726109917,1.0,1.0,1.0,0.0003639966311122,1.0,1.0,1.0,0.00216656541831115,1.0,0.0,0.0,6.023112407805567e-05,1.0,1.0,1.0,1.0,0.0001495623858082,0.0,0.0005471915173509,1.0,0.0,0.0,0.0002409110326885,1.0,1.0,1.0,1.0,0.0004966842211455,1.0,0.0,0.0,0.0004354336168333,1.0,0.0,1.0,0.0003353753618639,1.0,0.0,0.0,0.0001813389352387,1.0,0.0,0.5,0.0008732233762285999,1.0,0.0,1.0,0.0002798930458159,1.0,1.0,0.0,1.0,0.0003246990188076,0.0,0.0001111546724558,1.0,0.0,1.0,8.588548816066386e-05,1.0,0.0,1.0,1.0,0.0001448811360149,1.0,0.0,0.0,0.0001357907762031,1.0,0.0,0.0,0.0003097107657766,1.0,0.0,1.0,0.000101745555167,1.0,1.0,1.0,0.0011244437390187999,1.0,1.0,1.0,0.0013851914448922,1.0,1.0,1.0,0.0,6.717702952701444e-05,1.0,0.0002079641609991,1.0,1.0,1.0,4.265489539892288e-17,1.0,1.0,0.0,1.4544148666937994e-05,1.0,1.0,1.0,0.0,0.002345046351299,1.0,1.0,0.0,0.0053415278270428,1.0,1.0,1.0,0.000180918782462,1.0,1.0,0.0,3.050799347339763e-06,1.0,1.0,0.0,1.201410002541872e-05,1.0,1.0,0.0,0.0006430455616199,1.0,1.0,1.0,0.8958017040094306,0.9611870852642402,0.0,1.188552155709189,0.756,-9.256478212306911,126.0,1272.988697242693,264690.0,0.0,18352.91867488291,0.0,0.12942265606187042,5.042081697318445,-9.555935748399554,4.06405790473858,127.0,0.36182336182336183
0.0046206153832621995,0.0229319494175801,0.00249919528398355,0.0009000000000739001,0.01328297730217525,0.00090001692366525,0.00026591101633890004,0.0002631454984931,0.00033392818126865,7.331502967708598e-05,8.548576025260417e-05,0.00029105821481259996,0.00024735873938155,0.0003512855291243,5.676888778292314e-05,0.0010449507369871,0.0005064409604892,0.0008358654805588999,0.00052051110905175,7.070207127557905e-05,9.091415319703556e-05,0.00020577500363135,0.0002983642629857,0.0002617540288247,0.0001651503821096,0.0015179245030616,0.0,0.00432719450097685,1.0,0.00102942819663545,0.6241283467800682,0.00293174722496145,1.0,5.994997453585036e-05,0.0,0.0044740343684259495,0.6132639808286222,0.0006796020422633,0.0,0.0012897750835987,1.0,0.0,0.0003065334790999,1.0,0.6126775856375599,0.0006118439679484,1.0,0.0,0.0001140642768167,1.0,0.0,4.5231767314469614e-05,1.0,0.0,0.000300342941749,1.0,1.0,0.0001730103806228,1.0,0.838949246584827,0.0001192267539485,1.0,1.0,0.0004563540475816,1.0,0.8297127294672082,0.0001009267887653,1.0,1.0,0.0002591730470281,1.0,1.0,0.0003414804871966,1.0,0.0,0.00053096647900015,1.0,1.0,0.00037577784272454996,1.0,0.0,0.000377107236627,1.0,1.0,0.0004090530981813,1.0,1.0,9.332191302040747e-05,1.0,0.01924737487351285,0.0001851516122612,1.0,0.0,0.00036563886477915,1.0,0.0,0.00031034097430555,1.0,5.263366729248242,5.314156931319381,3.821045422006969,1.0,0.00094622228737275,1.0,0.0,0.00030161454166555,1.0,0.8684375368822927,0.00046449533842345,1.0,1.0,9.732505181296526e-05,1.0,0.0,0.0008223474541493,1.0,0.0,0.00042056105139965,1.0,1.0,6.357671017481105e-05,1.0,0.0,8.95186300711204e-05,1.0,0.0,6.86473451718226e-05,1.0,1.0,0.00012451700193175,1.0,0.7370038800720702,0.00041356743116115,1.0,1.0,0.00010771609799514197,1.0,1.0,0.00043539315559245,1.0,1.0,0.00010716288376599581,1.0,0.3544612469420235,0.00013930251401575,1.0,1.0,0.00020470352168515,1.0,1.0,0.00010241458773015292,1.0,1.0,0.00012846642023805002,1.0,1.0,0.0001173863472579,1.0,1.0,0.0003941170459816,1.0,1.0,0.00059357941590055,1.0,0.0,0.0005032711660119501,1.0,0.5,9.801045077654701e-05,1.0,0.0,8.520010267173671e-05,1.0,0.0,0.00018718664858345002,1.0,1.0,0.00015282011881505,1.0,0.5,0.00011340784905625,1.0,0.5,0.000914125365021,1.0,1.0,0.0002244141612071,264690.0,0.00045046316566120005,1.0,0.0001402200700634,0.0,0.0001288436060751,1.0,0.0,1.0,0.0002685248700077,1.0,1.0,1.0,0.0,0.0001476638702497,1.0,0.0,0.0,0.0001011006002661,1.0,0.2446546621430612,1.0,0.0001636726109917,1.0,1.0,1.0,0.0003639966311122,1.0,1.0,1.0,0.00216656541831115,1.0,0.0,0.0,6.023112407805567e-05,1.0,1.0,1.0,1.0,0.0001495623858082,0.0,0.0005471915173509,1.0,0.0,0.0,0.0002409110326885,1.0,1.0,1.0,1.0,0.0004966842211455,1.0,0.0,0.0,0.0004354336168333,1.0,0.0,1.0,0.0003353753618639,1.0,0.0,0.0,0.0001813389352387,1.0,0.0,0.5,0.0008732233762285999,1.0,0.0,1.0,0.0002798930458159,1.0,1.0,0.0,1.0,0.0003246990188076,0.0,0.0001111546724558,1.0,0.0,1.0,8.588548816066386e-05,1.0,0.0,1.0,1.0,0.0001448811360149,1.0,0.0,0.0,0.0001357907762031,1.0,0.0,0.0,0.0003097107657766,1.0,0.0,1.0,0.000101745555167,1.0,1.0,1.0,0.0011244437390187999,1.0,1.0,1.0,0.0013851914448922,1.0,1.0,1.0,0.0,0.0001414197958603,1.0,0.0001351548410148,1.0,0.0,0.3434818868518289,2.677257949943856e-05,1.0,0.0,1.0,0.0001031275165441,1.0,0.0,1.0,0.0,6.54203620841598e-05,1.0,0.0065833504607211,0.0,9.717193159536516e-05,1.0,0.943826511804068,1.0,0.0003676609132862,1.0,0.0,1.0,0.0003798138096054,1.0,0.0,1.0,0.0010352132095212,1.0,0.0,1.0,8.55149140169148e-05,1.0,1.0,0.0,0.9603148545653826,0.5071630847132059,0.9941122413863228,6.275981650381619,0.6299338688314889,11.934,334.0,0.0,0.0,0.0,0.0,1.0,3.9848786700557053,11.934,0.5071630847132059,4.02282817385666,338.0,0.9629629629629629
0.0046206153832621995,0.0229319494175801,0.00249919528398355,0.0009000000000739001,0.01328297730217525,0.00090001692366525,0.00026591101633890004,0.0002631454984931,0.00033392818126865,7.331502967708598e-05,8.548576025260417e-05,0.00029105821481259996,0.00024735873938155,0.0003512855291243,5.676888778292314e-05,0.0010449507369871,0.0005064409604892,0.0008358654805588999,0.00052051110905175,7.070207127557905e-05,9.091415319703556e-05,0.00020577500363135,0.0002983642629857,0.0002617540288247,0.0001651503821096,0.0015179245030616,0.0,0.00432719450097685,1.0,0.00102942819663545,0.6241283467800682,0.00293174722496145,1.0,5.994997453585036e-05,0.0,0.0044740343684259495,0.6132639808286222,0.0006796020422633,0.0,0.0012897750835987,1.0,0.0,0.0003065334790999,1.0,0.6126775856375599,0.0006118439679484,1.0,0.0,0.0001140642768167,1.0,0.0,4.5231767314469614e-05,1.0,0.0,0.000300342941749,1.0,1.0,0.0001730103806228,1.0,0.838949246584827,0.0001192267539485,1.0,1.0,0.0004563540475816,1.0,0.8297127294672082,0.0001009267887653,1.0,1.0,0.0002591730470281,1.0,1.0,0.0003414804871966,1.0,0.0,0.00053096647900015,1.0,1.0,0.00037577784272454996,1.0,0.0,0.000377107236627,1.0,1.0,0.0004090530981813,1.0,1.0,9.332191302040747e-05,1.0,0.01924737487351285,0.0001851516122612,1.0,0.0,0.00036563886477915,1.0,0.0,0.00031034097430555,1.0,5.35435141844272,5.181640615338484,3.821045422006969,1.0,0.00094622228737275,1.0,0.0,0.00030161454166555,1.0,0.8684375368822927,0.00046449533842345,1.0,1.0,9.732505181296526e-05,1.0,0.0,0.0008223474541493,1.0,0.0,0.00042056105139965,1.0,1.0,6.357671017481105e-05,1.0,0.0,8.95186300711204e-05,1.0,0.0,6.86473451718226e-05,1.0,1.0,0.00012451700193175,1.0,0.7370038800720702,0.00041356743116115,1.0,1.0,0.00010771609799514197,1.0,1.0,0.00043539315559245,1.0,1.0,0.00010716288376599581,1.0,0.3544612469420235,0.00013930251401575,1.0,1.0,0.00020470352168515,1.0,1.0,0.00010241458773015292,1.0,1.0,0.00012846642023805002,1.0,1.0,0.0001173863472579,1.0,1.0,0.0003941170459816,1.0,1.0,0.00059357941590055,1.0,0.0,0.0005032711660119501,1.0,0.5,9.801045077654701e-05,1.0,0.0,8.520010267173671e-05,1.0,0.0,0.00018718664858345002,1.0,1.0,0.00015282011881505,1.0,0.5,0.00011340784905625,1.0,0.5,0.000914125365021,1.0,1.0,0.0002244141612071,264690.0,0.00045046316566120005,1.0,0.0001402200700634,0.0,0.0001288436060751,1.0,0.0,1.0,0.0002685248700077,1.0,1.0,1.0,0.0,0.0001476638702497,1.0,0.0,0.0,0.0001011006002661,1.0,0.2446546621430612,1.0,0.0001636726109917,1.0,1.0,1.0,0.0003639966311122,1.0,1.0,1.0,0.00216656541831115,1.0,0.0,0.0,6.023112407805567e-05,1.0,1.0,1.0,1.0,0.0001495623858082,0.0,0.0005471915173509,1.0,0.0,0.0,0.0002409110326885,1.0,1.0,1.0,1.0,0.0004966842211455,1.0,0.0,0.0,0.0004354336168333,1.0,0.0,1.0,0.0003353753618639,1.0,0.0,0.0,0.0001813389352387,1.0,0.0,0.5,0.0008732233762285999,1.0,0.0,1.0,0.0002798930458159,1.0,1.0,0.0,1.0,0.0003246990188076,0.0,0.0001111546724558,1.0,0.0,1.0,8.588548816066386e-05,1.0,0.0,1.0,1.0,0.0001448811360149,1.0,0.0,0.0,0.0001357907762031,1.0,0.0,0.0,0.0003097107657766,1.0,0.0,1.0,0.000101745555167,1.0,1.0,1.0,0.0011244437390187999,1.0,1.0,1.0,0.0013851914448922,1.0,1.0,1.0,0.0,0.0001414197958603,1.0,0.0001351548410148,1.0,0.0,0.3434818868518289,2.677257949943856e-05,1.0,0.0,1.0,0.0001031275165441,1.0,0.0,1.0,0.0,6.54203620841598e-05,1.0,0.0065833504607211,0.0,9.717193159536516e-05,1.0,0.943826511804068,1.0,0.0003676609132862,1.0,0.0,1.0,0.0003798138096054,1.0,0.0,1.0,0.0010352132095212,1.0,0.0,1.0,8.55149140169148e-05,1.0,1.0,0.0,0.9907116879180674,0.9648709330357024,0.9931657007350316,7.091821317140311,0.6298482557224918,7.778360777917396,334.0,0.0,0.0,0.0,0.0,9.0,0.0,0.0,0.0,0.0,351.0,1.0
0.0046206153832621995,0.0229319494175801,0.00249919528398355,0.0009000000000739001,0.01328297730217525,0.00090001692366525,0.00026591101633890004,0.0002631454984931,0.00033392818126865,7.331502967708598e-05,8.548576025260417e-05,0.00029105821481259996,0.00024735873938155,0.0003512855291243,5.676888778292314e-05,0.0010449507369871,0.0005064409604892,0.0008358654805588999,0.00052051110905175,7.070207127557905e-05,9.091415319703556e-05,0.00020577500363135,0.0002983642629857,0.0002617540288247,0.0001651503821096,0.0015179245030616,0.0,0.00432719450097685,1.0,0.00102942819663545,0.6241283467800682,0.00293174722496145,1.0,5.994997453585036e-05,0.0,0.0044740343684259495,0.6132639808286222,0.0006796020422633,0.0,0.0012897750835987,1.0,0.0,0.0003065334790999,1.0,0.6126775856375599,0.0006118439679484,1.0,0.0,0.0001140642768167,1.0,0.0,4.5231767314469614e-05,1.0,0.0,0.000300342941749,1.0,1.0,0.0001730103806228,1.0,0.838949246584827,0.0001192267539485,1.0,1.0,0.0004563540475816,1.0,0.8297127294672082,0.0001009267887653,1.0,1.0,0.0002591730470281,1.0,1.0,0.0003414804871966,1.0,0.0,0.00053096647900015,1.0,1.0,0.00037577784272454996,1.0,0.0,0.000377107236627,1.0,1.0,0.0004090530981813,1.0,1.0,9.332191302040747e-05,1.0,0.01924737487351285,0.0001851516122612,1.0,0.0,0.00036563886477915,1.0,0.0,0.00031034097430555,1.0,5.35435141844272,5.181640615338484,3.821045422006969,1.0,0.00094622228737275,1.0,0.0,0.00030161454166555,1.0,0.8684375368822927,0.00046449533842345,1.0,1.0,9.732505181296526e-05,1.0,0.0,0.0008223474541493,1.0,0.0,0.00042056105139965,1.0,1.0,6.357671017481105e-05,1.0,0.0,8.95186300711204e-05,1.0,0.0,6.86473451718226e-05,1.0,1.0,0.00012451700193175,1.0,0.7370038800720702,0.00041356743116115,1.0,1.0,0.00010771609799514197,1.0,1.0,0.00043539315559245,1.0,1.0,0.00010716288376599581,1.0,0.3544612469420235,0.00013930251401575,1.0,1.0,0.00020470352168515,1.0,1.0,0.00010241458773015292,1.0,1.0,0.00012846642023805002,1.0,1.0,0.0001173863472579,1.0,1.0,0.0003941170459816,1.0,1.0,0.00059357941590055,1.0,0.0,0.0005032711660119501,1.0,0.5,9.801045077654701e-05,1.0,0.0,8.520010267173671e-05,1.0,0.0,0.00018718664858345002,1.0,1.0,0.00015282011881505,1.0,0.5,0.00011340784905625,1.0,0.5,0.000914125365021,1.0,1.0,0.0002244141612071,264690.0,0.00045046316566120005,1.0,0.0001402200700634,0.0,0.0001288436060751,1.0,0.0,1.0,0.0002685248700077,1.0,1.0,1.0,0.0,0.0001476638702497,1.0,0.0,0.0,0.0001011006002661,1.0,0.2446546621430612,1.0,0.0001636726109917,1.0,1.0,1.0,0.0003639966311122,1.0,1.0,1.0,0.00216656541831115,1.0,0.0,0.0,6.023112407805567e-05,1.0,1.0,1.0,1.0,0.0001495623858082,0.0,0.0005471915173509,1.0,0.0,0.0,0.0002409110326885,1.0,1.0,1.0,1.0,0.0004966842211455,1.0,0.0,0.0,0.0004354336168333,1.0,0.0,1.0,0.0003353753618639,1.0,0.0,0.0,0.0001813389352387,1.0,0.0,0.5,0.0008732233762285999,1.0,0.0,1.0,0.0002798930458159,1.0,1.0,0.0,1.0,0.0003246990188076,0.0,0.0001111546724558,1.0,0.0,1.0,8.588548816066386e-05,1.0,0.0,1.0,1.0,0.0001448811360149,1.0,0.0,0.0,0.0001357907762031,1.0,0.0,0.0,0.0003097107657766,1.0,0.0,1.0,0.000101745555167,1.0,1.0,1.0,0.0011244437390187999,1.0,1.0,1.0,0.0013851914448922,1.0,1.0,1.0,0.0,0.0001414197958603,1.0,0.0001351548410148,1.0,0.0,0.3434818868518289,2.677257949943856e-05,1.0,0.0,1.0,0.0001031275165441,1.0,0.0,1.0,0.0,6.54203620841598e-05,1.0,0.0065833504607211,0.0,9.717193159536516e-05,1.0,0.943826511804068,1.0,0.0003676609132862,1.0,0.0,1.0,0.0003798138096054,1.0,0.0,1.0,0.0010352132095212,1.0,0.0,1.0,8.55149140169148e-05,1.0,1.0,0.0,0.9907116879180674,0.9648709330357024,0.9931657007350316,7.091821317140311,0.6298482557224918,7.778360777917396,334.0,0.0,0.0,0.0,0.0,9.0,0.0,0.0,0.0,0.0,351.0,1.0
0.0046206153832621995,0.0229319494175801,0.00249919528398355,0.0009000000000739001,0.01328297730217525,0.00090001692366525,0.00026591101633890004,0.0002631454984931,0.00033392818126865,7.331502967708598e-05,8.548576025260417e-05,0.00029105821481259996,0.00024735873938155,0.0003512855291243,5.676888778292314e-05,0.0010449507369871,0.0005064409604892,0.0008358654805588999,0.00052051110905175,7.070207127557905e-05,9.091415319703556e-05,0.00020577500363135,0.0002983642629857,0.0002617540288247,0.0001651503821096,0.0015179245030616,0.0,0.00432719450097685,1.0,0.00102942819663545,0.6241283467800682,0.00293174722496145,1.0,5.994997453585036e-05,0.0,0.0044740343684259495,0.6132639808286222,0.0006796020422633,0.0,0.0012897750835987,1.0,0.0,0.0003065334790999,1.0,0.6126775856375599,0.0006118439679484,1.0,0.0,0.0001140642768167,1.0,0.0,4.5231767314469614e-05,1.0,0.0,0.000300342941749,1.0,1.0,0.0001730103806228,1.0,0.838949246584827,0.0001192267539485,1.0,1.0,0.0004563540475816,1.0,0.8297127294672082,0.0001009267887653,1.0,1.0,0.0002591730470281,1.0,1.0,0.0003414804871966,1.0,0.0,0.00053096647900015,1.0,1.0,0.00037577784272454996,1.0,0.0,0.000377107236627,1.0,1.0,0.0004090530981813,1.0,1.0,9.332191302040747e-05,1.0,0.01924737487351285,0.0001851516122612,1.0,0.0,0.00036563886477915,1.0,0.0,0.00031034097430555,1.0,5.492381185068849,4.604640776152614,3.821045422006969,1.0,0.00094622228737275,1.0,0.0,0.00030161454166555,1.0,0.8684375368822927,0.00046449533842345,1.0,1.0,9.732505181296526e-05,1.0,0.0,0.0008223474541493,1.0,0.0,0.00042056105139965,1.0,1.0,6.357671017481105e-05,1.0,0.0,8.95186300711204e-05,1.0,0.0,6.86473451718226e-05,1.0,1.0,0.00012451700193175,1.0,0.7370038800720702,0.00041356743116115,1.0,1.0,0.00010771609799514197,1.0,1.0,0.00043539315559245,1.0,1.0,0.00010716288376599581,1.0,0.3544612469420235,0.00013930251401575,1.0,1.0,0.00020470352168515,1.0,1.0,0.00010241458773015292,1.0,1.0,0.00012846642023805002,1.0,1.0,0.0001173863472579,1.0,1.0,0.0003941170459816,1.0,1.0,0.00059357941590055,1.0,0.0,0.0005032711660119501,1.0,0.5,9.801045077654701e-05,1.0,0.0,8.520010267173671e-05,1.0,0.0,0.00018718664858345002,1.0,1.0,0.00015282011881505,1.0,0.5,0.00011340784905625,1.0,0.5,0.000914125365021,1.0,1.0,0.0002244141612071,264690.0,0.00045046316566120005,1.0,0.0001402200700634,0.0,0.0001288436060751,1.0,0.0,1.0,0.0002685248700077,1.0,1.0,1.0,0.0,0.0001476638702497,1.0,0.0,0.0,0.0001011006002661,1.0,0.2446546621430612,1.0,0.0001636726109917,1.0,1.0,1.0,0.0003639966311122,1.0,1.0,1.0,0.00216656541831115,1.0,0.0,0.0,6.023112407805567e-05,1.0,1.0,1.0,1.0,0.0001495623858082,0.0,0.0005471915173509,1.0,0.0,0.0,0.0002409110326885,1.0,1.0,1.0,1.0,0.0004966842211455,1.0,0.0,0.0,0.0004354336168333,1.0,0.0,1.0,0.0003353753618639,1.0,0.0,0.0,0.0001813389352387,1.0,0.0,0.5,0.0008732233762285999,1.0,0.0,1.0,0.0002798930458159,1.0,1.0,0.0,1.0,0.0003246990188076,0.0,0.0001111546724558,1.0,0.0,1.0,8.588548816066386e-05,1.0,0.0,1.0,1.0,0.0001448811360149,1.0,0.0,0.0,0.0001357907762031,1.0,0.0,0.0,0.0003097107657766,1.0,0.0,1.0,0.000101745555167,1.0,1.0,1.0,0.0011244437390187999,1.0,1.0,1.0,0.0013851914448922,1.0,1.0,1.0,0.0,0.0001414197958603,1.0,0.0001351548410148,1.0,0.0,0.3434818868518289,2.677257949943856e-05,1.0,0.0,1.0,0.0001031275165441,1.0,0.0,1.0,0.0,6.54203620841598e-05,1.0,0.0065833504607211,0.0,9.717193159536516e-05,1.0,0.943826511804068,1.0,0.0003676609132862,1.0,0.0,1.0,0.0003798138096054,1.0,0.0,1.0,0.0010352132095212,1.0,0.0,1.0,8.55149140169148e-05,1.0,1.0,0.0,1.0,0.9426131357522742,0.9992949404861596,0.8823605274611475,-0.2415002371870197,7.206997893477319,334.0,0.0,0.0,0.0,0.0,1.0,2.610848527651418,7.206997893477319,-0.2415002371870197,2.7386529141201734,338.0,0.9629629629629629
0.0046206153832621995,0.0229319494175801,0.00249919528398355,0.0009000000000739001,0.01328297730217525,0.00090001692366525,0.0001172222666515,1.7326674620322868e-05,9.435550941636288e-05,1.3142897024378283e-05,0.0812165633414408,0.0469809427795999,0.0018083538715363,0.0379968637538932,1.1322525692585765e-05,7.507396723826741e-06,0.000224838116836,0.0038561397490266,0.0001380370620787,0.0071618766387836,0.0007608978215564,9.243563766441292e-06,1.3230147279805234e-05,4.3000658096600475e-14,2.6170693631387595e-06,1.3230010604968806e-05,0.0,0.00432719450097685,1.0,0.00102942819663545,0.6241283467800682,0.00293174722496145,1.0,5.994997453585036e-05,0.0,0.0044740343684259495,0.6132639808286222,0.0006796020422633,0.0,0.0012897750835987,1.0,0.0,0.0003065334790999,1.0,0.6126775856375599,0.0006118439679484,1.0,0.0,0.0001140642768167,1.0,0.0,4.5231767314469614e-05,1.0,0.0,0.000300342941749,1.0,1.0,0.0001730103806228,1.0,0.838949246584827,0.0001192267539485,1.0,1.0,0.0004563540475816,1.0,0.8297127294672082,0.0001009267887653,1.0,1.0,0.0002591730470281,1.0,1.0,0.0003414804871966,1.0,0.0,1.2990745969557116e-05,1.0,0.0,1.834200734386161e-06,1.0,1.0,1.233330114950073e-09,0.0,1.0,4.146048773685431e-06,1.0,0.0,3.516067727536063e-06,1.0,1.0,5.508493763657614e-17,0.0,0.0,4.00140558437008e-06,1.0,0.0,1.1983655546603347e-26,1.0,5.234092800036064,5.515917790971126,4.400432199427625,1.0,0.017679691437772,1.0,0.0,6.405640378785893e-05,1.0,1.0,9.792134559514273e-09,1.0,0.0,0.0116986302848323,1.0,1.0,0.010832865673873,1.0,1.0,1.988738785061874e-06,1.0,1.0,0.0129233938987964,1.0,1.0,1.427403494660624e-06,1.0,1.0,1.1656007740493414e-08,1.0,0.0,2.80530862577813e-16,1.0,0.0,0.0040761779869219,1.0,1.0,1.6011000562637754e-06,1.0,1.0,1.2505683584247278e-11,1.0,1.0,0.0030543169509904,1.0,0.0,4.638956847786126e-09,1.0,0.0,6.252383737065481e-05,1.0,1.0,1.9210969894604331e-13,1.0,0.0,0.0035394945817448,1.0,1.0,2.6734703360718232e-09,1.0,0.0,2.0651956736553432e-08,1.0,1.0,4.161580012068688e-12,1.0,1.0,2.338992148538805e-22,1.0,1.0,9.79365770069971e-24,1.0,1.0,4.620231534015732e-14,1.0,1.0,0.0007026646615128,1.0,1.0,2.7912763014129804e-06,1.0,0.0,0.0046050310996206,1.0,1.0,7.845438549992403e-14,1.0,1.0,0.0002244141612071,264690.0,0.004602532746515,1.0,0.0001402200700634,0.0,0.0001288436060751,1.0,0.0,1.0,0.0002685248700077,1.0,1.0,1.0,0.0,0.0001476638702497,1.0,0.0,0.0,0.0001011006002661,1.0,0.2446546621430612,1.0,0.0001636726109917,1.0,1.0,1.0,0.0003639966311122,1.0,1.0,1.0,0.00216656541831115,1.0,0.0,0.0,6.023112407805567e-05,1.0,1.0,1.0,1.0,0.0001495623858082,0.0,0.0005471915173509,1.0,0.0,0.0,0.0002409110326885,1.0,1.0,1.0,1.0,0.0004966842211455,1.0,0.0,0.0,0.0004354336168333,1.0,0.0,1.0,0.0003353753618639,1.0,0.0,0.0,0.0001813389352387,1.0,0.0,0.5,0.0008732233762285999,1.0,0.0,1.0,0.0002798930458159,1.0,1.0,0.0,1.0,0.0003246990188076,0.0,0.0001111546724558,1.0,0.0,1.0,8.588548816066386e-05,1.0,0.0,1.0,1.0,0.0001448811360149,1.0,0.0,0.0,0.0001357907762031,1.0,0.0,0.0,0.0003097107657766,1.0,0.0,1.0,0.000101745555167,1.0,1.0,1.0,0.0011244437390187999,1.0,1.0,1.0,0.0013851914448922,1.0,1.0,1.0,1.0,2.7889368942704736e-06,0.0,1.852794106390832e-06,1.0,1.0,0.0,0.0208804090455424,1.0,0.8756833116883407,1.0,0.07495432604890016,1.0,1.0,1.0,1.0,0.0004937734169247,1.0,0.0,1.0,0.001361138386879,1.0,0.0,0.0,0.0003427530891523,1.0,0.0,0.0,0.0003050414477658,1.0,0.0,0.0,8.908572312548047e-06,1.0,0.0,0.0,0.0279142837403263,1.0,1.0,1.0,0.986322732640826,0.71736198891292,1.0,7.660322776825712,0.6018938503456641,7.350600456311397,165.0,0.4453083961115051,1.0,0.0,0.495649469518491,0.0,3.7185493994968146,7.660322776825712,0.6018938503456641,2.9218569096989224,166.0,0.47293447293447294
0.0046206153832621995,0.0229319494175801,0.00249919528398355,0.0009000000000739001,0.01328297730217525,0.00090001692366525,0.00026591101633890004,0.0002631454984931,0.00033392818126865,7.331502967708598e-05,8.548576025260417e-05,0.00029105821481259996,0.00024735873938155,0.0003512855291243,5.676888778292314e-05,0.0010449507369871,0.0005064409604892,0.0008358654805588999,0.00052051110905175,7.070207127557905e-05,9.091415319703556e-05,0.00020577500363135,0.0002983642629857,0.0002617540288247,0.0001651503821096,0.0015179245030616,0.0,0.00432719450097685,1.0,0.00102942819663545,0.6241283467800682,0.00293174722496145,1.0,5.994997453585036e-05,0.0,0.0044740343684259495,0.6132639808286222,0.0006796020422633,1.0,3.8005506364369725e-10,1.0,0.0,0.0002812623168613,1.0,1.0,0.0001646587421803,1.0,1.0,0.0010757267131426,1.0,0.0,1.4137778724111242e-10,1.0,0.0,0.0105055645988557,1.0,0.1049457953766094,0.08260827207891713,1.0,0.0,0.0006108460627625,1.0,1.0,0.0011972611226799,1.0,0.0,0.0271154466377556,0.0,0.0,0.0214436440375296,1.0,0.0,3.998649648983895e-07,0.0,0.0,0.00053096647900015,1.0,1.0,0.00037577784272454996,1.0,0.0,0.000377107236627,1.0,1.0,0.0004090530981813,1.0,1.0,9.332191302040747e-05,1.0,0.01924737487351285,0.0001851516122612,1.0,0.0,0.00036563886477915,1.0,0.0,0.00031034097430555,1.0,5.457663722311958,5.922459595372769,4.812525188997353,1.0,0.00094622228737275,1.0,0.0,0.00030161454166555,1.0,0.8684375368822927,0.00046449533842345,1.0,1.0,9.732505181296526e-05,1.0,0.0,0.0008223474541493,1.0,0.0,0.00042056105139965,1.0,1.0,6.357671017481105e-05,1.0,0.0,8.95186300711204e-05,1.0,0.0,6.86473451718226e-05,1.0,1.0,0.00012451700193175,1.0,0.7370038800720702,0.00041356743116115,1.0,1.0,0.00010771609799514197,1.0,1.0,0.00043539315559245,1.0,1.0,0.00010716288376599581,1.0,0.3544612469420235,0.00013930251401575,1.0,1.0,0.00020470352168515,1.0,1.0,0.00010241458773015292,1.0,1.0,0.00012846642023805002,1.0,1.0,0.0001173863472579,1.0,1.0,0.0003941170459816,1.0,1.0,0.00059357941590055,1.0,0.0,0.0005032711660119501,1.0,0.5,9.801045077654701e-05,1.0,0.0,8.520010267173671e-05,1.0,0.0,0.00018718664858345002,1.0,1.0,0.00015282011881505,1.0,0.5,0.00011340784905625,1.0,0.5,0.000914125365021,1.0,1.0,0.0002244141612071,264690.0,1.0539322002612732e-05,1.0,0.0001402200700634,0.0,0.0001288436060751,1.0,0.0,1.0,0.0002685248700077,1.0,1.0,1.0,0.0,0.0001476638702497,1.0,0.0,0.0,0.0001011006002661,1.0,0.2446546621430612,1.0,0.0001636726109917,1.0,1.0,1.0,0.0003639966311122,1.0,1.0,1.0,0.00216656541831115,1.0,0.0,0.0,6.023112407805567e-05,1.0,1.0,1.0,1.0,0.0001495623858082,0.0,0.0005471915173509,1.0,0.0,0.0,0.0002409110326885,1.0,1.0,1.0,1.0,0.0004966842211455,1.0,0.0,0.0,0.0004354336168333,1.0,0.0,1.0,0.0003353753618639,1.0,0.0,0.0,0.0001813389352387,1.0,0.0,0.5,0.0008732233762285999,1.0,0.0,1.0,0.0002798930458159,1.0,1.0,0.0,1.0,0.0003246990188076,0.0,0.0001111546724558,1.0,0.0,1.0,8.588548816066386e-05,1.0,0.0,1.0,1.0,0.0001448811360149,1.0,0.0,0.0,0.0001357907762031,1.0,0.0,0.0,0.0003097107657766,1.0,0.0,1.0,0.000101745555167,1.0,1.0,1.0,0.0011244437390187999,1.0,1.0,1.0,0.0013851914448922,1.0,1.0,1.0,0.0,0.0001414197958603,1.0,0.0001351548410148,1.0,0.0,0.3434818868518289,2.677257949943856e-05,1.0,0.0,1.0,0.0001031275165441,1.0,0.0,1.0,0.0,6.54203620841598e-05,1.0,0.0065833504607211,0.0,9.717193159536516e-05,1.0,0.943826511804068,1.0,0.0003676609132862,1.0,0.0,1.0,0.0003798138096054,1.0,0.0,1.0,0.0010352132095212,1.0,0.0,1.0,8.55149140169148e-05,1.0,1.0,0.0,1.0,0.4811367071231454,0.9485987449795458,8.376196990818727,0.7019755892469489,11.934,297.0,0.38516192390223775,1.0,0.0,0.4867801981816131,0.0,4.403839615427827,11.934,0.4811367071231454,4.010656481495746,300.0,0.8547008547008547
0.0046206153832621995,0.0229319494175801,0.00249919528398355,0.0009000000000739001,0.01328297730217525,0.00090001692366525,0.00026591101633890004,0.0002631454984931,0.00033392818126865,7.331502967708598e-05,8.548576025260417e-05,0.00029105821481259996,0.00024735873938155,0.0003512855291243,5.676888778292314e-05,0.0010449507369871,0.0005064409604892,0.0008358654805588999,0.00052051110905175,7.070207127557905e-05,9.091415319703556e-05,0.00020577500363135,0.0002983642629857,0.0002617540288247,0.0001651503821096,0.0015179245030616,0.0,0.00432719450097685,1.0,0.00102942819663545,0.6241283467800682,0.00293174722496145,1.0,5.994997453585036e-05,0.0,0.0044740343684259495,0.6132639808286222,0.0006796020422633,0.0,0.0012897750835987,1.0,0.0,0.0003065334790999,1.0,0.6126775856375599,0.0006118439679484,1.0,0.0,0.0001140642768167,1.0,0.0,4.5231767314469614e-05,1.0,0.0,0.000300342941749,1.0,1.0,0.0001730103806228,1.0,0.838949246584827,0.0001192267539485,1.0,1.0,0.0004563540475816,1.0,0.8297127294672082,0.0001009267887653,1.0,1.0,0.0002591730470281,1.0,1.0,0.0003414804871966,1.0,1.0,3.303724130056923e-05,1.0,0.0,1.8342136070841668e-06,1.0,0.0,0.0057380562991786,1.0,0.0,6.895755875307319e-05,1.0,1.0,1.5565206815932965e-08,1.0,0.0,2.3989280056527764e-16,1.0,1.0,1.12590097535986e-05,1.0,0.0,3.5788560192665376e-10,0.0,4.615722776483652,4.302614852132336,3.821045422006969,1.0,0.00094622228737275,1.0,0.0,0.00030161454166555,1.0,0.8684375368822927,0.00046449533842345,1.0,1.0,9.732505181296526e-05,1.0,0.0,0.0008223474541493,1.0,0.0,0.00042056105139965,1.0,1.0,6.357671017481105e-05,1.0,0.0,8.95186300711204e-05,1.0,0.0,6.86473451718226e-05,1.0,1.0,0.00012451700193175,1.0,0.7370038800720702,0.00041356743116115,1.0,1.0,0.00010771609799514197,1.0,1.0,0.00043539315559245,1.0,1.0,0.00010716288376599581,1.0,0.3544612469420235,0.00013930251401575,1.0,1.0,0.00020470352168515,1.0,1.0,0.00010241458773015292,1.0,1.0,0.00012846642023805002,1.0,1.0,0.0001173863472579,1.0,1.0,0.0003941170459816,1.0,1.0,0.00059357941590055,1.0,0.0,0.0005032711660119501,1.0,0.5,9.801045077654701e-05,1.0,0.0,8.520010267173671e-05,1.0,0.0,0.00018718664858345002,1.0,1.0,0.00015282011881505,1.0,0.5,0.00011340784905625,1.0,0.5,0.000914125365021,1.0,1.0,0.0002244141612071,264690.0,1.2244813622837298e-05,1.0,0.0001402200700634,0.0,0.0001288436060751,1.0,0.0,1.0,0.0002685248700077,1.0,1.0,1.0,0.0,0.0001476638702497,1.0,0.0,0.0,0.0001011006002661,1.0,0.2446546621430612,1.0,0.0001636726109917,1.0,1.0,1.0,0.0003639966311122,1.0,1.0,1.0,0.00216656541831115,1.0,0.0,0.0,6.023112407805567e-05,1.0,1.0,1.0,1.0,0.0001495623858082,0.0,0.0005471915173509,1.0,0.0,0.0,0.0002409110326885,1.0,1.0,1.0,1.0,0.0004966842211455,1.0,0.0,0.0,0.0004354336168333,1.0,0.0,1.0,0.0003353753618639,1.0,0.0,0.0,0.0001813389352387,1.0,0.0,0.5,0.0008732233762285999,1.0,0.0,1.0,0.0002798930458159,1.0,1.0,0.0,1.0,0.0003246990188076,0.0,0.0001111546724558,1.0,0.0,1.0,8.588548816066386e-05,1.0,0.0,1.0,1.0,0.0001448811360149,1.0,0.0,0.0,0.0001357907762031,1.0,0.0,0.0,0.0003097107657766,1.0,0.0,1.0,0.000101745555167,1.0,1.0,1.0,0.0011244437390187999,1.0,1.0,1.0,0.0013851914448922,1.0,1.0,1.0,0.0,0.0001414197958603,1.0,0.0001351548410148,1.0,0.0,0.3434818868518289,2.677257949943856e-05,1.0,0.0,1.0,0.0001031275165441,1.0,0.0,1.0,0.0,6.54203620841598e-05,1.0,0.0065833504607211,0.0,9.717193159536516e-05,1.0,0.943826511804068,1.0,0.0003676609132862,1.0,0.0,1.0,0.0003798138096054,1.0,0.0,1.0,0.0010352132095212,1.0,0.0,1.0,8.55149140169148e-05,1.0,1.0,0.0,0.9955578635132406,0.6629326234010396,0.9676487695936548,9.854372674472106,0.6136122332581152,11.388000719302442,309.0,0.40023461620237233,1.0,0.0,0.4998057635743049,1.0,4.175057814019573,11.388000719302442,0.6136122332581152,4.307920110331344,312.0,0.8888888888888888
0.0046206153832621995,0.0229319494175801,0.00249919528398355,0.0009000000000739001,0.01328297730217525,0.00090001692366525,0.00026591101633890004,0.0002631454984931,0.00033392818126865,7.331502967708598e-05,8.548576025260417e-05,0.00029105821481259996,0.00024735873938155,0.0003512855291243,5.676888778292314e-05,0.0010449507369871,0.0005064409604892,0.0008358654805588999,0.00052051110905175,7.070207127557905e-05,9.091415319703556e-05,0.00020577500363135,0.0002983642629857,0.0002617540288247,0.0001651503821096,0.0015179245030616,0.0,0.00432719450097685,1.0,0.00102942819663545,0.6241283467800682,0.00293174722496145,1.0,5.994997453585036e-05,0.0,0.0044740343684259495,0.6132639808286222,0.0006796020422633,0.0,0.0012897750835987,1.0,0.0,0.0003065334790999,1.0,0.6126775856375599,0.0006118439679484,1.0,0.0,0.0001140642768167,1.0,0.0,4.5231767314469614e-05,1.0,0.0,0.000300342941749,1.0,1.0,0.0001730103806228,1.0,0.838949246584827,0.0001192267539485,1.0,1.0,0.0004563540475816,1.0,0.8297127294672082,0.0001009267887653,1.0,1.0,0.0002591730470281,1.0,1.0,0.0003414804871966,1.0,0.0,0.00053096647900015,1.0,1.0,0.00037577784272454996,1.0,0.0,0.000377107236627,1.0,1.0,0.0004090530981813,1.0,1.0,9.332191302040747e-05,1.0,0.01924737487351285,0.0001851516122612,1.0,0.0,0.00036563886477915,1.0,0.0,0.00031034097430555,1.0,4.964288975698994,3.4096676757025626,3.5704707881064763,1.0,0.00094622228737275,1.0,0.0,0.00030161454166555,1.0,0.8684375368822927,0.00046449533842345,1.0,1.0,9.732505181296526e-05,1.0,0.0,0.0008223474541493,1.0,0.0,0.00042056105139965,1.0,1.0,6.357671017481105e-05,1.0,0.0,8.95186300711204e-05,1.0,0.0,6.86473451718226e-05,1.0,1.0,0.00012451700193175,1.0,0.7370038800720702,0.00041356743116115,1.0,1.0,0.00010771609799514197,1.0,1.0,0.00043539315559245,1.0,1.0,0.00010716288376599581,1.0,0.3544612469420235,0.00013930251401575,1.0,1.0,0.00020470352168515,1.0,1.0,0.00010241458773015292,1.0,1.0,0.00012846642023805002,1.0,1.0,0.0001173863472579,1.0,1.0,0.0003941170459816,1.0,1.0,0.00059357941590055,1.0,0.0,0.0005032711660119501,1.0,0.5,9.801045077654701e-05,1.0,0.0,8.520010267173671e-05,1.0,0.0,0.00018718664858345002,1.0,1.0,0.00015282011881505,1.0,0.5,0.00011340784905625,1.0,0.5,0.000914125365021,1.0,1.0,0.0002244141612071,264690.0,0.00045046316566120005,1.0,0.0001402200700634,0.0,0.0001288436060751,1.0,0.0,1.0,0.0002685248700077,1.0,1.0,1.0,0.0,0.0001476638702497,1.0,0.0,0.0,0.0001011006002661,1.0,0.2446546621430612,1.0,0.0001636726109917,1.0,1.0,1.0,0.0003639966311122,1.0,1.0,1.0,0.00216656541831115,1.0,0.0,0.0,6.023112407805567e-05,1.0,1.0,1.0,1.0,0.0001495623858082,0.0,0.0005471915173509,1.0,0.0,0.0,0.0002409110326885,1.0,1.0,1.0,1.0,0.0004966842211455,1.0,0.0,0.0,0.0004354336168333,1.0,0.0,1.0,0.0003353753618639,1.0,0.0,0.0,0.0001813389352387,1.0,0.0,0.5,0.0008732233762285999,1.0,0.0,1.0,0.0002798930458159,1.0,1.0,0.0,1.0,0.0003246990188076,0.0,0.0001111546724558,1.0,0.0,1.0,8.588548816066386e-05,1.0,0.0,1.0,1.0,0.0001448811360149,1.0,0.0,0.0,0.0001357907762031,1.0,0.0,0.0,0.0003097107657766,1.0,0.0,1.0,0.000101745555167,1.0,1.0,1.0,0.0011244437390187999,1.0,1.0,1.0,0.0013851914448922,1.0,1.0,1.0,0.0,0.0001414197958603,1.0,0.0001351548410148,1.0,0.0,0.3434818868518289,2.677257949943856e-05,1.0,0.0,1.0,0.0001031275165441,1.0,0.0,1.0,0.0,6.54203620841598e-05,1.0,0.0065833504607211,0.0,9.717193159536516e-05,1.0,0.943826511804068,1.0,0.0003676609132862,1.0,0.0,1.0,0.0003798138096054,1.0,0.0,1.0,0.0010352132095212,1.0,0.0,1.0,8.55149140169148e-05,1.0,1.0,0.0,1.0,1.0,0.9714312087346934,4.098447098554247,0.6288693341976412,2.165643515634996,334.0,0.0,0.0,0.0,0.0,0.0,2.4232020662921787,4.964288975698994,0.6288693341976412,1.620089570988768,337.0,0.9601139601139601
0.0046206153832621995,0.0229319494175801,0.00249919528398355,0.0009000000000739001,0.01328297730217525,0.00090001692366525,3.0825322005361466e-05,0.0039371182780739,0.0201319249443272,3.048876231485266e-06,0.0086004750384544,0.0007779988155818,2.9943000000516142e-05,0.0073377938093966,1.7113290045775797e-07,1.773906329455212e-05,7.74852667899661e-18,0.0002510189612252,0.0598614663536012,3.1438185705320685e-08,2.1613235485069865e-07,5.1520064251465845e-11,3.968100009870502e-05,3.517766241226387e-14,4.4959561832618e-08,5.811488774662936e-05,0.0,0.00432719450097685,1.0,0.00102942819663545,0.6241283467800682,0.00293174722496145,1.0,5.994997453585036e-05,0.0,0.0044740343684259495,0.6132639808286222,0.0006796020422633,0.0,0.061298130636692,1.0,1.0,0.0009562154103636,1.0,1.0,0.0194191589832861,0.10400000000000001,0.0,0.0269857127213016,0.0,0.0,4.36578252513484e-08,0.0,1.0,0.0001640265090182,1.0,1.0,3.5143544119285925e-13,1.0,1.0,5.249457960954541e-07,1.0,0.0,1.4400145952885697e-12,0.0,0.2622345656022222,0.0303191366260943,1.0,1.0,0.0016287185780563,1.0,1.0,0.0002754121617658,1.0,1.0,0.0446933913334279,1.0,1.0,8.665470221534556e-05,1.0,1.0,0.0001250670207645,1.0,0.0,8.371800031398121e-05,1.0,0.0,3.515294854617494e-05,1.0,1.0,0.0010322826748324,1.0,0.0,0.020460532094706,1.0,1.0,0.008553516986721,1.0,5.954093082637928,5.651754288999313,3.821045422006969,1.0,0.0116057365447129,1.0,1.0,0.0008900309494443,1.0,0.0,3.3102794177193136e-06,1.0,1.0,0.0145754105580572,1.0,1.0,0.0248967139694836,1.0,1.0,0.0056122117434181,1.0,1.0,4.1585798086013816e-05,1.0,0.0,4.070102390848417e-05,1.0,0.0,0.0128663568652557,1.0,1.0,2.818002246118245e-07,1.0,0.0,0.0001922619107848,1.0,0.0,9.084048138863428e-05,1.0,1.0,0.0125229363564501,1.0,0.0,1.200471857891601e-11,1.0,1.0,0.0050021712373059,1.0,1.0,4.405502674070292e-05,1.0,0.0,3.004299951057024e-06,1.0,0.0,1.6306427089139444e-05,1.0,0.0,1.2204975165868135e-06,1.0,0.0,0.002338516185151,1.0,1.0,0.0003181278017023,1.0,0.0,0.0004554715005153,1.0,1.0,0.08787289166664412,1.0,0.0,1.2745975339130517e-12,1.0,1.0,0.0164045175945606,1.0,1.0,1.5367755940964577e-05,1.0,0.0,0.0055381379818462,1.0,0.0,1.6777802413921416e-05,1.0,0.0,0.0003114106123688,264690.0,0.0006601525016749,0.0,0.0642767717469161,0.0,0.0039813328919955,1.0,1.0,1.0,1.820720231553125e-08,1.0,1.0,1.0,1.0,0.000348435144292,1.0,0.0,0.0,0.0185417991562683,1.0,1.0,0.0,1.060506538594198e-09,1.0,1.0,1.0,0.0401574207961716,1.0,1.0,0.0,0.0001046398561251,1.0,1.0,0.0,0.003466881137686,1.0,0.0,1.0,1.0,1.263046446492049e-05,1.0,1.6169577242443946e-05,1.0,0.0,0.0,0.0367190465513041,1.0,0.0,1.0,0.0,3.6437682671890667e-11,1.0,0.0,1.0,5.087103050563065e-05,1.0,0.0,0.0,0.0163758389388907,1.0,1.0,0.0,0.0477162147502123,1.0,0.0,1.0,6.184106159640089e-05,1.0,0.0,1.0,0.0088917052217684,1.0,1.0,0.0,1.0,2.1625965527707903e-05,1.0,7.943106051846377e-06,1.0,1.0,0.0,6.427187300204354e-06,1.0,1.0,1.0,0.0,0.0053303909902292,1.0,1.0,1.0,0.0007204795875787,1.0,1.0,0.0,2.553235564122545e-09,1.0,1.0,0.0,4.021452000764731e-05,1.0,0.0,1.0,0.0612458597388928,1.0,0.0,0.0,0.078804125572095,1.0,0.0,1.0,1.0,0.0001121466433971,1.0,2.402729894567378e-05,1.0,1.0,1.0,0.0001051565772678,1.0,0.0,0.0,0.0002199937545967,1.0,1.0,1.0,0.0,0.000446076606865,1.0,0.0,0.0,0.0045032914914352,1.0,1.0,1.0,2.912371323976604e-08,1.0,0.0,1.0,0.0003798138096054,1.0,0.0,0.0,3.051216469101992e-05,1.0,0.0,1.0,6.813437690838767e-14,1.0,0.0,1.0,0.9802915486772404,0.6248502836643913,0.9945889423153264,7.123581464229643,0.5655478316054211,6.507748191470945,18.0,838.0859973790456,264690.0,0.0,14889.949906872136,1.0,3.550306954200026,7.123581464229643,0.5655478316054211,2.9835926459826663,20.0,0.05698005698005698
0.0046206153832621995,0.0229319494175801,0.00249919528398355,0.0009000000000739001,0.01328297730217525,0.00090001692366525,3.842100333078961e-06,0.0019514328391525,4.902060677086707e-10,0.0005600354609733,7.897273010600421e-09,2.7708937150314504e-15,0.0002070135542758,0.01834866564293,6.799349793431724e-05,0.0002234036976292,0.0052597237979467,7.028306435810477e-06,0.0003514115589299,4.986397211789474e-09,1.7648003916505963e-06,1.2200600521942438e-10,1.6871638891623048e-10,0.0216877287449157,0.00037404,0.0019116378687881,0.0,0.00432719450097685,1.0,0.00102942819663545,0.6241283467800682,0.00293174722496145,1.0,5.994997453585036e-05,0.0,0.0044740343684259495,0.6132639808286222,0.0006796020422633,1.0,5.265220897683791e-13,1.0,0.0,1.983192650052639e-08,1.0,0.0,0.0082702286571254,1.0,0.0,0.0291048265739788,1.0,1.0,2.1948597191121678e-15,1.0,1.0,0.0002229875413007,1.0,1.0,1.5465899449575027e-05,1.0,1.0,1.693587505700661e-08,1.0,0.0,9.819151231040749e-06,0.0,1.0,7.02677758921295e-10,0.0,1.0,1.2295160778317746e-05,1.0,0.0,0.0003094637589077,1.0,0.0,0.00053096647900015,1.0,1.0,0.00037577784272454996,1.0,0.0,0.000377107236627,1.0,1.0,0.0004090530981813,1.0,1.0,9.332191302040747e-05,1.0,0.01924737487351285,0.0001851516122612,1.0,0.0,0.00036563886477915,1.0,0.0,0.00031034097430555,1.0,4.824894191788506,5.249267925728681,3.821045422006969,1.0,0.0235482682770312,1.0,0.0,2.739168384299949e-06,1.0,0.0,6.284700434692343e-24,1.0,1.0,1.6668000000001e-08,1.0,0.0,9.1521582989451e-07,1.0,0.0,0.0065033558655362,1.0,1.0,1.6285367742850778e-07,1.0,1.0,0.0805880837784935,1.0,1.0,0.0018984101176864,1.0,1.0,0.0014523249286296,1.0,1.0,8.720971464949541e-05,1.0,0.0,7.04247660629453e-06,1.0,1.0,2.358969043749179e-08,1.0,1.0,8.801715862334853e-05,1.0,0.0,0.000564333135161,1.0,1.0,0.0029678350746095,1.0,1.0,5.9272710852514975e-08,1.0,1.0,8.017837296389623e-06,1.0,0.0,0.0007377180083704,1.0,1.0,0.0002062661263855,1.0,0.0,0.0011688391333728,1.0,1.0,0.0024905786173626,1.0,1.0,4.759303796944929e-05,1.0,1.0,4.398139311092544e-06,1.0,0.0,0.0001096501191209,1.0,0.0,0.0296061697202598,1.0,1.0,2.751490235330229e-05,1.0,0.0,0.0095462792087604,1.0,1.0,0.0002244141612071,264690.0,0.0247263097793816,1.0,1.3254303666775362e-05,0.0,0.0027939754767649,1.0,1.0,1.0,8.3878062885933975e-16,1.0,1.0,1.0,0.0,0.0054553048460101,1.0,0.0,0.0,0.0028589730140653,1.0,1.0,1.0,0.0006854369407743,1.0,1.0,0.0,0.0132494233053715,1.0,0.0,1.0,7.818124088817733e-05,1.0,0.0,1.0,0.000108963194254,1.0,0.0,1.0,0.0,1.1387614780257458e-05,0.0,3.0693725079429837e-06,1.0,0.0,0.0,0.0020991265308822,1.0,0.0,1.0,1.0,0.0010585260594929,1.0,0.0,0.0,0.0656208702261137,1.0,1.0,1.0,3.380198988775156e-08,1.0,0.0,0.0,1.8668417166745916e-08,1.0,1.0,0.0,7.852032152148359e-05,1.0,0.0,1.0,0.0054665564711736,1.0,0.0,0.0,0.0,0.0005927489054405,1.0,0.0070909755746575,1.0,0.0,0.0,1.8136440753284684e-06,1.0,1.0,1.0,0.0,8.101792377431329e-12,1.0,1.0,0.0,3.274842668237052e-07,1.0,0.0,0.0,0.0002354427163276,1.0,1.0,0.0,2.809654546235555e-07,1.0,1.0,1.0,7.846560001516628e-05,1.0,0.0,0.0,0.0756933680765507,1.0,1.0,0.0,1.0,5.64029532682159e-06,1.0,0.0006217773321764,1.0,0.0,0.0,1.596152321491891e-06,1.0,0.2332565323009341,1.0,1.6026363852742653e-07,1.0,0.0,1.0,1.0,2.2232832030622144e-08,1.0,0.0,0.0,2.638845999627271e-07,1.0,0.0,0.0,3.1384504593458534e-08,1.0,1.0,0.0,1.1640680157717254e-05,1.0,1.0,0.0,0.006583214196096,1.0,0.0,0.0,8.55149140169148e-05,1.0,0.0,0.0,1.0,1.0,0.9579098719128496,7.173492315002912,0.5900335440584943,7.534940160742929,45.0,0.44186550321686663,1.0,0.0,0.4952882405726734,1.0,3.5413172511542967,7.534940160742929,0.5900335440584943,2.976264217741501,48.0,0.13675213675213677
0.0036612307665204,9.33993230540085e-11,0.0012600116407259,0.0001278284561809,0.0268015906392823,0.0009,0.0103178190281853,0.0061730087375905,0.0014292075716958,0.0105160806331996,0.00031067060317,0.0006363825346434,0.0027360000017637,0.0027724149419934,0.0019517878201739,0.0072223730724898,0.0008667165582017,0.0001226130375121,0.0076359415292858,0.0584577294505502,2.4546282358959248e-05,0.0002546263290431,0.0030364302971717,0.0051590706141463,0.0031750186338176,0.013033523734737,0.0,0.00432719450097685,1.0,0.00102942819663545,0.6241283467800682,0.00293174722496145,1.0,5.994997453585036e-05,0.0,0.0044740343684259495,0.6132639808286222,0.0006796020422633,0.0,0.0012897750835987,1.0,0.0,0.0003065334790999,1.0,0.6126775856375599,0.0006118439679484,1.0,0.0,0.0001140642768167,1.0,0.0,4.5231767314469614e-05,1.0,0.0,0.000300342941749,1.0,1.0,0.0001730103806228,1.0,0.838949246584827,0.0001192267539485,1.0,1.0,0.0004563540475816,1.0,0.8297127294672082,0.0001009267887653,1.0,1.0,0.0002591730470281,1.0,1.0,0.0003414804871966,1.0,0.0,0.00053096647900015,1.0,1.0,0.00037577784272454996,1.0,0.0,0.000377107236627,1.0,1.0,0.0004090530981813,1.0,1.0,9.332191302040747e-05,1.0,0.01924737487351285,0.0001851516122612,1.0,0.0,0.00036563886477915,1.0,0.0,0.00031034097430555,1.0,5.35435141844272,5.181640615338484,3.821045422006969,1.0,0.00094622228737275,1.0,0.0,0.00030161454166555,1.0,0.8684375368822927,0.00046449533842345,1.0,1.0,9.732505181296526e-05,1.0,0.0,0.0008223474541493,1.0,0.0,0.00042056105139965,1.0,1.0,6.357671017481105e-05,1.0,0.0,8.95186300711204e-05,1.0,0.0,6.86473451718226e-05,1.0,1.0,0.00012451700193175,1.0,0.7370038800720702,0.00041356743116115,1.0,1.0,0.00010771609799514197,1.0,1.0,0.00043539315559245,1.0,1.0,0.00010716288376599581,1.0,0.3544612469420235,0.00013930251401575,1.0,1.0,0.00020470352168515,1.0,1.0,0.00010241458773015292,1.0,1.0,0.00012846642023805002,1.0,1.0,0.0001173863472579,1.0,1.0,0.0003941170459816,1.0,1.0,0.00059357941590055,1.0,0.0,0.0005032711660119501,1.0,0.5,9.801045077654701e-05,1.0,0.0,8.520010267173671e-05,1.0,0.0,0.00018718664858345002,1.0,1.0,0.00015282011881505,1.0,0.5,0.00011340784905625,1.0,0.5,0.000914125365021,1.0,1.0,0.0002244141612071,264690.0,0.00045046316566120005,1.0,0.0001402200700634,0.0,0.0001288436060751,1.0,0.0,1.0,0.0002685248700077,1.0,1.0,1.0,0.0,0.0001476638702497,1.0,0.0,0.0,0.0001011006002661,1.0,0.2446546621430612,1.0,0.0001636726109917,1.0,1.0,1.0,0.0003639966311122,1.0,1.0,1.0,0.00216656541831115,1.0,0.0,0.0,6.023112407805567e-05,1.0,1.0,1.0,1.0,0.0001495623858082,0.0,0.0005471915173509,1.0,0.0,0.0,0.0002409110326885,1.0,1.0,1.0,1.0,0.0004966842211455,1.0,0.0,0.0,0.0004354336168333,1.0,0.0,1.0,0.0003353753618639,1.0,0.0,0.0,0.0001813389352387,1.0,0.0,0.5,0.0008732233762285999,1.0,0.0,1.0,0.0002798930458159,1.0,1.0,0.0,1.0,0.0003246990188076,0.0,0.0001111546724558,1.0,0.0,1.0,8.588548816066386e-05,1.0,0.0,1.0,1.0,0.0001448811360149,1.0,0.0,0.0,0.0001357907762031,1.0,0.0,0.0,0.0003097107657766,1.0,0.0,1.0,0.000101745555167,1.0,1.0,1.0,0.0011244437390187999,1.0,1.0,1.0,0.0013851914448922,1.0,1.0,1.0,0.0,0.0001414197958603,1.0,0.0001351548410148,1.0,0.0,0.3434818868518289,2.677257949943856e-05,1.0,0.0,1.0,0.0001031275165441,1.0,0.0,1.0,0.0,6.54203620841598e-05,1.0,0.0065833504607211,0.0,9.717193159536516e-05,1.0,0.943826511804068,1.0,0.0003676609132862,1.0,0.0,1.0,0.0003798138096054,1.0,0.0,1.0,0.0010352132095212,1.0,0.0,1.0,8.55149140169148e-05,1.0,1.0,0.0,0.9907116879180674,0.9648709330357024,0.9931657007350316,7.091821317140311,0.6298482557224918,7.778360777917396,308.0,0.006483947038763026,0.0584577294505502,9.33993230540085e-11,0.012103119415007699,9.0,0.0,0.0,0.0,0.0,324.0,0.9230769230769231
0.0046206153832621995,0.0229319494175801,0.00249919528398355,0.0009000000000739001,0.01328297730217525,0.00090001692366525,0.00026591101633890004,0.0002631454984931,0.00033392818126865,7.331502967708598e-05,8.548576025260417e-05,0.00029105821481259996,0.00024735873938155,0.0003512855291243,5.676888778292314e-05,0.0010449507369871,0.0005064409604892,0.0008358654805588999,0.00052051110905175,7.070207127557905e-05,9.091415319703556e-05,0.00020577500363135,0.0002983642629857,0.0002617540288247,0.0001651503821096,0.0015179245030616,0.0,0.00432719450097685,1.0,0.00102942819663545,0.6241283467800682,0.00293174722496145,1.0,5.994997453585036e-05,0.0,0.0044740343684259495,0.6132639808286222,0.0006796020422633,0.0,0.001618278049981,1.0,0.0,8.983213725246928e-05,1.0,0.0,0.0451075496646677,1.0,0.0,0.0084442257447226,1.0,0.0,0.0086462707469606,1.0,0.0,0.0579658717100813,1.0,1.0,0.0001338507494537,1.0,1.0,0.016268288691523,1.0,0.0,0.0442268941591794,1.0,0.0,0.0013759265670756,1.0,0.0,5.259470461521884e-06,1.0,0.0,6.337895689677829e-07,1.0,0.0,0.00053096647900015,1.0,1.0,0.00037577784272454996,1.0,0.0,0.000377107236627,1.0,1.0,0.0004090530981813,1.0,1.0,9.332191302040747e-05,1.0,0.01924737487351285,0.0001851516122612,1.0,0.0,0.00036563886477915,1.0,0.0,0.00031034097430555,1.0,6.137813672696777,6.17,3.821045422006969,1.0,0.00094622228737275,1.0,0.0,0.00030161454166555,1.0,0.8684375368822927,0.00046449533842345,1.0,1.0,9.732505181296526e-05,1.0,0.0,0.0008223474541493,1.0,0.0,0.00042056105139965,1.0,1.0,6.357671017481105e-05,1.0,0.0,8.95186300711204e-05,1.0,0.0,6.86473451718226e-05,1.0,1.0,0.00012451700193175,1.0,0.7370038800720702,0.00041356743116115,1.0,1.0,0.00010771609799514197,1.0,1.0,0.00043539315559245,1.0,1.0,0.00010716288376599581,1.0,0.3544612469420235,0.00013930251401575,1.0,1.0,0.00020470352168515,1.0,1.0,0.00010241458773015292,1.0,1.0,0.00012846642023805002,1.0,1.0,0.0001173863472579,1.0,1.0,0.0003941170459816,1.0,1.0,0.00059357941590055,1.0,0.0,0.0005032711660119501,1.0,0.5,9.801045077654701e-05,1.0,0.0,8.520010267173671e-05,1.0,0.0,0.00018718664858345002,1.0,1.0,0.00015282011881505,1.0,0.5,0.00011340784905625,1.0,0.5,0.000914125365021,1.0,1.0,0.0002244141612071,264690.0,1.1095616153265802e-05,1.0,0.0001402200700634,0.0,0.0001288436060751,1.0,0.0,1.0,0.0002685248700077,1.0,1.0,1.0,0.0,0.0001476638702497,1.0,0.0,0.0,0.0001011006002661,1.0,0.2446546621430612,1.0,0.0001636726109917,1.0,1.0,1.0,0.0003639966311122,1.0,1.0,1.0,0.00216656541831115,1.0,0.0,0.0,6.023112407805567e-05,1.0,1.0,1.0,1.0,0.0001495623858082,0.0,0.0005471915173509,1.0,0.0,0.0,0.0002409110326885,1.0,1.0,1.0,1.0,0.0004966842211455,1.0,0.0,0.0,0.0004354336168333,1.0,0.0,1.0,0.0003353753618639,1.0,0.0,0.0,0.0001813389352387,1.0,0.0,0.5,0.0008732233762285999,1.0,0.0,1.0,0.0002798930458159,1.0,1.0,0.0,1.0,0.0003246990188076,0.0,0.0001111546724558,1.0,0.0,1.0,8.588548816066386e-05,1.0,0.0,1.0,1.0,0.0001448811360149,1.0,0.0,0.0,0.0001357907762031,1.0,0.0,0.0,0.0003097107657766,1.0,0.0,1.0,0.000101745555167,1.0,1.0,1.0,0.0011244437390187999,1.0,1.0,1.0,0.0013851914448922,1.0,1.0,1.0,0.0,0.0001414197958603,1.0,0.0001351548410148,1.0,0.0,0.3434818868518289,2.677257949943856e-05,1.0,0.0,1.0,0.0001031275165441,1.0,0.0,1.0,0.0,6.54203620841598e-05,1.0,0.0065833504607211,0.0,9.717193159536516e-05,1.0,0.943826511804068,1.0,0.0003676609132862,1.0,0.0,1.0,0.0003798138096054,1.0,0.0,1.0,0.0010352132095212,1.0,0.0,1.0,8.55149140169148e-05,1.0,1.0,0.0,0.9693050305764792,1.0,0.956737016514964,7.4955806481616225,0.6651335765042651,8.153092501989478,297.0,0.3833484858674887,1.0,0.0,0.48792052318315504,1.0,3.9434578058054486,8.153092501989478,0.6651335765042651,3.3228371738224887,301.0,0.8575498575498576
0.0046206153832621995,0.0229319494175801,0.00249919528398355,0.0009000000000739001,0.01328297730217525,0.00090001692366525,0.0254900460403378,1.237903224698434e-05,3.538466891840308e-07,0.0147545514635913,8.755254182542424e-05,2.695419605333909e-07,0.0628493288088913,0.0017414351614185,0.0619367845585818,2.3652000000072624e-05,2.378124922488177e-05,2.9179070635572176e-05,0.0324785338282675,3.20990630439638e-12,0.0262369442569178,0.0287134815518756,0.0982499516830667,1.0986107668575692e-10,0.0005912346453268,0.0001403307998299,0.0,0.00432719450097685,1.0,0.00102942819663545,0.6241283467800682,0.00293174722496145,1.0,5.994997453585036e-05,0.0,0.0044740343684259495,0.6132639808286222,0.0006796020422633,0.0,0.0220313031713643,1.0,0.0,4.76451550083675e-17,1.0,1.0,0.0230005987436916,1.0,1.0,2.139793186400481e-05,1.0,0.0,0.0008182072030903,1.0,0.0,0.0018177124055411,1.0,0.0,0.0472138580353532,1.0,0.0,0.0003684860879841,1.0,0.0,0.000310640852744,1.0,0.0,0.0210528059786592,0.0,0.0,7.37939747082443e-06,1.0,1.0,3.259926241572482e-05,0.0,0.0,0.0034865666823835,1.0,1.0,0.0008253776700671,1.0,0.0,0.0127127035729938,1.0,1.0,0.0134202636223972,0.0,1.0,0.0533498339147848,1.0,0.0,3.007800240654441e-05,1.0,1.0,0.0007507867715567,1.0,1.0,1.8367406588817653e-05,1.0,4.941925332086685,5.701180227367381,3.821045422006969,1.0,0.0003737592582333,1.0,1.0,0.0104125585143843,1.0,1.0,2.139124489864821e-13,1.0,1.0,9.79261956606456e-05,1.0,1.0,0.0122468325171308,1.0,1.0,0.0021644935467619,1.0,1.0,1.251474048681274e-10,1.0,1.0,0.0085140628764728,1.0,1.0,1.8319187257674718e-18,1.0,0.0,5.517435701829654e-06,1.0,0.0,5.808532532846425e-05,1.0,1.0,0.0179001504943722,1.0,0.0,1.260575053299542e-07,1.0,0.0,1.1113702680344615e-09,1.0,0.0,2.457792885755473e-17,1.0,0.0,0.0968719546450681,1.0,1.0,0.000587826884395,1.0,0.0,0.0036496549941692,1.0,0.0,1.3599111421037798e-07,1.0,0.0,0.0506600501413513,1.0,1.0,1.3644694267054117e-05,1.0,1.0,1.3474207624767734e-10,1.0,0.0,0.0214289923084632,1.0,1.0,1.7946153858578569e-12,1.0,1.0,1.856705164553969e-14,1.0,1.0,1.319835028162904e-15,1.0,0.0,0.0618865272458013,1.0,0.0,0.0004523987352683,1.0,1.0,0.0254977361967981,264690.0,5.27014664454248e-05,0.0,0.0004573498019778,0.0,7.734309378278939e-06,1.0,1.0,1.0,0.0210992034716119,1.0,0.8693594136961895,1.0,0.0,2.6110916644967166e-09,1.0,0.0,0.6943906641503959,7.198873697152427e-13,1.0,1.0,1.0,0.0799582181381541,1.0,0.0,1.0,3.0356308156101777e-07,1.0,1.0,1.0,0.00216656541831115,1.0,0.0,1.0,5.088456085217429e-09,1.0,0.0,1.0,0.0,0.0383018549798826,1.0,1.7958532089912967e-14,1.0,1.0,0.0,0.003806552386982,1.0,1.0,1.0,1.0,1.3788825923800438e-06,1.0,1.0,0.0,0.0017060905589623,1.0,0.0,1.0,5.048903861324457e-05,1.0,0.0,0.0,0.0021097098946945,1.0,0.0,1.0,0.0996060913541781,1.0,1.0,0.0,1.3210343392011547e-06,1.0,0.0432858586950122,1.0,1.0,5.617980150257945e-06,0.0,4.4899185265785167e-14,1.0,0.0,0.0,0.0049569072584074,1.0,0.0,1.0,0.0,0.0077938462072077,1.0,1.0,1.0,3.9541091024780156e-08,1.0,1.0,0.0,8.275112611047438e-09,1.0,1.0,1.0,0.0623509582346917,1.0,1.0,0.0,1.373671739724102e-05,1.0,1.0,1.0,0.0044047774880516,1.0,1.0,0.0,0.0,3.816565695933077e-05,1.0,4.608028967779894e-05,1.0,0.9839688596476676,1.0,3.2869055300933746e-20,1.0,0.0,1.0,2.143184349403109e-12,1.0,0.0,1.0,0.0,4.983426131868834e-05,1.0,1.0,1.0,0.0037820646628037,1.0,0.0,0.0,9.968990328232708e-09,1.0,0.0,0.0,0.0957244188564884,1.0,1.0,0.0,0.0029222858109593,1.0,0.0,0.0,0.0265799997507021,1.0,0.0,0.0,1.0,0.1318334649969031,1.0,7.200139529820645,0.696254292845359,7.778360777917396,22.0,848.8234471762523,264690.0,0.0,14985.094400428048,2.0,2.9530475495881388,7.200139529820645,0.1318334649969031,2.893291450742269,25.0,0.07122507122507123
0.0046206153832621995,0.0229319494175801,0.00249919528398355,0.0009000000000739001,0.01328297730217525,0.00090001692366525,0.00026591101633890004,0.0002631454984931,0.00033392818126865,7.331502967708598e-05,8.548576025260417e-05,0.00029105821481259996,0.00024735873938155,0.0003512855291243,5.676888778292314e-05,0.0010449507369871,0.0005064409604892,0.0008358654805588999,0.00052051110905175,7.070207127557905e-05,9.091415319703556e-05,0.00020577500363135,0.0002983642629857,0.0002617540288247,0.0001651503821096,0.0015179245030616,0.0,0.00432719450097685,1.0,0.00102942819663545,0.6241283467800682,0.00293174722496145,1.0,5.994997453585036e-05,0.0,0.0044740343684259495,0.6132639808286222,0.0006796020422633,0.0,0.0012897750835987,1.0,0.0,0.0003065334790999,1.0,0.6126775856375599,0.0006118439679484,1.0,0.0,0.0001140642768167,1.0,0.0,4.5231767314469614e-05,1.0,0.0,0.000300342941749,1.0,1.0,0.0001730103806228,1.0,0.838949246584827,0.0001192267539485,1.0,1.0,0.0004563540475816,1.0,0.8297127294672082,0.0001009267887653,1.0,1.0,0.0002591730470281,1.0,1.0,0.0003414804871966,1.0,0.0,0.00053096647900015,1.0,1.0,0.00037577784272454996,1.0,0.0,0.000377107236627,1.0,1.0,0.0004090530981813,1.0,1.0,9.332191302040747e-05,1.0,0.01924737487351285,0.0001851516122612,1.0,0.0,0.00036563886477915,1.0,0.0,0.00031034097430555,1.0,4.667190537502206,4.710641251225441,1.6253899275365542,1.0,0.00094622228737275,1.0,0.0,0.00030161454166555,1.0,0.8684375368822927,0.00046449533842345,1.0,1.0,9.732505181296526e-05,1.0,0.0,0.0008223474541493,1.0,0.0,0.00042056105139965,1.0,1.0,6.357671017481105e-05,1.0,0.0,8.95186300711204e-05,1.0,0.0,6.86473451718226e-05,1.0,1.0,0.00012451700193175,1.0,0.7370038800720702,0.00041356743116115,1.0,1.0,0.00010771609799514197,1.0,1.0,0.00043539315559245,1.0,1.0,0.00010716288376599581,1.0,0.3544612469420235,0.00013930251401575,1.0,1.0,0.00020470352168515,1.0,1.0,0.00010241458773015292,1.0,1.0,0.00012846642023805002,1.0,1.0,0.0001173863472579,1.0,1.0,0.0003941170459816,1.0,1.0,0.00059357941590055,1.0,0.0,0.0005032711660119501,1.0,0.5,9.801045077654701e-05,1.0,0.0,8.520010267173671e-05,1.0,0.0,0.00018718664858345002,1.0,1.0,0.00015282011881505,1.0,0.5,0.00011340784905625,1.0,0.5,0.000914125365021,1.0,1.0,0.0002244141612071,264690.0,1.5003006465646015e-05,1.0,0.0001402200700634,0.0,0.0001288436060751,1.0,0.0,1.0,0.0002685248700077,1.0,1.0,1.0,0.0,0.0001476638702497,1.0,0.0,0.0,0.0001011006002661,1.0,0.2446546621430612,1.0,0.0001636726109917,1.0,1.0,1.0,0.0003639966311122,1.0,1.0,1.0,0.00216656541831115,1.0,0.0,0.0,6.023112407805567e-05,1.0,1.0,1.0,1.0,0.0001495623858082,0.0,0.0005471915173509,1.0,0.0,0.0,0.0002409110326885,1.0,1.0,1.0,1.0,0.0004966842211455,1.0,0.0,0.0,0.0004354336168333,1.0,0.0,1.0,0.0003353753618639,1.0,0.0,0.0,0.0001813389352387,1.0,0.0,0.5,0.0008732233762285999,1.0,0.0,1.0,0.0002798930458159,1.0,1.0,0.0,1.0,0.0003246990188076,0.0,0.0001111546724558,1.0,0.0,1.0,8.588548816066386e-05,1.0,0.0,1.0,1.0,0.0001448811360149,1.0,0.0,0.0,0.0001357907762031,1.0,0.0,0.0,0.0003097107657766,1.0,0.0,1.0,0.000101745555167,1.0,1.0,1.0,0.0011244437390187999,1.0,1.0,1.0,0.0013851914448922,1.0,1.0,1.0,0.0,2.571204440565036e-05,1.0,0.0003339023172239,1.0,1.0,0.0,0.0012332987345874,1.0,0.0,0.0,1.4999070271373276e-05,1.0,0.0,1.0,1.0,7.315367888611636e-07,1.0,0.0,0.0,2.623800304616994e-09,1.0,0.0,1.0,0.0005687805751289,1.0,0.0,0.0,3.3098799819547285e-06,1.0,0.0,1.0,0.0359435131558605,1.0,0.0,1.0,1.4682373993731585e-06,1.0,0.0,1.0,0.8249618400046623,0.5697993833505919,0.9505444400360606,1.9761433804174136,0.6747008024372695,7.778360777917396,293.0,0.4155644078337053,1.0,0.0,0.49801729472743644,1.0,1.999921445313775,4.710641251225441,0.5697993833505919,1.7273574602437356,297.0,0.8461538461538461
0.0046206153832621995,0.0229319494175801,0.00249919528398355,0.0009000000000739001,0.01328297730217525,0.00090001692366525,0.00026591101633890004,0.0002631454984931,0.00033392818126865,7.331502967708598e-05,8.548576025260417e-05,0.00029105821481259996,0.00024735873938155,0.0003512855291243,5.676888778292314e-05,0.0010449507369871,0.0005064409604892,0.0008358654805588999,0.00052051110905175,7.070207127557905e-05,9.091415319703556e-05,0.00020577500363135,0.0002983642629857,0.0002617540288247,0.0001651503821096,0.0015179245030616,0.0,0.00432719450097685,1.0,0.00102942819663545,0.6241283467800682,0.00293174722496145,1.0,5.994997453585036e-05,0.0,0.0044740343684259495,0.6132639808286222,0.0006796020422633,0.0,8.246171135531289e-06,1.0,1.0,0.0037892242738135,1.0,0.0,1.8590382337586013e-21,1.0,1.0,1.499964587281304e-06,1.0,0.0,3.525053129723845e-05,1.0,0.0,0.0037177828198197,1.0,1.0,0.0365378678482881,1.0,1.0,5.671094339497344e-07,1.0,1.0,9.056520249768921e-08,1.0,1.0,2.0325169349809725e-07,1.0,0.0,0.0136562644918639,1.0,0.0,0.0059950979682639,1.0,0.0,0.00053096647900015,1.0,1.0,0.00037577784272454996,1.0,0.0,0.000377107236627,1.0,1.0,0.0004090530981813,1.0,1.0,9.332191302040747e-05,1.0,0.01924737487351285,0.0001851516122612,1.0,0.0,0.00036563886477915,1.0,0.0,0.00031034097430555,1.0,5.6152465100015885,6.17,3.821045422006969,1.0,0.00094622228737275,1.0,0.0,0.00030161454166555,1.0,0.8684375368822927,0.00046449533842345,1.0,1.0,9.732505181296526e-05,1.0,0.0,0.0008223474541493,1.0,0.0,0.00042056105139965,1.0,1.0,6.357671017481105e-05,1.0,0.0,8.95186300711204e-05,1.0,0.0,6.86473451718226e-05,1.0,1.0,0.00012451700193175,1.0,0.7370038800720702,0.00041356743116115,1.0,1.0,0.00010771609799514197,1.0,1.0,0.00043539315559245,1.0,1.0,0.00010716288376599581,1.0,0.3544612469420235,0.00013930251401575,1.0,1.0,0.00020470352168515,1.0,1.0,0.00010241458773015292,1.0,1.0,0.00012846642023805002,1.0,1.0,0.0001173863472579,1.0,1.0,0.0003941170459816,1.0,1.0,0.00059357941590055,1.0,0.0,0.0005032711660119501,1.0,0.5,9.801045077654701e-05,1.0,0.0,8.520010267173671e-05,1.0,0.0,0.00018718664858345002,1.0,1.0,0.00015282011881505,1.0,0.5,0.00011340784905625,1.0,0.5,0.000914125365021,1.0,1.0,0.0002244141612071,264690.0,0.0001497063775078,1.0,0.0001402200700634,0.0,0.0001288436060751,1.0,0.0,1.0,0.0002685248700077,1.0,1.0,1.0,0.0,0.0001476638702497,1.0,0.0,0.0,0.0001011006002661,1.0,0.2446546621430612,1.0,0.0001636726109917,1.0,1.0,1.0,0.0003639966311122,1.0,1.0,1.0,0.00216656541831115,1.0,0.0,0.0,6.023112407805567e-05,1.0,1.0,1.0,1.0,0.0001495623858082,0.0,0.0005471915173509,1.0,0.0,0.0,0.0002409110326885,1.0,1.0,1.0,1.0,0.0004966842211455,1.0,0.0,0.0,0.0004354336168333,1.0,0.0,1.0,0.0003353753618639,1.0,0.0,0.0,0.0001813389352387,1.0,0.0,0.5,0.0008732233762285999,1.0,0.0,1.0,0.0002798930458159,1.0,1.0,0.0,1.0,0.0003246990188076,0.0,0.0001111546724558,1.0,0.0,1.0,8.588548816066386e-05,1.0,0.0,1.0,1.0,0.0001448811360149,1.0,0.0,0.0,0.0001357907762031,1.0,0.0,0.0,0.0003097107657766,1.0,0.0,1.0,0.000101745555167,1.0,1.0,1.0,0.0011244437390187999,1.0,1.0,1.0,0.0013851914448922,1.0,1.0,1.0,0.0,0.0001414197958603,1.0,0.0001351548410148,1.0,0.0,0.3434818868518289,2.677257949943856e-05,1.0,0.0,1.0,0.0001031275165441,1.0,0.0,1.0,0.0,6.54203620841598e-05,1.0,0.0065833504607211,0.0,9.717193159536516e-05,1.0,0.943826511804068,1.0,0.0003676609132862,1.0,0.0,1.0,0.0003798138096054,1.0,0.0,1.0,0.0010352132095212,1.0,0.0,1.0,8.55149140169148e-05,1.0,1.0,0.0,0.9851874919409396,1.0,1.0,7.954352534416581,0.721709816493596,7.999083809292183,297.0,0.48821329192899743,1.0,0.0,0.5050454757578172,1.0,3.930697520268111,7.999083809292183,0.721709816493596,3.3111360779024372,301.0,0.8575498575498576
0.0238047768910407,0.005404364289362,9.07963185691127e-07,4.591219771346023e-11,0.0002694900031176,3.1722254082968093e-07,0.0129334830182566,0.0013709141343831,4.034197502538595e-05,1.9192853988580036e-23,0.0094048776461262,0.0006510674158585,3.432616172364225e-05,0.0051330754735314,5.219100015715265e-05,0.0003071551480591,0.0019825739986632,0.0720449782793581,0.0002484621514788,3.1835758453226097e-07,0.0004177193365962,0.0055105653672364,0.0293823943188349,6.4645913427223174e-18,0.0018708957192239,0.0027000000000182,1.0,0.0007193839946212,0.0,0.0027231844543352,1.0,0.0108085495148773,1.0,9.226509633007156e-07,0.0,0.0016827073369771,0.0,0.0432973775311067,0.0,9.425071082703408e-05,1.0,0.0,0.0491880431199725,1.0,1.0,0.0035334967015253,1.0,1.0,0.0007451928006516,1.0,0.0,0.000559233595571,1.0,0.0,5.599813650786254e-05,1.0,0.7010808659024544,6.676839272706367e-07,1.0,1.0,0.0002576672852609,1.0,1.0,6.100040666937817e-05,1.0,0.0,0.0303097031611572,1.0,0.0,0.007552113382212,1.0,0.0,0.0006447899166452,1.0,1.0,0.0015278165182752,1.0,1.0,0.0290891650475484,1.0,0.0,0.0372766636232383,1.0,0.0,0.00423526980945,1.0,0.0,8.646646705513324e-05,1.0,0.0,0.0007481742194696,1.0,0.0,0.0288018258505742,1.0,1.0,1.921734212666405e-07,1.0,4.200513723247239,1.1678631551275382,-1.6329913376578578,1.0,0.0017474764395263,1.0,0.0,0.0001119900364907,1.0,1.0,1.837936112730294e-07,1.0,1.0,0.0022652806973062,1.0,1.0,0.002587076867152,1.0,0.0,2.8156232822437496e-05,1.0,0.0,0.0015609529426789,1.0,0.0,0.000339715887418,1.0,1.0,0.0013545000005493,1.0,0.0,0.0133627967960218,1.0,0.0,6.639122804614586e-05,1.0,1.0,0.0004694900832255,1.0,1.0,0.0057286850585076,1.0,0.0,2.6325109149238377e-05,1.0,1.0,0.0638431667748653,1.0,1.0,6.336968133566697e-05,1.0,1.0,7.190100029424667e-06,1.0,1.0,0.0001675800091404,1.0,1.0,2.6365424679586967e-05,1.0,1.0,0.0009999520223478,1.0,0.0,0.0021616859875965,1.0,0.0,5.3557380985406217e-05,1.0,0.0,0.0001787679564836,1.0,1.0,0.0013293906107511,1.0,1.0,0.065727048526609,1.0,1.0,0.0206622405923799,1.0,1.0,6.418147119412387e-05,1.0,1.0,0.0016789019315632,1.0,1.0,0.0006755321703706,264690.0,0.0039836367710387,1.0,0.0001238715000322,0.0,0.0011360679930801,1.0,0.0,0.0,0.0461766699547374,1.0,1.0,1.0,0.0,0.0005258744455332,1.0,0.0,1.0,0.0111648204873025,1.0,1.0,0.0,7.303732889298385e-07,1.0,1.0,0.0,0.0003639966311122,1.0,1.0,0.0,0.001134774000141,1.0,1.0,0.0,2.886952227275439e-14,1.0,1.0,0.0,0.0,0.0021460959150704,0.0,0.0009727111677795,1.0,1.0,0.0,7.893351000000021e-05,1.0,1.0,1.0,0.0,6.188748181626863e-07,1.0,1.0,0.0,0.08187851325040912,1.0,1.0,1.0,0.0015538343382472,1.0,0.0,0.0,5.375917403583139e-05,1.0,1.0,1.0,0.0009727124551294,1.0,0.0,1.0,2.9537734545517905e-05,1.0,0.0,0.0,1.0,0.0001222758024701,1.0,0.0109904975440478,1.0,0.0,1.0,0.0002177540554418,1.0,0.0,1.0,1.0,0.0122693727605861,1.0,1.0,0.0,0.0158578677254801,1.0,1.0,0.0,0.0010804107075878,1.0,1.0,1.0,4.070466000111211e-05,1.0,0.0,0.0,0.0010094782643217,1.0,0.0,0.0,0.0013851914448922,1.0,1.0,0.0,0.0,8.482399180309545e-05,0.0,0.0562285121039034,1.0,1.0,0.0,0.0357055019816286,1.0,1.0,0.0,0.02476674703093,1.0,0.0,1.0,1.0,0.046138961184295,1.0,1.0,1.0,0.0189232159847005,1.0,0.0,1.0,0.0042365256225559,1.0,1.0,1.0,0.0009054332192909,1.0,0.0,1.0,0.001163322,1.0,0.0,0.0,0.0002155850453272,1.0,1.0,1.0,0.007141534812752,0.0036296776384773816,0.0050109035564628,-0.6770486251313494,-0.8138122882808584,-0.526798845399097,0.0,792.939223239004,264690.0,0.0,14483.167498009576,0.0,0.1915691948722769,4.200513723247239,-1.6329913376578578,1.686533624495494,1.0,0.002849002849002849
0.0046206153832621995,0.0229319494175801,0.00249919528398355,0.0009000000000739001,0.01328297730217525,0.00090001692366525,0.00026591101633890004,0.0002631454984931,0.00033392818126865,7.331502967708598e-05,8.548576025260417e-05,0.00029105821481259996,0.00024735873938155,0.0003512855291243,5.676888778292314e-05,0.0010449507369871,0.0005064409604892,0.0008358654805588999,0.00052051110905175,7.070207127557905e-05,9.091415319703556e-05,0.00020577500363135,0.0002983642629857,0.0002617540288247,0.0001651503821096,0.0015179245030616,0.0,0.00432719450097685,1.0,0.00102942819663545,0.6241283467800682,0.00293174722496145,1.0,5.994997453585036e-05,0.0,0.0044740343684259495,0.6132639808286222,0.0006796020422633,0.0,0.0012897750835987,1.0,0.0,0.0003065334790999,1.0,0.6126775856375599,0.0006118439679484,1.0,0.0,0.0001140642768167,1.0,0.0,4.5231767314469614e-05,1.0,0.0,0.000300342941749,1.0,1.0,0.0001730103806228,1.0,0.838949246584827,0.0001192267539485,1.0,1.0,0.0004563540475816,1.0,0.8297127294672082,0.0001009267887653,1.0,1.0,0.0002591730470281,1.0,1.0,0.0003414804871966,1.0,0.0,0.00053096647900015,1.0,1.0,0.00037577784272454996,1.0,0.0,0.000377107236627,1.0,1.0,0.0004090530981813,1.0,1.0,9.332191302040747e-05,1.0,0.01924737487351285,0.0001851516122612,1.0,0.0,0.00036563886477915,1.0,0.0,0.00031034097430555,1.0,5.35435141844272,5.181640615338484,3.821045422006969,1.0,0.00094622228737275,1.0,0.0,0.00030161454166555,1.0,0.8684375368822927,0.00046449533842345,1.0,1.0,9.732505181296526e-05,1.0,0.0,0.0008223474541493,1.0,0.0,0.00042056105139965,1.0,1.0,6.357671017481105e-05,1.0,0.0,8.95186300711204e-05,1.0,0.0,6.86473451718226e-05,1.0,1.0,0.00012451700193175,1.0,0.7370038800720702,0.00041356743116115,1.0,1.0,0.00010771609799514197,1.0,1.0,0.00043539315559245,1.0,1.0,0.00010716288376599581,1.0,0.3544612469420235,0.00013930251401575,1.0,1.0,0.00020470352168515,1.0,1.0,0.00010241458773015292,1.0,1.0,0.00012846642023805002,1.0,1.0,0.0001173863472579,1.0,1.0,0.0003941170459816,1.0,1.0,0.00059357941590055,1.0,0.0,0.0005032711660119501,1.0,0.5,9.801045077654701e-05,1.0,0.0,8.520010267173671e-05,1.0,0.0,0.00018718664858345002,1.0,1.0,0.00015282011881505,1.0,0.5,0.00011340784905625,1.0,0.5,0.000914125365021,1.0,1.0,0.0002244141612071,264690.0,0.00045046316566120005,1.0,0.0001402200700634,0.0,0.0001288436060751,1.0,0.0,1.0,0.0002685248700077,1.0,1.0,1.0,0.0,0.0001476638702497,1.0,0.0,0.0,0.0001011006002661,1.0,0.2446546621430612,1.0,0.0001636726109917,1.0,1.0,1.0,0.0003639966311122,1.0,1.0,1.0,0.00216656541831115,1.0,0.0,0.0,6.023112407805567e-05,1.0,1.0,1.0,1.0,0.0001495623858082,0.0,0.0005471915173509,1.0,0.0,0.0,0.0002409110326885,1.0,1.0,1.0,1.0,0.0004966842211455,1.0,0.0,0.0,0.0004354336168333,1.0,0.0,1.0,0.0003353753618639,1.0,0.0,0.0,0.0001813389352387,1.0,0.0,0.5,0.0008732233762285999,1.0,0.0,1.0,0.0002798930458159,1.0,1.0,0.0,1.0,0.0003246990188076,0.0,0.0001111546724558,1.0,0.0,1.0,8.588548816066386e-05,1.0,0.0,1.0,1.0,0.0001448811360149,1.0,0.0,0.0,0.0001357907762031,1.0,0.0,0.0,0.0003097107657766,1.0,0.0,1.0,0.000101745555167,1.0,1.0,1.0,0.0011244437390187999,1.0,1.0,1.0,0.0013851914448922,1.0,1.0,1.0,0.0,0.0001414197958603,1.0,0.0001351548410148,1.0,0.0,0.3434818868518289,2.677257949943856e-05,1.0,0.0,1.0,0.0001031275165441,1.0,0.0,1.0,0.0,6.54203620841598e-05,1.0,0.0065833504607211,0.0,9.717193159536516e-05,1.0,0.943826511804068,1.0,0.0003676609132862,1.0,0.0,1.0,0.0003798138096054,1.0,0.0,1.0,0.0010352132095212,1.0,0.0,1.0,8.55149140169148e-05,1.0,1.0,0.0,0.9907116879180674,0.9648709330357024,0.9931657007350316,7.091821317140311,0.6298482557224918,7.778360777917396,334.0,0.0,0.0,0.0,0.0,9.0,0.0,0.0,0.0,0.0,349.0,0.9943019943019943
0.0046206153832621995,0.0229319494175801,0.00249919528398355,0.0009000000000739001,0.01328297730217525,0.00090001692366525,0.0148697007807399,5.392904483252688e-09,2.852008409703304e-16,0.0053031608034714,0.0284054076222263,1.355405829942269e-06,0.0012496354932932,0.037210190078571,1.372523564842833e-09,0.0010449507369871,0.0005064409604892,0.0008358654805588999,0.00052051110905175,7.070207127557905e-05,9.091415319703556e-05,0.00020577500363135,0.0002983642629857,0.0002617540288247,0.0001651503821096,0.0100748330775242,0.0,0.00432719450097685,1.0,0.00102942819663545,0.6241283467800682,0.00293174722496145,1.0,5.994997453585036e-05,0.0,0.0044740343684259495,0.6132639808286222,0.0006796020422633,0.0,0.0012897750835987,1.0,0.0,0.0003065334790999,1.0,0.6126775856375599,0.0006118439679484,1.0,0.0,0.0001140642768167,1.0,0.0,4.5231767314469614e-05,1.0,0.0,0.000300342941749,1.0,1.0,0.0001730103806228,1.0,0.838949246584827,0.0001192267539485,1.0,1.0,0.0004563540475816,1.0,0.8297127294672082,0.0001009267887653,1.0,1.0,0.0002591730470281,1.0,1.0,0.0003414804871966,1.0,0.0,0.00053096647900015,1.0,1.0,0.00037577784272454996,1.0,0.0,0.000377107236627,1.0,1.0,0.0004090530981813,1.0,1.0,9.332191302040747e-05,1.0,0.01924737487351285,0.0001851516122612,1.0,0.0,0.00036563886477915,1.0,0.0,0.00031034097430555,1.0,4.780456609649604,4.69282473338241,4.67625599584977,1.0,0.0002101256423708,1.0,1.0,0.0014701429877069,1.0,0.0,0.009617522876367,1.0,0.0,0.016166291974027,1.0,1.0,0.0001091503102055,1.0,0.0,0.0298531483026142,1.0,0.0,0.0056290989286166,1.0,0.0,0.0007267277193656,1.0,0.0,1.7801124123041847e-08,1.0,0.0,0.0001221701214587,1.0,1.0,0.0373779996029323,1.0,1.0,1.0735572159755235e-06,1.0,1.0,2.0812312133064943e-11,1.0,0.0,4.0968856140498905e-06,1.0,1.0,0.000166093344835,1.0,1.0,0.0089802764661118,1.0,0.0,5.862985959734184e-06,1.0,1.0,1.135235448293258e-05,1.0,0.0,0.0010662739634959,1.0,1.0,0.0014729235341427,1.0,1.0,0.0096867666560714,1.0,1.0,4.026073020917039e-05,1.0,1.0,9.022424984289402e-05,1.0,0.0,0.0001374442433487,1.0,1.0,2.6643527653402234e-06,1.0,1.0,0.0001832842975683,1.0,0.0,4.75568972210965e-13,1.0,1.0,3.6546368323832485e-05,1.0,1.0,0.0002244141612071,264690.0,0.01820784347876,1.0,0.0001402200700634,0.0,0.0001288436060751,1.0,0.0,1.0,0.0002685248700077,1.0,1.0,1.0,0.0,0.0001476638702497,1.0,0.0,0.0,0.0001011006002661,1.0,0.2446546621430612,1.0,0.0001636726109917,1.0,1.0,1.0,0.0003639966311122,1.0,1.0,1.0,0.00216656541831115,1.0,0.0,0.0,6.023112407805567e-05,1.0,1.0,1.0,1.0,0.0001495623858082,0.0,0.0005471915173509,1.0,0.0,0.0,0.0002409110326885,1.0,1.0,1.0,1.0,0.0004966842211455,1.0,0.0,0.0,0.0004354336168333,1.0,0.0,1.0,0.0003353753618639,1.0,0.0,0.0,0.0001813389352387,1.0,0.0,0.5,0.0008732233762285999,1.0,0.0,1.0,0.0002798930458159,1.0,1.0,0.0,1.0,0.0003246990188076,0.0,0.0001111546724558,1.0,0.0,1.0,8.588548816066386e-05,1.0,0.0,1.0,1.0,0.0001448811360149,1.0,0.0,0.0,0.0001357907762031,1.0,0.0,0.0,0.0003097107657766,1.0,0.0,1.0,0.000101745555167,1.0,1.0,1.0,0.0011244437390187999,1.0,1.0,1.0,0.0013851914448922,1.0,1.0,1.0,0.0,0.0007652142371761,0.0,8.285869583486469e-07,1.0,0.0,0.0,0.002030354036016,1.0,0.0,0.0,0.0004175710406063,1.0,0.0,1.0,0.0,1.6799089863312884e-07,1.0,1.0,0.0,8.88190269635998e-11,1.0,0.0,1.0,0.0504493135048512,1.0,1.0,1.0,4.009280836801225e-05,1.0,1.0,0.0,6.326453822255078e-05,1.0,1.0,0.0,0.0007601623509802,1.0,1.0,0.0,1.0,0.8602579049199726,0.9814879493107364,9.428779590123206,0.731534536393646,7.778360777917396,199.0,0.4540223455034578,1.0,0.0,0.49760531924256907,1.0,3.3939496649536682,9.428779590123206,0.731534536393646,3.0875782114437746,202.0,0.5754985754985755
0.3011822673765593,0.16078262158924278,0.32395770549609604,0.363729236427188,0.3433944995150544,0.48596630189464507,0.27887639978747636,0.15038709300327133,0.26508035536820124,0.30409187219966316,0.29210013260175566,0.32746947604447585,0.2950584854516639,0.27752874436543384,0.41189835964609417,0.2565253046553928,0.16781919606329082,0.24344249391207054,0.2706133689850124,0.29847467590350074,0.31230377125682096,0.34116251212756044,0.3132333765157679,0.2745146900924875,0.4154667785886722,0.4090289771806849,0.0,0.00432719450097685,1.0,0.00102942819663545,0.6241283467800682,0.00293174722496145,1.0,5.994997453585036e-05,0.0,0.0044740343684259495,0.6132639808286222,0.0006796020422633,0.0,0.0012897750835987,1.0,0.0,0.0003065334790999,1.0,0.6126775856375599,0.0006118439679484,1.0,0.0,0.0001140642768167,1.0,0.0,4.5231767314469614e-05,1.0,0.0,0.000300342941749,1.0,1.0,0.0001730103806228,1.0,0.838949246584827,0.0001192267539485,1.0,1.0,0.0004563540475816,1.0,0.8297127294672082,0.0001009267887653,1.0,1.0,0.0002591730470281,1.0,1.0,0.0003414804871966,1.0,0.0,0.00053096647900015,1.0,1.0,0.00037577784272454996,1.0,0.0,0.000377107236627,1.0,1.0,0.0004090530981813,1.0,1.0,9.332191302040747e-05,1.0,0.01924737487351285,0.0001851516122612,1.0,0.0,0.00036563886477915,1.0,0.0,0.00031034097430555,1.0,5.35435141844272,5.181640615338484,3.821045422006969,1.0,0.00094622228737275,1.0,0.0,0.00030161454166555,1.0,0.8684375368822927,0.00046449533842345,1.0,1.0,9.732505181296526e-05,1.0,0.0,0.0008223474541493,1.0,0.0,0.00042056105139965,1.0,1.0,6.357671017481105e-05,1.0,0.0,8.95186300711204e-05,1.0,0.0,6.86473451718226e-05,1.0,1.0,0.00012451700193175,1.0,0.7370038800720702,0.00041356743116115,1.0,1.0,0.00010771609799514197,1.0,1.0,0.00043539315559245,1.0,1.0,0.00010716288376599581,1.0,0.3544612469420235,0.00013930251401575,1.0,1.0,0.00020470352168515,1.0,1.0,0.00010241458773015292,1.0,1.0,0.00012846642023805002,1.0,1.0,0.0001173863472579,1.0,1.0,0.0003941170459816,1.0,1.0,0.00059357941590055,1.0,0.0,0.0005032711660119501,1.0,0.5,9.801045077654701e-05,1.0,0.0,8.520010267173671e-05,1.0,0.0,0.00018718664858345002,1.0,1.0,0.00015282011881505,1.0,0.5,0.00011340784905625,1.0,0.5,0.000914125365021,1.0,1.0,0.0002244141612071,264690.0,0.00045046316566120005,1.0,0.0001402200700634,0.0,0.0001288436060751,1.0,0.0,1.0,0.0002685248700077,1.0,1.0,1.0,0.0,0.0001476638702497,1.0,0.0,0.0,0.0001011006002661,1.0,0.2446546621430612,1.0,0.0001636726109917,1.0,1.0,1.0,0.0003639966311122,1.0,1.0,1.0,0.00216656541831115,1.0,0.0,0.0,6.023112407805567e-05,1.0,1.0,1.0,1.0,0.0001495623858082,0.0,0.0005471915173509,1.0,0.0,0.0,0.0002409110326885,1.0,1.0,1.0,1.0,0.0004966842211455,1.0,0.0,0.0,0.0004354336168333,1.0,0.0,1.0,0.0003353753618639,1.0,0.0,0.0,0.0001813389352387,1.0,0.0,0.5,0.0008732233762285999,1.0,0.0,1.0,0.0002798930458159,1.0,1.0,0.0,1.0,0.0003246990188076,0.0,0.0001111546724558,1.0,0.0,1.0,8.588548816066386e-05,1.0,0.0,1.0,1.0,0.0001448811360149,1.0,0.0,0.0,0.0001357907762031,1.0,0.0,0.0,0.0003097107657766,1.0,0.0,1.0,0.000101745555167,1.0,1.0,1.0,0.0011244437390187999,1.0,1.0,1.0,0.0013851914448922,1.0,1.0,1.0,0.0,0.0001414197958603,1.0,0.0001351548410148,1.0,0.0,0.3434818868518289,2.677257949943856e-05,1.0,0.0,1.0,0.0001031275165441,1.0,0.0,1.0,0.0,6.54203620841598e-05,1.0,0.0065833504607211,0.0,9.717193159536516e-05,1.0,0.943826511804068,1.0,0.0003676609132862,1.0,0.0,1.0,0.0003798138096054,1.0,0.0,1.0,0.0010352132095212,1.0,0.0,1.0,8.55149140169148e-05,1.0,1.0,0.0,0.9907116879180674,0.9648709330357024,0.9931657007350316,7.091821317140311,0.6298482557224918,7.778360777917396,308.0,0.3209792188519639,0.4910357053560216,0.1572350408826033,0.0822019234602806,9.0,0.0,0.0,0.0,0.0,324.0,0.9230769230769231
0.0046206153832621995,0.0229319494175801,0.00249919528398355,0.0009000000000739001,0.01328297730217525,0.00090001692366525,0.00026591101633890004,0.0002631454984931,0.00033392818126865,7.331502967708598e-05,8.548576025260417e-05,0.00029105821481259996,0.00024735873938155,0.0003512855291243,5.676888778292314e-05,0.0010449507369871,0.0005064409604892,0.0008358654805588999,0.00052051110905175,7.070207127557905e-05,9.091415319703556e-05,0.00020577500363135,0.0002983642629857,0.0002617540288247,0.0001651503821096,0.0015179245030616,0.0,0.00432719450097685,1.0,0.00102942819663545,0.6241283467800682,0.00293174722496145,1.0,5.994997453585036e-05,0.0,0.0044740343684259495,0.6132639808286222,0.0006796020422633,0.0,0.0012897750835987,1.0,0.0,0.0003065334790999,1.0,0.6126775856375599,0.0006118439679484,1.0,0.0,0.0001140642768167,1.0,0.0,4.5231767314469614e-05,1.0,0.0,0.000300342941749,1.0,1.0,0.0001730103806228,1.0,0.838949246584827,0.0001192267539485,1.0,1.0,0.0004563540475816,1.0,0.8297127294672082,0.0001009267887653,1.0,1.0,0.0002591730470281,1.0,1.0,0.0003414804871966,1.0,0.0,0.00053096647900015,1.0,1.0,0.00037577784272454996,1.0,0.0,0.000377107236627,1.0,1.0,0.0004090530981813,1.0,1.0,9.332191302040747e-05,1.0,0.01924737487351285,0.0001851516122612,1.0,0.0,0.00036563886477915,1.0,0.0,0.00031034097430555,1.0,5.472499749068668,2.763223690326001,4.671130590979304,1.0,0.00094622228737275,1.0,0.0,0.00030161454166555,1.0,0.8684375368822927,0.00046449533842345,1.0,1.0,9.732505181296526e-05,1.0,0.0,0.0008223474541493,1.0,0.0,0.00042056105139965,1.0,1.0,6.357671017481105e-05,1.0,0.0,8.95186300711204e-05,1.0,0.0,6.86473451718226e-05,1.0,1.0,0.00012451700193175,1.0,0.7370038800720702,0.00041356743116115,1.0,1.0,0.00010771609799514197,1.0,1.0,0.00043539315559245,1.0,1.0,0.00010716288376599581,1.0,0.3544612469420235,0.00013930251401575,1.0,1.0,0.00020470352168515,1.0,1.0,0.00010241458773015292,1.0,1.0,0.00012846642023805002,1.0,1.0,0.0001173863472579,1.0,1.0,0.0003941170459816,1.0,1.0,0.00059357941590055,1.0,0.0,0.0005032711660119501,1.0,0.5,9.801045077654701e-05,1.0,0.0,8.520010267173671e-05,1.0,0.0,0.00018718664858345002,1.0,1.0,0.00015282011881505,1.0,0.5,0.00011340784905625,1.0,0.5,0.000914125365021,1.0,1.0,0.0002244141612071,264690.0,0.00045046316566120005,1.0,0.0001402200700634,0.0,0.0001288436060751,1.0,0.0,1.0,0.0002685248700077,1.0,1.0,1.0,0.0,0.0001476638702497,1.0,0.0,0.0,0.0001011006002661,1.0,0.2446546621430612,1.0,0.0001636726109917,1.0,1.0,1.0,0.0003639966311122,1.0,1.0,1.0,0.00216656541831115,1.0,0.0,0.0,6.023112407805567e-05,1.0,1.0,1.0,1.0,0.0001495623858082,0.0,0.0005471915173509,1.0,0.0,0.0,0.0002409110326885,1.0,1.0,1.0,1.0,0.0004966842211455,1.0,0.0,0.0,0.0004354336168333,1.0,0.0,1.0,0.0003353753618639,1.0,0.0,0.0,0.0001813389352387,1.0,0.0,0.5,0.0008732233762285999,1.0,0.0,1.0,0.0002798930458159,1.0,1.0,0.0,1.0,0.0003246990188076,0.0,0.0001111546724558,1.0,0.0,1.0,8.588548816066386e-05,1.0,0.0,1.0,1.0,0.0001448811360149,1.0,0.0,0.0,0.0001357907762031,1.0,0.0,0.0,0.0003097107657766,1.0,0.0,1.0,0.000101745555167,1.0,1.0,1.0,0.0011244437390187999,1.0,1.0,1.0,0.0013851914448922,1.0,1.0,1.0,0.0,0.0001414197958603,1.0,0.0001351548410148,1.0,0.0,0.3434818868518289,2.677257949943856e-05,1.0,0.0,1.0,0.0001031275165441,1.0,0.0,1.0,0.0,6.54203620841598e-05,1.0,0.0065833504607211,0.0,9.717193159536516e-05,1.0,0.943826511804068,1.0,0.0003676609132862,1.0,0.0,1.0,0.0003798138096054,1.0,0.0,1.0,0.0010352132095212,1.0,0.0,1.0,8.55149140169148e-05,1.0,1.0,0.0,0.975043874963688,1.0,0.9962462070004628,3.107652600852892,0.7169455040697993,6.208656417262658,334.0,0.0,0.0,0.0,0.0,0.0,2.87904429272483,6.208656417262658,0.7169455040697993,2.1349825064609083,337.0,0.9601139601139601
0.0046206153832621995,0.0229319494175801,0.00249919528398355,0.0009000000000739001,0.01328297730217525,0.00090001692366525,1.9481298709308195e-06,5.588411328338918e-05,6.233865652871717e-05,2.920490460193699e-06,2.1055157710959247e-10,0.0001764623227659,4.627218603221673e-05,7.558752556113069e-06,5.13825036507323e-08,1.222384282419811e-05,5.180696206215259e-13,0.0006853294106709,7.243499907217863e-05,0.0002406465604153,0.0252472860663915,3.78723919196388e-08,0.0001803639593986,1.7886641139817303e-09,1.1765871848164894e-05,0.0104653928843972,0.0,0.00432719450097685,1.0,0.00102942819663545,0.6241283467800682,0.00293174722496145,1.0,5.994997453585036e-05,0.0,0.0044740343684259495,0.6132639808286222,0.0006796020422633,1.0,3.5891572796714e-13,1.0,1.0,0.0025353195738528,1.0,0.0,9.747816038672082e-05,1.0,0.0,1.8235791632256355e-09,1.0,0.0,4.5231767314469614e-05,0.0,1.0,0.0339086340535248,1.0,1.0,8.941972064936124e-06,1.0,0.0,0.000276073619632,1.0,0.0,0.0002013406349983,1.0,0.0,1.996282920283742e-07,1.0,0.0,9.673073494930089e-07,1.0,1.0,0.0008517872943801,1.0,1.0,0.0082702788249132,0.0,1.0,0.0407163946667392,1.0,1.0,4.5018e-05,1.0,0.0,2.0113285970598624e-05,0.0,0.0,2.676004317496376e-07,1.0,1.0,1.1169896077303729e-05,1.0,0.0,4.50182512890849e-05,1.0,0.0,5.249145508118658e-11,0.0,5.958964863898112,5.946143131519407,4.682394765710659,1.0,0.0883233687882188,1.0,1.0,0.0005042173261357,1.0,1.0,0.023811314195638,1.0,0.0,5.78810172376623e-07,1.0,1.0,0.012679658537338,1.0,1.0,0.0003076281697283,1.0,1.0,0.0023797274491828,1.0,0.0,3.4072768918906914e-05,1.0,0.0,2.864701478557401e-06,1.0,1.0,0.0228765466964455,1.0,0.1316575085350207,0.0013770185758308,1.0,1.0,0.0001689601837229,1.0,1.0,9.55975433045472e-06,1.0,1.0,8.872190033776595e-05,1.0,0.0,2.7766066067050426e-07,1.0,0.0,0.0182925307987942,1.0,0.0,1.2761760920719714e-05,1.0,0.0,2.570694605197966e-06,1.0,0.0,8.490607556919432e-05,1.0,1.0,0.0006101795473084,1.0,1.0,0.0070076462483406,1.0,0.0,2.8152010002835942e-06,1.0,0.0,0.0027170402573352,1.0,0.0,0.0024455479784242,1.0,0.0,5.564700000000021e-05,1.0,0.0,0.0005619107951516,1.0,1.0,0.000124042567261,1.0,0.0,0.0520334144907775,1.0,1.0,0.0002244141612071,264690.0,0.0361464312052936,1.0,0.0001402200700634,0.0,0.0001288436060751,1.0,0.0,1.0,0.0002685248700077,1.0,1.0,1.0,0.0,0.0001476638702497,1.0,0.0,0.0,0.0001011006002661,1.0,0.2446546621430612,1.0,0.0001636726109917,1.0,1.0,1.0,0.0003639966311122,1.0,1.0,1.0,0.00216656541831115,1.0,0.0,0.0,6.023112407805567e-05,1.0,1.0,1.0,1.0,0.0001495623858082,0.0,0.0005471915173509,1.0,0.0,0.0,0.0002409110326885,1.0,1.0,1.0,1.0,0.0004966842211455,1.0,0.0,0.0,0.0004354336168333,1.0,0.0,1.0,0.0003353753618639,1.0,0.0,0.0,0.0001813389352387,1.0,0.0,0.5,0.0008732233762285999,1.0,0.0,1.0,0.0002798930458159,1.0,1.0,0.0,1.0,0.0003246990188076,0.0,0.0001111546724558,1.0,0.0,1.0,8.588548816066386e-05,1.0,0.0,1.0,1.0,0.0001448811360149,1.0,0.0,0.0,0.0001357907762031,1.0,0.0,0.0,0.0003097107657766,1.0,0.0,1.0,0.000101745555167,1.0,1.0,1.0,0.0011244437390187999,1.0,1.0,1.0,0.0013851914448922,1.0,1.0,1.0,1.0,6.698237147186781e-06,0.0,0.0035414280945528,1.0,1.0,1.0,0.0150185323175429,1.0,1.0,0.0,6.102280745917393e-05,1.0,1.0,1.0,0.0,8.597805757444075e-05,1.0,1.0,0.0,0.0052814314861495,1.0,0.0,0.0,1.004113057155216e-12,1.0,0.0,1.0,4.182311968382409e-05,1.0,0.0,0.0,0.0800810409661232,0.0,0.0,1.0,0.0017736543638483,1.0,0.0,1.0,0.9558501607781812,0.8357544654063628,0.999781684074636,5.837544574817779,0.6556099291992264,10.233429338344758,129.0,0.41285128894653567,1.0,0.0,0.49059612740420405,0.0,4.011719212638791,10.233429338344758,0.6556099291992264,3.3501344618426736,130.0,0.37037037037037035
0.0046206153832621995,0.0229319494175801,0.00249919528398355,0.0009000000000739001,0.01328297730217525,0.00090001692366525,0.0010347821039473,0.0188703658914543,0.0154607767823843,3.383088753788061e-06,0.0631060536730926,0.002121398572763,0.0073764175777641,6.094800007143455e-05,0.0009732620498699,5.324467307326123e-05,0.0001955420398697,0.0823863948924365,0.0085456802433545,7.679468230386594e-13,6.552098895467147e-05,3.5919934498418545e-12,0.0001569292738528,0.01559225917353,2.4756746983752094e-07,0.0010450688679199,0.0,0.00432719450097685,1.0,0.00102942819663545,0.6241283467800682,0.00293174722496145,1.0,5.994997453585036e-05,0.0,0.0044740343684259495,0.6132639808286222,0.0006796020422633,0.0,0.0001981588203166,1.0,1.0,0.0518565554581098,1.0,1.0,0.0028541722252967,1.0,1.0,0.0167583941803519,1.0,0.0,0.000194917514088,1.0,0.0,0.0001772330999468,1.0,1.0,0.0001730103806228,1.0,0.0,6.418613955828442e-13,1.0,0.0,0.0003620311687928,1.0,1.0,0.0017887185274469,1.0,1.0,0.002064722602672,1.0,0.0,0.0005127691464868,1.0,1.0,0.006417769245321,1.0,1.0,5.135146474806789e-05,1.0,0.0,0.0032619407066066,1.0,0.0,0.0001745122093915,1.0,1.0,1.3821776539137744e-07,0.0,1.0,6.28516076746791e-05,1.0,1.0,0.0639870659967251,1.0,0.0,5.517681953439952e-16,0.0,5.336490286838234,5.17647644699022,3.821045422006969,0.0,0.0855153259469365,1.0,1.0,1.905301782661455e-05,1.0,0.0,7.427784417735536e-05,1.0,0.0,1.5579000000002305e-05,1.0,0.0,0.0001892975294222,1.0,0.0,0.0065327740367399,1.0,1.0,0.0228992128021722,1.0,1.0,0.0070701305570753,1.0,1.0,0.0001137162658831,1.0,0.0,0.0003258178806724,1.0,0.6847889498153836,7.501276775966808e-05,1.0,0.0,6.219357850249371e-06,1.0,1.0,0.000304464346691,1.0,0.0,5.844815764351096e-07,1.0,1.0,1.6601294363710354e-05,1.0,0.0,1.1826957850810565e-05,1.0,0.0,0.0103636892588234,1.0,0.0,0.09333498285645779,1.0,1.0,6.225676020998786e-06,1.0,1.0,0.000305235707802,1.0,1.0,0.0082476844513084,1.0,1.0,1.8965335519479064e-05,1.0,0.0,2.0296714488343934e-05,1.0,1.0,5.52628337983439e-06,1.0,1.0,4.41037419406326e-06,1.0,1.0,0.0001465202351722,1.0,1.0,0.006149802149166,1.0,1.0,0.000278164623005,1.0,1.0,6.808506130362057e-05,264690.0,0.0007373051773167,1.0,0.0020146415865034,0.0,0.0002517824448529,1.0,0.0,1.0,5.963434154260132e-28,1.0,0.0,1.0,0.0,0.0042415122177014,1.0,1.0,0.0,8.263424575892719e-05,1.0,1.0,1.0,7.302631009084028e-10,1.0,1.0,1.0,0.0004163010204081,1.0,1.0,1.0,0.0636157674882288,1.0,1.0,0.0,6.36794545145776e-13,1.0,1.0,0.0,1.0,1.9214270083173948e-05,1.0,0.0002420031190895,1.0,1.0,0.0,0.0003376817931347,1.0,0.0,1.0,0.0,0.0002531823941688,1.0,0.0,0.0,2.092776585660807e-05,1.0,0.0,1.0,0.0645243991693041,1.0,1.0,0.0,4.531513070521476e-07,1.0,1.0,1.0,0.0002419677,1.0,0.0,0.0,0.0065277185756682,1.0,1.0,0.0,0.0,1.7336886090139473e-05,0.0,0.0002224144693486,1.0,1.0,0.0,2.099453609852915e-09,1.0,0.0,1.0,1.0,0.057109408148336,1.0,0.0,0.0,2.7197931977334457e-07,1.0,0.0,0.0,0.0003415924848777,1.0,0.0,0.0,3.4599569167736366e-06,1.0,0.0,0.0,0.0550360108654028,1.0,0.0,0.0,1.1400362250127392e-12,1.0,0.0,0.0,0.0,0.0024120628510609,1.0,0.0003875332991227,1.0,0.0,0.0,4.618844597125219e-06,1.0,0.0,0.0,0.0551975472789159,1.0,0.0,1.0,0.0,0.0001611568121511,1.0,1.0,1.0,0.0026388134009258,1.0,1.0,1.0,0.0029351829902468,1.0,0.0,0.0,0.0503609370175879,1.0,1.0,0.0,0.0003280534632567,1.0,1.0,0.0,4.6254735869198355e-08,1.0,0.0,1.0,0.9755535706278384,1.0,1.0,8.42015915622952,0.6239916057617992,11.934,18.0,838.0717329730069,264690.0,0.0,14889.950711802287,1.0,4.308333883305951,11.934,0.6239916057617992,4.1993301625189146,20.0,0.05698005698005698
0.0046206153832621995,0.0229319494175801,0.00249919528398355,0.0009000000000739001,0.01328297730217525,0.00090001692366525,0.00026591101633890004,0.0002631454984931,0.00033392818126865,7.331502967708598e-05,8.548576025260417e-05,0.00029105821481259996,0.00024735873938155,0.0003512855291243,5.676888778292314e-05,0.0010449507369871,0.0005064409604892,0.0008358654805588999,0.00052051110905175,7.070207127557905e-05,9.091415319703556e-05,0.00020577500363135,0.0002983642629857,0.0002617540288247,0.0001651503821096,0.0015179245030616,0.0,0.00432719450097685,1.0,0.00102942819663545,0.6241283467800682,0.00293174722496145,1.0,5.994997453585036e-05,0.0,0.0044740343684259495,0.6132639808286222,0.0006796020422633,0.0,0.0012897750835987,1.0,0.0,0.0003065334790999,1.0,0.6126775856375599,0.0006118439679484,1.0,0.0,0.0001140642768167,1.0,0.0,4.5231767314469614e-05,1.0,0.0,0.000300342941749,1.0,1.0,0.0001730103806228,1.0,0.838949246584827,0.0001192267539485,1.0,1.0,0.0004563540475816,1.0,0.8297127294672082,0.0001009267887653,1.0,1.0,0.0002591730470281,1.0,1.0,0.0003414804871966,1.0,0.0,0.00053096647900015,1.0,1.0,0.00037577784272454996,1.0,0.0,0.000377107236627,1.0,1.0,0.0004090530981813,1.0,1.0,9.332191302040747e-05,1.0,0.01924737487351285,0.0001851516122612,1.0,0.0,0.00036563886477915,1.0,0.0,0.00031034097430555,1.0,4.911162036204278,4.042272999176857,3.821045422006969,1.0,0.00094622228737275,1.0,0.0,0.00030161454166555,1.0,0.8684375368822927,0.00046449533842345,1.0,1.0,9.732505181296526e-05,1.0,0.0,0.0008223474541493,1.0,0.0,0.00042056105139965,1.0,1.0,6.357671017481105e-05,1.0,0.0,8.95186300711204e-05,1.0,0.0,6.86473451718226e-05,1.0,1.0,0.00012451700193175,1.0,0.7370038800720702,0.00041356743116115,1.0,1.0,0.00010771609799514197,1.0,1.0,0.00043539315559245,1.0,1.0,0.00010716288376599581,1.0,0.3544612469420235,0.00013930251401575,1.0,1.0,0.00020470352168515,1.0,1.0,0.00010241458773015292,1.0,1.0,0.00012846642023805002,1.0,1.0,0.0001173863472579,1.0,1.0,0.0003941170459816,1.0,1.0,0.00059357941590055,1.0,0.0,0.0005032711660119501,1.0,0.5,9.801045077654701e-05,1.0,0.0,8.520010267173671e-05,1.0,0.0,0.00018718664858345002,1.0,1.0,0.00015282011881505,1.0,0.5,0.00011340784905625,1.0,0.5,0.000914125365021,1.0,1.0,0.0002244141612071,264690.0,0.00045046316566120005,1.0,0.0001402200700634,0.0,0.0001288436060751,1.0,0.0,1.0,0.0002685248700077,1.0,1.0,1.0,0.0,0.0001476638702497,1.0,0.0,0.0,0.0001011006002661,1.0,0.2446546621430612,1.0,0.0001636726109917,1.0,1.0,1.0,0.0003639966311122,1.0,1.0,1.0,0.00216656541831115,1.0,0.0,0.0,6.023112407805567e-05,1.0,1.0,1.0,1.0,0.0001495623858082,0.0,0.0005471915173509,1.0,0.0,0.0,0.0002409110326885,1.0,1.0,1.0,1.0,0.0004966842211455,1.0,0.0,0.0,0.0004354336168333,1.0,0.0,1.0,0.0003353753618639,1.0,0.0,0.0,0.0001813389352387,1.0,0.0,0.5,0.0008732233762285999,1.0,0.0,1.0,0.0002798930458159,1.0,1.0,0.0,1.0,0.0003246990188076,0.0,0.0001111546724558,1.0,0.0,1.0,8.588548816066386e-05,1.0,0.0,1.0,1.0,0.0001448811360149,1.0,0.0,0.0,0.0001357907762031,1.0,0.0,0.0,0.0003097107657766,1.0,0.0,1.0,0.000101745555167,1.0,1.0,1.0,0.0011244437390187999,1.0,1.0,1.0,0.0013851914448922,1.0,1.0,1.0,0.0,0.0001414197958603,1.0,0.0001351548410148,1.0,0.0,0.3434818868518289,2.677257949943856e-05,1.0,0.0,1.0,0.0001031275165441,1.0,0.0,1.0,0.0,6.54203620841598e-05,1.0,0.0065833504607211,0.0,9.717193159536516e-05,1.0,0.943826511804068,1.0,0.0003676609132862,1.0,0.0,1.0,0.0003798138096054,1.0,0.0,1.0,0.0010352132095212,1.0,0.0,1.0,8.55149140169148e-05,1.0,1.0,0.0,0.9653040152282972,1.0,0.9981109549770456,4.000021354810537,0.6570393945554747,11.834001673123431,334.0,0.0,0.0,0.0,0.0,1.0,3.55098905350949,11.834001673123431,0.6570393945554747,3.7604483396315165,338.0,0.9629629629629629
0.0046206153832621995,0.0229319494175801,0.00249919528398355,0.0009000000000739001,0.01328297730217525,0.00090001692366525,0.00026591101633890004,0.0002631454984931,0.00033392818126865,7.331502967708598e-05,8.548576025260417e-05,0.00029105821481259996,0.00024735873938155,0.0003512855291243,5.676888778292314e-05,0.0010449507369871,0.0005064409604892,0.0008358654805588999,0.00052051110905175,7.070207127557905e-05,9.091415319703556e-05,0.00020577500363135,0.0002983642629857,0.0002617540288247,0.0001651503821096,0.0015179245030616,0.0,0.00432719450097685,1.0,0.00102942819663545,0.6241283467800682,0.00293174722496145,1.0,5.994997453585036e-05,0.0,0.0044740343684259495,0.6132639808286222,0.0006796020422633,0.0,0.0012897750835987,1.0,0.0,0.0003065334790999,1.0,0.6126775856375599,0.0006118439679484,1.0,0.0,0.0001140642768167,1.0,0.0,4.5231767314469614e-05,1.0,0.0,0.000300342941749,1.0,1.0,0.0001730103806228,1.0,0.838949246584827,0.0001192267539485,1.0,1.0,0.0004563540475816,1.0,0.8297127294672082,0.0001009267887653,1.0,1.0,0.0002591730470281,1.0,1.0,0.0003414804871966,1.0,0.0,0.00053096647900015,1.0,1.0,0.00037577784272454996,1.0,0.0,0.000377107236627,1.0,1.0,0.0004090530981813,1.0,1.0,9.332191302040747e-05,1.0,0.01924737487351285,0.0001851516122612,1.0,0.0,0.00036563886477915,1.0,0.0,0.00031034097430555,1.0,5.35435141844272,5.181640615338484,3.821045422006969,1.0,0.00094622228737275,1.0,0.0,0.00030161454166555,1.0,0.8684375368822927,0.00046449533842345,1.0,1.0,9.732505181296526e-05,1.0,0.0,0.0008223474541493,1.0,0.0,0.00042056105139965,1.0,1.0,6.357671017481105e-05,1.0,0.0,8.95186300711204e-05,1.0,0.0,6.86473451718226e-05,1.0,1.0,0.00012451700193175,1.0,0.7370038800720702,0.00041356743116115,1.0,1.0,0.00010771609799514197,1.0,1.0,0.00043539315559245,1.0,1.0,0.00010716288376599581,1.0,0.3544612469420235,0.00013930251401575,1.0,1.0,0.00020470352168515,1.0,1.0,0.00010241458773015292,1.0,1.0,0.00012846642023805002,1.0,1.0,0.0001173863472579,1.0,1.0,0.0003941170459816,1.0,1.0,0.00059357941590055,1.0,0.0,0.0005032711660119501,1.0,0.5,9.801045077654701e-05,1.0,0.0,8.520010267173671e-05,1.0,0.0,0.00018718664858345002,1.0,1.0,0.00015282011881505,1.0,0.5,0.00011340784905625,1.0,0.5,0.000914125365021,1.0,1.0,0.0002244141612071,264690.0,0.00045046316566120005,1.0,0.0001402200700634,0.0,0.0001288436060751,1.0,0.0,1.0,0.0002685248700077,1.0,1.0,1.0,0.0,0.0001476638702497,1.0,0.0,0.0,0.0001011006002661,1.0,0.2446546621430612,1.0,0.0001636726109917,1.0,1.0,1.0,0.0003639966311122,1.0,1.0,1.0,0.00216656541831115,1.0,0.0,0.0,6.023112407805567e-05,1.0,1.0,1.0,1.0,0.0001495623858082,0.0,0.0005471915173509,1.0,0.0,0.0,0.0002409110326885,1.0,1.0,1.0,1.0,0.0004966842211455,1.0,0.0,0.0,0.0004354336168333,1.0,0.0,1.0,0.0003353753618639,1.0,0.0,0.0,0.0001813389352387,1.0,0.0,0.5,0.0008732233762285999,1.0,0.0,1.0,0.0002798930458159,1.0,1.0,0.0,1.0,0.0003246990188076,0.0,0.0001111546724558,1.0,0.0,1.0,8.588548816066386e-05,1.0,0.0,1.0,1.0,0.0001448811360149,1.0,0.0,0.0,0.0001357907762031,1.0,0.0,0.0,0.0003097107657766,1.0,0.0,1.0,0.000101745555167,1.0,1.0,1.0,0.0011244437390187999,1.0,1.0,1.0,0.0013851914448922,1.0,1.0,1.0,0.0,0.0001414197958603,1.0,0.0001351548410148,1.0,0.0,0.3434818868518289,2.677257949943856e-05,1.0,0.0,1.0,0.0001031275165441,1.0,0.0,1.0,0.0,6.54203620841598e-05,1.0,0.0065833504607211,0.0,9.717193159536516e-05,1.0,0.943826511804068,1.0,0.0003676609132862,1.0,0.0,1.0,0.0003798138096054,1.0,0.0,1.0,0.0010352132095212,1.0,0.0,1.0,8.55149140169148e-05,1.0,1.0,0.0,0.9907116879180674,0.9648709330357024,0.9931657007350316,7.091821317140311,0.6298482557224918,7.778360777917396,334.0,0.0,0.0,0.0,0.0,9.0,0.0,0.0,0.0,0.0,351.0,1.0
0.0046206153832621995,0.0229319494175801,0.00249919528398355,0.0009000000000739001,0.01328297730217525,0.00090001692366525,1.235363264174443e-06,0.063742741701296,1.5032968137573195e-06,0.0022236038474392,0.0005029433052109,0.0407078355040344,0.0023228980115616,1.4915699743842982e-06,1.4880029019138353e-05,0.0010449507369871,0.0005064409604892,0.0008358654805588999,0.00052051110905175,7.070207127557905e-05,9.091415319703556e-05,0.00020577500363135,0.0002983642629857,0.0002617540288247,0.0001651503821096,3.476480342625521e-05,0.0,0.00432719450097685,1.0,0.00102942819663545,0.6241283467800682,0.00293174722496145,1.0,5.994997453585036e-05,0.0,0.0044740343684259495,0.6132639808286222,0.0006796020422633,1.0,0.0004772456054611,1.0,0.0,0.0105490417623064,1.0,1.0,2.1791982662806268e-06,1.0,0.0,2.9437511260112326e-10,1.0,1.0,5.957878921285055e-10,1.0,0.0,0.0006436765936524,1.0,0.0,1.477048427813436e-11,1.0,1.0,3.5101756322180416e-15,1.0,1.0,0.0826487019205679,0.0,1.0,5.675581280135051e-05,1.0,0.0,5.0402850316103225e-18,0.0,0.0,1.2009873215517662e-08,1.0,0.0,4.251407440684385e-08,0.0,1.0,0.0015649760167039,1.0,1.0,0.0056005424639244,0.0,0.0,1.0821729129885437e-12,0.0,0.0,3.504600000000064e-06,1.0,0.0,0.0007819285279686,1.0,0.0,3.5140158920823483e-06,1.0,0.0,1.7242701657534876e-10,0.0,5.058419436500764,5.082862694790994,3.821045422006969,0.0,2.7261486478000728e-08,1.0,1.0,5.475303206463971e-07,1.0,0.0,1.2684456554800508e-06,1.0,0.0,1.1376371365789489e-07,1.0,0.0,1.543153719347337e-07,1.0,1.0,0.0004281289708518,1.0,0.0,9.226906879079657e-10,1.0,0.0,7.136100018893636e-07,1.0,0.0,7.160068279648827e-10,1.0,1.0,1.806817605292483e-05,1.0,0.0,9.007254773358564e-06,1.0,0.0,0.0006984980614383,1.0,1.0,0.0028142623249247,1.0,1.0,0.0051979865331711,1.0,1.0,5.373120872465818e-12,1.0,1.0,4.599988803060105e-07,1.0,1.0,1.442979222045213e-06,1.0,1.0,0.0006435068187183,1.0,1.0,4.427756984278064e-08,1.0,1.0,3.298726491965297e-05,1.0,1.0,0.09705204532987045,1.0,1.0,0.0166950061676272,1.0,1.0,4.770200487580898e-05,1.0,0.0,4.8969513218817505e-09,1.0,0.0,3.757140215763153e-05,1.0,1.0,0.0023357293884304,1.0,0.0,0.0001799803873241,1.0,0.0,1.5488665363329578e-08,1.0,1.0,0.0002244141612071,264690.0,4.577066048888894e-05,1.0,0.0012253943712595,0.0,0.0023138136271299,1.0,0.0,0.0,5.722795161315087e-06,1.0,0.0,1.0,1.0,0.0195117924926435,1.0,1.0,0.0,1.239598001843133e-13,1.0,0.0,1.0,0.0001918960636395,1.0,1.0,1.0,0.0342768181024072,1.0,1.0,1.0,0.00216656541831115,1.0,0.0,0.0,3.5715008523995647e-09,1.0,1.0,1.0,0.0,3.807135e-06,0.0,7.70891180233578e-09,1.0,0.0,0.0,0.035060966366728,1.0,1.0,1.0,0.0,0.0033725703021252,1.0,1.0,1.0,7.267857480054303e-14,1.0,0.0,0.0,0.0754944601793597,1.0,0.0,1.0,8.788032e-06,1.0,1.0,1.0,0.0014013386470058,1.0,0.0,1.0,1.0378313457048494e-08,1.0,1.0,0.0,1.0,4.863720241925316e-06,1.0,0.0002035102750097,1.0,0.0,1.0,0.0014017078181898,1.0,1.0,1.0,0.0,3.967930912647445e-11,1.0,1.0,0.0,0.0031900127615739,1.0,0.0,0.0,1.6916866376200918e-10,1.0,1.0,0.0,0.0059745034906991,1.0,1.0,0.0,1.0067780789016068e-05,1.0,1.0,0.0,3.0769011118977713e-09,1.0,1.0,1.0,0.0,3.524171697627877e-05,0.0,5.981228411016023e-07,1.0,0.0,0.0,0.0160198140718252,1.0,0.0,0.0,2.917062092105943e-06,1.0,0.0,1.0,1.0,4.9997997299213775e-18,1.0,0.0,1.0,3.68991464734089e-08,1.0,1.0,0.0,0.0017495840398885,1.0,0.0,0.0,1.8876224112977274e-05,1.0,1.0,0.0,1.9139834865776013e-06,1.0,0.0,0.0,5.457357254501122e-06,1.0,1.0,1.0,1.0,0.9979651631737062,0.9988966610767964,7.994476051552586,0.7533473739705491,10.273497680517172,35.0,0.44996551727657225,1.0,0.0,0.4966094882797314,1.0,4.019933132697822,10.273497680517172,0.7533473739705491,3.6870790692730413,37.0,0.10541310541310542
0.0046206153832621995,0.0229319494175801,0.00249919528398355,0.0009000000000739001,0.01328297730217525,0.00090001692366525,8.05150433591588e-05,0.0014517002470048,0.0508147658540333,7.770778662713189e-05,0.0118133764843692,6.458875550969048e-09,3.094725786012681e-05,7.451100030779556e-05,0.0209571116762415,0.0017280848560992,0.0016163171593101,0.0021493018774814,5.892300137778056e-05,0.0095749146846324,0.0004201459204558,9.829234376972137e-18,0.0405913969173782,0.0017800094893065,0.000187419424865,0.0050664119490302,0.0,0.00432719450097685,1.0,0.00102942819663545,0.6241283467800682,0.00293174722496145,1.0,5.994997453585036e-05,0.0,0.0044740343684259495,0.6132639808286222,0.0006796020422633,0.0,0.0017096635824112,1.0,0.0,0.0016629041229007,1.0,1.0,0.0209375681428016,1.0,0.0,8.296900491406638e-05,1.0,1.0,6.81331619579016e-05,1.0,0.0,0.0371383617245619,1.0,0.0,0.0125434853318334,1.0,0.0,0.0003530384351838,1.0,0.0,0.036716493321566,1.0,1.0,0.0023682790228761,1.0,1.0,0.09971434832281778,1.0,0.0,0.000415535344386,1.0,0.0,0.020021795942968,1.0,1.0,0.0362647974226237,1.0,1.0,0.0079739722492589,1.0,0.0,0.0284147425041539,0.0,0.0,0.0970707914744576,1.0,1.0,0.0301272373699358,1.0,1.0,0.0019350000028522,1.0,0.0,0.0014679230457854,1.0,5.973804053640169,1.767852906878559,2.9632524240829925,0.0,0.0014508418078457,1.0,0.0,0.0022197346330141,1.0,1.0,0.0185221870444886,1.0,1.0,0.0282601948730693,1.0,0.0,0.041222999842572,1.0,0.0,5.649097836898894e-05,1.0,0.0,1.0010086951188865e-05,1.0,0.0,3.76920162293763e-05,1.0,0.0,0.0029801183137916,1.0,1.0,0.0024593957478398,1.0,0.0,2.903263255664748e-05,1.0,0.0,0.0013117692274244,1.0,0.0,0.0015075341412009,1.0,1.0,0.0266916255018459,1.0,0.0,0.0472650110695429,1.0,1.0,0.0045418811479958,1.0,1.0,0.0039315302198706,1.0,0.0,0.0003031186642493,1.0,1.0,0.0004644866108232,1.0,1.0,0.0030232363679619,1.0,1.0,7.196434046463196e-05,1.0,1.0,0.0002883179834809,1.0,1.0,0.0002523746275362,1.0,1.0,0.0001383456195975,1.0,0.0,0.0012544158602728,1.0,1.0,0.0261859240817589,1.0,0.0,0.0001579174012679,1.0,1.0,0.0051045990268162,1.0,0.0,0.000516233897331,264690.0,0.0028890387584607,0.0,0.0001402200700634,1.0,0.0595786380551758,1.0,0.0,1.0,0.0001052019,1.0,1.0,1.0,0.0,6.0923478128564836e-15,1.0,1.0,1.0,6.7805237583195966e-18,1.0,0.0,1.0,0.0082022057253259,1.0,1.0,0.0,0.0001262881416811,1.0,1.0,0.0,0.0402827092841406,1.0,0.0,0.0,0.0001722390199105,1.0,0.0,1.0,1.0,0.0001483809197816,0.0,0.0040404687140305,1.0,0.0,0.0,7.88183107343074e-05,1.0,0.0,1.0,1.0,1.133915816342129e-05,1.0,1.0,0.0,5.09128492133445e-05,1.0,1.0,0.0,0.003218449818874,1.0,1.0,0.0,9.780543975541852e-05,1.0,0.0,0.0,0.0039176008714661,1.0,1.0,0.0,0.000208097403137,1.0,0.0,1.0,0.0,0.0001602783,0.0,0.0017838004465828,1.0,1.0,1.0,5.897772000514121e-05,1.0,0.0,1.0,0.0,7.662702858531826e-24,1.0,1.0,1.0,6.896187321074746e-05,1.0,0.0,1.0,1.1704883452041635e-07,1.0,0.0,0.0,6.053606008311184e-05,1.0,0.0,0.0,0.0100058909503172,1.0,1.0,1.0,0.0064839494132158,1.0,0.0,0.0,0.0,0.0001227628255497,0.0,0.0015099459358952,1.0,0.0,0.0,0.0125755579024837,1.0,0.0,0.0,6.047966690363484e-05,1.0,0.0,1.0,1.0,3.0399210424561383e-05,1.0,0.0,0.0,0.0021151058466424,1.0,1.0,1.0,2.5893849692385754e-05,1.0,1.0,0.0,0.0125585203405429,1.0,1.0,1.0,0.0107580670746735,0.0,0.0,0.0,0.0001482338637641,1.0,1.0,0.0,0.0009083168774732,0.0512240081423374,0.3674070447736345,1.021536598584115,0.5827938866900875,2.9836373123315405,18.0,838.0569230709732,264690.0,0.0,14889.951547529618,0.0,1.7458240613334342,5.973804053640169,0.0009083168774732,1.9552582575918727,19.0,0.05413105413105413
0.0046206153832621995,0.0229319494175801,0.00249919528398355,0.0009000000000739001,0.01328297730217525,0.00090001692366525,0.00026591101633890004,0.0002631454984931,0.00033392818126865,7.331502967708598e-05,8.548576025260417e-05,0.00029105821481259996,0.00024735873938155,0.0003512855291243,5.676888778292314e-05,0.0010449507369871,0.0005064409604892,0.0008358654805588999,0.00052051110905175,7.070207127557905e-05,9.091415319703556e-05,0.00020577500363135,0.0002983642629857,0.0002617540288247,0.0001651503821096,0.0015179245030616,0.0,0.00432719450097685,1.0,0.00102942819663545,0.6241283467800682,0.00293174722496145,1.0,5.994997453585036e-05,0.0,0.0044740343684259495,0.6132639808286222,0.0006796020422633,0.0,0.0012897750835987,1.0,0.0,0.0003065334790999,1.0,0.6126775856375599,0.0006118439679484,1.0,0.0,0.0001140642768167,1.0,0.0,4.5231767314469614e-05,1.0,0.0,0.000300342941749,1.0,1.0,0.0001730103806228,1.0,0.838949246584827,0.0001192267539485,1.0,1.0,0.0004563540475816,1.0,0.8297127294672082,0.0001009267887653,1.0,1.0,0.0002591730470281,1.0,1.0,0.0003414804871966,1.0,0.0,0.00053096647900015,1.0,1.0,0.00037577784272454996,1.0,0.0,0.000377107236627,1.0,1.0,0.0004090530981813,1.0,1.0,9.332191302040747e-05,1.0,0.01924737487351285,0.0001851516122612,1.0,0.0,0.00036563886477915,1.0,0.0,0.00031034097430555,1.0,5.35435141844272,5.181640615338484,3.821045422006969,1.0,0.00094622228737275,1.0,0.0,0.00030161454166555,1.0,0.8684375368822927,0.00046449533842345,1.0,1.0,9.732505181296526e-05,1.0,0.0,0.0008223474541493,1.0,0.0,0.00042056105139965,1.0,1.0,6.357671017481105e-05,1.0,0.0,8.95186300711204e-05,1.0,0.0,6.86473451718226e-05,1.0,1.0,0.00012451700193175,1.0,0.7370038800720702,0.00041356743116115,1.0,1.0,0.00010771609799514197,1.0,1.0,0.00043539315559245,1.0,1.0,0.00010716288376599581,1.0,0.3544612469420235,0.00013930251401575,1.0,1.0,0.00020470352168515,1.0,1.0,0.00010241458773015292,1.0,1.0,0.00012846642023805002,1.0,1.0,0.0001173863472579,1.0,1.0,0.0003941170459816,1.0,1.0,0.00059357941590055,1.0,0.0,0.0005032711660119501,1.0,0.5,9.801045077654701e-05,1.0,0.0,8.520010267173671e-05,1.0,0.0,0.00018718664858345002,1.0,1.0,0.00015282011881505,1.0,0.5,0.00011340784905625,1.0,0.5,0.000914125365021,1.0,1.0,0.0002244141612071,264690.0,0.00045046316566120005,1.0,0.0001402200700634,0.0,0.0001288436060751,1.0,0.0,1.0,0.0002685248700077,1.0,1.0,1.0,0.0,0.0001476638702497,1.0,0.0,0.0,0.0001011006002661,1.0,0.2446546621430612,1.0,0.0001636726109917,1.0,1.0,1.0,0.0003639966311122,1.0,1.0,1.0,0.00216656541831115,1.0,0.0,0.0,6.023112407805567e-05,1.0,1.0,1.0,1.0,0.0001495623858082,0.0,0.0005471915173509,1.0,0.0,0.0,0.0002409110326885,1.0,1.0,1.0,1.0,0.0004966842211455,1.0,0.0,0.0,0.0004354336168333,1.0,0.0,1.0,0.0003353753618639,1.0,0.0,0.0,0.0001813389352387,1.0,0.0,0.5,0.0008732233762285999,1.0,0.0,1.0,0.0002798930458159,1.0,1.0,0.0,1.0,0.0003246990188076,0.0,0.0001111546724558,1.0,0.0,1.0,8.588548816066386e-05,1.0,0.0,1.0,1.0,0.0001448811360149,1.0,0.0,0.0,0.0001357907762031,1.0,0.0,0.0,0.0003097107657766,1.0,0.0,1.0,0.000101745555167,1.0,1.0,1.0,0.0011244437390187999,1.0,1.0,1.0,0.0013851914448922,1.0,1.0,1.0,0.0,0.0001414197958603,1.0,0.0001351548410148,1.0,0.0,0.3434818868518289,2.677257949943856e-05,1.0,0.0,1.0,0.0001031275165441,1.0,0.0,1.0,0.0,6.54203620841598e-05,1.0,0.0065833504607211,0.0,9.717193159536516e-05,1.0,0.943826511804068,1.0,0.0003676609132862,1.0,0.0,1.0,0.0003798138096054,1.0,0.0,1.0,0.0010352132095212,1.0,0.0,1.0,8.55149140169148e-05,1.0,1.0,0.0,0.9907116879180674,0.9648709330357024,0.9931657007350316,7.091821317140311,0.6298482557224918,7.778360777917396,334.0,0.0,0.0,0.0,0.0,9.0,0.0,0.0,0.0,0.0,351.0,1.0
0.0046206153832621995,0.0229319494175801,0.00249919528398355,0.0009000000000739001,0.01328297730217525,0.00090001692366525,0.0762501894417053,0.022459432334215,0.0001742022299035,6.892227272704008e-05,3.7981010003472724e-07,9.077205788894545e-05,0.0839802248584468,0.0010445301945049,4.7340856353913205e-06,7.704000000000033e-05,2.178000000000005e-05,0.0901658559523524,0.0147383988362212,1.3549626312690255e-06,0.0011407916014019,0.0149788108082678,0.0970159756850207,0.0009763486663271,2.886569877159538e-09,0.0874803316908403,0.0,0.00432719450097685,1.0,0.00102942819663545,0.6241283467800682,0.00293174722496145,1.0,5.994997453585036e-05,0.0,0.0044740343684259495,0.6132639808286222,0.0006796020422633,1.0,0.0001034307730844,1.0,0.0,0.0403341357734323,1.0,1.0,0.0126671691410989,1.0,0.0,0.0001011881283672,0.0,1.0,2.888948328471933e-09,0.0,1.0,0.0001653905053636,1.0,0.0,3.7324467052085e-06,1.0,1.0,0.0109928429449206,1.0,0.0,4.352528952647001e-06,1.0,1.0,0.0153743977700194,1.0,0.0,4.326253267912117e-07,1.0,0.0,0.000121566861774,1.0,1.0,0.0033365774298091,1.0,0.0,9.35112708159508e-05,1.0,0.0,0.0001258850253912,1.0,0.0,0.0005988797192821,1.0,0.0,0.0001487269971116,1.0,0.0,0.0444863951833372,1.0,1.0,0.011516301507712,1.0,1.0,0.0337032589231183,1.0,5.814472862750316,6.07176471521405,3.821045422006969,0.0,0.0002085644283784,1.0,1.0,0.0099918465949654,1.0,0.0,0.002334063173941,1.0,1.0,1.9998009676528863e-05,1.0,0.0,8.387100000568955e-05,1.0,1.0,0.0006079729538662,1.0,0.0,6.256898544634002e-05,1.0,0.0,9.409381314249596e-05,1.0,1.0,0.0011935570826525,1.0,0.0,6.332737371208118e-05,1.0,0.0,3.461528348751855e-05,1.0,0.0,9.525725571821528e-05,1.0,0.0,0.0477091844410836,1.0,1.0,0.0002162768874763,1.0,0.0,4.41620812763736e-06,1.0,0.0,0.0001952468254828,1.0,1.0,0.0283306792558634,1.0,1.0,0.0056752008662776,1.0,1.0,0.0022790486212505,1.0,1.0,0.0309437453523466,1.0,0.0,0.0040030967223537,1.0,0.0,0.0003001518993144,1.0,1.0,0.0033638724698797,1.0,0.0,1.4360163847113562e-05,1.0,1.0,0.0001900130738226,1.0,1.0,3.3221422568327144e-05,1.0,1.0,0.0001528289573299,1.0,0.0,3.125607748612333e-05,1.0,1.0,0.0459038680888531,264690.0,0.0167559427923109,1.0,0.0133839622871927,1.0,2.7638125658475587e-05,1.0,0.102573783744275,1.0,0.0002123886126343,1.0,1.0,1.0,0.0,0.0012201899733082,1.0,0.0,1.0,0.0052108693508737,1.0,0.0,0.0,2.0157282141085144e-09,1.0,1.0,1.0,2.1043800532799963e-05,1.0,0.0,1.0,0.0074165570013919,1.0,1.0,1.0,1.3628513814892098e-08,1.0,0.0,0.0,0.0,0.0037203856168537,0.0,2.030105247375293e-05,1.0,1.0,1.0,0.0001147649413444,1.0,1.0,1.0,1.0,0.0002814437762081,1.0,0.0,0.0,0.0014796432911147,1.0,1.0,1.0,0.0384086759268951,1.0,1.0,0.0,0.0001086475798667,1.0,1.0,0.0,0.0001091961796138,1.0,1.0,1.0,0.0572608279890781,1.0,1.0,0.0,1.0,0.0031034949659877,1.0,4.790067142408042e-06,1.0,0.0,0.0,0.0093929416054735,1.0,0.0,1.0,1.0,0.0001448811360149,1.0,0.0,0.0,1.120094714305632e-06,1.0,0.0,1.0,0.0008960552502115,1.0,1.0,1.0,0.0423230588931197,1.0,1.0,0.0,0.0001181174010045,1.0,1.0,0.0,5.7466388907790305e-11,1.0,1.0,0.0,0.0,0.0160382391884255,1.0,0.0002810048985432,1.0,0.0,1.0,1.4347058264639717e-13,1.0,1.0,0.0,7.503003e-05,1.0,0.0,1.0,1.0,0.0001242817876352,1.0,0.0,0.0,1.6813482643819925e-07,1.0,1.0,1.0,0.0011570376401485,1.0,0.0,1.0,9.006387238827836e-05,1.0,1.0,1.0,0.0002417027877108,1.0,0.0,1.0,7.315491322278522e-06,1.0,0.0,1.0,0.9636447373966024,0.3160627377984096,0.9700909779990172,7.43639687860193,0.6401489488011151,7.622680154756234,18.0,838.0954778798771,264690.0,0.0,14889.94937187713,1.0,3.7294077516647097,7.622680154756234,0.3160627377984096,3.2774377905688494,20.0,0.05698005698005698
0.0046206153832621995,0.0229319494175801,0.00249919528398355,0.0009000000000739001,0.01328297730217525,0.00090001692366525,0.00026591101633890004,0.0002631454984931,0.00033392818126865,7.331502967708598e-05,8.548576025260417e-05,0.00029105821481259996,0.00024735873938155,0.0003512855291243,5.676888778292314e-05,0.0010449507369871,0.0005064409604892,0.0008358654805588999,0.00052051110905175,7.070207127557905e-05,9.091415319703556e-05,0.00020577500363135,0.0002983642629857,0.0002617540288247,0.0001651503821096,0.0015179245030616,0.0,0.00432719450097685,1.0,0.00102942819663545,0.6241283467800682,0.00293174722496145,1.0,5.994997453585036e-05,0.0,0.0044740343684259495,0.6132639808286222,0.0006796020422633,0.0,0.0012897750835987,1.0,0.0,0.0003065334790999,1.0,0.6126775856375599,0.0006118439679484,1.0,0.0,0.0001140642768167,1.0,0.0,4.5231767314469614e-05,1.0,0.0,0.000300342941749,1.0,1.0,0.0001730103806228,1.0,0.838949246584827,0.0001192267539485,1.0,1.0,0.0004563540475816,1.0,0.8297127294672082,0.0001009267887653,1.0,1.0,0.0002591730470281,1.0,1.0,0.0003414804871966,1.0,0.0,0.00053096647900015,1.0,1.0,0.00037577784272454996,1.0,0.0,0.000377107236627,1.0,1.0,0.0004090530981813,1.0,1.0,9.332191302040747e-05,1.0,0.01924737487351285,0.0001851516122612,1.0,0.0,0.00036563886477915,1.0,0.0,0.00031034097430555,1.0,4.493480704851174,4.443789004723655,2.2612298566682085,1.0,0.00094622228737275,1.0,0.0,0.00030161454166555,1.0,0.8684375368822927,0.00046449533842345,1.0,1.0,9.732505181296526e-05,1.0,0.0,0.0008223474541493,1.0,0.0,0.00042056105139965,1.0,1.0,6.357671017481105e-05,1.0,0.0,8.95186300711204e-05,1.0,0.0,6.86473451718226e-05,1.0,1.0,0.00012451700193175,1.0,0.7370038800720702,0.00041356743116115,1.0,1.0,0.00010771609799514197,1.0,1.0,0.00043539315559245,1.0,1.0,0.00010716288376599581,1.0,0.3544612469420235,0.00013930251401575,1.0,1.0,0.00020470352168515,1.0,1.0,0.00010241458773015292,1.0,1.0,0.00012846642023805002,1.0,1.0,0.0001173863472579,1.0,1.0,0.0003941170459816,1.0,1.0,0.00059357941590055,1.0,0.0,0.0005032711660119501,1.0,0.5,9.801045077654701e-05,1.0,0.0,8.520010267173671e-05,1.0,0.0,0.00018718664858345002,1.0,1.0,0.00015282011881505,1.0,0.5,0.00011340784905625,1.0,0.5,0.000914125365021,1.0,1.0,0.0002244141612071,264690.0,0.00045046316566120005,1.0,0.0001402200700634,0.0,0.0001288436060751,1.0,0.0,1.0,0.0002685248700077,1.0,1.0,1.0,0.0,0.0001476638702497,1.0,0.0,0.0,0.0001011006002661,1.0,0.2446546621430612,1.0,0.0001636726109917,1.0,1.0,1.0,0.0003639966311122,1.0,1.0,1.0,0.00216656541831115,1.0,0.0,0.0,6.023112407805567e-05,1.0,1.0,1.0,1.0,0.0001495623858082,0.0,0.0005471915173509,1.0,0.0,0.0,0.0002409110326885,1.0,1.0,1.0,1.0,0.0004966842211455,1.0,0.0,0.0,0.0004354336168333,1.0,0.0,1.0,0.0003353753618639,1.0,0.0,0.0,0.0001813389352387,1.0,0.0,0.5,0.0008732233762285999,1.0,0.0,1.0,0.0002798930458159,1.0,1.0,0.0,1.0,0.0003246990188076,0.0,0.0001111546724558,1.0,0.0,1.0,8.588548816066386e-05,1.0,0.0,1.0,1.0,0.0001448811360149,1.0,0.0,0.0,0.0001357907762031,1.0,0.0,0.0,0.0003097107657766,1.0,0.0,1.0,0.000101745555167,1.0,1.0,1.0,0.0011244437390187999,1.0,1.0,1.0,0.0013851914448922,1.0,1.0,1.0,0.0,0.0001414197958603,1.0,0.0001351548410148,1.0,0.0,0.3434818868518289,2.677257949943856e-05,1.0,0.0,1.0,0.0001031275165441,1.0,0.0,1.0,0.0,6.54203620841598e-05,1.0,0.0065833504607211,0.0,9.717193159536516e-05,1.0,0.943826511804068,1.0,0.0003676609132862,1.0,0.0,1.0,0.0003798138096054,1.0,0.0,1.0,0.0010352132095212,1.0,0.0,1.0,8.55149140169148e-05,1.0,1.0,0.0,0.9951596816720372,0.8373556798044023,1.0,5.276139175174951,0.6110322967973072,8.18271241511029,334.0,0.0,0.0,0.0,0.0,0.0,3.122322090533558,8.18271241511029,0.6110322967973072,2.6260956702209866,337.0,0.9601139601139601
0.0046206153832621995,0.0229319494175801,0.00249919528398355,0.0009000000000739001,0.01328297730217525,0.00090001692366525,0.00026591101633890004,0.0002631454984931,0.00033392818126865,7.331502967708598e-05,8.548576025260417e-05,0.00029105821481259996,0.00024735873938155,0.0003512855291243,5.676888778292314e-05,0.0010449507369871,0.0005064409604892,0.0008358654805588999,0.00052051110905175,7.070207127557905e-05,9.091415319703556e-05,0.00020577500363135,0.0002983642629857,0.0002617540288247,0.0001651503821096,0.0015179245030616,0.0,0.00432719450097685,1.0,0.00102942819663545,0.6241283467800682,0.00293174722496145,1.0,5.994997453585036e-05,0.0,0.0044740343684259495,0.6132639808286222,0.0006796020422633,0.0,0.0012897750835987,1.0,0.0,0.0003065334790999,1.0,0.6126775856375599,0.0006118439679484,1.0,0.0,0.0001140642768167,1.0,0.0,4.5231767314469614e-05,1.0,0.0,0.000300342941749,1.0,1.0,0.0001730103806228,1.0,0.838949246584827,0.0001192267539485,1.0,1.0,0.0004563540475816,1.0,0.8297127294672082,0.0001009267887653,1.0,1.0,0.0002591730470281,1.0,1.0,0.0003414804871966,1.0,0.0,0.00053096647900015,1.0,1.0,0.00037577784272454996,1.0,0.0,0.000377107236627,1.0,1.0,0.0004090530981813,1.0,1.0,9.332191302040747e-05,1.0,0.01924737487351285,0.0001851516122612,1.0,0.0,0.00036563886477915,1.0,0.0,0.00031034097430555,1.0,5.718819692061167,5.735430195514179,3.821045422006969,1.0,0.0114781797712736,1.0,0.0,6.459585729614599e-07,1.0,0.0,6.011837490220125e-14,1.0,0.0,0.005084418971602,1.0,0.0,0.0070968925921194,1.0,0.0,0.0070632216212627,1.0,1.0,0.08999474980835682,1.0,0.0,0.0377265085497185,1.0,0.0,9.553067617493184e-07,1.0,0.0,0.0274079967871023,1.0,1.0,6.402116919859348e-05,1.0,1.0,3.465281656742495e-08,1.0,0.0,0.0118380474943528,1.0,1.0,6.116851793510142e-06,1.0,1.0,0.0243088669581288,1.0,0.0,0.0139027912148439,1.0,0.0,0.0082636000016811,1.0,1.0,1.8475945001208598e-05,1.0,1.0,0.0004561496960667,1.0,0.0,0.0008322069081299,1.0,1.0,0.0019996117788888,1.0,0.0,6.408015881639112e-05,1.0,0.0,0.025156847936189,1.0,0.0,2.4335265805893243e-08,1.0,0.0,1.5936013767100774e-09,1.0,1.0,4.215231010154895e-15,1.0,0.0,1.4651621687446485e-05,1.0,1.0,1.5449580920073877e-06,1.0,1.0,0.0002244141612071,264690.0,0.0003027350865978,1.0,0.0001402200700634,0.0,0.0001288436060751,1.0,0.0,1.0,0.0002685248700077,1.0,1.0,1.0,0.0,0.0001476638702497,1.0,0.0,0.0,0.0001011006002661,1.0,0.2446546621430612,1.0,0.0001636726109917,1.0,1.0,1.0,0.0003639966311122,1.0,1.0,1.0,0.00216656541831115,1.0,0.0,0.0,6.023112407805567e-05,1.0,1.0,1.0,1.0,0.0001495623858082,0.0,0.0005471915173509,1.0,0.0,0.0,0.0002409110326885,1.0,1.0,1.0,1.0,0.0004966842211455,1.0,0.0,0.0,0.0004354336168333,1.0,0.0,1.0,0.0003353753618639,1.0,0.0,0.0,0.0001813389352387,1.0,0.0,0.5,0.0008732233762285999,1.0,0.0,1.0,0.0002798930458159,1.0,1.0,0.0,1.0,0.0003246990188076,0.0,0.0001111546724558,1.0,0.0,1.0,8.588548816066386e-05,1.0,0.0,1.0,1.0,0.0001448811360149,1.0,0.0,0.0,0.0001357907762031,1.0,0.0,0.0,0.0003097107657766,1.0,0.0,1.0,0.000101745555167,1.0,1.0,1.0,0.0011244437390187999,1.0,1.0,1.0,0.0013851914448922,1.0,1.0,1.0,0.0,0.0001414197958603,1.0,0.0001351548410148,1.0,0.0,0.3434818868518289,2.677257949943856e-05,1.0,0.0,1.0,0.0001031275165441,1.0,0.0,1.0,0.0,6.54203620841598e-05,1.0,0.0065833504607211,0.0,9.717193159536516e-05,1.0,0.943826511804068,1.0,0.0003676609132862,1.0,0.0,1.0,0.0003798138096054,1.0,0.0,1.0,0.0010352132095212,1.0,0.0,1.0,8.55149140169148e-05,1.0,1.0,0.0,1.0,1.0,1.0,5.372823869543601,0.5920664940074709,7.550523729673129,249.0,0.46205623018208375,1.0,0.0,0.4983940099781415,1.0,3.496207997599944,7.550523729673129,0.5920664940074709,2.8545823551638296,253.0,0.7207977207977208
0.0046206153832621995,0.0229319494175801,0.00249919528398355,0.0009000000000739001,0.01328297730217525,0.00090001692366525,0.00026591101633890004,0.0002631454984931,0.00033392818126865,7.331502967708598e-05,8.548576025260417e-05,0.00029105821481259996,0.00024735873938155,0.0003512855291243,5.676888778292314e-05,0.0010449507369871,0.0005064409604892,0.0008358654805588999,0.00052051110905175,7.070207127557905e-05,9.091415319703556e-05,0.00020577500363135,0.0002983642629857,0.0002617540288247,0.0001651503821096,0.0015179245030616,0.0,0.00432719450097685,1.0,0.00102942819663545,0.6241283467800682,0.00293174722496145,1.0,5.994997453585036e-05,0.0,0.0044740343684259495,0.6132639808286222,0.0006796020422633,1.0,0.0167449636760715,1.0,1.0,4.664680606102071e-06,1.0,0.0,0.0006118439679484,1.0,0.0,1.4557606741899835e-08,1.0,1.0,1.2147863832799243e-06,1.0,0.0,0.0001339331287941,1.0,1.0,9.421468928922137e-08,1.0,1.0,0.0013321399069355,1.0,1.0,9.68369296745306e-13,1.0,0.0,0.0008911650203909,1.0,0.0,1.5325028514450966e-10,1.0,1.0,0.0114138430809186,1.0,0.0,0.00053096647900015,1.0,1.0,0.00037577784272454996,1.0,0.0,0.000377107236627,1.0,1.0,0.0004090530981813,1.0,1.0,9.332191302040747e-05,1.0,0.01924737487351285,0.0001851516122612,1.0,0.0,0.00036563886477915,1.0,0.0,0.00031034097430555,1.0,5.34784871921066,4.343568555445254,5.680083561809757,1.0,0.00094622228737275,1.0,0.0,0.00030161454166555,1.0,0.8684375368822927,0.00046449533842345,1.0,1.0,9.732505181296526e-05,1.0,0.0,0.0008223474541493,1.0,0.0,0.00042056105139965,1.0,1.0,6.357671017481105e-05,1.0,0.0,8.95186300711204e-05,1.0,0.0,6.86473451718226e-05,1.0,1.0,0.00012451700193175,1.0,0.7370038800720702,0.00041356743116115,1.0,1.0,0.00010771609799514197,1.0,1.0,0.00043539315559245,1.0,1.0,0.00010716288376599581,1.0,0.3544612469420235,0.00013930251401575,1.0,1.0,0.00020470352168515,1.0,1.0,0.00010241458773015292,1.0,1.0,0.00012846642023805002,1.0,1.0,0.0001173863472579,1.0,1.0,0.0003941170459816,1.0,1.0,0.00059357941590055,1.0,0.0,0.0005032711660119501,1.0,0.5,9.801045077654701e-05,1.0,0.0,8.520010267173671e-05,1.0,0.0,0.00018718664858345002,1.0,1.0,0.00015282011881505,1.0,0.5,0.00011340784905625,1.0,0.5,0.000914125365021,1.0,1.0,0.0002244141612071,264690.0,0.0002868694815411,1.0,0.0001402200700634,0.0,0.0001288436060751,1.0,0.0,1.0,0.0002685248700077,1.0,1.0,1.0,0.0,0.0001476638702497,1.0,0.0,0.0,0.0001011006002661,1.0,0.2446546621430612,1.0,0.0001636726109917,1.0,1.0,1.0,0.0003639966311122,1.0,1.0,1.0,0.00216656541831115,1.0,0.0,0.0,6.023112407805567e-05,1.0,1.0,1.0,1.0,0.0001495623858082,0.0,0.0005471915173509,1.0,0.0,0.0,0.0002409110326885,1.0,1.0,1.0,1.0,0.0004966842211455,1.0,0.0,0.0,0.0004354336168333,1.0,0.0,1.0,0.0003353753618639,1.0,0.0,0.0,0.0001813389352387,1.0,0.0,0.5,0.0008732233762285999,1.0,0.0,1.0,0.0002798930458159,1.0,1.0,0.0,1.0,0.0003246990188076,0.0,0.0001111546724558,1.0,0.0,1.0,8.588548816066386e-05,1.0,0.0,1.0,1.0,0.0001448811360149,1.0,0.0,0.0,0.0001357907762031,1.0,0.0,0.0,0.0003097107657766,1.0,0.0,1.0,0.000101745555167,1.0,1.0,1.0,0.0011244437390187999,1.0,1.0,1.0,0.0013851914448922,1.0,1.0,1.0,0.0,0.0001414197958603,1.0,0.0001351548410148,1.0,0.0,0.3434818868518289,2.677257949943856e-05,1.0,0.0,1.0,0.0001031275165441,1.0,0.0,1.0,0.0,6.54203620841598e-05,1.0,0.0065833504607211,0.0,9.717193159536516e-05,1.0,0.943826511804068,1.0,0.0003676609132862,1.0,0.0,1.0,0.0003798138096054,1.0,0.0,1.0,0.0010352132095212,1.0,0.0,1.0,8.55149140169148e-05,1.0,1.0,0.0,0.9766703505012696,0.9719775433792848,1.0,6.119940966212,0.5755641304906667,5.5484390618981525,297.0,0.5143627228825973,1.0,0.0,0.505837048789987,0.0,3.396010320994116,6.119940966212,0.5755641304906667,2.4341888003520995,300.0,0.8547008547008547
0.0046206153832621995,0.0229319494175801,0.00249919528398355,0.0009000000000739001,0.01328297730217525,0.00090001692366525,1.2342412589311372e-05,0.0056070373863928,2.698427880090026e-09,0.0654529713557218,0.0002146823219401,5.752673354949229e-10,0.0001900253785795,0.0004080353554758,9.502818234563035e-10,0.0010449507369871,0.0005064409604892,0.0008358654805588999,0.00052051110905175,7.070207127557905e-05,9.091415319703556e-05,0.00020577500363135,0.0002983642629857,0.0002617540288247,0.0001651503821096,0.0627987031158032,0.0,0.00432719450097685,1.0,0.00102942819663545,0.6241283467800682,0.00293174722496145,1.0,5.994997453585036e-05,0.0,0.0044740343684259495,0.6132639808286222,0.0006796020422633,0.0,0.0012897750835987,1.0,0.0,0.0003065334790999,1.0,0.6126775856375599,0.0006118439679484,1.0,0.0,0.0001140642768167,1.0,0.0,4.5231767314469614e-05,1.0,0.0,0.000300342941749,1.0,1.0,0.0001730103806228,1.0,0.838949246584827,0.0001192267539485,1.0,1.0,0.0004563540475816,1.0,0.8297127294672082,0.0001009267887653,1.0,1.0,0.0002591730470281,1.0,1.0,0.0003414804871966,1.0,0.0,0.0009359423659929,0.0,1.0,0.08637371968008978,1.0,0.0,0.0615879381222984,1.0,0.0,0.0003987061808257,1.0,1.0,0.0004978766712041,1.0,1.0,0.0030800002967802,1.0,1.0,3.5046072345638614e-06,1.0,0.0,0.0001496183967972,1.0,4.55913237999077,4.5058405084743605,4.653789270238375,0.0,0.0196869946377646,1.0,0.0,0.0155759855479286,1.0,0.0,0.0146534219852521,1.0,1.0,0.0001201090469471,1.0,1.0,0.0223717494976826,1.0,1.0,2.4842146930791363e-05,1.0,0.0,6.458443490328206e-05,1.0,1.0,0.0304189785342799,1.0,1.0,1.4524764859218218e-14,1.0,1.0,0.0213209754787492,1.0,0.0,0.00582225720123,1.0,0.0,0.0015872610105963,1.0,0.0,2.7508533464759995e-05,1.0,0.0,0.0140535205860025,1.0,0.0,1.5221006491578608e-10,1.0,1.0,0.097282387756076,1.0,0.0,2.764504405916132e-14,1.0,0.0,3.4781812554243325e-06,1.0,1.0,0.0029849807828268,1.0,0.0,3.171228679991168e-12,1.0,1.0,0.0964425346365795,1.0,0.0,0.0034614988905259,1.0,1.0,0.0011129157463194,1.0,1.0,8.328502965117422e-05,1.0,1.0,1.3528650777740624e-06,1.0,1.0,4.9088548819632197e-14,1.0,0.0,0.0033081212010743,1.0,0.0,2.79031234022384e-09,1.0,1.0,0.0002244141612071,264690.0,1.0827000155435813e-05,1.0,0.0001402200700634,0.0,0.0001288436060751,1.0,0.0,1.0,0.0002685248700077,1.0,1.0,1.0,0.0,0.0001476638702497,1.0,0.0,0.0,0.0001011006002661,1.0,0.2446546621430612,1.0,0.0001636726109917,1.0,1.0,1.0,0.0003639966311122,1.0,1.0,1.0,0.00216656541831115,1.0,0.0,0.0,6.023112407805567e-05,1.0,1.0,1.0,1.0,0.0001495623858082,0.0,0.0005471915173509,1.0,0.0,0.0,0.0002409110326885,1.0,1.0,1.0,1.0,0.0004966842211455,1.0,0.0,0.0,0.0004354336168333,1.0,0.0,1.0,0.0003353753618639,1.0,0.0,0.0,0.0001813389352387,1.0,0.0,0.5,0.0008732233762285999,1.0,0.0,1.0,0.0002798930458159,1.0,1.0,0.0,1.0,0.0003246990188076,0.0,0.0001111546724558,1.0,0.0,1.0,8.588548816066386e-05,1.0,0.0,1.0,1.0,0.0001448811360149,1.0,0.0,0.0,0.0001357907762031,1.0,0.0,0.0,0.0003097107657766,1.0,0.0,1.0,0.000101745555167,1.0,1.0,1.0,0.0011244437390187999,1.0,1.0,1.0,0.0013851914448922,1.0,1.0,1.0,0.0,0.0004227662929004,0.0,3.542990011839605e-06,1.0,0.0,0.6204978320157886,0.038180200448315,1.0,0.6906326161474083,0.0,2.184422388764678e-17,1.0,1.0,1.0,1.0,6.407516814144477e-17,1.0,0.0,1.0,4.764396168901247e-12,1.0,0.0,0.0,2.1973709502596604e-09,1.0,0.0,1.0,0.0029488419840349,1.0,0.0,0.0,0.0005245674449984,1.0,1.0,1.0,2.6250378032653612e-09,1.0,0.0,1.0,0.9943139506256966,0.3801422133284904,0.9756124952764702,8.135420492524437,0.586845206343544,7.448878511835794,175.0,0.4464926223600808,1.0,0.0,0.49175068948988365,0.0,3.582219447626438,8.135420492524437,0.3801422133284904,2.986545011076424,176.0,0.5014245014245015
0.0046206153832621995,0.0229319494175801,0.00249919528398355,0.0009000000000739001,0.01328297730217525,0.00090001692366525,0.00026591101633890004,0.0002631454984931,0.00033392818126865,7.331502967708598e-05,8.548576025260417e-05,0.00029105821481259996,0.00024735873938155,0.0003512855291243,5.676888778292314e-05,0.0010449507369871,0.0005064409604892,0.0008358654805588999,0.00052051110905175,7.070207127557905e-05,9.091415319703556e-05,0.00020577500363135,0.0002983642629857,0.0002617540288247,0.0001651503821096,0.0015179245030616,0.0,0.00432719450097685,1.0,0.00102942819663545,0.6241283467800682,0.00293174722496145,1.0,5.994997453585036e-05,0.0,0.0044740343684259495,0.6132639808286222,0.0006796020422633,0.0,0.0012897750835987,1.0,0.0,0.0003065334790999,1.0,0.6126775856375599,0.0006118439679484,1.0,0.0,0.0001140642768167,1.0,0.0,4.5231767314469614e-05,1.0,0.0,0.000300342941749,1.0,1.0,0.0001730103806228,1.0,0.838949246584827,0.0001192267539485,1.0,1.0,0.0004563540475816,1.0,0.8297127294672082,0.0001009267887653,1.0,1.0,0.0002591730470281,1.0,1.0,0.0003414804871966,1.0,0.0,0.00053096647900015,1.0,1.0,0.00037577784272454996,1.0,0.0,0.000377107236627,1.0,1.0,0.0004090530981813,1.0,1.0,9.332191302040747e-05,1.0,0.01924737487351285,0.0001851516122612,1.0,0.0,0.00036563886477915,1.0,0.0,0.00031034097430555,1.0,6.164000857979938,6.17,3.821045422006969,1.0,0.00094622228737275,1.0,0.0,0.00030161454166555,1.0,0.8684375368822927,0.00046449533842345,1.0,1.0,9.732505181296526e-05,1.0,0.0,0.0008223474541493,1.0,0.0,0.00042056105139965,1.0,1.0,6.357671017481105e-05,1.0,0.0,8.95186300711204e-05,1.0,0.0,6.86473451718226e-05,1.0,1.0,0.00012451700193175,1.0,0.7370038800720702,0.00041356743116115,1.0,1.0,0.00010771609799514197,1.0,1.0,0.00043539315559245,1.0,1.0,0.00010716288376599581,1.0,0.3544612469420235,0.00013930251401575,1.0,1.0,0.00020470352168515,1.0,1.0,0.00010241458773015292,1.0,1.0,0.00012846642023805002,1.0,1.0,0.0001173863472579,1.0,1.0,0.0003941170459816,1.0,1.0,0.00059357941590055,1.0,0.0,0.0005032711660119501,1.0,0.5,9.801045077654701e-05,1.0,0.0,8.520010267173671e-05,1.0,0.0,0.00018718664858345002,1.0,1.0,0.00015282011881505,1.0,0.5,0.00011340784905625,1.0,0.5,0.000914125365021,1.0,1.0,0.0002244141612071,264690.0,0.00045046316566120005,1.0,0.0001402200700634,0.0,0.0001288436060751,1.0,0.0,1.0,0.0002685248700077,1.0,1.0,1.0,0.0,0.0001476638702497,1.0,0.0,0.0,0.0001011006002661,1.0,0.2446546621430612,1.0,0.0001636726109917,1.0,1.0,1.0,0.0003639966311122,1.0,1.0,1.0,0.00216656541831115,1.0,0.0,0.0,6.023112407805567e-05,1.0,1.0,1.0,1.0,0.0001495623858082,0.0,0.0005471915173509,1.0,0.0,0.0,0.0002409110326885,1.0,1.0,1.0,1.0,0.0004966842211455,1.0,0.0,0.0,0.0004354336168333,1.0,0.0,1.0,0.0003353753618639,1.0,0.0,0.0,0.0001813389352387,1.0,0.0,0.5,0.0008732233762285999,1.0,0.0,1.0,0.0002798930458159,1.0,1.0,0.0,1.0,0.0003246990188076,0.0,0.0001111546724558,1.0,0.0,1.0,8.588548816066386e-05,1.0,0.0,1.0,1.0,0.0001448811360149,1.0,0.0,0.0,0.0001357907762031,1.0,0.0,0.0,0.0003097107657766,1.0,0.0,1.0,0.000101745555167,1.0,1.0,1.0,0.0011244437390187999,1.0,1.0,1.0,0.0013851914448922,1.0,1.0,1.0,0.0,0.0001414197958603,1.0,0.0001351548410148,1.0,0.0,0.3434818868518289,2.677257949943856e-05,1.0,0.0,1.0,0.0001031275165441,1.0,0.0,1.0,0.0,6.54203620841598e-05,1.0,0.0065833504607211,0.0,9.717193159536516e-05,1.0,0.943826511804068,1.0,0.0003676609132862,1.0,0.0,1.0,0.0003798138096054,1.0,0.0,1.0,0.0010352132095212,1.0,0.0,1.0,8.55149140169148e-05,1.0,1.0,0.0,0.9730854036992072,0.8908226717384716,1.0,7.125854686792206,0.6833544912591165,7.9316783085951,334.0,0.0,0.0,0.0,0.0,1.0,3.867914225153836,7.9316783085951,0.6833544912591165,3.236625073081993,338.0,0.9629629629629629
0.0046206153832621995,0.0229319494175801,0.00249919528398355,0.0009000000000739001,0.01328297730217525,0.00090001692366525,1.1088000001684054e-05,2.6964517866319625e-05,0.0010938547002481,0.0001843152968207,0.0906045472535412,0.0291133560379388,0.0019654444630063,0.0033657729285102,6.383264808385217e-10,0.0150851043448565,0.0016300970880589,9.334282532219236e-09,0.0708478326072199,4.682005363220093e-13,1.1034525576896383e-11,1.2406589399527656e-16,0.0005533068915911,1.6214952949306834e-16,7.420922026947838e-05,2.6892e-05,0.0,0.00432719450097685,1.0,0.00102942819663545,0.6241283467800682,0.00293174722496145,1.0,5.994997453585036e-05,0.0,0.0044740343684259495,0.6132639808286222,0.0006796020422633,1.0,0.0012897750835987,1.0,0.0,0.0754397912071986,1.0,0.6126775856375599,6.266071627032179e-09,1.0,0.0,2.1019516676372086e-05,1.0,0.0,0.0161224048819183,0.0,0.0,0.0034622605169262,0.0,1.0,2.9758482250407748e-05,0.0,0.0,0.0021479730352808,1.0,0.0,1.7469089091380725e-06,1.0,0.0,4.291100558088367e-05,0.0,0.0,1.035921999610543e-11,1.0,1.0,0.0029079043372128,1.0,0.0,1.6725546276805692e-05,1.0,0.0,7.33500000003179e-06,1.0,1.0,0.0004648351264893,1.0,0.0,0.007656427966999,0.0,0.0,3.8210433475819634e-06,1.0,0.0384947497470257,4.930302814112224e-05,1.0,0.0,0.0585625693868321,1.0,1.0,3.775256287286624e-05,0.0,5.716862473930237,5.682409311872521,3.821045422006969,0.0,0.0054962063891304,1.0,0.0,9.896115302933908e-06,1.0,0.0,0.0039037993543515,1.0,1.0,0.0004326269091211,1.0,0.0,1.1470353673313963e-05,1.0,0.0,8.838375380433994e-06,1.0,1.0,6.619982699710466e-19,1.0,1.0,9.981000009058113e-06,1.0,1.0,0.004844584153697,1.0,1.0,9.928749993141748e-05,1.0,1.0,9.53653318294296e-05,1.0,1.0,0.0480366356351189,1.0,1.0,3.125829603417977e-06,1.0,0.0,0.0009038654112699,1.0,0.0,0.0082573890467757,1.0,1.0,6.528228858139285e-06,1.0,0.0,0.0005560694035051,1.0,1.0,6.364138711009852e-05,1.0,1.0,4.419490616284652e-11,1.0,0.0,0.0128239789396579,1.0,1.0,3.9036512872226e-07,1.0,0.0,0.0005135267664783,1.0,0.0,5.372461354804767e-05,1.0,0.0,5.103791452967208e-06,1.0,0.0,0.0002439226372447,1.0,0.0,5.031893506971891e-07,1.0,0.0,0.007685496500617,1.0,1.0,4.337551372567645e-07,1.0,1.0,0.0195878823298341,264690.0,0.0110722472762133,0.0,0.0001919761782547,0.0,0.0001288436060751,1.0,0.0,0.0,0.0011301066337345,1.0,1.0,1.0,0.0,1.5577197924553734e-05,1.0,0.0,0.0,5.590014482517138e-05,1.0,0.0,1.0,1.994456634068364e-05,1.0,1.0,1.0,7.964541040672747e-05,1.0,0.0,1.0,0.0024506988433087,1.0,0.0,1.0,0.0019650949860526,1.0,0.0,0.0,1.0,3.80334855505675e-06,0.0,6.047255775685843e-05,1.0,0.0,1.0,0.0298118660913189,1.0,0.0,1.0,1.0,0.0101391824497159,1.0,0.0,1.0,1.7640794136617456e-07,1.0,0.0,1.0,0.0008422167212757,1.0,1.0,1.0,1.8291794611709133e-05,1.0,0.0,0.0,6.068162835788821e-05,1.0,0.0,0.0,0.0033463207902225,1.0,1.0,1.0,1.0,4.32738000113881e-06,1.0,0.0052095825143722,1.0,0.0,1.0,1.038406921434646e-08,1.0,0.0,1.0,1.0,8.704236700137113e-07,1.0,1.0,1.0,0.08855382373784981,1.0,0.0,0.0,2.571468546659429e-07,1.0,1.0,1.0,8.185171695228043e-11,1.0,1.0,0.0,0.0005898359841955,1.0,0.0,1.0,0.0290691125301172,1.0,0.0,0.0,0.0,3.823433228693481e-05,1.0,0.0126065533924047,1.0,0.0,1.0,1.7264236001548598e-11,1.0,1.0,1.0,1.841627045331371e-08,1.0,1.0,1.0,0.0,0.0004356672152193,1.0,0.0,0.0,0.0024652177394901,1.0,1.0,1.0,0.0003906463046291,1.0,1.0,0.0,0.0103294535535949,1.0,0.0,1.0,6.736378394580585e-05,1.0,1.0,1.0,0.0001063758311424,1.0,0.0,1.0,0.9626558186784152,0.9997950512694732,0.95279297601729,4.71671715958066,0.6467869738052366,0.240541559231359,18.0,838.0580983945249,264690.0,0.0,14889.951481207838,1.0,2.4898201655481493,5.716862473930237,0.240541559231359,2.4182751142951946,20.0,0.05698005698005698
0.0025578471473995,0.0470156015053829,0.0078417682482222,0.0160675815988542,0.0158015814438881,3.609442443984876e-05,0.0001606500003755,0.0168125645443219,0.0007870958448269,0.0062118947552788,3.337635125300654e-06,3.371356657442798e-05,0.015540328441437,0.0265166638622064,0.0078075551225741,0.0007155900056629,0.0040333253966514,9.81221813351153e-09,0.000235457885114,0.0001717580437151,4.3357590629993295e-06,9.758866123995042e-05,0.0001059311003932,0.0009949624225998,0.003456893091385,0.0034200015539766,0.0,0.000898989278061,1.0,0.0040475785947319,0.0,0.0001673823719755,1.0,7.560574154684444e-07,0.0,0.00023203045114104259,0.0,0.0699727392557831,1.0,0.0031668979439743,1.0,0.0,0.051063102483107,1.0,1.0,0.0008324289157177,1.0,1.0,2.7067262562491682e-09,1.0,1.0,0.0004538288635236,1.0,1.0,0.0025247518497534,1.0,0.0,0.0008403362377802,1.0,0.838949246584827,2.9120455562151797e-06,1.0,1.0,0.0001716029450991,1.0,1.0,1.3600199610786527e-06,1.0,0.0,0.0003086097767297,1.0,1.0,0.0049126431350837,1.0,1.0,0.0024111,1.0,0.0,0.0006731675922291,1.0,1.0,0.0109684456305472,1.0,1.0,0.0009586771023646,0.0,1.0,8.411500055307244e-05,1.0,0.0,0.0585061796017135,1.0,1.0,0.0024115729120159,1.0,1.0,5.901490808912725e-14,1.0,5.506281040454588,-3.0783498784992944,-2.3708562158963047,1.0,0.0044750148854341,1.0,1.0,0.0003865622124105,1.0,0.0,0.0703851857957391,1.0,0.0,0.001181696115799,1.0,1.0,0.0001163185795913,1.0,1.0,0.023184335439526,1.0,0.0,0.0002033223664414,1.0,0.0,0.0001507951733693,1.0,1.0,0.0031383002389459,1.0,1.0,0.0002556913246491,1.0,1.0,0.0001140425341622,1.0,1.0,0.0001196104517654,1.0,1.0,0.0026618669737167,1.0,0.0,0.044058430268262,1.0,0.0,0.0009573269952796,1.0,1.0,0.0001111210382295,1.0,0.0,0.0010206956935798,1.0,0.0,0.0006187015619795,1.0,0.0,0.0003331385667936,1.0,1.0,0.0506259151974308,1.0,0.0,0.0034773316180028,1.0,1.0,0.0002880473811042,1.0,0.0,0.0001504338052391,1.0,1.0,4.973650405967409e-05,1.0,0.0,0.0004188600017081,1.0,1.0,0.0031348525785084,1.0,0.0,0.0004434784405217,1.0,1.0,0.0438869705911187,1.0,1.0,0.0008442423974325,264690.0,0.003627091817833,1.0,0.0002880599010179,0.0,0.0025174125156793,1.0,1.0,0.0,0.0004736845115986,1.0,0.1708917455497828,1.0,1.0,2.306232460320873e-06,1.0,1.0,0.0,0.0005839627531731,1.0,1.0,1.0,0.0280768438078855,1.0,1.0,0.0,0.0591450634665869,1.0,0.0,1.0,0.0035493612577695,1.0,0.0,0.0,0.0006700844969031,1.0,0.0,0.0,1.0,0.0002623109270957,0.0,0.0019951649999999,1.0,1.0,0.0,0.0044012658199669,1.0,1.0,1.0,0.0,0.0485292127618587,1.0,0.0,1.0,0.0304017848012945,1.0,0.0,1.0,0.09470995149295545,1.0,0.0,0.0,0.0001243095451431,1.0,1.0,1.0,0.0025474833061874,1.0,0.0,1.0,8.846082003291165e-05,1.0,0.0,0.0,0.0,0.0002787918290489,1.0,0.0020002505209739,1.0,0.0,0.0,0.0005017073383877,1.0,1.0,1.0,1.0,0.0052094122670645,1.0,1.0,0.0,6.359991591521975e-05,1.0,1.0,1.0,0.0006299230477189,1.0,1.0,0.0,7.042212255365933e-05,1.0,0.0,0.0,0.0020059687332897,1.0,0.0,0.0,0.0051225831370585,1.0,1.0,1.0,0.0,0.002694711033275,1.0,0.0051702360748155,1.0,1.0,1.0,1.384739225739155e-18,1.0,0.2920099445815743,1.0,0.000429382662313,1.0,0.0,1.0,0.0,0.0085450171147786,1.0,0.0,1.0,5.655804122695643e-10,1.0,1.0,1.0,0.009036656101353,1.0,0.0,0.0,8.771231034442071e-05,1.0,1.0,1.0,0.0024599970495433,1.0,1.0,1.0,3.959831367772223e-05,1.0,1.0,1.0,0.9817318407102128,0.3618979329624888,0.7194922603195252,3.6822717979393023,-0.1000158252645309,7.778360777917396,0.0,792.9529285670311,264690.0,0.0,14483.166745845298,1.0,0.7128066190907483,5.506281040454588,-3.0783498784992944,2.8418592317211915,2.0,0.005698005698005698
0.0046206153832621995,0.0229319494175801,0.00249919528398355,0.0009000000000739001,0.01328297730217525,0.00090001692366525,0.0002830691122481,0.0770636286838651,0.0824876311353923,1.1884470994400462e-05,0.011214616067583,0.0002601125058845,4.050575955703061e-05,0.0044598599862378,1.0967470955775425e-07,0.0007873408601784,2.30594757564202e-05,1.525778325302489e-05,0.0320911700595299,0.0029316893481814,0.074723905018807,3.052096049256669e-06,0.0042176980081184,0.0002243169314309,0.0006180814641457,8.088164428895898e-05,0.0,0.00432719450097685,1.0,0.00102942819663545,0.6241283467800682,0.00293174722496145,1.0,5.994997453585036e-05,0.0,0.0044740343684259495,0.6132639808286222,0.0006796020422633,0.0,0.0070980224217197,1.0,1.0,0.0361708548122602,1.0,0.0,0.0012977454448817,1.0,1.0,0.0724777938325156,1.0,0.0,1.265048433522084e-05,1.0,1.0,0.0037639972714006,1.0,1.0,0.0007540597520506,1.0,1.0,0.0003583385072476,1.0,0.0,0.0003349581009877,1.0,1.0,2.287912291237948e-06,1.0,0.0,5.705164507364674e-10,1.0,1.0,4.614182422449229e-05,1.0,0.0,0.0856779949726834,1.0,0.0,2.988405540940845e-05,1.0,0.0,1.1273878961654329e-05,1.0,1.0,0.0703674641168233,1.0,0.0,0.0338424862357395,1.0,1.0,0.0006342191453378,0.0,0.0,0.0106551935105715,1.0,1.0,0.0061938042973368,1.0,5.018560062861631,4.9175257850448,4.894788007978348,1.0,0.0253013791611269,1.0,1.0,0.09198250590956765,1.0,0.0,9.720280847169028e-05,1.0,1.0,4.485399397381477e-05,1.0,0.0,0.031859636587724,1.0,1.0,0.0851899739435,1.0,1.0,2.3770755960830423e-06,1.0,0.0,0.0040357215401453,1.0,1.0,0.0168688372469264,1.0,0.0,0.0005711709600682,1.0,0.0,0.0002101500000006,1.0,1.0,4.202811028806607e-05,1.0,1.0,1.3340359239285926e-05,1.0,1.0,0.0655599498287483,1.0,1.0,0.0054233475826208,1.0,1.0,0.0218905316197787,1.0,0.0,3.277561127325469e-05,1.0,1.0,0.0001089900001189,1.0,0.0,3.5530993759641512e-06,1.0,0.0,1.99093677987556e-05,1.0,1.0,0.0006454354539116,1.0,0.0,0.0342436143332124,1.0,1.0,0.0308735181687011,1.0,1.0,0.0764555921198559,1.0,0.0,2.4598975257407866e-05,1.0,1.0,5.7368137394506835e-08,1.0,1.0,2.5803006768375187e-05,1.0,1.0,0.0024330006189728,1.0,0.0,0.0015977212127732,264690.0,0.0003348855246119,0.0,0.0010688465757167,1.0,0.0001494667685187,1.0,0.0,1.0,5.279843218188586e-05,1.0,0.0,1.0,1.0,0.0002255192803726,1.0,1.0,1.0,3.6877242652894324e-08,1.0,1.0,1.0,0.0001636726109917,1.0,0.0,0.0,8.437239594994741e-05,1.0,1.0,1.0,0.013979286280176,1.0,1.0,0.0,0.0164387200715048,1.0,1.0,0.0,1.0,0.028612646931657,0.0,6.0934320000000005e-05,1.0,0.0,0.0,0.0002409110326885,1.0,1.0,1.0,0.0,4.390992498574841e-05,1.0,1.0,1.0,0.062603274480575,1.0,1.0,0.0,0.0003468129116626,1.0,1.0,1.0,0.0030354066908427,1.0,0.0,0.0,0.0001804231660282,1.0,1.0,0.0,3.020165320637597e-05,1.0,0.0,0.0,0.0,8.931636346705944e-05,1.0,5.597033934505457e-05,1.0,0.0,1.0,2.956449669092484e-05,1.0,1.0,1.0,0.0,0.008834927267036,1.0,1.0,0.0,0.0065545483032511,1.0,1.0,0.0,0.05275299567714,1.0,0.0,0.0,6.049354379552864e-05,1.0,1.0,0.0,0.0037169327335762,1.0,0.0,0.0,8.733216807817594e-09,1.0,1.0,1.0,0.0,0.0235828615854352,1.0,0.010177987422738,1.0,1.0,0.0,2.953012706900016e-07,1.0,1.0,0.0,1.640769888004823e-05,1.0,0.0,1.0,1.0,2.2341665149133474e-10,1.0,0.0,0.0,3.2105946747656765e-08,1.0,0.0,0.0,9.97083242821997e-08,1.0,1.0,0.0,0.0026436846225753,1.0,1.0,0.0,0.0316746277214176,1.0,0.0,0.0,4.365892120250999e-06,1.0,0.0,0.0,0.9972858347846316,0.9904596846500044,1.0,10.003,0.6528175413543529,7.778360777917396,18.0,838.0898254722496,264690.0,0.0,14889.949690825395,1.0,3.559304614584221,10.003,0.6528175413543529,3.2828456524453125,20.0,0.05698005698005698
0.0046206153832621995,0.0229319494175801,0.00249919528398355,0.0009000000000739001,0.01328297730217525,0.00090001692366525,1.2438519828119731e-06,8.34471895939103e-05,8.428326087376323e-05,0.0424224547601796,3.0477986794156644e-09,6.46649365119644e-10,0.0741348456364679,0.0004164437142206,4.4356603617580016e-06,0.0010449507369871,0.0005064409604892,0.0008358654805588999,0.00052051110905175,7.070207127557905e-05,9.091415319703556e-05,0.00020577500363135,0.0002983642629857,0.0002617540288247,0.0001651503821096,0.0063601638548573,0.0,0.00432719450097685,1.0,0.00102942819663545,0.6241283467800682,0.00293174722496145,1.0,5.994997453585036e-05,0.0,0.0044740343684259495,0.6132639808286222,0.0006796020422633,1.0,0.0001952073280499,1.0,0.0,3.580816055279903e-05,1.0,0.0,1.596172990094211e-05,1.0,0.0,6.03750830821613e-08,1.0,1.0,4.602828407844679e-05,0.0,0.0,1.1570063377408609e-06,1.0,0.0,2.8849762992486813e-05,1.0,1.0,3.2662142766796227e-08,1.0,1.0,5.956112373494358e-07,1.0,1.0,0.003715477584259,0.0,0.0,0.0424720208617475,1.0,0.0,3.5800873361859725e-11,1.0,0.0,6.672101846615102e-07,0.0,0.0,0.0008629091958273,1.0,0.0,0.0095719028354583,0.0,1.0,8.92406380062195e-06,1.0,0.0,0.000283823504338,1.0,0.0,5.1353267211876636e-15,1.0,0.0,0.0048487242005558,1.0,0.0,5.572453776369459e-05,0.0,5.729387511072098,5.34814075627684,3.821045422006969,1.0,0.0005338803188913,1.0,1.0,0.0548869760263678,1.0,0.0,3.655786153068728e-06,1.0,0.0,6.685014692221031e-07,1.0,0.0,1.646908204950811e-05,1.0,1.0,6.308861998931358e-05,1.0,1.0,1.550995976621873e-06,1.0,1.0,7.884118135986799e-05,1.0,0.0,0.000246498898295,1.0,1.0,0.0046415266822805,1.0,1.0,0.0001581431873696,1.0,1.0,4.415589764324016e-05,1.0,0.0,0.0071251832849335,1.0,0.0,0.0331751365015233,1.0,1.0,0.0011476814044883,1.0,1.0,0.0669578694205761,1.0,0.0,1.430601656203779e-17,1.0,1.0,0.0033489371661044,1.0,1.0,1.947798334406678e-05,1.0,1.0,0.0125713682843609,1.0,0.0,0.0214476582854593,1.0,0.0,8.892071100064921e-06,1.0,0.0,2.4344645252885607e-05,1.0,0.0,2.977020320176998e-11,1.0,0.0,0.0226884396670369,1.0,1.0,2.0933360187086518e-10,1.0,0.0,6.246900000077842e-07,1.0,1.0,9.001704190449305e-05,1.0,1.0,0.0002244141612071,264690.0,4.166127712253609e-05,1.0,0.0001402200700634,0.0,0.0001288436060751,1.0,0.0,1.0,0.0002685248700077,1.0,1.0,1.0,0.0,0.0001476638702497,1.0,0.0,0.0,0.0001011006002661,1.0,0.2446546621430612,1.0,0.0001636726109917,1.0,1.0,1.0,0.0003639966311122,1.0,1.0,1.0,0.00216656541831115,1.0,0.0,0.0,6.023112407805567e-05,1.0,1.0,1.0,1.0,0.0001495623858082,0.0,0.0005471915173509,1.0,0.0,0.0,0.0002409110326885,1.0,1.0,1.0,1.0,0.0004966842211455,1.0,0.0,0.0,0.0004354336168333,1.0,0.0,1.0,0.0003353753618639,1.0,0.0,0.0,0.0001813389352387,1.0,0.0,0.5,0.0008732233762285999,1.0,0.0,1.0,0.0002798930458159,1.0,1.0,0.0,1.0,0.0003246990188076,0.0,0.0001111546724558,1.0,0.0,1.0,8.588548816066386e-05,1.0,0.0,1.0,1.0,0.0001448811360149,1.0,0.0,0.0,0.0001357907762031,1.0,0.0,0.0,0.0003097107657766,1.0,0.0,1.0,0.000101745555167,1.0,1.0,1.0,0.0011244437390187999,1.0,1.0,1.0,0.0013851914448922,1.0,1.0,1.0,1.0,1.1258363633989826e-06,1.0,1.963136086932454e-05,1.0,1.0,1.0,9.79595518198202e-07,1.0,0.0,1.0,6.681423358386106e-07,1.0,1.0,1.0,1.0,0.0003304376049029,1.0,0.0,1.0,0.0512576903596305,1.0,0.0,1.0,3.94088969030082e-05,1.0,0.0,1.0,3.6765809596435898e-06,1.0,1.0,0.0,0.09228579623866008,1.0,1.0,0.0,0.0008799726921832,1.0,0.0,0.0,0.9419923351341304,0.8965758138159857,1.0,9.530261228406108,0.6486001873479463,9.690268253467476,139.0,0.4439021143462336,1.0,0.0,0.4953696174323481,1.0,4.223153260690074,9.690268253467476,0.6486001873479463,3.902148875994576,141.0,0.4017094017094017
0.0070300209312882,0.0020425074879059,0.0493203664064134,0.0013005659579586,8.835892884698098e-12,3.463554349622967e-05,0.0741176554898368,0.0002151000533148,0.0367856194676552,2.4753739903150625e-05,1.6221539918595588e-08,0.0900631929484856,1.1837834942435498e-05,0.0030833319143581,1.0472685031079465e-05,0.0022345232901352,0.0008608400716776,2.3519458873690968e-32,0.020193134606599,1.866564370105024e-06,0.00017361,0.0629854902705113,1.7037089765527574e-05,0.0056599895747763,6.1985513240456274e-09,0.0493200004660161,1.0,0.055812700442110307,1.0,1.2962169948289393e-13,1.0,0.049161796196318816,1.0,0.0089874080677897,1.0,0.0025126957690038,1.0,2.389204531432738e-07,1.0,0.0007885480946505,1.0,0.0,0.0038775855762694,1.0,0.0,0.0122228816036397,1.0,1.0,0.000142721242805,1.0,1.0,0.0007705632241416,1.0,1.0,0.0021603195979939,1.0,1.0,0.0123437777909778,1.0,1.0,0.0275463019885542,1.0,0.0,0.0015254187728666,1.0,1.0,0.0455467027347109,1.0,0.0,0.0201212453139607,1.0,0.0,0.0075271669039593,1.0,0.0,0.0071246760399036,1.0,1.0,0.0057369025922169,1.0,1.0,0.0291846424130887,1.0,0.0,8.370965714133043e-05,1.0,0.0,1.0514307620465282e-05,1.0,1.0,0.0042120000000016,1.0,1.0,0.0265410007673906,1.0,1.0,3.411437727827482e-05,1.0,5.193299975722263,5.45932106495619,4.415611503902608,1.0,0.005257492060536,1.0,1.0,0.005428617440451,1.0,0.0,0.0226778734258963,1.0,1.0,7.735290336189447e-06,1.0,1.0,0.0001643400014176,1.0,1.0,0.0007168085912681,1.0,1.0,0.0283500026659481,1.0,1.0,0.0016688454536707,1.0,1.0,0.0032895000125594,1.0,1.0,0.0821105609204075,1.0,0.0,0.0001936446045469,1.0,0.0,0.0001459800000007,1.0,1.0,0.0016537376617586,1.0,1.0,0.0431550249522949,1.0,0.0,0.0151524192798167,1.0,1.0,0.0384840464049694,1.0,0.0,0.0034767000116709,1.0,1.0,0.0006602367335229,1.0,1.0,0.0432715968868171,1.0,0.0,0.0039352152224486,1.0,1.0,0.0060195940730964,1.0,1.0,0.0031194093080398,1.0,1.0,0.0104955442360553,1.0,0.0,0.0055931514827653,1.0,1.0,0.0353375678696831,1.0,1.0,0.0013815000001767,1.0,1.0,0.0170988442895131,1.0,1.0,0.0154262579858137,1.0,1.0,0.0401687851424749,264690.0,0.0492853851496628,1.0,0.0053089058609924,0.0,0.0002513292424491,1.0,0.0,1.0,0.0420421318635427,1.0,0.0,1.0,1.0,0.0645434425636032,1.0,0.0,0.0,0.0052518791718048,1.0,0.0,1.0,1.4844246348108597e-05,1.0,1.0,0.0,0.0028576951356077,1.0,1.0,1.0,0.0351198272638312,1.0,0.0,0.0,0.0003499390040785,1.0,1.0,1.0,1.0,0.005227301703945,0.0,0.0039510230950384,1.0,1.0,1.0,0.0346314451390658,1.0,1.0,1.0,0.0,0.0054347028572787,1.0,0.0,1.0,0.0001015504792692,1.0,0.0,0.0,1.2679072101813134e-12,1.0,0.0,1.0,6.1489496170731326e-09,1.0,0.0,1.0,0.0367641641069677,1.0,0.0,1.0,1.2883461020985828e-07,1.0,0.0,0.0,1.0,0.0452958454644881,1.0,0.0042265170841511,1.0,1.0,1.0,0.0373418864977238,1.0,0.0,1.0,1.0,0.0262682349193275,1.0,1.0,0.0,0.0206393212274191,1.0,0.0,1.0,2.794625771260824e-07,1.0,0.0,0.0,9.019708236183327e-10,1.0,1.0,1.0,0.0352913933263077,1.0,0.0,0.0,3.1763106566585214e-08,1.0,0.0,0.0,0.0,0.0011793035775218,0.0,0.0767972293266033,1.0,1.0,0.0,1.2969352878005125e-07,1.0,0.0,1.0,0.0296499133891994,1.0,1.0,1.0,0.0,0.09184545581151683,1.0,0.0,0.0,0.0004593865764008,1.0,0.0,1.0,2.9689372025822125e-05,1.0,1.0,0.0,0.0098347451856917,1.0,0.0,1.0,0.036877580656012,1.0,0.0,1.0,1.0102378943524574e-05,1.0,1.0,1.0,0.9404202860517248,1.0,0.9861424537195967,8.023682775368002,0.6900329764328302,6.767646540154482,0.0,792.9696758294288,264690.0,0.0,14483.165826711624,0.0,3.719573064034188,8.023682775368002,0.6900329764328302,2.856324119553021,1.0,0.002849002849002849
0.0046206153832621995,0.0229319494175801,0.00249919528398355,0.0009000000000739001,0.01328297730217525,0.00090001692366525,0.0243227440968225,5.103330661276106e-06,0.0022637758390356,0.0292461560621459,1.0383636806623671e-09,0.0018327047487382,0.0075174508665808,1.4133330790771225e-22,0.0507694922750826,0.0019842742959165,0.0179345697104883,0.001529945374298,0.027132632025665,3.682986959026314e-15,0.0325040373076014,4.0671800150042887e-14,0.0154517115942557,0.000762723920268,0.0001645805861948,0.000470408070696,0.0,0.00432719450097685,1.0,0.00102942819663545,0.6241283467800682,0.00293174722496145,1.0,5.994997453585036e-05,0.0,0.0044740343684259495,0.6132639808286222,0.0006796020422633,0.0,0.0353127825457612,1.0,1.0,3.2952094352696364e-09,1.0,1.0,0.0718238290313447,1.0,0.0,0.0164318950796114,1.0,1.0,0.0191099979136962,1.0,0.0,5.2779737822310834e-05,1.0,1.0,0.0010565555089758,1.0,0.0,0.0002769931993236,1.0,0.0,0.057876165461972,1.0,1.0,2.535665359921577e-05,0.0,1.0,0.0068400905084231,1.0,1.0,0.0053125707648962,1.0,0.0,0.0091553479414794,1.0,1.0,0.0004908597408016,1.0,1.0,0.0002772177508879,0.0,0.0,0.0004959190342345,0.0,1.0,0.0091979269007692,1.0,0.0,5.365471425071302e-09,1.0,1.0,0.0083882384095183,1.0,0.0,0.0005739860345238,0.0,5.460097223404254,5.590463509802296,5.28164050013457,0.0,2.727038196367296e-05,1.0,1.0,8.760194055952508e-06,1.0,1.0,0.0016034710682597,1.0,1.0,0.0003091258586811,1.0,0.0,1.0105689996324868e-05,1.0,1.0,0.0074275630430407,1.0,1.0,1.1060062080853352e-09,1.0,0.0,0.0108040498057612,1.0,1.0,0.0467592724926273,1.0,0.0,1.85152705103623e-14,1.0,1.0,0.003223462909439,1.0,0.0,0.0094196896537288,1.0,1.0,0.0025892991260506,1.0,1.0,1.974096712041617e-05,1.0,1.0,0.0001125754144811,1.0,0.0,0.0017703399562231,1.0,0.0,0.0015864904547808,1.0,0.0,1.989374395580417e-08,1.0,1.0,2.766374656435306e-09,1.0,1.0,0.0005883792300187,1.0,1.0,0.068924468107386,1.0,0.0,0.0417171060866073,1.0,0.0,2.6675097376805575e-10,1.0,0.0,1.46673688567071e-18,1.0,0.0,0.0003744764221916,1.0,1.0,6.173703059793395e-06,1.0,0.0,0.0001270881339774,1.0,1.0,5.56352333260359e-10,1.0,0.0,0.0026368429788597,264690.0,0.0007817385778397,1.0,8.689802628432601e-08,0.0,0.0662364870546754,1.0,1.0,1.0,3.7207312177645934e-11,1.0,0.0,1.0,1.0,4.27524783053343e-13,1.0,0.0,0.0,0.0004172393683085,1.0,0.0,1.0,1.6953504205518277e-11,1.0,0.0,0.0,0.0001959205398767,1.0,1.0,1.0,0.00216656541831115,1.0,0.0,1.0,8.070428979752073e-08,1.0,1.0,0.0,1.0,1.139774234372792e-05,1.0,8.847195540008031e-21,1.0,0.0,1.0,1.4389141957823688e-17,1.0,0.0,1.0,0.0,0.0018035189548669,1.0,0.0,0.0,1.5181429845156537e-07,1.0,1.0,1.0,2.33185233064419e-07,1.0,0.0,0.0,0.0001085546906305,1.0,0.0,0.0,2.628603000000042e-05,1.0,0.0,1.0,1.634895463483278e-05,1.0,1.0,1.0,1.0,0.0242810146172082,1.0,1.1507152777896923e-06,1.0,1.0,0.0,2.973106758462324e-06,1.0,1.0,1.0,1.0,0.0011769016300595,1.0,0.0,0.0,0.0293153386577227,1.0,0.0,0.0,1.0542509133328964e-06,1.0,0.0,1.0,1.007091000003493e-05,1.0,1.0,0.0,0.0368802167535123,1.0,0.0,1.0,0.0151323202952903,1.0,0.0,0.0,0.0,1.1304488042485386e-05,1.0,6.476977715843655e-05,1.0,0.0,0.0,7.60148101462212e-11,1.0,1.0,1.0,5.352226557728897e-16,1.0,0.0,1.0,0.0,0.0001764469323046,1.0,1.0,0.0,1.879160735183525e-05,1.0,0.0,0.0,2.474713819882724e-06,1.0,0.0,0.0,0.0142546862091772,1.0,1.0,1.0,5.319257622402047e-05,1.0,1.0,1.0,0.0067432139081595,1.0,0.0,1.0,1.0,0.3360083681222264,0.9988805739795436,6.176668422301162,0.5971381808155238,7.856045925358282,22.0,848.8136357710708,264690.0,0.0,14985.094957732548,0.0,3.6996603004353172,7.856045925358282,0.3360083681222264,2.9178378484861365,23.0,0.06552706552706553
0.0046206153832621995,0.0229319494175801,0.00249919528398355,0.0009000000000739001,0.01328297730217525,0.00090001692366525,1.876633691871631e-05,5.3858852246374273e-05,0.0062633435509699,1.894991114967035e-07,8.341897867978411e-05,4.08217688986366e-08,0.0133755463017515,5.749352563811223e-05,7.248133703251085e-07,0.0236780108551891,0.0005283803954995,0.0352219217029706,0.000313302659595,6.149893534963901e-16,0.0028960694985233,0.0008957695921342,5.2991752557679904e-05,0.0611764361024272,0.0110741401098023,8.548971796931458e-05,0.0,0.00432719450097685,1.0,0.00102942819663545,0.6241283467800682,0.00293174722496145,1.0,5.994997453585036e-05,0.0,0.0044740343684259495,0.6132639808286222,0.0006796020422633,1.0,4.279711035029524e-05,1.0,1.0,0.0003190830793186,1.0,0.0,0.0492663709654134,1.0,1.0,0.0145901927227926,1.0,0.0,2.352397351600636e-10,1.0,1.0,4.308393803795187e-05,1.0,1.0,0.002354870106914,1.0,0.0,6.129039460307457e-08,1.0,1.0,0.0114108163321012,1.0,1.0,5.468926730203015e-05,1.0,1.0,0.0267077376121716,1.0,1.0,0.0004386922666239,1.0,0.0,0.0426578731016462,0.0,0.0,2.3854044610312056e-05,1.0,0.0,1.1259e-05,1.0,1.0,0.0141910419784269,0.0,0.0,0.0443028081204302,1.0,1.0,3.007800807447676e-05,1.0,1.0,3.854700011103479e-05,1.0,0.0,0.0477567633180607,0.0,4.5441435059201885,4.958037866276763,4.562532192185397,0.0,0.0033526419358104,1.0,0.0,1.7523e-05,1.0,1.0,3.96102842822697e-10,1.0,0.0,0.0437488411575264,1.0,1.0,0.0151671682308147,1.0,1.0,1.9017000012724696e-05,1.0,1.0,1.7230691083061866e-05,1.0,1.0,2.2527851913033925e-05,1.0,1.0,3.321041894352702e-06,1.0,1.0,4.588033949283957e-06,1.0,0.0,0.0028170357660814,1.0,0.0,1.877886929440075e-05,1.0,0.0,3.06278338110027e-05,1.0,0.0,0.0456483308724172,1.0,0.0,3.132000311929753e-05,1.0,0.0,1.6974070155430273e-05,1.0,1.0,0.0139500989780599,1.0,1.0,0.0012056917268916,1.0,0.0,0.0028950858631605,1.0,0.0,0.0377129264236927,1.0,0.0,0.0094090063741722,1.0,1.0,0.0544615364011056,1.0,0.0,0.0684853074860271,1.0,0.0,0.0259490860208746,1.0,0.0,0.0714339795604173,1.0,1.0,0.000184980843152,1.0,1.0,0.0003221110279769,1.0,1.0,1.597500154640192e-05,1.0,0.0,0.0004596102650886,264690.0,0.0016549165177792,0.0,8.260950470109096e-06,0.0,0.0015840579596487,1.0,0.0,0.0,0.0005255377002299,1.0,1.0,1.0,1.0,1.47546661041026e-06,1.0,0.0,1.0,0.0477713809686655,1.0,0.0,0.0,0.0651543703046008,1.0,0.0,1.0,0.0837708721491637,1.0,1.0,0.0,0.0039161263059305,1.0,1.0,0.0,0.0048263665858462,1.0,1.0,0.0,0.0,1.5223289567325114e-05,1.0,0.0441892295343131,1.0,0.0,1.0,7.006892389525753e-05,1.0,1.0,1.0,0.0,2.0900591531583443e-15,1.0,0.0,0.669311109732545,5.087619916264386e-05,1.0,1.0,0.0,0.0191539853973206,1.0,1.0,1.0,2.6278380003388987e-05,1.0,0.0,0.0,5.088232174584562e-05,1.0,0.0,1.0,2.4328076654988666e-07,1.0,1.0,0.0,1.0,2.294590846443032e-05,1.0,0.0259568619246085,1.0,1.0,0.0,0.0016052829090212,1.0,1.0,1.0,0.0,1.2600979555986946e-06,1.0,0.0,1.0,6.724739751442542e-05,1.0,1.0,1.0,0.0007921942432524,1.0,0.0,1.0,7.262659437116412e-05,1.0,1.0,0.0,0.0003887996245568,1.0,0.0,0.0,1.14203172141034e-12,1.0,0.0,0.0,1.0,0.0157726361608951,1.0,0.028695281032146,1.0,1.0,1.0,2.2761617848642362e-19,1.0,0.0,0.0,0.0312086178195877,1.0,0.0,1.0,0.0,1.3496319104354161e-08,1.0,1.0,0.0,0.0561875624319623,1.0,0.0,0.0,0.0002758211448873,1.0,0.0,0.0,5.631586434785278e-05,1.0,1.0,1.0,0.0001923308261597,1.0,0.0,1.0,0.0043271717535671,1.0,1.0,0.0,0.9781547951918408,0.4268039913100308,0.9489702502661098,8.804855462059416,0.5763069702613302,7.415917533077548,18.0,838.0756807660393,264690.0,0.0,14889.95048900169,0.0,3.6906358407276247,8.804855462059416,0.4268039913100308,3.1295742279535927,19.0,0.05413105413105413
0.0046206153832621995,0.0229319494175801,0.00249919528398355,0.0009000000000739001,0.01328297730217525,0.00090001692366525,0.00026591101633890004,0.0002631454984931,0.00033392818126865,7.331502967708598e-05,8.548576025260417e-05,0.00029105821481259996,0.00024735873938155,0.0003512855291243,5.676888778292314e-05,0.0010449507369871,0.0005064409604892,0.0008358654805588999,0.00052051110905175,7.070207127557905e-05,9.091415319703556e-05,0.00020577500363135,0.0002983642629857,0.0002617540288247,0.0001651503821096,0.0015179245030616,0.0,0.00432719450097685,1.0,0.00102942819663545,0.6241283467800682,0.00293174722496145,1.0,5.994997453585036e-05,0.0,0.0044740343684259495,0.6132639808286222,0.0006796020422633,0.0,0.0012897750835987,1.0,0.0,0.0003065334790999,1.0,0.6126775856375599,0.0006118439679484,1.0,0.0,0.0001140642768167,1.0,0.0,4.5231767314469614e-05,1.0,0.0,0.000300342941749,1.0,1.0,0.0001730103806228,1.0,0.838949246584827,0.0001192267539485,1.0,1.0,0.0004563540475816,1.0,0.8297127294672082,0.0001009267887653,1.0,1.0,0.0002591730470281,1.0,1.0,0.0003414804871966,1.0,0.0,0.00053096647900015,1.0,1.0,0.00037577784272454996,1.0,0.0,0.000377107236627,1.0,1.0,0.0004090530981813,1.0,1.0,9.332191302040747e-05,1.0,0.01924737487351285,0.0001851516122612,1.0,0.0,0.00036563886477915,1.0,0.0,0.00031034097430555,1.0,5.938591713970403,6.032832977294921,3.821045422006969,1.0,0.00094622228737275,1.0,0.0,0.00030161454166555,1.0,0.8684375368822927,0.00046449533842345,1.0,1.0,9.732505181296526e-05,1.0,0.0,0.0008223474541493,1.0,0.0,0.00042056105139965,1.0,1.0,6.357671017481105e-05,1.0,0.0,8.95186300711204e-05,1.0,0.0,6.86473451718226e-05,1.0,1.0,0.00012451700193175,1.0,0.7370038800720702,0.00041356743116115,1.0,1.0,0.00010771609799514197,1.0,1.0,0.00043539315559245,1.0,1.0,0.00010716288376599581,1.0,0.3544612469420235,0.00013930251401575,1.0,1.0,0.00020470352168515,1.0,1.0,0.00010241458773015292,1.0,1.0,0.00012846642023805002,1.0,1.0,0.0001173863472579,1.0,1.0,0.0003941170459816,1.0,1.0,0.00059357941590055,1.0,0.0,0.0005032711660119501,1.0,0.5,9.801045077654701e-05,1.0,0.0,8.520010267173671e-05,1.0,0.0,0.00018718664858345002,1.0,1.0,0.00015282011881505,1.0,0.5,0.00011340784905625,1.0,0.5,0.000914125365021,1.0,1.0,0.0002244141612071,264690.0,0.00045046316566120005,1.0,0.0001402200700634,0.0,0.0001288436060751,1.0,0.0,1.0,0.0002685248700077,1.0,1.0,1.0,0.0,0.0001476638702497,1.0,0.0,0.0,0.0001011006002661,1.0,0.2446546621430612,1.0,0.0001636726109917,1.0,1.0,1.0,0.0003639966311122,1.0,1.0,1.0,0.00216656541831115,1.0,0.0,0.0,6.023112407805567e-05,1.0,1.0,1.0,1.0,0.0001495623858082,0.0,0.0005471915173509,1.0,0.0,0.0,0.0002409110326885,1.0,1.0,1.0,1.0,0.0004966842211455,1.0,0.0,0.0,0.0004354336168333,1.0,0.0,1.0,0.0003353753618639,1.0,0.0,0.0,0.0001813389352387,1.0,0.0,0.5,0.0008732233762285999,1.0,0.0,1.0,0.0002798930458159,1.0,1.0,0.0,1.0,0.0003246990188076,0.0,0.0001111546724558,1.0,0.0,1.0,8.588548816066386e-05,1.0,0.0,1.0,1.0,0.0001448811360149,1.0,0.0,0.0,0.0001357907762031,1.0,0.0,0.0,0.0003097107657766,1.0,0.0,1.0,0.000101745555167,1.0,1.0,1.0,0.0011244437390187999,1.0,1.0,1.0,0.0013851914448922,1.0,1.0,1.0,0.0,0.0001414197958603,1.0,0.0001351548410148,1.0,0.0,0.3434818868518289,2.677257949943856e-05,1.0,0.0,1.0,0.0001031275165441,1.0,0.0,1.0,0.0,6.54203620841598e-05,1.0,0.0065833504607211,0.0,9.717193159536516e-05,1.0,0.943826511804068,1.0,0.0003676609132862,1.0,0.0,1.0,0.0003798138096054,1.0,0.0,1.0,0.0010352132095212,1.0,0.0,1.0,8.55149140169148e-05,1.0,1.0,0.0,0.9594102414338468,0.7575736913175404,0.9922452449011896,1.5251201527925848,0.5999991873123448,8.510186893003898,334.0,0.0,0.0,0.0,0.0,1.0,3.164495012753341,8.510186893003898,0.5999991873123448,3.142745019099146,338.0,0.9629629629629629
0.0046206153832621995,0.0229319494175801,0.00249919528398355,0.0009000000000739001,0.01328297730217525,0.00090001692366525,5.519260142160017e-05,0.020475786543095,0.0344894810884872,0.0027580811856718,9.21721683797073e-06,1.1258855202630232e-12,1.2112281134740697e-06,1.917677941486209e-09,4.1595159028797986e-08,0.0010449507369871,0.0005064409604892,0.0008358654805588999,0.00052051110905175,7.070207127557905e-05,9.091415319703556e-05,0.00020577500363135,0.0002983642629857,0.0002617540288247,0.0001651503821096,0.0001575610502284,0.0,0.00432719450097685,1.0,0.00102942819663545,0.6241283467800682,0.00293174722496145,1.0,5.994997453585036e-05,0.0,0.0044740343684259495,0.6132639808286222,0.0006796020422633,0.0,0.0012897750835987,1.0,0.0,0.0003065334790999,1.0,0.6126775856375599,0.0006118439679484,1.0,0.0,0.0001140642768167,1.0,0.0,4.5231767314469614e-05,1.0,0.0,0.000300342941749,1.0,1.0,0.0001730103806228,1.0,0.838949246584827,0.0001192267539485,1.0,1.0,0.0004563540475816,1.0,0.8297127294672082,0.0001009267887653,1.0,1.0,0.0002591730470281,1.0,1.0,0.0003414804871966,1.0,0.0,0.00053096647900015,1.0,1.0,0.00037577784272454996,1.0,0.0,0.000377107236627,1.0,1.0,0.0004090530981813,1.0,1.0,9.332191302040747e-05,1.0,0.01924737487351285,0.0001851516122612,1.0,0.0,0.00036563886477915,1.0,0.0,0.00031034097430555,1.0,5.5651742144334335,4.942569158123424,3.821045422006969,0.0,0.0001408886864945,1.0,0.0,7.685237556877198e-06,1.0,0.0,0.0214770597020516,1.0,1.0,9.438453135966946e-07,1.0,0.0,0.0010809881418382,1.0,0.0,2.7513000000628308e-05,1.0,1.0,2.602597466605004e-07,1.0,1.0,2.175601430387888e-05,1.0,0.0,7.35182459160569e-08,1.0,1.0,1.080270582082444e-05,1.0,1.0,9.803722258608762e-06,1.0,0.0,9.324000000177932e-06,1.0,0.0,0.0424108487964901,1.0,0.0,6.603732388521508e-09,1.0,0.0,0.0326289544745712,1.0,1.0,0.0450864022163354,1.0,0.0,1.1993408266143174e-12,1.0,1.0,0.0065707383073617,1.0,1.0,0.0054400728698565,1.0,1.0,3.45690064665508e-07,1.0,0.0,0.0053541116029512,1.0,1.0,2.192395273712565e-15,1.0,1.0,0.0201658666331926,1.0,1.0,9.63598574975153e-06,1.0,0.0,5.798275782871816e-06,1.0,0.0,2.686620170461982e-07,1.0,0.0,0.0009546471097939,1.0,1.0,2.045008545959905e-07,1.0,1.0,0.0002244141612071,264690.0,2.7528968834059942e-05,1.0,0.0001402200700634,0.0,0.0001288436060751,1.0,0.0,1.0,0.0002685248700077,1.0,1.0,1.0,0.0,0.0001476638702497,1.0,0.0,0.0,0.0001011006002661,1.0,0.2446546621430612,1.0,0.0001636726109917,1.0,1.0,1.0,0.0003639966311122,1.0,1.0,1.0,0.00216656541831115,1.0,0.0,0.0,6.023112407805567e-05,1.0,1.0,1.0,1.0,0.0001495623858082,0.0,0.0005471915173509,1.0,0.0,0.0,0.0002409110326885,1.0,1.0,1.0,1.0,0.0004966842211455,1.0,0.0,0.0,0.0004354336168333,1.0,0.0,1.0,0.0003353753618639,1.0,0.0,0.0,0.0001813389352387,1.0,0.0,0.5,0.0008732233762285999,1.0,0.0,1.0,0.0002798930458159,1.0,1.0,0.0,1.0,0.0003246990188076,0.0,0.0001111546724558,1.0,0.0,1.0,8.588548816066386e-05,1.0,0.0,1.0,1.0,0.0001448811360149,1.0,0.0,0.0,0.0001357907762031,1.0,0.0,0.0,0.0003097107657766,1.0,0.0,1.0,0.000101745555167,1.0,1.0,1.0,0.0011244437390187999,1.0,1.0,1.0,0.0013851914448922,1.0,1.0,1.0,0.0,0.006647593417129,1.0,0.0009487031588158,1.0,1.0,1.0,4.213798971586907e-07,1.0,0.0744261777329984,1.0,0.0006537742709583,1.0,1.0,1.0,0.0,4.795199923344823e-05,1.0,1.0,1.0,0.09361158092445106,1.0,1.0,1.0,0.0066847358955492,1.0,0.0,0.0,1.06798820873403e-05,1.0,1.0,1.0,0.0713803540068915,1.0,1.0,1.0,0.0048346190520496,1.0,1.0,0.0,1.0,0.987606184264381,1.0,7.135902330073038,0.5857173252796206,7.714158259433335,199.0,0.4851793207102501,1.0,0.0,0.49811766019927994,1.0,3.616390933950904,7.714158259433335,0.5857173252796206,3.0360137704088386,202.0,0.5754985754985755
0.0046206153832621995,0.0229319494175801,0.00249919528398355,0.0009000000000739001,0.01328297730217525,0.00090001692366525,2.6480048215241045e-05,2.8382631290485046e-05,0.0070242572901465,0.051848138546176,0.0004648102726746,4.231347950230935e-05,7.285502432751264e-06,0.0001547814757302,0.0041341746157247,0.0461449231916614,0.0872068459032086,1.5799222889137303e-06,0.0006059365978637,9.568321308567864e-06,0.0016240249653999,0.0055297189918225,1.3355678884749112e-05,0.0284350598377345,3.883700945368438e-05,0.0034486074733235,0.0,0.00432719450097685,1.0,0.00102942819663545,0.6241283467800682,0.00293174722496145,1.0,5.994997453585036e-05,0.0,0.0044740343684259495,0.6132639808286222,0.0006796020422633,0.0,0.0406724582921319,1.0,0.0,0.0374916190206705,1.0,1.0,0.0001030388238508,1.0,0.0,1.8064346881614201e-07,1.0,1.0,0.0070635634445689,1.0,0.0,0.0003923275773624,1.0,0.0,0.0291979875674757,1.0,1.0,0.0001629929339838,1.0,0.0,0.0001981505944766,1.0,1.0,1.9692690078651939e-07,1.0,1.0,0.000336453343625,1.0,0.0,5.837069600689365e-05,1.0,1.0,3.474336387985073e-14,0.0,1.0,0.0104756925140535,1.0,0.0,0.0638502273132026,0.0,1.0,0.0002173838805775,1.0,1.0,2.102771919616505e-05,1.0,0.0,0.0003611620591403,1.0,0.0,0.0003609905278257,1.0,0.0,0.0006850802848724,1.0,5.514148666631068,5.590154385087254,4.909313109382864,1.0,0.0806604182547485,1.0,0.0,0.0052208032024716,1.0,0.0,4.023330222015457e-06,1.0,0.7787690358711612,9.672390796528494e-05,1.0,0.0,6.767104613623938e-07,1.0,0.0,0.0004011652929464,1.0,1.0,0.0121761915245451,1.0,1.0,0.09379755079211251,1.0,0.0,1.036128103834022e-05,1.0,1.0,8.476064167674627e-13,1.0,1.0,0.000429335084034,1.0,1.0,1.9888553678527468e-05,1.0,0.0,1.273901977350665e-07,1.0,1.0,0.0010188752864715,1.0,1.0,0.0084172625175132,1.0,0.0,0.0017236629828542,1.0,1.0,0.0002588603379781,1.0,0.0,0.0016381321308011,1.0,0.0,1.419648219058931e-05,1.0,1.0,3.372844394096136e-07,1.0,1.0,0.0020218340317749,1.0,1.0,0.0013409709133811,1.0,1.0,3.834246639370595e-05,1.0,1.0,0.0324881655417194,1.0,1.0,1.95157641984658e-05,1.0,1.0,3.18496597861126e-13,1.0,0.0,0.0305156997224662,1.0,1.0,6.396280430645035e-05,1.0,1.0,2.407814754345004e-05,264690.0,0.0032562,1.0,1.645605369704408e-05,0.0,4.694673250073321e-08,1.0,1.0,0.0,1.0879370886916493e-10,1.0,1.0,1.0,0.0,7.534234384861272e-05,1.0,0.0,1.0,0.0470548549398473,1.0,0.0,1.0,0.0003968062868025,1.0,1.0,1.0,2.1044790053369643e-05,1.0,1.0,1.0,0.0004505823714821,1.0,0.0,0.0,0.0069370487077241,1.0,0.0,1.0,1.0,5.701935023329574e-05,0.0,4.904495759835568e-06,1.0,1.0,1.0,0.0004649451919232,1.0,1.0,1.0,1.0,2.1084565273867908e-15,1.0,0.0,0.0,0.0140038390512841,1.0,0.0,1.0,0.0172575202446315,1.0,1.0,1.0,0.0054301085464294,1.0,1.0,0.0,0.0009384668998644,1.0,1.0,1.0,0.0023459635078228,1.0,1.0,1.0,0.0,6.4887900751827e-05,0.0,0.0682555577221016,1.0,1.0,0.0,1.5982848105509329e-06,1.0,0.0,1.0,0.0,5.471865562728011e-06,1.0,0.0,0.0,0.0611322888389472,1.0,0.0,0.0,0.0032861440054901,1.0,0.0,1.0,0.005104241838027,1.0,0.0,0.0,0.0115355978007323,1.0,0.0,1.0,8.398828385117624e-14,1.0,0.0,1.0,1.0,0.0052352821408188,1.0,6.748870240269086e-09,1.0,0.0,0.0,7.126139761051932e-05,1.0,0.2134193778869922,0.0,1.1757648754016255e-06,1.0,0.0,1.0,0.0,1.815190771670813e-10,1.0,1.0,0.0,5.422613613133269e-08,1.0,0.0,0.0,2.287265411617425e-08,1.0,1.0,0.0,0.0007656075879378,1.0,1.0,0.0,0.00325687823733,1.0,1.0,0.0,0.0033378412074222,1.0,0.0,0.0,0.9907116879180674,1.0,0.9695852364182118,6.123147738456371,0.7116737142739707,6.743543032094193,18.0,838.0853001590195,264690.0,0.0,14889.949946196472,0.0,3.616919730029111,6.743543032094193,0.7116737142739707,2.6080269668618463,19.0,0.05413105413105413
0.0046206153832621995,0.0229319494175801,0.00249919528398355,0.0009000000000739001,0.01328297730217525,0.00090001692366525,6.156000000000001e-07,0.0001653396794858,0.0457639957336438,0.0226845716798796,0.0001990671139224,0.0006720364159797,0.0009525054303465,0.0311076973435391,0.0204455407361995,0.0010449507369871,0.0005064409604892,0.0008358654805588999,0.00052051110905175,7.070207127557905e-05,9.091415319703556e-05,0.00020577500363135,0.0002983642629857,0.0002617540288247,0.0001651503821096,8.237711950482397e-06,0.0,0.00432719450097685,1.0,0.00102942819663545,0.6241283467800682,0.00293174722496145,1.0,5.994997453585036e-05,0.0,0.0044740343684259495,0.6132639808286222,0.0006796020422633,0.0,0.0012897750835987,1.0,0.0,0.0003065334790999,1.0,0.6126775856375599,0.0006118439679484,1.0,0.0,0.0001140642768167,1.0,0.0,4.5231767314469614e-05,1.0,0.0,0.000300342941749,1.0,1.0,0.0001730103806228,1.0,0.838949246584827,0.0001192267539485,1.0,1.0,0.0004563540475816,1.0,0.8297127294672082,0.0001009267887653,1.0,1.0,0.0002591730470281,1.0,1.0,0.0003414804871966,1.0,0.0,0.00053096647900015,1.0,1.0,0.00037577784272454996,1.0,0.0,0.000377107236627,1.0,1.0,0.0004090530981813,1.0,1.0,9.332191302040747e-05,1.0,0.01924737487351285,0.0001851516122612,1.0,0.0,0.00036563886477915,1.0,0.0,0.00031034097430555,1.0,4.618592551617764,3.21241194303523,3.3786388304330752,1.0,0.00094622228737275,1.0,0.0,0.00030161454166555,1.0,0.8684375368822927,0.00046449533842345,1.0,1.0,9.732505181296526e-05,1.0,0.0,0.0008223474541493,1.0,0.0,0.00042056105139965,1.0,1.0,6.357671017481105e-05,1.0,0.0,8.95186300711204e-05,1.0,0.0,6.86473451718226e-05,1.0,1.0,0.00012451700193175,1.0,0.7370038800720702,0.00041356743116115,1.0,1.0,0.00010771609799514197,1.0,1.0,0.00043539315559245,1.0,1.0,0.00010716288376599581,1.0,0.3544612469420235,0.00013930251401575,1.0,1.0,0.00020470352168515,1.0,1.0,0.00010241458773015292,1.0,1.0,0.00012846642023805002,1.0,1.0,0.0001173863472579,1.0,1.0,0.0003941170459816,1.0,1.0,0.00059357941590055,1.0,0.0,0.0005032711660119501,1.0,0.5,9.801045077654701e-05,1.0,0.0,8.520010267173671e-05,1.0,0.0,0.00018718664858345002,1.0,1.0,0.00015282011881505,1.0,0.5,0.00011340784905625,1.0,0.5,0.000914125365021,1.0,1.0,0.0002244141612071,264690.0,2.2614697040876062e-05,0.0,0.0046478794541891,1.0,0.0083554014454487,1.0,1.0,0.0,0.0063427402296334,1.0,0.0,1.0,0.0,5.04891340446451e-09,1.0,1.0,0.0,0.0292652686339295,1.0,1.0,1.0,0.0208159083156761,1.0,1.0,1.0,0.0009132578673194,1.0,1.0,1.0,0.00216656541831115,1.0,0.0,0.7519918559974781,4.234235276009556e-05,1.0,0.0,1.0,0.0,0.0003244518119757,0.0,0.0692969729909316,1.0,0.0,1.0,3.793120744299875e-05,1.0,0.0,1.0,1.0,1.945024934381421e-06,1.0,1.0,0.0,2.3827024526817997e-12,1.0,1.0,0.0,9.468352886844084e-07,1.0,1.0,0.0,0.0052598256378629,1.0,0.0,0.0,0.0018364627013584,1.0,1.0,0.0,0.0773928887929962,1.0,1.0,0.0,1.0,6.598259436695816e-05,0.0,0.0033527870714062,1.0,1.0,0.0,7.762862672699058e-15,1.0,1.0,1.0,1.0,6.75022432736499e-13,1.0,0.0,1.0,0.0584701676102896,1.0,1.0,1.0,1.0361924436375273e-10,1.0,1.0,1.0,4.62740696584565e-10,1.0,0.0,1.0,0.0011244437390187999,1.0,1.0,1.0,1.6740832487716883e-06,1.0,0.0,0.0,0.0,5.79152108937474e-07,1.0,0.0264128809091853,1.0,1.0,1.0,0.0004691809473941,1.0,0.6841927785493812,0.0,3.878342549044985e-07,1.0,1.0,1.0,1.0,1.9449449585508078e-13,1.0,1.0,1.0,0.0005250037489828,1.0,0.0,1.0,9.804515598468798e-06,1.0,0.0,0.0,0.0002347885921823,1.0,0.0,0.0,1.2500186158225518e-06,1.0,0.0,0.0,5.647324551407283e-06,1.0,1.0,0.0,1.0,0.956725632006789,1.0,9.90809695732308,0.5555296371197568,11.494195893632256,183.0,0.4759754385431213,1.0,0.0,0.49561097349615146,0.0,4.013799049463106,11.494195893632256,0.5555296371197568,4.055579557542469,184.0,0.5242165242165242
0.0046206153832621995,0.0229319494175801,0.00249919528398355,0.0009000000000739001,0.01328297730217525,0.00090001692366525,0.0065656617715673,8.184142668690448e-10,0.0285586201771815,2.2633044887343578e-07,0.0071362610240116,0.0760952743905206,1.542335471781288e-05,0.002225280454297,3.4527950263091e-07,0.0010449507369871,0.0005064409604892,0.0008358654805588999,0.00052051110905175,7.070207127557905e-05,9.091415319703556e-05,0.00020577500363135,0.0002983642629857,0.0002617540288247,0.0001651503821096,0.0085364839239551,0.0,0.00432719450097685,1.0,0.00102942819663545,0.6241283467800682,0.00293174722496145,1.0,5.994997453585036e-05,0.0,0.0044740343684259495,0.6132639808286222,0.0006796020422633,0.0,0.0030966821943464,1.0,0.0,1.4316529691925591e-21,1.0,0.0,9.274911229795143e-14,1.0,0.0,0.0151637286279444,1.0,1.0,1.889138763813315e-08,1.0,1.0,9.369676543004435e-06,1.0,1.0,1.0300585222603425e-05,1.0,0.0,9.590275332495569e-06,1.0,0.0,9.419350269882552e-07,1.0,0.0,1.4315185924394542e-05,1.0,0.0,0.0037681021784166,1.0,1.0,4.4401769297261215e-06,1.0,0.0,0.00053096647900015,1.0,1.0,0.00037577784272454996,1.0,0.0,0.000377107236627,1.0,1.0,0.0004090530981813,1.0,1.0,9.332191302040747e-05,1.0,0.01924737487351285,0.0001851516122612,1.0,0.0,0.00036563886477915,1.0,0.0,0.00031034097430555,1.0,4.546888706316947,4.804831434192665,3.821045422006969,1.0,0.0441801823575514,1.0,0.0,0.0002713445632961,1.0,1.0,1.4498606569993224e-06,1.0,1.0,9.786472919852784e-09,1.0,0.0,1.7896371868495152e-06,1.0,0.0,0.0254381432223382,1.0,1.0,0.076409693052829,1.0,1.0,5.6627670239274845e-05,1.0,1.0,0.0262963909998728,1.0,1.0,1.71653122658675e-05,1.0,0.0,0.0003977997782883,1.0,1.0,3.084446074219208e-07,1.0,1.0,6.000515106202472e-10,1.0,0.0,9.86168028138303e-10,1.0,1.0,2.5504362459871414e-05,1.0,1.0,1.2744000001485948e-06,1.0,1.0,0.0343153741529525,1.0,0.0,0.0005745059772331,1.0,1.0,0.0033078792657816,1.0,0.0,0.0039106800888873,1.0,1.0,1.7665255561208722e-05,1.0,1.0,2.32393798240215e-05,1.0,1.0,0.0088301960399439,1.0,0.0,0.034162960269739,1.0,1.0,1.7992125022867815e-06,1.0,1.0,3.760892826471296e-09,1.0,0.0,5.737935414412362e-05,1.0,1.0,9.56457539892554e-05,1.0,1.0,0.0032635792668396,264690.0,5.30834054406981e-06,1.0,0.0001402200700634,0.0,0.0001288436060751,1.0,0.0,1.0,0.0002685248700077,1.0,1.0,1.0,0.0,0.0001476638702497,1.0,0.0,0.0,0.0001011006002661,1.0,0.2446546621430612,1.0,0.0001636726109917,1.0,1.0,1.0,0.0003639966311122,1.0,1.0,1.0,0.00216656541831115,1.0,0.0,0.0,6.023112407805567e-05,1.0,1.0,1.0,1.0,0.0001495623858082,0.0,0.0005471915173509,1.0,0.0,0.0,0.0002409110326885,1.0,1.0,1.0,1.0,0.0004966842211455,1.0,0.0,0.0,0.0004354336168333,1.0,0.0,1.0,0.0003353753618639,1.0,0.0,0.0,0.0001813389352387,1.0,0.0,0.5,0.0008732233762285999,1.0,0.0,1.0,0.0002798930458159,1.0,1.0,0.0,1.0,0.0003246990188076,0.0,0.0001111546724558,1.0,0.0,1.0,8.588548816066386e-05,1.0,0.0,1.0,1.0,0.0001448811360149,1.0,0.0,0.0,0.0001357907762031,1.0,0.0,0.0,0.0003097107657766,1.0,0.0,1.0,0.000101745555167,1.0,1.0,1.0,0.0011244437390187999,1.0,1.0,1.0,0.0013851914448922,1.0,1.0,1.0,1.0,0.0001414197958603,0.0,1.86131910506138e-11,1.0,1.0,1.0,0.0728881053785883,1.0,0.0,0.0,9.796294662001761e-09,1.0,0.0,1.0,0.0,0.0006597732707861,1.0,0.0,1.0,0.0003876833020905,1.0,1.0,0.0,5.709768380411783e-10,1.0,1.0,1.0,0.0162575869195063,1.0,0.0,1.0,2.434565902251065e-06,1.0,1.0,0.0,0.0025914654116094,1.0,0.0,1.0,0.9709673468235877,0.9693448101216976,1.0,4.430210207748729,0.5925679744543215,7.09016756593523,160.0,1521.692562088778,264690.0,0.0,20066.060090615374,1.0,3.050622255699148,7.09016756593523,0.5925679744543215,2.4623164237487627,163.0,0.46438746438746437
0.0046206153832621995,0.0229319494175801,0.00249919528398355,0.0009000000000739001,0.01328297730217525,0.00090001692366525,0.00026591101633890004,0.0002631454984931,0.00033392818126865,7.331502967708598e-05,8.548576025260417e-05,0.00029105821481259996,0.00024735873938155,0.0003512855291243,5.676888778292314e-05,0.0010449507369871,0.0005064409604892,0.0008358654805588999,0.00052051110905175,7.070207127557905e-05,9.091415319703556e-05,0.00020577500363135,0.0002983642629857,0.0002617540288247,0.0001651503821096,0.0015179245030616,0.0,0.00432719450097685,1.0,0.00102942819663545,0.6241283467800682,0.00293174722496145,1.0,5.994997453585036e-05,0.0,0.0044740343684259495,0.6132639808286222,0.0006796020422633,0.0,0.0012897750835987,1.0,0.0,0.0003065334790999,1.0,0.6126775856375599,0.0006118439679484,1.0,0.0,0.0001140642768167,1.0,0.0,4.5231767314469614e-05,1.0,0.0,0.000300342941749,1.0,1.0,0.0001730103806228,1.0,0.838949246584827,0.0001192267539485,1.0,1.0,0.0004563540475816,1.0,0.8297127294672082,0.0001009267887653,1.0,1.0,0.0002591730470281,1.0,1.0,0.0003414804871966,1.0,0.0,0.00053096647900015,1.0,1.0,0.00037577784272454996,1.0,0.0,0.000377107236627,1.0,1.0,0.0004090530981813,1.0,1.0,9.332191302040747e-05,1.0,0.01924737487351285,0.0001851516122612,1.0,0.0,0.00036563886477915,1.0,0.0,0.00031034097430555,1.0,5.475285743220772,5.586038529636099,4.905696507106202,1.0,0.00094622228737275,1.0,0.0,0.00030161454166555,1.0,0.8684375368822927,0.00046449533842345,1.0,1.0,9.732505181296526e-05,1.0,0.0,0.0008223474541493,1.0,0.0,0.00042056105139965,1.0,1.0,6.357671017481105e-05,1.0,0.0,8.95186300711204e-05,1.0,0.0,6.86473451718226e-05,1.0,1.0,0.00012451700193175,1.0,0.7370038800720702,0.00041356743116115,1.0,1.0,0.00010771609799514197,1.0,1.0,0.00043539315559245,1.0,1.0,0.00010716288376599581,1.0,0.3544612469420235,0.00013930251401575,1.0,1.0,0.00020470352168515,1.0,1.0,0.00010241458773015292,1.0,1.0,0.00012846642023805002,1.0,1.0,0.0001173863472579,1.0,1.0,0.0003941170459816,1.0,1.0,0.00059357941590055,1.0,0.0,0.0005032711660119501,1.0,0.5,9.801045077654701e-05,1.0,0.0,8.520010267173671e-05,1.0,0.0,0.00018718664858345002,1.0,1.0,0.00015282011881505,1.0,0.5,0.00011340784905625,1.0,0.5,0.000914125365021,1.0,1.0,0.0002244141612071,264690.0,0.00045046316566120005,1.0,0.0001402200700634,0.0,0.0001288436060751,1.0,0.0,1.0,0.0002685248700077,1.0,1.0,1.0,0.0,0.0001476638702497,1.0,0.0,0.0,0.0001011006002661,1.0,0.2446546621430612,1.0,0.0001636726109917,1.0,1.0,1.0,0.0003639966311122,1.0,1.0,1.0,0.00216656541831115,1.0,0.0,0.0,6.023112407805567e-05,1.0,1.0,1.0,1.0,0.0001495623858082,0.0,0.0005471915173509,1.0,0.0,0.0,0.0002409110326885,1.0,1.0,1.0,1.0,0.0004966842211455,1.0,0.0,0.0,0.0004354336168333,1.0,0.0,1.0,0.0003353753618639,1.0,0.0,0.0,0.0001813389352387,1.0,0.0,0.5,0.0008732233762285999,1.0,0.0,1.0,0.0002798930458159,1.0,1.0,0.0,1.0,0.0003246990188076,0.0,0.0001111546724558,1.0,0.0,1.0,8.588548816066386e-05,1.0,0.0,1.0,1.0,0.0001448811360149,1.0,0.0,0.0,0.0001357907762031,1.0,0.0,0.0,0.0003097107657766,1.0,0.0,1.0,0.000101745555167,1.0,1.0,1.0,0.0011244437390187999,1.0,1.0,1.0,0.0013851914448922,1.0,1.0,1.0,0.0,0.0001414197958603,1.0,0.0001351548410148,1.0,0.0,0.3434818868518289,2.677257949943856e-05,1.0,0.0,1.0,0.0001031275165441,1.0,0.0,1.0,0.0,6.54203620841598e-05,1.0,0.0065833504607211,0.0,9.717193159536516e-05,1.0,0.943826511804068,1.0,0.0003676609132862,1.0,0.0,1.0,0.0003798138096054,1.0,0.0,1.0,0.0010352132095212,1.0,0.0,1.0,8.55149140169148e-05,1.0,1.0,0.0,1.0,0.9841441052089616,1.0,8.585832183292121,0.756,7.778360777917396,334.0,0.0,0.0,0.0,0.0,1.0,3.53662463355802,8.585832183292121,0.756,2.986716260718613,338.0,0.9629629629629629
0.0046206153832621995,0.0229319494175801,0.00249919528398355,0.0009000000000739001,0.01328297730217525,0.00090001692366525,0.00026591101633890004,0.0002631454984931,0.00033392818126865,7.331502967708598e-05,8.548576025260417e-05,0.00029105821481259996,0.00024735873938155,0.0003512855291243,5.676888778292314e-05,0.0010449507369871,0.0005064409604892,0.0008358654805588999,0.00052051110905175,7.070207127557905e-05,9.091415319703556e-05,0.00020577500363135,0.0002983642629857,0.0002617540288247,0.0001651503821096,0.0015179245030616,0.0,0.00432719450097685,1.0,0.00102942819663545,0.6241283467800682,0.00293174722496145,1.0,5.994997453585036e-05,0.0,0.0044740343684259495,0.6132639808286222,0.0006796020422633,0.0,0.0012897750835987,1.0,0.0,0.0003065334790999,1.0,0.6126775856375599,0.0006118439679484,1.0,0.0,0.0001140642768167,1.0,0.0,4.5231767314469614e-05,1.0,0.0,0.000300342941749,1.0,1.0,0.0001730103806228,1.0,0.838949246584827,0.0001192267539485,1.0,1.0,0.0004563540475816,1.0,0.8297127294672082,0.0001009267887653,1.0,1.0,0.0002591730470281,1.0,1.0,0.0003414804871966,1.0,0.0,0.00053096647900015,1.0,1.0,0.00037577784272454996,1.0,0.0,0.000377107236627,1.0,1.0,0.0004090530981813,1.0,1.0,9.332191302040747e-05,1.0,0.01924737487351285,0.0001851516122612,1.0,0.0,0.00036563886477915,1.0,0.0,0.00031034097430555,1.0,5.856630765971187,5.688938840956959,3.821045422006969,1.0,0.00094622228737275,1.0,0.0,0.00030161454166555,1.0,0.8684375368822927,0.00046449533842345,1.0,1.0,9.732505181296526e-05,1.0,0.0,0.0008223474541493,1.0,0.0,0.00042056105139965,1.0,1.0,6.357671017481105e-05,1.0,0.0,8.95186300711204e-05,1.0,0.0,6.86473451718226e-05,1.0,1.0,0.00012451700193175,1.0,0.7370038800720702,0.00041356743116115,1.0,1.0,0.00010771609799514197,1.0,1.0,0.00043539315559245,1.0,1.0,0.00010716288376599581,1.0,0.3544612469420235,0.00013930251401575,1.0,1.0,0.00020470352168515,1.0,1.0,0.00010241458773015292,1.0,1.0,0.00012846642023805002,1.0,1.0,0.0001173863472579,1.0,1.0,0.0003941170459816,1.0,1.0,0.00059357941590055,1.0,0.0,0.0005032711660119501,1.0,0.5,9.801045077654701e-05,1.0,0.0,8.520010267173671e-05,1.0,0.0,0.00018718664858345002,1.0,1.0,0.00015282011881505,1.0,0.5,0.00011340784905625,1.0,0.5,0.000914125365021,1.0,1.0,0.0002244141612071,264690.0,0.00045046316566120005,1.0,0.0001402200700634,0.0,0.0001288436060751,1.0,0.0,1.0,0.0002685248700077,1.0,1.0,1.0,0.0,0.0001476638702497,1.0,0.0,0.0,0.0001011006002661,1.0,0.2446546621430612,1.0,0.0001636726109917,1.0,1.0,1.0,0.0003639966311122,1.0,1.0,1.0,0.00216656541831115,1.0,0.0,0.0,6.023112407805567e-05,1.0,1.0,1.0,1.0,0.0001495623858082,0.0,0.0005471915173509,1.0,0.0,0.0,0.0002409110326885,1.0,1.0,1.0,1.0,0.0004966842211455,1.0,0.0,0.0,0.0004354336168333,1.0,0.0,1.0,0.0003353753618639,1.0,0.0,0.0,0.0001813389352387,1.0,0.0,0.5,0.0008732233762285999,1.0,0.0,1.0,0.0002798930458159,1.0,1.0,0.0,1.0,0.0003246990188076,0.0,0.0001111546724558,1.0,0.0,1.0,8.588548816066386e-05,1.0,0.0,1.0,1.0,0.0001448811360149,1.0,0.0,0.0,0.0001357907762031,1.0,0.0,0.0,0.0003097107657766,1.0,0.0,1.0,0.000101745555167,1.0,1.0,1.0,0.0011244437390187999,1.0,1.0,1.0,0.0013851914448922,1.0,1.0,1.0,0.0,0.0001414197958603,1.0,0.0001351548410148,1.0,0.0,0.3434818868518289,2.677257949943856e-05,1.0,0.0,1.0,0.0001031275165441,1.0,0.0,1.0,0.0,6.54203620841598e-05,1.0,0.0065833504607211,0.0,9.717193159536516e-05,1.0,0.943826511804068,1.0,0.0003676609132862,1.0,0.0,1.0,0.0003798138096054,1.0,0.0,1.0,0.0010352132095212,1.0,0.0,1.0,8.55149140169148e-05,1.0,1.0,0.0,0.9888772663006204,0.9972960624043272,1.0,7.718368369118368,0.5179110749736605,7.949456790014526,334.0,0.0,0.0,0.0,0.0,1.0,3.8396848962174563,7.949456790014526,0.5179110749736605,3.267294454139039,338.0,0.9629629629629629
0.0046206153832621995,0.0229319494175801,0.00249919528398355,0.0009000000000739001,0.01328297730217525,0.00090001692366525,0.0255910474739171,7.124793503230805e-05,1.1507623410325444e-05,1.3131946686739007e-09,0.0017588702447995,0.0156656970128099,0.0003995811026636,6.479012288771301e-09,0.0034745706325998,0.0010449507369871,0.0005064409604892,0.0008358654805588999,0.00052051110905175,7.070207127557905e-05,9.091415319703556e-05,0.00020577500363135,0.0002983642629857,0.0002617540288247,0.0001651503821096,0.0328198732559618,0.0,0.00432719450097685,1.0,0.00102942819663545,0.6241283467800682,0.00293174722496145,1.0,5.994997453585036e-05,0.0,0.0044740343684259495,0.6132639808286222,0.0006796020422633,0.0,0.0012897750835987,1.0,0.0,0.0003065334790999,1.0,0.6126775856375599,0.0006118439679484,1.0,0.0,0.0001140642768167,1.0,0.0,4.5231767314469614e-05,1.0,0.0,0.000300342941749,1.0,1.0,0.0001730103806228,1.0,0.838949246584827,0.0001192267539485,1.0,1.0,0.0004563540475816,1.0,0.8297127294672082,0.0001009267887653,1.0,1.0,0.0002591730470281,1.0,1.0,0.0003414804871966,1.0,0.0,0.00053096647900015,1.0,1.0,0.00037577784272454996,1.0,0.0,0.000377107236627,1.0,1.0,0.0004090530981813,1.0,1.0,9.332191302040747e-05,1.0,0.01924737487351285,0.0001851516122612,1.0,0.0,0.00036563886477915,1.0,0.0,0.00031034097430555,1.0,5.098156864055671,1.870480246453231,4.052364119512848,1.0,0.00094622228737275,1.0,0.0,0.00030161454166555,1.0,0.8684375368822927,0.00046449533842345,1.0,1.0,9.732505181296526e-05,1.0,0.0,0.0008223474541493,1.0,0.0,0.00042056105139965,1.0,1.0,6.357671017481105e-05,1.0,0.0,8.95186300711204e-05,1.0,0.0,6.86473451718226e-05,1.0,1.0,0.00012451700193175,1.0,0.7370038800720702,0.00041356743116115,1.0,1.0,0.00010771609799514197,1.0,1.0,0.00043539315559245,1.0,1.0,0.00010716288376599581,1.0,0.3544612469420235,0.00013930251401575,1.0,1.0,0.00020470352168515,1.0,1.0,0.00010241458773015292,1.0,1.0,0.00012846642023805002,1.0,1.0,0.0001173863472579,1.0,1.0,0.0003941170459816,1.0,1.0,0.00059357941590055,1.0,0.0,0.0005032711660119501,1.0,0.5,9.801045077654701e-05,1.0,0.0,8.520010267173671e-05,1.0,0.0,0.00018718664858345002,1.0,1.0,0.00015282011881505,1.0,0.5,0.00011340784905625,1.0,0.5,0.000914125365021,1.0,1.0,0.0002244141612071,264690.0,0.0086815215697754,1.0,0.0001402200700634,0.0,0.0001288436060751,1.0,0.0,1.0,0.0002685248700077,1.0,1.0,1.0,0.0,0.0001476638702497,1.0,0.0,0.0,0.0001011006002661,1.0,0.2446546621430612,1.0,0.0001636726109917,1.0,1.0,1.0,0.0003639966311122,1.0,1.0,1.0,0.00216656541831115,1.0,0.0,0.0,6.023112407805567e-05,1.0,1.0,1.0,1.0,0.0001495623858082,0.0,0.0005471915173509,1.0,0.0,0.0,0.0002409110326885,1.0,1.0,1.0,1.0,0.0004966842211455,1.0,0.0,0.0,0.0004354336168333,1.0,0.0,1.0,0.0003353753618639,1.0,0.0,0.0,0.0001813389352387,1.0,0.0,0.5,0.0008732233762285999,1.0,0.0,1.0,0.0002798930458159,1.0,1.0,0.0,1.0,0.0003246990188076,0.0,0.0001111546724558,1.0,0.0,1.0,8.588548816066386e-05,1.0,0.0,1.0,1.0,0.0001448811360149,1.0,0.0,0.0,0.0001357907762031,1.0,0.0,0.0,0.0003097107657766,1.0,0.0,1.0,0.000101745555167,1.0,1.0,1.0,0.0011244437390187999,1.0,1.0,1.0,0.0013851914448922,1.0,1.0,1.0,1.0,6.03850382692728e-07,0.0,0.0209760833172112,1.0,0.0,1.0,1.7206708607334008e-08,1.0,0.0,0.0,1.6230556614719663e-09,1.0,1.0,1.0,1.0,3.0682781863769516e-21,1.0,0.0,0.0,0.0001428726117672,1.0,0.0,0.0,0.008418952472119,1.0,0.0,0.0,0.0141714007812066,1.0,0.0,0.0,0.0220299883435503,0.0,0.0,1.0,6.386033046952889e-09,1.0,0.0,0.0,0.9900150686746374,1.0,1.0,4.681146845881118,0.6877402421828319,8.83207630774737,283.0,0.2775336049261806,1.0,0.0,0.4488874070190102,0.0,3.134664410500856,8.83207630774737,0.6877402421828319,2.7579043265982417,285.0,0.811965811965812
0.0046206153832621995,0.0229319494175801,0.00249919528398355,0.0009000000000739001,0.01328297730217525,0.00090001692366525,0.0001526733730448,5.969630121288256e-15,2.013301577688652e-05,0.0119393670671224,2.2812373080996653e-05,0.0276218669564926,0.0001665315424449,0.0001192500010391,0.000524354225168,5.917635085347951e-05,5.964184995861307e-17,0.0002822450366717,5.0877768875242805e-05,2.4609991237050762e-12,0.0074199964697629,2.8391137612797748e-15,0.0001323000000005,2.1421380962232274e-07,4.458804239765057e-07,0.0001700493866608,0.0,0.00432719450097685,1.0,0.00102942819663545,0.6241283467800682,0.00293174722496145,1.0,5.994997453585036e-05,0.0,0.0044740343684259495,0.6132639808286222,0.0006796020422633,0.0,1.2954967159018302e-16,1.0,1.0,0.0011091424896623,1.0,0.0,2.1176816377140288e-11,1.0,0.0,1.3253683381281845e-10,1.0,0.0,0.0039941404180546,1.0,0.0,0.0002581545720279,1.0,0.0,0.0001637030779028,1.0,0.0,0.0001767413749321,1.0,1.0,6.446068780893156e-05,1.0,1.0,0.0003702473060093,1.0,1.0,2.080882695277665e-05,1.0,1.0,0.0002023290103893,1.0,1.0,0.0005280288286653,1.0,0.0,0.000903975234294,1.0,1.0,5.5236355515898944e-05,1.0,0.7376993294012901,7.8870219458513e-09,0.0,0.0,0.0001999225691165,1.0,0.0,0.0001521728977466,1.0,0.0,0.0223811378964039,1.0,0.0,0.0829994551078358,0.0,6.111400950426162,5.089190999007868,3.9129056990987183,1.0,0.000154518809495,1.0,0.0,0.000145085152373,1.0,1.0,4.712462890467786e-06,1.0,0.0,3.68083827492373e-05,1.0,0.0,0.0001748188111993,1.0,0.0,0.0004129931319475,1.0,0.0,1.3031753663450954e-05,1.0,1.0,0.0001736254294992,1.0,0.0,2.1879001123650823e-05,1.0,1.0,1.0365692373987783e-05,1.0,0.0,9.244487700932546e-05,1.0,1.0,0.0037420726935355,1.0,1.0,9.648247925887528e-05,1.0,1.0,3.069901357299654e-05,1.0,1.0,1.7976073482962918e-07,1.0,0.0,0.031266385351167,1.0,1.0,0.0003846600098183,1.0,1.0,0.000303254310881,1.0,0.0,3.069900000000002e-05,1.0,1.0,0.0024223825244742,1.0,0.0,0.0004560969938023,1.0,1.0,0.0112413843190005,1.0,0.0,1.4637712232359094e-05,1.0,0.3966027637984963,0.0001349981397715,1.0,0.0,0.0014570161562564,1.0,0.0,0.0003291077084895,1.0,1.0,0.0002100601052704,1.0,0.0,0.0349140165377702,1.0,1.0,0.08004852938406698,264690.0,0.0004554224042259,1.0,4.936374000035958e-05,0.0,0.0531679865954251,1.0,1.0,0.0,0.0026824481634302,1.0,0.0,1.0,1.0,1.1491269970278456e-16,1.0,0.0,1.0,9.120887415223039e-08,1.0,1.0,1.0,1.5365054571983715e-11,1.0,1.0,1.0,0.000126890398946,1.0,0.0,0.0,0.0075203271997839,1.0,1.0,0.0,4.092550155072206e-06,1.0,0.0,1.0,0.0,8.364890764430601e-05,1.0,0.001486871049933,1.0,0.0,1.0,0.010256144584934,1.0,0.0,1.0,1.0,0.0704267923371213,1.0,0.0,1.0,5.088195169568089e-05,1.0,0.0,0.0,0.0008554722799055,1.0,0.5625090407365738,1.0,0.0111414962698046,1.0,1.0,1.0,0.0002484665435048,1.0,0.0,0.0,8.949063569265333e-08,1.0,1.0,1.0,0.0,7.353856253603186e-05,0.0,9.834203367465467e-08,1.0,0.0,1.0,0.0261997839248766,1.0,0.0,1.0,0.0,0.005600408561612,1.0,1.0,0.0,0.0319982805540764,1.0,0.0,0.0,7.520729288196682e-06,1.0,0.0,1.0,0.0665476757072586,1.0,1.0,0.0,0.0001608768078139,1.0,1.0,1.0,0.0023173376743615,1.0,0.0,0.0,1.0,0.0001255023768798,1.0,2.5341720289646378e-12,1.0,1.0,0.0,0.0027666780802742,1.0,0.0,1.0,0.009288803638489,1.0,0.0,1.0,1.0,0.0096998976754831,1.0,0.0,0.0,0.0006635827176013,1.0,0.662667493938864,0.0,6.87278618318063e-05,1.0,1.0,0.0,0.0001797532131582,1.0,0.0,1.0,0.001834087624696,1.0,0.0,1.0,3.755942036939875e-11,1.0,0.0,0.0,1.0,0.99523724040212,1.0,5.070612258759294,0.5661717449515089,8.507553487013528,18.0,838.069642090217,264690.0,0.0,14889.950829749301,0.0,3.5836747088510226,8.507553487013528,0.5661717449515089,2.836723912899049,19.0,0.05413105413105413
0.0046206153832621995,0.0229319494175801,0.00249919528398355,0.0009000000000739001,0.01328297730217525,0.00090001692366525,0.00026591101633890004,0.0002631454984931,0.00033392818126865,7.331502967708598e-05,8.548576025260417e-05,0.00029105821481259996,0.00024735873938155,0.0003512855291243,5.676888778292314e-05,0.0010449507369871,0.0005064409604892,0.0008358654805588999,0.00052051110905175,7.070207127557905e-05,9.091415319703556e-05,0.00020577500363135,0.0002983642629857,0.0002617540288247,0.0001651503821096,0.0015179245030616,0.0,0.00432719450097685,1.0,0.00102942819663545,0.6241283467800682,0.00293174722496145,1.0,5.994997453585036e-05,0.0,0.0044740343684259495,0.6132639808286222,0.0006796020422633,0.0,0.0012897750835987,1.0,0.0,0.0003065334790999,1.0,0.6126775856375599,0.0006118439679484,1.0,0.0,0.0001140642768167,1.0,0.0,4.5231767314469614e-05,1.0,0.0,0.000300342941749,1.0,1.0,0.0001730103806228,1.0,0.838949246584827,0.0001192267539485,1.0,1.0,0.0004563540475816,1.0,0.8297127294672082,0.0001009267887653,1.0,1.0,0.0002591730470281,1.0,1.0,0.0003414804871966,1.0,0.0,0.00053096647900015,1.0,1.0,0.00037577784272454996,1.0,0.0,0.000377107236627,1.0,1.0,0.0004090530981813,1.0,1.0,9.332191302040747e-05,1.0,0.01924737487351285,0.0001851516122612,1.0,0.0,0.00036563886477915,1.0,0.0,0.00031034097430555,1.0,5.35435141844272,5.181640615338484,3.821045422006969,1.0,0.00094622228737275,1.0,0.0,0.00030161454166555,1.0,0.8684375368822927,0.00046449533842345,1.0,1.0,9.732505181296526e-05,1.0,0.0,0.0008223474541493,1.0,0.0,0.00042056105139965,1.0,1.0,6.357671017481105e-05,1.0,0.0,8.95186300711204e-05,1.0,0.0,6.86473451718226e-05,1.0,1.0,0.00012451700193175,1.0,0.7370038800720702,0.00041356743116115,1.0,1.0,0.00010771609799514197,1.0,1.0,0.00043539315559245,1.0,1.0,0.00010716288376599581,1.0,0.3544612469420235,0.00013930251401575,1.0,1.0,0.00020470352168515,1.0,1.0,0.00010241458773015292,1.0,1.0,0.00012846642023805002,1.0,1.0,0.0001173863472579,1.0,1.0,0.0003941170459816,1.0,1.0,0.00059357941590055,1.0,0.0,0.0005032711660119501,1.0,0.5,9.801045077654701e-05,1.0,0.0,8.520010267173671e-05,1.0,0.0,0.00018718664858345002,1.0,1.0,0.00015282011881505,1.0,0.5,0.00011340784905625,1.0,0.5,0.000914125365021,1.0,1.0,0.0002244141612071,264690.0,0.00045046316566120005,1.0,0.0001402200700634,0.0,0.0001288436060751,1.0,0.0,1.0,0.0002685248700077,1.0,1.0,1.0,0.0,0.0001476638702497,1.0,0.0,0.0,0.0001011006002661,1.0,0.2446546621430612,1.0,0.0001636726109917,1.0,1.0,1.0,0.0003639966311122,1.0,1.0,1.0,0.00216656541831115,1.0,0.0,0.0,6.023112407805567e-05,1.0,1.0,1.0,1.0,0.0001495623858082,0.0,0.0005471915173509,1.0,0.0,0.0,0.0002409110326885,1.0,1.0,1.0,1.0,0.0004966842211455,1.0,0.0,0.0,0.0004354336168333,1.0,0.0,1.0,0.0003353753618639,1.0,0.0,0.0,0.0001813389352387,1.0,0.0,0.5,0.0008732233762285999,1.0,0.0,1.0,0.0002798930458159,1.0,1.0,0.0,1.0,0.0003246990188076,0.0,0.0001111546724558,1.0,0.0,1.0,8.588548816066386e-05,1.0,0.0,1.0,1.0,0.0001448811360149,1.0,0.0,0.0,0.0001357907762031,1.0,0.0,0.0,0.0003097107657766,1.0,0.0,1.0,0.000101745555167,1.0,1.0,1.0,0.0011244437390187999,1.0,1.0,1.0,0.0013851914448922,1.0,1.0,1.0,0.0,0.0001414197958603,1.0,0.0001351548410148,1.0,0.0,0.3434818868518289,2.677257949943856e-05,1.0,0.0,1.0,0.0001031275165441,1.0,0.0,1.0,0.0,6.54203620841598e-05,1.0,0.0065833504607211,0.0,9.717193159536516e-05,1.0,0.943826511804068,1.0,0.0003676609132862,1.0,0.0,1.0,0.0003798138096054,1.0,0.0,1.0,0.0010352132095212,1.0,0.0,1.0,8.55149140169148e-05,1.0,1.0,0.0,0.9907116879180674,0.9648709330357024,0.9931657007350316,7.091821317140311,0.6298482557224918,7.778360777917396,334.0,0.0,0.0,0.0,0.0,9.0,0.0,0.0,0.0,0.0,351.0,1.0
0.0046206153832621995,0.0229319494175801,0.00249919528398355,0.0009000000000739001,0.01328297730217525,0.00090001692366525,0.0072181860923148,0.0709196345944703,1.2902779963485486e-10,8.564715621172543e-14,0.0216318077262108,7.144840063367839e-12,4.61451091020972e-05,2.8466571041072545e-10,0.0120357645572331,0.0010449507369871,0.0005064409604892,0.0008358654805588999,0.00052051110905175,7.070207127557905e-05,9.091415319703556e-05,0.00020577500363135,0.0002983642629857,0.0002617540288247,0.0001651503821096,0.0761736922452224,0.0,0.00432719450097685,1.0,0.00102942819663545,0.6241283467800682,0.00293174722496145,1.0,5.994997453585036e-05,0.0,0.0044740343684259495,0.6132639808286222,0.0006796020422633,1.0,0.0006085880820018,1.0,0.0,0.0039149026920201,1.0,1.0,0.0013290681867075,1.0,1.0,0.0027094569953104,1.0,0.0,2.257657094564352e-06,0.0,0.0,8.329360240934349e-06,1.0,1.0,0.0231964215985608,1.0,1.0,0.0095012954900081,1.0,1.0,1.11782856579993e-07,1.0,0.0,0.0169750024205257,1.0,1.0,0.0405024596895484,1.0,1.0,0.0001502126075887,1.0,0.0,8.34180024012853e-06,1.0,0.0,1.8788968088010983e-06,1.0,0.0,3.5300112149785324e-08,0.0,1.0,1.913669395473299e-11,0.0,0.0,2.880693864207611e-10,1.0,1.0,7.816859733552944e-07,1.0,0.0,3.2381883154928475e-05,1.0,1.0,0.0196750890064333,1.0,5.051711776175097,5.284395525390346,3.7894483019213294,1.0,7.900491874404915e-05,1.0,1.0,0.0003433169579445,1.0,0.0,0.005299669884865,1.0,1.0,2.3836468155691697e-06,1.0,1.0,6.258576735057646e-05,1.0,1.0,2.418178012503373e-13,1.0,1.0,0.0386943334828875,1.0,0.0,1.304612879163183e-06,1.0,0.0,2.555585831595229e-05,1.0,0.0,0.0020675238817466,1.0,1.0,0.0207436749459239,1.0,1.0,1.2907780284787188e-06,1.0,1.0,6.909933158295176e-06,1.0,0.0,3.8108522833994275e-09,1.0,0.0,3.109010846723353e-06,1.0,0.0,6.577916518822609e-06,1.0,1.0,1.0608910472533096e-05,1.0,0.0,0.0002977535463892,1.0,0.0,0.0012285544520698,1.0,1.0,1.0924066413335215e-10,1.0,0.0,1.349303046191677e-15,1.0,1.0,0.0492771110414515,1.0,0.0,0.0001378811049111,1.0,0.0,9.136316152592068e-15,1.0,1.0,1.3526220979484793e-17,1.0,1.0,3.4125894381618485e-05,1.0,1.0,0.0111906389364044,1.0,0.0,0.0009900853638625,1.0,1.0,0.0002244141612071,264690.0,0.001319424979139,1.0,6.237847939434749e-11,1.0,0.0011683100356652,1.0,1.0,1.0,0.06518487436080275,1.0,1.0,1.0,1.0,3.780913642181754e-07,1.0,0.0,0.0,0.05661367954458,1.0,1.0,1.0,4.420249937380127e-09,1.0,0.0,0.0,0.0165534033545056,1.0,1.0,1.0,0.00216656541831115,1.0,0.0,0.0,8.040279075435047e-05,1.0,0.0,1.0,1.0,0.0031166358374924,1.0,3.0012134153773767e-12,1.0,0.0,1.0,6.130458190379574e-07,1.0,1.0,1.0,0.0,1.498221054800357e-06,1.0,0.0,1.0,0.0006632333536484,1.0,1.0,0.0,7.488034976316485e-11,1.0,1.0,0.0,0.0291986103801444,1.0,1.0,0.0,0.0006453024867249,1.0,0.0,1.0,0.0002798930458159,1.0,1.0,0.0,1.0,4.602551789954112e-05,0.4830281367417025,0.0348303828464674,1.0,1.0,0.0,0.0001126114812756,1.0,0.0,1.0,0.0,6.51384805062663e-05,1.0,0.0,1.0,9.49643093243611e-06,1.0,1.0,0.0,7.273435316886793e-08,1.0,0.0,1.0,5.0841663764315725e-05,1.0,1.0,0.0,0.0003329738192821,1.0,0.0,0.0,0.0146783742060953,1.0,0.0,0.0,0.0,0.09682817379314049,0.0,3.306745835222866e-19,1.0,0.0,0.0,2.909115956161726e-05,1.0,0.9374304832457204,0.0,0.0016221919420035,1.0,0.0,1.0,0.0,1.5340075754952726e-06,1.0,1.0,0.0,7.596657774939622e-06,1.0,1.0,0.0,0.0924155779443527,1.0,0.0,0.0,0.0002109150313894,1.0,0.0,1.0,0.0117221823020993,1.0,0.0,0.0,5.616864765192042e-13,1.0,1.0,0.0,1.0,0.9766446391198392,0.9971387246193958,9.77310390417906,0.6456180605761099,11.551148406054688,35.0,0.4658510677582176,1.0,0.0,0.49586110622128543,0.0,4.341023259781762,11.551148406054688,0.6456180605761099,4.03905515531678,36.0,0.10256410256410256
0.0046206153832621995,0.0229319494175801,0.00249919528398355,0.0009000000000739001,0.01328297730217525,0.00090001692366525,0.00026591101633890004,0.0002631454984931,0.00033392818126865,7.331502967708598e-05,8.548576025260417e-05,0.00029105821481259996,0.00024735873938155,0.0003512855291243,5.676888778292314e-05,0.0010449507369871,0.0005064409604892,0.0008358654805588999,0.00052051110905175,7.070207127557905e-05,9.091415319703556e-05,0.00020577500363135,0.0002983642629857,0.0002617540288247,0.0001651503821096,0.0015179245030616,0.0,0.00432719450097685,1.0,0.00102942819663545,0.6241283467800682,0.00293174722496145,1.0,5.994997453585036e-05,0.0,0.0044740343684259495,0.6132639808286222,0.0006796020422633,0.0,0.0012897750835987,1.0,0.0,0.0003065334790999,1.0,0.6126775856375599,0.0006118439679484,1.0,0.0,0.0001140642768167,1.0,0.0,4.5231767314469614e-05,1.0,0.0,0.000300342941749,1.0,1.0,0.0001730103806228,1.0,0.838949246584827,0.0001192267539485,1.0,1.0,0.0004563540475816,1.0,0.8297127294672082,0.0001009267887653,1.0,1.0,0.0002591730470281,1.0,1.0,0.0003414804871966,1.0,0.0,0.00053096647900015,1.0,1.0,0.00037577784272454996,1.0,0.0,0.000377107236627,1.0,1.0,0.0004090530981813,1.0,1.0,9.332191302040747e-05,1.0,0.01924737487351285,0.0001851516122612,1.0,0.0,0.00036563886477915,1.0,0.0,0.00031034097430555,1.0,5.220118874217213,3.483101946186276,1.3396449947718,1.0,0.00094622228737275,1.0,0.0,0.00030161454166555,1.0,0.8684375368822927,0.00046449533842345,1.0,1.0,9.732505181296526e-05,1.0,0.0,0.0008223474541493,1.0,0.0,0.00042056105139965,1.0,1.0,6.357671017481105e-05,1.0,0.0,8.95186300711204e-05,1.0,0.0,6.86473451718226e-05,1.0,1.0,0.00012451700193175,1.0,0.7370038800720702,0.00041356743116115,1.0,1.0,0.00010771609799514197,1.0,1.0,0.00043539315559245,1.0,1.0,0.00010716288376599581,1.0,0.3544612469420235,0.00013930251401575,1.0,1.0,0.00020470352168515,1.0,1.0,0.00010241458773015292,1.0,1.0,0.00012846642023805002,1.0,1.0,0.0001173863472579,1.0,1.0,0.0003941170459816,1.0,1.0,0.00059357941590055,1.0,0.0,0.0005032711660119501,1.0,0.5,9.801045077654701e-05,1.0,0.0,8.520010267173671e-05,1.0,0.0,0.00018718664858345002,1.0,1.0,0.00015282011881505,1.0,0.5,0.00011340784905625,1.0,0.5,0.000914125365021,1.0,1.0,0.0002244141612071,264690.0,0.00045046316566120005,1.0,0.0001402200700634,0.0,0.0001288436060751,1.0,0.0,1.0,0.0002685248700077,1.0,1.0,1.0,0.0,0.0001476638702497,1.0,0.0,0.0,0.0001011006002661,1.0,0.2446546621430612,1.0,0.0001636726109917,1.0,1.0,1.0,0.0003639966311122,1.0,1.0,1.0,0.00216656541831115,1.0,0.0,0.0,6.023112407805567e-05,1.0,1.0,1.0,1.0,0.0001495623858082,0.0,0.0005471915173509,1.0,0.0,0.0,0.0002409110326885,1.0,1.0,1.0,1.0,0.0004966842211455,1.0,0.0,0.0,0.0004354336168333,1.0,0.0,1.0,0.0003353753618639,1.0,0.0,0.0,0.0001813389352387,1.0,0.0,0.5,0.0008732233762285999,1.0,0.0,1.0,0.0002798930458159,1.0,1.0,0.0,1.0,0.0003246990188076,0.0,0.0001111546724558,1.0,0.0,1.0,8.588548816066386e-05,1.0,0.0,1.0,1.0,0.0001448811360149,1.0,0.0,0.0,0.0001357907762031,1.0,0.0,0.0,0.0003097107657766,1.0,0.0,1.0,0.000101745555167,1.0,1.0,1.0,0.0011244437390187999,1.0,1.0,1.0,0.0013851914448922,1.0,1.0,1.0,0.0,0.0001414197958603,1.0,0.0001351548410148,1.0,0.0,0.3434818868518289,2.677257949943856e-05,1.0,0.0,1.0,0.0001031275165441,1.0,0.0,1.0,0.0,6.54203620841598e-05,1.0,0.0065833504607211,0.0,9.717193159536516e-05,1.0,0.943826511804068,1.0,0.0003676609132862,1.0,0.0,1.0,0.0003798138096054,1.0,0.0,1.0,0.0010352132095212,1.0,0.0,1.0,8.55149140169148e-05,1.0,1.0,0.0,1.0,0.2092668196990106,0.9445711086209172,4.149040478172319,-0.1849742577386011,7.778360777917396,334.0,0.0,0.0,0.0,0.0,1.0,2.020096245491117,5.220118874217213,-0.1849742577386011,1.9897859812671421,338.0,0.9629629629629629
0.0046206153832621995,0.0229319494175801,0.00249919528398355,0.0009000000000739001,0.01328297730217525,0.00090001692366525,0.00026591101633890004,0.0002631454984931,0.00033392818126865,7.331502967708598e-05,8.548576025260417e-05,0.00029105821481259996,0.00024735873938155,0.0003512855291243,5.676888778292314e-05,0.0010449507369871,0.0005064409604892,0.0008358654805588999,0.00052051110905175,7.070207127557905e-05,9.091415319703556e-05,0.00020577500363135,0.0002983642629857,0.0002617540288247,0.0001651503821096,0.0015179245030616,0.0,0.00432719450097685,1.0,0.00102942819663545,0.6241283467800682,0.00293174722496145,1.0,5.994997453585036e-05,0.0,0.0044740343684259495,0.6132639808286222,0.0006796020422633,0.0,0.0012897750835987,1.0,0.0,0.0003065334790999,1.0,0.6126775856375599,0.0006118439679484,1.0,0.0,0.0001140642768167,1.0,0.0,4.5231767314469614e-05,1.0,0.0,0.000300342941749,1.0,1.0,0.0001730103806228,1.0,0.838949246584827,0.0001192267539485,1.0,1.0,0.0004563540475816,1.0,0.8297127294672082,0.0001009267887653,1.0,1.0,0.0002591730470281,1.0,1.0,0.0003414804871966,1.0,0.0,0.00053096647900015,1.0,1.0,0.00037577784272454996,1.0,0.0,0.000377107236627,1.0,1.0,0.0004090530981813,1.0,1.0,9.332191302040747e-05,1.0,0.01924737487351285,0.0001851516122612,1.0,0.0,0.00036563886477915,1.0,0.0,0.00031034097430555,1.0,5.35435141844272,5.181640615338484,3.821045422006969,1.0,0.00094622228737275,1.0,0.0,0.00030161454166555,1.0,0.8684375368822927,0.00046449533842345,1.0,1.0,9.732505181296526e-05,1.0,0.0,0.0008223474541493,1.0,0.0,0.00042056105139965,1.0,1.0,6.357671017481105e-05,1.0,0.0,8.95186300711204e-05,1.0,0.0,6.86473451718226e-05,1.0,1.0,0.00012451700193175,1.0,0.7370038800720702,0.00041356743116115,1.0,1.0,0.00010771609799514197,1.0,1.0,0.00043539315559245,1.0,1.0,0.00010716288376599581,1.0,0.3544612469420235,0.00013930251401575,1.0,1.0,0.00020470352168515,1.0,1.0,0.00010241458773015292,1.0,1.0,0.00012846642023805002,1.0,1.0,0.0001173863472579,1.0,1.0,0.0003941170459816,1.0,1.0,0.00059357941590055,1.0,0.0,0.0005032711660119501,1.0,0.5,9.801045077654701e-05,1.0,0.0,8.520010267173671e-05,1.0,0.0,0.00018718664858345002,1.0,1.0,0.00015282011881505,1.0,0.5,0.00011340784905625,1.0,0.5,0.000914125365021,1.0,1.0,0.0002244141612071,264690.0,0.00045046316566120005,1.0,0.0001402200700634,0.0,0.0001288436060751,1.0,0.0,1.0,0.0002685248700077,1.0,1.0,1.0,0.0,0.0001476638702497,1.0,0.0,0.0,0.0001011006002661,1.0,0.2446546621430612,1.0,0.0001636726109917,1.0,1.0,1.0,0.0003639966311122,1.0,1.0,1.0,0.00216656541831115,1.0,0.0,0.0,6.023112407805567e-05,1.0,1.0,1.0,1.0,0.0001495623858082,0.0,0.0005471915173509,1.0,0.0,0.0,0.0002409110326885,1.0,1.0,1.0,1.0,0.0004966842211455,1.0,0.0,0.0,0.0004354336168333,1.0,0.0,1.0,0.0003353753618639,1.0,0.0,0.0,0.0001813389352387,1.0,0.0,0.5,0.0008732233762285999,1.0,0.0,1.0,0.0002798930458159,1.0,1.0,0.0,1.0,0.0003246990188076,0.0,0.0001111546724558,1.0,0.0,1.0,8.588548816066386e-05,1.0,0.0,1.0,1.0,0.0001448811360149,1.0,0.0,0.0,0.0001357907762031,1.0,0.0,0.0,0.0003097107657766,1.0,0.0,1.0,0.000101745555167,1.0,1.0,1.0,0.0011244437390187999,1.0,1.0,1.0,0.0013851914448922,1.0,1.0,1.0,0.0,0.0001414197958603,1.0,0.0001351548410148,1.0,0.0,0.3434818868518289,2.677257949943856e-05,1.0,0.0,1.0,0.0001031275165441,1.0,0.0,1.0,0.0,6.54203620841598e-05,1.0,0.0065833504607211,0.0,9.717193159536516e-05,1.0,0.943826511804068,1.0,0.0003676609132862,1.0,0.0,1.0,0.0003798138096054,1.0,0.0,1.0,0.0010352132095212,1.0,0.0,1.0,8.55149140169148e-05,1.0,1.0,0.0,0.9907116879180674,0.9648709330357024,0.9931657007350316,7.091821317140311,0.6298482557224918,7.778360777917396,334.0,0.0,0.0,0.0,0.0,9.0,0.0,0.0,0.0,0.0,351.0,1.0
0.0046206153832621995,0.0229319494175801,0.00249919528398355,0.0009000000000739001,0.01328297730217525,0.00090001692366525,0.00026591101633890004,0.0002631454984931,0.00033392818126865,7.331502967708598e-05,8.548576025260417e-05,0.00029105821481259996,0.00024735873938155,0.0003512855291243,5.676888778292314e-05,5.72270064731428e-05,9.95447351264754e-05,0.0036180071939871,7.757229827259433e-10,0.096710326707908,2.6972567080378656e-08,4.027345987213418e-07,0.0001508839274049,0.0008677018256143,1.3642149248255426e-18,0.0097773412928523,0.0,0.00432719450097685,1.0,0.00102942819663545,0.6241283467800682,0.00293174722496145,1.0,5.994997453585036e-05,0.0,0.0044740343684259495,0.6132639808286222,0.0006796020422633,0.0,0.0300198072742453,1.0,1.0,3.0015540836528827e-08,1.0,1.0,0.0196152866767324,1.0,0.0,2.6398646663936552e-08,1.0,0.0,0.0045819260339789,1.0,0.0,0.0079596823342453,1.0,1.0,2.044045678820403e-05,1.0,0.0,8.84047120988014e-06,1.0,1.0,0.0015335840790931,1.0,0.8297127294672082,0.0001144729379996,0.0,1.0,0.0013075651539537,1.0,1.0,4.04320712635035e-05,1.0,0.0,6.104660149954692e-09,0.0,1.0,5.50170000149482e-06,1.0,0.0,1.1121134916681437e-12,0.0,1.0,5.471250486029852e-11,1.0,0.0,1.1396936675363885e-05,1.0,1.0,0.0012661363770013,1.0,1.0,1.0512002618148208e-05,1.0,1.0,0.0002745310629462,0.0,5.343333797919101,5.488774472815759,4.683504634740135,1.0,0.0011899778554456,1.0,0.0,5.47470004569798e-07,1.0,1.0,0.0092369604925397,1.0,0.0,0.0112906033334069,1.0,0.0,8.390486985175231e-07,1.0,1.0,1.3833274371924805e-06,1.0,1.0,1.517991191685254e-06,1.0,0.0,7.136100000013177e-07,1.0,0.0,2.6780435951962104e-10,1.0,1.0,0.0139924484523051,1.0,1.0,0.0172791124594982,1.0,1.0,0.0010333627884335,1.0,0.0,0.0005584664185168,1.0,1.0,1.0254879650928985e-11,1.0,1.0,0.0076537241907535,1.0,1.0,0.0234774768216456,1.0,1.0,1.3706282185841752e-07,1.0,0.0,7.279880784550229e-14,1.0,0.0,0.0021773352207902,1.0,1.0,0.0012518256825697,1.0,1.0,9.331287688045184e-06,1.0,0.0,0.0166933136681141,1.0,0.0,2.0932259494514122e-08,1.0,1.0,0.0006721853754398,1.0,0.0,0.0016876225917727,1.0,1.0,2.1943402819303408e-10,1.0,1.0,0.0036845459116571,1.0,1.0,3.650440837469546e-05,1.0,1.0,3.6568142551097073e-06,264690.0,1.4922931814634253e-05,1.0,0.0001402200700634,0.0,0.0001288436060751,1.0,0.0,1.0,0.0002685248700077,1.0,1.0,1.0,0.0,0.0001476638702497,1.0,0.0,0.0,0.0001011006002661,1.0,0.2446546621430612,1.0,0.0001636726109917,1.0,1.0,1.0,0.0003639966311122,1.0,1.0,1.0,0.00216656541831115,1.0,0.0,0.0,6.023112407805567e-05,1.0,1.0,1.0,1.0,0.0001495623858082,0.0,0.0005471915173509,1.0,0.0,0.0,0.0002409110326885,1.0,1.0,1.0,1.0,0.0004966842211455,1.0,0.0,0.0,0.0004354336168333,1.0,0.0,1.0,0.0003353753618639,1.0,0.0,0.0,0.0001813389352387,1.0,0.0,0.5,0.0008732233762285999,1.0,0.0,1.0,0.0002798930458159,1.0,1.0,0.0,1.0,0.0003246990188076,0.0,0.0001111546724558,1.0,0.0,1.0,8.588548816066386e-05,1.0,0.0,1.0,1.0,0.0001448811360149,1.0,0.0,0.0,0.0001357907762031,1.0,0.0,0.0,0.0003097107657766,1.0,0.0,1.0,0.000101745555167,1.0,1.0,1.0,0.0011244437390187999,1.0,1.0,1.0,0.0013851914448922,1.0,1.0,1.0,1.0,1.1273936918627262e-06,1.0,9.44551486504574e-09,1.0,1.0,1.0,0.0002059820770828,1.0,1.0,0.0,5.3913745296651165e-06,1.0,1.0,1.0,1.0,3.187814515544493e-07,1.0,0.0,1.0,1.4146473569788057e-06,1.0,0.0,0.0,2.3013086288485287e-05,1.0,0.0,1.0,0.0264683916753078,1.0,0.0,0.0,0.0002868967188498,1.0,0.0,1.0,5.088745648559238e-05,1.0,0.0,1.0,0.984700064302706,0.9893694631498496,1.0,4.872523692386694,0.7158532338282975,7.383481567007772,135.0,1330.5786269162816,264690.0,0.0,18763.34255743873,0.0,3.495726769572257,7.383481567007772,0.7158532338282975,2.5580838852635583,136.0,0.38746438746438744
0.0046206153832621995,0.0229319494175801,0.00249919528398355,0.0009000000000739001,0.01328297730217525,0.00090001692366525,2.589297857669245e-06,1.5670434776445678e-11,0.0661057171149758,8.524704364629427e-05,0.0102282384771995,4.768428454875176e-05,3.556345999094197e-06,3.27388957259118e-07,5.81834027618646e-06,0.0010449507369871,0.0005064409604892,0.0008358654805588999,0.00052051110905175,7.070207127557905e-05,9.091415319703556e-05,0.00020577500363135,0.0002983642629857,0.0002617540288247,0.0001651503821096,8.049601340445562e-05,0.0,0.00432719450097685,1.0,0.00102942819663545,0.6241283467800682,0.00293174722496145,1.0,5.994997453585036e-05,0.0,0.0044740343684259495,0.6132639808286222,0.0006796020422633,0.0,0.0646446820519089,1.0,0.0,1.0120649861253967e-06,1.0,1.0,0.0027100803526322,1.0,0.0,3.357204367620416e-05,1.0,0.0,0.0136662135696985,0.0,0.0,0.0001133789935132,1.0,1.0,0.0001212290982024,1.0,1.0,0.0190266636197736,1.0,0.0,0.0362167478607039,1.0,1.0,1.7613652980854313e-07,1.0,0.0,0.0110259323473298,1.0,0.0,1.7100026983292126e-08,1.0,1.0,1.057503561083376e-05,1.0,1.0,0.0609985851519512,1.0,1.0,0.0022501120803654,1.0,0.0,0.0093568838967237,0.0,1.0,2.0010643356694887e-05,0.0,1.0,1.8664095147873453e-05,0.0,0.0,8.356478029293948e-05,1.0,1.0,0.0005568997985872,0.0,6.091670146010867,-0.895781423569554,-2.3229624595962903,1.0,1.0730764782762494e-06,1.0,0.0,0.0060089317066488,1.0,1.0,0.0039583706663643,1.0,1.0,0.0003075689564466,1.0,0.0,0.0055417607116941,1.0,0.0,0.0879165236903719,1.0,0.0,0.0154517484876994,1.0,1.0,1.4598129412051925e-06,1.0,0.0,0.0001496024212971,1.0,1.0,0.004025728142799,1.0,1.0,0.0003800517220888,1.0,0.0,6.792750331939495e-07,1.0,1.0,1.6650000000598353e-08,1.0,1.0,0.0852927730480131,1.0,1.0,0.0001557318586197,1.0,0.0,0.0005474357798519,1.0,1.0,1.0034412704291003e-10,1.0,0.0,5.259927335713589e-07,1.0,0.0,1.571400000022521e-05,1.0,1.0,0.0009428528901371,1.0,1.0,5.489100003239479e-06,1.0,1.0,0.0001222705776145,1.0,1.0,7.419852202116929e-06,1.0,0.0,0.0303970843636487,1.0,1.0,2.0239762605958976e-05,1.0,0.6035733694685295,1.6770243518065652e-16,1.0,1.0,1.4355000112729212e-05,1.0,1.0,0.0110006218863723,1.0,1.0,0.0056950207891275,264690.0,8.847000028556047e-05,1.0,8.873798835782047e-06,0.0,3.8082943152807175e-10,1.0,0.0,0.0,0.0008503393483253,1.0,0.0,1.0,0.0,3.263505408821372e-08,1.0,0.8345974378681149,0.0,1.3006664356525028e-07,1.0,0.0,0.0,9.241660799638837e-09,1.0,1.0,1.0,0.0109123918955453,1.0,0.0,1.0,5.260701411287e-05,1.0,1.0,1.0,2.257827736675317e-06,1.0,1.0,0.0,0.0,1.142163000398148e-05,0.0,2.556048728203126e-09,1.0,1.0,0.0,0.0003489074151269,1.0,1.0,1.0,1.0,2.0491277174290007e-06,1.0,0.0,0.0,0.0028922607666973,1.0,0.0,1.0,6.811135540421361e-05,1.0,1.0,0.0,7.464995209909881e-09,1.0,1.0,1.0,7.882749022320846e-05,1.0,1.0,0.0,0.0114871890998077,1.0,1.0,0.0,0.0,1.2998288088734332e-05,0.0,3.113215747853953e-08,1.0,1.0,1.0,0.09337391650870804,1.0,1.0,1.0,1.0,0.0040124305746276,1.0,1.0,1.0,0.0077366525088015,1.0,0.0,0.0,0.0087127567471957,1.0,1.0,1.0,8.826193701695129e-07,1.0,0.0,1.0,0.0002294459526553,1.0,1.0,1.0,0.0029056080961989,1.0,1.0,1.0,0.0,9.209693531673832e-05,0.0,0.0299582467711017,1.0,0.0,1.0,0.08864033394702595,1.0,0.0,1.0,5.998797315287399e-05,1.0,0.0,1.0,1.0,0.0017068463288021,1.0,1.0,1.0,0.0254879993485268,1.0,0.0,1.0,3.863107449359389e-07,1.0,1.0,0.0,0.0369023368826918,1.0,1.0,1.0,6.148145501406981e-05,1.0,1.0,1.0,5.068197280486785e-13,1.0,1.0,1.0,0.9840414955790716,1.0,0.9886291900388958,1.687680818618244,-0.1225716969114309,1.345911034841739,28.0,865.4977844879362,264690.0,0.0,15131.291625508513,0.0,0.9729574561123935,6.091670146010867,-2.3229624595962903,2.3023819305560114,29.0,0.08262108262108261
0.0046206153832621995,0.0229319494175801,0.00249919528398355,0.0009000000000739001,0.01328297730217525,0.00090001692366525,0.0037576851926167,0.0327506073750431,1.28984637365732e-08,1.7262372557194069e-07,0.0051273062790587,0.0023449359559591,0.0043566888304801,0.0054205356523739,0.0036330396592329,5.91210154670334e-06,8.482714628567063e-21,1.4733540711232557e-06,0.0072506741909099,2.7887995944398063e-16,0.0002486949615451,0.0430321542606325,0.0125501877949629,0.0008532925144878,7.019301625211642e-08,0.0001175340025666,0.0,0.00432719450097685,1.0,0.00102942819663545,0.6241283467800682,0.00293174722496145,1.0,5.994997453585036e-05,0.0,0.0044740343684259495,0.6132639808286222,0.0006796020422633,1.0,0.0262132021074751,1.0,0.0,2.2760465655140397e-07,1.0,1.0,1.220663937887425e-06,1.0,1.0,0.0821471730191134,1.0,0.0,6.620875798715381e-06,1.0,1.0,1.0393301835553811e-05,1.0,1.0,4.8778551009366334e-08,1.0,0.0,0.0007077290355087,1.0,1.0,0.0199083338690598,1.0,0.0,1.2968401600222389e-06,1.0,0.0,0.005011064429482,0.0,1.0,0.0010838456657145,1.0,0.0,2.9004903886571208e-12,1.0,1.0,0.0268609836104272,1.0,1.0,0.0009284921578452,0.0,0.0,4.026689700469898e-09,1.0,1.0,7.03715253846315e-06,1.0,0.0,3.6889394577691704e-14,1.0,1.0,7.009200015465536e-06,1.0,1.0,7.57081261676742e-28,1.0,5.256389038930123,2.9946630056508394,-3.070991271913575,1.0,9.051155391811625e-06,1.0,0.0,0.0018453779861419,1.0,1.0,3.327078343463669e-05,1.0,0.0,1.0542458037041973e-07,1.0,0.0,0.0119790808680914,1.0,1.0,9.018366164672162e-06,1.0,1.0,2.9032170446674603e-05,1.0,0.0,6.563363835807936e-06,1.0,1.0,1.0044103269626004e-08,1.0,1.0,0.0567735057307166,1.0,0.0,4.4121757087610746e-07,1.0,1.0,2.288489448976068e-06,1.0,0.0,0.0067906274444561,1.0,0.0,5.346955031927333e-07,1.0,1.0,7.396516665083071e-10,1.0,0.0,0.0009667287031848,1.0,1.0,2.3562945799590223e-05,1.0,0.0,2.4257994603936207e-05,1.0,1.0,0.0011458605532133,1.0,0.0,6.171937754712121e-07,1.0,0.0,1.2942e-05,1.0,1.0,0.0006819030418569,1.0,0.0,2.0414073597287625e-05,1.0,0.0,4.003807631401316e-10,1.0,0.0,0.0003124121998262,1.0,1.0,2.0816754307865107e-11,1.0,1.0,9.33300000181478e-06,1.0,0.0,6.6638291846675e-07,1.0,0.0,0.0027240340298473,264690.0,8.441879024014711e-05,1.0,0.0001402200700634,0.0,0.0001288436060751,1.0,0.0,1.0,0.0002685248700077,1.0,1.0,1.0,0.0,0.0001476638702497,1.0,0.0,0.0,0.0001011006002661,1.0,0.2446546621430612,1.0,0.0001636726109917,1.0,1.0,1.0,0.0003639966311122,1.0,1.0,1.0,0.00216656541831115,1.0,0.0,0.0,6.023112407805567e-05,1.0,1.0,1.0,1.0,0.0001495623858082,0.0,0.0005471915173509,1.0,0.0,0.0,0.0002409110326885,1.0,1.0,1.0,1.0,0.0004966842211455,1.0,0.0,0.0,0.0004354336168333,1.0,0.0,1.0,0.0003353753618639,1.0,0.0,0.0,0.0001813389352387,1.0,0.0,0.5,0.0008732233762285999,1.0,0.0,1.0,0.0002798930458159,1.0,1.0,0.0,1.0,0.0003246990188076,0.0,0.0001111546724558,1.0,0.0,1.0,8.588548816066386e-05,1.0,0.0,1.0,1.0,0.0001448811360149,1.0,0.0,0.0,0.0001357907762031,1.0,0.0,0.0,0.0003097107657766,1.0,0.0,1.0,0.000101745555167,1.0,1.0,1.0,0.0011244437390187999,1.0,1.0,1.0,0.0013851914448922,1.0,1.0,1.0,0.0,3.396884235552596e-06,1.0,3.503432956710656e-13,1.0,0.0,0.0,0.0292975508919935,1.0,0.8615268728319048,0.0,4.593109744335483e-13,1.0,1.0,1.0,1.0,2.2059279008532704e-08,1.0,1.0,1.0,0.0001925811208077,1.0,0.0,1.0,0.0172728151343294,1.0,0.0,0.0,0.000335318277639,1.0,0.0,1.0,0.0249203322470121,1.0,0.0,1.0,0.0227581736693289,1.0,0.0,1.0,1.0,0.9043910228372688,0.0303969937249875,1.4396167094563446,-0.7786171688063027,-0.4652840306560291,126.0,1272.987135282611,264690.0,0.0,18352.91878371089,0.0,0.8122849221359618,5.256389038930123,-3.070991271913575,2.366549064035767,127.0,0.36182336182336183
0.0046206153832621995,0.0229319494175801,0.00249919528398355,0.0009000000000739001,0.01328297730217525,0.00090001692366525,0.0002386267274298,1.4053321358046797e-18,0.000922096718664,0.0036859393413394,1.7069710503150816e-06,0.0095680451086685,0.0221876991320915,6.941198420640316e-07,1.2496460333945545e-08,0.0440909463960931,3.773066990432839e-08,0.037309914681022,0.0004281661239443,0.001101462740508,0.0416832099539672,0.0911228116881481,0.0021374527518297,0.000240606451053,0.0002986148705937,0.0077814342133668,0.0,0.00432719450097685,1.0,0.00102942819663545,0.6241283467800682,0.00293174722496145,1.0,5.994997453585036e-05,0.0,0.0044740343684259495,0.6132639808286222,0.0006796020422633,1.0,2.3707057166828047e-06,1.0,0.0,1.2073338573462802e-16,1.0,1.0,1.0221054088358168e-06,1.0,1.0,6.813514435925701e-05,1.0,0.0,1.0029699458400817e-06,1.0,0.0,0.004024636828377,1.0,0.0,0.0038636513881299,1.0,1.0,0.0001302423408334,0.0,0.0,0.0393629560479706,0.0,1.0,0.001257978692162,1.0,1.0,9.967889226756544e-06,1.0,1.0,1.343899218121709e-07,1.0,1.0,3.3669583001777736e-08,1.0,0.0,0.0768066317585402,1.0,1.0,0.0007266236555167,0.0,1.0,0.0042050757292984,1.0,1.0,0.0003370213536939,0.0,1.0,0.0030928865396488,0.0,0.0,8.37090000265933e-05,1.0,1.0,4.8462891774560895e-09,0.0,4.989966827479567,5.26582695115577,4.660981606614191,1.0,0.0083525815936594,1.0,1.0,1.482680748747551e-06,1.0,0.0,6.568890863676969e-10,1.0,1.0,1.2436592410135424e-10,1.0,1.0,0.0077713693484639,1.0,1.0,0.0004754233964391,1.0,0.0,3.809424622721096e-07,1.0,0.0,1.4121433879159231e-06,1.0,1.0,2.2989755170346127e-06,1.0,0.0,5.914673904886409e-07,1.0,0.0,5.1703288269860127e-08,1.0,0.0,6.09562315440858e-06,1.0,0.0,4.3089663959279545e-05,1.0,1.0,1.8936000965508388e-06,1.0,0.0,5.874717202516469e-09,1.0,0.0,1.4048765427701412e-05,1.0,1.0,2.281254362154824e-12,1.0,0.0,0.0118115317948466,1.0,0.0,0.0007222837646753,1.0,0.0,0.0311563727364677,1.0,0.0,0.0131696318851083,1.0,0.0,9.920595888165747e-06,1.0,1.0,1.2978097655971797e-06,1.0,0.0,6.468869012862213e-11,1.0,0.0,1.1898513882635294e-05,1.0,1.0,0.0001423970818998,1.0,0.0,5.050519802426277e-06,1.0,1.0,0.0114652129172242,1.0,1.0,0.0009888794846416,264690.0,0.0002761836253502,0.0,0.0395765235659982,0.0,8.025975928912746e-06,1.0,1.0,0.0,1.6567975592054867e-05,1.0,1.0,1.0,0.4876148959494006,3.30478587629172e-05,1.0,1.0,1.0,0.0286273791566995,1.0,1.0,0.0,4.53731457564803e-16,1.0,1.0,0.0,0.0004725754404747,1.0,0.0,1.0,0.00216656541831115,1.0,0.0,1.0,8.482339830689125e-06,1.0,0.0,0.0,0.0,1.6388499626126258e-05,1.0,0.0012955377438487,1.0,1.0,0.0,5.270338707881777e-05,1.0,1.0,1.0,1.0,2.6397894103916336e-10,1.0,1.0,1.0,3.961312239873966e-05,1.0,0.0,0.0,0.0001947788793476,1.0,0.0,0.0,0.0001813389352387,1.0,0.0,1.0,5.271003549072892e-05,1.0,0.0,1.0,0.0123548873460515,1.0,0.0,0.0,1.0,0.0001873978051231,0.0,1.967589181656752e-07,1.0,1.0,0.0,4.077275707075996e-15,1.0,1.0,1.0,1.0,4.3283606261494636e-07,1.0,0.0,1.0,9.785981796368934e-15,1.0,0.0,1.0,2.198730718707722e-09,1.0,1.0,0.0,0.0013498362047184,1.0,0.0,1.0,0.0011244437390187999,1.0,1.0,1.0,0.0002779863373842,1.0,0.0,1.0,0.0,3.908026290776941e-06,1.0,0.01925990290565,1.0,0.0,0.0,3.510936564842878e-11,1.0,0.0,1.0,0.000111890453938,1.0,0.0,1.0,0.0,0.0158070773680653,1.0,1.0,1.0,1.3414950419766826e-05,1.0,1.0,0.0,8.704381065071261e-10,1.0,0.0,0.0,0.0007532100044734,1.0,1.0,0.0,0.0001051227022155,1.0,0.0,1.0,0.0002841923153121,1.0,1.0,1.0,1.0,1.0,1.0,5.338478608525161,0.6887355111990046,7.383649778262296,26.0,859.8249737174638,264690.0,0.0,15082.087240502795,0.0,3.4808488092484433,7.383649778262296,0.6887355111990046,2.544569476516218,27.0,0.07692307692307693
0.0046206153832621995,0.0229319494175801,0.00249919528398355,0.0009000000000739001,0.01328297730217525,0.00090001692366525,5.299929056965184e-06,4.725423171115536e-11,9.41216215658043e-13,2.466773414173446e-07,1.0238780718832185e-18,0.0001999447411072,7.138922032649305e-06,0.0001957467264964,2.0771847238773187e-14,5.915700000000056e-06,0.0007259555373553,0.065609115080399,0.0001375827943483,0.0342457394647219,6.83872928999735e-13,0.0459754988467014,0.0002815537778932,2.6091220843504872e-08,4.018671627892088e-05,1.3230000000165827e-05,0.0,0.00432719450097685,1.0,0.00102942819663545,0.6241283467800682,0.00293174722496145,1.0,5.994997453585036e-05,0.0,0.0044740343684259495,0.6132639808286222,0.0006796020422633,1.0,0.0216210171678144,1.0,1.0,0.0012541037892051,1.0,0.0,4.502720438777205e-06,1.0,1.0,4.0879135838415734e-07,1.0,0.0,0.0033095764919929,1.0,1.0,0.089578701923415,1.0,1.0,0.0020208501148745,1.0,1.0,7.848388496981158e-08,1.0,1.0,2.906279349647074e-05,1.0,0.0,0.0477968903487371,1.0,1.0,1.8015419797959257e-13,1.0,0.0,0.005582588567645,1.0,0.0,0.000876968267363,1.0,1.0,3.667542218374318e-06,1.0,1.0,0.0144478159700963,1.0,0.0,8.370900000000539e-05,1.0,0.0,0.0001012919834851,0.0,1.0,1.3045853136419784e-05,1.0,1.0,0.0001158554343939,1.0,1.0,0.0035745253248348,0.0,5.3934430884583815,5.536830322927971,3.821045422006969,1.0,0.0398071205113842,1.0,1.0,0.0010008164780885,1.0,0.1323562882058033,0.0150037853421163,1.0,1.0,0.0028123396269572,1.0,1.0,0.0004347812234628,1.0,1.0,1.076473985384637e-05,1.0,0.0,0.0113156618836489,1.0,1.0,7.410949025415089e-06,1.0,0.0,0.0205184781214798,1.0,1.0,2.041905150627356e-05,1.0,1.0,0.0006283325630793,1.0,0.0,1.556609784451984e-05,1.0,0.0,9.683842699659124e-05,1.0,0.0,3.9753000000000016e-06,1.0,1.0,0.0001288373554966,1.0,1.0,3.220280624453427e-06,1.0,0.0,1.6994127792876522e-06,1.0,1.0,0.0269181596854743,1.0,1.0,4.007307084909812e-06,1.0,0.0,0.0277228482041849,1.0,0.0,0.0001051207666221,1.0,0.0,0.0011528151448235,1.0,1.0,3.7215656426188365e-09,1.0,0.0,0.07809966696151355,1.0,0.0,5.627700073151304e-06,1.0,1.0,5.4186394839618464e-08,1.0,1.0,0.0040558162612446,1.0,1.0,6.023702556578117e-11,1.0,0.0,5.24457447299666e-05,264690.0,0.0037258389297782,1.0,0.0001402200700634,0.0,0.0001288436060751,1.0,0.0,1.0,0.0002685248700077,1.0,1.0,1.0,0.0,0.0001476638702497,1.0,0.0,0.0,0.0001011006002661,1.0,0.2446546621430612,1.0,0.0001636726109917,1.0,1.0,1.0,0.0003639966311122,1.0,1.0,1.0,0.00216656541831115,1.0,0.0,0.0,6.023112407805567e-05,1.0,1.0,1.0,1.0,0.0001495623858082,0.0,0.0005471915173509,1.0,0.0,0.0,0.0002409110326885,1.0,1.0,1.0,1.0,0.0004966842211455,1.0,0.0,0.0,0.0004354336168333,1.0,0.0,1.0,0.0003353753618639,1.0,0.0,0.0,0.0001813389352387,1.0,0.0,0.5,0.0008732233762285999,1.0,0.0,1.0,0.0002798930458159,1.0,1.0,0.0,1.0,0.0003246990188076,0.0,0.0001111546724558,1.0,0.0,1.0,8.588548816066386e-05,1.0,0.0,1.0,1.0,0.0001448811360149,1.0,0.0,0.0,0.0001357907762031,1.0,0.0,0.0,0.0003097107657766,1.0,0.0,1.0,0.000101745555167,1.0,1.0,1.0,0.0011244437390187999,1.0,1.0,1.0,0.0013851914448922,1.0,1.0,1.0,1.0,0.0006320042564462,1.0,7.9499406906547e-11,1.0,1.0,1.0,8.468579079800412e-14,1.0,0.0,0.0,0.0217759963535373,1.0,0.0,1.0,1.0,4.214378637983742e-09,1.0,0.0,0.0,6.711381831254316e-09,1.0,1.0,0.0,0.018709730490636,1.0,1.0,1.0,6.7872106805086736e-06,1.0,0.0,0.0,0.0201492702333236,1.0,1.0,0.0,1.3148042194582404e-05,1.0,1.0,1.0,1.0,0.994105366151552,0.990517662056976,9.597927989215364,0.628185387626613,7.778360777917396,126.0,1273.0132949942674,264690.0,0.0,18352.916961143892,2.0,3.448715688062408,9.597927989215364,0.628185387626613,3.4634868841234066,129.0,0.36752136752136755
0.0046206153832621995,0.0229319494175801,0.00249919528398355,0.0009000000000739001,0.01328297730217525,0.00090001692366525,1.234598951322299e-06,0.0002890895789594,0.0007016045269742,9.564434545826518e-12,9.372772478467525e-19,0.0002636365877818,9.19725700816081e-07,8.050180521689627e-12,0.0003739436651353,0.0010449507369871,0.0005064409604892,0.0008358654805588999,0.00052051110905175,7.070207127557905e-05,9.091415319703556e-05,0.00020577500363135,0.0002983642629857,0.0002617540288247,0.0001651503821096,0.0009366214158366,0.0,0.00432719450097685,1.0,0.00102942819663545,0.6241283467800682,0.00293174722496145,1.0,5.994997453585036e-05,0.0,0.0044740343684259495,0.6132639808286222,0.0006796020422633,0.0,0.0012897750835987,1.0,0.0,0.0003065334790999,1.0,0.6126775856375599,0.0006118439679484,1.0,0.0,0.0001140642768167,1.0,0.0,4.5231767314469614e-05,1.0,0.0,0.000300342941749,1.0,1.0,0.0001730103806228,1.0,0.838949246584827,0.0001192267539485,1.0,1.0,0.0004563540475816,1.0,0.8297127294672082,0.0001009267887653,1.0,1.0,0.0002591730470281,1.0,1.0,0.0003414804871966,1.0,0.0,0.00053096647900015,1.0,1.0,0.00037577784272454996,1.0,0.0,0.000377107236627,1.0,1.0,0.0004090530981813,1.0,1.0,9.332191302040747e-05,1.0,0.01924737487351285,0.0001851516122612,1.0,0.0,0.00036563886477915,1.0,0.0,0.00031034097430555,1.0,3.870947425949688,2.9848695473853533,3.821045422006969,1.0,2.3710647888939257e-05,1.0,0.0,1.1096699714967778e-06,1.0,0.0,0.0667236819973671,1.0,0.0,0.0008295058272694,1.0,1.0,0.0115336943054463,1.0,1.0,6.199372772476832e-07,1.0,0.0,0.0733972680450631,1.0,0.0,0.0080002277081774,1.0,0.0,6.777583131586447e-19,1.0,1.0,1.4094468392305816e-05,1.0,1.0,3.466394514617839e-14,1.0,0.0,0.0093238105504206,1.0,1.0,0.0230322004163903,1.0,1.0,2.306170251286964e-12,1.0,1.0,1.04381798985299e-05,1.0,0.0,2.977582228679867e-05,1.0,0.0,3.8012097240076493e-07,1.0,0.0,0.0006230501472712,1.0,1.0,1.0749067652760867e-06,1.0,1.0,0.0066959587147321,1.0,0.0,0.0006801315834303,1.0,0.0,8.477720756437104e-07,1.0,1.0,3.288199476704123e-05,1.0,0.0,0.0022660237084446,1.0,1.0,0.0009398769256544,1.0,1.0,2.388501169591199e-06,1.0,0.0,7.229649804099477e-08,1.0,0.0,0.0001943958648343,1.0,1.0,0.0002244141612071,264690.0,2.4147000000043268e-05,1.0,0.0001402200700634,0.0,0.0001288436060751,1.0,0.0,1.0,0.0002685248700077,1.0,1.0,1.0,0.0,0.0001476638702497,1.0,0.0,0.0,0.0001011006002661,1.0,0.2446546621430612,1.0,0.0001636726109917,1.0,1.0,1.0,0.0003639966311122,1.0,1.0,1.0,0.00216656541831115,1.0,0.0,0.0,6.023112407805567e-05,1.0,1.0,1.0,1.0,0.0001495623858082,0.0,0.0005471915173509,1.0,0.0,0.0,0.0002409110326885,1.0,1.0,1.0,1.0,0.0004966842211455,1.0,0.0,0.0,0.0004354336168333,1.0,0.0,1.0,0.0003353753618639,1.0,0.0,0.0,0.0001813389352387,1.0,0.0,0.5,0.0008732233762285999,1.0,0.0,1.0,0.0002798930458159,1.0,1.0,0.0,1.0,0.0003246990188076,0.0,0.0001111546724558,1.0,0.0,1.0,8.588548816066386e-05,1.0,0.0,1.0,1.0,0.0001448811360149,1.0,0.0,0.0,0.0001357907762031,1.0,0.0,0.0,0.0003097107657766,1.0,0.0,1.0,0.000101745555167,1.0,1.0,1.0,0.0011244437390187999,1.0,1.0,1.0,0.0013851914448922,1.0,1.0,1.0,0.0,0.032852326874764,0.0,1.1999700197272845e-05,1.0,1.0,1.0,0.0098169051802859,1.0,0.0,1.0,5.009139850615464e-05,1.0,0.0,1.0,0.0,2.140318950228468e-09,1.0,0.0,0.0,0.0021117213227874,1.0,1.0,0.0,0.0827953878293282,1.0,1.0,1.0,2.484723160741078e-06,1.0,0.0,1.0,1.2002969069772435e-05,1.0,1.0,0.0,2.832405107800001e-15,1.0,0.0,0.0,0.9506071302695271,0.943856971671166,0.9853388581214118,2.529675248953036,0.7288619005457018,4.188180303586116,199.0,0.43951556547681614,1.0,0.0,0.4958052554324888,1.0,2.14779217331025,4.188180303586116,0.7288619005457018,1.4256003139784281,202.0,0.5754985754985755
0.0046206153832621995,0.0229319494175801,0.00249919528398355,0.0009000000000739001,0.01328297730217525,0.00090001692366525,0.0056156442808453,0.002357977863776,0.0599346359638323,0.0722987703323854,1.2822994399197658e-12,1.6674666186641835e-05,2.4282000000000126e-06,0.0003586727089216,0.0109870197247345,0.0010449507369871,0.0005064409604892,0.0008358654805588999,0.00052051110905175,7.070207127557905e-05,9.091415319703556e-05,0.00020577500363135,0.0002983642629857,0.0002617540288247,0.0001651503821096,0.0050045675657328,0.0,0.00432719450097685,1.0,0.00102942819663545,0.6241283467800682,0.00293174722496145,1.0,5.994997453585036e-05,0.0,0.0044740343684259495,0.6132639808286222,0.0006796020422633,1.0,2.8402077630915865e-10,1.0,1.0,0.0002245559435131,1.0,0.0,0.0759254831070014,1.0,0.0,0.0010204173268982,1.0,0.0,5.386841508719072e-05,1.0,1.0,5.1203604766639575e-11,1.0,1.0,0.0001642433842769,1.0,1.0,8.146258575664806e-12,1.0,1.0,2.9122733423427788e-05,1.0,1.0,5.482780487298735e-06,1.0,1.0,0.0001010923189593,1.0,1.0,0.0001679844702707,1.0,0.0,0.00053096647900015,1.0,1.0,0.00037577784272454996,1.0,0.0,0.000377107236627,1.0,1.0,0.0004090530981813,1.0,1.0,9.332191302040747e-05,1.0,0.01924737487351285,0.0001851516122612,1.0,0.0,0.00036563886477915,1.0,0.0,0.00031034097430555,1.0,5.204474572964677,5.119184463545681,5.722528973635731,1.0,0.09231763580020146,1.0,1.0,0.0003113714827329,1.0,1.0,0.0001630866156538,1.0,0.0,0.0034561276828128,1.0,0.0,0.000770982869021,1.0,1.0,0.028357415565359,1.0,0.0,9.849989250016176e-11,1.0,1.0,0.0215238617649779,1.0,0.0,0.0020319727195705,1.0,0.0,0.0421784380347769,1.0,0.0,0.0096116912414853,1.0,1.0,3.360771373139133e-06,1.0,1.0,0.0159273055853373,1.0,1.0,0.0029910205773978,1.0,0.0,3.3616934743963816e-08,1.0,0.0,6.946501076639061e-05,1.0,0.0,8.363209280749697e-07,1.0,0.0,3.9581536368115406e-07,1.0,0.0,2.0640221765201086e-10,1.0,1.0,1.1712302997987788e-11,1.0,0.0,5.25332807714822e-07,1.0,1.0,0.0003182659110652,1.0,0.0,0.01747922742106,1.0,0.0,0.0062474714384472,1.0,0.0,9.262047686136281e-08,1.0,0.0,9.105393614658988e-05,1.0,0.0,0.0499643603717917,1.0,0.0,0.0083394836313102,1.0,1.0,0.0002244141612071,264690.0,0.0002035472582935,1.0,0.0001402200700634,0.0,0.0001288436060751,1.0,0.0,1.0,0.0002685248700077,1.0,1.0,1.0,0.0,0.0001476638702497,1.0,0.0,0.0,0.0001011006002661,1.0,0.2446546621430612,1.0,0.0001636726109917,1.0,1.0,1.0,0.0003639966311122,1.0,1.0,1.0,0.00216656541831115,1.0,0.0,0.0,6.023112407805567e-05,1.0,1.0,1.0,1.0,0.0001495623858082,0.0,0.0005471915173509,1.0,0.0,0.0,0.0002409110326885,1.0,1.0,1.0,1.0,0.0004966842211455,1.0,0.0,0.0,0.0004354336168333,1.0,0.0,1.0,0.0003353753618639,1.0,0.0,0.0,0.0001813389352387,1.0,0.0,0.5,0.0008732233762285999,1.0,0.0,1.0,0.0002798930458159,1.0,1.0,0.0,1.0,0.0003246990188076,0.0,0.0001111546724558,1.0,0.0,1.0,8.588548816066386e-05,1.0,0.0,1.0,1.0,0.0001448811360149,1.0,0.0,0.0,0.0001357907762031,1.0,0.0,0.0,0.0003097107657766,1.0,0.0,1.0,0.000101745555167,1.0,1.0,1.0,0.0011244437390187999,1.0,1.0,1.0,0.0013851914448922,1.0,1.0,1.0,1.0,0.0007079016584639,1.0,4.291062816178626e-09,1.0,0.0,0.0,0.0013635680324145,1.0,1.0,1.0,0.0150296815915882,1.0,0.0,1.0,0.0,0.0003020186792021,1.0,1.0,0.0,2.084374554730052e-06,1.0,1.0,0.0,4.320680320218316e-08,1.0,0.0,1.0,6.847410948802817e-06,1.0,0.0,1.0,0.0060068752570673,1.0,1.0,1.0,5.248218164112475e-10,1.0,1.0,1.0,0.9776714818362844,0.9934762116558488,0.9879885266011444,7.821526873586912,0.5920902430561102,5.960530203689519,163.0,0.47696225391007907,1.0,0.0,0.4978109419217224,0.0,3.7088301722857673,7.821526873586912,0.5920902430561102,2.7887022838209465,165.0,0.4700854700854701
0.0046206153832621995,0.0229319494175801,0.00249919528398355,0.0009000000000739001,0.01328297730217525,0.00090001692366525,0.00026591101633890004,0.0002631454984931,0.00033392818126865,7.331502967708598e-05,8.548576025260417e-05,0.00029105821481259996,0.00024735873938155,0.0003512855291243,5.676888778292314e-05,0.0010449507369871,0.0005064409604892,0.0008358654805588999,0.00052051110905175,7.070207127557905e-05,9.091415319703556e-05,0.00020577500363135,0.0002983642629857,0.0002617540288247,0.0001651503821096,0.0015179245030616,0.0,0.00432719450097685,1.0,0.00102942819663545,0.6241283467800682,0.00293174722496145,1.0,5.994997453585036e-05,0.0,0.0044740343684259495,0.6132639808286222,0.0006796020422633,0.0,0.0012897750835987,1.0,0.0,0.0003065334790999,1.0,0.6126775856375599,0.0006118439679484,1.0,0.0,0.0001140642768167,1.0,0.0,4.5231767314469614e-05,1.0,0.0,0.000300342941749,1.0,1.0,0.0001730103806228,1.0,0.838949246584827,0.0001192267539485,1.0,1.0,0.0004563540475816,1.0,0.8297127294672082,0.0001009267887653,1.0,1.0,0.0002591730470281,1.0,1.0,0.0003414804871966,1.0,1.0,2.9178434733064225e-05,0.0,0.0,1.939998895396814e-06,1.0,0.0,3.942784407059828e-06,1.0,0.0,8.130993016134333e-07,1.0,1.0,0.0001265464610005,1.0,1.0,9.024894421415474e-06,1.0,1.0,3.5320685275782905e-06,1.0,1.0,2.00169160561274e-10,1.0,4.634681376563577,4.771882918395578,4.168997012630846,1.0,0.00094622228737275,1.0,0.0,0.00030161454166555,1.0,0.8684375368822927,0.00046449533842345,1.0,1.0,9.732505181296526e-05,1.0,0.0,0.0008223474541493,1.0,0.0,0.00042056105139965,1.0,1.0,6.357671017481105e-05,1.0,0.0,8.95186300711204e-05,1.0,0.0,6.86473451718226e-05,1.0,1.0,0.00012451700193175,1.0,0.7370038800720702,0.00041356743116115,1.0,1.0,0.00010771609799514197,1.0,1.0,0.00043539315559245,1.0,1.0,0.00010716288376599581,1.0,0.3544612469420235,0.00013930251401575,1.0,1.0,0.00020470352168515,1.0,1.0,0.00010241458773015292,1.0,1.0,0.00012846642023805002,1.0,1.0,0.0001173863472579,1.0,1.0,0.0003941170459816,1.0,1.0,0.00059357941590055,1.0,0.0,0.0005032711660119501,1.0,0.5,9.801045077654701e-05,1.0,0.0,8.520010267173671e-05,1.0,0.0,0.00018718664858345002,1.0,1.0,0.00015282011881505,1.0,0.5,0.00011340784905625,1.0,0.5,0.000914125365021,1.0,1.0,0.0002244141612071,264690.0,6.87436344775387e-05,1.0,0.0001402200700634,0.0,0.0001288436060751,1.0,0.0,1.0,0.0002685248700077,1.0,1.0,1.0,0.0,0.0001476638702497,1.0,0.0,0.0,0.0001011006002661,1.0,0.2446546621430612,1.0,0.0001636726109917,1.0,1.0,1.0,0.0003639966311122,1.0,1.0,1.0,0.00216656541831115,1.0,0.0,0.0,6.023112407805567e-05,1.0,1.0,1.0,1.0,0.0001495623858082,0.0,0.0005471915173509,1.0,0.0,0.0,0.0002409110326885,1.0,1.0,1.0,1.0,0.0004966842211455,1.0,0.0,0.0,0.0004354336168333,1.0,0.0,1.0,0.0003353753618639,1.0,0.0,0.0,0.0001813389352387,1.0,0.0,0.5,0.0008732233762285999,1.0,0.0,1.0,0.0002798930458159,1.0,1.0,0.0,1.0,0.0003246990188076,0.0,0.0001111546724558,1.0,0.0,1.0,8.588548816066386e-05,1.0,0.0,1.0,1.0,0.0001448811360149,1.0,0.0,0.0,0.0001357907762031,1.0,0.0,0.0,0.0003097107657766,1.0,0.0,1.0,0.000101745555167,1.0,1.0,1.0,0.0011244437390187999,1.0,1.0,1.0,0.0013851914448922,1.0,1.0,1.0,0.0,0.0001414197958603,1.0,0.0001351548410148,1.0,0.0,0.3434818868518289,2.677257949943856e-05,1.0,0.0,1.0,0.0001031275165441,1.0,0.0,1.0,0.0,6.54203620841598e-05,1.0,0.0065833504607211,0.0,9.717193159536516e-05,1.0,0.943826511804068,1.0,0.0003676609132862,1.0,0.0,1.0,0.0003798138096054,1.0,0.0,1.0,0.0010352132095212,1.0,0.0,1.0,8.55149140169148e-05,1.0,1.0,0.0,0.9500344671528562,0.9748557442252688,1.0,7.292618018024504,0.756,8.362965063647268,309.0,0.4800097488630373,1.0,0.0,0.5098923925127106,0.0,3.656892733404433,8.362965063647268,0.756,2.911653340270313,311.0,0.886039886039886
0.0046206153832621995,0.0229319494175801,0.00249919528398355,0.0009000000000739001,0.01328297730217525,0.00090001692366525,4.312730305697956e-06,3.646924343812362e-09,0.0001186894941646,2.1240483573391968e-15,4.534200223455048e-05,6.328765074322321e-08,0.0106507842011581,2.16864379133478e-24,2.8717149600212006e-14,0.071389514207852,0.047099466529603,3.276115256282084e-13,0.0615122881623737,2.4630449837475025e-06,1.4602322145514288e-11,0.0002288283284956,0.0003236969096494,1.1273195605130316e-06,0.0001773364552608,0.0023209694791137,0.0,0.00432719450097685,1.0,0.00102942819663545,0.6241283467800682,0.00293174722496145,1.0,5.994997453585036e-05,0.0,0.0044740343684259495,0.6132639808286222,0.0006796020422633,0.0,0.0012897750835987,1.0,0.0,0.0003065334790999,1.0,0.6126775856375599,0.0006118439679484,1.0,0.0,0.0001140642768167,1.0,0.0,4.5231767314469614e-05,1.0,0.0,0.000300342941749,1.0,1.0,0.0001730103806228,1.0,0.838949246584827,0.0001192267539485,1.0,1.0,0.0004563540475816,1.0,0.8297127294672082,0.0001009267887653,1.0,1.0,0.0002591730470281,1.0,1.0,0.0003414804871966,1.0,0.0,0.00053096647900015,1.0,1.0,0.00037577784272454996,1.0,0.0,0.000377107236627,1.0,1.0,0.0004090530981813,1.0,1.0,9.332191302040747e-05,1.0,0.01924737487351285,0.0001851516122612,1.0,0.0,0.00036563886477915,1.0,0.0,0.00031034097430555,1.0,5.35435141844272,5.181640615338484,3.821045422006969,1.0,0.00094622228737275,1.0,0.0,0.00030161454166555,1.0,0.8684375368822927,0.00046449533842345,1.0,1.0,9.732505181296526e-05,1.0,0.0,0.0008223474541493,1.0,0.0,0.00042056105139965,1.0,1.0,6.357671017481105e-05,1.0,0.0,8.95186300711204e-05,1.0,0.0,6.86473451718226e-05,1.0,1.0,0.00012451700193175,1.0,0.7370038800720702,0.00041356743116115,1.0,1.0,0.00010771609799514197,1.0,1.0,0.00043539315559245,1.0,1.0,0.00010716288376599581,1.0,0.3544612469420235,0.00013930251401575,1.0,1.0,0.00020470352168515,1.0,1.0,0.00010241458773015292,1.0,1.0,0.00012846642023805002,1.0,1.0,0.0001173863472579,1.0,1.0,0.0003941170459816,1.0,1.0,0.00059357941590055,1.0,0.0,0.0005032711660119501,1.0,0.5,9.801045077654701e-05,1.0,0.0,8.520010267173671e-05,1.0,0.0,0.00018718664858345002,1.0,1.0,0.00015282011881505,1.0,0.5,0.00011340784905625,1.0,0.5,0.000914125365021,1.0,1.0,0.0002244141612071,264690.0,0.00045046316566120005,1.0,0.0001402200700634,0.0,0.0001288436060751,1.0,0.0,1.0,0.0002685248700077,1.0,1.0,1.0,0.0,0.0001476638702497,1.0,0.0,0.0,0.0001011006002661,1.0,0.2446546621430612,1.0,0.0001636726109917,1.0,1.0,1.0,0.0003639966311122,1.0,1.0,1.0,0.00216656541831115,1.0,0.0,0.0,6.023112407805567e-05,1.0,1.0,1.0,1.0,0.0001495623858082,0.0,0.0005471915173509,1.0,0.0,0.0,0.0002409110326885,1.0,1.0,1.0,1.0,0.0004966842211455,1.0,0.0,0.0,0.0004354336168333,1.0,0.0,1.0,0.0003353753618639,1.0,0.0,0.0,0.0001813389352387,1.0,0.0,0.5,0.0008732233762285999,1.0,0.0,1.0,0.0002798930458159,1.0,1.0,0.0,1.0,0.0003246990188076,0.0,0.0001111546724558,1.0,0.0,1.0,8.588548816066386e-05,1.0,0.0,1.0,1.0,0.0001448811360149,1.0,0.0,0.0,0.0001357907762031,1.0,0.0,0.0,0.0003097107657766,1.0,0.0,1.0,0.000101745555167,1.0,1.0,1.0,0.0011244437390187999,1.0,1.0,1.0,0.0013851914448922,1.0,1.0,1.0,0.0,0.0001414197958603,1.0,0.0001351548410148,1.0,0.0,0.3434818868518289,2.677257949943856e-05,1.0,0.0,1.0,0.0001031275165441,1.0,0.0,1.0,0.0,6.54203620841598e-05,1.0,0.0065833504607211,0.0,9.717193159536516e-05,1.0,0.943826511804068,1.0,0.0003676609132862,1.0,0.0,1.0,0.0003798138096054,1.0,0.0,1.0,0.0010352132095212,1.0,0.0,1.0,8.55149140169148e-05,1.0,1.0,0.0,0.9907116879180674,0.9648709330357024,0.9931657007350316,7.091821317140311,0.6298482557224918,7.778360777917396,314.0,0.009693744290714564,0.071389514207852,1.6498587207405304e-28,0.02216949228636706,9.0,0.0,0.0,0.0,0.0,330.0,0.9401709401709402
0.0046206153832621995,0.0229319494175801,0.00249919528398355,0.0009000000000739001,0.01328297730217525,0.00090001692366525,0.01060608857607,5.497051693071723e-05,0.0757499189531522,0.0024379553446041,0.0047851927440231,6.670800013488571e-05,9.081004033156057e-05,0.0007160168165118,3.359746420666914e-05,0.0004833205851912,0.0108151129026231,0.0896349385031994,0.0001706161633613,2.703923722435663e-06,0.0002819987231102,0.0001487254906344,0.00010188,0.0085383391970134,0.0510960119075758,0.0007057411908015,0.0,0.00432719450097685,1.0,0.00102942819663545,0.6241283467800682,0.00293174722496145,1.0,5.994997453585036e-05,0.0,0.0044740343684259495,0.6132639808286222,0.0006796020422633,1.0,0.0670162686450575,1.0,1.0,0.0002925537683891,1.0,1.0,0.0647366104778185,1.0,0.0,4.102193017600256e-07,1.0,0.0,2.885928226592861e-13,1.0,1.0,0.0057832204128038,1.0,1.0,0.0045087162175236,1.0,0.0,1.8171285326353133e-05,1.0,1.0,0.0716400618072044,1.0,0.0,0.0002151358394666,1.0,1.0,0.0061516910386492,1.0,1.0,0.0002978813460356,1.0,1.0,0.0001253722141944,1.0,1.0,0.0001416749390043,1.0,0.0,0.0003639515718586,1.0,0.0,0.0004194000155369,1.0,0.0,8.854382604081494e-05,1.0,1.0,0.00024093,1.0,0.0,0.0004194004302216,1.0,0.0,2.121836182261106e-09,1.0,5.627052633068506,1.9610259305974536,1.3514275971364438,1.0,0.0364259145825401,1.0,1.0,0.0058472448147512,1.0,0.0,0.0138103469101188,1.0,0.0,0.0005733578598957,1.0,1.0,0.0150612651575107,1.0,0.0,8.770092546624608e-05,1.0,1.0,9.171028049091344e-05,1.0,0.0,0.0529102178060822,1.0,0.0,0.0002161943668299,1.0,1.0,0.0006600498873428,1.0,0.0,0.0007574400039459,1.0,0.0,9.866861093658394e-05,1.0,1.0,2.518954001317525e-05,1.0,0.0,0.0329243586613127,1.0,0.0,0.0005754182062595,1.0,1.0,0.0131977793003934,1.0,1.0,0.0007241451895436,1.0,0.0,9.33552865932004e-05,1.0,0.0,0.0002542863637267,1.0,1.0,0.0062355911043615,1.0,1.0,0.0004103649477755,1.0,0.0,0.0044301760350451,1.0,1.0,5.833800000000109e-05,1.0,0.0,1.2870820974893316e-05,1.0,1.0,0.0001066653960884,1.0,1.0,4.6498975645637455e-06,1.0,0.0,0.0028739634037971,1.0,0.0,3.2457350832518084e-05,1.0,0.0,0.0001495657713954,264690.0,0.0007646291243113,1.0,0.0001130590149826,1.0,0.0001316386950703,1.0,1.0,0.0,0.0001316844393414,1.0,1.0,1.0,0.0,0.0002335792561544,1.0,0.0,0.0,0.0039632337611739,1.0,1.0,1.0,0.0048058896783576,1.0,0.0,0.0,0.000148720539291,1.0,1.0,0.0,0.0002624748502854,1.0,1.0,0.0,0.0002087656004638,1.0,1.0,1.0,0.0,0.000109502010334,1.0,0.08463670727521515,1.0,1.0,0.0,0.000132487559664,1.0,0.0,1.0,1.0,4.3961691961028645e-06,1.0,1.0,1.0,0.0013891950065327,1.0,1.0,1.0,0.0002931918562377,1.0,1.0,0.0,8.580891460800029e-05,1.0,1.0,1.0,0.0011891602394651,1.0,0.0,0.0,4.7355653603619743e-05,1.0,0.0,1.0,1.0,0.0003001776104909,0.0,0.0004944614478231,1.0,0.0,1.0,0.0277730807633919,1.0,0.0,1.0,1.0,0.09668280007222568,1.0,1.0,1.0,0.0001042029500997,1.0,0.0,1.0,0.0032285663991004,1.0,1.0,1.0,0.0092665120307833,1.0,0.0,0.0,0.000267342087259,1.0,0.0,0.0,4.7182186180840056e-05,1.0,0.0,0.0,0.0,0.0020613990000451,1.0,0.0078325344510724,1.0,1.0,1.0,8.229258262020407e-05,1.0,0.6106861704574396,1.0,0.0002252385523265,1.0,1.0,1.0,1.0,6.226304707085681e-10,1.0,0.0,1.0,0.0394165662545614,1.0,1.0,0.0,0.002752175532251,1.0,0.0,1.0,9.961071565797378e-05,1.0,1.0,0.0,0.0001769985012126,1.0,0.0,0.0,0.0021223763398495,1.0,0.0,0.0,0.9991746519937432,0.94797215933374,0.0,1.3779796932659747,0.6386549085931276,-0.4511961462456719,18.0,838.0999097151252,264690.0,0.0,14889.949121779337,0.0,1.383565714193702,5.627052633068506,-0.4511961462456719,1.7505249607774438,19.0,0.05413105413105413
0.0046206153832621995,0.0229319494175801,0.00249919528398355,0.0009000000000739001,0.01328297730217525,0.00090001692366525,0.00026591101633890004,0.0002631454984931,0.00033392818126865,7.331502967708598e-05,8.548576025260417e-05,0.00029105821481259996,0.00024735873938155,0.0003512855291243,5.676888778292314e-05,0.0010449507369871,0.0005064409604892,0.0008358654805588999,0.00052051110905175,7.070207127557905e-05,9.091415319703556e-05,0.00020577500363135,0.0002983642629857,0.0002617540288247,0.0001651503821096,0.0015179245030616,0.0,0.00432719450097685,1.0,0.00102942819663545,0.6241283467800682,0.00293174722496145,1.0,5.994997453585036e-05,0.0,0.0044740343684259495,0.6132639808286222,0.0006796020422633,0.0,0.0012897750835987,1.0,0.0,0.0003065334790999,1.0,0.6126775856375599,0.0006118439679484,1.0,0.0,0.0001140642768167,1.0,0.0,4.5231767314469614e-05,1.0,0.0,0.000300342941749,1.0,1.0,0.0001730103806228,1.0,0.838949246584827,0.0001192267539485,1.0,1.0,0.0004563540475816,1.0,0.8297127294672082,0.0001009267887653,1.0,1.0,0.0002591730470281,1.0,1.0,0.0003414804871966,1.0,0.0,0.00053096647900015,1.0,1.0,0.00037577784272454996,1.0,0.0,0.000377107236627,1.0,1.0,0.0004090530981813,1.0,1.0,9.332191302040747e-05,1.0,0.01924737487351285,0.0001851516122612,1.0,0.0,0.00036563886477915,1.0,0.0,0.00031034097430555,1.0,5.35435141844272,5.181640615338484,3.821045422006969,1.0,0.00094622228737275,1.0,0.0,0.00030161454166555,1.0,0.8684375368822927,0.00046449533842345,1.0,1.0,9.732505181296526e-05,1.0,0.0,0.0008223474541493,1.0,0.0,0.00042056105139965,1.0,1.0,6.357671017481105e-05,1.0,0.0,8.95186300711204e-05,1.0,0.0,6.86473451718226e-05,1.0,1.0,0.00012451700193175,1.0,0.7370038800720702,0.00041356743116115,1.0,1.0,0.00010771609799514197,1.0,1.0,0.00043539315559245,1.0,1.0,0.00010716288376599581,1.0,0.3544612469420235,0.00013930251401575,1.0,1.0,0.00020470352168515,1.0,1.0,0.00010241458773015292,1.0,1.0,0.00012846642023805002,1.0,1.0,0.0001173863472579,1.0,1.0,0.0003941170459816,1.0,1.0,0.00059357941590055,1.0,0.0,0.0005032711660119501,1.0,0.5,9.801045077654701e-05,1.0,0.0,8.520010267173671e-05,1.0,0.0,0.00018718664858345002,1.0,1.0,0.00015282011881505,1.0,0.5,0.00011340784905625,1.0,0.5,0.000914125365021,1.0,1.0,0.0002244141612071,264690.0,0.00045046316566120005,1.0,0.0001402200700634,0.0,0.0001288436060751,1.0,0.0,1.0,0.0002685248700077,1.0,1.0,1.0,0.0,0.0001476638702497,1.0,0.0,0.0,0.0001011006002661,1.0,0.2446546621430612,1.0,0.0001636726109917,1.0,1.0,1.0,0.0003639966311122,1.0,1.0,1.0,0.00216656541831115,1.0,0.0,0.0,6.023112407805567e-05,1.0,1.0,1.0,1.0,0.0001495623858082,0.0,0.0005471915173509,1.0,0.0,0.0,0.0002409110326885,1.0,1.0,1.0,1.0,0.0004966842211455,1.0,0.0,0.0,0.0004354336168333,1.0,0.0,1.0,0.0003353753618639,1.0,0.0,0.0,0.0001813389352387,1.0,0.0,0.5,0.0008732233762285999,1.0,0.0,1.0,0.0002798930458159,1.0,1.0,0.0,1.0,0.0003246990188076,0.0,0.0001111546724558,1.0,0.0,1.0,8.588548816066386e-05,1.0,0.0,1.0,1.0,0.0001448811360149,1.0,0.0,0.0,0.0001357907762031,1.0,0.0,0.0,0.0003097107657766,1.0,0.0,1.0,0.000101745555167,1.0,1.0,1.0,0.0011244437390187999,1.0,1.0,1.0,0.0013851914448922,1.0,1.0,1.0,0.0,0.0001414197958603,1.0,0.0001351548410148,1.0,0.0,0.3434818868518289,2.677257949943856e-05,1.0,0.0,1.0,0.0001031275165441,1.0,0.0,1.0,0.0,6.54203620841598e-05,1.0,0.0065833504607211,0.0,9.717193159536516e-05,1.0,0.943826511804068,1.0,0.0003676609132862,1.0,0.0,1.0,0.0003798138096054,1.0,0.0,1.0,0.0010352132095212,1.0,0.0,1.0,8.55149140169148e-05,1.0,1.0,0.0,0.9907116879180674,0.9648709330357024,0.9931657007350316,7.091821317140311,0.6298482557224918,7.778360777917396,334.0,0.0,0.0,0.0,0.0,9.0,0.0,0.0,0.0,0.0,351.0,1.0
0.0046206153832621995,0.0229319494175801,0.00249919528398355,0.0009000000000739001,0.01328297730217525,0.00090001692366525,0.0597713905255839,1.012889023127708e-05,2.0205000000005787e-05,1.9389715470685885e-05,0.0012423982589858,0.067128550284514,7.597239274572874e-05,0.0002470343985497,1.0449025204487727e-05,0.0003493582571596,0.019780583424655,1.555237480132278e-07,1.2459934623193345e-07,1.7109014291011707e-07,0.0003511805781839,0.0010787208165509,7.312042686968533e-05,0.0022124254578266,1.4926550137339822e-08,0.0009675000000036,0.0,0.00432719450097685,1.0,0.00102942819663545,0.6241283467800682,0.00293174722496145,1.0,5.994997453585036e-05,0.0,0.0044740343684259495,0.6132639808286222,0.0006796020422633,0.0,0.0002244991342554,1.0,1.0,0.0001380165284832,1.0,1.0,1.7607038061618544e-15,1.0,1.0,2.0487719167995586e-08,0.0,0.0,6.783351135149655e-12,0.0,0.0,0.0001282489740091,1.0,1.0,0.0001989273391578,1.0,1.0,0.0002392351584862,1.0,0.0,0.0001417769376181,1.0,1.0,5.514442113271502e-10,1.0,1.0,0.0140826370923366,1.0,1.0,0.0132684041043698,1.0,0.0,5.311158938095795e-09,1.0,0.0,0.0335817534118719,1.0,0.0,1.180318519274702e-05,1.0,0.0,0.08772237444804963,1.0,1.0,0.0080378079171578,1.0,1.0,0.0001201545722574,1.0,1.0,0.0314679186154874,1.0,0.0,0.0003876305516629,1.0,2.4086389142635425,2.764147566295853,-0.0029841832477978,1.0,0.0172886058246421,1.0,0.0,2.5182000000171592e-05,1.0,0.0,0.0034596806213417,1.0,0.0,0.0007833739205206,1.0,0.0,2.8388633654927387e-05,1.0,1.0,0.0115381658537353,1.0,1.0,6.958989241060575e-06,1.0,1.0,2.9834041735641204e-05,1.0,0.0,0.0178940247405062,1.0,1.0,9.108004835181646e-06,1.0,0.0,0.000698582641058,1.0,0.0,3.8240805770305445e-05,1.0,0.0,0.017743169383548,1.0,0.0,2.869675460526961e-05,1.0,0.0,5.56096886317148e-20,1.0,1.0,4.751130489317232e-05,1.0,0.0,0.0682005353032108,1.0,0.0,0.0001104307547756,1.0,1.0,1.2973942708438416e-06,1.0,0.0,3.1816969344351285e-06,1.0,1.0,0.0001635344724831,1.0,1.0,0.0003669405218111,1.0,1.0,0.0055721741189078,1.0,1.0,2.8184692866872844e-05,1.0,0.0,1.6083000006715192e-06,1.0,0.0,0.043397199360811,1.0,0.0,0.0459543865158278,1.0,1.0,1.986897573335989e-07,1.0,0.0,3.060183600000002e-05,264690.0,0.0026145285243453,1.0,0.0001376162187383,0.0,2.393806448897924e-10,1.0,0.0,1.0,0.0011043659674654,1.0,0.0,1.0,0.0,0.0001357239333979,1.0,1.0,0.0,0.0002062647337699,1.0,1.0,0.0,0.001037761257251,1.0,0.0,0.0,0.0029969981142059,1.0,0.0,0.0,8.754879294044476e-05,1.0,0.0,0.0,6.023112407805567e-05,1.0,0.0,1.0,1.0,0.0001206513027812,1.0,0.0535471017039488,1.0,0.0,1.0,3.2107799303434815e-12,1.0,0.0,1.0,1.0,5.225235013506633e-10,1.0,0.0,1.0,0.0154788753710626,1.0,0.0,0.0,0.0038434775286585,1.0,0.0,0.0,0.0034662022031285,1.0,0.0,0.0,0.002548130430046,1.0,1.0,0.0,3.416716330628942e-05,1.0,0.0,0.0,0.0,0.000440785373662,0.0,4.861901071862349e-05,1.0,1.0,0.0,1.7308856438041314e-13,1.0,0.0,1.0,1.0,0.0640721317916028,1.0,1.0,0.0,0.0100795558728515,1.0,1.0,0.0,0.0038143972511112,1.0,0.0,1.0,0.0001042850664708,1.0,1.0,0.0,8.992531997220698e-05,1.0,1.0,1.0,0.0252590369972821,1.0,0.0,1.0,1.0,0.0018397331752207,1.0,0.0510973020228155,1.0,0.0,1.0,0.0008370011571411,1.0,0.0,1.0,1.5821371546692718e-05,1.0,0.0,1.0,0.0,1.2158905505853843e-09,1.0,1.0,0.0,6.042971074195212e-05,1.0,1.0,1.0,0.0015415337625205,1.0,0.0,1.0,0.0137775679723458,1.0,1.0,1.0,0.0010547424962344,1.0,0.0,1.0,0.0029551257935309,1.0,0.0,1.0,1.0,0.8986639431631582,1.0,1.8975163873595855,0.5039291538602231,4.970488209590933,18.0,838.0659580475025,264690.0,0.0,14889.951037712797,0.0,1.6990395585198341,4.970488209590933,-0.0029841832477978,1.505553642942413,19.0,0.05413105413105413
0.0046206153832621995,0.0229319494175801,0.00249919528398355,0.0009000000000739001,0.01328297730217525,0.00090001692366525,0.00026591101633890004,0.0002631454984931,0.00033392818126865,7.331502967708598e-05,8.548576025260417e-05,0.00029105821481259996,0.00024735873938155,0.0003512855291243,5.676888778292314e-05,0.0010449507369871,0.0005064409604892,0.0008358654805588999,0.00052051110905175,7.070207127557905e-05,9.091415319703556e-05,0.00020577500363135,0.0002983642629857,0.0002617540288247,0.0001651503821096,0.0015179245030616,0.0,0.00432719450097685,1.0,0.00102942819663545,0.6241283467800682,0.00293174722496145,1.0,5.994997453585036e-05,0.0,0.0044740343684259495,0.6132639808286222,0.0006796020422633,0.0,0.0012897750835987,1.0,0.0,0.0003065334790999,1.0,0.6126775856375599,0.0006118439679484,1.0,0.0,0.0001140642768167,1.0,0.0,4.5231767314469614e-05,1.0,0.0,0.000300342941749,1.0,1.0,0.0001730103806228,1.0,0.838949246584827,0.0001192267539485,1.0,1.0,0.0004563540475816,1.0,0.8297127294672082,0.0001009267887653,1.0,1.0,0.0002591730470281,1.0,1.0,0.0003414804871966,1.0,0.0,0.00053096647900015,1.0,1.0,0.00037577784272454996,1.0,0.0,0.000377107236627,1.0,1.0,0.0004090530981813,1.0,1.0,9.332191302040747e-05,1.0,0.01924737487351285,0.0001851516122612,1.0,0.0,0.00036563886477915,1.0,0.0,0.00031034097430555,1.0,5.294938741579168,2.044375707195402,0.4216728970315369,1.0,0.00094622228737275,1.0,0.0,0.00030161454166555,1.0,0.8684375368822927,0.00046449533842345,1.0,1.0,9.732505181296526e-05,1.0,0.0,0.0008223474541493,1.0,0.0,0.00042056105139965,1.0,1.0,6.357671017481105e-05,1.0,0.0,8.95186300711204e-05,1.0,0.0,6.86473451718226e-05,1.0,1.0,0.00012451700193175,1.0,0.7370038800720702,0.00041356743116115,1.0,1.0,0.00010771609799514197,1.0,1.0,0.00043539315559245,1.0,1.0,0.00010716288376599581,1.0,0.3544612469420235,0.00013930251401575,1.0,1.0,0.00020470352168515,1.0,1.0,0.00010241458773015292,1.0,1.0,0.00012846642023805002,1.0,1.0,0.0001173863472579,1.0,1.0,0.0003941170459816,1.0,1.0,0.00059357941590055,1.0,0.0,0.0005032711660119501,1.0,0.5,9.801045077654701e-05,1.0,0.0,8.520010267173671e-05,1.0,0.0,0.00018718664858345002,1.0,1.0,0.00015282011881505,1.0,0.5,0.00011340784905625,1.0,0.5,0.000914125365021,1.0,1.0,0.0002244141612071,264690.0,0.00045046316566120005,1.0,0.0001402200700634,0.0,0.0001288436060751,1.0,0.0,1.0,0.0002685248700077,1.0,1.0,1.0,0.0,0.0001476638702497,1.0,0.0,0.0,0.0001011006002661,1.0,0.2446546621430612,1.0,0.0001636726109917,1.0,1.0,1.0,0.0003639966311122,1.0,1.0,1.0,0.00216656541831115,1.0,0.0,0.0,6.023112407805567e-05,1.0,1.0,1.0,1.0,0.0001495623858082,0.0,0.0005471915173509,1.0,0.0,0.0,0.0002409110326885,1.0,1.0,1.0,1.0,0.0004966842211455,1.0,0.0,0.0,0.0004354336168333,1.0,0.0,1.0,0.0003353753618639,1.0,0.0,0.0,0.0001813389352387,1.0,0.0,0.5,0.0008732233762285999,1.0,0.0,1.0,0.0002798930458159,1.0,1.0,0.0,1.0,0.0003246990188076,0.0,0.0001111546724558,1.0,0.0,1.0,8.588548816066386e-05,1.0,0.0,1.0,1.0,0.0001448811360149,1.0,0.0,0.0,0.0001357907762031,1.0,0.0,0.0,0.0003097107657766,1.0,0.0,1.0,0.000101745555167,1.0,1.0,1.0,0.0011244437390187999,1.0,1.0,1.0,0.0013851914448922,1.0,1.0,1.0,0.0,0.0001414197958603,1.0,0.0001351548410148,1.0,0.0,0.3434818868518289,2.677257949943856e-05,1.0,0.0,1.0,0.0001031275165441,1.0,0.0,1.0,0.0,6.54203620841598e-05,1.0,0.0065833504607211,0.0,9.717193159536516e-05,1.0,0.943826511804068,1.0,0.0003676609132862,1.0,0.0,1.0,0.0003798138096054,1.0,0.0,1.0,0.0010352132095212,1.0,0.0,1.0,8.55149140169148e-05,1.0,1.0,0.0,0.0001598637704352832,1.0,0.0868903963483378,-0.3274085005001406,0.5257097449886193,-0.3089366521282157,334.0,0.0,0.0,0.0,0.0,0.0,0.9708047038349675,5.294938741579168,-0.3274085005001406,1.781784893113724,337.0,0.9601139601139601
0.0046206153832621995,0.0229319494175801,0.00249919528398355,0.0009000000000739001,0.01328297730217525,0.00090001692366525,0.0005931571537054,0.0628617888773685,4.289258093750085e-06,0.0013796552190466,0.056707267641143,5.760412156325072e-05,7.861405638332882e-05,1.9948170201457823e-05,4.0315826929379556e-11,0.0161994542993443,0.0029325729634605,0.0821893773693759,4.9214737768647565e-08,0.0217428534261619,6.843153896159842e-08,0.000180486352349,0.0001710397900499,0.0059511760455022,4.364317388811256e-10,4.6710000000000046e-05,0.0,0.00432719450097685,1.0,0.00102942819663545,0.6241283467800682,0.00293174722496145,1.0,5.994997453585036e-05,0.0,0.0044740343684259495,0.6132639808286222,0.0006796020422633,0.0,0.0012837063806529,1.0,0.0,1.2402066395546963e-06,1.0,1.0,0.0012735699576126,1.0,1.0,3.848287128150736e-06,1.0,0.0,1.0322375739736292e-10,0.0,0.0,0.09608491622685443,1.0,0.0,1.3827453248513746e-11,1.0,1.0,0.0001153094376417,1.0,1.0,5.548546782097532e-07,1.0,1.0,0.0001009267887653,0.0,0.0,0.0003375260867468,1.0,0.0,2.219163462559757e-06,1.0,1.0,0.0018654557917275,0.0,0.0,0.0230817046867076,1.0,0.0,1.6859579813244484e-05,1.0,0.0,0.060861094671661,0.0,0.0,4.342854200342663e-05,1.0,1.0,0.001710771234926,1.0,1.0,0.0003594140690377,1.0,0.0,0.0075881748182,0.0,5.444406271903073,5.731969334816508,3.821045422006969,0.0,0.0633432961927564,1.0,0.0,0.0078627207688191,1.0,1.0,0.0003755158892688,1.0,1.0,2.4975000008486404e-07,1.0,1.0,5.0685988294120816e-05,1.0,0.0,0.004035500809976,1.0,0.0,0.0028986011716238,1.0,1.0,3.4800847943855395e-05,1.0,1.0,9.071447922741516e-09,1.0,1.0,1.5240420952595238e-10,1.0,0.0,1.7795664942536733e-05,1.0,1.0,0.0684232570191432,1.0,0.0,0.0019694563707699,1.0,1.0,0.0517584353084713,1.0,0.0,8.729551587908255e-11,1.0,1.0,6.2384616204848e-05,1.0,1.0,0.0003281515494709,1.0,1.0,5.26428440833537e-06,1.0,1.0,0.0007630878417932,1.0,0.0,5.758863493024377e-07,1.0,0.0,1.7505000000000236e-05,1.0,0.0,0.0012573523941213,1.0,0.0,0.0003888280372387,1.0,0.0,3.466993584077956e-08,1.0,1.0,6.661223098895264e-08,1.0,1.0,0.0003822359310177,1.0,0.0,1.6055037516525396e-05,1.0,1.0,0.0661455759659013,1.0,1.0,0.0006566858614066,264690.0,0.0001191997865898,0.0,0.0023328599407074,0.0,5.43869747727724e-07,1.0,1.0,1.0,0.0001762395647239,1.0,0.0,1.0,1.0,1.6911615279338242e-09,1.0,0.0,1.0,0.052621555610709,1.0,1.0,0.0,2.143313765607748e-06,1.0,1.0,0.0,0.0001163533522285,1.0,1.0,0.0,0.0001213061650333,1.0,0.0,0.0,0.0012796677171325,1.0,0.0,0.0,1.0,0.0673472285491348,1.0,3.3208764626238097e-05,1.0,0.0,0.0,1.036018223561776e-18,1.0,1.0,1.0,0.0,0.0028877035639964,1.0,0.0,0.0,0.0376456126695488,1.0,1.0,0.0,1.811102622359672e-06,1.0,1.0,1.0,8.600646341767374e-05,1.0,0.0,0.0,8.59001136666256e-05,1.0,0.0,0.0,2.5501328849948647e-05,1.0,1.0,0.0,1.0,0.0057367330879118,1.0,0.09468501893317577,1.0,0.0,1.0,1.877345525712271e-05,1.0,0.0,1.0,0.0,7.035215827583278e-05,1.0,0.0,1.0,0.0026278256735183,1.0,1.0,0.0,0.0002865652311856,1.0,0.0,0.0,8.352018004082045e-05,1.0,1.0,1.0,0.0100851582833355,1.0,1.0,0.0,4.024928987010632e-06,1.0,0.0,1.0,0.0,6.403381124407408e-05,0.0,2.936483976483018e-18,1.0,0.0,0.0,2.677257949943856e-05,1.0,0.0,1.0,0.0113712602816108,1.0,1.0,1.0,0.0,1.042036901392626e-05,1.0,1.0,1.0,7.293620233909306e-08,1.0,0.0,0.0,2.631921160241407e-06,1.0,1.0,1.0,4.593708002066435e-05,1.0,1.0,0.0,0.0319149421434725,1.0,0.0,0.0,0.0707943661394718,1.0,1.0,1.0,0.9773510053186224,0.9648709330357024,0.947313646628336,6.635446231702143,0.6647802276567454,4.0941334414368304,18.0,838.0604790514997,264690.0,0.0,14889.951346860431,1.0,3.1825338865622452,6.635446231702143,0.6647802276567454,2.549102327351619,20.0,0.05698005698005698
0.0046206153832621995,0.0229319494175801,0.00249919528398355,0.0009000000000739001,0.01328297730217525,0.00090001692366525,2.249106934933684e-05,0.0006071400000165,0.0003189418442229,0.0116942524193897,6.321025842139904e-05,0.007982848340717,1.848051859940486e-09,0.0001085614595985,3.058154519532006e-05,0.0011594700482961,0.0012693504684278,8.928463819929243e-05,5.919042268011753e-05,0.0928120892568426,1.3241337961288385e-13,3.675871773059788e-12,0.001250751236944,0.0002083866037938,1.0591893792463565e-08,0.0006946365058753,0.0,0.00432719450097685,1.0,0.00102942819663545,0.6241283467800682,0.00293174722496145,1.0,5.994997453585036e-05,0.0,0.0044740343684259495,0.6132639808286222,0.0006796020422633,1.0,0.0012652335488378,1.0,1.0,0.0373929222041712,1.0,1.0,2.661561221635025e-07,1.0,1.0,0.08635875149500427,1.0,0.0,5.164717672790968e-07,1.0,1.0,0.0105879810682465,1.0,0.0,0.0001186874822386,1.0,1.0,7.257768473792762e-05,1.0,0.0,3.7833574888128753e-16,1.0,0.0,0.0079206030961385,1.0,1.0,0.0001700121041885,1.0,1.0,0.0005088484749277,1.0,0.0,0.0007521033054755,1.0,0.0,0.0061517526153395,1.0,0.0,4.2960802388530383e-05,1.0,1.0,2.532129275122956e-05,1.0,1.0,5.011858276928902e-06,1.0,1.0,0.0001261064805031,1.0,0.0,0.0234838547004618,1.0,0.0,0.0395558487868299,1.0,5.531527845565558,5.58354070735775,3.821045422006969,0.0,0.0447485808864556,1.0,0.0,0.0001210702570604,1.0,0.0,9.203916081622923e-05,1.0,0.0,2.1317096361707506e-07,1.0,0.0,0.0369609790778961,1.0,1.0,0.0073114662715301,1.0,0.0,1.045629724290909e-05,1.0,1.0,0.0209594960703835,1.0,1.0,0.004783010818403,1.0,1.0,7.576137399340439e-16,1.0,0.0,3.588205555228443e-05,1.0,0.0,0.0487462496069717,1.0,1.0,0.000486911384571,1.0,1.0,3.6638035822718832e-06,1.0,0.0,3.20532456054297e-05,1.0,0.0,0.011350748857959,1.0,1.0,0.026528612395668,1.0,0.0,1.0998031132647975e-05,1.0,1.0,3.869228445042129e-06,1.0,1.0,0.0005587663585203,1.0,1.0,2.7562085717811143e-05,1.0,0.0,0.024918143459801,1.0,0.0,0.001142502784501,1.0,0.0,0.00290291681323,1.0,1.0,0.0348619254714483,1.0,0.0,0.0004114804505349,1.0,1.0,1.731361616140931e-05,1.0,1.0,0.041452019087269,1.0,1.0,0.0002244141612071,264690.0,0.0019604757312502,0.0,0.0317910800698534,0.0,0.0248354775587709,1.0,0.0,1.0,1.9458435958410787e-06,1.0,0.0,1.0,1.0,2.5144701432241627e-05,1.0,1.0,0.0,0.000121786672154,1.0,0.0,1.0,0.009211731544518,1.0,0.0,1.0,1.5279500687104188e-06,1.0,0.0,1.0,0.0427502561922048,1.0,0.0,0.0,0.0020671423008605,1.0,1.0,0.0,1.0,3.20931023964116e-05,0.0,0.0004266558357523,1.0,0.0,1.0,0.0002060695744251,1.0,1.0,1.0,1.0,0.0241200296565181,1.0,1.0,0.0,0.0334158948866473,1.0,0.0,1.0,0.0394681708266472,1.0,0.0,0.0,1.5656000923605455e-10,1.0,0.0,1.0,0.0010253676964912,1.0,0.0,1.0,2.747229160388309e-07,1.0,0.0,0.0,1.0,5.035609416453156e-05,0.0,0.0021685973466461,1.0,1.0,0.0,0.0112517128137409,1.0,1.0,1.0,0.0,0.0047567032336301,1.0,0.0,1.0,1.353880921330583e-13,1.0,1.0,0.0,0.0007761692691369,1.0,1.0,0.0,8.745841083818131e-08,1.0,0.0,1.0,0.0040691093465404,1.0,0.0,0.0,2.723065663000024e-06,1.0,1.0,1.0,0.0,0.0007806209309249,1.0,0.0311691129434216,1.0,1.0,1.0,9.914516093942112e-06,1.0,0.0,0.0,0.0146412767216044,1.0,0.0,1.0,1.0,0.0569431103889354,1.0,0.0,0.0,0.0024089182957234,1.0,1.0,1.0,0.0015447801941142,1.0,1.0,0.0,0.0013498690777902,1.0,0.0,0.0,0.0010352132095212,1.0,0.0,1.0,0.0005786461962711,1.0,0.0,0.0,0.976458806497211,0.993963993502395,0.982890038516802,2.0677183770618064,0.679457421543541,8.413420756851352,18.0,838.0790731037756,264690.0,0.0,14889.950297622489,1.0,3.1536222433620518,8.413420756851352,0.679457421543541,2.9433057377642733,20.0,0.05698005698005698
0.0046206153832621995,0.0229319494175801,0.00249919528398355,0.0009000000000739001,0.01328297730217525,0.00090001692366525,0.00026591101633890004,0.0002631454984931,0.00033392818126865,7.331502967708598e-05,8.548576025260417e-05,0.00029105821481259996,0.00024735873938155,0.0003512855291243,5.676888778292314e-05,0.0010449507369871,0.0005064409604892,0.0008358654805588999,0.00052051110905175,7.070207127557905e-05,9.091415319703556e-05,0.00020577500363135,0.0002983642629857,0.0002617540288247,0.0001651503821096,0.0015179245030616,0.0,0.00432719450097685,1.0,0.00102942819663545,0.6241283467800682,0.00293174722496145,1.0,5.994997453585036e-05,0.0,0.0044740343684259495,0.6132639808286222,0.0006796020422633,0.0,0.0012897750835987,1.0,0.0,0.0003065334790999,1.0,0.6126775856375599,0.0006118439679484,1.0,0.0,0.0001140642768167,1.0,0.0,4.5231767314469614e-05,1.0,0.0,0.000300342941749,1.0,1.0,0.0001730103806228,1.0,0.838949246584827,0.0001192267539485,1.0,1.0,0.0004563540475816,1.0,0.8297127294672082,0.0001009267887653,1.0,1.0,0.0002591730470281,1.0,1.0,0.0003414804871966,1.0,0.0,0.00053096647900015,1.0,1.0,0.00037577784272454996,1.0,0.0,0.000377107236627,1.0,1.0,0.0004090530981813,1.0,1.0,9.332191302040747e-05,1.0,0.01924737487351285,0.0001851516122612,1.0,0.0,0.00036563886477915,1.0,0.0,0.00031034097430555,1.0,6.108964642963721,5.88409527207639,3.821045422006969,1.0,0.00094622228737275,1.0,0.0,0.00030161454166555,1.0,0.8684375368822927,0.00046449533842345,1.0,1.0,9.732505181296526e-05,1.0,0.0,0.0008223474541493,1.0,0.0,0.00042056105139965,1.0,1.0,6.357671017481105e-05,1.0,0.0,8.95186300711204e-05,1.0,0.0,6.86473451718226e-05,1.0,1.0,0.00012451700193175,1.0,0.7370038800720702,0.00041356743116115,1.0,1.0,0.00010771609799514197,1.0,1.0,0.00043539315559245,1.0,1.0,0.00010716288376599581,1.0,0.3544612469420235,0.00013930251401575,1.0,1.0,0.00020470352168515,1.0,1.0,0.00010241458773015292,1.0,1.0,0.00012846642023805002,1.0,1.0,0.0001173863472579,1.0,1.0,0.0003941170459816,1.0,1.0,0.00059357941590055,1.0,0.0,0.0005032711660119501,1.0,0.5,9.801045077654701e-05,1.0,0.0,8.520010267173671e-05,1.0,0.0,0.00018718664858345002,1.0,1.0,0.00015282011881505,1.0,0.5,0.00011340784905625,1.0,0.5,0.000914125365021,1.0,1.0,0.0002244141612071,264690.0,0.00045046316566120005,1.0,0.0001402200700634,0.0,0.0001288436060751,1.0,0.0,1.0,0.0002685248700077,1.0,1.0,1.0,0.0,0.0001476638702497,1.0,0.0,0.0,0.0001011006002661,1.0,0.2446546621430612,1.0,0.0001636726109917,1.0,1.0,1.0,0.0003639966311122,1.0,1.0,1.0,0.00216656541831115,1.0,0.0,0.0,6.023112407805567e-05,1.0,1.0,1.0,1.0,0.0001495623858082,0.0,0.0005471915173509,1.0,0.0,0.0,0.0002409110326885,1.0,1.0,1.0,1.0,0.0004966842211455,1.0,0.0,0.0,0.0004354336168333,1.0,0.0,1.0,0.0003353753618639,1.0,0.0,0.0,0.0001813389352387,1.0,0.0,0.5,0.0008732233762285999,1.0,0.0,1.0,0.0002798930458159,1.0,1.0,0.0,1.0,0.0003246990188076,0.0,0.0001111546724558,1.0,0.0,1.0,8.588548816066386e-05,1.0,0.0,1.0,1.0,0.0001448811360149,1.0,0.0,0.0,0.0001357907762031,1.0,0.0,0.0,0.0003097107657766,1.0,0.0,1.0,0.000101745555167,1.0,1.0,1.0,0.0011244437390187999,1.0,1.0,1.0,0.0013851914448922,1.0,1.0,1.0,0.0,0.0001414197958603,1.0,0.0001351548410148,1.0,0.0,0.3434818868518289,2.677257949943856e-05,1.0,0.0,1.0,0.0001031275165441,1.0,0.0,1.0,0.0,6.54203620841598e-05,1.0,0.0065833504607211,0.0,9.717193159536516e-05,1.0,0.943826511804068,1.0,0.0003676609132862,1.0,0.0,1.0,0.0003798138096054,1.0,0.0,1.0,0.0010352132095212,1.0,0.0,1.0,8.55149140169148e-05,1.0,1.0,0.0,0.9817863236642408,1.0,0.9774866868378628,8.124692694960219,0.5914701872468188,8.943001345633217,334.0,0.0,0.0,0.0,0.0,1.0,4.076437144172809,8.943001345633217,0.5914701872468188,3.5508637561451586,338.0,0.9629629629629629
0.0046206153832621995,0.0229319494175801,0.00249919528398355,0.0009000000000739001,0.01328297730217525,0.00090001692366525,0.00026591101633890004,0.0002631454984931,0.00033392818126865,7.331502967708598e-05,8.548576025260417e-05,0.00029105821481259996,0.00024735873938155,0.0003512855291243,5.676888778292314e-05,0.0010449507369871,0.0005064409604892,0.0008358654805588999,0.00052051110905175,7.070207127557905e-05,9.091415319703556e-05,0.00020577500363135,0.0002983642629857,0.0002617540288247,0.0001651503821096,0.0015179245030616,0.0,0.00432719450097685,1.0,0.00102942819663545,0.6241283467800682,0.00293174722496145,1.0,5.994997453585036e-05,0.0,0.0044740343684259495,0.6132639808286222,0.0006796020422633,0.0,0.0012897750835987,1.0,0.0,0.0003065334790999,1.0,0.6126775856375599,0.0006118439679484,1.0,0.0,0.0001140642768167,1.0,0.0,4.5231767314469614e-05,1.0,0.0,0.000300342941749,1.0,1.0,0.0001730103806228,1.0,0.838949246584827,0.0001192267539485,1.0,1.0,0.0004563540475816,1.0,0.8297127294672082,0.0001009267887653,1.0,1.0,0.0002591730470281,1.0,1.0,0.0003414804871966,1.0,0.0,0.00053096647900015,1.0,1.0,0.00037577784272454996,1.0,0.0,0.000377107236627,1.0,1.0,0.0004090530981813,1.0,1.0,9.332191302040747e-05,1.0,0.01924737487351285,0.0001851516122612,1.0,0.0,0.00036563886477915,1.0,0.0,0.00031034097430555,1.0,5.776355981393915,-0.4543977537877746,1.611126138966872,1.0,0.00094622228737275,1.0,0.0,0.00030161454166555,1.0,0.8684375368822927,0.00046449533842345,1.0,1.0,9.732505181296526e-05,1.0,0.0,0.0008223474541493,1.0,0.0,0.00042056105139965,1.0,1.0,6.357671017481105e-05,1.0,0.0,8.95186300711204e-05,1.0,0.0,6.86473451718226e-05,1.0,1.0,0.00012451700193175,1.0,0.7370038800720702,0.00041356743116115,1.0,1.0,0.00010771609799514197,1.0,1.0,0.00043539315559245,1.0,1.0,0.00010716288376599581,1.0,0.3544612469420235,0.00013930251401575,1.0,1.0,0.00020470352168515,1.0,1.0,0.00010241458773015292,1.0,1.0,0.00012846642023805002,1.0,1.0,0.0001173863472579,1.0,1.0,0.0003941170459816,1.0,1.0,0.00059357941590055,1.0,0.0,0.0005032711660119501,1.0,0.5,9.801045077654701e-05,1.0,0.0,8.520010267173671e-05,1.0,0.0,0.00018718664858345002,1.0,1.0,0.00015282011881505,1.0,0.5,0.00011340784905625,1.0,0.5,0.000914125365021,1.0,1.0,0.0002244141612071,264690.0,0.00045046316566120005,1.0,0.0001402200700634,0.0,0.0001288436060751,1.0,0.0,1.0,0.0002685248700077,1.0,1.0,1.0,0.0,0.0001476638702497,1.0,0.0,0.0,0.0001011006002661,1.0,0.2446546621430612,1.0,0.0001636726109917,1.0,1.0,1.0,0.0003639966311122,1.0,1.0,1.0,0.00216656541831115,1.0,0.0,0.0,6.023112407805567e-05,1.0,1.0,1.0,1.0,0.0001495623858082,0.0,0.0005471915173509,1.0,0.0,0.0,0.0002409110326885,1.0,1.0,1.0,1.0,0.0004966842211455,1.0,0.0,0.0,0.0004354336168333,1.0,0.0,1.0,0.0003353753618639,1.0,0.0,0.0,0.0001813389352387,1.0,0.0,0.5,0.0008732233762285999,1.0,0.0,1.0,0.0002798930458159,1.0,1.0,0.0,1.0,0.0003246990188076,0.0,0.0001111546724558,1.0,0.0,1.0,8.588548816066386e-05,1.0,0.0,1.0,1.0,0.0001448811360149,1.0,0.0,0.0,0.0001357907762031,1.0,0.0,0.0,0.0003097107657766,1.0,0.0,1.0,0.000101745555167,1.0,1.0,1.0,0.0011244437390187999,1.0,1.0,1.0,0.0013851914448922,1.0,1.0,1.0,0.0,0.0001414197958603,1.0,0.0001351548410148,1.0,0.0,0.3434818868518289,2.677257949943856e-05,1.0,0.0,1.0,0.0001031275165441,1.0,0.0,1.0,0.0,6.54203620841598e-05,1.0,0.0065833504607211,0.0,9.717193159536516e-05,1.0,0.943826511804068,1.0,0.0003676609132862,1.0,0.0,1.0,0.0003798138096054,1.0,0.0,1.0,0.0010352132095212,1.0,0.0,1.0,8.55149140169148e-05,1.0,1.0,0.0,0.9800039433729908,1.0,0.9162421049943008,1.0649856527922,0.6822970039556822,2.691314371352614,334.0,0.0,0.0,0.0,0.0,0.0,1.5853252714489778,5.776355981393915,-0.4543977537877746,1.7745418860632103,337.0,0.9601139601139601
0.0046206153832621995,0.0229319494175801,0.00249919528398355,0.0009000000000739001,0.01328297730217525,0.00090001692366525,0.00026591101633890004,0.0002631454984931,0.00033392818126865,7.331502967708598e-05,8.548576025260417e-05,0.00029105821481259996,0.00024735873938155,0.0003512855291243,5.676888778292314e-05,5.9367994760781e-06,1.3600562764380072e-09,0.052419160562768,0.0005344058985137,7.177519106346877e-08,0.0066495857508889,1.0349285407062147e-09,1.4618431656556424e-05,5.12310149478923e-19,0.0332278138645858,5.373533783412643e-05,0.0,0.00432719450097685,1.0,0.00102942819663545,0.6241283467800682,0.00293174722496145,1.0,5.994997453585036e-05,0.0,0.0044740343684259495,0.6132639808286222,0.0006796020422633,0.0,0.0012897750835987,1.0,0.0,0.0003065334790999,1.0,0.6126775856375599,0.0006118439679484,1.0,0.0,0.0001140642768167,1.0,0.0,4.5231767314469614e-05,1.0,0.0,0.000300342941749,1.0,1.0,0.0001730103806228,1.0,0.838949246584827,0.0001192267539485,1.0,1.0,0.0004563540475816,1.0,0.8297127294672082,0.0001009267887653,1.0,1.0,0.0002591730470281,1.0,1.0,0.0003414804871966,1.0,0.0,0.00053096647900015,1.0,1.0,0.00037577784272454996,1.0,0.0,0.000377107236627,1.0,1.0,0.0004090530981813,1.0,1.0,9.332191302040747e-05,1.0,0.01924737487351285,0.0001851516122612,1.0,0.0,0.00036563886477915,1.0,0.0,0.00031034097430555,1.0,5.35435141844272,5.181640615338484,3.821045422006969,1.0,0.00094622228737275,1.0,0.0,0.00030161454166555,1.0,0.8684375368822927,0.00046449533842345,1.0,1.0,9.732505181296526e-05,1.0,0.0,0.0008223474541493,1.0,0.0,0.00042056105139965,1.0,1.0,6.357671017481105e-05,1.0,0.0,8.95186300711204e-05,1.0,0.0,6.86473451718226e-05,1.0,1.0,0.00012451700193175,1.0,0.7370038800720702,0.00041356743116115,1.0,1.0,0.00010771609799514197,1.0,1.0,0.00043539315559245,1.0,1.0,0.00010716288376599581,1.0,0.3544612469420235,0.00013930251401575,1.0,1.0,0.00020470352168515,1.0,1.0,0.00010241458773015292,1.0,1.0,0.00012846642023805002,1.0,1.0,0.0001173863472579,1.0,1.0,0.0003941170459816,1.0,1.0,0.00059357941590055,1.0,0.0,0.0005032711660119501,1.0,0.5,9.801045077654701e-05,1.0,0.0,8.520010267173671e-05,1.0,0.0,0.00018718664858345002,1.0,1.0,0.00015282011881505,1.0,0.5,0.00011340784905625,1.0,0.5,0.000914125365021,1.0,1.0,0.0002244141612071,264690.0,0.00045046316566120005,1.0,0.0001402200700634,0.0,0.0001288436060751,1.0,0.0,1.0,0.0002685248700077,1.0,1.0,1.0,0.0,0.0001476638702497,1.0,0.0,0.0,0.0001011006002661,1.0,0.2446546621430612,1.0,0.0001636726109917,1.0,1.0,1.0,0.0003639966311122,1.0,1.0,1.0,0.00216656541831115,1.0,0.0,0.0,6.023112407805567e-05,1.0,1.0,1.0,1.0,0.0001495623858082,0.0,0.0005471915173509,1.0,0.0,0.0,0.0002409110326885,1.0,1.0,1.0,1.0,0.0004966842211455,1.0,0.0,0.0,0.0004354336168333,1.0,0.0,1.0,0.0003353753618639,1.0,0.0,0.0,0.0001813389352387,1.0,0.0,0.5,0.0008732233762285999,1.0,0.0,1.0,0.0002798930458159,1.0,1.0,0.0,1.0,0.0003246990188076,0.0,0.0001111546724558,1.0,0.0,1.0,8.588548816066386e-05,1.0,0.0,1.0,1.0,0.0001448811360149,1.0,0.0,0.0,0.0001357907762031,1.0,0.0,0.0,0.0003097107657766,1.0,0.0,1.0,0.000101745555167,1.0,1.0,1.0,0.0011244437390187999,1.0,1.0,1.0,0.0013851914448922,1.0,1.0,1.0,0.0,0.0001414197958603,1.0,0.0001351548410148,1.0,0.0,0.3434818868518289,2.677257949943856e-05,1.0,0.0,1.0,0.0001031275165441,1.0,0.0,1.0,0.0,6.54203620841598e-05,1.0,0.0065833504607211,0.0,9.717193159536516e-05,1.0,0.943826511804068,1.0,0.0003676609132862,1.0,0.0,1.0,0.0003798138096054,1.0,0.0,1.0,0.0010352132095212,1.0,0.0,1.0,8.55149140169148e-05,1.0,1.0,0.0,0.9907116879180674,0.9648709330357024,0.9931657007350316,7.091821317140311,0.6298482557224918,7.778360777917396,323.0,0.00844593916508173,0.052419160562768,1.745313142084605e-21,0.017639980025216995,9.0,0.0,0.0,0.0,0.0,339.0,0.9658119658119658
0.0046206153832621995,0.0229319494175801,0.00249919528398355,0.0009000000000739001,0.01328297730217525,0.00090001692366525,2.5124214270604165e-06,4.3195258155256063e-19,0.0024244996247391,0.0073871364185757,1.9175706597956615e-13,1.9252769574362753e-14,3.2373000756642647e-06,4.605537337028462e-05,5.153128789781297e-08,0.0010449507369871,0.0005064409604892,0.0008358654805588999,0.00052051110905175,7.070207127557905e-05,9.091415319703556e-05,0.00020577500363135,0.0002983642629857,0.0002617540288247,0.0001651503821096,0.0021690220577534,0.0,0.00432719450097685,1.0,0.00102942819663545,0.6241283467800682,0.00293174722496145,1.0,5.994997453585036e-05,0.0,0.0044740343684259495,0.6132639808286222,0.0006796020422633,0.0,9.98446899170658e-05,1.0,1.0,0.0010753721918316,1.0,0.0,0.0128328104170816,1.0,1.0,0.0042794993477197,1.0,1.0,3.804890971121031e-07,1.0,0.0,0.0223138991571902,1.0,0.0,7.470354418680268e-05,1.0,0.0,0.0046845290705977,1.0,1.0,0.0001111740127534,1.0,1.0,0.0076633436465255,1.0,1.0,1.344684635698496e-07,1.0,0.0,0.0003201795307411,1.0,1.0,0.0048759532787778,1.0,0.0,0.0004335542940719,1.0,0.0,0.0074307159393539,0.0,0.0,2.0521121159750672e-10,0.0,1.0,5.0418410820557774e-06,1.0,0.0,0.0011580126933399,0.0,1.0,3.504681045439885e-06,1.0,1.0,0.0013473648662665,1.0,4.573455943787139,3.924543696926401,3.821045422006969,0.0,2.220608987523652e-05,1.0,0.0,3.832806850727383e-06,1.0,0.0,0.07880005557799452,1.0,1.0,1.3468758686620812e-08,1.0,1.0,0.000544978343077,1.0,0.0,3.614437465039464e-06,1.0,1.0,3.469616430596735e-07,1.0,1.0,0.000514510225366,1.0,1.0,3.3957179726875424e-16,1.0,1.0,2.1417463344829843e-14,1.0,1.0,2.238647712545506e-08,1.0,1.0,3.834376960033188e-06,1.0,1.0,0.0739535184188965,1.0,1.0,6.602675023812283e-07,1.0,0.0,0.0377252133088141,1.0,0.0,1.2870735253124305e-05,1.0,0.0,0.0020703499531676,1.0,0.0,0.059175899542219,1.0,1.0,3.117837597573677e-05,1.0,1.0,1.6152443172810146e-05,1.0,0.0,0.0007993314885576,1.0,1.0,0.0005640027482066,1.0,1.0,1.0872275579115693e-24,1.0,0.0,0.0681495832037833,1.0,1.0,1.1422487257150617e-06,1.0,0.0,7.77843877904546e-12,1.0,0.0,6.085291093543901e-07,1.0,0.0,4.9929657021570486e-08,1.0,1.0,3.451669107109588e-06,264690.0,0.0252377453778757,1.0,0.0001402200700634,0.0,0.0001288436060751,1.0,0.0,1.0,0.0002685248700077,1.0,1.0,1.0,0.0,0.0001476638702497,1.0,0.0,0.0,0.0001011006002661,1.0,0.2446546621430612,1.0,0.0001636726109917,1.0,1.0,1.0,0.0003639966311122,1.0,1.0,1.0,0.00216656541831115,1.0,0.0,0.0,6.023112407805567e-05,1.0,1.0,1.0,1.0,0.0001495623858082,0.0,0.0005471915173509,1.0,0.0,0.0,0.0002409110326885,1.0,1.0,1.0,1.0,0.0004966842211455,1.0,0.0,0.0,0.0004354336168333,1.0,0.0,1.0,0.0003353753618639,1.0,0.0,0.0,0.0001813389352387,1.0,0.0,0.5,0.0008732233762285999,1.0,0.0,1.0,0.0002798930458159,1.0,1.0,0.0,1.0,0.0003246990188076,0.0,0.0001111546724558,1.0,0.0,1.0,8.588548816066386e-05,1.0,0.0,1.0,1.0,0.0001448811360149,1.0,0.0,0.0,0.0001357907762031,1.0,0.0,0.0,0.0003097107657766,1.0,0.0,1.0,0.000101745555167,1.0,1.0,1.0,0.0011244437390187999,1.0,1.0,1.0,0.0013851914448922,1.0,1.0,1.0,0.0,2.230164000001244e-06,0.0,0.001709404486688,1.0,0.0,1.0,3.972777332409641e-09,1.0,0.0,0.0,0.0334449664993584,1.0,0.0,1.0,0.0,9.200273365087336e-09,1.0,0.0,1.0,1.7530451476419232e-21,1.0,1.0,1.0,1.7584891609479458e-15,1.0,1.0,1.0,0.0120968089874442,1.0,1.0,0.0,3.553362868530522e-06,1.0,1.0,1.0,0.0139149099286876,1.0,0.0,0.0,0.9450344828467344,0.983048699787286,1.0,8.121141302993014,0.5995041287410845,11.934,136.0,1337.2752001983285,264690.0,0.0,18810.666566844502,1.0,4.010091031885207,11.934,0.5995041287410845,4.127677901509634,138.0,0.39316239316239315
0.024302636319777,1.1307740652202848e-08,8.982404236397263e-05,0.0009000000001478,0.0194086148532853,0.1530754745975986,0.0071338093612208,0.0004301104624908,0.0003421179387361,0.0052615297655396,0.0300270313273752,0.0202485279109877,0.0118043858325,0.0079878803517581,0.0831641309220948,0.0045380998615903,0.0008133679547011,3.776816510496826e-14,0.0003605607775052,0.0051962726754288,0.0846586641736086,0.0234742009623616,0.0193586620394889,0.0021285620332778,0.095760591199259,0.1178148084645661,1.0,0.0245315725863251,1.0,4.104506598225811e-10,0.0,0.0326063052489163,0.0,0.0008928571428571,1.0,0.0079659630096277,1.0,0.1670277066630509,0.0,0.0005565431517406,1.0,1.0,0.0022723207737719,1.0,0.0,0.0677687319110175,1.0,1.0,0.0006530179941933,1.0,0.0,0.0645212446482889,1.0,1.0,0.0020652894984585,1.0,0.0,0.0013539810687591,1.0,0.0,0.0029607062822225,1.0,0.0,0.0032883868493526,1.0,1.0,0.0012930263991167,1.0,1.0,0.0667487421103344,1.0,1.0,0.00294081007655,1.0,0.0,0.0007079472051473,1.0,1.0,0.0048236289115266,1.0,1.0,0.0022268504758689,1.0,1.0,0.0161769198731179,1.0,0.0,0.0020944787122577,1.0,1.0,0.0030126808202986,1.0,1.0,0.10075516878823466,1.0,1.0,0.09938002778828237,1.0,5.434272105045028,5.782678657593837,3.821045422006969,0.0,0.0013794536934763,1.0,1.0,0.0072883315296591,1.0,1.0,0.0143014988149731,1.0,1.0,0.0045688116697767,1.0,0.0,0.0022374468568731,1.0,0.0,0.0031599000000003,1.0,1.0,0.0012609,1.0,1.0,0.0022473000002724,1.0,1.0,0.0011621894020695,1.0,1.0,0.0006966004050597,1.0,0.0,0.0016614930167886,1.0,0.0,0.0023266212729793,1.0,1.0,0.0006444900008814,1.0,1.0,0.0003278729781892,1.0,1.0,0.09216268619636438,1.0,1.0,0.0019411170085161,1.0,1.0,0.0028530000838394,1.0,0.0,0.0162308564617842,1.0,0.0,0.0008766929803684,1.0,0.0,0.0007770600000804,1.0,1.0,0.00192385177724,1.0,1.0,0.10618764688928926,1.0,1.0,0.0645224443851268,1.0,1.0,0.0029736060181225,1.0,1.0,0.0249714266733926,1.0,1.0,0.0013635,1.0,0.0,0.0017030435763289,1.0,1.0,0.0007023312903631,1.0,1.0,0.0018329112513064,264690.0,0.11034309166712189,1.0,0.0145393488012522,0.0,0.0043614463695262,1.0,0.0,1.0,0.0002808498198543,1.0,1.0,1.0,0.1243187363740396,0.023192555477153,1.0,0.7950363739291237,0.0,0.0016913509825228,1.0,0.0,0.0,0.0077329753085818,1.0,1.0,0.0,0.0026730630026635,1.0,1.0,1.0,0.091391759947583,1.0,1.0,1.0,0.091429198211359,1.0,1.0,1.0,1.0,0.0131531920657973,0.7143720866860477,0.0005471915173509,1.0,0.0,1.0,0.0001686010097467,1.0,0.0,1.0,1.0,0.0038669247641072,1.0,0.0,1.0,0.0001526803150151,1.0,0.0,1.0,0.0054816377743563,1.0,0.0,1.0,0.0082915157961701,1.0,1.0,1.0,0.13753334963416472,1.0,1.0,1.0,0.10550501287238694,1.0,1.0,0.0,1.0,0.0275251913069386,0.0,0.0143716655656343,1.0,0.1726086263120501,1.0,0.0004575630763427,1.0,0.0,1.0,1.0,0.0040619387118882,1.0,1.0,0.0,0.0200672221727976,1.0,1.0,0.0,0.0012323821601842,1.0,0.0,1.0,0.0108807161861539,1.0,1.0,1.0,0.08733133513670156,1.0,1.0,1.0,0.15583073313102377,1.0,1.0,1.0,1.0,0.0068594760000177,0.0,0.0004921839004293,1.0,1.0,0.0,0.0300145853355834,1.0,0.0619225959678505,1.0,0.0003448753612366,1.0,0.0,1.0,0.0,0.0046950778815289,1.0,0.0,0.0,0.0004012308051294,1.0,0.0,1.0,0.000310880700172,1.0,1.0,1.0,0.0023408224145374,1.0,1.0,1.0,0.0832323400600952,1.0,1.0,1.0,0.09055697478743653,1.0,1.0,1.0,0.2948457461517854,0.9226875540437568,1.0,0.4402006967040895,0.5309009970518243,5.1123461340353895,0.0,792.9964711839822,264690.0,0.0,14483.164355969522,1.0,2.439741486328214,5.782678657593837,0.2948457461517854,2.5043385057712717,2.0,0.005698005698005698
0.0046206153832621995,0.0229319494175801,0.00249919528398355,0.0009000000000739001,0.01328297730217525,0.00090001692366525,0.00026591101633890004,0.0002631454984931,0.00033392818126865,7.331502967708598e-05,8.548576025260417e-05,0.00029105821481259996,0.00024735873938155,0.0003512855291243,5.676888778292314e-05,0.0010449507369871,0.0005064409604892,0.0008358654805588999,0.00052051110905175,7.070207127557905e-05,9.091415319703556e-05,0.00020577500363135,0.0002983642629857,0.0002617540288247,0.0001651503821096,0.0015179245030616,0.0,0.00432719450097685,1.0,0.00102942819663545,0.6241283467800682,0.00293174722496145,1.0,5.994997453585036e-05,0.0,0.0044740343684259495,0.6132639808286222,0.0006796020422633,1.0,0.0017380511788238,0.0,0.0,6.003812343659258e-09,0.10400000000000001,1.0,0.0399748686381082,1.0,0.0,8.263070374581532e-06,0.0,0.0,0.0219461935467247,1.0,1.0,0.000300342941749,1.0,1.0,2.2768090876667716e-09,1.0,0.0,1.978908621408778e-06,1.0,0.0,3.411047473713415e-06,1.0,0.0,5.452878715369942e-06,0.0,1.0,1.2802065657159066e-06,1.0,1.0,0.0006420798768828,1.0,0.0,1.0285122047568726e-09,0.0,0.0,0.0007237630414526,1.0,0.0,2.4556158825991893e-14,1.0,1.0,0.0077802146701157,1.0,0.0,3.5047904395527013e-06,1.0,1.0,0.0002872691649872,1.0,1.0,0.0002705389866805,1.0,0.0,0.0047638791263685,1.0,5.669066268078637,6.029847600700284,4.19531719489915,1.0,1.6277517736709844e-16,1.0,0.0,0.0059277007878177,1.0,1.0,2.0696731189134915e-06,1.0,1.0,5.170902616857129e-05,1.0,0.0,8.065800337087433e-07,1.0,1.0,0.0003076381312192,1.0,0.0,3.16736492404582e-19,1.0,0.0,0.0115824320713694,1.0,0.0,0.001016898211074,1.0,1.0,5.205616008173114e-11,1.0,1.0,1.3549135590911452e-14,1.0,0.0,1.0341002094912802e-06,1.0,1.0,5.388687147372391e-05,1.0,0.0,2.580229303017816e-07,1.0,1.0,3.6573179041905496e-11,1.0,0.0,0.0251449605288693,1.0,1.0,0.0005374251646115,1.0,1.0,6.092685435483934e-10,1.0,1.0,1.2787541260522996e-06,1.0,0.0,1.2046397009153184e-09,1.0,1.0,0.0137338448825311,1.0,1.0,7.570245667035358e-05,1.0,1.0,7.262321376932904e-06,1.0,1.0,0.0634156622555681,1.0,0.0,0.0017150300798291,1.0,0.0,1.2294459534511282e-06,1.0,0.0,0.0110200371731209,1.0,0.0,9.52406587435873e-06,1.0,1.0,0.0002244141612071,264690.0,0.0352831218897103,1.0,0.0001402200700634,0.0,0.0001288436060751,1.0,0.0,1.0,0.0002685248700077,1.0,1.0,1.0,0.0,0.0001476638702497,1.0,0.0,0.0,0.0001011006002661,1.0,0.2446546621430612,1.0,0.0001636726109917,1.0,1.0,1.0,0.0003639966311122,1.0,1.0,1.0,0.00216656541831115,1.0,0.0,0.0,6.023112407805567e-05,1.0,1.0,1.0,1.0,0.0001495623858082,0.0,0.0005471915173509,1.0,0.0,0.0,0.0002409110326885,1.0,1.0,1.0,1.0,0.0004966842211455,1.0,0.0,0.0,0.0004354336168333,1.0,0.0,1.0,0.0003353753618639,1.0,0.0,0.0,0.0001813389352387,1.0,0.0,0.5,0.0008732233762285999,1.0,0.0,1.0,0.0002798930458159,1.0,1.0,0.0,1.0,0.0003246990188076,0.0,0.0001111546724558,1.0,0.0,1.0,8.588548816066386e-05,1.0,0.0,1.0,1.0,0.0001448811360149,1.0,0.0,0.0,0.0001357907762031,1.0,0.0,0.0,0.0003097107657766,1.0,0.0,1.0,0.000101745555167,1.0,1.0,1.0,0.0011244437390187999,1.0,1.0,1.0,0.0013851914448922,1.0,1.0,1.0,0.0,0.0001414197958603,1.0,0.0001351548410148,1.0,0.0,0.3434818868518289,2.677257949943856e-05,1.0,0.0,1.0,0.0001031275165441,1.0,0.0,1.0,0.0,6.54203620841598e-05,1.0,0.0065833504607211,0.0,9.717193159536516e-05,1.0,0.943826511804068,1.0,0.0003676609132862,1.0,0.0,1.0,0.0003798138096054,1.0,0.0,1.0,0.0010352132095212,1.0,0.0,1.0,8.55149140169148e-05,1.0,1.0,0.0,0.990779038026536,0.9720709177570612,0.9985237129540856,9.889839914877005,0.6954983276962081,9.797170699859045,189.0,0.46378165941916866,1.0,0.0,0.4987484508830599,0.0,4.359790408316446,9.889839914877005,0.6954983276962081,3.7454794240840252,191.0,0.5441595441595442
0.0046206153832621995,0.0229319494175801,0.00249919528398355,0.0009000000000739001,0.01328297730217525,0.00090001692366525,4.741200008592415e-05,0.0489187376462374,0.0009426510024544,3.44347389933495e-05,1.0778688411822177e-19,0.0017484438630175,0.0001840421844591,0.0035755844071096,0.0002367150107166,0.021935363694179,0.0263666911450857,0.0144015916977698,9.398625872686889e-11,1.098261272658634e-16,0.0020960819596673,0.0038276286106679,9.289232829022254e-05,2.3213704399894624e-15,2.828589250869032e-12,0.0045839360253831,0.0,0.00432719450097685,1.0,0.00102942819663545,0.6241283467800682,0.00293174722496145,1.0,5.994997453585036e-05,0.0,0.0044740343684259495,0.6132639808286222,0.0006796020422633,0.0,9.322185768433176e-07,1.0,0.0,0.0008997539759096,1.0,0.0,0.0006936606201853,1.0,0.0,0.0007804256697096,1.0,0.0,0.0133620548665331,1.0,1.0,0.0010361086932518,1.0,1.0,0.0241040854910405,1.0,1.0,0.0036325459459064,1.0,1.0,0.0840758721663529,1.0,0.0,0.0006465287622,1.0,0.0,4.846076177669719e-17,1.0,0.0,3.128548585200932e-05,1.0,1.0,1.668600001250291e-05,1.0,0.0,6.30598334975106e-05,1.0,1.0,1.1536559617579012e-05,1.0,0.0,0.0036849401391964,1.0,1.0,0.0003286685853978,1.0,0.0,0.011546768852576,1.0,1.0,9.812098907028818e-05,1.0,0.0,0.0003461508856649,0.0,5.342430132987912,5.282125015661059,3.771902668299101,1.0,5.55103043851972e-06,1.0,1.0,0.0001032324839128,1.0,0.0,9.452992091273922e-21,1.0,1.0,0.0717223931882174,1.0,1.0,6.814947286137857e-05,1.0,0.0,9.64941721315974e-05,1.0,0.0,7.074462811097258e-06,1.0,0.0,0.0080434364827357,1.0,0.0,0.0102032476058299,1.0,1.0,9.778392320293182e-06,1.0,1.0,1.9359312234841256e-05,1.0,0.0,0.0274491826273306,1.0,0.0,0.0099670894986601,1.0,1.0,1.4526603768304754e-05,1.0,1.0,7.960252633439824e-05,1.0,1.0,0.0004403162374281,1.0,0.0,8.622900417016925e-05,1.0,1.0,8.86535675189568e-06,1.0,1.0,0.0072200010259854,1.0,1.0,0.0046189874011598,1.0,0.0,0.0011475848705785,1.0,0.0,5.420969042815816e-07,1.0,0.0,0.0041791837868739,1.0,0.0,2.389494911021369e-15,1.0,1.0,0.007069399964683,1.0,0.0,0.0017057126158037,1.0,0.0,3.63284841507254e-05,1.0,1.0,0.0070452706538633,1.0,0.0,5.784656007393199e-05,264690.0,9.81003969815926e-05,0.0,1.6455513604437003e-05,1.0,0.0336988717848952,1.0,0.0,1.0,5.284739871412262e-05,1.0,0.0,1.0,1.0,9.976778037877196e-18,1.0,0.6081514610500957,0.0,1.8713633408371773e-07,1.0,0.0,1.0,0.000372868044753,1.0,0.2919754569518618,1.0,0.0058045924491158,1.0,0.0,1.0,0.01002407742647,1.0,0.0,1.0,5.346826999021258e-13,1.0,1.0,0.0,1.0,0.001386188763988,0.0,0.0032211329911925,1.0,0.0,0.0,0.0626421638798274,1.0,0.0,1.0,1.0,0.0001196309192522,1.0,1.0,0.0,0.0014896345497315,1.0,0.0,0.0,1.9931526716924703e-10,1.0,0.0,0.0,4.1220385770438273e-05,1.0,0.0,0.0,8.472893625089764e-05,1.0,1.0,1.0,0.0366042079179428,1.0,1.0,0.0,0.0,0.0065462076926308,1.0,8.883019305217329e-08,1.0,0.0,1.0,5.208169243042206e-05,1.0,1.0,1.0,1.0,1.6459227496895552e-06,1.0,0.0,1.0,0.0309520269945319,1.0,1.0,1.0,0.06775465738611003,1.0,0.0,1.0,0.0002418245892544,1.0,1.0,0.0,3.0188153616810624e-05,1.0,1.0,1.0,0.0137232654584419,1.0,0.0,0.0,1.0,7.939142467397513e-05,1.0,4.241670641595222e-05,1.0,0.0,1.0,2.8890307496704595e-17,1.0,0.0,1.0,0.0001021695180684,1.0,1.0,1.0,0.0,0.0056297108206282,1.0,1.0,0.0,6.678285953248731e-05,1.0,0.0,1.0,1.4056961282437916e-05,1.0,0.0,0.0,5.873418006716516e-05,1.0,0.0,1.0,5.873478704461993e-05,1.0,1.0,0.0,1.0556102204909295e-05,1.0,0.0,1.0,1.0,1.0,0.9971417038276276,9.25251535601235,0.661891219452466,11.934,18.0,838.0779021871473,264690.0,0.0,14889.950363677244,0.0,4.360222899582279,11.934,0.661891219452466,4.047028979955867,19.0,0.05413105413105413
0.0046206153832621995,0.0229319494175801,0.00249919528398355,0.0009000000000739001,0.01328297730217525,0.00090001692366525,3.252340484567293e-05,7.727766887938279e-07,8.975480377685262e-15,3.115334295875237e-07,7.561150993600426e-07,5.13986761782934e-05,1.940967732938497e-05,0.0021197184548143,0.0169598204088651,1.1840297130085905e-05,1.6163360122664874e-06,0.054298131593456,0.0001784733712903,1.227585808956946e-05,3.867176232374851e-15,3.8375438581445326e-07,2.646190098855433e-05,4.898254063711772e-10,6.758320876045732e-17,0.0001987439387045,0.0,0.00432719450097685,1.0,0.00102942819663545,0.6241283467800682,0.00293174722496145,1.0,5.994997453585036e-05,0.0,0.0044740343684259495,0.6132639808286222,0.0006796020422633,0.0,0.0012897750835987,1.0,0.0,0.0003065334790999,1.0,0.6126775856375599,0.0006118439679484,1.0,0.0,0.0001140642768167,1.0,0.0,4.5231767314469614e-05,1.0,0.0,0.000300342941749,1.0,1.0,0.0001730103806228,1.0,0.838949246584827,0.0001192267539485,1.0,1.0,0.0004563540475816,1.0,0.8297127294672082,0.0001009267887653,1.0,1.0,0.0002591730470281,1.0,1.0,0.0003414804871966,1.0,0.0,0.00053096647900015,1.0,1.0,0.00037577784272454996,1.0,0.0,0.000377107236627,1.0,1.0,0.0004090530981813,1.0,1.0,9.332191302040747e-05,1.0,0.01924737487351285,0.0001851516122612,1.0,0.0,0.00036563886477915,1.0,0.0,0.00031034097430555,1.0,5.35435141844272,5.181640615338484,3.821045422006969,1.0,0.00094622228737275,1.0,0.0,0.00030161454166555,1.0,0.8684375368822927,0.00046449533842345,1.0,1.0,9.732505181296526e-05,1.0,0.0,0.0008223474541493,1.0,0.0,0.00042056105139965,1.0,1.0,6.357671017481105e-05,1.0,0.0,8.95186300711204e-05,1.0,0.0,6.86473451718226e-05,1.0,1.0,0.00012451700193175,1.0,0.7370038800720702,0.00041356743116115,1.0,1.0,0.00010771609799514197,1.0,1.0,0.00043539315559245,1.0,1.0,0.00010716288376599581,1.0,0.3544612469420235,0.00013930251401575,1.0,1.0,0.00020470352168515,1.0,1.0,0.00010241458773015292,1.0,1.0,0.00012846642023805002,1.0,1.0,0.0001173863472579,1.0,1.0,0.0003941170459816,1.0,1.0,0.00059357941590055,1.0,0.0,0.0005032711660119501,1.0,0.5,9.801045077654701e-05,1.0,0.0,8.520010267173671e-05,1.0,0.0,0.00018718664858345002,1.0,1.0,0.00015282011881505,1.0,0.5,0.00011340784905625,1.0,0.5,0.000914125365021,1.0,1.0,0.0002244141612071,264690.0,0.00045046316566120005,1.0,0.0001402200700634,0.0,0.0001288436060751,1.0,0.0,1.0,0.0002685248700077,1.0,1.0,1.0,0.0,0.0001476638702497,1.0,0.0,0.0,0.0001011006002661,1.0,0.2446546621430612,1.0,0.0001636726109917,1.0,1.0,1.0,0.0003639966311122,1.0,1.0,1.0,0.00216656541831115,1.0,0.0,0.0,6.023112407805567e-05,1.0,1.0,1.0,1.0,0.0001495623858082,0.0,0.0005471915173509,1.0,0.0,0.0,0.0002409110326885,1.0,1.0,1.0,1.0,0.0004966842211455,1.0,0.0,0.0,0.0004354336168333,1.0,0.0,1.0,0.0003353753618639,1.0,0.0,0.0,0.0001813389352387,1.0,0.0,0.5,0.0008732233762285999,1.0,0.0,1.0,0.0002798930458159,1.0,1.0,0.0,1.0,0.0003246990188076,0.0,0.0001111546724558,1.0,0.0,1.0,8.588548816066386e-05,1.0,0.0,1.0,1.0,0.0001448811360149,1.0,0.0,0.0,0.0001357907762031,1.0,0.0,0.0,0.0003097107657766,1.0,0.0,1.0,0.000101745555167,1.0,1.0,1.0,0.0011244437390187999,1.0,1.0,1.0,0.0013851914448922,1.0,1.0,1.0,0.0,0.0001414197958603,1.0,0.0001351548410148,1.0,0.0,0.3434818868518289,2.677257949943856e-05,1.0,0.0,1.0,0.0001031275165441,1.0,0.0,1.0,0.0,6.54203620841598e-05,1.0,0.0065833504607211,0.0,9.717193159536516e-05,1.0,0.943826511804068,1.0,0.0003676609132862,1.0,0.0,1.0,0.0003798138096054,1.0,0.0,1.0,0.0010352132095212,1.0,0.0,1.0,8.55149140169148e-05,1.0,1.0,0.0,0.9907116879180674,0.9648709330357024,0.9931657007350316,7.091821317140311,0.6298482557224918,7.778360777917396,314.0,0.003695631929357117,0.054298131593456,6.758320876045732e-17,0.01249702770008953,9.0,0.0,0.0,0.0,0.0,330.0,0.9401709401709402
0.0227824962937037,0.0567621491680525,0.0037256875348714,0.0009,6.248755380047715e-09,7.33877503225934e-06,7.404989884408053e-06,0.0030030820186562,0.0229597102988839,8.784394938828916e-13,2.2671000000095664e-05,7.996187128682007e-09,0.0001077819659817,6.862572893827576e-14,1.0433773045188296e-05,4.1373002138985154e-05,9.872249729855023e-10,0.0039120322441016,0.0110591247675757,0.0007653178082579,0.0001738454674463,8.476200079669989e-05,0.0279345084228465,0.0023730674676951,6.924458365034304e-13,0.0010454441882074,0.0,0.0001816933523857139,1.0,7.100597907366077e-15,0.0,0.0045503967207438,0.0,0.0050664965907011,0.0,0.0006594778073094,0.5475610909868115,3.239240879733358e-05,0.0,0.0004115182861501,1.0,1.0,1.7704705595033914e-05,1.0,0.0,5.991082992199653e-05,1.0,1.0,1.9342221784065502e-06,1.0,0.0,2.8326064365606204e-06,0.0,1.0,0.0001687802001597,1.0,1.0,0.0498280522495937,1.0,1.0,5.296610554135152e-05,1.0,0.0,0.0031038539312889,1.0,1.0,1.3502367796891171e-06,1.0,0.0,0.0006021922248358,1.0,1.0,0.0098777683370197,1.0,1.0,0.0065734323366643,0.0,1.0,0.0053456952421932,1.0,1.0,4.376530872296471e-06,1.0,0.0,0.0045637752459528,0.0,1.0,1.4028843516402413e-05,1.0,0.0,8.44929736987732e-09,1.0,0.0,0.0002537294297055,1.0,1.0,0.046443360349584,0.0,5.041595784487994,5.02230511932918,3.821045422006969,1.0,0.0004592702460734,1.0,0.0,0.0049228102597123,1.0,0.0,0.0323377248987347,1.0,0.0,2.7794028571241888e-05,1.0,1.0,2.5911000000675547e-06,1.0,0.0,1.5210000984017956e-05,1.0,1.0,5.5301647921971525e-09,1.0,1.0,9.209348355095485e-06,1.0,0.0,1.3722969024915997e-05,1.0,0.0,2.623464322011225e-05,1.0,0.0,0.0011590579350453,1.0,1.0,2.657475173365818e-06,1.0,0.0,0.0786312040110411,1.0,1.0,0.0110375122351775,1.0,1.0,4.171828880217428e-05,1.0,1.0,0.0004492721716989,1.0,1.0,0.0236130107466588,1.0,0.0,4.1946307592187386e-05,1.0,1.0,0.0703297180480619,1.0,1.0,7.604695728057186e-06,1.0,0.0,0.0059682031317545,1.0,0.0,3.849925115496029e-06,1.0,0.0,2.468788440809014e-05,1.0,0.0,6.67169539465362e-05,1.0,0.0,0.0002762599191939,1.0,0.0,4.265824185366803e-07,1.0,0.0,5.697264143655313e-05,1.0,0.0,0.0081971735496708,1.0,1.0,0.004839731456598,264690.0,0.0059659470543489,0.0,1.2557110196849294e-05,1.0,2.6464105790219916e-05,1.0,1.0,0.0,0.0081058503492218,1.0,1.0,1.0,0.0,0.0105800427940023,1.0,0.0,1.0,0.0497744642158508,1.0,1.0,0.0,3.8895332403652266e-08,1.0,1.0,0.0,9.308175028943844e-06,1.0,0.0,1.0,0.0002725938719915,1.0,0.0,0.0,2.2288122556833647e-05,1.0,0.0,0.0,1.0,7.396045539089034e-05,0.0,0.000545313902149,1.0,1.0,0.0,5.4450739159921713e-17,1.0,1.0,1.0,1.0,0.0792431940484543,1.0,1.0,0.0,0.0648178606877403,1.0,1.0,0.0,0.0802479332389677,1.0,0.0,1.0,8.762877010788097e-06,1.0,1.0,0.0,0.0033904393665816,1.0,1.0,0.0,1.044990958969161e-05,1.0,0.0,1.0,0.0,8.685103403561527e-06,0.0,8.68402558401785e-08,1.0,1.0,0.0,2.5112983538524818e-06,1.0,0.0,1.0,1.0,7.104862076184928e-07,1.0,0.0,1.0,0.0007889305467557,1.0,0.0,1.0,0.0650778076615912,1.0,0.0,1.0,1.4038547798705875e-05,1.0,0.0,0.0,6.722561749673791e-05,1.0,0.0,1.0,0.0002194368992915,1.0,1.0,1.0,1.0,0.0058743928221209,1.0,5.2895240463412885e-08,1.0,0.0,0.3434818868518289,0.0354311990168989,1.0,0.0,1.0,0.0155656110822052,1.0,0.0,1.0,1.0,8.760306625389138e-06,1.0,1.0,1.0,0.0014470090031397,1.0,1.0,0.0,0.0030606569723414,1.0,0.0,0.0,7.100478865306885e-05,1.0,1.0,0.0,0.0446220857269942,1.0,0.0,0.0,9.880740068732796e-06,1.0,0.0,0.0,0.9933944606371564,0.1832455035657749,0.9928569608807192,8.003869299795637,0.6660832838433467,11.195595086187987,0.0,792.9068996312193,264690.0,0.0,14483.169271826373,1.0,4.012368187340974,11.195595086187987,0.1832455035657749,4.030270559092142,2.0,0.005698005698005698
0.0046206153832621995,0.0229319494175801,0.00249919528398355,0.0009000000000739001,0.01328297730217525,0.00090001692366525,0.00026591101633890004,0.0002631454984931,0.00033392818126865,7.331502967708598e-05,8.548576025260417e-05,0.00029105821481259996,0.00024735873938155,0.0003512855291243,5.676888778292314e-05,0.0010449507369871,0.0005064409604892,0.0008358654805588999,0.00052051110905175,7.070207127557905e-05,9.091415319703556e-05,0.00020577500363135,0.0002983642629857,0.0002617540288247,0.0001651503821096,0.0015179245030616,0.0,0.00432719450097685,1.0,0.00102942819663545,0.6241283467800682,0.00293174722496145,1.0,5.994997453585036e-05,0.0,0.0044740343684259495,0.6132639808286222,0.0006796020422633,0.0,0.0012897750835987,1.0,0.0,0.0003065334790999,1.0,0.6126775856375599,0.0006118439679484,1.0,0.0,0.0001140642768167,1.0,0.0,4.5231767314469614e-05,1.0,0.0,0.000300342941749,1.0,1.0,0.0001730103806228,1.0,0.838949246584827,0.0001192267539485,1.0,1.0,0.0004563540475816,1.0,0.8297127294672082,0.0001009267887653,1.0,1.0,0.0002591730470281,1.0,1.0,0.0003414804871966,1.0,0.0,0.00053096647900015,1.0,1.0,0.00037577784272454996,1.0,0.0,0.000377107236627,1.0,1.0,0.0004090530981813,1.0,1.0,9.332191302040747e-05,1.0,0.01924737487351285,0.0001851516122612,1.0,0.0,0.00036563886477915,1.0,0.0,0.00031034097430555,1.0,6.134002427573346,6.17,3.766685358214563,1.0,0.00094622228737275,1.0,0.0,0.00030161454166555,1.0,0.8684375368822927,0.00046449533842345,1.0,1.0,9.732505181296526e-05,1.0,0.0,0.0008223474541493,1.0,0.0,0.00042056105139965,1.0,1.0,6.357671017481105e-05,1.0,0.0,8.95186300711204e-05,1.0,0.0,6.86473451718226e-05,1.0,1.0,0.00012451700193175,1.0,0.7370038800720702,0.00041356743116115,1.0,1.0,0.00010771609799514197,1.0,1.0,0.00043539315559245,1.0,1.0,0.00010716288376599581,1.0,0.3544612469420235,0.00013930251401575,1.0,1.0,0.00020470352168515,1.0,1.0,0.00010241458773015292,1.0,1.0,0.00012846642023805002,1.0,1.0,0.0001173863472579,1.0,1.0,0.0003941170459816,1.0,1.0,0.00059357941590055,1.0,0.0,0.0005032711660119501,1.0,0.5,9.801045077654701e-05,1.0,0.0,8.520010267173671e-05,1.0,0.0,0.00018718664858345002,1.0,1.0,0.00015282011881505,1.0,0.5,0.00011340784905625,1.0,0.5,0.000914125365021,1.0,1.0,0.0002244141612071,264690.0,0.00045046316566120005,1.0,0.0001402200700634,0.0,0.0001288436060751,1.0,0.0,1.0,0.0002685248700077,1.0,1.0,1.0,0.0,0.0001476638702497,1.0,0.0,0.0,0.0001011006002661,1.0,0.2446546621430612,1.0,0.0001636726109917,1.0,1.0,1.0,0.0003639966311122,1.0,1.0,1.0,0.00216656541831115,1.0,0.0,0.0,6.023112407805567e-05,1.0,1.0,1.0,1.0,0.0001495623858082,0.0,0.0005471915173509,1.0,0.0,0.0,0.0002409110326885,1.0,1.0,1.0,1.0,0.0004966842211455,1.0,0.0,0.0,0.0004354336168333,1.0,0.0,1.0,0.0003353753618639,1.0,0.0,0.0,0.0001813389352387,1.0,0.0,0.5,0.0008732233762285999,1.0,0.0,1.0,0.0002798930458159,1.0,1.0,0.0,1.0,0.0003246990188076,0.0,0.0001111546724558,1.0,0.0,1.0,8.588548816066386e-05,1.0,0.0,1.0,1.0,0.0001448811360149,1.0,0.0,0.0,0.0001357907762031,1.0,0.0,0.0,0.0003097107657766,1.0,0.0,1.0,0.000101745555167,1.0,1.0,1.0,0.0011244437390187999,1.0,1.0,1.0,0.0013851914448922,1.0,1.0,1.0,0.0,0.0001414197958603,1.0,0.0001351548410148,1.0,0.0,0.3434818868518289,2.677257949943856e-05,1.0,0.0,1.0,0.0001031275165441,1.0,0.0,1.0,0.0,6.54203620841598e-05,1.0,0.0065833504607211,0.0,9.717193159536516e-05,1.0,0.943826511804068,1.0,0.0003676609132862,1.0,0.0,1.0,0.0003798138096054,1.0,0.0,1.0,0.0010352132095212,1.0,0.0,1.0,8.55149140169148e-05,1.0,1.0,0.0,1.0,1.0,0.9732119367554356,9.78251225692616,0.5719896428762583,11.934,334.0,0.0,0.0,0.0,0.0,0.0,4.592489069149529,11.934,0.5719896428762583,4.2050032312599654,337.0,0.9601139601139601
0.0046206153832621995,0.0229319494175801,0.00249919528398355,0.0009000000000739001,0.01328297730217525,0.00090001692366525,0.00026591101633890004,0.0002631454984931,0.00033392818126865,7.331502967708598e-05,8.548576025260417e-05,0.00029105821481259996,0.00024735873938155,0.0003512855291243,5.676888778292314e-05,0.0010449507369871,0.0005064409604892,0.0008358654805588999,0.00052051110905175,7.070207127557905e-05,9.091415319703556e-05,0.00020577500363135,0.0002983642629857,0.0002617540288247,0.0001651503821096,0.0015179245030616,0.0,0.00432719450097685,1.0,0.00102942819663545,0.6241283467800682,0.00293174722496145,1.0,5.994997453585036e-05,0.0,0.0044740343684259495,0.6132639808286222,0.0006796020422633,1.0,0.0344622915828082,1.0,0.0,0.0091455499686869,1.0,0.0,4.2686129350155665e-08,1.0,1.0,0.0001477807330743,0.0,0.0,4.742498700270316e-15,0.0,1.0,4.472398177604041e-06,1.0,0.0,1.3340439265916034e-07,1.0,0.0,0.0003052033884917,1.0,1.0,0.0170785370660211,1.0,1.0,0.021400020736642,1.0,1.0,3.7539016977352753e-06,0.0,1.0,3.3512634029986255e-05,1.0,0.0,0.00053096647900015,1.0,1.0,0.00037577784272454996,1.0,0.0,0.000377107236627,1.0,1.0,0.0004090530981813,1.0,1.0,9.332191302040747e-05,1.0,0.01924737487351285,0.0001851516122612,1.0,0.0,0.00036563886477915,1.0,0.0,0.00031034097430555,1.0,5.675898347866527,5.232934464795686,4.188801718412391,1.0,0.00094622228737275,1.0,0.0,0.00030161454166555,1.0,0.8684375368822927,0.00046449533842345,1.0,1.0,9.732505181296526e-05,1.0,0.0,0.0008223474541493,1.0,0.0,0.00042056105139965,1.0,1.0,6.357671017481105e-05,1.0,0.0,8.95186300711204e-05,1.0,0.0,6.86473451718226e-05,1.0,1.0,0.00012451700193175,1.0,0.7370038800720702,0.00041356743116115,1.0,1.0,0.00010771609799514197,1.0,1.0,0.00043539315559245,1.0,1.0,0.00010716288376599581,1.0,0.3544612469420235,0.00013930251401575,1.0,1.0,0.00020470352168515,1.0,1.0,0.00010241458773015292,1.0,1.0,0.00012846642023805002,1.0,1.0,0.0001173863472579,1.0,1.0,0.0003941170459816,1.0,1.0,0.00059357941590055,1.0,0.0,0.0005032711660119501,1.0,0.5,9.801045077654701e-05,1.0,0.0,8.520010267173671e-05,1.0,0.0,0.00018718664858345002,1.0,1.0,0.00015282011881505,1.0,0.5,0.00011340784905625,1.0,0.5,0.000914125365021,1.0,1.0,3.400263991411043e-06,264690.0,0.0065641878619698,1.0,0.0001402200700634,0.0,0.0001288436060751,1.0,0.0,1.0,0.0002685248700077,1.0,1.0,1.0,0.0,0.0001476638702497,1.0,0.0,0.0,0.0001011006002661,1.0,0.2446546621430612,1.0,0.0001636726109917,1.0,1.0,1.0,0.0003639966311122,1.0,1.0,1.0,0.00216656541831115,1.0,0.0,0.0,6.023112407805567e-05,1.0,1.0,1.0,1.0,0.0001495623858082,0.0,0.0005471915173509,1.0,0.0,0.0,0.0002409110326885,1.0,1.0,1.0,1.0,0.0004966842211455,1.0,0.0,0.0,0.0004354336168333,1.0,0.0,1.0,0.0003353753618639,1.0,0.0,0.0,0.0001813389352387,1.0,0.0,0.5,0.0008732233762285999,1.0,0.0,1.0,0.0002798930458159,1.0,1.0,0.0,1.0,0.0003246990188076,0.0,0.0001111546724558,1.0,0.0,1.0,8.588548816066386e-05,1.0,0.0,1.0,1.0,0.0001448811360149,1.0,0.0,0.0,0.0001357907762031,1.0,0.0,0.0,0.0003097107657766,1.0,0.0,1.0,0.000101745555167,1.0,1.0,1.0,0.0011244437390187999,1.0,1.0,1.0,0.0013851914448922,1.0,1.0,1.0,0.0,0.0001414197958603,1.0,0.0001351548410148,1.0,0.0,0.3434818868518289,2.677257949943856e-05,1.0,0.0,1.0,0.0001031275165441,1.0,0.0,1.0,0.0,6.54203620841598e-05,1.0,0.0065833504607211,0.0,9.717193159536516e-05,1.0,0.943826511804068,1.0,0.0003676609132862,1.0,0.0,1.0,0.0003798138096054,1.0,0.0,1.0,0.0010352132095212,1.0,0.0,1.0,8.55149140169148e-05,1.0,1.0,0.0,1.0,0.965327101248452,0.954251419010444,8.304261725547011,0.678962171018183,8.743253398208669,294.0,6617.677228722164,264690.0,0.0,41851.09441354908,0.0,3.9715211495674847,8.743253398208669,0.678962171018183,3.238389789610203,297.0,0.8461538461538461
0.0046206153832621995,0.0229319494175801,0.00249919528398355,0.0009000000000739001,0.01328297730217525,0.00090001692366525,6.297566615065725e-07,0.0005022640797876,0.001170733586118,2.2150734647966063e-10,4.503359474583315e-09,1.6283630217223026e-05,8.094600000000965e-07,6.842585703129463e-07,1.0578400432139259e-11,0.0010449507369871,0.0005064409604892,0.0008358654805588999,0.00052051110905175,7.070207127557905e-05,9.091415319703556e-05,0.00020577500363135,0.0002983642629857,0.0002617540288247,0.0001651503821096,0.0368781269023163,0.0,0.00432719450097685,1.0,0.00102942819663545,0.6241283467800682,0.00293174722496145,1.0,5.994997453585036e-05,0.0,0.0044740343684259495,0.6132639808286222,0.0006796020422633,0.0,0.0012897750835987,1.0,0.0,0.0003065334790999,1.0,0.6126775856375599,0.0006118439679484,1.0,0.0,0.0001140642768167,1.0,0.0,4.5231767314469614e-05,1.0,0.0,0.000300342941749,1.0,1.0,0.0001730103806228,1.0,0.838949246584827,0.0001192267539485,1.0,1.0,0.0004563540475816,1.0,0.8297127294672082,0.0001009267887653,1.0,1.0,0.0002591730470281,1.0,1.0,0.0003414804871966,1.0,0.0,0.0044142078168962,1.0,1.0,1.8342082511482192e-06,1.0,1.0,6.979328076062142e-06,1.0,1.0,8.400276528749563e-05,1.0,1.0,3.2433916247705125e-11,1.0,1.0,6.962805646057574e-11,0.0,1.0,0.0007209901399394,1.0,0.0,2.677652047407288e-06,0.0,5.568646549096635,4.402131910732002,3.676701885320553,1.0,0.00094622228737275,1.0,0.0,0.00030161454166555,1.0,0.8684375368822927,0.00046449533842345,1.0,1.0,9.732505181296526e-05,1.0,0.0,0.0008223474541493,1.0,0.0,0.00042056105139965,1.0,1.0,6.357671017481105e-05,1.0,0.0,8.95186300711204e-05,1.0,0.0,6.86473451718226e-05,1.0,1.0,0.00012451700193175,1.0,0.7370038800720702,0.00041356743116115,1.0,1.0,0.00010771609799514197,1.0,1.0,0.00043539315559245,1.0,1.0,0.00010716288376599581,1.0,0.3544612469420235,0.00013930251401575,1.0,1.0,0.00020470352168515,1.0,1.0,0.00010241458773015292,1.0,1.0,0.00012846642023805002,1.0,1.0,0.0001173863472579,1.0,1.0,0.0003941170459816,1.0,1.0,0.00059357941590055,1.0,0.0,0.0005032711660119501,1.0,0.5,9.801045077654701e-05,1.0,0.0,8.520010267173671e-05,1.0,0.0,0.00018718664858345002,1.0,1.0,0.00015282011881505,1.0,0.5,0.00011340784905625,1.0,0.5,0.000914125365021,1.0,1.0,0.0002244141612071,264690.0,0.0001373343575257,1.0,0.0001402200700634,0.0,0.0001288436060751,1.0,0.0,1.0,0.0002685248700077,1.0,1.0,1.0,0.0,0.0001476638702497,1.0,0.0,0.0,0.0001011006002661,1.0,0.2446546621430612,1.0,0.0001636726109917,1.0,1.0,1.0,0.0003639966311122,1.0,1.0,1.0,0.00216656541831115,1.0,0.0,0.0,6.023112407805567e-05,1.0,1.0,1.0,1.0,0.0001495623858082,0.0,0.0005471915173509,1.0,0.0,0.0,0.0002409110326885,1.0,1.0,1.0,1.0,0.0004966842211455,1.0,0.0,0.0,0.0004354336168333,1.0,0.0,1.0,0.0003353753618639,1.0,0.0,0.0,0.0001813389352387,1.0,0.0,0.5,0.0008732233762285999,1.0,0.0,1.0,0.0002798930458159,1.0,1.0,0.0,1.0,0.0003246990188076,0.0,0.0001111546724558,1.0,0.0,1.0,8.588548816066386e-05,1.0,0.0,1.0,1.0,0.0001448811360149,1.0,0.0,0.0,0.0001357907762031,1.0,0.0,0.0,0.0003097107657766,1.0,0.0,1.0,0.000101745555167,1.0,1.0,1.0,0.0011244437390187999,1.0,1.0,1.0,0.0013851914448922,1.0,1.0,1.0,1.0,5.575824165367721e-07,0.0,0.0014963883961508,1.0,0.0,1.0,0.000536030500296,1.0,0.6283284181466853,1.0,1.366863840380162e-11,1.0,0.0,1.0,0.0,1.74874080133894e-06,1.0,1.0,0.0,0.0092044053563383,1.0,0.0,0.0,0.0058955502837353,1.0,0.0,1.0,0.0005587818384429,1.0,0.0,1.0,7.627852200029829e-07,1.0,0.0,0.0,7.440249957123781e-06,1.0,1.0,1.0,1.0,0.987501697222178,0.9999929034639125,6.267810960638554,0.5749525647213941,5.616232528019575,259.0,0.4091995686223055,1.0,0.0,0.4909722710123641,0.0,3.2326634443572004,6.267810960638554,0.5749525647213941,2.344913322203532,260.0,0.7407407407407407
0.0046206153832621995,0.0229319494175801,0.00249919528398355,0.0009000000000739001,0.01328297730217525,0.00090001692366525,8.076282355804897e-05,1.8628476718537417e-06,0.0257137732976502,0.001552501507141,0.0136385734518193,0.0003725186248086,4.622071469574088e-05,0.0002468794550071,3.0009249199973506e-07,0.0012230401753297,2.3488415978416583e-14,7.31910497134133e-05,0.0089154659186328,0.0006140268093816,8.669784382599805e-05,9.081470578010967e-12,7.158609034572006e-05,0.0004312703454401,0.0026644034508977,0.0015733441358804,0.0,0.00432719450097685,1.0,0.00102942819663545,0.6241283467800682,0.00293174722496145,1.0,5.994997453585036e-05,0.0,0.0044740343684259495,0.6132639808286222,0.0006796020422633,0.0,0.0003134573966173,1.0,1.0,0.0004495718614515,1.0,0.0,8.259430696984053e-05,1.0,1.0,8.802111520304416e-11,1.0,1.0,0.0342169043748416,0.0,0.0,0.000252702535969,1.0,1.0,1.155778154629325e-06,1.0,1.0,1.1139580046731676e-05,1.0,0.0,0.0005448192399614,1.0,1.0,0.0692707061554989,1.0,0.0,0.0071120179269114,1.0,1.0,0.0002813425468904,1.0,1.0,1.9039912569677467e-05,1.0,1.0,0.0027610594125092,1.0,0.0,0.0016182893288909,1.0,1.0,0.0018694913698219,1.0,0.0,0.0003703064505459,1.0,0.0,0.0002181303267758,1.0,0.0,0.0046358028202178,1.0,0.0,0.0078915875414399,1.0,4.474594102314874,0.4030821708492195,-0.786433777897082,0.0,1.2723551556492671e-05,1.0,1.0,0.0002450917149668,1.0,1.0,3.566944095220189e-05,1.0,1.0,0.0010503000000002,1.0,1.0,0.0141841450905986,1.0,1.0,0.0004474438923222,1.0,0.0,1.3781379951880806e-05,1.0,0.0,0.0009477244715973,1.0,1.0,0.0024627910215768,1.0,1.0,0.0135400317703059,1.0,0.0,0.0010775152463212,1.0,0.0,0.0001167635850537,1.0,0.0,0.002545977594615,1.0,1.0,0.0909477325587795,1.0,1.0,0.0228622420185084,1.0,0.0,0.0002041967409381,1.0,1.0,0.0002899973170595,1.0,1.0,0.0008829723714084,1.0,0.0,0.0001249285821381,1.0,1.0,0.0006803409976352,1.0,1.0,9.231445918850245e-05,1.0,1.0,1.576684062305269e-05,1.0,1.0,4.7058759287612855e-05,1.0,1.0,0.0261131824063718,1.0,0.0,0.0001551412720554,1.0,1.0,0.0512767418007956,1.0,0.0,0.000196367724903,1.0,1.0,0.001101896925985,1.0,0.0,0.0001020061247179,264690.0,0.0047710990124794,0.0,6.58111500000011e-05,0.0,8.839879132121994e-05,1.0,0.0,0.0,0.0002685248700077,1.0,0.0,1.0,0.0,0.0075428724547175,1.0,0.0,1.0,0.0164874630498466,1.0,1.0,0.0,4.922425025372403e-06,1.0,1.0,1.0,8.480118769579829e-05,1.0,0.0,1.0,0.0008382245733303,1.0,0.0,1.0,0.0015007847022815,1.0,1.0,1.0,0.0,0.0001255418853896,0.0,0.0266237360039788,1.0,0.0,0.0,7.881611732296796e-05,1.0,1.0,1.0,0.0,0.0014336951161394,1.0,0.0,0.0,0.0143375305564978,1.0,0.0,0.0,3.687958336184241e-13,1.0,0.0,0.0,0.0040434029107808,1.0,1.0,1.0,0.0001364338094552,1.0,0.0,0.0,3.3688214536306006e-11,1.0,0.0,0.0,0.0,0.0021166172936536,0.0,0.0001111546724558,1.0,0.0,0.0,6.0265800326436565e-05,1.0,1.0,1.0,1.0,0.0014492790041571,1.0,0.0,0.0,0.0209005839945762,1.0,0.0,1.0,0.0020877148235099,1.0,1.0,0.0,0.0001121151428022,1.0,0.0,1.0,0.0051986488782245,1.0,1.0,1.0,5.667192926512774e-05,1.0,1.0,1.0,0.0,0.0002889760486096,0.0,8.769779434789738e-05,1.0,0.0,1.0,3.092903130775578e-08,1.0,0.0,1.0,6.005849259668241e-05,1.0,0.0,1.0,1.0,0.0014316622623177,1.0,1.0,1.0,0.0006352074785746,1.0,0.0,1.0,0.0712271227963047,1.0,1.0,1.0,0.0684070058425127,1.0,0.0,1.0,0.0062668792393071,1.0,0.0,0.0,7.800157749532844e-06,1.0,1.0,1.0,0.009514617934316,0.1930320865111389,0.3611868551106723,-0.0863195435309562,-0.1437410746545956,0.8205771260515129,18.0,838.0812656232106,264690.0,0.0,14889.950173930292,0.0,0.5828325069654555,4.474594102314874,-0.786433777897082,1.5254085256900665,19.0,0.05413105413105413
0.0046206153832621995,0.0229319494175801,0.00249919528398355,0.0009000000000739001,0.01328297730217525,0.00090001692366525,0.0165555592737733,0.0001440625597314,0.0001113060129483,0.0782965720868194,2.760680878817596e-08,0.0328227153014896,4.0723388506384325e-06,0.0087560018621753,0.0020187617510744,0.0267549712215686,0.0634509103228231,0.0390496531310812,1.2186817238161638e-05,0.0002443165628291,0.0003937120597386,0.0057553052135623,1.085760278101773e-09,1.622675656266159e-05,0.000866766845941,0.0258837431037072,0.0,0.00432719450097685,1.0,0.00102942819663545,0.6241283467800682,0.00293174722496145,1.0,5.994997453585036e-05,0.0,0.0044740343684259495,0.6132639808286222,0.0006796020422633,1.0,0.0600243421269773,1.0,1.0,8.894300707186458e-08,1.0,0.0,0.0016136034195762,1.0,0.0,4.303502248005861e-05,1.0,0.0,4.652950575161568e-07,1.0,0.0,0.0238673280156731,1.0,1.0,0.0035195837013509,1.0,0.0,3.5752093328704346e-11,1.0,0.0,1.0354675402992427e-05,0.0,0.0,5.215278462493662e-16,1.0,0.0,3.8572424706838684e-08,1.0,1.0,1.9592588000627072e-05,1.0,1.0,3.7730030334246514e-05,0.0,1.0,0.0097380849997309,1.0,1.0,1.9703956896701874e-06,0.0,1.0,0.0130238119303851,0.0,0.0,0.033158380872191,1.0,1.0,1.716366235125276e-05,0.0,0.0,3.507996797611038e-06,1.0,0.0,1.914363252506117e-06,0.0,4.392996829610285,4.562420727379526,3.821045422006969,1.0,0.0009133203622791,1.0,0.0,0.0614063869596037,1.0,0.0,0.0690059762550723,1.0,1.0,0.0005119680383296,1.0,1.0,0.0002320373838153,1.0,1.0,6.924546062692527e-06,1.0,0.0,0.0546942999297678,1.0,0.0,0.0005364914938066,1.0,0.0,6.857872436880324e-08,1.0,1.0,0.0321535979739879,1.0,0.0,0.0001883864092919,1.0,1.0,8.991801590378688e-06,1.0,0.0,1.5633000000072797e-07,1.0,1.0,3.4278167625000133e-06,1.0,0.0,0.000182749063653,1.0,1.0,9.484206115451024e-06,1.0,0.0,0.0010484752649659,1.0,1.0,1.3996597514056169e-06,1.0,1.0,3.350773976701342e-06,1.0,0.0,0.0454923056234375,1.0,1.0,0.0002274105611962,1.0,0.0,0.0093699352424804,1.0,1.0,3.922200000027315e-07,1.0,0.0,0.002220283073752,1.0,0.0,3.720925036552009e-06,1.0,0.0,0.0222586895333175,1.0,1.0,3.628706075570485e-06,1.0,0.0,2.08531975592842e-07,1.0,1.0,0.0002244141612071,264690.0,3.0120959624363598e-05,0.0,4.524153926788844e-05,1.0,0.0003582306241208,1.0,1.0,1.0,2.5471930249506296e-12,1.0,1.0,1.0,1.0,1.1394311355682848e-11,1.0,0.0,0.0,1.0619655840925608e-18,1.0,1.0,1.0,4.689900927489626e-06,1.0,1.0,0.0,3.1056562907815184e-05,1.0,0.0,1.0,0.00216656541831115,1.0,0.0,0.0,7.616208928539841e-06,1.0,0.0,1.0,0.0,0.0003339945416431,1.0,6.943757469667137e-05,1.0,0.0,0.0,2.1069529640632053e-08,1.0,1.0,1.0,1.0,4.248829826530082e-06,1.0,1.0,0.0,8.303015878213753e-10,1.0,0.0,0.0,6.844670756593494e-06,1.0,1.0,0.0,0.0307103814367914,1.0,1.0,1.0,2.9615055279660583e-05,1.0,1.0,0.0,2.9484933951641875e-05,1.0,0.0,0.0,1.0,4.3541555960429565e-06,0.0,0.0007558632259198,1.0,1.0,1.0,0.0084321440812236,1.0,1.0,1.0,0.0,1.483560923454944e-13,1.0,1.0,0.0,0.0090112882810058,1.0,0.0,0.0,0.0309437429943264,1.0,0.0,1.0,0.0017851473456048,1.0,1.0,1.0,4.348895558195942e-05,1.0,0.0,1.0,0.0076203202845331,1.0,1.0,0.0,1.0,0.00183438630067,1.0,0.0010075342725456,1.0,0.0,1.0,0.0173254309218846,1.0,0.0,1.0,4.508537208092894e-18,1.0,1.0,1.0,1.0,6.54203620841598e-05,1.0,0.0,1.0,2.00438952899623e-05,1.0,0.0,1.0,0.0013529917462671,1.0,1.0,1.0,0.0002008417190934,1.0,0.0,1.0,0.000364960192966,0.0,0.0,0.0,0.0012414279316473,1.0,0.0,1.0,1.0,0.7224664157009434,0.9856233532694192,7.616084284642044,0.5989692570787524,11.559544085170996,25.0,0.44938631814642277,1.0,0.0,0.4955509028491523,1.0,3.9297631191064957,11.559544085170996,0.5989692570787524,3.9829955208773993,27.0,0.07692307692307693
0.0046206153832621995,0.0229319494175801,0.00249919528398355,0.0009000000000739001,0.01328297730217525,0.00090001692366525,0.00026591101633890004,0.0002631454984931,0.00033392818126865,7.331502967708598e-05,8.548576025260417e-05,0.00029105821481259996,0.00024735873938155,0.0003512855291243,5.676888778292314e-05,0.0010449507369871,0.0005064409604892,0.0008358654805588999,0.00052051110905175,7.070207127557905e-05,9.091415319703556e-05,0.00020577500363135,0.0002983642629857,0.0002617540288247,0.0001651503821096,0.0015179245030616,0.0,0.00432719450097685,1.0,0.00102942819663545,0.6241283467800682,0.00293174722496145,1.0,5.994997453585036e-05,0.0,0.0044740343684259495,0.6132639808286222,0.0006796020422633,0.0,0.0012897750835987,1.0,0.0,0.0003065334790999,1.0,0.6126775856375599,0.0006118439679484,1.0,0.0,0.0001140642768167,1.0,0.0,4.5231767314469614e-05,1.0,0.0,0.000300342941749,1.0,1.0,0.0001730103806228,1.0,0.838949246584827,0.0001192267539485,1.0,1.0,0.0004563540475816,1.0,0.8297127294672082,0.0001009267887653,1.0,1.0,0.0002591730470281,1.0,1.0,0.0003414804871966,1.0,0.0,0.00053096647900015,1.0,1.0,0.00037577784272454996,1.0,0.0,0.000377107236627,1.0,1.0,0.0004090530981813,1.0,1.0,9.332191302040747e-05,1.0,0.01924737487351285,0.0001851516122612,1.0,0.0,0.00036563886477915,1.0,0.0,0.00031034097430555,1.0,5.894353201874504,4.73994669645902,6.015909895537725,1.0,0.00094622228737275,1.0,0.0,0.00030161454166555,1.0,0.8684375368822927,0.00046449533842345,1.0,1.0,9.732505181296526e-05,1.0,0.0,0.0008223474541493,1.0,0.0,0.00042056105139965,1.0,1.0,6.357671017481105e-05,1.0,0.0,8.95186300711204e-05,1.0,0.0,6.86473451718226e-05,1.0,1.0,0.00012451700193175,1.0,0.7370038800720702,0.00041356743116115,1.0,1.0,0.00010771609799514197,1.0,1.0,0.00043539315559245,1.0,1.0,0.00010716288376599581,1.0,0.3544612469420235,0.00013930251401575,1.0,1.0,0.00020470352168515,1.0,1.0,0.00010241458773015292,1.0,1.0,0.00012846642023805002,1.0,1.0,0.0001173863472579,1.0,1.0,0.0003941170459816,1.0,1.0,0.00059357941590055,1.0,0.0,0.0005032711660119501,1.0,0.5,9.801045077654701e-05,1.0,0.0,8.520010267173671e-05,1.0,0.0,0.00018718664858345002,1.0,1.0,0.00015282011881505,1.0,0.5,0.00011340784905625,1.0,0.5,0.000914125365021,1.0,1.0,0.0002244141612071,264690.0,0.00045046316566120005,1.0,0.0001402200700634,0.0,0.0001288436060751,1.0,0.0,1.0,0.0002685248700077,1.0,1.0,1.0,0.0,0.0001476638702497,1.0,0.0,0.0,0.0001011006002661,1.0,0.2446546621430612,1.0,0.0001636726109917,1.0,1.0,1.0,0.0003639966311122,1.0,1.0,1.0,0.00216656541831115,1.0,0.0,0.0,6.023112407805567e-05,1.0,1.0,1.0,1.0,0.0001495623858082,0.0,0.0005471915173509,1.0,0.0,0.0,0.0002409110326885,1.0,1.0,1.0,1.0,0.0004966842211455,1.0,0.0,0.0,0.0004354336168333,1.0,0.0,1.0,0.0003353753618639,1.0,0.0,0.0,0.0001813389352387,1.0,0.0,0.5,0.0008732233762285999,1.0,0.0,1.0,0.0002798930458159,1.0,1.0,0.0,1.0,0.0003246990188076,0.0,0.0001111546724558,1.0,0.0,1.0,8.588548816066386e-05,1.0,0.0,1.0,1.0,0.0001448811360149,1.0,0.0,0.0,0.0001357907762031,1.0,0.0,0.0,0.0003097107657766,1.0,0.0,1.0,0.000101745555167,1.0,1.0,1.0,0.0011244437390187999,1.0,1.0,1.0,0.0013851914448922,1.0,1.0,1.0,0.0,0.0001414197958603,1.0,0.0001351548410148,1.0,0.0,0.3434818868518289,2.677257949943856e-05,1.0,0.0,1.0,0.0001031275165441,1.0,0.0,1.0,0.0,6.54203620841598e-05,1.0,0.0065833504607211,0.0,9.717193159536516e-05,1.0,0.943826511804068,1.0,0.0003676609132862,1.0,0.0,1.0,0.0003798138096054,1.0,0.0,1.0,0.0010352132095212,1.0,0.0,1.0,8.55149140169148e-05,1.0,1.0,0.0,1.0,0.962724473986014,0.9618270622939497,4.444178009587603,0.6474694869852291,7.224135115114842,334.0,0.0,0.0,0.0,0.0,0.0,3.5433937713154315,7.224135115114842,0.6474694869852291,2.6365442402665953,337.0,0.9601139601139601
0.0046206153832621995,0.0229319494175801,0.00249919528398355,0.0009000000000739001,0.01328297730217525,0.00090001692366525,3.135720215264952e-06,0.0007752224214173,3.623092492644248e-16,1.1214129333358951e-09,0.0010310577342402,0.0021094180908567,4.568544840267849e-05,1.3437124180089398e-08,4.4067885198485454e-14,0.0019734190214024,0.0492291817522443,2.049839405445535e-06,1.2013544961977764e-05,0.0762962505445231,0.0047984898077119,0.0058284445041454,0.047859937807327,0.0285962185070883,2.476200062830536e-11,1.323066684522062e-05,0.0,0.00432719450097685,1.0,0.00102942819663545,0.6241283467800682,0.00293174722496145,1.0,5.994997453585036e-05,0.0,0.0044740343684259495,0.6132639808286222,0.0006796020422633,0.0,0.0012897750835987,1.0,0.0,0.0003065334790999,1.0,0.6126775856375599,0.0006118439679484,1.0,0.0,0.0001140642768167,1.0,0.0,4.5231767314469614e-05,1.0,0.0,0.000300342941749,1.0,1.0,0.0001730103806228,1.0,0.838949246584827,0.0001192267539485,1.0,1.0,0.0004563540475816,1.0,0.8297127294672082,0.0001009267887653,1.0,1.0,0.0002591730470281,1.0,1.0,0.0003414804871966,1.0,1.0,0.0166073217614727,0.0,0.0,0.0176513701786878,1.0,0.0,0.09150214019175097,1.0,0.0,0.0001748992198404,1.0,1.0,0.0056181885280015,1.0,1.0,0.0021261507358904,1.0,0.0,3.40028020717657e-05,1.0,0.0,2.232169030792697e-06,0.0,4.93604986692449,4.914791366774751,3.2034584878006003,1.0,7.585614716719613e-06,1.0,0.0,0.0002084153341471,1.0,0.0,0.0569942791845347,1.0,0.0,0.0006685605719504,1.0,1.0,0.0009238270342855,1.0,1.0,3.2446669420184477e-06,1.0,0.0,4.396025457101033e-07,1.0,1.0,0.0462646530957419,1.0,0.0,0.0062773378068214,1.0,1.0,5.044489786790058e-12,1.0,1.0,0.0314622352335546,1.0,1.0,0.0719576721671134,1.0,1.0,1.7805462023717984e-06,1.0,1.0,6.216843160551735e-08,1.0,1.0,0.0316164168169827,1.0,1.0,0.0001633447803043,1.0,1.0,5.8724135644646965e-05,1.0,1.0,1.198344073241929e-09,1.0,1.0,5.726662109421608e-14,1.0,1.0,0.0019582822459702,1.0,0.0,2.556757104467802e-10,1.0,0.0,0.042691818717248,1.0,1.0,0.0180626669267791,1.0,1.0,0.0001296293724186,1.0,1.0,8.47985304455602e-15,1.0,0.0,1.5589965125866215e-09,1.0,1.0,2.4980982848459247e-14,1.0,1.0,1.1721611284237064e-07,1.0,1.0,0.0002244141612071,264690.0,0.0068725335586379,1.0,0.0422563695536178,1.0,2.809062667130019e-05,1.0,1.0,1.0,9.121308662689741e-13,1.0,1.0,1.0,1.0,0.0067407992110227,1.0,0.0,1.0,0.0057016371232457,1.0,0.0,1.0,0.0005024976153532,1.0,1.0,0.0,6.313397747768869e-10,1.0,1.0,1.0,0.00216656541831115,1.0,0.0,0.0,0.002760128895533,1.0,0.0,0.0,1.0,2.738410959691672e-07,1.0,0.0016871906966058,1.0,0.0,1.0,5.679830184918664e-06,1.0,1.0,1.0,0.0,7.091839552704692e-05,1.0,0.0,1.0,2.8583051862248684e-06,1.0,0.0,0.0,0.0659736338755013,1.0,0.5159437467103046,1.0,0.0009587595005965,1.0,1.0,0.5,0.0008732233762285999,1.0,0.0,0.0,0.0216598954437717,1.0,1.0,1.0,1.0,8.285334918831761e-06,1.0,1.399604672998606e-07,1.0,0.6938812965265343,1.0,0.0073767255850844,1.0,0.0,1.0,0.0,0.0679234047934045,1.0,0.0,1.0,0.0220081704632047,1.0,1.0,1.0,3.176821427052925e-06,1.0,0.0,0.0,1.004931e-05,1.0,0.0,0.0,0.0076328379821594,1.0,0.0,0.0,0.0138131316023135,1.0,1.0,0.0,0.0,0.0600355000342309,1.0,1.1977713734363131e-05,1.0,1.0,0.0,0.015972842777448,1.0,1.0,1.0,0.0149849586919313,1.0,1.0,1.0,0.0,0.0025146063077726,1.0,0.0,1.0,4.109996979116401e-07,1.0,1.0,0.0,3.311149618574493e-18,1.0,1.0,1.0,0.0026128426522804,1.0,0.0,1.0,1.3050859816698068e-05,1.0,0.0,1.0,2.000351542785138e-09,1.0,0.0,0.0,0.706836927499541,0.8990573003039212,0.987830698306156,3.3076419308666103,0.6938571568243167,11.320014242543976,65.0,0.48789743781210276,1.0,0.0,0.4953732478659266,0.0,3.4410597753160403,11.320014242543976,0.6938571568243167,3.428962391584233,66.0,0.18803418803418803
0.0057423931126235,8.665141136933971e-17,0.0177206999328178,0.0002325844009628,0.006353040375975,0.0084602687735615,0.0070435348418134,0.0023455028638893,0.0050609227349964,0.0173724584006439,0.054925132870689,0.0018198000174524,0.0266689054676187,0.0049586336469576,0.0048618157236753,0.0046278000121391,0.0014533349352252,0.0310821735236199,0.0387282386658799,0.003075674918386,0.0001247098821462,0.0021788149047733,0.0077274000677698,0.0039343534054604,0.0037512556306724,0.0179704185682368,0.0,0.0018096761866769,1.0,0.0078575989169179,1.0,0.0045312818744867,1.0,0.05019036753128926,1.0,0.0053693082233143,1.0,0.0009216725073251,1.0,0.0014945049701289,1.0,0.0,0.0228635982723752,1.0,0.0,0.0537461546542412,1.0,0.0,0.0049177870318861,1.0,0.0,0.000141773811774,1.0,1.0,0.0068992052478877,1.0,1.0,0.0025884773847247,1.0,1.0,0.0035664016149074,1.0,1.0,0.0079424388676055,1.0,1.0,0.0015923567311575,1.0,1.0,0.0229112997660228,1.0,1.0,0.0061272164037473,1.0,0.0,0.0763691569258635,1.0,1.0,0.0059216448678063,1.0,0.0,0.0033201000000334,1.0,0.0,0.0040050311214888,1.0,1.0,0.0071247317967216,1.0,1.0,0.004031254260172,1.0,1.0,0.0071067877080021,1.0,1.0,0.0036251361747475,1.0,5.96623988630903,4.147461343542615,4.48306694310991,0.0,0.0019754164029946,1.0,1.0,0.0065973997018605,1.0,1.0,0.0147003362731774,1.0,1.0,0.0044995174306257,1.0,1.0,0.0083565,1.0,1.0,0.09330531007723333,1.0,1.0,0.0459805395772717,1.0,1.0,0.0076383015869869,1.0,1.0,0.07990204733676445,1.0,1.0,0.0699496021078232,1.0,1.0,0.0060529158950959,1.0,1.0,0.0093592608152914,1.0,1.0,0.0020985634155201,1.0,0.0,0.0060719628670047,1.0,1.0,0.0039859770947748,1.0,1.0,0.0073693905483703,1.0,1.0,0.0031752,1.0,1.0,0.0019683054342477,1.0,1.0,0.0040290426132613,1.0,1.0,0.0032384608807086,1.0,1.0,0.0047619347701573,1.0,1.0,0.0056979034396812,1.0,1.0,0.0041843425898472,1.0,0.0,0.0518920185867139,1.0,1.0,0.0066672489297182,1.0,1.0,0.0014556978346506,1.0,1.0,0.0291376487933673,1.0,0.0,0.0192964649375173,1.0,1.0,0.0046956821624432,264690.0,0.0167760021081892,1.0,0.004483791,1.0,0.0411727101410191,1.0,1.0,1.0,0.0048918781857571,1.0,0.0,1.0,0.0,0.0023867755355932,1.0,0.0,1.0,1.0895074829464893e-07,1.0,0.0,1.0,0.0021740586525191,1.0,1.0,1.0,0.0072465707606011,1.0,0.0,1.0,0.0067033045976942,1.0,1.0,1.0,0.00533529,1.0,1.0,1.0,1.0,0.0045520636263879,1.0,0.0009664588412589,1.0,0.0,0.0,0.006154878777433,1.0,1.0,1.0,0.0,0.030860227922291,1.0,0.0,0.0,0.0213915771439831,1.0,0.0,1.0,0.0019561590197769,1.0,0.0,1.0,0.0064939230121147,1.0,1.0,1.0,0.1046988390596679,1.0,0.0,1.0,0.0053443876706902,1.0,0.0,0.0,1.0,0.007110406832874,1.0,0.0009028870102394,1.0,0.0,1.0,0.0049538624455028,1.0,0.0,1.0,1.0,9.253896095924252e-07,1.0,1.0,1.0,0.0013448214356299,1.0,0.0,1.0,0.0148403136810011,1.0,1.0,1.0,0.0074300606149815,1.0,0.0,1.0,0.0067849832502455,1.0,0.0,1.0,0.0048817232603763,1.0,1.0,0.0,1.0,0.0343623727517709,0.0,0.0014827376169197,1.0,0.0,1.0,0.0178348881642959,1.0,0.0,1.0,0.0326629661201524,1.0,0.0,1.0,1.0,0.0001216134011984,1.0,1.0,0.0,9.717193159536516e-05,1.0,0.0,1.0,0.002214302331888,1.0,0.0,1.0,0.0082540980000007,1.0,0.0,0.0,0.0167766328098815,1.0,1.0,1.0,0.0048024000549698,1.0,1.0,0.0,0.100823383902171,0.9625512566261768,0.1019004965107355,0.0232320246270915,-0.1881008473646139,-0.2550060231167259,0.0,793.0016350313809,264690.0,0.0,14483.164072757249,0.0,1.7046853849051542,5.96623988630903,-0.2550060231167259,2.4441198966888735,0.0,0.0
0.0046206153832621995,0.0229319494175801,0.00249919528398355,0.0009000000000739001,0.01328297730217525,0.00090001692366525,0.0095797337876411,7.548662440343585e-06,0.0836783825469921,2.7754149291837493e-07,0.0017170504127372,0.0027172504875314,2.672113966541954e-05,1.0194736889965004e-09,0.0240643255292931,0.000800743516432,2.400858134400079e-05,0.0701964879080448,0.0134130791301716,4.1376450135906e-11,7.310964775454289e-06,2.4638926032976923e-16,2.646e-05,2.7078975448631546e-08,0.0001202564827781,8.023314888095447e-05,0.0,0.00432719450097685,1.0,0.00102942819663545,0.6241283467800682,0.00293174722496145,1.0,5.994997453585036e-05,0.0,0.0044740343684259495,0.6132639808286222,0.0006796020422633,0.0,0.0060788344344538,1.0,1.0,0.000703969312923,1.0,1.0,1.4799168675772469e-08,1.0,1.0,1.3236563153585946e-12,1.0,1.0,5.19081023301878e-10,1.0,1.0,2.5719837933268133e-05,1.0,1.0,0.0536117088437473,1.0,0.0,0.0257114482566847,1.0,1.0,0.0001155920883638,1.0,0.0,5.203508555061975e-06,1.0,0.0,1.899440521165159e-05,1.0,0.0,0.0088097525852517,1.0,0.0,0.0017930250344744,1.0,1.0,1.4670000000004896e-05,1.0,0.0,0.0012025154152039,1.0,1.0,0.0357357213364466,0.0,1.0,2.138409617002508e-05,1.0,0.0,2.154876145087872e-07,1.0,0.0,0.0001942347442723,1.0,0.0,0.0002032852173016,1.0,5.242838920476556,5.339950638382355,3.821045422006969,0.0,3.4588643251376373e-10,1.0,1.0,0.0097951075660492,1.0,0.0,0.0010621164502359,1.0,1.0,2.580775752745195e-07,1.0,0.0,0.00757468470574,1.0,0.0,9.163453314359523e-06,1.0,0.0,0.0166144233942582,1.0,0.0,0.0024923065273162,1.0,1.0,0.0028758686806382,1.0,0.0,2.119728071384172e-05,1.0,0.0,0.0001390896753347,1.0,0.0,0.0001819911988384,1.0,0.0,1.1550590294419029e-07,1.0,0.0,0.0167050665493628,1.0,1.0,0.0019531495270956,1.0,0.0,1.7379942393036963e-05,1.0,0.0,3.991500000003725e-05,1.0,1.0,9.233437146232364e-05,1.0,1.0,3.90896472966061e-13,1.0,0.0,0.0051078575934583,1.0,0.0,0.0005009495436219,1.0,0.0,6.321193827751831e-06,1.0,1.0,2.6987498959598733e-06,1.0,0.0,4.17960267093065e-24,1.0,1.0,0.0002643900563943,1.0,1.0,0.029007470468698,1.0,0.0,0.07947927085571593,1.0,0.0,5.192146987778012e-07,1.0,1.0,0.0001711416385976,264690.0,0.000195235389548,1.0,0.0009922062707587,1.0,0.08091509593412148,1.0,0.0,0.0,0.0098010673245981,1.0,1.0,1.0,0.0,9.323495930949452e-05,1.0,1.0,1.0,0.0191940613901437,1.0,0.6957344750674087,0.0,1.344096645392915e-08,1.0,0.5178280524034261,1.0,7.775622618241985e-16,1.0,1.0,1.0,0.00216656541831115,1.0,0.0,0.0,2.730517420853433e-12,1.0,0.0,0.0,0.0,0.0049247968983121,1.0,0.0024021253980169,1.0,1.0,1.0,6.1050142505501e-05,1.0,1.0,1.0,1.0,0.0008198728983153,1.0,1.0,0.0,0.026105845553256,1.0,0.0,0.0,1.597670935095036e-07,1.0,1.0,0.0,1.7544520944128174e-05,1.0,0.0,1.0,0.0386729679211477,1.0,1.0,0.0,3.275727163196615e-05,1.0,1.0,0.0,1.0,1.2976370057262009e-05,0.0,3.662066631946768e-06,1.0,0.0,0.0,5.376426307826178e-13,1.0,1.0,1.0,1.0,0.001908120306779,1.0,0.0,1.0,4.188156946015548e-09,1.0,0.0,0.0,0.0024751864288201,1.0,0.0,1.0,2.0102760009917167e-05,1.0,1.0,1.0,2.940795000028639e-05,1.0,0.0,1.0,0.0019224182524711,1.0,0.0,1.0,0.0,0.0045324481060214,0.0,5.512900820096725e-06,1.0,1.0,0.0,8.190441059514534e-07,1.0,0.693200020252599,0.0,4.319395638575869e-06,1.0,0.0,1.0,1.0,2.843925251827664e-05,1.0,0.0,0.0,0.000511561980362,1.0,1.0,1.0,0.0002355618237815,1.0,1.0,0.0,0.0005879019057679,1.0,0.0,1.0,3.2025724871634145e-05,1.0,1.0,1.0,2.585813111811092e-05,1.0,0.0,0.0,1.0,0.9177252898340974,0.9852044068559896,9.17100081979176,0.7028933937674682,11.699012406031848,22.0,848.8128893697492,264690.0,0.0,14985.095000065385,1.0,4.382328234392509,11.699012406031848,0.7028933937674682,4.253487318857879,24.0,0.06837606837606838
0.0046206153832621995,0.0229319494175801,0.00249919528398355,0.0009000000000739001,0.01328297730217525,0.00090001692366525,1.8486927250844824e-06,1.3738351007633444e-05,2.9677957840746627e-06,4.533552745685172e-10,2.2680001556177485e-05,3.145049905307092e-08,8.86730281869087e-06,1.8856502424678215e-23,0.000148091371047,0.0010449507369871,0.0005064409604892,0.0008358654805588999,0.00052051110905175,7.070207127557905e-05,9.091415319703556e-05,0.00020577500363135,0.0002983642629857,0.0002617540288247,0.0001651503821096,2.2783559755956703e-05,0.0,0.00432719450097685,1.0,0.00102942819663545,0.6241283467800682,0.00293174722496145,1.0,5.994997453585036e-05,0.0,0.0044740343684259495,0.6132639808286222,0.0006796020422633,1.0,0.0023514396915122,1.0,0.0,8.817735153967501e-09,1.0,0.0,0.0001410208295406,1.0,1.0,2.9985090561579935e-13,0.0,1.0,0.0111767256973848,1.0,0.0,0.0029113787909125,1.0,1.0,0.0109407816271516,0.0,0.0,1.612806813214559e-05,1.0,0.0,0.0024534434769725,1.0,1.0,1.0952860552378022e-11,1.0,0.0,2.199931481633268e-08,0.0,0.0,0.0118577738971647,1.0,0.0,0.0011449361332633,1.0,1.0,3.973309575946863e-05,1.0,1.0,1.1271513048133992e-05,1.0,1.0,0.0012997383953012,1.0,0.0,8.510712111126901e-09,1.0,0.0,3.485329606643786e-05,1.0,0.0,0.0003702872017326,1.0,1.0,0.0011786569873539,1.0,4.795208667047545,5.183416663467083,3.821045422006969,1.0,0.0019836275427566,1.0,1.0,0.0905619650974579,1.0,0.0,5.6215707118083335e-05,1.0,1.0,6.325408001049834e-07,1.0,0.0,0.0002897660697719,1.0,0.0,0.0013245782074631,1.0,1.0,0.0381041524923094,1.0,0.0,4.58307535596086e-06,1.0,0.0,7.629652353298865e-20,1.0,1.0,0.0025596600086699,1.0,0.0,5.42621344236436e-05,1.0,1.0,0.0164352326000333,1.0,1.0,6.713501769348375e-07,1.0,1.0,0.0048684495270305,1.0,0.0,0.021459131682928,1.0,0.0,1.3579139642553675e-06,1.0,1.0,0.0341305430548317,1.0,1.0,5.3424e-05,1.0,0.0,1.4389681216041386e-05,1.0,0.0,2.3198880699330647e-08,1.0,0.0,0.0016854170847446,1.0,1.0,0.0010377866898429,1.0,0.0,0.0004272808592229,1.0,1.0,0.0003191616716363,1.0,0.0,0.0125680590899115,1.0,0.0,0.0809460120175107,1.0,0.0,6.045169064798448e-05,1.0,0.0,0.0001188797098561,1.0,1.0,0.0002244141612071,264690.0,0.000134919542464,1.0,0.06730926677284463,1.0,5.424975775209779e-09,1.0,0.0,0.0,5.403181953561177e-09,1.0,0.0,1.0,1.0,9.196519097466685e-08,1.0,1.0,0.0,0.0015214146118802,1.0,1.0,0.0,6.768600802015716e-05,1.0,1.0,1.0,5.59844829704802e-17,1.0,1.0,1.0,0.00216656541831115,1.0,0.0,1.0,0.0001417993882686,1.0,1.0,1.0,1.0,0.0012209546457082,1.0,5.048087388728495e-05,1.0,0.0,1.0,5.911447205248148e-05,1.0,0.0,1.0,0.0,0.0007173399285382,1.0,0.0,0.0,0.0007492159780935,1.0,0.0,1.0,0.0097652283643673,1.0,0.0,1.0,0.0027643960707822,1.0,0.0,1.0,5.122451951726132e-05,1.0,0.0,1.0,1.0729044095989275e-07,1.0,0.0,1.0,1.0,0.005087991597965,0.0,2.0495586565521143e-11,1.0,0.0,0.0,9.212021966735088e-15,1.0,0.0,1.0,1.0,0.056386269598798,1.0,0.0,0.0,0.0001350807822635,1.0,0.0,0.0,5.419781842482504e-05,1.0,1.0,1.0,3.638102429514508e-05,1.0,0.0,0.0,0.0001352090349528,1.0,0.0,1.0,0.0043714456743609,1.0,0.0,0.0,1.0,0.0059289490016011,0.0,3.1944509982498887e-09,1.0,1.0,0.0,1.6123529952783192e-08,1.0,1.0,0.0,0.0003113715373759,1.0,1.0,1.0,1.0,5.912449560492216e-07,1.0,1.0,1.0,9.552900979861414e-05,1.0,0.0,1.0,0.0002840888605683,1.0,1.0,1.0,0.0263484274722001,1.0,1.0,1.0,2.0062275869550597e-05,1.0,0.0,1.0,6.379512543470432e-07,1.0,1.0,1.0,1.0,1.0,1.0,9.756960586393667,-0.2151209454476352,8.122576898728884,35.0,0.47337524988290064,1.0,0.0,0.4984074617748699,1.0,3.830380233773693,9.756960586393667,-0.2151209454476352,3.716913945864543,37.0,0.10541310541310542
0.0046206153832621995,0.0229319494175801,0.00249919528398355,0.0009000000000739001,0.01328297730217525,0.00090001692366525,3.694502776359179e-06,0.0238563679052163,4.749495406540217e-07,8.960380064794665e-07,1.8694366054430982e-13,0.0041233522140182,0.0001121731437805,0.0283944750737684,7.615249796028764e-05,2.365200004221538e-05,0.0002202268418752,0.0101846990224016,0.0012741948032327,1.2353676836148743e-10,5.219870028739084e-07,0.0001827216787671,0.0010860765140532,5.429001264185645e-13,0.0199788713651268,0.007298747530952,0.0,0.00432719450097685,1.0,0.00102942819663545,0.6241283467800682,0.00293174722496145,1.0,5.994997453585036e-05,0.0,0.0044740343684259495,0.6132639808286222,0.0006796020422633,0.0,0.0268678648588702,1.0,0.0,0.09026147286660623,1.0,1.0,0.0093804495204229,1.0,1.0,1.142390438690159e-05,0.0,0.0,6.631683365607424e-19,0.0,0.0,8.807377529855752e-07,1.0,0.0,3.776669829195425e-06,1.0,0.0,0.0053413572696204,1.0,1.0,0.0045094543388479,1.0,1.0,9.679141919537119e-11,1.0,1.0,0.0153993390346281,1.0,0.0,0.0400515301486927,1.0,0.0,0.00053096647900015,1.0,1.0,0.00037577784272454996,1.0,0.0,0.000377107236627,1.0,1.0,0.0004090530981813,1.0,1.0,9.332191302040747e-05,1.0,0.01924737487351285,0.0001851516122612,1.0,0.0,0.00036563886477915,1.0,0.0,0.00031034097430555,1.0,5.201388949503687,5.725500992186209,3.821045422006969,0.0,4.041626481811258e-08,1.0,0.0,8.96218340139098e-06,1.0,0.0,1.4624775476378452e-16,1.0,0.0,5.023916843542141e-08,1.0,0.0,3.8835060059372765e-06,1.0,0.0,2.091735623238133e-06,1.0,1.0,3.053492745757604e-08,1.0,0.0,0.0853270607531296,1.0,0.0,2.6285267984211947e-09,1.0,0.0,0.0591913246070232,1.0,0.0,0.0003333067620687,1.0,0.0,2.4590543760395628e-05,1.0,0.0,0.08012062074550697,1.0,1.0,0.0349655114667086,1.0,1.0,0.0014904284205796,1.0,0.0,3.981654922835135e-06,1.0,0.0,1.5021007456633952e-05,1.0,0.0,0.0055925675510555,1.0,1.0,1.6275614047566142e-09,1.0,0.0,0.0004163843608388,1.0,1.0,0.0110764491403865,1.0,0.0,5.270183335608676e-13,1.0,0.0,0.0005031491313991,1.0,1.0,7.156218389696463e-25,1.0,1.0,0.0233674961827418,1.0,0.0,6.937840747863512e-07,1.0,0.0,0.0139142117788099,1.0,0.0,0.0072764950303097,1.0,0.0,0.0013835426536201,264690.0,0.0518694179879411,1.0,2.964318974369767e-07,1.0,2.7156775462778706e-06,1.0,1.0,0.0,3.2907442486458357e-09,1.0,0.0,1.0,0.0,0.0075628415604325,1.0,1.0,1.0,2.7119235440090114e-14,1.0,0.0,0.0,0.09155135167862744,1.0,0.0,1.0,0.08421706225346007,1.0,1.0,1.0,0.00216656541831115,1.0,0.0,0.0,0.0013641783017951,1.0,1.0,1.0,0.0,0.0130213600489561,0.0,0.0764195420652303,1.0,1.0,1.0,0.0160404522348775,1.0,0.0,1.0,0.0,0.0046862392042315,1.0,1.0,0.0,0.0168547261639348,1.0,0.0,0.0,4.1605023743047966e-05,1.0,1.0,0.0,4.3871773327070854e-07,1.0,0.0,0.5,0.0008732233762285999,1.0,0.0,1.0,0.0162913848281889,1.0,1.0,1.0,0.0,6.012010359073721e-07,1.0,1.2257152371199137e-06,1.0,0.2253337881458115,1.0,5.20819479040144e-08,1.0,0.0,1.0,0.0,3.4979297405498488e-06,1.0,0.0,1.0,7.790234741002111e-07,1.0,0.0,1.0,0.0096003506415557,1.0,1.0,0.0,2.885517834085104e-09,1.0,0.0,1.0,0.0011244437390187999,1.0,1.0,0.0,0.0024261994774428,1.0,1.0,1.0,0.0,5.5765066415673e-06,0.0,0.0101871339383502,1.0,1.0,0.0,0.0541628842113652,1.0,0.0,1.0,1.940653695643692e-12,1.0,1.0,1.0,0.0,0.0027635728697218,1.0,1.0,1.0,5.17395565809833e-07,1.0,0.0,1.0,0.0001218126181501,1.0,0.0,1.0,0.0033064092132458,1.0,0.0,1.0,5.624123849198961e-05,1.0,0.0,1.0,1.274802407255833e-07,1.0,0.0,0.0,1.0,1.0,1.0,8.260252517985393,0.6452517741461978,6.250530903176744,54.0,945.7403728484321,264690.0,0.0,15818.22791135654,1.0,3.6353656421247793,8.260252517985393,0.6452517741461978,3.043165642280706,57.0,0.1623931623931624
0.0046206153832621995,0.0229319494175801,0.00249919528398355,0.0009000000000739001,0.01328297730217525,0.00090001692366525,0.00026591101633890004,0.0002631454984931,0.00033392818126865,7.331502967708598e-05,8.548576025260417e-05,0.00029105821481259996,0.00024735873938155,0.0003512855291243,5.676888778292314e-05,0.0010449507369871,0.0005064409604892,0.0008358654805588999,0.00052051110905175,7.070207127557905e-05,9.091415319703556e-05,0.00020577500363135,0.0002983642629857,0.0002617540288247,0.0001651503821096,0.0015179245030616,0.0,0.00432719450097685,1.0,0.00102942819663545,0.6241283467800682,0.00293174722496145,1.0,5.994997453585036e-05,0.0,0.0044740343684259495,0.6132639808286222,0.0006796020422633,0.0,0.0012897750835987,1.0,0.0,0.0003065334790999,1.0,0.6126775856375599,0.0006118439679484,1.0,0.0,0.0001140642768167,1.0,0.0,4.5231767314469614e-05,1.0,0.0,0.000300342941749,1.0,1.0,0.0001730103806228,1.0,0.838949246584827,0.0001192267539485,1.0,1.0,0.0004563540475816,1.0,0.8297127294672082,0.0001009267887653,1.0,1.0,0.0002591730470281,1.0,1.0,0.0003414804871966,1.0,0.0,0.00053096647900015,1.0,1.0,0.00037577784272454996,1.0,0.0,0.000377107236627,1.0,1.0,0.0004090530981813,1.0,1.0,9.332191302040747e-05,1.0,0.01924737487351285,0.0001851516122612,1.0,0.0,0.00036563886477915,1.0,0.0,0.00031034097430555,1.0,5.261331062235205,5.407822787254368,4.738174539983318,1.0,0.00094622228737275,1.0,0.0,0.00030161454166555,1.0,0.8684375368822927,0.00046449533842345,1.0,1.0,9.732505181296526e-05,1.0,0.0,0.0008223474541493,1.0,0.0,0.00042056105139965,1.0,1.0,6.357671017481105e-05,1.0,0.0,8.95186300711204e-05,1.0,0.0,6.86473451718226e-05,1.0,1.0,0.00012451700193175,1.0,0.7370038800720702,0.00041356743116115,1.0,1.0,0.00010771609799514197,1.0,1.0,0.00043539315559245,1.0,1.0,0.00010716288376599581,1.0,0.3544612469420235,0.00013930251401575,1.0,1.0,0.00020470352168515,1.0,1.0,0.00010241458773015292,1.0,1.0,0.00012846642023805002,1.0,1.0,0.0001173863472579,1.0,1.0,0.0003941170459816,1.0,1.0,0.00059357941590055,1.0,0.0,0.0005032711660119501,1.0,0.5,9.801045077654701e-05,1.0,0.0,8.520010267173671e-05,1.0,0.0,0.00018718664858345002,1.0,1.0,0.00015282011881505,1.0,0.5,0.00011340784905625,1.0,0.5,0.000914125365021,1.0,1.0,0.0002244141612071,264690.0,0.00045046316566120005,1.0,0.0001402200700634,0.0,0.0001288436060751,1.0,0.0,1.0,0.0002685248700077,1.0,1.0,1.0,0.0,0.0001476638702497,1.0,0.0,0.0,0.0001011006002661,1.0,0.2446546621430612,1.0,0.0001636726109917,1.0,1.0,1.0,0.0003639966311122,1.0,1.0,1.0,0.00216656541831115,1.0,0.0,0.0,6.023112407805567e-05,1.0,1.0,1.0,1.0,0.0001495623858082,0.0,0.0005471915173509,1.0,0.0,0.0,0.0002409110326885,1.0,1.0,1.0,1.0,0.0004966842211455,1.0,0.0,0.0,0.0004354336168333,1.0,0.0,1.0,0.0003353753618639,1.0,0.0,0.0,0.0001813389352387,1.0,0.0,0.5,0.0008732233762285999,1.0,0.0,1.0,0.0002798930458159,1.0,1.0,0.0,1.0,0.0003246990188076,0.0,0.0001111546724558,1.0,0.0,1.0,8.588548816066386e-05,1.0,0.0,1.0,1.0,0.0001448811360149,1.0,0.0,0.0,0.0001357907762031,1.0,0.0,0.0,0.0003097107657766,1.0,0.0,1.0,0.000101745555167,1.0,1.0,1.0,0.0011244437390187999,1.0,1.0,1.0,0.0013851914448922,1.0,1.0,1.0,0.0,0.0001414197958603,1.0,0.0001351548410148,1.0,0.0,0.3434818868518289,2.677257949943856e-05,1.0,0.0,1.0,0.0001031275165441,1.0,0.0,1.0,0.0,6.54203620841598e-05,1.0,0.0065833504607211,0.0,9.717193159536516e-05,1.0,0.943826511804068,1.0,0.0003676609132862,1.0,0.0,1.0,0.0003798138096054,1.0,0.0,1.0,0.0010352132095212,1.0,0.0,1.0,8.55149140169148e-05,1.0,1.0,0.0,1.0,0.9965227399549772,0.9543890179751572,9.23548182912841,0.665469739660008,11.660445928892091,334.0,0.0,0.0,0.0,0.0,0.0,4.435515293898171,11.660445928892091,0.665469739660008,3.9830763288969386,337.0,0.9601139601139601
0.0046206153832621995,0.0229319494175801,0.00249919528398355,0.0009000000000739001,0.01328297730217525,0.00090001692366525,0.00026591101633890004,0.0002631454984931,0.00033392818126865,7.331502967708598e-05,8.548576025260417e-05,0.00029105821481259996,0.00024735873938155,0.0003512855291243,5.676888778292314e-05,0.0010449507369871,0.0005064409604892,0.0008358654805588999,0.00052051110905175,7.070207127557905e-05,9.091415319703556e-05,0.00020577500363135,0.0002983642629857,0.0002617540288247,0.0001651503821096,0.0015179245030616,0.0,0.00432719450097685,1.0,0.00102942819663545,0.6241283467800682,0.00293174722496145,1.0,5.994997453585036e-05,0.0,0.0044740343684259495,0.6132639808286222,0.0006796020422633,0.0,0.0012897750835987,1.0,0.0,0.0003065334790999,1.0,0.6126775856375599,0.0006118439679484,1.0,0.0,0.0001140642768167,1.0,0.0,4.5231767314469614e-05,1.0,0.0,0.000300342941749,1.0,1.0,0.0001730103806228,1.0,0.838949246584827,0.0001192267539485,1.0,1.0,0.0004563540475816,1.0,0.8297127294672082,0.0001009267887653,1.0,1.0,0.0002591730470281,1.0,1.0,0.0003414804871966,1.0,0.0,0.00053096647900015,1.0,1.0,0.00037577784272454996,1.0,0.0,0.000377107236627,1.0,1.0,0.0004090530981813,1.0,1.0,9.332191302040747e-05,1.0,0.01924737487351285,0.0001851516122612,1.0,0.0,0.00036563886477915,1.0,0.0,0.00031034097430555,1.0,5.417944364387367,5.318371185389858,3.821045422006969,1.0,0.00094622228737275,1.0,0.0,0.00030161454166555,1.0,0.8684375368822927,0.00046449533842345,1.0,1.0,9.732505181296526e-05,1.0,0.0,0.0008223474541493,1.0,0.0,0.00042056105139965,1.0,1.0,6.357671017481105e-05,1.0,0.0,8.95186300711204e-05,1.0,0.0,6.86473451718226e-05,1.0,1.0,0.00012451700193175,1.0,0.7370038800720702,0.00041356743116115,1.0,1.0,0.00010771609799514197,1.0,1.0,0.00043539315559245,1.0,1.0,0.00010716288376599581,1.0,0.3544612469420235,0.00013930251401575,1.0,1.0,0.00020470352168515,1.0,1.0,0.00010241458773015292,1.0,1.0,0.00012846642023805002,1.0,1.0,0.0001173863472579,1.0,1.0,0.0003941170459816,1.0,1.0,0.00059357941590055,1.0,0.0,0.0005032711660119501,1.0,0.5,9.801045077654701e-05,1.0,0.0,8.520010267173671e-05,1.0,0.0,0.00018718664858345002,1.0,1.0,0.00015282011881505,1.0,0.5,0.00011340784905625,1.0,0.5,0.000914125365021,1.0,1.0,0.0002244141612071,264690.0,0.00045046316566120005,1.0,0.0001402200700634,0.0,0.0001288436060751,1.0,0.0,1.0,0.0002685248700077,1.0,1.0,1.0,0.0,0.0001476638702497,1.0,0.0,0.0,0.0001011006002661,1.0,0.2446546621430612,1.0,0.0001636726109917,1.0,1.0,1.0,0.0003639966311122,1.0,1.0,1.0,0.00216656541831115,1.0,0.0,0.0,6.023112407805567e-05,1.0,1.0,1.0,1.0,0.0001495623858082,0.0,0.0005471915173509,1.0,0.0,0.0,0.0002409110326885,1.0,1.0,1.0,1.0,0.0004966842211455,1.0,0.0,0.0,0.0004354336168333,1.0,0.0,1.0,0.0003353753618639,1.0,0.0,0.0,0.0001813389352387,1.0,0.0,0.5,0.0008732233762285999,1.0,0.0,1.0,0.0002798930458159,1.0,1.0,0.0,1.0,0.0003246990188076,0.0,0.0001111546724558,1.0,0.0,1.0,8.588548816066386e-05,1.0,0.0,1.0,1.0,0.0001448811360149,1.0,0.0,0.0,0.0001357907762031,1.0,0.0,0.0,0.0003097107657766,1.0,0.0,1.0,0.000101745555167,1.0,1.0,1.0,0.0011244437390187999,1.0,1.0,1.0,0.0013851914448922,1.0,1.0,1.0,0.0,0.0001414197958603,1.0,0.0001351548410148,1.0,0.0,0.3434818868518289,2.677257949943856e-05,1.0,0.0,1.0,0.0001031275165441,1.0,0.0,1.0,0.0,6.54203620841598e-05,1.0,0.0065833504607211,0.0,9.717193159536516e-05,1.0,0.943826511804068,1.0,0.0003676609132862,1.0,0.0,1.0,0.0003798138096054,1.0,0.0,1.0,0.0010352132095212,1.0,0.0,1.0,8.55149140169148e-05,1.0,1.0,0.0,1.0,0.9662249655654692,1.0,10.003,0.6860274677430063,7.778360777917396,334.0,0.0,0.0,0.0,0.0,2.0,3.4845097118693857,10.003,0.6860274677430063,3.5616188043963315,339.0,0.9658119658119658
0.0046206153832621995,0.0229319494175801,0.00249919528398355,0.0009000000000739001,0.01328297730217525,0.00090001692366525,9.023133847064272e-05,2.8025376147691886e-06,0.0032421487061286,1.7264067938448657e-06,5.4140001591452126e-18,0.0208141796759073,0.0198738967492154,1.3404113091881965e-12,4.146152062754877e-13,0.0010449507369871,0.0005064409604892,0.0008358654805588999,0.00052051110905175,7.070207127557905e-05,9.091415319703556e-05,0.00020577500363135,0.0002983642629857,0.0002617540288247,0.0001651503821096,2.0124000002749837e-05,0.0,0.00432719450097685,1.0,0.00102942819663545,0.6241283467800682,0.00293174722496145,1.0,5.994997453585036e-05,0.0,0.0044740343684259495,0.6132639808286222,0.0006796020422633,0.0,0.0012897750835987,1.0,0.0,0.0003065334790999,1.0,0.6126775856375599,0.0006118439679484,1.0,0.0,0.0001140642768167,1.0,0.0,4.5231767314469614e-05,1.0,0.0,0.000300342941749,1.0,1.0,0.0001730103806228,1.0,0.838949246584827,0.0001192267539485,1.0,1.0,0.0004563540475816,1.0,0.8297127294672082,0.0001009267887653,1.0,1.0,0.0002591730470281,1.0,1.0,0.0003414804871966,1.0,1.0,8.341903770373921e-06,1.0,1.0,0.0262900038098105,1.0,0.0,7.737424502519692e-07,0.0,0.0,0.0003051742896418,0.0,1.0,1.054231124202773e-11,1.0,0.0,0.021752586139134,0.0,0.0,8.341200000272107e-06,1.0,0.0,0.0017005815607842,1.0,5.014267320145369,4.748597954429021,3.177881817251144,0.0,7.264180645656185e-16,1.0,1.0,1.1104088693242765e-06,1.0,0.0,0.0009599165668829,1.0,1.0,2.0529013365060373e-17,1.0,1.0,0.002800231978911,1.0,0.0,4.196440639648291e-10,1.0,0.0,2.7781294000717044e-16,1.0,1.0,0.0417637449438535,1.0,0.0,0.018575948973898,1.0,0.0,1.5335784576966414e-13,1.0,1.0,8.525281670088458e-10,1.0,1.0,1.992777859582119e-06,1.0,0.0,5.970954299325323e-08,1.0,1.0,9.147287599370194e-10,1.0,1.0,5.471021529663366e-07,1.0,1.0,0.0566674589979487,1.0,0.0,0.0093249408365879,1.0,1.0,8.370553982032327e-06,1.0,1.0,3.0363536809362143e-05,1.0,1.0,0.0141536303181724,1.0,0.0,2.459475003913793e-09,1.0,0.0,2.912650834772194e-05,1.0,0.0,0.0001227572505638,1.0,0.0,0.0172724988284694,1.0,1.0,1.5014106218434233e-18,1.0,1.0,0.0039891737654077,1.0,0.0,2.5577038007595057e-08,1.0,0.0,3.983689076788203e-09,1.0,1.0,0.0002244141612071,264690.0,0.0001112684808505,0.0,9.290262780919928e-06,1.0,9.365203644375864e-09,1.0,0.0,1.0,0.0182028780285354,1.0,0.0,1.0,0.0,0.0374567810475371,1.0,0.0,1.0,9.94914e-05,1.0,0.0,1.0,0.0001631371422983,1.0,1.0,0.0,1.75411458086951e-10,1.0,0.0,0.0,0.0003355654992779,1.0,0.0,0.0,3.670354297617298e-10,1.0,1.0,0.0,1.0,4.03903323370118e-06,1.0,0.0014877605180655,1.0,1.0,1.0,0.0036359047644851,1.0,1.0,1.0,1.0,0.033063126867428,1.0,1.0,1.0,5.437938344182566e-05,1.0,0.0,0.0,0.0002986271810061,1.0,1.0,1.0,0.0034501372524768,1.0,1.0,0.0,5.104871537810217e-05,1.0,0.0,1.0,3.0108636197173203e-15,1.0,1.0,0.0,1.0,0.0006671644151022,1.0,0.0062005431516575,1.0,1.0,1.0,6.313448737236424e-05,1.0,1.0,1.0,0.0,0.0064080557873168,1.0,1.0,1.0,2.056578147631956e-05,1.0,0.0,1.0,0.0164875184421856,1.0,0.0,0.0,0.070799093003716,1.0,1.0,1.0,0.0011244437390187999,1.0,1.0,1.0,0.0051894037960453,1.0,0.0,1.0,1.0,0.0007171508405106,0.0,8.757291540621491e-10,1.0,1.0,0.0,1.4541764102587753e-06,1.0,0.0,1.0,1.4992020008729862e-05,1.0,1.0,1.0,1.0,4.888127000132853e-12,1.0,1.0,1.0,0.0001323779437558,1.0,1.0,1.0,0.0100955812891948,1.0,0.0,1.0,0.0032242988317119,1.0,0.0,1.0,1.5222094069171245e-05,0.0,0.0,0.0,9.644823014585526e-07,1.0,1.0,0.0,1.0,0.8068928669495992,0.9983376544332984,7.744274338492292,0.497788801772139,7.590546166803299,71.0,0.48470826534694084,1.0,0.0,0.49895502668111175,0.0,3.5087318800306853,7.744274338492292,0.497788801772139,2.904219376269068,72.0,0.20512820512820512
0.0046206153832621995,0.0229319494175801,0.00249919528398355,0.0009000000000739001,0.01328297730217525,0.00090001692366525,0.00026591101633890004,0.0002631454984931,0.00033392818126865,7.331502967708598e-05,8.548576025260417e-05,0.00029105821481259996,0.00024735873938155,0.0003512855291243,5.676888778292314e-05,0.0010449507369871,0.0005064409604892,0.0008358654805588999,0.00052051110905175,7.070207127557905e-05,9.091415319703556e-05,0.00020577500363135,0.0002983642629857,0.0002617540288247,0.0001651503821096,0.0015179245030616,0.0,0.00432719450097685,1.0,0.00102942819663545,0.6241283467800682,0.00293174722496145,1.0,5.994997453585036e-05,0.0,0.0044740343684259495,0.6132639808286222,0.0006796020422633,0.0,0.0012897750835987,1.0,0.0,0.0003065334790999,1.0,0.6126775856375599,0.0006118439679484,1.0,0.0,0.0001140642768167,1.0,0.0,4.5231767314469614e-05,1.0,0.0,0.000300342941749,1.0,1.0,0.0001730103806228,1.0,0.838949246584827,0.0001192267539485,1.0,1.0,0.0004563540475816,1.0,0.8297127294672082,0.0001009267887653,1.0,1.0,0.0002591730470281,1.0,1.0,0.0003414804871966,1.0,0.0,0.00053096647900015,1.0,1.0,0.00037577784272454996,1.0,0.0,0.000377107236627,1.0,1.0,0.0004090530981813,1.0,1.0,9.332191302040747e-05,1.0,0.01924737487351285,0.0001851516122612,1.0,0.0,0.00036563886477915,1.0,0.0,0.00031034097430555,1.0,5.366818462301358,1.764917012150914,-0.1981701192269557,1.0,0.0010479844101246,1.0,1.0,0.0002244845088972,1.0,1.0,0.0016770675260678,1.0,0.1074273821236849,0.0003436246363138,1.0,0.0,1.7334020647641883e-06,1.0,1.0,0.0335892697772168,1.0,0.0,0.0055923989453554,1.0,0.0,2.752417320118508e-06,1.0,1.0,0.0433814250444776,1.0,1.0,8.385648369686938e-06,1.0,0.0,7.24934542294622e-17,1.0,1.0,0.0066515493444777,1.0,1.0,0.0007332205385506,1.0,0.0,5.9001682009557966e-05,1.0,1.0,0.0163058719344523,1.0,1.0,0.0013152450922397,1.0,0.0,2.960957421952799e-07,1.0,0.0,2.876169217359106e-07,1.0,0.0,1.4686252062438832e-12,1.0,0.0,5.546300160229904e-07,1.0,1.0,1.3208040483938387e-09,1.0,1.0,1.4862964251430862e-24,1.0,0.0,0.0038992110029847,1.0,0.0,4.812119186284564e-05,1.0,1.0,0.0001516051802774,1.0,0.0,4.6625475982923626e-08,1.0,0.0,4.01894984134975e-08,1.0,0.0,1.583072291072989e-05,1.0,1.0,0.0002244141612071,264690.0,8.464609465388909e-06,1.0,0.0001402200700634,0.0,0.0001288436060751,1.0,0.0,1.0,0.0002685248700077,1.0,1.0,1.0,0.0,0.0001476638702497,1.0,0.0,0.0,0.0001011006002661,1.0,0.2446546621430612,1.0,0.0001636726109917,1.0,1.0,1.0,0.0003639966311122,1.0,1.0,1.0,0.00216656541831115,1.0,0.0,0.0,6.023112407805567e-05,1.0,1.0,1.0,1.0,0.0001495623858082,0.0,0.0005471915173509,1.0,0.0,0.0,0.0002409110326885,1.0,1.0,1.0,1.0,0.0004966842211455,1.0,0.0,0.0,0.0004354336168333,1.0,0.0,1.0,0.0003353753618639,1.0,0.0,0.0,0.0001813389352387,1.0,0.0,0.5,0.0008732233762285999,1.0,0.0,1.0,0.0002798930458159,1.0,1.0,0.0,1.0,0.0003246990188076,0.0,0.0001111546724558,1.0,0.0,1.0,8.588548816066386e-05,1.0,0.0,1.0,1.0,0.0001448811360149,1.0,0.0,0.0,0.0001357907762031,1.0,0.0,0.0,0.0003097107657766,1.0,0.0,1.0,0.000101745555167,1.0,1.0,1.0,0.0011244437390187999,1.0,1.0,1.0,0.0013851914448922,1.0,1.0,1.0,1.0,5.606059834630483e-07,0.0,9.884920292405751e-10,1.0,1.0,1.0,6.12624917988187e-08,1.0,1.0,0.0,4.959390930000226e-19,1.0,0.0,1.0,1.0,0.0444601313094297,1.0,1.0,0.0,0.0015942155816054,1.0,1.0,1.0,0.0014251233323026,1.0,1.0,1.0,0.0468614772174665,1.0,1.0,1.0,0.0471313007579063,1.0,1.0,0.0,0.0003453582963571,1.0,0.0,1.0,0.3217225846769946,0.0457034554519864,0.9862232176826016,0.0610362484049158,0.626497155139249,7.778360777917396,209.0,0.5229144326845687,1.0,0.0,0.4987191220346776,1.0,1.121843502072633,5.366818462301358,-0.1981701192269557,1.826907445053243,213.0,0.6068376068376068
0.0046206153832621995,0.0229319494175801,0.00249919528398355,0.0009000000000739001,0.01328297730217525,0.00090001692366525,2.788072969010867e-05,0.0134765033868369,7.923808078485884e-05,0.0978571475600598,1.2672996635395681e-08,0.0167330948647532,0.023368307031985,3.905116090703701e-05,6.134677540869363e-05,0.0002774248757518,2.93842140991255e-05,0.0015210096905221,4.125848199154997e-05,0.0164719108681408,2.1750234062984968e-10,0.0904239724854907,1.6974047099761496e-05,2.3641540966013104e-08,0.0001657201780244,0.0145859344855953,0.0,0.00432719450097685,1.0,0.00102942819663545,0.6241283467800682,0.00293174722496145,1.0,5.994997453585036e-05,0.0,0.0044740343684259495,0.6132639808286222,0.0006796020422633,1.0,0.0130062746052275,1.0,1.0,3.5979460825886486e-05,1.0,0.0,0.0673453525029775,1.0,1.0,0.0740101347023785,0.0,0.0,9.626265624184565e-18,0.0,0.0,0.0019692645500089,1.0,0.0,0.0170277117204271,1.0,0.0,2.071060797202903e-06,1.0,0.0,0.0634132362817064,0.0,0.0,6.556052865616778e-08,1.0,0.0,0.0049565103139256,0.0,0.0,0.0046236945496982,1.0,0.0,2.5057955061411467e-05,1.0,1.0,2.5704013727906212e-05,1.0,1.0,7.924077642016208e-05,1.0,1.0,0.0145681993678285,0.0,1.0,2.230794034792571e-05,1.0,0.0,0.0074013256392798,0.0,0.0,9.572050713375782e-05,1.0,0.0,3.2123305008747485e-06,0.0,5.768971773692705,5.042560789746398,3.821045422006969,0.0,0.0013643284656562,1.0,0.0,0.0022676262563835,1.0,1.0,0.0594555096256702,1.0,1.0,1.5287106175353316e-07,1.0,0.0,0.000229095446851,1.0,1.0,0.0005212686403743,1.0,1.0,1.1936113473820012e-05,1.0,0.0,2.908190426037822e-05,1.0,0.9103045817053194,0.0004076734826689,1.0,1.0,0.0005142716898478,1.0,1.0,0.0079984174459769,1.0,1.0,0.0026045508494529,1.0,1.0,0.0006451550395477,1.0,0.0,0.0266370731049953,1.0,0.0,0.0007430935900977,1.0,1.0,4.880619435031051e-05,1.0,1.0,1.5498816015665825e-05,1.0,1.0,0.024660115843361,1.0,1.0,1.933629373451566e-05,1.0,1.0,1.3163339868316092e-05,1.0,1.0,1.2735736216071163e-05,1.0,0.0,3.4296571584828444e-05,1.0,0.0,0.0001057966517102,1.0,1.0,2.594010516785892e-06,1.0,0.0,0.0002316730301825,1.0,1.0,3.501901691538703e-05,1.0,1.0,7.741332383825515e-05,1.0,0.0,0.0196177073191886,1.0,0.0,0.0079151761575838,264690.0,0.0001315604391849,1.0,2.016273881348688e-06,0.0,6.091604581756965e-06,1.0,0.0,1.0,1.2802006785337024e-08,1.0,1.0,1.0,1.0,0.0543326057731475,1.0,1.0,1.0,0.0317224224892757,1.0,0.0,0.0,2.446095625494138e-05,1.0,1.0,1.0,3.319897964476383e-06,1.0,0.7108157518220185,1.0,0.00216656541831115,1.0,0.0,1.0,0.0006737559122744,1.0,0.0,1.0,0.0,0.0014579310745533,0.0,0.0370417529129334,1.0,1.0,1.0,0.0447108679019388,1.0,0.0,1.0,0.0,1.419979646995803e-10,1.0,0.0,0.0,4.606973116369372e-07,1.0,0.0,1.0,2.503122697351207e-06,1.0,1.0,0.0,0.0026026190060852,1.0,0.0,0.0,0.0813814853315236,1.0,0.0,0.0,0.0019034164586693,1.0,0.0,0.0,1.0,2.109059859254992e-05,0.0,0.0001998976955682,1.0,0.0,1.0,0.0425444327411258,1.0,0.0,1.0,0.0,0.0842150366345759,1.0,1.0,0.0,4.984216154519386e-05,1.0,0.0,1.0,0.0008207479391545,1.0,0.0,1.0,0.0004196622282112,1.0,0.0,1.0,0.0646704398335042,1.0,1.0,1.0,1.7936653224993976e-05,1.0,1.0,1.0,0.0,2.752686e-05,0.0,0.0001639789293659,1.0,0.0,0.0,0.0015771495367145,1.0,0.0,0.0,5.894939726306323e-05,1.0,1.0,1.0,1.0,0.0885314640921716,1.0,0.0,1.0,1.366498783056834e-20,1.0,0.0,1.0,1.9329930042004728e-05,1.0,1.0,0.0,0.0018411514968102,1.0,0.0,1.0,5.9021185911724935e-05,1.0,1.0,0.0,1.7615503697216183e-05,1.0,1.0,0.0,0.9659336942921396,1.0,1.0,6.062872189621889,0.5097962840722855,7.979613796138703,22.0,848.8008409574226,264690.0,0.0,14985.09568430881,1.0,3.5412185659455155,7.979613796138703,0.5097962840722855,2.97638800431985,24.0,0.06837606837606838
0.0046206153832621995,0.0229319494175801,0.00249919528398355,0.0009000000000739001,0.01328297730217525,0.00090001692366525,0.00026591101633890004,0.0002631454984931,0.00033392818126865,7.331502967708598e-05,8.548576025260417e-05,0.00029105821481259996,0.00024735873938155,0.0003512855291243,5.676888778292314e-05,0.0010449507369871,0.0005064409604892,0.0008358654805588999,0.00052051110905175,7.070207127557905e-05,9.091415319703556e-05,0.00020577500363135,0.0002983642629857,0.0002617540288247,0.0001651503821096,0.0015179245030616,0.0,0.00432719450097685,1.0,0.00102942819663545,0.6241283467800682,0.00293174722496145,1.0,5.994997453585036e-05,0.0,0.0044740343684259495,0.6132639808286222,0.0006796020422633,0.0,2.7038132477151024e-09,1.0,1.0,2.3139561238270606e-20,1.0,1.0,0.0017419539767743,1.0,0.0,0.0006261153008075,1.0,0.0,0.0476963541698312,1.0,1.0,0.0001192881095951,0.0,0.0,0.0001169845014007,0.0,0.0,0.0110352051642353,1.0,0.0,0.0008369966490164,1.0,1.0,0.0176366193394112,1.0,0.0,0.0982071357391159,1.0,0.0,0.0091147159688702,1.0,0.0,0.00053096647900015,1.0,1.0,0.00037577784272454996,1.0,0.0,0.000377107236627,1.0,1.0,0.0004090530981813,1.0,1.0,9.332191302040747e-05,1.0,0.01924737487351285,0.0001851516122612,1.0,0.0,0.00036563886477915,1.0,0.0,0.00031034097430555,1.0,5.711177550860024,5.31760256510829,3.257103939519436,1.0,0.00094622228737275,1.0,0.0,0.00030161454166555,1.0,0.8684375368822927,0.00046449533842345,1.0,1.0,9.732505181296526e-05,1.0,0.0,0.0008223474541493,1.0,0.0,0.00042056105139965,1.0,1.0,6.357671017481105e-05,1.0,0.0,8.95186300711204e-05,1.0,0.0,6.86473451718226e-05,1.0,1.0,0.00012451700193175,1.0,0.7370038800720702,0.00041356743116115,1.0,1.0,0.00010771609799514197,1.0,1.0,0.00043539315559245,1.0,1.0,0.00010716288376599581,1.0,0.3544612469420235,0.00013930251401575,1.0,1.0,0.00020470352168515,1.0,1.0,0.00010241458773015292,1.0,1.0,0.00012846642023805002,1.0,1.0,0.0001173863472579,1.0,1.0,0.0003941170459816,1.0,1.0,0.00059357941590055,1.0,0.0,0.0005032711660119501,1.0,0.5,9.801045077654701e-05,1.0,0.0,8.520010267173671e-05,1.0,0.0,0.00018718664858345002,1.0,1.0,0.00015282011881505,1.0,0.5,0.00011340784905625,1.0,0.5,0.000914125365021,1.0,1.0,0.0002244141612071,264690.0,0.0297176151946761,1.0,0.0001402200700634,0.0,0.0001288436060751,1.0,0.0,1.0,0.0002685248700077,1.0,1.0,1.0,0.0,0.0001476638702497,1.0,0.0,0.0,0.0001011006002661,1.0,0.2446546621430612,1.0,0.0001636726109917,1.0,1.0,1.0,0.0003639966311122,1.0,1.0,1.0,0.00216656541831115,1.0,0.0,0.0,6.023112407805567e-05,1.0,1.0,1.0,1.0,0.0001495623858082,0.0,0.0005471915173509,1.0,0.0,0.0,0.0002409110326885,1.0,1.0,1.0,1.0,0.0004966842211455,1.0,0.0,0.0,0.0004354336168333,1.0,0.0,1.0,0.0003353753618639,1.0,0.0,0.0,0.0001813389352387,1.0,0.0,0.5,0.0008732233762285999,1.0,0.0,1.0,0.0002798930458159,1.0,1.0,0.0,1.0,0.0003246990188076,0.0,0.0001111546724558,1.0,0.0,1.0,8.588548816066386e-05,1.0,0.0,1.0,1.0,0.0001448811360149,1.0,0.0,0.0,0.0001357907762031,1.0,0.0,0.0,0.0003097107657766,1.0,0.0,1.0,0.000101745555167,1.0,1.0,1.0,0.0011244437390187999,1.0,1.0,1.0,0.0013851914448922,1.0,1.0,1.0,0.0,0.0001414197958603,1.0,0.0001351548410148,1.0,0.0,0.3434818868518289,2.677257949943856e-05,1.0,0.0,1.0,0.0001031275165441,1.0,0.0,1.0,0.0,6.54203620841598e-05,1.0,0.0065833504607211,0.0,9.717193159536516e-05,1.0,0.943826511804068,1.0,0.0003676609132862,1.0,0.0,1.0,0.0003798138096054,1.0,0.0,1.0,0.0010352132095212,1.0,0.0,1.0,8.55149140169148e-05,1.0,1.0,0.0,0.9501081112711064,1.0,0.9543922663945956,6.307924204271337,0.6731230138710034,10.92175651447456,297.0,0.38423916180587964,1.0,0.0,0.48735831676706215,0.0,3.899243129530039,10.92175651447456,0.6731230138710034,3.4822341431795136,300.0,0.8547008547008547
0.0046206153832621995,0.0229319494175801,0.00249919528398355,0.0009000000000739001,0.01328297730217525,0.00090001692366525,0.0027500238698902,0.0019438117557455,2.016082605161056e-05,5.123208059360915e-07,0.0008936464025957,0.0030239867790484,0.007765808259149,0.0389119933104531,1.0951315711645345e-05,0.0010449507369871,0.0005064409604892,0.0008358654805588999,0.00052051110905175,7.070207127557905e-05,9.091415319703556e-05,0.00020577500363135,0.0002983642629857,0.0002617540288247,0.0001651503821096,5.4369608213917606e-05,0.0,0.00432719450097685,1.0,0.00102942819663545,0.6241283467800682,0.00293174722496145,1.0,5.994997453585036e-05,0.0,0.0044740343684259495,0.6132639808286222,0.0006796020422633,1.0,0.0054837824433671,1.0,1.0,0.0001794259435171,1.0,1.0,0.0085682781639185,1.0,0.0,0.0004823852810655,1.0,0.0,4.3589718555043404e-14,0.0,0.0,0.0011534685636155,1.0,0.0,5.450017354591124e-06,0.0,0.0,0.0003037784886912,1.0,1.0,0.0046909359987325,1.0,1.0,0.0010675999060944,1.0,0.2922867891834043,1.4955319744827817e-15,1.0,1.0,8.228907547509412e-11,1.0,0.0,0.0047047416975607,1.0,1.0,0.0295252788043905,1.0,1.0,4.1178112876124766e-05,1.0,1.0,8.94280704740012e-08,0.0,1.0,0.0003046056183775,0.0,1.0,0.0078100521976795,0.0,0.0,3.37795254337531e-05,1.0,1.0,0.0638262099519379,1.0,5.58619595960811,5.699621080981719,3.821045422006969,1.0,0.0671725590066399,1.0,1.0,4.697612991358143e-06,1.0,0.0,0.0565821167563206,1.0,0.0,1.153908431256069e-06,1.0,1.0,1.4580000115157893e-06,1.0,0.0,0.0177470785966982,1.0,0.0,0.0086542448875325,1.0,1.0,0.0118271343933177,1.0,0.0,3.922523124017652e-06,1.0,0.0,1.3170879601211549e-05,1.0,0.0,0.0006631669608605,1.0,1.0,1.944746173366198e-06,1.0,1.0,6.82275305655705e-08,1.0,0.0,0.0006744306531756,1.0,0.0,0.03528193670303,1.0,0.0,4.9463883664945e-09,1.0,1.0,1.5830989645098166e-05,1.0,1.0,0.0571896925768705,1.0,1.0,0.0001672890635506,1.0,0.0,5.770800000103192e-09,1.0,1.0,1.07316058820666e-07,1.0,0.0,0.0031165870561823,1.0,0.0,0.0108014249829098,1.0,1.0,8.468826452347231e-07,1.0,0.0,6.859655195840249e-06,1.0,0.0,0.0656703511487023,1.0,1.0,8.544024018340805e-06,1.0,1.0,0.0033378556280167,1.0,0.0,0.0027205624091714,264690.0,0.0002039400014514,1.0,2.4919762139768857e-05,0.0,0.0255764605599602,1.0,0.0,1.0,7.629294832776386e-05,1.0,1.0,1.0,1.0,0.0014674720611569,1.0,0.0,0.0,0.0002039836132219,1.0,0.0,0.0,0.0055849618336521,1.0,1.0,0.0,1.1715264241004327e-09,1.0,0.0,0.0,0.0002039428479968,1.0,0.0,0.0,0.017130124085607,1.0,1.0,1.0,0.0,1.6724337054883245e-05,1.0,1.2287771583341458e-19,1.0,1.0,1.0,0.0025575011095878,1.0,0.0,1.0,0.0,0.0004506092600038,1.0,0.0,0.0,0.0210411981596427,1.0,1.0,1.0,0.0015063313031156,1.0,1.0,1.0,8.853644535080853e-06,1.0,1.0,0.0,0.0205737919089922,1.0,0.0,1.0,1.5632229938969086e-07,1.0,0.0,1.0,1.0,0.0015946670312945,0.0,1.6825179495220302e-08,1.0,0.0,1.0,2.9568357545791587e-05,1.0,1.0,1.0,1.0,6.583398155735663e-08,1.0,1.0,0.0,0.0001371114000103,1.0,0.0,1.0,3.683171966993463e-07,1.0,1.0,1.0,1.0975422662628918e-05,1.0,1.0,1.0,0.0051912855097419,1.0,0.0,1.0,6.936162795758204e-06,1.0,1.0,1.0,0.0,0.0355047649689495,0.0,3.257921064596946e-11,1.0,0.0,0.0,9.085196803570892e-11,1.0,0.0,1.0,1.7730893355172293e-05,1.0,1.0,1.0,1.0,1.196530668495215e-07,1.0,0.0,0.0,0.0001558724224185,1.0,1.0,1.0,0.0003676609132862,1.0,1.0,1.0,0.0090091125786178,1.0,0.0,0.0,4.02774388523418e-05,1.0,1.0,1.0,0.0068076933395337,1.0,1.0,1.0,0.9986954911527436,0.4988187983269372,0.9988079788606626,10.003,0.6258782370069653,7.778360777917396,28.0,865.4803039530468,264690.0,0.0,15131.292628107616,2.0,3.487288220848163,10.003,0.4988187983269372,3.6800945332707737,31.0,0.08831908831908832
0.0046206153832621995,0.0229319494175801,0.00249919528398355,0.0009000000000739001,0.01328297730217525,0.00090001692366525,3.1469146504719594e-06,2.691264715951376e-05,0.0168030634346238,6.169601616706521e-07,1.0589187991814793e-05,0.0025057412734169,0.0888999887409172,4.119759635002396e-20,1.3015859468424852e-06,0.0010449507369871,0.0005064409604892,0.0008358654805588999,0.00052051110905175,7.070207127557905e-05,9.091415319703556e-05,0.00020577500363135,0.0002983642629857,0.0002617540288247,0.0001651503821096,7.495423347412204e-05,0.0,0.00432719450097685,1.0,0.00102942819663545,0.6241283467800682,0.00293174722496145,1.0,5.994997453585036e-05,0.0,0.0044740343684259495,0.6132639808286222,0.0006796020422633,1.0,0.0080249697110104,1.0,0.0,0.0020745302801562,1.0,1.0,1.8517696940961059e-07,1.0,1.0,0.0001464880966013,1.0,1.0,2.6239560517315207e-09,1.0,0.0,0.0347720789841908,1.0,1.0,0.0019188925774516,1.0,0.0,0.0178629904606462,1.0,1.0,4.6081852116404274e-05,1.0,0.0,1.589919285407291e-07,1.0,1.0,0.0002571318130127,1.0,0.0,0.0001763068754253,1.0,0.0,0.00053096647900015,1.0,1.0,0.00037577784272454996,1.0,0.0,0.000377107236627,1.0,1.0,0.0004090530981813,1.0,1.0,9.332191302040747e-05,1.0,0.01924737487351285,0.0001851516122612,1.0,0.0,0.00036563886477915,1.0,0.0,0.00031034097430555,1.0,5.818444566240947,5.741167651849212,4.160700804775647,0.0,0.0285986154726893,1.0,0.0,1.642901355554614e-06,1.0,0.0,0.0016479255646132,1.0,1.0,6.925031148780584e-06,1.0,0.0,0.0242000932271244,1.0,0.0,1.583371896419036e-05,1.0,1.0,0.000109798774696,1.0,1.0,9.74062093869687e-07,1.0,1.0,9.333000000023381e-08,1.0,0.0,3.6756001982594937e-06,1.0,1.0,0.0174216715778042,1.0,0.0,5.031000600450555e-07,1.0,0.0,1.5308779285099307e-05,1.0,0.0,0.0007241930625457,1.0,0.0,1.1269971895335823e-06,1.0,0.0,0.0533599357933147,1.0,1.0,2.3053394602202893e-08,1.0,0.0,2.6113942146151976e-07,1.0,1.0,0.0068588290555918,1.0,0.0,0.0049896508709707,1.0,0.0,1.4040522569279371e-06,1.0,0.0,5.429512001557679e-24,1.0,0.0,0.00487156926128,1.0,1.0,0.0011860366069605,1.0,0.0,1.6698868775913926e-05,1.0,0.0,5.7030266033136214e-08,1.0,1.0,0.0064260241567581,1.0,0.0,0.0002615113814181,1.0,1.0,0.0002244141612071,264690.0,4.0764557264120447e-05,1.0,0.0001402200700634,0.0,0.0001288436060751,1.0,0.0,1.0,0.0002685248700077,1.0,1.0,1.0,0.0,0.0001476638702497,1.0,0.0,0.0,0.0001011006002661,1.0,0.2446546621430612,1.0,0.0001636726109917,1.0,1.0,1.0,0.0003639966311122,1.0,1.0,1.0,0.00216656541831115,1.0,0.0,0.0,6.023112407805567e-05,1.0,1.0,1.0,1.0,0.0001495623858082,0.0,0.0005471915173509,1.0,0.0,0.0,0.0002409110326885,1.0,1.0,1.0,1.0,0.0004966842211455,1.0,0.0,0.0,0.0004354336168333,1.0,0.0,1.0,0.0003353753618639,1.0,0.0,0.0,0.0001813389352387,1.0,0.0,0.5,0.0008732233762285999,1.0,0.0,1.0,0.0002798930458159,1.0,1.0,0.0,1.0,0.0003246990188076,0.0,0.0001111546724558,1.0,0.0,1.0,8.588548816066386e-05,1.0,0.0,1.0,1.0,0.0001448811360149,1.0,0.0,0.0,0.0001357907762031,1.0,0.0,0.0,0.0003097107657766,1.0,0.0,1.0,0.000101745555167,1.0,1.0,1.0,0.0011244437390187999,1.0,1.0,1.0,0.0013851914448922,1.0,1.0,1.0,1.0,1.115478042491633e-06,0.0,1.5603998915135548e-05,1.0,1.0,0.4695817957296424,0.0001473507792256,1.0,0.0,1.0,9.33368722137057e-07,1.0,1.0,1.0,1.0,0.0008502180161303,1.0,0.0,1.0,0.0481970834022366,1.0,0.0,1.0,2.754342548131006e-05,1.0,1.0,1.0,7.629907859358139e-07,1.0,1.0,0.0,0.0397279751700415,1.0,0.0,0.0,2.6918097669212447e-12,1.0,0.0,0.0,0.9597293212569864,0.9275574299245136,0.987720135786346,9.959334359476152,0.6477636801798724,9.190751085248014,163.0,0.4496077056246267,1.0,0.0,0.49510394281842157,0.0,4.265907670526411,9.959334359476152,0.6477636801798724,3.660257820248648,165.0,0.4700854700854701
0.0046206153832621995,0.0229319494175801,0.00249919528398355,0.0009000000000739001,0.01328297730217525,0.00090001692366525,0.00026591101633890004,0.0002631454984931,0.00033392818126865,7.331502967708598e-05,8.548576025260417e-05,0.00029105821481259996,0.00024735873938155,0.0003512855291243,5.676888778292314e-05,0.0010449507369871,0.0005064409604892,0.0008358654805588999,0.00052051110905175,7.070207127557905e-05,9.091415319703556e-05,0.00020577500363135,0.0002983642629857,0.0002617540288247,0.0001651503821096,0.0015179245030616,0.0,0.00432719450097685,1.0,0.00102942819663545,0.6241283467800682,0.00293174722496145,1.0,5.994997453585036e-05,0.0,0.0044740343684259495,0.6132639808286222,0.0006796020422633,0.0,0.0112926916499458,1.0,0.0,2.942660675596889e-05,1.0,0.0,0.0133685400467985,1.0,0.0,0.0101568880067608,1.0,1.0,4.1803924964918006e-05,1.0,0.0,2.591065647590741e-06,1.0,1.0,0.0042800079851051,1.0,0.0,0.0008324911251877,1.0,0.0,5.588877928017317e-08,1.0,0.0,0.0008139791390758,1.0,1.0,7.98190326634648e-06,1.0,0.0,0.0006794993319719,1.0,1.0,0.09202646192283405,1.0,1.0,1.8424792357871152e-06,1.0,1.0,0.0187395458678902,0.0,1.0,0.0019744974470294,1.0,0.0,0.0018932538131031,1.0,0.0,2.891853797186585e-07,1.0,0.0,5.9412767400363246e-05,1.0,0.0,1.385893446282077e-09,0.0,5.587647625195727,3.904023475690608,2.952938866600957,1.0,0.00094622228737275,1.0,0.0,0.00030161454166555,1.0,0.8684375368822927,0.00046449533842345,1.0,1.0,9.732505181296526e-05,1.0,0.0,0.0008223474541493,1.0,0.0,0.00042056105139965,1.0,1.0,6.357671017481105e-05,1.0,0.0,8.95186300711204e-05,1.0,0.0,6.86473451718226e-05,1.0,1.0,0.00012451700193175,1.0,0.7370038800720702,0.00041356743116115,1.0,1.0,0.00010771609799514197,1.0,1.0,0.00043539315559245,1.0,1.0,0.00010716288376599581,1.0,0.3544612469420235,0.00013930251401575,1.0,1.0,0.00020470352168515,1.0,1.0,0.00010241458773015292,1.0,1.0,0.00012846642023805002,1.0,1.0,0.0001173863472579,1.0,1.0,0.0003941170459816,1.0,1.0,0.00059357941590055,1.0,0.0,0.0005032711660119501,1.0,0.5,9.801045077654701e-05,1.0,0.0,8.520010267173671e-05,1.0,0.0,0.00018718664858345002,1.0,1.0,0.00015282011881505,1.0,0.5,0.00011340784905625,1.0,0.5,0.000914125365021,1.0,1.0,0.0002244141612071,264690.0,3.505527783212992e-06,1.0,0.0001402200700634,0.0,0.0001288436060751,1.0,0.0,1.0,0.0002685248700077,1.0,1.0,1.0,0.0,0.0001476638702497,1.0,0.0,0.0,0.0001011006002661,1.0,0.2446546621430612,1.0,0.0001636726109917,1.0,1.0,1.0,0.0003639966311122,1.0,1.0,1.0,0.00216656541831115,1.0,0.0,0.0,6.023112407805567e-05,1.0,1.0,1.0,1.0,0.0001495623858082,0.0,0.0005471915173509,1.0,0.0,0.0,0.0002409110326885,1.0,1.0,1.0,1.0,0.0004966842211455,1.0,0.0,0.0,0.0004354336168333,1.0,0.0,1.0,0.0003353753618639,1.0,0.0,0.0,0.0001813389352387,1.0,0.0,0.5,0.0008732233762285999,1.0,0.0,1.0,0.0002798930458159,1.0,1.0,0.0,1.0,0.0003246990188076,0.0,0.0001111546724558,1.0,0.0,1.0,8.588548816066386e-05,1.0,0.0,1.0,1.0,0.0001448811360149,1.0,0.0,0.0,0.0001357907762031,1.0,0.0,0.0,0.0003097107657766,1.0,0.0,1.0,0.000101745555167,1.0,1.0,1.0,0.0011244437390187999,1.0,1.0,1.0,0.0013851914448922,1.0,1.0,1.0,0.0,0.0001414197958603,1.0,0.0001351548410148,1.0,0.0,0.3434818868518289,2.677257949943856e-05,1.0,0.0,1.0,0.0001031275165441,1.0,0.0,1.0,0.0,6.54203620841598e-05,1.0,0.0065833504607211,0.0,9.717193159536516e-05,1.0,0.943826511804068,1.0,0.0003676609132862,1.0,0.0,1.0,0.0003798138096054,1.0,0.0,1.0,0.0010352132095212,1.0,0.0,1.0,8.55149140169148e-05,1.0,1.0,0.0,1.0,0.8034467704131322,1.0,7.456498282735918,-0.1442337442185803,7.874063328106476,273.0,0.41240696687768935,1.0,0.0,0.49387113233047414,0.0,3.3815982893915817,7.874063328106476,-0.1442337442185803,3.0110787173364097,275.0,0.7834757834757835
0.0046206153832621995,0.0229319494175801,0.00249919528398355,0.0009000000000739001,0.01328297730217525,0.00090001692366525,0.00026591101633890004,0.0002631454984931,0.00033392818126865,7.331502967708598e-05,8.548576025260417e-05,0.00029105821481259996,0.00024735873938155,0.0003512855291243,5.676888778292314e-05,5.914594567454741e-06,0.0016394954484098,0.0111613546751959,2.3418082359673746e-08,0.0122097055585329,1.3212428153501104e-05,2.870967534580378e-05,0.0061029428926535,0.0040217438912616,0.0378431776692283,1.4923297347359384e-05,0.0,0.00432719450097685,1.0,0.00102942819663545,0.6241283467800682,0.00293174722496145,1.0,5.994997453585036e-05,0.0,0.0044740343684259495,0.6132639808286222,0.0006796020422633,0.0,3.562677992691564e-08,1.0,1.0,4.585173012596688e-06,1.0,0.0,0.0025678195211825,1.0,1.0,6.1735972331985616e-06,1.0,0.0,3.4397630544965365e-12,1.0,0.0,6.242268490787655e-17,1.0,0.0,1.7546595134913372e-13,1.0,1.0,5.871420398116464e-06,1.0,1.0,3.2576821200719593e-10,1.0,1.0,2.9972963926376417e-07,0.0,1.0,2.9081664003068264e-11,1.0,0.0,2.5166991764087443e-05,1.0,0.0,0.000103383061823,0.0,0.0,1.8342648319642288e-06,1.0,1.0,0.0002917198620285,1.0,1.0,4.0750969268708084e-12,1.0,1.0,4.579999713453701e-06,1.0,0.0,0.006452132147751,1.0,0.0,0.0010707283687632,1.0,1.0,0.017751925910608,1.0,4.890962952684558,0.9677967389348958,0.6256723572403646,0.0,4.286930563095791e-07,1.0,0.0,2.7369479684874246e-06,1.0,0.0,1.223644626094348e-06,1.0,0.0,1.5432556657912282e-07,1.0,1.0,0.0012845590081529,1.0,1.0,0.0610728477428507,1.0,0.0,0.0014715782284839,1.0,0.0,5.723745676385196e-05,1.0,1.0,0.0004071792706449,1.0,1.0,0.0009536873659151,1.0,1.0,8.469583598451168e-05,1.0,1.0,0.0262628059589823,1.0,1.0,0.0007542884805098,1.0,0.0,2.817153208648255e-05,1.0,0.0,0.0069222031430701,1.0,1.0,7.834849618877375e-06,1.0,1.0,9.411739550350583e-05,1.0,0.0,0.0001223595380408,1.0,1.0,0.0016151122866281,1.0,0.0,0.0508131070422768,1.0,0.0,1.6854972639778632e-05,1.0,0.0,1.7761329606654682e-23,1.0,0.0,0.000285816821144,1.0,1.0,0.0014406960083399,1.0,0.0,0.0147214628273185,1.0,1.0,0.0227021695551905,1.0,0.0,1.0315031492954525e-07,1.0,0.0,0.0015515221794538,1.0,0.0,3.4330116836930726e-05,264690.0,0.0044398239951716,1.0,0.0001402200700634,0.0,0.0001288436060751,1.0,0.0,1.0,0.0002685248700077,1.0,1.0,1.0,0.0,0.0001476638702497,1.0,0.0,0.0,0.0001011006002661,1.0,0.2446546621430612,1.0,0.0001636726109917,1.0,1.0,1.0,0.0003639966311122,1.0,1.0,1.0,0.00216656541831115,1.0,0.0,0.0,6.023112407805567e-05,1.0,1.0,1.0,1.0,0.0001495623858082,0.0,0.0005471915173509,1.0,0.0,0.0,0.0002409110326885,1.0,1.0,1.0,1.0,0.0004966842211455,1.0,0.0,0.0,0.0004354336168333,1.0,0.0,1.0,0.0003353753618639,1.0,0.0,0.0,0.0001813389352387,1.0,0.0,0.5,0.0008732233762285999,1.0,0.0,1.0,0.0002798930458159,1.0,1.0,0.0,1.0,0.0003246990188076,0.0,0.0001111546724558,1.0,0.0,1.0,8.588548816066386e-05,1.0,0.0,1.0,1.0,0.0001448811360149,1.0,0.0,0.0,0.0001357907762031,1.0,0.0,0.0,0.0003097107657766,1.0,0.0,1.0,0.000101745555167,1.0,1.0,1.0,0.0011244437390187999,1.0,1.0,1.0,0.0013851914448922,1.0,1.0,1.0,1.0,1.4017903052015e-05,1.0,0.0001467632362213,1.0,0.0,0.0,0.0284878403494671,1.0,0.616857929151318,1.0,2.798218102149935e-17,1.0,1.0,1.0,0.0,1.1321606479638966e-21,1.0,0.0065833504607211,0.0,1.1127138881958268e-08,1.0,1.0,1.0,6.237842035257705e-10,1.0,1.0,0.0,0.0047191684343136,1.0,1.0,1.0,0.0005572406448831,1.0,1.0,0.0,0.0191827271158898,1.0,1.0,1.0,0.138887669404639,0.999776176975532,0.9919616127695988,0.9544957509683496,0.7492428039685581,2.9106825250385757,135.0,1330.5576634453118,264690.0,0.0,18763.344050952874,0.0,1.4699420653316748,4.890962952684558,0.138887669404639,1.4895627572213015,136.0,0.38746438746438744
0.0046206153832621995,0.0229319494175801,0.00249919528398355,0.0009000000000739001,0.01328297730217525,0.00090001692366525,0.00026591101633890004,0.0002631454984931,0.00033392818126865,7.331502967708598e-05,8.548576025260417e-05,0.00029105821481259996,0.00024735873938155,0.0003512855291243,5.676888778292314e-05,0.0010449507369871,0.0005064409604892,0.0008358654805588999,0.00052051110905175,7.070207127557905e-05,9.091415319703556e-05,0.00020577500363135,0.0002983642629857,0.0002617540288247,0.0001651503821096,0.0015179245030616,0.0,0.00432719450097685,1.0,0.00102942819663545,0.6241283467800682,0.00293174722496145,1.0,5.994997453585036e-05,0.0,0.0044740343684259495,0.6132639808286222,0.0006796020422633,0.0,0.0012897750835987,1.0,0.0,0.0003065334790999,1.0,0.6126775856375599,0.0006118439679484,1.0,0.0,0.0001140642768167,1.0,0.0,4.5231767314469614e-05,1.0,0.0,0.000300342941749,1.0,1.0,0.0001730103806228,1.0,0.838949246584827,0.0001192267539485,1.0,1.0,0.0004563540475816,1.0,0.8297127294672082,0.0001009267887653,1.0,1.0,0.0002591730470281,1.0,1.0,0.0003414804871966,1.0,0.0,0.00053096647900015,1.0,1.0,0.00037577784272454996,1.0,0.0,0.000377107236627,1.0,1.0,0.0004090530981813,1.0,1.0,9.332191302040747e-05,1.0,0.01924737487351285,0.0001851516122612,1.0,0.0,0.00036563886477915,1.0,0.0,0.00031034097430555,1.0,5.08154110414522,5.201989257173552,3.821045422006969,1.0,0.00094622228737275,1.0,0.0,0.00030161454166555,1.0,0.8684375368822927,0.00046449533842345,1.0,1.0,9.732505181296526e-05,1.0,0.0,0.0008223474541493,1.0,0.0,0.00042056105139965,1.0,1.0,6.357671017481105e-05,1.0,0.0,8.95186300711204e-05,1.0,0.0,6.86473451718226e-05,1.0,1.0,0.00012451700193175,1.0,0.7370038800720702,0.00041356743116115,1.0,1.0,0.00010771609799514197,1.0,1.0,0.00043539315559245,1.0,1.0,0.00010716288376599581,1.0,0.3544612469420235,0.00013930251401575,1.0,1.0,0.00020470352168515,1.0,1.0,0.00010241458773015292,1.0,1.0,0.00012846642023805002,1.0,1.0,0.0001173863472579,1.0,1.0,0.0003941170459816,1.0,1.0,0.00059357941590055,1.0,0.0,0.0005032711660119501,1.0,0.5,9.801045077654701e-05,1.0,0.0,8.520010267173671e-05,1.0,0.0,0.00018718664858345002,1.0,1.0,0.00015282011881505,1.0,0.5,0.00011340784905625,1.0,0.5,0.000914125365021,1.0,1.0,0.0002244141612071,264690.0,0.00045046316566120005,1.0,0.0001402200700634,0.0,0.0001288436060751,1.0,0.0,1.0,0.0002685248700077,1.0,1.0,1.0,0.0,0.0001476638702497,1.0,0.0,0.0,0.0001011006002661,1.0,0.2446546621430612,1.0,0.0001636726109917,1.0,1.0,1.0,0.0003639966311122,1.0,1.0,1.0,0.00216656541831115,1.0,0.0,0.0,6.023112407805567e-05,1.0,1.0,1.0,1.0,0.0001495623858082,0.0,0.0005471915173509,1.0,0.0,0.0,0.0002409110326885,1.0,1.0,1.0,1.0,0.0004966842211455,1.0,0.0,0.0,0.0004354336168333,1.0,0.0,1.0,0.0003353753618639,1.0,0.0,0.0,0.0001813389352387,1.0,0.0,0.5,0.0008732233762285999,1.0,0.0,1.0,0.0002798930458159,1.0,1.0,0.0,1.0,0.0003246990188076,0.0,0.0001111546724558,1.0,0.0,1.0,8.588548816066386e-05,1.0,0.0,1.0,1.0,0.0001448811360149,1.0,0.0,0.0,0.0001357907762031,1.0,0.0,0.0,0.0003097107657766,1.0,0.0,1.0,0.000101745555167,1.0,1.0,1.0,0.0011244437390187999,1.0,1.0,1.0,0.0013851914448922,1.0,1.0,1.0,0.0,0.0001414197958603,1.0,0.0001351548410148,1.0,0.0,0.3434818868518289,2.677257949943856e-05,1.0,0.0,1.0,0.0001031275165441,1.0,0.0,1.0,0.0,6.54203620841598e-05,1.0,0.0065833504607211,0.0,9.717193159536516e-05,1.0,0.943826511804068,1.0,0.0003676609132862,1.0,0.0,1.0,0.0003798138096054,1.0,0.0,1.0,0.0010352132095212,1.0,0.0,1.0,8.55149140169148e-05,1.0,1.0,0.0,0.9889741673693588,1.0,1.0,7.587877766917531,0.5898701964084676,8.081157015752545,334.0,0.0,0.0,0.0,0.0,1.0,3.6914261884708344,8.081157015752545,0.5898701964084676,3.164010525914919,338.0,0.9629629629629629
0.0046206153832621995,0.0229319494175801,0.00249919528398355,0.0009000000000739001,0.01328297730217525,0.00090001692366525,0.00026591101633890004,0.0002631454984931,0.00033392818126865,7.331502967708598e-05,8.548576025260417e-05,0.00029105821481259996,0.00024735873938155,0.0003512855291243,5.676888778292314e-05,0.0010449507369871,0.0005064409604892,0.0008358654805588999,0.00052051110905175,7.070207127557905e-05,9.091415319703556e-05,0.00020577500363135,0.0002983642629857,0.0002617540288247,0.0001651503821096,0.0015179245030616,0.0,0.00432719450097685,1.0,0.00102942819663545,0.6241283467800682,0.00293174722496145,1.0,5.994997453585036e-05,0.0,0.0044740343684259495,0.6132639808286222,0.0006796020422633,0.0,0.0012897750835987,1.0,0.0,0.0003065334790999,1.0,0.6126775856375599,0.0006118439679484,1.0,0.0,0.0001140642768167,1.0,0.0,4.5231767314469614e-05,1.0,0.0,0.000300342941749,1.0,1.0,0.0001730103806228,1.0,0.838949246584827,0.0001192267539485,1.0,1.0,0.0004563540475816,1.0,0.8297127294672082,0.0001009267887653,1.0,1.0,0.0002591730470281,1.0,1.0,0.0003414804871966,1.0,0.0,0.00053096647900015,1.0,1.0,0.00037577784272454996,1.0,0.0,0.000377107236627,1.0,1.0,0.0004090530981813,1.0,1.0,9.332191302040747e-05,1.0,0.01924737487351285,0.0001851516122612,1.0,0.0,0.00036563886477915,1.0,0.0,0.00031034097430555,1.0,4.938714600622784,5.213598062042558,4.236958879198858,1.0,0.0004256638371771,1.0,0.0,0.0371599533499746,1.0,1.0,1.0636752273681848e-08,1.0,1.0,1.850578812829044e-05,1.0,0.0,2.88660437605771e-09,1.0,0.0,0.0214286771436134,1.0,0.0,3.2202666170409e-05,1.0,1.0,0.0046127503290625,1.0,0.0,0.069543889342901,1.0,0.0,7.428600000000009e-06,1.0,0.0,0.0002704604930382,1.0,0.0,7.117411403884489e-05,1.0,1.0,0.0022334644243716,1.0,1.0,5.071572184783205e-06,1.0,0.0,0.000104945559282,1.0,1.0,1.1547010193089416e-08,1.0,1.0,0.0001415589163541,1.0,1.0,0.0001264597771611,1.0,1.0,7.697756458471727e-05,1.0,1.0,5.759013554821229e-07,1.0,0.0,0.0005417233778895,1.0,0.0,3.903748702169718e-06,1.0,1.0,8.5761e-07,1.0,1.0,1.0098528258008624e-07,1.0,0.0,0.0004856360476896,1.0,0.0,0.0002608080841981,1.0,1.0,3.8530380298843013e-07,1.0,1.0,0.0178744750607388,1.0,1.0,0.0002244141612071,264690.0,1.3344490911906364e-05,1.0,0.0001402200700634,0.0,0.0001288436060751,1.0,0.0,1.0,0.0002685248700077,1.0,1.0,1.0,0.0,0.0001476638702497,1.0,0.0,0.0,0.0001011006002661,1.0,0.2446546621430612,1.0,0.0001636726109917,1.0,1.0,1.0,0.0003639966311122,1.0,1.0,1.0,0.00216656541831115,1.0,0.0,0.0,6.023112407805567e-05,1.0,1.0,1.0,1.0,0.0001495623858082,0.0,0.0005471915173509,1.0,0.0,0.0,0.0002409110326885,1.0,1.0,1.0,1.0,0.0004966842211455,1.0,0.0,0.0,0.0004354336168333,1.0,0.0,1.0,0.0003353753618639,1.0,0.0,0.0,0.0001813389352387,1.0,0.0,0.5,0.0008732233762285999,1.0,0.0,1.0,0.0002798930458159,1.0,1.0,0.0,1.0,0.0003246990188076,0.0,0.0001111546724558,1.0,0.0,1.0,8.588548816066386e-05,1.0,0.0,1.0,1.0,0.0001448811360149,1.0,0.0,0.0,0.0001357907762031,1.0,0.0,0.0,0.0003097107657766,1.0,0.0,1.0,0.000101745555167,1.0,1.0,1.0,0.0011244437390187999,1.0,1.0,1.0,0.0013851914448922,1.0,1.0,1.0,0.0,0.0001414197958603,1.0,0.0001351548410148,1.0,0.0,0.3434818868518289,2.677257949943856e-05,1.0,0.0,1.0,0.0001031275165441,1.0,0.0,1.0,0.0,6.54203620841598e-05,1.0,0.0065833504607211,0.0,9.717193159536516e-05,1.0,0.943826511804068,1.0,0.0003676609132862,1.0,0.0,1.0,0.0003798138096054,1.0,0.0,1.0,0.0010352132095212,1.0,0.0,1.0,8.55149140169148e-05,1.0,1.0,0.0,1.0,0.1154655502820497,0.9991087191306148,6.531753117066718,0.5887394922545779,5.236947325216239,249.0,0.5077110708136351,1.0,0.0,0.5011478242335125,0.0,3.206809527312711,6.531753117066718,0.1154655502820497,2.4854391434883722,252.0,0.717948717948718
0.0005243845644557,8.718525850666249e-08,6.853717779049441e-05,0.0003333718776605,0.0009000000092592,3.578623854699669e-09,0.0006051867139501,9.383175888574304e-06,4.167400332515054e-06,9.533444422753068e-10,6.769163887145753e-10,2.7919845074474615e-07,0.0678413382006941,7.096260449679138e-07,4.506910237088136e-06,2.2077240666583825e-05,8.092444840020573e-07,3.803872172919277e-05,0.0247543499696212,0.014909662006866,0.0242445056552573,0.0104291123071838,0.0854554834242319,0.045398269670763,0.0013583325829204,0.0048264574835098,0.0,0.0173998691643048,0.0,1.4975196456875254e-05,0.0,4.641929644256834e-05,0.0,4.210421646949737e-12,1.0,0.0213313889470814,1.0,3.83440619617804e-07,0.0,3.965273836992912e-05,1.0,0.0,0.000607732761945,1.0,1.0,0.0001837032289673,1.0,1.0,3.182151819968214e-09,1.0,0.0,1.9379917159684505e-07,1.0,1.0,2.673107287061723e-05,1.0,1.0,3.09147882445732e-07,1.0,0.0,1.572692753473211e-20,1.0,1.0,1.728976675601467e-06,1.0,1.0,6.7302717455180214e-09,1.0,0.0,0.0112100461882645,1.0,0.0,0.0064702195643897,1.0,1.0,5.6934527543070605e-09,1.0,0.0,0.010078413642249,1.0,0.0,0.0130062999159905,1.0,1.0,0.003177791353204,0.0,1.0,0.0010622591280203,1.0,0.0,2.454327969503945e-13,0.0,0.0,2.8039278886029688e-05,1.0,0.0,0.0107270525180507,1.0,5.35435141844272,5.460462872202373,6.3295862563434255,0.0,8.559575661849216e-07,1.0,1.0,1.9755343958427105e-05,1.0,1.0,2.1456551174122922e-08,1.0,0.0,2.701649376189972e-06,1.0,0.0,1.3599005032896215e-05,1.0,1.0,4.421539542819495e-05,1.0,0.0,0.0005012763484005,1.0,0.0,2.3728995190709437e-05,1.0,0.0,0.0001551315265705,1.0,1.0,4.296926516871401e-06,1.0,1.0,0.0179899334942953,1.0,1.0,1.3639853122983654e-05,1.0,1.0,0.0578237700864641,1.0,0.0,0.0052609556717108,1.0,0.0,3.116854470297628e-11,1.0,0.0,0.0059759796064233,1.0,1.0,0.0629112019789365,1.0,1.0,0.0001172700116489,1.0,1.0,0.0013230987195433,1.0,0.0,1.0746998918316036e-06,1.0,0.0,0.0873592161090441,1.0,1.0,1.3677257930407555e-06,1.0,1.0,2.2301131501117864e-06,1.0,0.0,7.206183174754221e-08,1.0,1.0,0.0053680467878845,1.0,1.0,3.36945937392466e-06,1.0,1.0,0.0104326924835982,1.0,0.0,3.416305617232137e-07,1.0,0.0,0.0126428844277103,264690.0,0.0008979444209152,0.0,3.520121565137992e-05,0.0,5.5992416394586036e-11,1.0,0.0,1.0,9.43226835118258e-16,1.0,0.0,1.0,0.0191574039544217,3.605409906313179e-05,1.0,1.0,0.0,0.026592808812587,1.0,1.0,0.0,3.0191785674134437e-10,1.0,0.0,1.0,6.315519770173729e-05,1.0,1.0,0.0,0.0629739602216855,1.0,0.0,0.0,9.0685966282123e-11,1.0,0.0,1.0,0.0,2.2859281050974214e-05,0.0,0.0012559128136528,1.0,0.0,0.0,0.0022582159532124,1.0,0.0,1.0,1.0,0.0405436340730802,1.0,0.0,1.0,1.0024444124312946e-05,1.0,0.0,1.0,0.0115912842443816,1.0,0.0,1.0,0.0197117447968239,1.0,0.0,0.0,0.0031046832669974,1.0,0.0,1.0,7.916013915764993e-15,1.0,1.0,0.0,1.0,0.0016040713503763,1.0,4.078969145146542e-05,1.0,0.0,0.0,0.000100007179142,1.0,1.0,1.0,0.0,1.594727206042869e-07,1.0,1.0,0.0,3.800735999446897e-06,1.0,1.0,0.0,0.0653574042593055,1.0,1.0,0.0,5.027031366844794e-05,1.0,1.0,1.0,0.0183734152090492,1.0,1.0,0.0,0.0764746827405613,1.0,1.0,1.0,0.0,0.000956474809402,0.0,5.606884502174227e-10,1.0,0.0,0.4317119255652109,2.619861098291985e-07,1.0,0.1109948916392991,0.0,2.317359344151656e-11,1.0,1.0,1.0,1.0,3.862753065911842e-07,1.0,1.0,1.0,4.932270299624201e-07,1.0,0.0,1.0,5.100870859131723e-09,1.0,1.0,1.0,1.449558e-05,1.0,0.0,1.0,0.0106997053103487,1.0,1.0,0.0,0.0258686275469925,1.0,1.0,0.0,0.9501602895731422,0.5707388190233942,0.9704126418022696,5.250801539764214,0.5963115415959557,11.934,0.0,792.9148971310296,264690.0,0.0,14483.168832960295,0.0,4.157425042083055,11.934,0.5707388190233942,3.799816732059924,1.0,0.002849002849002849
0.0046206153832621995,0.0229319494175801,0.00249919528398355,0.0009000000000739001,0.01328297730217525,0.00090001692366525,0.00026591101633890004,0.0002631454984931,0.00033392818126865,7.331502967708598e-05,8.548576025260417e-05,0.00029105821481259996,0.00024735873938155,0.0003512855291243,5.676888778292314e-05,0.0010449507369871,0.0005064409604892,0.0008358654805588999,0.00052051110905175,7.070207127557905e-05,9.091415319703556e-05,0.00020577500363135,0.0002983642629857,0.0002617540288247,0.0001651503821096,0.0015179245030616,0.0,0.00432719450097685,1.0,0.00102942819663545,0.6241283467800682,0.00293174722496145,1.0,5.994997453585036e-05,0.0,0.0044740343684259495,0.6132639808286222,0.0006796020422633,0.0,0.0012897750835987,1.0,0.0,0.0003065334790999,1.0,0.6126775856375599,0.0006118439679484,1.0,0.0,0.0001140642768167,1.0,0.0,4.5231767314469614e-05,1.0,0.0,0.000300342941749,1.0,1.0,0.0001730103806228,1.0,0.838949246584827,0.0001192267539485,1.0,1.0,0.0004563540475816,1.0,0.8297127294672082,0.0001009267887653,1.0,1.0,0.0002591730470281,1.0,1.0,0.0003414804871966,1.0,0.0,0.00053096647900015,1.0,1.0,0.00037577784272454996,1.0,0.0,0.000377107236627,1.0,1.0,0.0004090530981813,1.0,1.0,9.332191302040747e-05,1.0,0.01924737487351285,0.0001851516122612,1.0,0.0,0.00036563886477915,1.0,0.0,0.00031034097430555,1.0,5.542620247884914,-4.1961367213528,-3.957068556554496,1.0,0.00094622228737275,1.0,0.0,0.00030161454166555,1.0,0.8684375368822927,0.00046449533842345,1.0,1.0,9.732505181296526e-05,1.0,0.0,0.0008223474541493,1.0,0.0,0.00042056105139965,1.0,1.0,6.357671017481105e-05,1.0,0.0,8.95186300711204e-05,1.0,0.0,6.86473451718226e-05,1.0,1.0,0.00012451700193175,1.0,0.7370038800720702,0.00041356743116115,1.0,1.0,0.00010771609799514197,1.0,1.0,0.00043539315559245,1.0,1.0,0.00010716288376599581,1.0,0.3544612469420235,0.00013930251401575,1.0,1.0,0.00020470352168515,1.0,1.0,0.00010241458773015292,1.0,1.0,0.00012846642023805002,1.0,1.0,0.0001173863472579,1.0,1.0,0.0003941170459816,1.0,1.0,0.00059357941590055,1.0,0.0,0.0005032711660119501,1.0,0.5,9.801045077654701e-05,1.0,0.0,8.520010267173671e-05,1.0,0.0,0.00018718664858345002,1.0,1.0,0.00015282011881505,1.0,0.5,0.00011340784905625,1.0,0.5,0.000914125365021,1.0,1.0,0.0002244141612071,264690.0,0.00045046316566120005,1.0,0.0001402200700634,0.0,0.0001288436060751,1.0,0.0,1.0,0.0002685248700077,1.0,1.0,1.0,0.0,0.0001476638702497,1.0,0.0,0.0,0.0001011006002661,1.0,0.2446546621430612,1.0,0.0001636726109917,1.0,1.0,1.0,0.0003639966311122,1.0,1.0,1.0,0.00216656541831115,1.0,0.0,0.0,6.023112407805567e-05,1.0,1.0,1.0,1.0,0.0001495623858082,0.0,0.0005471915173509,1.0,0.0,0.0,0.0002409110326885,1.0,1.0,1.0,1.0,0.0004966842211455,1.0,0.0,0.0,0.0004354336168333,1.0,0.0,1.0,0.0003353753618639,1.0,0.0,0.0,0.0001813389352387,1.0,0.0,0.5,0.0008732233762285999,1.0,0.0,1.0,0.0002798930458159,1.0,1.0,0.0,1.0,0.0003246990188076,0.0,0.0001111546724558,1.0,0.0,1.0,8.588548816066386e-05,1.0,0.0,1.0,1.0,0.0001448811360149,1.0,0.0,0.0,0.0001357907762031,1.0,0.0,0.0,0.0003097107657766,1.0,0.0,1.0,0.000101745555167,1.0,1.0,1.0,0.0011244437390187999,1.0,1.0,1.0,0.0013851914448922,1.0,1.0,1.0,0.0,0.0001414197958603,1.0,0.0001351548410148,1.0,0.0,0.3434818868518289,2.677257949943856e-05,1.0,0.0,1.0,0.0001031275165441,1.0,0.0,1.0,0.0,6.54203620841598e-05,1.0,0.0065833504607211,0.0,9.717193159536516e-05,1.0,0.943826511804068,1.0,0.0003676609132862,1.0,0.0,1.0,0.0003798138096054,1.0,0.0,1.0,0.0010352132095212,1.0,0.0,1.0,8.55149140169148e-05,1.0,1.0,0.0,0.8877615442685837,0.9712284238029316,0.0208294772638283,-0.401756847233755,-0.0814020436273901,-7.636336158062101,334.0,0.0,0.0,0.0,0.0,0.0,-0.9957797921078223,5.542620247884914,-7.636336158062101,3.810722624084836,337.0,0.9601139601139601
0.0046206153832621995,0.0229319494175801,0.00249919528398355,0.0009000000000739001,0.01328297730217525,0.00090001692366525,0.00026591101633890004,0.0002631454984931,0.00033392818126865,7.331502967708598e-05,8.548576025260417e-05,0.00029105821481259996,0.00024735873938155,0.0003512855291243,5.676888778292314e-05,0.0010449507369871,0.0005064409604892,0.0008358654805588999,0.00052051110905175,7.070207127557905e-05,9.091415319703556e-05,0.00020577500363135,0.0002983642629857,0.0002617540288247,0.0001651503821096,0.0015179245030616,0.0,0.00432719450097685,1.0,0.00102942819663545,0.6241283467800682,0.00293174722496145,1.0,5.994997453585036e-05,0.0,0.0044740343684259495,0.6132639808286222,0.0006796020422633,1.0,4.656756842615893e-06,1.0,1.0,1.4184467522253294e-05,1.0,1.0,2.7230250819354217e-22,1.0,1.0,8.814136279847289e-13,1.0,0.0,0.0002493492384589,1.0,1.0,4.0388134364967035e-14,1.0,0.0,6.012282376745365e-06,1.0,1.0,0.0227739209452851,1.0,0.0,0.003650335130575,0.0,0.0,0.0046164509929085,1.0,1.0,7.197681334585834e-08,1.0,0.0,0.0034273732812145,1.0,0.0,0.00053096647900015,1.0,1.0,0.00037577784272454996,1.0,0.0,0.000377107236627,1.0,1.0,0.0004090530981813,1.0,1.0,9.332191302040747e-05,1.0,0.01924737487351285,0.0001851516122612,1.0,0.0,0.00036563886477915,1.0,0.0,0.00031034097430555,1.0,5.605459388814602,5.760186886418442,3.821045422006969,1.0,0.00094622228737275,1.0,0.0,0.00030161454166555,1.0,0.8684375368822927,0.00046449533842345,1.0,1.0,9.732505181296526e-05,1.0,0.0,0.0008223474541493,1.0,0.0,0.00042056105139965,1.0,1.0,6.357671017481105e-05,1.0,0.0,8.95186300711204e-05,1.0,0.0,6.86473451718226e-05,1.0,1.0,0.00012451700193175,1.0,0.7370038800720702,0.00041356743116115,1.0,1.0,0.00010771609799514197,1.0,1.0,0.00043539315559245,1.0,1.0,0.00010716288376599581,1.0,0.3544612469420235,0.00013930251401575,1.0,1.0,0.00020470352168515,1.0,1.0,0.00010241458773015292,1.0,1.0,0.00012846642023805002,1.0,1.0,0.0001173863472579,1.0,1.0,0.0003941170459816,1.0,1.0,0.00059357941590055,1.0,0.0,0.0005032711660119501,1.0,0.5,9.801045077654701e-05,1.0,0.0,8.520010267173671e-05,1.0,0.0,0.00018718664858345002,1.0,1.0,0.00015282011881505,1.0,0.5,0.00011340784905625,1.0,0.5,0.000914125365021,1.0,1.0,0.0002244141612071,264690.0,0.0049480167379773,1.0,0.0001402200700634,0.0,0.0001288436060751,1.0,0.0,1.0,0.0002685248700077,1.0,1.0,1.0,0.0,0.0001476638702497,1.0,0.0,0.0,0.0001011006002661,1.0,0.2446546621430612,1.0,0.0001636726109917,1.0,1.0,1.0,0.0003639966311122,1.0,1.0,1.0,0.00216656541831115,1.0,0.0,0.0,6.023112407805567e-05,1.0,1.0,1.0,1.0,0.0001495623858082,0.0,0.0005471915173509,1.0,0.0,0.0,0.0002409110326885,1.0,1.0,1.0,1.0,0.0004966842211455,1.0,0.0,0.0,0.0004354336168333,1.0,0.0,1.0,0.0003353753618639,1.0,0.0,0.0,0.0001813389352387,1.0,0.0,0.5,0.0008732233762285999,1.0,0.0,1.0,0.0002798930458159,1.0,1.0,0.0,1.0,0.0003246990188076,0.0,0.0001111546724558,1.0,0.0,1.0,8.588548816066386e-05,1.0,0.0,1.0,1.0,0.0001448811360149,1.0,0.0,0.0,0.0001357907762031,1.0,0.0,0.0,0.0003097107657766,1.0,0.0,1.0,0.000101745555167,1.0,1.0,1.0,0.0011244437390187999,1.0,1.0,1.0,0.0013851914448922,1.0,1.0,1.0,0.0,0.0001414197958603,1.0,0.0001351548410148,1.0,0.0,0.3434818868518289,2.677257949943856e-05,1.0,0.0,1.0,0.0001031275165441,1.0,0.0,1.0,0.0,6.54203620841598e-05,1.0,0.0065833504607211,0.0,9.717193159536516e-05,1.0,0.943826511804068,1.0,0.0003676609132862,1.0,0.0,1.0,0.0003798138096054,1.0,0.0,1.0,0.0010352132095212,1.0,0.0,1.0,8.55149140169148e-05,1.0,1.0,0.0,1.0,1.0,1.0,7.624873227001613,0.5954195138781516,8.207939859836365,297.0,0.4875591992381324,1.0,0.0,0.5056671222819558,0.0,3.8461026997729046,8.207939859836365,0.5954195138781516,3.060479029424904,300.0,0.8547008547008547
0.0046206153832621995,0.0229319494175801,0.00249919528398355,0.0009000000000739001,0.01328297730217525,0.00090001692366525,0.00026591101633890004,0.0002631454984931,0.00033392818126865,7.331502967708598e-05,8.548576025260417e-05,0.00029105821481259996,0.00024735873938155,0.0003512855291243,5.676888778292314e-05,0.0010449507369871,0.0005064409604892,0.0008358654805588999,0.00052051110905175,7.070207127557905e-05,9.091415319703556e-05,0.00020577500363135,0.0002983642629857,0.0002617540288247,0.0001651503821096,0.0015179245030616,0.0,0.00432719450097685,1.0,0.00102942819663545,0.6241283467800682,0.00293174722496145,1.0,5.994997453585036e-05,0.0,0.0044740343684259495,0.6132639808286222,0.0006796020422633,0.0,0.0012897750835987,1.0,0.0,0.0003065334790999,1.0,0.6126775856375599,0.0006118439679484,1.0,0.0,0.0001140642768167,1.0,0.0,4.5231767314469614e-05,1.0,0.0,0.000300342941749,1.0,1.0,0.0001730103806228,1.0,0.838949246584827,0.0001192267539485,1.0,1.0,0.0004563540475816,1.0,0.8297127294672082,0.0001009267887653,1.0,1.0,0.0002591730470281,1.0,1.0,0.0003414804871966,1.0,0.0,0.00053096647900015,1.0,1.0,0.00037577784272454996,1.0,0.0,0.000377107236627,1.0,1.0,0.0004090530981813,1.0,1.0,9.332191302040747e-05,1.0,0.01924737487351285,0.0001851516122612,1.0,0.0,0.00036563886477915,1.0,0.0,0.00031034097430555,1.0,4.453000253777009,4.471272059264392,3.821045422006969,1.0,0.00094622228737275,1.0,0.0,0.00030161454166555,1.0,0.8684375368822927,0.00046449533842345,1.0,1.0,9.732505181296526e-05,1.0,0.0,0.0008223474541493,1.0,0.0,0.00042056105139965,1.0,1.0,6.357671017481105e-05,1.0,0.0,8.95186300711204e-05,1.0,0.0,6.86473451718226e-05,1.0,1.0,0.00012451700193175,1.0,0.7370038800720702,0.00041356743116115,1.0,1.0,0.00010771609799514197,1.0,1.0,0.00043539315559245,1.0,1.0,0.00010716288376599581,1.0,0.3544612469420235,0.00013930251401575,1.0,1.0,0.00020470352168515,1.0,1.0,0.00010241458773015292,1.0,1.0,0.00012846642023805002,1.0,1.0,0.0001173863472579,1.0,1.0,0.0003941170459816,1.0,1.0,0.00059357941590055,1.0,0.0,0.0005032711660119501,1.0,0.5,9.801045077654701e-05,1.0,0.0,8.520010267173671e-05,1.0,0.0,0.00018718664858345002,1.0,1.0,0.00015282011881505,1.0,0.5,0.00011340784905625,1.0,0.5,0.000914125365021,1.0,1.0,0.0002244141612071,264690.0,0.00045046316566120005,1.0,0.0001402200700634,0.0,0.0001288436060751,1.0,0.0,1.0,0.0002685248700077,1.0,1.0,1.0,0.0,0.0001476638702497,1.0,0.0,0.0,0.0001011006002661,1.0,0.2446546621430612,1.0,0.0001636726109917,1.0,1.0,1.0,0.0003639966311122,1.0,1.0,1.0,0.00216656541831115,1.0,0.0,0.0,6.023112407805567e-05,1.0,1.0,1.0,1.0,0.0001495623858082,0.0,0.0005471915173509,1.0,0.0,0.0,0.0002409110326885,1.0,1.0,1.0,1.0,0.0004966842211455,1.0,0.0,0.0,0.0004354336168333,1.0,0.0,1.0,0.0003353753618639,1.0,0.0,0.0,0.0001813389352387,1.0,0.0,0.5,0.0008732233762285999,1.0,0.0,1.0,0.0002798930458159,1.0,1.0,0.0,1.0,0.0003246990188076,0.0,0.0001111546724558,1.0,0.0,1.0,8.588548816066386e-05,1.0,0.0,1.0,1.0,0.0001448811360149,1.0,0.0,0.0,0.0001357907762031,1.0,0.0,0.0,0.0003097107657766,1.0,0.0,1.0,0.000101745555167,1.0,1.0,1.0,0.0011244437390187999,1.0,1.0,1.0,0.0013851914448922,1.0,1.0,1.0,0.0,0.0001414197958603,1.0,0.0001351548410148,1.0,0.0,0.3434818868518289,2.677257949943856e-05,1.0,0.0,1.0,0.0001031275165441,1.0,0.0,1.0,0.0,6.54203620841598e-05,1.0,0.0065833504607211,0.0,9.717193159536516e-05,1.0,0.943826511804068,1.0,0.0003676609132862,1.0,0.0,1.0,0.0003798138096054,1.0,0.0,1.0,0.0010352132095212,1.0,0.0,1.0,8.55149140169148e-05,1.0,1.0,0.0,0.9710741392998812,0.3300905357990585,1.0,9.05048719863104,0.6978588793211269,10.786075387709325,334.0,0.0,0.0,0.0,0.0,1.0,3.969982306725229,10.786075387709325,0.3300905357990585,4.0448397730163945,338.0,0.9629629629629629
0.0046206153832621995,0.0229319494175801,0.00249919528398355,0.0009000000000739001,0.01328297730217525,0.00090001692366525,0.00026591101633890004,0.0002631454984931,0.00033392818126865,7.331502967708598e-05,8.548576025260417e-05,0.00029105821481259996,0.00024735873938155,0.0003512855291243,5.676888778292314e-05,0.0010449507369871,0.0005064409604892,0.0008358654805588999,0.00052051110905175,7.070207127557905e-05,9.091415319703556e-05,0.00020577500363135,0.0002983642629857,0.0002617540288247,0.0001651503821096,0.0015179245030616,0.0,0.00432719450097685,1.0,0.00102942819663545,0.6241283467800682,0.00293174722496145,1.0,5.994997453585036e-05,0.0,0.0044740343684259495,0.6132639808286222,0.0006796020422633,0.0,0.0012897750835987,1.0,0.0,0.0003065334790999,1.0,0.6126775856375599,0.0006118439679484,1.0,0.0,0.0001140642768167,1.0,0.0,4.5231767314469614e-05,1.0,0.0,0.000300342941749,1.0,1.0,0.0001730103806228,1.0,0.838949246584827,0.0001192267539485,1.0,1.0,0.0004563540475816,1.0,0.8297127294672082,0.0001009267887653,1.0,1.0,0.0002591730470281,1.0,1.0,0.0003414804871966,1.0,0.0,0.00053096647900015,1.0,1.0,0.00037577784272454996,1.0,0.0,0.000377107236627,1.0,1.0,0.0004090530981813,1.0,1.0,9.332191302040747e-05,1.0,0.01924737487351285,0.0001851516122612,1.0,0.0,0.00036563886477915,1.0,0.0,0.00031034097430555,1.0,5.924198261089669,5.05424105528003,3.1458329255665416,1.0,0.00094622228737275,1.0,0.0,0.00030161454166555,1.0,0.8684375368822927,0.00046449533842345,1.0,1.0,9.732505181296526e-05,1.0,0.0,0.0008223474541493,1.0,0.0,0.00042056105139965,1.0,1.0,6.357671017481105e-05,1.0,0.0,8.95186300711204e-05,1.0,0.0,6.86473451718226e-05,1.0,1.0,0.00012451700193175,1.0,0.7370038800720702,0.00041356743116115,1.0,1.0,0.00010771609799514197,1.0,1.0,0.00043539315559245,1.0,1.0,0.00010716288376599581,1.0,0.3544612469420235,0.00013930251401575,1.0,1.0,0.00020470352168515,1.0,1.0,0.00010241458773015292,1.0,1.0,0.00012846642023805002,1.0,1.0,0.0001173863472579,1.0,1.0,0.0003941170459816,1.0,1.0,0.00059357941590055,1.0,0.0,0.0005032711660119501,1.0,0.5,9.801045077654701e-05,1.0,0.0,8.520010267173671e-05,1.0,0.0,0.00018718664858345002,1.0,1.0,0.00015282011881505,1.0,0.5,0.00011340784905625,1.0,0.5,0.000914125365021,1.0,1.0,0.0002244141612071,264690.0,0.00045046316566120005,1.0,0.0001402200700634,0.0,0.0001288436060751,1.0,0.0,1.0,0.0002685248700077,1.0,1.0,1.0,0.0,0.0001476638702497,1.0,0.0,0.0,0.0001011006002661,1.0,0.2446546621430612,1.0,0.0001636726109917,1.0,1.0,1.0,0.0003639966311122,1.0,1.0,1.0,0.00216656541831115,1.0,0.0,0.0,6.023112407805567e-05,1.0,1.0,1.0,1.0,0.0001495623858082,0.0,0.0005471915173509,1.0,0.0,0.0,0.0002409110326885,1.0,1.0,1.0,1.0,0.0004966842211455,1.0,0.0,0.0,0.0004354336168333,1.0,0.0,1.0,0.0003353753618639,1.0,0.0,0.0,0.0001813389352387,1.0,0.0,0.5,0.0008732233762285999,1.0,0.0,1.0,0.0002798930458159,1.0,1.0,0.0,1.0,0.0003246990188076,0.0,0.0001111546724558,1.0,0.0,1.0,8.588548816066386e-05,1.0,0.0,1.0,1.0,0.0001448811360149,1.0,0.0,0.0,0.0001357907762031,1.0,0.0,0.0,0.0003097107657766,1.0,0.0,1.0,0.000101745555167,1.0,1.0,1.0,0.0011244437390187999,1.0,1.0,1.0,0.0013851914448922,1.0,1.0,1.0,0.0,0.0001414197958603,1.0,0.0001351548410148,1.0,0.0,0.3434818868518289,2.677257949943856e-05,1.0,0.0,1.0,0.0001031275165441,1.0,0.0,1.0,0.0,6.54203620841598e-05,1.0,0.0065833504607211,0.0,9.717193159536516e-05,1.0,0.943826511804068,1.0,0.0003676609132862,1.0,0.0,1.0,0.0003798138096054,1.0,0.0,1.0,0.0010352132095212,1.0,0.0,1.0,8.55149140169148e-05,1.0,1.0,0.0,1.0,1.0,1.0,8.075921716376111,0.5663383863108512,8.143261853829468,334.0,0.0,0.0,0.0,0.0,0.0,3.767754910939186,8.143261853829468,0.5663383863108512,3.115042399668824,337.0,0.9601139601139601
0.0046206153832621995,0.0229319494175801,0.00249919528398355,0.0009000000000739001,0.01328297730217525,0.00090001692366525,0.0193619701702121,0.0976876680188444,0.0256692989853979,0.0002384965943421,4.534210604116261e-05,1.9256211939079483e-05,0.007883793825494,0.0005274743430169,1.2951134317296242e-09,2.700468689431428e-05,0.0009846943748906,0.0021124468416398,0.0027046935963389,1.1750916731189223e-07,0.0001972681886706,2.9211911140680792e-08,2.1517530053438005e-06,4.182129016277789e-05,0.0069623849178409,0.0016382766292089,0.0,0.00432719450097685,1.0,0.00102942819663545,0.6241283467800682,0.00293174722496145,1.0,5.994997453585036e-05,0.0,0.0044740343684259495,0.6132639808286222,0.0006796020422633,0.0,0.0054100635765643,1.0,0.0,0.0595256221353097,1.0,1.0,0.0048649834837484,1.0,0.0,1.870163754834517e-14,1.0,0.0,0.0001238966213765,0.0,1.0,0.0060116931709971,1.0,1.0,0.0009698275862152,1.0,0.0,1.7341564443375115e-21,1.0,0.0,1.6677853437092964e-07,1.0,0.0,6.690431917020284e-07,0.0,1.0,6.864687469124336e-08,1.0,0.0,0.0012609544040348,1.0,0.0,2.5056113815885924e-05,1.0,1.0,5.501700000000011e-06,1.0,0.0,0.0234947771858264,0.0,0.0,2.390911948572687e-11,0.0,0.0,1.9694230792553857e-08,0.0,1.0,3.936826174857517e-05,1.0,0.0,0.0017872574179247,1.0,1.0,0.0081612904262046,0.0,4.682386908032418,5.053678002165486,2.292468985206792,0.0,0.0138776000499584,1.0,1.0,5.533519783639178e-06,1.0,0.7368750737645854,0.0496541902266848,1.0,1.0,0.044831978455986,1.0,1.0,0.0009583436420568,1.0,1.0,0.0002612362476346,1.0,0.0,0.0041590683050439,1.0,0.0,1.7493024719442991e-06,1.0,0.0,0.002819628277249,1.0,0.0,1.79910119221261e-06,1.0,1.0,0.0090281752363394,1.0,1.0,0.0627689169111826,1.0,1.0,0.011040361646463,1.0,1.0,0.0005734927066577,1.0,0.0,1.7027940328319873e-07,1.0,1.0,0.0106547904765043,1.0,0.0,4.636927771251007e-06,1.0,0.0,2.460703046904176e-07,1.0,1.0,4.700700000001172e-06,1.0,0.0,5.226037627335372e-05,1.0,0.0,8.941873064665535e-08,1.0,0.0,0.00755820703591,1.0,0.0,1.3662e-05,1.0,0.0,0.0006780898552054,1.0,0.0,4.285394334340761e-08,1.0,1.0,0.0025563651096632,1.0,0.0,3.689113746129215e-06,1.0,0.0,3.758348579660849e-05,1.0,1.0,0.0483042169073369,264690.0,0.0047488682302957,0.0,0.0581552017929291,0.5995965425020522,0.0001278062324451,1.0,1.0,0.0,8.512865062986638e-07,1.0,1.0,1.0,1.0,1.98020719124997e-08,1.0,0.0,0.0,0.0001011006002661,1.0,1.0,0.0,2.4463410974061994e-06,1.0,1.0,1.0,5.2003438655617206e-09,1.0,0.0,1.0,0.0103584980997276,1.0,0.0,1.0,2.604749739708597e-05,1.0,0.0,0.0,0.0,0.0002328809664128,1.0,0.0001289827524388,1.0,0.0,0.0,0.0006055946722875,1.0,0.0,1.0,1.0,1.8123627362791877e-07,1.0,0.0,1.0,0.0031160718660063,1.0,0.0,0.0,0.0171508480364075,1.0,0.0,1.0,5.372981398370311e-05,1.0,0.0,1.0,0.0007475945893168,1.0,1.0,1.0,0.0005877107540916,1.0,1.0,0.0,1.0,0.0035238176443621,1.0,5.651136005121763e-05,1.0,1.0,0.0,9.833283242491324e-09,1.0,0.0,1.0,0.0,8.39176939861552e-07,1.0,0.0,0.0,6.976183641813973e-05,1.0,1.0,0.0,0.034766888612647,1.0,1.0,0.0,9.882050854510106e-05,1.0,1.0,0.0,0.0031634232880886,1.0,1.0,1.0,0.0373606804164296,1.0,1.0,1.0,0.0,2.393516236758116e-05,1.0,0.0483654829762044,1.0,1.0,1.0,4.813588022475492e-16,1.0,1.0,0.0,3.294946896763675e-05,1.0,1.0,1.0,1.0,6.0908946755018565e-15,1.0,1.0,1.0,0.0016559412489384,1.0,1.0,0.0,0.0647248397552004,1.0,0.0,1.0,3.0511080127025763e-06,1.0,1.0,1.0,6.017309163360775e-05,1.0,0.0,0.0,0.013408549181709,1.0,1.0,1.0,0.9707413104155616,0.4167914322311874,0.9917979382157855,4.740242978393713,0.6636279200800193,8.339437369073716,18.0,838.0702138226637,264690.0,0.0,14889.950797515921,0.0,3.1279080937571866,8.339437369073716,0.4167914322311874,2.7207944439652145,19.0,0.05413105413105413
0.0046206153832621995,0.0229319494175801,0.00249919528398355,0.0009000000000739001,0.01328297730217525,0.00090001692366525,0.014184088946972,0.0001522729669329,7.920118210745168e-06,1.1951234661727248e-07,0.0388412853371092,0.0012893422835503,8.103238995884752e-06,7.347592361071486e-05,0.0980901564706215,0.0037165197155875,0.0066800760355855,5.976807711935896e-14,5.917345827235268e-05,2.035342340330558e-09,0.000160974089532,1.5762897351604257e-13,0.0001720339280473,0.0018257958237609,0.058321956437437,6.573129345642389e-05,0.0,0.00432719450097685,1.0,0.00102942819663545,0.6241283467800682,0.00293174722496145,1.0,5.994997453585036e-05,0.0,0.0044740343684259495,0.6132639808286222,0.0006796020422633,1.0,5.726721005931806e-05,1.0,1.0,0.0150749062784136,1.0,0.0,9.389900608509796e-05,1.0,1.0,0.0003491453177883,0.0,0.0,0.0004057655334439,1.0,1.0,1.7826799582199828e-11,1.0,1.0,0.0282031442503051,1.0,1.0,4.476303928859018e-16,1.0,1.0,0.0005754759689982,1.0,0.0,1.302697341274067e-07,1.0,1.0,7.882325141286699e-10,1.0,1.0,0.0003414804871966,1.0,0.0,5.058111213496207e-05,1.0,1.0,0.0001134270201346,1.0,0.0,0.0003746245385201,1.0,0.0,0.0696100982059158,0.0,0.0,4.748221542841951e-05,1.0,1.0,3.010513814884046e-05,1.0,0.0,3.01050000001474e-05,1.0,0.0,5.6456292867114366e-27,1.0,5.322381899060052,5.199081786769646,3.821045422006969,0.0,8.166165914347201e-05,1.0,0.0,0.0426080177750781,1.0,1.0,4.4704191595124497e-14,1.0,0.0,1.0566078552018883e-05,1.0,1.0,0.0005684510735657,1.0,0.0,0.0025497665706666,1.0,1.0,0.001740791019769,1.0,0.0,6.902904171510159e-06,1.0,1.0,0.0002391352500428,1.0,0.0,0.0012987583514574,1.0,1.0,5.182825005442894e-05,1.0,1.0,3.1185000216826093e-06,1.0,1.0,0.0074984658432787,1.0,0.0,0.0001191132638886,1.0,0.0,2.461860241996264e-08,1.0,1.0,6.373543527147435e-06,1.0,0.0,3.500749435257849e-05,1.0,0.0,0.0248833989864237,1.0,0.0,0.0737906098508046,1.0,1.0,0.001224475521694,1.0,0.0,3.2457542486999574e-05,1.0,1.0,0.0004521303652534,1.0,0.0,2.002012692784079e-06,1.0,1.0,9.0397678583401e-07,1.0,1.0,1.793700062323831e-05,1.0,1.0,0.0146774479561234,1.0,0.0,0.0029856601766169,1.0,1.0,0.045473537908133,1.0,0.0,4.350183988051164e-05,264690.0,0.0052092496146074,1.0,2.4698617533535524e-05,0.0,0.0142603961973668,1.0,0.0,1.0,0.0355463984244601,1.0,1.0,1.0,1.0,4.967901527053526e-06,1.0,0.0,1.0,1.9367746472240286e-06,1.0,0.0,0.0,2.5386097832113323e-09,1.0,1.0,1.0,4.210688940235648e-05,1.0,0.0,0.0,0.0001263624401192,1.0,0.0,0.0,2.013751329039176e-08,1.0,1.0,0.0,1.0,2.660562010980714e-05,1.0,0.001982737587948,1.0,1.0,0.0,0.0006325394566151,1.0,1.0,1.0,1.0,0.09543038196126737,1.0,1.0,1.0,2.9601484088150465e-05,1.0,0.0,0.0,5.895090227878213e-12,1.0,0.0,0.0,0.0117786055486583,1.0,1.0,1.0,0.0001212605801378,1.0,0.0,1.0,8.867641806870321e-13,1.0,1.0,0.0,1.0,0.0001726528296388,0.0,0.0001195326560294,1.0,0.0,0.0,0.0059026018872276,1.0,0.0,1.0,1.0,0.0021715733566451,1.0,0.0,0.0,0.0865103224430129,1.0,1.0,0.0,0.0130139074355203,1.0,0.0,0.0,0.0015829709012624,1.0,1.0,1.0,0.0003566387664845,1.0,0.2441703465494848,0.0,0.0070459975756788,1.0,0.0,1.0,1.0,6.0607887002649726e-05,0.0,6.010740000040919e-05,1.0,0.0,0.0,7.968696984276011e-10,1.0,1.0,1.0,1.5035420034426444e-05,1.0,1.0,1.0,1.0,0.0010997871927604,1.0,0.0,0.0,2.933666433382853e-14,1.0,1.0,1.0,3.3199938056547302e-25,1.0,1.0,0.0,0.0006782507798935,1.0,0.0,1.0,0.0412882616666857,1.0,1.0,0.0,0.0001910477435314,1.0,1.0,0.0,1.0,1.0,1.0,8.551875370488409,0.756,11.6818347785899,18.0,838.0858554497747,264690.0,0.0,14889.949914886058,1.0,4.313896729363501,11.6818347785899,0.756,4.134384264376981,20.0,0.05698005698005698
0.0046206153832621995,0.0229319494175801,0.00249919528398355,0.0009000000000739001,0.01328297730217525,0.00090001692366525,0.00026591101633890004,0.0002631454984931,0.00033392818126865,7.331502967708598e-05,8.548576025260417e-05,0.00029105821481259996,0.00024735873938155,0.0003512855291243,5.676888778292314e-05,0.0010449507369871,0.0005064409604892,0.0008358654805588999,0.00052051110905175,7.070207127557905e-05,9.091415319703556e-05,0.00020577500363135,0.0002983642629857,0.0002617540288247,0.0001651503821096,0.0015179245030616,0.0,0.00432719450097685,1.0,0.00102942819663545,0.6241283467800682,0.00293174722496145,1.0,5.994997453585036e-05,0.0,0.0044740343684259495,0.6132639808286222,0.0006796020422633,0.0,0.0012897750835987,1.0,0.0,0.0003065334790999,1.0,0.6126775856375599,0.0006118439679484,1.0,0.0,0.0001140642768167,1.0,0.0,4.5231767314469614e-05,1.0,0.0,0.000300342941749,1.0,1.0,0.0001730103806228,1.0,0.838949246584827,0.0001192267539485,1.0,1.0,0.0004563540475816,1.0,0.8297127294672082,0.0001009267887653,1.0,1.0,0.0002591730470281,1.0,1.0,0.0003414804871966,1.0,0.0,0.00053096647900015,1.0,1.0,0.00037577784272454996,1.0,0.0,0.000377107236627,1.0,1.0,0.0004090530981813,1.0,1.0,9.332191302040747e-05,1.0,0.01924737487351285,0.0001851516122612,1.0,0.0,0.00036563886477915,1.0,0.0,0.00031034097430555,1.0,5.954026774938118,5.929206176401504,6.422612041127468,1.0,0.00094622228737275,1.0,0.0,0.00030161454166555,1.0,0.8684375368822927,0.00046449533842345,1.0,1.0,9.732505181296526e-05,1.0,0.0,0.0008223474541493,1.0,0.0,0.00042056105139965,1.0,1.0,6.357671017481105e-05,1.0,0.0,8.95186300711204e-05,1.0,0.0,6.86473451718226e-05,1.0,1.0,0.00012451700193175,1.0,0.7370038800720702,0.00041356743116115,1.0,1.0,0.00010771609799514197,1.0,1.0,0.00043539315559245,1.0,1.0,0.00010716288376599581,1.0,0.3544612469420235,0.00013930251401575,1.0,1.0,0.00020470352168515,1.0,1.0,0.00010241458773015292,1.0,1.0,0.00012846642023805002,1.0,1.0,0.0001173863472579,1.0,1.0,0.0003941170459816,1.0,1.0,0.00059357941590055,1.0,0.0,0.0005032711660119501,1.0,0.5,9.801045077654701e-05,1.0,0.0,8.520010267173671e-05,1.0,0.0,0.00018718664858345002,1.0,1.0,0.00015282011881505,1.0,0.5,0.00011340784905625,1.0,0.5,0.000914125365021,1.0,1.0,0.0002244141612071,264690.0,0.00045046316566120005,1.0,0.0001402200700634,0.0,0.0001288436060751,1.0,0.0,1.0,0.0002685248700077,1.0,1.0,1.0,0.0,0.0001476638702497,1.0,0.0,0.0,0.0001011006002661,1.0,0.2446546621430612,1.0,0.0001636726109917,1.0,1.0,1.0,0.0003639966311122,1.0,1.0,1.0,0.00216656541831115,1.0,0.0,0.0,6.023112407805567e-05,1.0,1.0,1.0,1.0,0.0001495623858082,0.0,0.0005471915173509,1.0,0.0,0.0,0.0002409110326885,1.0,1.0,1.0,1.0,0.0004966842211455,1.0,0.0,0.0,0.0004354336168333,1.0,0.0,1.0,0.0003353753618639,1.0,0.0,0.0,0.0001813389352387,1.0,0.0,0.5,0.0008732233762285999,1.0,0.0,1.0,0.0002798930458159,1.0,1.0,0.0,1.0,0.0003246990188076,0.0,0.0001111546724558,1.0,0.0,1.0,8.588548816066386e-05,1.0,0.0,1.0,1.0,0.0001448811360149,1.0,0.0,0.0,0.0001357907762031,1.0,0.0,0.0,0.0003097107657766,1.0,0.0,1.0,0.000101745555167,1.0,1.0,1.0,0.0011244437390187999,1.0,1.0,1.0,0.0013851914448922,1.0,1.0,1.0,0.0,0.0001414197958603,1.0,0.0001351548410148,1.0,0.0,0.3434818868518289,2.677257949943856e-05,1.0,0.0,1.0,0.0001031275165441,1.0,0.0,1.0,0.0,6.54203620841598e-05,1.0,0.0065833504607211,0.0,9.717193159536516e-05,1.0,0.943826511804068,1.0,0.0003676609132862,1.0,0.0,1.0,0.0003798138096054,1.0,0.0,1.0,0.0010352132095212,1.0,0.0,1.0,8.55149140169148e-05,1.0,1.0,0.0,0.96135036148336,0.9651249388219004,0.994507484065103,10.003,0.636100198927898,9.956406724540194,334.0,0.0,0.0,0.0,0.0,0.0,4.648229742463355,10.003,0.636100198927898,3.872849920824451,337.0,0.9601139601139601
0.0046206153832621995,0.0229319494175801,0.00249919528398355,0.0009000000000739001,0.01328297730217525,0.00090001692366525,0.0215162408384465,0.0026070081386683,3.9980833831526495e-10,8.108514636740772e-06,5.603622497232979e-10,0.0161390947785572,0.008316106267325,5.534651470701513e-07,0.0077965488545903,0.0010449507369871,0.0005064409604892,0.0008358654805588999,0.00052051110905175,7.070207127557905e-05,9.091415319703556e-05,0.00020577500363135,0.0002983642629857,0.0002617540288247,0.0001651503821096,0.0061158090033664,0.0,0.00432719450097685,1.0,0.00102942819663545,0.6241283467800682,0.00293174722496145,1.0,5.994997453585036e-05,0.0,0.0044740343684259495,0.6132639808286222,0.0006796020422633,0.0,0.0012897750835987,1.0,0.0,0.0003065334790999,1.0,0.6126775856375599,0.0006118439679484,1.0,0.0,0.0001140642768167,1.0,0.0,4.5231767314469614e-05,1.0,0.0,0.000300342941749,1.0,1.0,0.0001730103806228,1.0,0.838949246584827,0.0001192267539485,1.0,1.0,0.0004563540475816,1.0,0.8297127294672082,0.0001009267887653,1.0,1.0,0.0002591730470281,1.0,1.0,0.0003414804871966,1.0,0.0,1.8271054621564761e-09,0.0,0.0,0.0012060345852536,1.0,0.0,1.206202384171683e-05,1.0,0.0,9.91188123027113e-05,0.0,0.0,1.406429436774509e-05,0.0,0.0,3.25518729054711e-13,0.0,0.0,0.0542291137203318,1.0,1.0,0.0001027804053402,1.0,5.362306855805277,5.797268558913422,4.501216385541414,0.0,5.790185479076424e-11,1.0,1.0,0.0025117560206684,1.0,0.0,2.5595965750019647e-06,1.0,0.0,7.647087730555237e-06,1.0,0.0,1.0182127699891184e-06,1.0,1.0,0.0153906010984757,1.0,1.0,0.0010512916233955,1.0,0.0,7.201365166805993e-07,1.0,0.0,4.2623112255603e-07,1.0,0.0,3.167710422472787e-05,1.0,0.0,0.0004489180609764,1.0,1.0,0.0050827167925061,1.0,1.0,0.0001131861192706,1.0,1.0,0.0005307216641281,1.0,0.0,3.430448741927349e-07,1.0,1.0,1.7964340920228333e-05,1.0,0.0,0.0808599178072887,1.0,1.0,0.0012357874137752,1.0,1.0,0.0085012866266089,1.0,0.0,2.9339718065151944e-08,1.0,1.0,7.430605112774795e-16,1.0,1.0,9.025828167791584e-09,1.0,1.0,3.976871268019497e-05,1.0,1.0,0.0057444987328003,1.0,0.0,1.1908153189823944e-12,1.0,0.0,2.7358070437104637e-09,1.0,1.0,0.008952180565731,1.0,0.0,0.006657282092591,1.0,1.0,0.0002244141612071,264690.0,1.1259000107181975e-05,1.0,0.0001402200700634,0.0,0.0001288436060751,1.0,0.0,1.0,0.0002685248700077,1.0,1.0,1.0,0.0,0.0001476638702497,1.0,0.0,0.0,0.0001011006002661,1.0,0.2446546621430612,1.0,0.0001636726109917,1.0,1.0,1.0,0.0003639966311122,1.0,1.0,1.0,0.00216656541831115,1.0,0.0,0.0,6.023112407805567e-05,1.0,1.0,1.0,1.0,0.0001495623858082,0.0,0.0005471915173509,1.0,0.0,0.0,0.0002409110326885,1.0,1.0,1.0,1.0,0.0004966842211455,1.0,0.0,0.0,0.0004354336168333,1.0,0.0,1.0,0.0003353753618639,1.0,0.0,0.0,0.0001813389352387,1.0,0.0,0.5,0.0008732233762285999,1.0,0.0,1.0,0.0002798930458159,1.0,1.0,0.0,1.0,0.0003246990188076,0.0,0.0001111546724558,1.0,0.0,1.0,8.588548816066386e-05,1.0,0.0,1.0,1.0,0.0001448811360149,1.0,0.0,0.0,0.0001357907762031,1.0,0.0,0.0,0.0003097107657766,1.0,0.0,1.0,0.000101745555167,1.0,1.0,1.0,0.0011244437390187999,1.0,1.0,1.0,0.0013851914448922,1.0,1.0,1.0,1.0,1.1154870256301436e-06,0.0,0.0176556360537266,1.0,0.0,0.0,0.0059783291163825,1.0,1.0,1.0,0.0136631025511248,1.0,0.0,1.0,0.0,4.383847210556567e-07,1.0,1.0,0.0,7.093388898961695e-10,1.0,0.0,1.0,0.0323695215820058,1.0,0.0,1.0,1.047056860306124e-05,1.0,0.0,0.0,0.0165205202159324,1.0,1.0,0.0,2.5101864488454984e-25,1.0,1.0,1.0,0.9308157631936804,0.4048608457599375,0.9138803646104334,9.951262999021464,0.6204672335200643,7.778360777917396,175.0,0.41725115626671744,1.0,0.0,0.492547587283118,1.0,3.560259875795712,9.951262999021464,0.4048608457599375,3.4329938187632596,177.0,0.5042735042735043
0.0046206153832621995,0.0229319494175801,0.00249919528398355,0.0009000000000739001,0.01328297730217525,0.00090001692366525,0.0645020321466953,2.6883283263431303e-05,4.528723559798659e-09,0.0010561578658194,4.536397083276884e-05,1.292928346981217e-05,2.4354700855751807e-06,0.000343898349327,0.0093940251168592,0.0124699084823828,2.175300006599272e-05,0.0043555474703727,0.0318986914997071,5.976315383153094e-06,1.824366659159082e-06,1.0685533115463508e-05,0.0124352878634973,8.564247439212222e-10,5.219761580862607e-06,0.0238121008056689,0.0,0.00432719450097685,1.0,0.00102942819663545,0.6241283467800682,0.00293174722496145,1.0,5.994997453585036e-05,0.0,0.0044740343684259495,0.6132639808286222,0.0006796020422633,1.0,0.0002791647757281,1.0,1.0,0.0086286926753504,1.0,0.0,0.0554364368371526,1.0,0.0,0.0026125270235469,1.0,1.0,1.251734535829267e-05,1.0,0.0,1.1288855577494092e-05,1.0,1.0,3.473324058468745e-15,1.0,0.0,1.157150936746859e-16,1.0,0.0,0.0004956335924018,1.0,0.0,1.3627519796076897e-06,1.0,1.0,0.0213842234138562,1.0,0.0,0.0117763189790778,1.0,1.0,3.3363012027557646e-05,1.0,1.0,0.000379284163592,1.0,0.0,0.0001533940844407,0.0,0.0,2.5766331739754206e-13,0.0,1.0,0.013549100107738,1.0,0.0,4.029181326926828e-05,1.0,1.0,0.0014528376566556,1.0,1.0,0.0001986315957176,1.0,5.975544071559684,5.562406101045923,3.503042091152832,0.0,0.0559552703261404,1.0,0.0,0.0491843364281865,1.0,0.0,0.002974246733136,1.0,0.0,0.0083111838332957,1.0,1.0,6.115953831637892e-06,1.0,0.0,0.00159619793193,1.0,0.0,0.017832291885496,1.0,0.0,0.001062098940205,1.0,1.0,5.327701579856315e-06,1.0,1.0,8.269091403004987e-05,1.0,0.0,0.068602693739129,1.0,0.0,0.0393857942855306,1.0,1.0,3.858772958516327e-05,1.0,1.0,9.396000001326777e-06,1.0,0.0,0.0142612215343135,1.0,0.0,5.036968370210667e-06,1.0,0.0,0.0050507805158561,1.0,1.0,3.0220696082197266e-05,1.0,1.0,1.0252412539176984e-05,1.0,0.0,6.265692531844629e-06,1.0,1.0,0.0429764445251252,1.0,0.0,0.0004702695158801,1.0,1.0,1.468515144205307e-05,1.0,0.0,8.757000000000001e-06,1.0,0.0,4.682671390045069e-06,1.0,0.0,1.816166596386992e-05,1.0,0.0,2.3239653573877e-06,1.0,0.0,5.925140672136269e-05,1.0,1.0,0.0002244141612071,264690.0,0.0235018917832859,1.0,1.6499814345974737e-05,1.0,1.2817258749908069e-05,1.0,0.0,1.0,0.0042981350822508,1.0,1.0,1.0,0.0,0.0014070969242895,1.0,1.0,1.0,0.0067261086463951,1.0,1.0,0.0,0.0099245306032556,1.0,1.0,1.0,0.0176593661188503,1.0,1.0,1.0,0.00216656541831115,1.0,0.0,1.0,0.0210140166382314,1.0,1.0,0.0,1.0,0.09144340046281473,0.0,0.0001524973426476,1.0,0.0,0.0,0.0041833779890817,1.0,0.0,1.0,0.0,0.0100260961658242,1.0,1.0,0.0,0.0005896611122755,1.0,0.0,1.0,0.0001784770037845,1.0,1.0,1.0,8.773983021539685e-06,1.0,0.0,0.0,0.001076644419603,1.0,0.0,1.0,0.0006454507208521,1.0,0.0,0.0,0.0,0.0069132787119544,0.0,0.0160962011829341,1.0,0.0,1.0,8.499396227691698e-05,1.0,1.0,1.0,1.0,0.0014000987270062,1.0,1.0,1.0,6.711410884189037e-05,1.0,1.0,1.0,1.3588716964702576e-08,1.0,0.0,1.0,0.005190874852173,1.0,1.0,1.0,6.711510400597702e-05,1.0,0.0,0.0,4.126122640131232e-07,1.0,1.0,1.0,1.0,7.436547072385314e-06,1.0,2.4048720010267253e-05,1.0,0.0,0.0,0.0002115030955733,1.0,0.0,0.0,2.5061967855331542e-14,1.0,1.0,1.0,0.0,2.1484260681346507e-05,1.0,1.0,0.0,4.010659524567199e-05,1.0,1.0,0.0,0.0473965892230441,1.0,0.0,1.0,0.0081630867586878,1.0,0.0,1.0,5.550190001514243e-05,1.0,1.0,0.0,0.0012213381744275,1.0,0.0,1.0,1.0,0.9797412569671144,0.9569520490250988,8.160010674247424,0.5758725270161978,7.484139907643518,25.0,0.4558764653329374,1.0,0.0,0.4961533513431836,0.0,3.7997454087397546,8.160010674247424,0.5758725270161978,3.0574010535597647,26.0,0.07407407407407407
0.0046206153832621995,0.0229319494175801,0.00249919528398355,0.0009000000000739001,0.01328297730217525,0.00090001692366525,0.00026591101633890004,0.0002631454984931,0.00033392818126865,7.331502967708598e-05,8.548576025260417e-05,0.00029105821481259996,0.00024735873938155,0.0003512855291243,5.676888778292314e-05,0.0010449507369871,0.0005064409604892,0.0008358654805588999,0.00052051110905175,7.070207127557905e-05,9.091415319703556e-05,0.00020577500363135,0.0002983642629857,0.0002617540288247,0.0001651503821096,0.0015179245030616,0.0,0.00432719450097685,1.0,0.00102942819663545,0.6241283467800682,0.00293174722496145,1.0,5.994997453585036e-05,0.0,0.0044740343684259495,0.6132639808286222,0.0006796020422633,0.0,5.640821064873402e-07,1.0,1.0,3.286808713675415e-05,1.0,0.0,0.0006438861107065,1.0,0.0,1.022189267895468e-10,1.0,1.0,0.0007617575268914,1.0,0.0,2.3107783779539305e-12,1.0,0.0,7.338597162005266e-11,1.0,1.0,0.0163233665997679,1.0,1.0,0.02650757590572,1.0,1.0,0.0008374589665276,1.0,1.0,0.0545377942668262,1.0,1.0,4.106536407067419e-06,1.0,0.0,0.00053096647900015,1.0,1.0,0.00037577784272454996,1.0,0.0,0.000377107236627,1.0,1.0,0.0004090530981813,1.0,1.0,9.332191302040747e-05,1.0,0.01924737487351285,0.0001851516122612,1.0,0.0,0.00036563886477915,1.0,0.0,0.00031034097430555,1.0,5.438754654550601,5.262904220795986,4.752669773014873,1.0,0.00094622228737275,1.0,0.0,0.00030161454166555,1.0,0.8684375368822927,0.00046449533842345,1.0,1.0,9.732505181296526e-05,1.0,0.0,0.0008223474541493,1.0,0.0,0.00042056105139965,1.0,1.0,6.357671017481105e-05,1.0,0.0,8.95186300711204e-05,1.0,0.0,6.86473451718226e-05,1.0,1.0,0.00012451700193175,1.0,0.7370038800720702,0.00041356743116115,1.0,1.0,0.00010771609799514197,1.0,1.0,0.00043539315559245,1.0,1.0,0.00010716288376599581,1.0,0.3544612469420235,0.00013930251401575,1.0,1.0,0.00020470352168515,1.0,1.0,0.00010241458773015292,1.0,1.0,0.00012846642023805002,1.0,1.0,0.0001173863472579,1.0,1.0,0.0003941170459816,1.0,1.0,0.00059357941590055,1.0,0.0,0.0005032711660119501,1.0,0.5,9.801045077654701e-05,1.0,0.0,8.520010267173671e-05,1.0,0.0,0.00018718664858345002,1.0,1.0,0.00015282011881505,1.0,0.5,0.00011340784905625,1.0,0.5,0.000914125365021,1.0,1.0,0.0002244141612071,264690.0,1.343022810980374e-05,1.0,0.0001402200700634,0.0,0.0001288436060751,1.0,0.0,1.0,0.0002685248700077,1.0,1.0,1.0,0.0,0.0001476638702497,1.0,0.0,0.0,0.0001011006002661,1.0,0.2446546621430612,1.0,0.0001636726109917,1.0,1.0,1.0,0.0003639966311122,1.0,1.0,1.0,0.00216656541831115,1.0,0.0,0.0,6.023112407805567e-05,1.0,1.0,1.0,1.0,0.0001495623858082,0.0,0.0005471915173509,1.0,0.0,0.0,0.0002409110326885,1.0,1.0,1.0,1.0,0.0004966842211455,1.0,0.0,0.0,0.0004354336168333,1.0,0.0,1.0,0.0003353753618639,1.0,0.0,0.0,0.0001813389352387,1.0,0.0,0.5,0.0008732233762285999,1.0,0.0,1.0,0.0002798930458159,1.0,1.0,0.0,1.0,0.0003246990188076,0.0,0.0001111546724558,1.0,0.0,1.0,8.588548816066386e-05,1.0,0.0,1.0,1.0,0.0001448811360149,1.0,0.0,0.0,0.0001357907762031,1.0,0.0,0.0,0.0003097107657766,1.0,0.0,1.0,0.000101745555167,1.0,1.0,1.0,0.0011244437390187999,1.0,1.0,1.0,0.0013851914448922,1.0,1.0,1.0,0.0,0.0001414197958603,1.0,0.0001351548410148,1.0,0.0,0.3434818868518289,2.677257949943856e-05,1.0,0.0,1.0,0.0001031275165441,1.0,0.0,1.0,0.0,6.54203620841598e-05,1.0,0.0065833504607211,0.0,9.717193159536516e-05,1.0,0.943826511804068,1.0,0.0003676609132862,1.0,0.0,1.0,0.0003798138096054,1.0,0.0,1.0,0.0010352132095212,1.0,0.0,1.0,8.55149140169148e-05,1.0,1.0,0.0,1.0,0.28120030034748,1.0,9.278096415764486,0.7062258229550877,7.778360777917396,297.0,0.5162071029321113,1.0,0.0,0.5039996573800212,1.0,3.4649813984285642,9.278096415764486,0.28120030034748,3.217767990648518,301.0,0.8575498575498576
0.0046206153832621995,0.0229319494175801,0.00249919528398355,0.0009000000000739001,0.01328297730217525,0.00090001692366525,1.2958363230925188e-06,1.7013646844169676e-05,2.304922732488973e-09,0.0670564708460711,0.072595359905845,0.0133509392609374,3.474962635079512e-05,0.0246950770083993,1.2673693909803768e-07,0.0010449507369871,0.0005064409604892,0.0008358654805588999,0.00052051110905175,7.070207127557905e-05,9.091415319703556e-05,0.00020577500363135,0.0002983642629857,0.0002617540288247,0.0001651503821096,1.519147496415629e-05,0.0,0.00432719450097685,1.0,0.00102942819663545,0.6241283467800682,0.00293174722496145,1.0,5.994997453585036e-05,0.0,0.0044740343684259495,0.6132639808286222,0.0006796020422633,0.0,1.466355916584845e-17,1.0,0.0,4.135361094691846e-05,1.0,1.0,0.001337522535139,1.0,0.0,0.0007809046393823,1.0,0.0,0.0168262753565246,0.6088154714296365,0.0,9.43499077001825e-10,1.0,1.0,1.173865879798834e-08,1.0,0.0,0.0156960118164354,1.0,0.0,0.0007459243955053,1.0,0.0,0.0001653983298018,0.0,0.0,0.090720472733383,1.0,1.0,0.0005617485851683,1.0,1.0,0.0811086019244365,1.0,1.0,0.0004320204678352,1.0,1.0,2.041056910005289e-08,1.0,0.0,1.3732831719627542e-05,1.0,0.0,7.282912525160399e-05,1.0,1.0,6.351262583710941e-18,1.0,1.0,0.005035795894203,1.0,1.0,8.24419035549955e-06,1.0,5.119382163895697,5.023793043485952,4.064600935588024,0.0,0.0001384673574584,1.0,0.0,1.1054953211614658e-06,1.0,0.0,0.0011256034334664,1.0,1.0,1.3088992955876472e-07,1.0,1.0,0.0014117934573518,1.0,0.0,0.004053761275406,1.0,1.0,5.387034579395824e-06,1.0,0.0,0.0001700681972392,1.0,0.0,0.0166621424027089,1.0,1.0,8.785324074793319e-06,1.0,1.0,0.0005657624247445,1.0,1.0,0.0157604789102227,1.0,1.0,0.0501591382769484,1.0,0.0,7.586964944710651e-05,1.0,0.0,1.7767073180022176e-05,1.0,1.0,0.0273461805058699,1.0,1.0,0.0095516296816625,1.0,1.0,5.517061017762713e-09,1.0,0.0,4.605368424086619e-06,1.0,1.0,0.0195189755843117,1.0,1.0,4.198500023265178e-07,1.0,0.0,0.0016055827705018,1.0,0.0,0.0004884969403207,1.0,0.0,5.180876992744127e-06,1.0,1.0,1.6047005753101907e-05,1.0,1.0,6.38597313451516e-07,1.0,1.0,0.0115920146354993,1.0,1.0,0.08054369523853747,1.0,1.0,3.422224955481243e-06,264690.0,0.0003159623267237,1.0,1.017316565426987e-05,0.0,1.0995881397234349e-07,1.0,1.0,1.0,7.816485798740503e-06,1.0,0.0,1.0,1.0,5.6306722813464425e-11,1.0,0.0,0.0,1.3123466689590976e-11,1.0,1.0,1.0,0.0126668256301818,1.0,1.0,0.0,2.526246e-05,1.0,1.0,1.0,3.1921347737123e-05,1.0,0.0,1.0,0.09195945177873242,1.0,1.0,0.0,0.0,0.0199217574876652,0.0,0.0005183733011806,1.0,1.0,1.0,0.09101593294547668,1.0,1.0,1.0,0.0,5.784838337151135e-14,1.0,0.0,1.0,2.335585237237748e-15,1.0,0.0,1.0,8.136024944691532e-06,1.0,1.0,0.0,1.143708764020062e-05,1.0,1.0,1.0,0.0020291045521068,1.0,1.0,1.0,0.000587808335955,1.0,1.0,1.0,1.0,5.537157498638743e-06,0.0,7.044297896726623e-08,1.0,1.0,0.0,5.24315399970608e-08,1.0,0.0,1.0,0.0,2.561445797772308e-23,1.0,1.0,0.0,0.0169049952036323,1.0,1.0,0.0,1.1248641886663552e-18,1.0,0.0,0.0,0.0048664924721218,1.0,0.0,0.0,1.309203001285624e-05,1.0,1.0,0.0,0.0001537512555656,1.0,1.0,0.0,1.0,6.491177332024587e-05,0.0,0.0183872114093759,1.0,1.0,1.0,1.3009559860031788e-06,1.0,0.0,1.0,2.230601739503512e-05,1.0,1.0,1.0,0.0,0.0068324083063948,1.0,0.0,0.0,1.1481713583420149e-07,1.0,0.0,1.0,0.0471113429259629,1.0,1.0,0.0,1.631932506156324e-06,1.0,1.0,0.0,1.8661329546256213e-05,1.0,0.0,1.0,0.0149675937641144,1.0,0.0,1.0,1.0,0.0135884384713555,0.9884103933399728,7.9437521013823265,0.6208135483190463,7.090147222316617,28.0,865.4887971862217,264690.0,0.0,15131.292140967023,0.0,3.5404986496443325,7.9437521013823265,0.0135884384713555,2.976728681615387,29.0,0.08262108262108261
0.0046206153832621995,0.0229319494175801,0.00249919528398355,0.0009000000000739001,0.01328297730217525,0.00090001692366525,0.0012604671653912,1.847741800978983e-13,0.009256358427573,6.272450124169245e-08,0.0008437117306181,0.0158800610642325,0.00018522001004,0.0084480748264479,1.789856579076047e-05,0.0121675799576608,6.307275192693175e-13,0.0003754384328414,0.0005321202844757,0.0060919299184218,7.698283304822591e-08,0.0251096010437977,0.000292166513996,0.0283405264023269,3.480055406769901e-07,0.063010047187194,0.0,0.00432719450097685,1.0,0.00102942819663545,0.6241283467800682,0.00293174722496145,1.0,5.994997453585036e-05,0.0,0.0044740343684259495,0.6132639808286222,0.0006796020422633,0.0,0.0012897750835987,1.0,0.0,0.0003065334790999,1.0,0.6126775856375599,0.0006118439679484,1.0,0.0,0.0001140642768167,1.0,0.0,4.5231767314469614e-05,1.0,0.0,0.000300342941749,1.0,1.0,0.0001730103806228,1.0,0.838949246584827,0.0001192267539485,1.0,1.0,0.0004563540475816,1.0,0.8297127294672082,0.0001009267887653,1.0,1.0,0.0002591730470281,1.0,1.0,0.0003414804871966,1.0,0.0,0.00053096647900015,1.0,1.0,0.00037577784272454996,1.0,0.0,0.000377107236627,1.0,1.0,0.0004090530981813,1.0,1.0,9.332191302040747e-05,1.0,0.01924737487351285,0.0001851516122612,1.0,0.0,0.00036563886477915,1.0,0.0,0.00031034097430555,1.0,5.35435141844272,5.181640615338484,3.821045422006969,1.0,0.00094622228737275,1.0,0.0,0.00030161454166555,1.0,0.8684375368822927,0.00046449533842345,1.0,1.0,9.732505181296526e-05,1.0,0.0,0.0008223474541493,1.0,0.0,0.00042056105139965,1.0,1.0,6.357671017481105e-05,1.0,0.0,8.95186300711204e-05,1.0,0.0,6.86473451718226e-05,1.0,1.0,0.00012451700193175,1.0,0.7370038800720702,0.00041356743116115,1.0,1.0,0.00010771609799514197,1.0,1.0,0.00043539315559245,1.0,1.0,0.00010716288376599581,1.0,0.3544612469420235,0.00013930251401575,1.0,1.0,0.00020470352168515,1.0,1.0,0.00010241458773015292,1.0,1.0,0.00012846642023805002,1.0,1.0,0.0001173863472579,1.0,1.0,0.0003941170459816,1.0,1.0,0.00059357941590055,1.0,0.0,0.0005032711660119501,1.0,0.5,9.801045077654701e-05,1.0,0.0,8.520010267173671e-05,1.0,0.0,0.00018718664858345002,1.0,1.0,0.00015282011881505,1.0,0.5,0.00011340784905625,1.0,0.5,0.000914125365021,1.0,1.0,0.0002244141612071,264690.0,0.00045046316566120005,1.0,0.0001402200700634,0.0,0.0001288436060751,1.0,0.0,1.0,0.0002685248700077,1.0,1.0,1.0,0.0,0.0001476638702497,1.0,0.0,0.0,0.0001011006002661,1.0,0.2446546621430612,1.0,0.0001636726109917,1.0,1.0,1.0,0.0003639966311122,1.0,1.0,1.0,0.00216656541831115,1.0,0.0,0.0,6.023112407805567e-05,1.0,1.0,1.0,1.0,0.0001495623858082,0.0,0.0005471915173509,1.0,0.0,0.0,0.0002409110326885,1.0,1.0,1.0,1.0,0.0004966842211455,1.0,0.0,0.0,0.0004354336168333,1.0,0.0,1.0,0.0003353753618639,1.0,0.0,0.0,0.0001813389352387,1.0,0.0,0.5,0.0008732233762285999,1.0,0.0,1.0,0.0002798930458159,1.0,1.0,0.0,1.0,0.0003246990188076,0.0,0.0001111546724558,1.0,0.0,1.0,8.588548816066386e-05,1.0,0.0,1.0,1.0,0.0001448811360149,1.0,0.0,0.0,0.0001357907762031,1.0,0.0,0.0,0.0003097107657766,1.0,0.0,1.0,0.000101745555167,1.0,1.0,1.0,0.0011244437390187999,1.0,1.0,1.0,0.0013851914448922,1.0,1.0,1.0,0.0,0.0001414197958603,1.0,0.0001351548410148,1.0,0.0,0.3434818868518289,2.677257949943856e-05,1.0,0.0,1.0,0.0001031275165441,1.0,0.0,1.0,0.0,6.54203620841598e-05,1.0,0.0065833504607211,0.0,9.717193159536516e-05,1.0,0.943826511804068,1.0,0.0003676609132862,1.0,0.0,1.0,0.0003798138096054,1.0,0.0,1.0,0.0010352132095212,1.0,0.0,1.0,8.55149140169148e-05,1.0,1.0,0.0,0.9907116879180674,0.9648709330357024,0.9931657007350316,7.091821317140311,0.6298482557224918,7.778360777917396,314.0,0.008590584462224911,0.063010047187194,1.847741800978983e-13,0.015432729287869268,9.0,0.0,0.0,0.0,0.0,330.0,0.9401709401709402
0.000361271210508,0.0573989315257759,3.364155276335613e-07,0.014810438686844,0.0010092698035744,0.0014062095967934,0.0023161673973804,0.0304640597823435,2.0213859011920983e-05,0.0353241107189408,3.0255618762966497e-10,0.0005223607788106,0.0022120002320671,0.0239388363732975,0.0489269306389819,0.0015670423026378,0.0001733904116457,1.8216720343622936e-31,0.0085173629361596,0.0005187614233595,6.763517863765176e-09,0.000339210000003,0.0025347228881564,0.0008506800000002,0.0009938975010889,0.0016697686546456,0.0,0.006627224313155,0.0,0.0006815442817709,1.0,5.106157181665079e-07,1.0,4.5405373150317967e-10,0.0,0.0026143307891373,0.678966870670433,3.761488194944579e-05,0.0,0.0798690028439069,1.0,1.0,0.000336108947496,1.0,0.0,7.823904899080678e-07,1.0,1.0,0.0002239204129699,1.0,1.0,6.376618620773897e-18,1.0,1.0,0.0016938092265788,1.0,0.0,0.0188813624245085,1.0,0.0,0.0063328795961105,1.0,0.0,0.0013074718852655,1.0,1.0,0.0255898919899461,1.0,1.0,0.000235602094254,1.0,1.0,0.0022881835478384,1.0,1.0,0.0156711882237496,1.0,0.0,0.0012297889900035,1.0,0.0,0.0125704007349068,1.0,1.0,1.404532404147925e-06,1.0,1.0,0.001682108111587,1.0,0.0,0.0009316433950322,1.0,0.0,0.0144979250656502,1.0,0.0,2.208667610617707e-05,0.0,5.647457394896175,1.462911177054366,3.821045422006969,1.0,0.0164996496594344,1.0,0.0,0.0012195801253186,1.0,0.0,1.1619535392603889e-07,1.0,0.0,0.0007032686515768,1.0,1.0,0.0015165000001968,1.0,0.0,0.0014479591825247,1.0,0.0,6.561000075091653e-05,1.0,0.0,0.0070054968208543,1.0,0.0,6.164214544920386e-05,1.0,0.0,0.000148672902694,1.0,1.0,0.0025245531093617,1.0,0.0,0.0013020063667824,1.0,0.0,0.0177758778822703,1.0,0.0,0.0142907909884424,1.0,1.0,5.156935981784057e-05,1.0,0.0,0.0022806197645828,1.0,0.0,0.00051516,1.0,0.0,0.0023613396116824,1.0,1.0,0.0038268013652707,1.0,0.0,0.0002489034773117,1.0,0.0,0.0147396880139223,1.0,0.0,0.0034932927585175,1.0,0.0,0.0005095558200007,1.0,1.0,0.0008748741947102,1.0,1.0,0.0001843602233443,1.0,0.0,0.0248302079177141,1.0,1.0,0.0005792697560721,1.0,0.0,0.0001695603769988,1.0,1.0,0.0006917528954288,264690.0,0.0037605960945652,1.0,0.0005754902551276,0.0,0.0074761926207564,1.0,0.0,1.0,8.963540958285941e-09,1.0,1.0,1.0,1.0,0.0004519025946285,1.0,0.0,0.0,6.682768583914118e-06,1.0,1.0,1.0,0.0003359709083181,1.0,1.0,1.0,0.0015410334905982,1.0,0.0,1.0,0.0012415860010567,1.0,0.0,0.0,0.0037091220818113,1.0,1.0,0.0,0.0,0.0009881279407161,1.0,0.0223915243709824,1.0,1.0,1.0,0.0008667435536245,1.0,0.0,1.0,0.0,0.0023006586020025,1.0,1.0,1.0,0.0133413536663417,1.0,0.0,1.0,0.0009028215519695,1.0,1.0,1.0,0.0111215795479458,1.0,0.0,0.0,0.007568197976792,1.0,1.0,1.0,0.0001103704508425,1.0,0.0,1.0,0.0,0.0006919866462481,1.0,0.0002235130158894,1.0,0.0,1.0,6.418866927334934e-05,1.0,1.0,1.0,1.0,0.0002905225322174,1.0,0.0,1.0,3.362131837964199e-07,1.0,0.0,1.0,0.0006749931010825,1.0,1.0,1.0,0.001430799021001,1.0,0.0,0.0,0.0154812939675112,1.0,1.0,0.0,9.582368989093869e-07,1.0,1.0,1.0,1.0,0.0127626931700365,1.0,0.0010960590747043,1.0,0.0,0.0,1.207700275315236e-11,1.0,0.0,1.0,4.499851042894802e-05,1.0,1.0,1.0,0.0,0.0004389592195041,1.0,1.0,0.0,5.328792514747315e-08,1.0,1.0,1.0,0.0004920030003389,1.0,0.0,1.0,0.0404099472249609,1.0,1.0,1.0,0.0045468192489506,1.0,1.0,1.0,5.22951190984806e-05,1.0,1.0,0.0,0.9811198284251278,0.938013943210193,1.0,4.908078516676008,0.7077196466744138,3.7888242677502673,0.0,792.9382798807792,264690.0,0.0,14483.167549807325,1.0,2.429265596835819,5.647457394896175,0.7077196466744138,2.021703343038875,2.0,0.005698005698005698
0.0046206153832621995,0.0229319494175801,0.00249919528398355,0.0009000000000739001,0.01328297730217525,0.00090001692366525,0.0025004551002297,0.0002276853273394,0.0041077556563672,5.083806617548097e-06,0.0849979486987081,0.0013128933914706,2.963610298919569e-05,0.0015688469910152,0.0006437661602327,0.0010449507369871,0.0005064409604892,0.0008358654805588999,0.00052051110905175,7.070207127557905e-05,9.091415319703556e-05,0.00020577500363135,0.0002983642629857,0.0002617540288247,0.0001651503821096,8.094334636194818e-07,0.0,0.00432719450097685,1.0,0.00102942819663545,0.6241283467800682,0.00293174722496145,1.0,5.994997453585036e-05,0.0,0.0044740343684259495,0.6132639808286222,0.0006796020422633,0.0,0.0012897750835987,1.0,0.0,0.0003065334790999,1.0,0.6126775856375599,0.0006118439679484,1.0,0.0,0.0001140642768167,1.0,0.0,4.5231767314469614e-05,1.0,0.0,0.000300342941749,1.0,1.0,0.0001730103806228,1.0,0.838949246584827,0.0001192267539485,1.0,1.0,0.0004563540475816,1.0,0.8297127294672082,0.0001009267887653,1.0,1.0,0.0002591730470281,1.0,1.0,0.0003414804871966,1.0,0.0,0.00053096647900015,1.0,1.0,0.00037577784272454996,1.0,0.0,0.000377107236627,1.0,1.0,0.0004090530981813,1.0,1.0,9.332191302040747e-05,1.0,0.01924737487351285,0.0001851516122612,1.0,0.0,0.00036563886477915,1.0,0.0,0.00031034097430555,1.0,4.95649978108715,4.723898945505374,3.821045422006969,0.0,7.628286170105271e-15,1.0,0.0,2.5807461214134995e-06,1.0,0.0259369133785843,0.0012688866088212,1.0,0.0,7.510535389140877e-11,1.0,0.0,0.0251144986959946,1.0,1.0,3.908944931747028e-07,1.0,1.0,0.0017758783475684,1.0,1.0,7.1361e-07,1.0,1.0,5.869888801108433e-08,1.0,1.0,0.0001268638824048,1.0,0.0,6.530941720914532e-16,1.0,0.0,1.1043000034494192e-06,1.0,1.0,5.41257375741855e-06,1.0,1.0,0.0022774098030261,1.0,1.0,6.589115635165075e-11,1.0,1.0,0.0321911790824144,1.0,0.0,0.0625390442603039,1.0,1.0,0.0700874308049235,1.0,0.0,0.000144060338621,1.0,1.0,6.307032395086586e-11,1.0,0.0,0.0033707771304621,1.0,0.0,0.00542151742694,1.0,0.0,1.2471288983043186e-11,1.0,1.0,1.7912890171813348e-10,1.0,1.0,0.0623579574365045,1.0,0.0,0.0834821839650025,1.0,0.0,2.030434138203244e-09,1.0,1.0,3.7177381031103783e-16,1.0,1.0,0.0002244141612071,264690.0,0.0002821053327225,1.0,0.0001402200700634,0.0,0.0001288436060751,1.0,0.0,1.0,0.0002685248700077,1.0,1.0,1.0,0.0,0.0001476638702497,1.0,0.0,0.0,0.0001011006002661,1.0,0.2446546621430612,1.0,0.0001636726109917,1.0,1.0,1.0,0.0003639966311122,1.0,1.0,1.0,0.00216656541831115,1.0,0.0,0.0,6.023112407805567e-05,1.0,1.0,1.0,1.0,0.0001495623858082,0.0,0.0005471915173509,1.0,0.0,0.0,0.0002409110326885,1.0,1.0,1.0,1.0,0.0004966842211455,1.0,0.0,0.0,0.0004354336168333,1.0,0.0,1.0,0.0003353753618639,1.0,0.0,0.0,0.0001813389352387,1.0,0.0,0.5,0.0008732233762285999,1.0,0.0,1.0,0.0002798930458159,1.0,1.0,0.0,1.0,0.0003246990188076,0.0,0.0001111546724558,1.0,0.0,1.0,8.588548816066386e-05,1.0,0.0,1.0,1.0,0.0001448811360149,1.0,0.0,0.0,0.0001357907762031,1.0,0.0,0.0,0.0003097107657766,1.0,0.0,1.0,0.000101745555167,1.0,1.0,1.0,0.0011244437390187999,1.0,1.0,1.0,0.0013851914448922,1.0,1.0,1.0,1.0,6.88815370401226e-06,1.0,4.487831555488499e-06,1.0,1.0,0.0,2.651764600805971e-06,1.0,0.0,0.0,0.0014053640137916,1.0,0.0,1.0,1.0,9.456768450893213e-15,1.0,0.0,0.0,1.4331233563271556e-07,1.0,1.0,0.0,4.4975409408846345e-05,1.0,1.0,0.0,7.627095000000023e-07,1.0,0.0,1.0,0.0201862520307448,1.0,0.0,1.0,7.509224431566131e-10,1.0,0.0,1.0,0.9546040793351772,1.0,0.9641818667874488,8.214254278253302,0.7393133658286125,7.778360777917396,199.0,0.45550691389870523,1.0,0.0,0.49639784202740617,2.0,3.0789646166852944,8.214254278253302,0.7393133658286125,2.926414836533039,203.0,0.5783475783475783
0.0046206153832621995,0.0229319494175801,0.00249919528398355,0.0009000000000739001,0.01328297730217525,0.00090001692366525,0.00026591101633890004,0.0002631454984931,0.00033392818126865,7.331502967708598e-05,8.548576025260417e-05,0.00029105821481259996,0.00024735873938155,0.0003512855291243,5.676888778292314e-05,0.0010449507369871,0.0005064409604892,0.0008358654805588999,0.00052051110905175,7.070207127557905e-05,9.091415319703556e-05,0.00020577500363135,0.0002983642629857,0.0002617540288247,0.0001651503821096,0.0015179245030616,0.0,0.00432719450097685,1.0,0.00102942819663545,0.6241283467800682,0.00293174722496145,1.0,5.994997453585036e-05,0.0,0.0044740343684259495,0.6132639808286222,0.0006796020422633,0.0,0.0012897750835987,1.0,0.0,0.0003065334790999,1.0,0.6126775856375599,0.0006118439679484,1.0,0.0,0.0001140642768167,1.0,0.0,4.5231767314469614e-05,1.0,0.0,0.000300342941749,1.0,1.0,0.0001730103806228,1.0,0.838949246584827,0.0001192267539485,1.0,1.0,0.0004563540475816,1.0,0.8297127294672082,0.0001009267887653,1.0,1.0,0.0002591730470281,1.0,1.0,0.0003414804871966,1.0,0.0,0.00053096647900015,1.0,1.0,0.00037577784272454996,1.0,0.0,0.000377107236627,1.0,1.0,0.0004090530981813,1.0,1.0,9.332191302040747e-05,1.0,0.01924737487351285,0.0001851516122612,1.0,0.0,0.00036563886477915,1.0,0.0,0.00031034097430555,1.0,4.923854586246588,4.8248618512450765,4.340153828823104,1.0,0.00094622228737275,1.0,0.0,0.00030161454166555,1.0,0.8684375368822927,0.00046449533842345,1.0,1.0,9.732505181296526e-05,1.0,0.0,0.0008223474541493,1.0,0.0,0.00042056105139965,1.0,1.0,6.357671017481105e-05,1.0,0.0,8.95186300711204e-05,1.0,0.0,6.86473451718226e-05,1.0,1.0,0.00012451700193175,1.0,0.7370038800720702,0.00041356743116115,1.0,1.0,0.00010771609799514197,1.0,1.0,0.00043539315559245,1.0,1.0,0.00010716288376599581,1.0,0.3544612469420235,0.00013930251401575,1.0,1.0,0.00020470352168515,1.0,1.0,0.00010241458773015292,1.0,1.0,0.00012846642023805002,1.0,1.0,0.0001173863472579,1.0,1.0,0.0003941170459816,1.0,1.0,0.00059357941590055,1.0,0.0,0.0005032711660119501,1.0,0.5,9.801045077654701e-05,1.0,0.0,8.520010267173671e-05,1.0,0.0,0.00018718664858345002,1.0,1.0,0.00015282011881505,1.0,0.5,0.00011340784905625,1.0,0.5,0.000914125365021,1.0,1.0,0.0002244141612071,264690.0,0.00045046316566120005,1.0,0.0001402200700634,0.0,0.0001288436060751,1.0,0.0,1.0,0.0002685248700077,1.0,1.0,1.0,0.0,0.0001476638702497,1.0,0.0,0.0,0.0001011006002661,1.0,0.2446546621430612,1.0,0.0001636726109917,1.0,1.0,1.0,0.0003639966311122,1.0,1.0,1.0,0.00216656541831115,1.0,0.0,0.0,6.023112407805567e-05,1.0,1.0,1.0,1.0,0.0001495623858082,0.0,0.0005471915173509,1.0,0.0,0.0,0.0002409110326885,1.0,1.0,1.0,1.0,0.0004966842211455,1.0,0.0,0.0,0.0004354336168333,1.0,0.0,1.0,0.0003353753618639,1.0,0.0,0.0,0.0001813389352387,1.0,0.0,0.5,0.0008732233762285999,1.0,0.0,1.0,0.0002798930458159,1.0,1.0,0.0,1.0,0.0003246990188076,0.0,0.0001111546724558,1.0,0.0,1.0,8.588548816066386e-05,1.0,0.0,1.0,1.0,0.0001448811360149,1.0,0.0,0.0,0.0001357907762031,1.0,0.0,0.0,0.0003097107657766,1.0,0.0,1.0,0.000101745555167,1.0,1.0,1.0,0.0011244437390187999,1.0,1.0,1.0,0.0013851914448922,1.0,1.0,1.0,0.0,0.0001414197958603,1.0,0.0001351548410148,1.0,0.0,0.3434818868518289,2.677257949943856e-05,1.0,0.0,1.0,0.0001031275165441,1.0,0.0,1.0,0.0,6.54203620841598e-05,1.0,0.0065833504607211,0.0,9.717193159536516e-05,1.0,0.943826511804068,1.0,0.0003676609132862,1.0,0.0,1.0,0.0003798138096054,1.0,0.0,1.0,0.0010352132095212,1.0,0.0,1.0,8.55149140169148e-05,1.0,1.0,0.0,0.9388279106392954,0.7032477249239077,0.9923326814973792,5.959631098075942,0.5642945387372454,7.370215213887482,334.0,0.0,0.0,0.0,0.0,0.0,3.401935492675113,7.370215213887482,0.5642945387372454,2.615302756633548,337.0,0.9601139601139601
0.0046206153832621995,0.0229319494175801,0.00249919528398355,0.0009000000000739001,0.01328297730217525,0.00090001692366525,0.0253875055220265,1.6492346563303128e-18,0.0018250154169654,0.0034914299311473,0.0186243911223796,7.466049276467857e-08,1.0422380783206642e-09,0.000721815155183,0.0003101043532592,0.0010449507369871,0.0005064409604892,0.0008358654805588999,0.00052051110905175,7.070207127557905e-05,9.091415319703556e-05,0.00020577500363135,0.0002983642629857,0.0002617540288247,0.0001651503821096,2.979900000000009e-05,0.0,0.00432719450097685,1.0,0.00102942819663545,0.6241283467800682,0.00293174722496145,1.0,5.994997453585036e-05,0.0,0.0044740343684259495,0.6132639808286222,0.0006796020422633,0.0,0.0012897750835987,1.0,0.0,0.0003065334790999,1.0,0.6126775856375599,0.0006118439679484,1.0,0.0,0.0001140642768167,1.0,0.0,4.5231767314469614e-05,1.0,0.0,0.000300342941749,1.0,1.0,0.0001730103806228,1.0,0.838949246584827,0.0001192267539485,1.0,1.0,0.0004563540475816,1.0,0.8297127294672082,0.0001009267887653,1.0,1.0,0.0002591730470281,1.0,1.0,0.0003414804871966,1.0,0.0,0.00053096647900015,1.0,1.0,0.00037577784272454996,1.0,0.0,0.000377107236627,1.0,1.0,0.0004090530981813,1.0,1.0,9.332191302040747e-05,1.0,0.01924737487351285,0.0001851516122612,1.0,0.0,0.00036563886477915,1.0,0.0,0.00031034097430555,1.0,5.809908140727931,2.2269247592696084,0.3555721559563511,1.0,0.00094622228737275,1.0,0.0,0.00030161454166555,1.0,0.8684375368822927,0.00046449533842345,1.0,1.0,9.732505181296526e-05,1.0,0.0,0.0008223474541493,1.0,0.0,0.00042056105139965,1.0,1.0,6.357671017481105e-05,1.0,0.0,8.95186300711204e-05,1.0,0.0,6.86473451718226e-05,1.0,1.0,0.00012451700193175,1.0,0.7370038800720702,0.00041356743116115,1.0,1.0,0.00010771609799514197,1.0,1.0,0.00043539315559245,1.0,1.0,0.00010716288376599581,1.0,0.3544612469420235,0.00013930251401575,1.0,1.0,0.00020470352168515,1.0,1.0,0.00010241458773015292,1.0,1.0,0.00012846642023805002,1.0,1.0,0.0001173863472579,1.0,1.0,0.0003941170459816,1.0,1.0,0.00059357941590055,1.0,0.0,0.0005032711660119501,1.0,0.5,9.801045077654701e-05,1.0,0.0,8.520010267173671e-05,1.0,0.0,0.00018718664858345002,1.0,1.0,0.00015282011881505,1.0,0.5,0.00011340784905625,1.0,0.5,0.000914125365021,1.0,1.0,0.0002244141612071,264690.0,0.0632628736158357,0.0,1.1460016488692258e-05,1.0,0.0011646102445904,1.0,0.0,0.0,0.0023151869470497,1.0,0.0,1.0,0.0,0.0380647915267137,1.0,0.7500329920382601,1.0,1.906597300320047e-07,1.0,1.0,0.0,1.9423292815338615e-07,1.0,1.0,0.0,0.0823280897095179,1.0,1.0,1.0,0.00216656541831115,1.0,0.0,0.0,1.959908351851805e-09,1.0,1.0,1.0,0.0,1.725148271180568e-05,1.0,2.5748387698064922e-14,1.0,1.0,1.0,1.1789035131785812e-05,1.0,1.0,1.0,0.0,0.0003675000205126,1.0,1.0,0.0,2.803082716066108e-05,1.0,0.0,0.0,9.294660404675156e-05,1.0,0.0,0.0,7.642748150221067e-05,1.0,0.0,0.5,0.0008732233762285999,1.0,0.0,0.0,3.907901008232715e-11,1.0,1.0,0.0,0.0,0.0034349095216193,1.0,1.5416031106507786e-12,1.0,1.0,1.0,0.0001665327180643,1.0,0.0,1.0,0.0,4.2646527400626517e-17,1.0,0.0,0.0,5.024785200602376e-06,1.0,0.0,1.0,2.5371290250073526e-06,1.0,0.0,1.0,0.001584246485376,1.0,1.0,1.0,0.0011244437390187999,1.0,1.0,1.0,1.6710885800231796e-07,1.0,1.0,0.0,1.0,1.8521020863619727e-06,0.0,2.741374682596092e-07,1.0,0.0,1.0,1.5545172678749667e-05,1.0,0.1563979617730933,1.0,0.0015902682735386,1.0,1.0,1.0,0.0,0.0136436766404345,1.0,0.0,0.0,0.0001522337967523,1.0,0.0,0.0,0.0182891524319019,1.0,0.0,1.0,2.4012859953009457e-07,1.0,1.0,0.0,2.660793610455943e-05,1.0,0.0,1.0,0.0740433396443314,1.0,1.0,0.0,1.0,0.9449083062025148,0.948161042572492,2.503954379593293,0.7304306533823421,6.133586071930188,187.0,0.43712597988048674,1.0,0.0,0.49322562994683894,0.0,2.294827278848302,6.133586071930188,0.3555721559563511,2.1983125213889356,189.0,0.5384615384615384
0.0046206153832621995,0.0229319494175801,0.00249919528398355,0.0009000000000739001,0.01328297730217525,0.00090001692366525,2.4020942722381574e-05,0.0005768541909896,1.7492601786384774e-12,0.0165994428222098,0.097170283492107,2.9656419525360164e-08,8.2522092543743e-07,0.0015228536584643,0.0102516906389779,0.0010449507369871,0.0005064409604892,0.0008358654805588999,0.00052051110905175,7.070207127557905e-05,9.091415319703556e-05,0.00020577500363135,0.0002983642629857,0.0002617540288247,0.0001651503821096,0.0249318500699557,0.0,0.00432719450097685,1.0,0.00102942819663545,0.6241283467800682,0.00293174722496145,1.0,5.994997453585036e-05,0.0,0.0044740343684259495,0.6132639808286222,0.0006796020422633,0.0,0.0012897750835987,1.0,0.0,0.0003065334790999,1.0,0.6126775856375599,0.0006118439679484,1.0,0.0,0.0001140642768167,1.0,0.0,4.5231767314469614e-05,1.0,0.0,0.000300342941749,1.0,1.0,0.0001730103806228,1.0,0.838949246584827,0.0001192267539485,1.0,1.0,0.0004563540475816,1.0,0.8297127294672082,0.0001009267887653,1.0,1.0,0.0002591730470281,1.0,1.0,0.0003414804871966,1.0,0.0,0.00053096647900015,1.0,1.0,0.00037577784272454996,1.0,0.0,0.000377107236627,1.0,1.0,0.0004090530981813,1.0,1.0,9.332191302040747e-05,1.0,0.01924737487351285,0.0001851516122612,1.0,0.0,0.00036563886477915,1.0,0.0,0.00031034097430555,1.0,5.6298883837187255,5.46918624763999,4.30053590804892,1.0,0.00094622228737275,1.0,0.0,0.00030161454166555,1.0,0.8684375368822927,0.00046449533842345,1.0,1.0,9.732505181296526e-05,1.0,0.0,0.0008223474541493,1.0,0.0,0.00042056105139965,1.0,1.0,6.357671017481105e-05,1.0,0.0,8.95186300711204e-05,1.0,0.0,6.86473451718226e-05,1.0,1.0,0.00012451700193175,1.0,0.7370038800720702,0.00041356743116115,1.0,1.0,0.00010771609799514197,1.0,1.0,0.00043539315559245,1.0,1.0,0.00010716288376599581,1.0,0.3544612469420235,0.00013930251401575,1.0,1.0,0.00020470352168515,1.0,1.0,0.00010241458773015292,1.0,1.0,0.00012846642023805002,1.0,1.0,0.0001173863472579,1.0,1.0,0.0003941170459816,1.0,1.0,0.00059357941590055,1.0,0.0,0.0005032711660119501,1.0,0.5,9.801045077654701e-05,1.0,0.0,8.520010267173671e-05,1.0,0.0,0.00018718664858345002,1.0,1.0,0.00015282011881505,1.0,0.5,0.00011340784905625,1.0,0.5,0.000914125365021,1.0,1.0,0.0002244141612071,264690.0,4.342031888333823e-05,1.0,0.0001402200700634,0.0,0.0001288436060751,1.0,0.0,1.0,0.0002685248700077,1.0,1.0,1.0,0.0,0.0001476638702497,1.0,0.0,0.0,0.0001011006002661,1.0,0.2446546621430612,1.0,0.0001636726109917,1.0,1.0,1.0,0.0003639966311122,1.0,1.0,1.0,0.00216656541831115,1.0,0.0,0.0,6.023112407805567e-05,1.0,1.0,1.0,1.0,0.0001495623858082,0.0,0.0005471915173509,1.0,0.0,0.0,0.0002409110326885,1.0,1.0,1.0,1.0,0.0004966842211455,1.0,0.0,0.0,0.0004354336168333,1.0,0.0,1.0,0.0003353753618639,1.0,0.0,0.0,0.0001813389352387,1.0,0.0,0.5,0.0008732233762285999,1.0,0.0,1.0,0.0002798930458159,1.0,1.0,0.0,1.0,0.0003246990188076,0.0,0.0001111546724558,1.0,0.0,1.0,8.588548816066386e-05,1.0,0.0,1.0,1.0,0.0001448811360149,1.0,0.0,0.0,0.0001357907762031,1.0,0.0,0.0,0.0003097107657766,1.0,0.0,1.0,0.000101745555167,1.0,1.0,1.0,0.0011244437390187999,1.0,1.0,1.0,0.0013851914448922,1.0,1.0,1.0,1.0,5.575591732083055e-07,1.0,3.522175952414773e-07,1.0,1.0,1.0,0.0104675763305303,1.0,0.0,1.0,0.0002099634798927,1.0,1.0,1.0,0.0,9.858534783693515e-16,1.0,1.0,0.0,0.0046821870083686,1.0,1.0,1.0,0.0020843871504227,1.0,0.0,0.0,0.0008904677941522,1.0,1.0,0.0,0.0001377225519918,1.0,1.0,1.0,9.19845415191768e-05,1.0,1.0,0.0,1.0,0.8786350190758969,1.0,9.372669547803683,0.7433968900630427,10.48498783291255,283.0,0.4543075778361603,1.0,0.0,0.4996882931790657,0.0,4.319922203251423,10.48498783291255,0.7433968900630427,3.762533100903807,285.0,0.811965811965812
0.0046206153832621995,0.0229319494175801,0.00249919528398355,0.0009000000000739001,0.01328297730217525,0.00090001692366525,0.00026591101633890004,0.0002631454984931,0.00033392818126865,7.331502967708598e-05,8.548576025260417e-05,0.00029105821481259996,0.00024735873938155,0.0003512855291243,5.676888778292314e-05,0.0010449507369871,0.0005064409604892,0.0008358654805588999,0.00052051110905175,7.070207127557905e-05,9.091415319703556e-05,0.00020577500363135,0.0002983642629857,0.0002617540288247,0.0001651503821096,0.0015179245030616,0.0,0.00432719450097685,1.0,0.00102942819663545,0.6241283467800682,0.00293174722496145,1.0,5.994997453585036e-05,0.0,0.0044740343684259495,0.6132639808286222,0.0006796020422633,0.0,0.0012897750835987,1.0,0.0,0.0003065334790999,1.0,0.6126775856375599,0.0006118439679484,1.0,0.0,0.0001140642768167,1.0,0.0,4.5231767314469614e-05,1.0,0.0,0.000300342941749,1.0,1.0,0.0001730103806228,1.0,0.838949246584827,0.0001192267539485,1.0,1.0,0.0004563540475816,1.0,0.8297127294672082,0.0001009267887653,1.0,1.0,0.0002591730470281,1.0,1.0,0.0003414804871966,1.0,0.0,0.00053096647900015,1.0,1.0,0.00037577784272454996,1.0,0.0,0.000377107236627,1.0,1.0,0.0004090530981813,1.0,1.0,9.332191302040747e-05,1.0,0.01924737487351285,0.0001851516122612,1.0,0.0,0.00036563886477915,1.0,0.0,0.00031034097430555,1.0,5.7148412219691895,-0.4221280493124246,-1.3208830202374129,0.0,2.6619053672461825e-06,1.0,1.0,0.0806163384053698,1.0,0.0,6.111771963679535e-05,1.0,1.0,9.869143800165366e-23,1.0,0.0,0.0068041534023009,1.0,0.0,0.0790543087630692,1.0,1.0,8.531814772485922e-09,1.0,0.0,0.0239943299144303,1.0,1.0,6.100251036386868e-06,1.0,0.0,0.0039758831397026,1.0,1.0,0.0071472096915969,1.0,0.0,4.603991050860907e-06,1.0,0.0,2.5620136081169447e-05,1.0,1.0,8.600382220576715e-07,1.0,0.0,0.0050169317644664,1.0,0.0,0.017028629702189,1.0,0.0,1.0524101087362029e-05,1.0,1.0,2.447367164387372e-07,1.0,1.0,6.112008089878956e-07,1.0,0.0,2.4323190069088148e-05,1.0,1.0,0.0166659993037024,1.0,1.0,4.200435225435556e-07,1.0,1.0,0.0114480631966347,1.0,0.0,8.711517569229922e-05,1.0,1.0,4.036770260248585e-06,1.0,0.0,1.3151683524213206e-05,1.0,0.0,0.0039084451438006,1.0,1.0,0.0783515797082494,1.0,1.0,0.0002244141612071,264690.0,0.0004207788806814,1.0,0.0001402200700634,0.0,0.0001288436060751,1.0,0.0,1.0,0.0002685248700077,1.0,1.0,1.0,0.0,0.0001476638702497,1.0,0.0,0.0,0.0001011006002661,1.0,0.2446546621430612,1.0,0.0001636726109917,1.0,1.0,1.0,0.0003639966311122,1.0,1.0,1.0,0.00216656541831115,1.0,0.0,0.0,6.023112407805567e-05,1.0,1.0,1.0,1.0,0.0001495623858082,0.0,0.0005471915173509,1.0,0.0,0.0,0.0002409110326885,1.0,1.0,1.0,1.0,0.0004966842211455,1.0,0.0,0.0,0.0004354336168333,1.0,0.0,1.0,0.0003353753618639,1.0,0.0,0.0,0.0001813389352387,1.0,0.0,0.5,0.0008732233762285999,1.0,0.0,1.0,0.0002798930458159,1.0,1.0,0.0,1.0,0.0003246990188076,0.0,0.0001111546724558,1.0,0.0,1.0,8.588548816066386e-05,1.0,0.0,1.0,1.0,0.0001448811360149,1.0,0.0,0.0,0.0001357907762031,1.0,0.0,0.0,0.0003097107657766,1.0,0.0,1.0,0.000101745555167,1.0,1.0,1.0,0.0011244437390187999,1.0,1.0,1.0,0.0013851914448922,1.0,1.0,1.0,1.0,0.0752936098057022,1.0,0.0004316905310694,1.0,0.0,1.0,0.0092088746185581,1.0,0.1424293578734541,0.0,8.955728415089283e-06,1.0,0.0,1.0,1.0,0.0070730545168458,1.0,0.0,0.0,0.0030012782408045,1.0,1.0,1.0,7.35456434413021e-06,1.0,1.0,0.0,7.656480185263206e-07,1.0,1.0,1.0,0.0187669433234888,1.0,0.0,1.0,4.4256180730595226e-13,1.0,0.0,1.0,0.9959946749302874,1.0,1.0,0.7372342009237332,0.7097020679413572,2.994144631412922,209.0,0.5007271674827378,1.0,0.0,0.4976218065136608,0.0,1.267656191958628,5.7148412219691895,-1.3208830202374129,2.0348176516873346,212.0,0.603988603988604
0.0046206153832621995,0.0229319494175801,0.00249919528398355,0.0009000000000739001,0.01328297730217525,0.00090001692366525,0.00026591101633890004,0.0002631454984931,0.00033392818126865,7.331502967708598e-05,8.548576025260417e-05,0.00029105821481259996,0.00024735873938155,0.0003512855291243,5.676888778292314e-05,0.0010449507369871,0.0005064409604892,0.0008358654805588999,0.00052051110905175,7.070207127557905e-05,9.091415319703556e-05,0.00020577500363135,0.0002983642629857,0.0002617540288247,0.0001651503821096,0.0015179245030616,0.0,0.00432719450097685,1.0,0.00102942819663545,0.6241283467800682,0.00293174722496145,1.0,5.994997453585036e-05,0.0,0.0044740343684259495,0.6132639808286222,0.0006796020422633,0.0,0.0012897750835987,1.0,0.0,0.0003065334790999,1.0,0.6126775856375599,0.0006118439679484,1.0,0.0,0.0001140642768167,1.0,0.0,4.5231767314469614e-05,1.0,0.0,0.000300342941749,1.0,1.0,0.0001730103806228,1.0,0.838949246584827,0.0001192267539485,1.0,1.0,0.0004563540475816,1.0,0.8297127294672082,0.0001009267887653,1.0,1.0,0.0002591730470281,1.0,1.0,0.0003414804871966,1.0,0.0,0.00053096647900015,1.0,1.0,0.00037577784272454996,1.0,0.0,0.000377107236627,1.0,1.0,0.0004090530981813,1.0,1.0,9.332191302040747e-05,1.0,0.01924737487351285,0.0001851516122612,1.0,0.0,0.00036563886477915,1.0,0.0,0.00031034097430555,1.0,5.598197148729508,5.637841719158154,3.042368648325025,1.0,0.00094622228737275,1.0,0.0,0.00030161454166555,1.0,0.8684375368822927,0.00046449533842345,1.0,1.0,9.732505181296526e-05,1.0,0.0,0.0008223474541493,1.0,0.0,0.00042056105139965,1.0,1.0,6.357671017481105e-05,1.0,0.0,8.95186300711204e-05,1.0,0.0,6.86473451718226e-05,1.0,1.0,0.00012451700193175,1.0,0.7370038800720702,0.00041356743116115,1.0,1.0,0.00010771609799514197,1.0,1.0,0.00043539315559245,1.0,1.0,0.00010716288376599581,1.0,0.3544612469420235,0.00013930251401575,1.0,1.0,0.00020470352168515,1.0,1.0,0.00010241458773015292,1.0,1.0,0.00012846642023805002,1.0,1.0,0.0001173863472579,1.0,1.0,0.0003941170459816,1.0,1.0,0.00059357941590055,1.0,0.0,0.0005032711660119501,1.0,0.5,9.801045077654701e-05,1.0,0.0,8.520010267173671e-05,1.0,0.0,0.00018718664858345002,1.0,1.0,0.00015282011881505,1.0,0.5,0.00011340784905625,1.0,0.5,0.000914125365021,1.0,1.0,0.0002244141612071,264690.0,0.00045046316566120005,1.0,0.0001402200700634,0.0,0.0001288436060751,1.0,0.0,1.0,0.0002685248700077,1.0,1.0,1.0,0.0,0.0001476638702497,1.0,0.0,0.0,0.0001011006002661,1.0,0.2446546621430612,1.0,0.0001636726109917,1.0,1.0,1.0,0.0003639966311122,1.0,1.0,1.0,0.00216656541831115,1.0,0.0,0.0,6.023112407805567e-05,1.0,1.0,1.0,1.0,0.0001495623858082,0.0,0.0005471915173509,1.0,0.0,0.0,0.0002409110326885,1.0,1.0,1.0,1.0,0.0004966842211455,1.0,0.0,0.0,0.0004354336168333,1.0,0.0,1.0,0.0003353753618639,1.0,0.0,0.0,0.0001813389352387,1.0,0.0,0.5,0.0008732233762285999,1.0,0.0,1.0,0.0002798930458159,1.0,1.0,0.0,1.0,0.0003246990188076,0.0,0.0001111546724558,1.0,0.0,1.0,8.588548816066386e-05,1.0,0.0,1.0,1.0,0.0001448811360149,1.0,0.0,0.0,0.0001357907762031,1.0,0.0,0.0,0.0003097107657766,1.0,0.0,1.0,0.000101745555167,1.0,1.0,1.0,0.0011244437390187999,1.0,1.0,1.0,0.0013851914448922,1.0,1.0,1.0,0.0,0.0001414197958603,1.0,0.0001351548410148,1.0,0.0,0.3434818868518289,2.677257949943856e-05,1.0,0.0,1.0,0.0001031275165441,1.0,0.0,1.0,0.0,6.54203620841598e-05,1.0,0.0065833504607211,0.0,9.717193159536516e-05,1.0,0.943826511804068,1.0,0.0003676609132862,1.0,0.0,1.0,0.0003798138096054,1.0,0.0,1.0,0.0010352132095212,1.0,0.0,1.0,8.55149140169148e-05,1.0,1.0,0.0,0.9743460264298892,1.0,1.0,6.293301049528506,0.5308941224908286,7.763436020559445,334.0,0.0,0.0,0.0,0.0,0.0,3.537820526135706,7.763436020559445,0.5308941224908286,2.8027505814855735,337.0,0.9601139601139601
0.0046206153832621995,0.0229319494175801,0.00249919528398355,0.0009000000000739001,0.01328297730217525,0.00090001692366525,0.0473489919187345,2.8355039853450325e-05,0.000247007105213,0.0111399701153745,0.0682326123408306,0.0649687241111948,5.351564425052138e-13,5.3950633932439415e-08,0.0003343850917936,0.0028622995761766,3.614678149366681e-05,0.0200300815975363,8.926926725805602e-09,5.121695523958151e-09,2.2995220711678627e-09,0.0238311729860779,0.0100062311168687,0.0002829016065964,2.8901030972141334e-12,0.0702109171634384,0.0,0.00432719450097685,1.0,0.00102942819663545,0.6241283467800682,0.00293174722496145,1.0,5.994997453585036e-05,0.0,0.0044740343684259495,0.6132639808286222,0.0006796020422633,0.0,0.0014653175924055,1.0,0.0,1.2544669453662e-11,1.0,0.0,6.70686075194174e-07,1.0,1.0,0.0001140642768167,1.0,0.0,0.0027161691340919,0.0,0.0,9.027545001917695e-06,1.0,0.0,1.8531002492454403e-10,1.0,0.0,6.747039103134632e-05,1.0,1.0,3.444337087267778e-07,0.0,0.0,1.7730833331037095e-11,1.0,1.0,0.0232512214317491,1.0,1.0,1.0223130268250831e-20,1.0,1.0,0.0088630079111492,1.0,1.0,0.0004610079574769,1.0,0.0,0.0305832404947193,1.0,1.0,1.711400262125699e-08,1.0,1.0,0.0003922404510026,1.0,0.0,0.0197621251167522,1.0,0.0,0.0941275253775291,1.0,1.0,1.1203509695144158e-10,1.0,5.997479296897617,1.2826510543814644,-0.1752168213758995,0.0,3.0155162513985347e-05,1.0,0.0,1.642500060342152e-06,1.0,0.0,7.790137481443399e-13,1.0,0.0,2.992099634561908e-24,1.0,0.0,0.0091366636754247,1.0,0.0,0.0129548832158241,1.0,0.0,2.0759151237568622e-09,1.0,1.0,9.862266618606616e-06,1.0,0.0,0.0021985285277445,1.0,0.0,3.4127101306376354e-05,1.0,1.0,0.0010149259056468,1.0,0.0,3.631671944067104e-05,1.0,0.0,0.0496321268292057,1.0,1.0,0.09438512195605067,1.0,1.0,0.0029300614336468,1.0,1.0,0.0020494237768195,1.0,1.0,1.4912452026822148e-16,1.0,1.0,0.0111723997130875,1.0,1.0,1.9645467830013086e-06,1.0,0.0,0.0012648713387034,1.0,0.0,0.0114860136423322,1.0,1.0,1.7287222183349955e-10,1.0,0.0,1.075549813969513e-06,1.0,1.0,2.251549316873489e-08,1.0,0.0,0.0052759640241709,1.0,0.0,6.216975700172166e-07,1.0,1.0,0.0031871562441252,1.0,1.0,0.0112166659002206,1.0,1.0,0.0002244141612071,264690.0,0.0002397746217818,1.0,0.0001402200700634,0.0,0.0001288436060751,1.0,0.0,1.0,0.0002685248700077,1.0,1.0,1.0,0.0,0.0001476638702497,1.0,0.0,0.0,0.0001011006002661,1.0,0.2446546621430612,1.0,0.0001636726109917,1.0,1.0,1.0,0.0003639966311122,1.0,1.0,1.0,0.00216656541831115,1.0,0.0,0.0,6.023112407805567e-05,1.0,1.0,1.0,1.0,0.0001495623858082,0.0,0.0005471915173509,1.0,0.0,0.0,0.0002409110326885,1.0,1.0,1.0,1.0,0.0004966842211455,1.0,0.0,0.0,0.0004354336168333,1.0,0.0,1.0,0.0003353753618639,1.0,0.0,0.0,0.0001813389352387,1.0,0.0,0.5,0.0008732233762285999,1.0,0.0,1.0,0.0002798930458159,1.0,1.0,0.0,1.0,0.0003246990188076,0.0,0.0001111546724558,1.0,0.0,1.0,8.588548816066386e-05,1.0,0.0,1.0,1.0,0.0001448811360149,1.0,0.0,0.0,0.0001357907762031,1.0,0.0,0.0,0.0003097107657766,1.0,0.0,1.0,0.000101745555167,1.0,1.0,1.0,0.0011244437390187999,1.0,1.0,1.0,0.0013851914448922,1.0,1.0,1.0,0.0,0.0012943815004034,0.0,2.6036233220565763e-05,1.0,0.0,0.0,0.0205215426831269,1.0,0.0,0.0,2.5992234453458388e-05,1.0,1.0,1.0,0.0,2.825788661315672e-07,1.0,1.0,0.0,2.757010893256648e-05,1.0,0.0,1.0,0.0332327314555823,1.0,0.0,1.0,0.0051584683057008,1.0,0.0,0.0,2.403942133422688e-05,1.0,1.0,0.0,0.0003705363345072,1.0,0.0,0.0,1.0,0.98137182706028,0.6903272738383244,1.76653368769509,-0.1413664094590086,0.990188130754896,129.0,0.4038085095581281,1.0,0.0,0.4881648060454548,0.0,1.3768853377547516,5.997479296897617,-0.1752168213758995,1.8420122879721734,130.0,0.37037037037037035
0.0046206153832621995,0.0229319494175801,0.00249919528398355,0.0009000000000739001,0.01328297730217525,0.00090001692366525,1.933200008886161e-05,0.0005618181873588,0.0005886000004757,6.200807609026645e-10,4.70910325157466e-07,0.0378103959211047,2.395406454120513e-05,8.160242478166986e-05,0.0030311908314186,0.0938466038684412,0.0509861475655291,0.039984343517399,0.0035574026795966,8.02038762730805e-05,7.89079954742108e-09,1.753711412145277e-05,2.2836073772413328e-05,0.072180862585276,2.4754537466897998e-08,0.0029041827693703,0.0,0.00432719450097685,1.0,0.00102942819663545,0.6241283467800682,0.00293174722496145,1.0,5.994997453585036e-05,0.0,0.0044740343684259495,0.6132639808286222,0.0006796020422633,1.0,0.002013586441409,1.0,1.0,0.0117076652618167,1.0,0.0,0.0045235059890665,1.0,0.0,5.190775978818335e-07,1.0,1.0,0.0052111775643375,1.0,1.0,0.0447785254151638,1.0,1.0,0.0007500998406071,1.0,0.0,1.1970312959670147e-09,1.0,1.0,0.09388950249282106,1.0,0.0,5.719636609631676e-06,1.0,0.0,1.3394694960895694e-06,1.0,1.0,1.8114219360379964e-15,1.0,1.0,5.002148049437074e-06,0.0,0.0,0.000240846987879,1.0,1.0,4.5081000001479696e-05,1.0,0.0,2.1757334697662404e-08,0.0,0.0,0.0719926735339619,1.0,0.0,0.0105747289544601,1.0,0.0,4.5099840466059165e-05,1.0,0.0,0.0002188273422918,0.0,4.872550707184062,4.4020320273535125,1.7096888790039662,1.0,0.0160840852624094,1.0,0.0,0.0069556380537563,1.0,0.0,0.0058918602340971,1.0,0.0,0.0096128083067197,1.0,1.0,0.0114426791363256,1.0,0.0,2.1712464221418087e-12,1.0,1.0,7.851619060504518e-07,1.0,1.0,0.0001005495050205,1.0,1.0,0.0175426500148958,1.0,1.0,0.044879754295642,1.0,1.0,0.0223055643107765,1.0,0.0,0.0223600066033945,1.0,1.0,0.0004810058288483,1.0,0.0,4.464005920338532e-06,1.0,0.0,3.1620228537703714e-10,1.0,0.0,5.872500003021226e-07,1.0,1.0,4.2922248228854655e-11,1.0,1.0,2.993093703896761e-05,1.0,0.0,0.013365615502562,1.0,0.0,0.0021355387946375,1.0,1.0,1.8793274517312187e-05,1.0,1.0,2.1860615881567462e-11,1.0,1.0,0.000170016262102,1.0,1.0,3.060703842741658e-11,1.0,0.0,0.0015170178117552,1.0,0.0,0.0610792327546632,1.0,1.0,1.2474000001711572e-05,1.0,0.0,0.0027680278043858,1.0,0.0,0.0032525122609898,264690.0,0.0093288412461937,0.0,0.0049282699065344,0.0,4.187236164812529e-05,1.0,0.0,1.0,0.0006164646271859,1.0,1.0,1.0,1.0,0.0113284151972575,1.0,1.0,0.0,0.0276613091065492,1.0,1.0,0.0,4.9478357414744095e-18,1.0,1.0,0.0,0.000418475218334,1.0,1.0,1.0,0.0005931459002393,1.0,1.0,0.0,0.0616563140077,1.0,1.0,0.0,1.0,0.0001463668107893,1.0,0.0165787514703706,1.0,0.0,0.0,0.0094867300018183,1.0,1.0,1.0,0.0,4.698614120536768e-18,1.0,0.0,0.0,0.0004354336168333,1.0,1.0,1.0,9.8761468596474e-08,1.0,1.0,0.0,5.0187313900960007e-05,1.0,0.0,0.0,0.0008079798525928,1.0,1.0,1.0,0.0002429230166748,1.0,0.0,1.0,1.0,0.0116137951525665,0.0,4.6328651736905286e-08,1.0,0.0,1.0,0.000435162564944,1.0,0.0,1.0,0.0,4.419076793874468e-05,1.0,0.0,0.0,1.072773257859373e-06,1.0,0.0,0.0,2.6492194417980185e-05,1.0,0.0,1.0,1.1427359660971823e-06,1.0,0.0,1.0,0.0016610997620445,1.0,1.0,1.0,0.0061261356131355,1.0,0.0,1.0,1.0,6.716084652157086e-05,0.0,0.0020046211070506,1.0,0.0,1.0,2.1110757630495017e-18,1.0,0.0,1.0,0.0312848183978437,1.0,0.0,1.0,1.0,0.0018412726858367,1.0,0.0,0.0,1.0376763630558725e-07,1.0,1.0,0.0,0.0109322640084285,1.0,1.0,0.0,0.0635655123250481,1.0,1.0,1.0,0.0011376565450068,1.0,1.0,1.0,0.0388073592121332,1.0,0.0,1.0,0.9791835706074484,1.0,1.0,2.8276763855913374,-0.1530587720779339,3.625924713039873,18.0,838.0826225430593,264690.0,0.0,14889.95009731616,0.0,2.251555278966918,4.872550707184062,-0.1530587720779339,1.7515162387786818,19.0,0.05413105413105413
0.0046206153832621995,0.0229319494175801,0.00249919528398355,0.0009000000000739001,0.01328297730217525,0.00090001692366525,0.00026591101633890004,0.0002631454984931,0.00033392818126865,7.331502967708598e-05,8.548576025260417e-05,0.00029105821481259996,0.00024735873938155,0.0003512855291243,5.676888778292314e-05,0.0010449507369871,0.0005064409604892,0.0008358654805588999,0.00052051110905175,7.070207127557905e-05,9.091415319703556e-05,0.00020577500363135,0.0002983642629857,0.0002617540288247,0.0001651503821096,0.0015179245030616,0.0,0.00432719450097685,1.0,0.00102942819663545,0.6241283467800682,0.00293174722496145,1.0,5.994997453585036e-05,0.0,0.0044740343684259495,0.6132639808286222,0.0006796020422633,0.0,0.0012897750835987,1.0,0.0,0.0003065334790999,1.0,0.6126775856375599,0.0006118439679484,1.0,0.0,0.0001140642768167,1.0,0.0,4.5231767314469614e-05,1.0,0.0,0.000300342941749,1.0,1.0,0.0001730103806228,1.0,0.838949246584827,0.0001192267539485,1.0,1.0,0.0004563540475816,1.0,0.8297127294672082,0.0001009267887653,1.0,1.0,0.0002591730470281,1.0,1.0,0.0003414804871966,1.0,0.0,0.00053096647900015,1.0,1.0,0.00037577784272454996,1.0,0.0,0.000377107236627,1.0,1.0,0.0004090530981813,1.0,1.0,9.332191302040747e-05,1.0,0.01924737487351285,0.0001851516122612,1.0,0.0,0.00036563886477915,1.0,0.0,0.00031034097430555,1.0,5.123437968794825,4.502658084641241,3.821045422006969,1.0,0.00094622228737275,1.0,0.0,0.00030161454166555,1.0,0.8684375368822927,0.00046449533842345,1.0,1.0,9.732505181296526e-05,1.0,0.0,0.0008223474541493,1.0,0.0,0.00042056105139965,1.0,1.0,6.357671017481105e-05,1.0,0.0,8.95186300711204e-05,1.0,0.0,6.86473451718226e-05,1.0,1.0,0.00012451700193175,1.0,0.7370038800720702,0.00041356743116115,1.0,1.0,0.00010771609799514197,1.0,1.0,0.00043539315559245,1.0,1.0,0.00010716288376599581,1.0,0.3544612469420235,0.00013930251401575,1.0,1.0,0.00020470352168515,1.0,1.0,0.00010241458773015292,1.0,1.0,0.00012846642023805002,1.0,1.0,0.0001173863472579,1.0,1.0,0.0003941170459816,1.0,1.0,0.00059357941590055,1.0,0.0,0.0005032711660119501,1.0,0.5,9.801045077654701e-05,1.0,0.0,8.520010267173671e-05,1.0,0.0,0.00018718664858345002,1.0,1.0,0.00015282011881505,1.0,0.5,0.00011340784905625,1.0,0.5,0.000914125365021,1.0,1.0,0.0002244141612071,264690.0,0.00045046316566120005,1.0,0.0001402200700634,0.0,0.0001288436060751,1.0,0.0,1.0,0.0002685248700077,1.0,1.0,1.0,0.0,0.0001476638702497,1.0,0.0,0.0,0.0001011006002661,1.0,0.2446546621430612,1.0,0.0001636726109917,1.0,1.0,1.0,0.0003639966311122,1.0,1.0,1.0,0.00216656541831115,1.0,0.0,0.0,6.023112407805567e-05,1.0,1.0,1.0,1.0,0.0001495623858082,0.0,0.0005471915173509,1.0,0.0,0.0,0.0002409110326885,1.0,1.0,1.0,1.0,0.0004966842211455,1.0,0.0,0.0,0.0004354336168333,1.0,0.0,1.0,0.0003353753618639,1.0,0.0,0.0,0.0001813389352387,1.0,0.0,0.5,0.0008732233762285999,1.0,0.0,1.0,0.0002798930458159,1.0,1.0,0.0,1.0,0.0003246990188076,0.0,0.0001111546724558,1.0,0.0,1.0,8.588548816066386e-05,1.0,0.0,1.0,1.0,0.0001448811360149,1.0,0.0,0.0,0.0001357907762031,1.0,0.0,0.0,0.0003097107657766,1.0,0.0,1.0,0.000101745555167,1.0,1.0,1.0,0.0011244437390187999,1.0,1.0,1.0,0.0013851914448922,1.0,1.0,1.0,0.0,0.0001414197958603,1.0,0.0001351548410148,1.0,0.0,0.3434818868518289,2.677257949943856e-05,1.0,0.0,1.0,0.0001031275165441,1.0,0.0,1.0,0.0,6.54203620841598e-05,1.0,0.0065833504607211,0.0,9.717193159536516e-05,1.0,0.943826511804068,1.0,0.0003676609132862,1.0,0.0,1.0,0.0003798138096054,1.0,0.0,1.0,0.0010352132095212,1.0,0.0,1.0,8.55149140169148e-05,1.0,1.0,0.0,1.0,1.0,0.9889073951326316,7.870031325475396,0.6439441119490781,7.86778894757257,334.0,0.0,0.0,0.0,0.0,1.0,3.6245959791957176,7.870031325475396,0.6439441119490781,3.1317287829802902,338.0,0.9629629629629629
0.0190800990110249,0.0763630291912131,0.0178001305753562,0.0210871134216342,0.0169419066252634,0.0281488778979041,0.0605852959235597,0.0607972742521563,0.011961368018353,0.0839323782945989,7.195171775710606e-07,3.86370274978188e-05,0.0007610054227101,0.0033533667066589,0.0020419671570866,0.0227719180376424,0.1140426078654579,6.534320588309996e-05,0.0070019162379637,0.0002010090037917,0.0060791893814252,2.893414817031167e-09,0.000238140031733,0.0166174677847123,0.0001864256673501,0.0762773544216383,0.0,0.00432719450097685,1.0,0.00102942819663545,0.6241283467800682,0.00293174722496145,1.0,5.994997453585036e-05,0.0,0.0044740343684259495,0.6132639808286222,0.0006796020422633,0.0,0.0012897750835987,1.0,0.0,0.0003065334790999,1.0,0.6126775856375599,0.0006118439679484,1.0,0.0,0.0001140642768167,1.0,0.0,4.5231767314469614e-05,1.0,0.0,0.000300342941749,1.0,1.0,0.0001730103806228,1.0,0.838949246584827,0.0001192267539485,1.0,1.0,0.0004563540475816,1.0,0.8297127294672082,0.0001009267887653,1.0,1.0,0.0002591730470281,1.0,1.0,0.0003414804871966,1.0,0.0,0.00053096647900015,1.0,1.0,0.00037577784272454996,1.0,0.0,0.000377107236627,1.0,1.0,0.0004090530981813,1.0,1.0,9.332191302040747e-05,1.0,0.01924737487351285,0.0001851516122612,1.0,0.0,0.00036563886477915,1.0,0.0,0.00031034097430555,1.0,5.35435141844272,5.181640615338484,3.821045422006969,1.0,0.00094622228737275,1.0,0.0,0.00030161454166555,1.0,0.8684375368822927,0.00046449533842345,1.0,1.0,9.732505181296526e-05,1.0,0.0,0.0008223474541493,1.0,0.0,0.00042056105139965,1.0,1.0,6.357671017481105e-05,1.0,0.0,8.95186300711204e-05,1.0,0.0,6.86473451718226e-05,1.0,1.0,0.00012451700193175,1.0,0.7370038800720702,0.00041356743116115,1.0,1.0,0.00010771609799514197,1.0,1.0,0.00043539315559245,1.0,1.0,0.00010716288376599581,1.0,0.3544612469420235,0.00013930251401575,1.0,1.0,0.00020470352168515,1.0,1.0,0.00010241458773015292,1.0,1.0,0.00012846642023805002,1.0,1.0,0.0001173863472579,1.0,1.0,0.0003941170459816,1.0,1.0,0.00059357941590055,1.0,0.0,0.0005032711660119501,1.0,0.5,9.801045077654701e-05,1.0,0.0,8.520010267173671e-05,1.0,0.0,0.00018718664858345002,1.0,1.0,0.00015282011881505,1.0,0.5,0.00011340784905625,1.0,0.5,0.000914125365021,1.0,1.0,0.0002244141612071,264690.0,0.00045046316566120005,1.0,0.0001402200700634,0.0,0.0001288436060751,1.0,0.0,1.0,0.0002685248700077,1.0,1.0,1.0,0.0,0.0001476638702497,1.0,0.0,0.0,0.0001011006002661,1.0,0.2446546621430612,1.0,0.0001636726109917,1.0,1.0,1.0,0.0003639966311122,1.0,1.0,1.0,0.00216656541831115,1.0,0.0,0.0,6.023112407805567e-05,1.0,1.0,1.0,1.0,0.0001495623858082,0.0,0.0005471915173509,1.0,0.0,0.0,0.0002409110326885,1.0,1.0,1.0,1.0,0.0004966842211455,1.0,0.0,0.0,0.0004354336168333,1.0,0.0,1.0,0.0003353753618639,1.0,0.0,0.0,0.0001813389352387,1.0,0.0,0.5,0.0008732233762285999,1.0,0.0,1.0,0.0002798930458159,1.0,1.0,0.0,1.0,0.0003246990188076,0.0,0.0001111546724558,1.0,0.0,1.0,8.588548816066386e-05,1.0,0.0,1.0,1.0,0.0001448811360149,1.0,0.0,0.0,0.0001357907762031,1.0,0.0,0.0,0.0003097107657766,1.0,0.0,1.0,0.000101745555167,1.0,1.0,1.0,0.0011244437390187999,1.0,1.0,1.0,0.0013851914448922,1.0,1.0,1.0,0.0,0.0001414197958603,1.0,0.0001351548410148,1.0,0.0,0.3434818868518289,2.677257949943856e-05,1.0,0.0,1.0,0.0001031275165441,1.0,0.0,1.0,0.0,6.54203620841598e-05,1.0,0.0065833504607211,0.0,9.717193159536516e-05,1.0,0.943826511804068,1.0,0.0003676609132862,1.0,0.0,1.0,0.0003798138096054,1.0,0.0,1.0,0.0010352132095212,1.0,0.0,1.0,8.55149140169148e-05,1.0,1.0,0.0,0.9907116879180674,0.9648709330357024,0.9931657007350316,7.091821317140311,0.6298482557224918,7.778360777917396,308.0,0.024860559368200284,0.1140426078654579,2.893414817031167e-09,0.03239901222965388,9.0,0.0,0.0,0.0,0.0,324.0,0.9230769230769231
0.0046206153832621995,0.0229319494175801,0.00249919528398355,0.0009000000000739001,0.01328297730217525,0.00090001692366525,0.00026591101633890004,0.0002631454984931,0.00033392818126865,7.331502967708598e-05,8.548576025260417e-05,0.00029105821481259996,0.00024735873938155,0.0003512855291243,5.676888778292314e-05,0.0010449507369871,0.0005064409604892,0.0008358654805588999,0.00052051110905175,7.070207127557905e-05,9.091415319703556e-05,0.00020577500363135,0.0002983642629857,0.0002617540288247,0.0001651503821096,0.0015179245030616,0.0,0.00432719450097685,1.0,0.00102942819663545,0.6241283467800682,0.00293174722496145,1.0,5.994997453585036e-05,0.0,0.0044740343684259495,0.6132639808286222,0.0006796020422633,0.0,0.0012897750835987,1.0,0.0,0.0003065334790999,1.0,0.6126775856375599,0.0006118439679484,1.0,0.0,0.0001140642768167,1.0,0.0,4.5231767314469614e-05,1.0,0.0,0.000300342941749,1.0,1.0,0.0001730103806228,1.0,0.838949246584827,0.0001192267539485,1.0,1.0,0.0004563540475816,1.0,0.8297127294672082,0.0001009267887653,1.0,1.0,0.0002591730470281,1.0,1.0,0.0003414804871966,1.0,0.0,0.00053096647900015,1.0,1.0,0.00037577784272454996,1.0,0.0,0.000377107236627,1.0,1.0,0.0004090530981813,1.0,1.0,9.332191302040747e-05,1.0,0.01924737487351285,0.0001851516122612,1.0,0.0,0.00036563886477915,1.0,0.0,0.00031034097430555,1.0,4.518155963848647,4.197028786003052,3.791394424180807,1.0,0.00094622228737275,1.0,0.0,0.00030161454166555,1.0,0.8684375368822927,0.00046449533842345,1.0,1.0,9.732505181296526e-05,1.0,0.0,0.0008223474541493,1.0,0.0,0.00042056105139965,1.0,1.0,6.357671017481105e-05,1.0,0.0,8.95186300711204e-05,1.0,0.0,6.86473451718226e-05,1.0,1.0,0.00012451700193175,1.0,0.7370038800720702,0.00041356743116115,1.0,1.0,0.00010771609799514197,1.0,1.0,0.00043539315559245,1.0,1.0,0.00010716288376599581,1.0,0.3544612469420235,0.00013930251401575,1.0,1.0,0.00020470352168515,1.0,1.0,0.00010241458773015292,1.0,1.0,0.00012846642023805002,1.0,1.0,0.0001173863472579,1.0,1.0,0.0003941170459816,1.0,1.0,0.00059357941590055,1.0,0.0,0.0005032711660119501,1.0,0.5,9.801045077654701e-05,1.0,0.0,8.520010267173671e-05,1.0,0.0,0.00018718664858345002,1.0,1.0,0.00015282011881505,1.0,0.5,0.00011340784905625,1.0,0.5,0.000914125365021,1.0,1.0,0.0002244141612071,264690.0,0.00045046316566120005,1.0,0.0001402200700634,0.0,0.0001288436060751,1.0,0.0,1.0,0.0002685248700077,1.0,1.0,1.0,0.0,0.0001476638702497,1.0,0.0,0.0,0.0001011006002661,1.0,0.2446546621430612,1.0,0.0001636726109917,1.0,1.0,1.0,0.0003639966311122,1.0,1.0,1.0,0.00216656541831115,1.0,0.0,0.0,6.023112407805567e-05,1.0,1.0,1.0,1.0,0.0001495623858082,0.0,0.0005471915173509,1.0,0.0,0.0,0.0002409110326885,1.0,1.0,1.0,1.0,0.0004966842211455,1.0,0.0,0.0,0.0004354336168333,1.0,0.0,1.0,0.0003353753618639,1.0,0.0,0.0,0.0001813389352387,1.0,0.0,0.5,0.0008732233762285999,1.0,0.0,1.0,0.0002798930458159,1.0,1.0,0.0,1.0,0.0003246990188076,0.0,0.0001111546724558,1.0,0.0,1.0,8.588548816066386e-05,1.0,0.0,1.0,1.0,0.0001448811360149,1.0,0.0,0.0,0.0001357907762031,1.0,0.0,0.0,0.0003097107657766,1.0,0.0,1.0,0.000101745555167,1.0,1.0,1.0,0.0011244437390187999,1.0,1.0,1.0,0.0013851914448922,1.0,1.0,1.0,0.0,0.0001414197958603,1.0,0.0001351548410148,1.0,0.0,0.3434818868518289,2.677257949943856e-05,1.0,0.0,1.0,0.0001031275165441,1.0,0.0,1.0,0.0,6.54203620841598e-05,1.0,0.0065833504607211,0.0,9.717193159536516e-05,1.0,0.943826511804068,1.0,0.0003676609132862,1.0,0.0,1.0,0.0003798138096054,1.0,0.0,1.0,0.0010352132095212,1.0,0.0,1.0,8.55149140169148e-05,1.0,1.0,0.0,1.0,0.901119118548831,0.9903971916785236,9.882678308893237,0.5667842246042469,11.934,334.0,0.0,0.0,0.0,0.0,0.0,4.197950890861927,11.934,0.5667842246042469,4.138238811114891,337.0,0.9601139601139601
0.0046206153832621995,0.0229319494175801,0.00249919528398355,0.0009000000000739001,0.01328297730217525,0.00090001692366525,0.0042996094886582,4.002919508626845e-05,0.043802812165834,3.326904132827441e-07,3.3108567491392566e-10,0.0449694768983865,0.0067455143080917,6.985339927364557e-07,0.0002442738091555,0.0010449507369871,0.0005064409604892,0.0008358654805588999,0.00052051110905175,7.070207127557905e-05,9.091415319703556e-05,0.00020577500363135,0.0002983642629857,0.0002617540288247,0.0001651503821096,0.0001613535753781,0.0,0.00432719450097685,1.0,0.00102942819663545,0.6241283467800682,0.00293174722496145,1.0,5.994997453585036e-05,0.0,0.0044740343684259495,0.6132639808286222,0.0006796020422633,0.0,1.094627581367452e-05,1.0,0.0,7.534528981874786e-05,1.0,0.0,1.859730709859237e-05,1.0,0.0,6.726614843622172e-05,1.0,1.0,4.302521822264938e-07,1.0,0.0,0.0031706096909834,1.0,0.0,1.72390298356362e-09,1.0,1.0,3.711988811187492e-08,0.0,0.0,1.8336191810469385e-06,1.0,0.0,0.0011620171465991,1.0,1.0,0.0009343041887762,0.0,1.0,5.41231940863755e-07,1.0,1.0,9.408503220659157e-05,1.0,0.0,6.013195165065948e-06,1.0,0.0,1.168596289511863e-05,1.0,1.0,0.0350739767757288,1.0,0.0,3.523586937046891e-05,0.0,0.0,8.211896627060452e-05,1.0,1.0,4.8102832174733536e-05,1.0,1.0,3.174755352936004e-05,1.0,6.132024624067905,5.441667274661053,6.192860897017853,0.0,0.0038628146768622,1.0,0.0,0.0004538186989604,1.0,1.0,0.0001452956273025,1.0,0.0,0.0296795021626977,1.0,0.0,0.000198226637113,1.0,1.0,0.0054233451276311,1.0,1.0,8.833160589236815e-07,1.0,0.0,9.17891757208942e-06,1.0,1.0,4.163617566089374e-06,1.0,0.0,0.0041858695257301,1.0,1.0,0.0005618232497619,1.0,1.0,7.242206429461223e-06,1.0,0.0,0.0003897804823366,1.0,1.0,3.613504649820675e-06,1.0,0.0,0.0050615211680658,1.0,1.0,3.005158102031965e-05,1.0,0.0,0.0081367325962922,1.0,0.0,0.0115546767359863,1.0,1.0,0.0012784094401639,1.0,0.0,2.033652021891627e-06,1.0,0.0,0.0532297563873982,1.0,1.0,0.047163114382087,1.0,1.0,0.0119145122600189,1.0,1.0,1.0574295719766827e-05,1.0,0.0,0.000910422502268,1.0,0.0,0.0005879620685048,1.0,1.0,1.4175000005691697e-06,1.0,0.0,0.0254298775707173,1.0,1.0,0.0002244141612071,264690.0,3.0079769801463115e-05,1.0,2.585279200304505e-12,1.0,4.262938996337493e-09,1.0,1.0,1.0,0.0013284481474157,1.0,1.0,1.0,0.0,0.070319152288905,1.0,1.0,0.0,0.0080282019857959,1.0,1.0,1.0,2.303118320870823e-05,1.0,0.0,1.0,0.0046038946022388,1.0,1.0,1.0,0.00216656541831115,1.0,0.0,1.0,5.291514596355705e-06,1.0,0.0,1.0,0.0,0.0006819361715854,0.0,9.220553847217052e-06,1.0,0.0,0.0,0.0002767451724631,1.0,0.0,1.0,0.0,0.0007650627794077,1.0,0.0,0.0,8.619680721748777e-10,1.0,0.0,0.0,0.0045732910515189,1.0,0.0,0.0,0.0477455237634224,1.0,1.0,0.0,2.627090564906623e-05,1.0,0.0,1.0,0.001655427475964,1.0,1.0,1.0,0.0,1.0838131327122968e-07,0.0,0.0066991537785232,1.0,0.0,0.0,1.4083790301297896e-05,1.0,1.0,1.0,1.0,0.0846788232251094,1.0,0.0,1.0,0.0266765760107729,1.0,0.6642412461834944,0.0,2.0315417009069254e-06,1.0,1.0,1.0,0.0073643132594612,1.0,0.0,1.0,0.0011244437390187999,1.0,1.0,0.0,0.007739419947197,1.0,0.0,1.0,1.0,6.691347000213141e-06,1.0,4.031681714641993e-13,1.0,1.0,1.0,8.386557497241724e-08,1.0,1.0,1.0,0.0363032771769677,1.0,1.0,1.0,1.0,7.924389508297897e-08,1.0,1.0,0.0,0.0063562473882878,1.0,0.0,0.0,0.0194702441685025,1.0,1.0,0.0,0.0006855750154223,1.0,0.0,1.0,0.0093520296955689,1.0,0.0,1.0,9.881010154344004e-06,1.0,1.0,0.0,0.9620120832731904,0.9986847413136216,0.9843126897755928,5.816738987158607,0.5002506958415792,4.633014429241956,39.0,0.4656304983906184,1.0,0.0,0.49662539970705855,0.0,3.5179518247057064,6.192860897017853,0.5002506958415792,2.564721361003172,40.0,0.11396011396011396
0.0046206153832621995,0.0229319494175801,0.00249919528398355,0.0009000000000739001,0.01328297730217525,0.00090001692366525,0.00026591101633890004,0.0002631454984931,0.00033392818126865,7.331502967708598e-05,8.548576025260417e-05,0.00029105821481259996,0.00024735873938155,0.0003512855291243,5.676888778292314e-05,0.0010449507369871,0.0005064409604892,0.0008358654805588999,0.00052051110905175,7.070207127557905e-05,9.091415319703556e-05,0.00020577500363135,0.0002983642629857,0.0002617540288247,0.0001651503821096,0.0015179245030616,0.0,0.00432719450097685,1.0,0.00102942819663545,0.6241283467800682,0.00293174722496145,1.0,5.994997453585036e-05,0.0,0.0044740343684259495,0.6132639808286222,0.0006796020422633,1.0,1.8880630061253748e-10,1.0,0.0,1.899978253210779e-05,1.0,1.0,0.0882770269368298,1.0,1.0,7.35867452589203e-07,1.0,0.0,5.55383246795818e-10,1.0,1.0,0.0050508256240522,1.0,0.0,0.0017950574500389,1.0,0.0,2.830796261128336e-05,1.0,1.0,0.0008292839674567,1.0,0.0,0.0021559649512626,1.0,1.0,1.1290551441650742e-08,1.0,0.0,0.0096591647123984,1.0,0.0,0.00053096647900015,1.0,1.0,0.00037577784272454996,1.0,0.0,0.000377107236627,1.0,1.0,0.0004090530981813,1.0,1.0,9.332191302040747e-05,1.0,0.01924737487351285,0.0001851516122612,1.0,0.0,0.00036563886477915,1.0,0.0,0.00031034097430555,1.0,4.577041042185882,4.873708257439127,3.926876010047343,1.0,0.00094622228737275,1.0,0.0,0.00030161454166555,1.0,0.8684375368822927,0.00046449533842345,1.0,1.0,9.732505181296526e-05,1.0,0.0,0.0008223474541493,1.0,0.0,0.00042056105139965,1.0,1.0,6.357671017481105e-05,1.0,0.0,8.95186300711204e-05,1.0,0.0,6.86473451718226e-05,1.0,1.0,0.00012451700193175,1.0,0.7370038800720702,0.00041356743116115,1.0,1.0,0.00010771609799514197,1.0,1.0,0.00043539315559245,1.0,1.0,0.00010716288376599581,1.0,0.3544612469420235,0.00013930251401575,1.0,1.0,0.00020470352168515,1.0,1.0,0.00010241458773015292,1.0,1.0,0.00012846642023805002,1.0,1.0,0.0001173863472579,1.0,1.0,0.0003941170459816,1.0,1.0,0.00059357941590055,1.0,0.0,0.0005032711660119501,1.0,0.5,9.801045077654701e-05,1.0,0.0,8.520010267173671e-05,1.0,0.0,0.00018718664858345002,1.0,1.0,0.00015282011881505,1.0,0.5,0.00011340784905625,1.0,0.5,0.000914125365021,1.0,1.0,0.0002244141612071,264690.0,0.0005678898807878,1.0,0.0001402200700634,0.0,0.0001288436060751,1.0,0.0,1.0,0.0002685248700077,1.0,1.0,1.0,0.0,0.0001476638702497,1.0,0.0,0.0,0.0001011006002661,1.0,0.2446546621430612,1.0,0.0001636726109917,1.0,1.0,1.0,0.0003639966311122,1.0,1.0,1.0,0.00216656541831115,1.0,0.0,0.0,6.023112407805567e-05,1.0,1.0,1.0,1.0,0.0001495623858082,0.0,0.0005471915173509,1.0,0.0,0.0,0.0002409110326885,1.0,1.0,1.0,1.0,0.0004966842211455,1.0,0.0,0.0,0.0004354336168333,1.0,0.0,1.0,0.0003353753618639,1.0,0.0,0.0,0.0001813389352387,1.0,0.0,0.5,0.0008732233762285999,1.0,0.0,1.0,0.0002798930458159,1.0,1.0,0.0,1.0,0.0003246990188076,0.0,0.0001111546724558,1.0,0.0,1.0,8.588548816066386e-05,1.0,0.0,1.0,1.0,0.0001448811360149,1.0,0.0,0.0,0.0001357907762031,1.0,0.0,0.0,0.0003097107657766,1.0,0.0,1.0,0.000101745555167,1.0,1.0,1.0,0.0011244437390187999,1.0,1.0,1.0,0.0013851914448922,1.0,1.0,1.0,0.0,0.0001414197958603,1.0,0.0001351548410148,1.0,0.0,0.3434818868518289,2.677257949943856e-05,1.0,0.0,1.0,0.0001031275165441,1.0,0.0,1.0,0.0,6.54203620841598e-05,1.0,0.0065833504607211,0.0,9.717193159536516e-05,1.0,0.943826511804068,1.0,0.0003676609132862,1.0,0.0,1.0,0.0003798138096054,1.0,0.0,1.0,0.0010352132095212,1.0,0.0,1.0,8.55149140169148e-05,1.0,1.0,0.0,0.9842140422792284,0.9045715094036078,0.9790282227110172,9.451233845502616,0.6535173177205124,11.88799514047912,297.0,0.489415764031626,1.0,0.0,0.5040224943315365,0.0,4.2486872653076055,11.88799514047912,0.6535173177205124,4.054062136884829,300.0,0.8547008547008547
0.0046206153832621995,0.0229319494175801,0.00249919528398355,0.0009000000000739001,0.01328297730217525,0.00090001692366525,0.0587303593019072,0.0436280871864409,2.0491509086531943e-10,9.257778652657962e-05,7.388351517521123e-05,0.0488606800071918,0.0690802231657036,0.0826265165113082,0.0029639134045023,0.0001054434084387,0.0002205488069305,6.4532885944013655e-09,0.0086948118601442,0.0118009230169195,9.513046256807306e-05,0.0910049874434225,0.0001617615631177,0.0004253642146535,0.0025515834112398,0.0005129342556709,0.0,0.00432719450097685,1.0,0.00102942819663545,0.6241283467800682,0.00293174722496145,1.0,5.994997453585036e-05,0.0,0.0044740343684259495,0.6132639808286222,0.0006796020422633,0.0,4.371701392313221e-05,1.0,0.0,5.8802735171901506e-09,1.0,0.0,5.391129527018028e-19,1.0,1.0,0.0001742766515381,1.0,0.0,0.0567732994930552,1.0,1.0,3.655522905689352e-05,1.0,1.0,2.2145058973079843e-08,1.0,1.0,2.5219291479679066e-15,1.0,1.0,0.0022211233568895,1.0,0.0,1.0550480546253672e-05,1.0,1.0,0.0630263455497319,1.0,1.0,1.022001630887064e-05,1.0,0.0,1.6541289634436825e-07,1.0,0.0,3.6675031721004713e-06,1.0,1.0,6.1224019162619995e-09,0.0,1.0,6.366001087475127e-07,1.0,1.0,0.0099582095973116,1.0,1.0,1.902905232981924e-06,0.0,1.0,7.009201807793902e-06,1.0,0.0,0.0265937680478316,0.0,5.138477164321886,4.9696890470515545,4.990770928744399,0.0,0.008649579975599,1.0,0.0,0.0002204940541402,1.0,1.0,6.881769322296672e-06,1.0,1.0,0.0042268203518931,1.0,1.0,0.0557032949430305,1.0,1.0,3.104730007607607e-05,1.0,0.0,4.661902759207418e-06,1.0,1.0,0.0028976087610202,1.0,0.0,1.7298079490774188e-14,1.0,0.0,0.0188665701881082,1.0,1.0,0.0283651010077789,1.0,1.0,9.045009081889158e-06,1.0,0.0,3.0864196068724326e-11,1.0,1.0,0.0824699657875023,1.0,0.0,6.766570870376319e-05,1.0,1.0,0.0308074741174736,1.0,0.0,2.2924271926472187e-05,1.0,1.0,2.033103773818772e-06,1.0,1.0,0.0001300163058527,1.0,1.0,1.4233204269489043e-06,1.0,1.0,0.0469365434205043,1.0,1.0,3.0159484520203903e-05,1.0,0.0,7.224803463847987e-05,1.0,1.0,0.0557781068612728,1.0,0.0,4.3930834786146765e-05,1.0,0.0,1.480028347838956e-05,1.0,1.0,2.412906102590397e-06,1.0,1.0,0.0704616631147185,1.0,1.0,0.0146777383916896,264690.0,0.0003504546355099,1.0,8.007389066076987e-07,1.0,1.1599268346395607e-06,1.0,0.0,0.0,0.0048052956804494,1.0,1.0,1.0,0.0,0.0018103834519766,1.0,0.0,0.0,1.0774030446519348e-08,1.0,0.0,1.0,0.0022166579136734,1.0,0.0,0.0,0.0008337928707949,1.0,1.0,1.0,0.00216656541831115,1.0,0.0,0.0,4.2070798580522026e-08,1.0,1.0,1.0,0.0,0.0014864880043596,0.0,0.0006213549975326,1.0,0.0,0.0,0.005335539440287,1.0,1.0,1.0,0.0,0.004702779424259,1.0,1.0,0.0,0.0691363279667416,1.0,0.0,0.0,0.0001574370800568,1.0,0.0,0.0,0.004982255526211,1.0,0.0,1.0,2.9485825491188555e-05,1.0,0.0,0.2993740756803624,0.004981466854402,1.0,0.0,0.0,1.0,0.0689524461900284,1.0,0.0498682097233948,1.0,0.0,0.0,8.588548816066386e-05,1.0,0.0,1.0,0.0,0.022087711217738,1.0,1.0,0.0,0.0435371882761249,1.0,0.5510871632814928,1.0,0.0050595919072141,1.0,1.0,1.0,4.763423904172429e-06,1.0,1.0,0.0,2.9406272703324785e-05,1.0,1.0,0.0,2.940690770312268e-05,1.0,1.0,1.0,1.0,1.4451457877717344e-05,1.0,2.3717745496450717e-11,1.0,1.0,0.0,0.0016472543354216,1.0,0.4253979245306237,0.0,0.0008791194455799,1.0,1.0,1.0,0.0,8.856276491687902e-19,1.0,1.0,1.0,4.669736558092087e-12,1.0,1.0,0.0,2.428416469063171e-07,1.0,0.0,1.0,1.0978770335290562e-05,1.0,1.0,0.0,0.0046779677040304,1.0,1.0,1.0,9.88146000000034e-06,1.0,0.0,0.0,0.9939594403806332,0.9435489479334144,1.0,8.899570480777207,0.6193206983364952,10.824316468693263,22.0,848.8287666565082,264690.0,0.0,14985.094098284913,0.0,4.264405908470984,10.824316468693263,0.6193206983364952,3.741208216546212,23.0,0.06552706552706553
0.0046206153832621995,0.0229319494175801,0.00249919528398355,0.0009000000000739001,0.01328297730217525,0.00090001692366525,0.00026591101633890004,0.0002631454984931,0.00033392818126865,7.331502967708598e-05,8.548576025260417e-05,0.00029105821481259996,0.00024735873938155,0.0003512855291243,5.676888778292314e-05,0.0010449507369871,0.0005064409604892,0.0008358654805588999,0.00052051110905175,7.070207127557905e-05,9.091415319703556e-05,0.00020577500363135,0.0002983642629857,0.0002617540288247,0.0001651503821096,0.0015179245030616,0.0,0.00432719450097685,1.0,0.00102942819663545,0.6241283467800682,0.00293174722496145,1.0,5.994997453585036e-05,0.0,0.0044740343684259495,0.6132639808286222,0.0006796020422633,0.0,0.0012897750835987,1.0,0.0,0.0003065334790999,1.0,0.6126775856375599,0.0006118439679484,1.0,0.0,0.0001140642768167,1.0,0.0,4.5231767314469614e-05,1.0,0.0,0.000300342941749,1.0,1.0,0.0001730103806228,1.0,0.838949246584827,0.0001192267539485,1.0,1.0,0.0004563540475816,1.0,0.8297127294672082,0.0001009267887653,1.0,1.0,0.0002591730470281,1.0,1.0,0.0003414804871966,1.0,0.0,0.00053096647900015,1.0,1.0,0.00037577784272454996,1.0,0.0,0.000377107236627,1.0,1.0,0.0004090530981813,1.0,1.0,9.332191302040747e-05,1.0,0.01924737487351285,0.0001851516122612,1.0,0.0,0.00036563886477915,1.0,0.0,0.00031034097430555,1.0,5.35435141844272,5.181640615338484,3.821045422006969,1.0,0.00094622228737275,1.0,0.0,0.00030161454166555,1.0,0.8684375368822927,0.00046449533842345,1.0,1.0,9.732505181296526e-05,1.0,0.0,0.0008223474541493,1.0,0.0,0.00042056105139965,1.0,1.0,6.357671017481105e-05,1.0,0.0,8.95186300711204e-05,1.0,0.0,6.86473451718226e-05,1.0,1.0,0.00012451700193175,1.0,0.7370038800720702,0.00041356743116115,1.0,1.0,0.00010771609799514197,1.0,1.0,0.00043539315559245,1.0,1.0,0.00010716288376599581,1.0,0.3544612469420235,0.00013930251401575,1.0,1.0,0.00020470352168515,1.0,1.0,0.00010241458773015292,1.0,1.0,0.00012846642023805002,1.0,1.0,0.0001173863472579,1.0,1.0,0.0003941170459816,1.0,1.0,0.00059357941590055,1.0,0.0,0.0005032711660119501,1.0,0.5,9.801045077654701e-05,1.0,0.0,8.520010267173671e-05,1.0,0.0,0.00018718664858345002,1.0,1.0,0.00015282011881505,1.0,0.5,0.00011340784905625,1.0,0.5,0.000914125365021,1.0,1.0,0.0002244141612071,264690.0,0.00045046316566120005,1.0,0.0001402200700634,0.0,0.0001288436060751,1.0,0.0,1.0,0.0002685248700077,1.0,1.0,1.0,0.0,0.0001476638702497,1.0,0.0,0.0,0.0001011006002661,1.0,0.2446546621430612,1.0,0.0001636726109917,1.0,1.0,1.0,0.0003639966311122,1.0,1.0,1.0,0.00216656541831115,1.0,0.0,0.0,6.023112407805567e-05,1.0,1.0,1.0,1.0,0.0001495623858082,0.0,0.0005471915173509,1.0,0.0,0.0,0.0002409110326885,1.0,1.0,1.0,1.0,0.0004966842211455,1.0,0.0,0.0,0.0004354336168333,1.0,0.0,1.0,0.0003353753618639,1.0,0.0,0.0,0.0001813389352387,1.0,0.0,0.5,0.0008732233762285999,1.0,0.0,1.0,0.0002798930458159,1.0,1.0,0.0,1.0,0.0003246990188076,0.0,0.0001111546724558,1.0,0.0,1.0,8.588548816066386e-05,1.0,0.0,1.0,1.0,0.0001448811360149,1.0,0.0,0.0,0.0001357907762031,1.0,0.0,0.0,0.0003097107657766,1.0,0.0,1.0,0.000101745555167,1.0,1.0,1.0,0.0011244437390187999,1.0,1.0,1.0,0.0013851914448922,1.0,1.0,1.0,0.0,0.0001414197958603,1.0,0.0001351548410148,1.0,0.0,0.3434818868518289,2.677257949943856e-05,1.0,0.0,1.0,0.0001031275165441,1.0,0.0,1.0,0.0,6.54203620841598e-05,1.0,0.0065833504607211,0.0,9.717193159536516e-05,1.0,0.943826511804068,1.0,0.0003676609132862,1.0,0.0,1.0,0.0003798138096054,1.0,0.0,1.0,0.0010352132095212,1.0,0.0,1.0,8.55149140169148e-05,1.0,1.0,0.0,0.9907116879180674,0.9648709330357024,0.9931657007350316,7.091821317140311,0.6298482557224918,7.778360777917396,334.0,0.0,0.0,0.0,0.0,9.0,0.0,0.0,0.0,0.0,351.0,1.0
0.0046206153832621995,0.0229319494175801,0.00249919528398355,0.0009000000000739001,0.01328297730217525,0.00090001692366525,6.517667681190948e-07,1.8516700526527924e-06,0.0003257384238012,0.0509271914168852,3.4363528537468826e-05,1.303608017125528e-07,0.0207205421049761,0.0004754317618777,5.80713294245584e-10,0.0010449507369871,0.0005064409604892,0.0008358654805588999,0.00052051110905175,7.070207127557905e-05,9.091415319703556e-05,0.00020577500363135,0.0002983642629857,0.0002617540288247,0.0001651503821096,1.88975046022823e-06,0.0,0.00432719450097685,1.0,0.00102942819663545,0.6241283467800682,0.00293174722496145,1.0,5.994997453585036e-05,0.0,0.0044740343684259495,0.6132639808286222,0.0006796020422633,0.0,2.3891320830583342e-09,1.0,0.0,0.074313622903224,1.0,0.0,4.313316048672205e-05,1.0,1.0,0.0008651554834908,1.0,1.0,2.039469711287221e-07,1.0,0.0,0.0028467484607873,1.0,1.0,4.461914179456838e-08,1.0,0.0,3.612561507065873e-06,1.0,1.0,0.0304743330042017,1.0,0.1876527920427544,1.46018932098141e-06,1.0,1.0,0.0150707058806879,1.0,0.0,4.6431891319934814e-05,1.0,0.0,8.342586614163158e-06,1.0,1.0,3.6675000065088727e-06,1.0,1.0,0.0065945329928225,0.0,0.0,0.0320185679010134,1.0,0.0,9.007402051022489e-08,0.0,0.0,4.53161910611397e-09,1.0,1.0,8.950221151680027e-05,1.0,0.0,0.015205614288352,1.0,5.493330013845193,5.263040707815357,3.821045422006969,0.0,0.0363368589494783,1.0,0.0,0.0574899512672187,1.0,0.0,5.7105585018577364e-08,1.0,1.0,5.953552588302339e-07,1.0,0.0,0.0008737120392776,1.0,0.0,5.053594826423056e-06,1.0,1.0,4.024050797260393e-05,1.0,0.0,1.5859059862453529e-06,1.0,0.0,0.0211712336138974,1.0,1.0,9.19086163731853e-05,1.0,1.0,0.0425248078781317,1.0,1.0,0.0051343958577085,1.0,0.0,3.740477158631311e-06,1.0,0.0,4.737396666161928e-06,1.0,1.0,0.0038665124517579,1.0,1.0,1.068300000000676e-06,1.0,0.0,5.2346092829562725e-06,1.0,0.0,0.072497466819443,1.0,1.0,4.698900687144774e-06,1.0,0.0,0.0004002916114762,1.0,1.0,0.000448860700386,1.0,0.0,0.0460062612822621,1.0,1.0,0.0016376170419022,1.0,1.0,0.0016426294959408,1.0,0.0,0.000134979471789,1.0,1.0,2.3730685949953335e-07,1.0,1.0,4.2752649504820935e-06,1.0,1.0,2.6673730352714416e-06,1.0,1.0,7.774054438417262e-06,264690.0,0.0278799579507558,1.0,0.0001402200700634,0.0,0.0001288436060751,1.0,0.0,1.0,0.0002685248700077,1.0,1.0,1.0,0.0,0.0001476638702497,1.0,0.0,0.0,0.0001011006002661,1.0,0.2446546621430612,1.0,0.0001636726109917,1.0,1.0,1.0,0.0003639966311122,1.0,1.0,1.0,0.00216656541831115,1.0,0.0,0.0,6.023112407805567e-05,1.0,1.0,1.0,1.0,0.0001495623858082,0.0,0.0005471915173509,1.0,0.0,0.0,0.0002409110326885,1.0,1.0,1.0,1.0,0.0004966842211455,1.0,0.0,0.0,0.0004354336168333,1.0,0.0,1.0,0.0003353753618639,1.0,0.0,0.0,0.0001813389352387,1.0,0.0,0.5,0.0008732233762285999,1.0,0.0,1.0,0.0002798930458159,1.0,1.0,0.0,1.0,0.0003246990188076,0.0,0.0001111546724558,1.0,0.0,1.0,8.588548816066386e-05,1.0,0.0,1.0,1.0,0.0001448811360149,1.0,0.0,0.0,0.0001357907762031,1.0,0.0,0.0,0.0003097107657766,1.0,0.0,1.0,0.000101745555167,1.0,1.0,1.0,0.0011244437390187999,1.0,1.0,1.0,0.0013851914448922,1.0,1.0,1.0,1.0,2.747567447534759e-05,1.0,0.0043812721063605,1.0,1.0,0.0,0.0137529986144353,1.0,0.0,1.0,0.0263630061820266,1.0,1.0,1.0,1.0,0.001250008546619,1.0,0.0,1.0,0.0013778995883626,1.0,1.0,1.0,0.0305054759613401,1.0,0.0,0.0,7.95066931701481e-07,1.0,0.0,1.0,7.698350829537551e-07,1.0,1.0,0.0,1.8819836269893752e-17,1.0,1.0,0.0,1.0,0.9730209688620493,1.0,8.218076145514356,0.7476899998937193,11.510056117921405,136.0,1337.281987906428,264690.0,0.0,18810.666081986798,1.0,4.27565174423151,11.510056117921405,0.7476899998937193,4.055871703777003,138.0,0.39316239316239315
0.0046206153832621995,0.0229319494175801,0.00249919528398355,0.0009000000000739001,0.01328297730217525,0.00090001692366525,0.0136946664796478,6.297492244281556e-05,3.5647635387971896e-08,2.166011672259192e-14,1.8735701189213663e-11,1.1315374097505654e-08,0.0384746272173216,8.519738402468842e-09,0.0557421496935966,3.6405772057102285e-05,1.4672853519793776e-13,0.0005291763000215,4.154451447909643e-07,2.0932335896994145e-07,6.42938150225565e-05,5.608985491513357e-11,0.0005402958360746,6.406882978435028e-12,0.0820361446293387,2.765432126220067e-05,0.0,0.00432719450097685,1.0,0.00102942819663545,0.6241283467800682,0.00293174722496145,1.0,5.994997453585036e-05,0.0,0.0044740343684259495,0.6132639808286222,0.0006796020422633,1.0,2.8559630000124554e-08,1.0,0.0,0.0003126321512761,1.0,1.0,3.9031041096078686e-10,1.0,1.0,0.0079779930988883,1.0,1.0,0.0044628295690217,1.0,0.0,0.0323335527836203,1.0,1.0,1.4741954741880636e-12,1.0,0.0,1.416276341200776e-08,1.0,1.0,0.0004563540475816,1.0,0.0,1.723824680677637e-05,0.0,0.0,0.0036814903337982,1.0,0.0,0.0263840218571727,1.0,0.0,0.0122031239385944,0.0,0.0,1.2071461739753053e-05,1.0,0.0,2.1854981355132787e-15,1.0,1.0,0.007226141555816,1.0,1.0,0.002811865580769,0.0,0.0,2.8634493046217115e-10,1.0,1.0,0.0003465492406999,1.0,1.0,0.0062202316358246,1.0,5.739873778912841,5.628234345136122,3.06271231103896,1.0,0.0008593824290219,1.0,0.0,5.474700157066449e-07,1.0,1.0,0.0011497938828841,1.0,0.0,1.632050510474171e-06,1.0,1.0,3.019119427485641e-07,1.0,1.0,0.000833995394928,1.0,1.0,0.0130387118487866,1.0,1.0,6.618219445947995e-08,1.0,1.0,7.361100118008822e-05,1.0,1.0,0.0250645768957241,1.0,0.0,0.0034435781444051,1.0,0.0,0.0133893377663147,1.0,1.0,0.0031130891355124,1.0,1.0,0.0069665111907374,1.0,0.0,3.047317086835018e-06,1.0,0.0,2.9034482412933663e-05,1.0,0.0,7.668386560961259e-08,1.0,0.0,0.0230832072335692,1.0,0.0,5.163946579387613e-07,1.0,0.0,0.00027783413445,1.0,1.0,0.0029084248700964,1.0,0.0,5.605362523048767e-07,1.0,1.0,0.0257136842339418,1.0,1.0,4.9142731404973686e-11,1.0,1.0,0.0312007102594332,1.0,1.0,6.48815377020114e-05,1.0,1.0,1.4430415731722614e-09,1.0,1.0,0.04708743420945,1.0,0.0,3.4010377295827228e-06,264690.0,0.000360718555955,1.0,0.0001402200700634,0.0,0.0001288436060751,1.0,0.0,1.0,0.0002685248700077,1.0,1.0,1.0,0.0,0.0001476638702497,1.0,0.0,0.0,0.0001011006002661,1.0,0.2446546621430612,1.0,0.0001636726109917,1.0,1.0,1.0,0.0003639966311122,1.0,1.0,1.0,0.00216656541831115,1.0,0.0,0.0,6.023112407805567e-05,1.0,1.0,1.0,1.0,0.0001495623858082,0.0,0.0005471915173509,1.0,0.0,0.0,0.0002409110326885,1.0,1.0,1.0,1.0,0.0004966842211455,1.0,0.0,0.0,0.0004354336168333,1.0,0.0,1.0,0.0003353753618639,1.0,0.0,0.0,0.0001813389352387,1.0,0.0,0.5,0.0008732233762285999,1.0,0.0,1.0,0.0002798930458159,1.0,1.0,0.0,1.0,0.0003246990188076,0.0,0.0001111546724558,1.0,0.0,1.0,8.588548816066386e-05,1.0,0.0,1.0,1.0,0.0001448811360149,1.0,0.0,0.0,0.0001357907762031,1.0,0.0,0.0,0.0003097107657766,1.0,0.0,1.0,0.000101745555167,1.0,1.0,1.0,0.0011244437390187999,1.0,1.0,1.0,0.0013851914448922,1.0,1.0,1.0,0.0,1.1429934243403903e-06,0.0,0.09339836311928801,1.0,1.0,1.0,3.895611882303733e-07,1.0,1.0,0.0,8.604514546709872e-09,1.0,0.0,1.0,0.0,0.0448154520274305,1.0,1.0,0.0,0.0107467001613914,1.0,1.0,1.0,3.651993190343464e-26,1.0,0.0,1.0,7.629628504301637e-07,1.0,1.0,1.0,0.0536699550157111,1.0,1.0,1.0,2.3183002988778057e-11,1.0,0.0,1.0,1.0,0.9479943700731664,1.0,2.955448860577582,0.6249449872417197,4.941462089049807,126.0,1273.0033588665942,264690.0,0.0,18352.917653405108,0.0,2.877852304670022,5.739873778912841,0.6249449872417197,2.118579997962503,127.0,0.36182336182336183
0.005580000000004,0.0650394172942439,0.0056990718231411,4.343149752480047e-10,0.0152244135520725,0.0196930758861098,0.0132570000704501,0.0110060852957709,0.0059332052995747,0.0197770529132977,4.850599531924942e-05,0.0442271554127362,0.014247,0.0121886376435732,0.0059719637544043,0.0224244930739839,0.0493030096972733,0.0276499078371005,0.0070934935325397,0.0176400007204862,0.0668113251089529,0.0289444019491449,0.0155520021590581,0.0121357917760262,0.006922800000123,0.0312451992643539,1.0,0.005571244469523,0.0,0.0013773121115,1.0,0.0305876704111075,0.2340452274784419,3.626652173452193e-08,1.0,0.0152087475149104,0.0,0.0169707645748504,1.0,0.0076295811868948,1.0,0.0,0.0025531231605326,1.0,1.0,0.0192097875107984,1.0,0.0,0.0001326786698616,1.0,1.0,3.595746827727244e-06,1.0,1.0,0.0149778779865517,1.0,1.0,0.0079146216144419,1.0,1.0,0.0118301835010173,1.0,1.0,0.0175085869873543,1.0,1.0,0.0005378854409565,1.0,1.0,0.0073915900139352,1.0,1.0,0.0261675252330467,1.0,1.0,0.0022689007019161,1.0,1.0,0.0097471428403345,1.0,1.0,0.0485915168483433,1.0,1.0,0.0006628805539621,1.0,1.0,0.10666595444747902,1.0,1.0,0.0332447582906234,1.0,1.0,0.0159528196772228,1.0,0.0,0.0327118940986311,1.0,5.609543603402962,5.68320701600637,4.103473206829776,0.0,0.0026365232747211,1.0,1.0,0.026481655438127,1.0,1.0,0.0180180000000378,1.0,1.0,0.0193430333708716,1.0,1.0,0.0250314515745984,1.0,1.0,0.0155340157114522,1.0,1.0,0.0023276515376746,1.0,1.0,0.0135090004866338,1.0,1.0,0.0031273331679825,1.0,0.0,0.0025992061825965,1.0,1.0,0.0219070958828095,1.0,1.0,0.0185656465010718,1.0,0.0,0.0374949694374708,1.0,0.0,0.0036397814286716,1.0,1.0,0.0138264207778479,1.0,1.0,0.0136251389811506,1.0,1.0,0.0146228493451554,1.0,1.0,0.0126154851547479,1.0,0.0,0.0036425706479741,1.0,1.0,0.0027063384797414,1.0,1.0,0.0176739729321366,1.0,1.0,0.0060552074977181,1.0,1.0,0.0126368863785811,1.0,0.0,0.0314608392298291,1.0,1.0,0.0071138769669045,1.0,0.0,0.0160428945397116,1.0,1.0,0.0088614,1.0,1.0,0.002253191990585,1.0,1.0,0.0116180132946368,264690.0,0.0281898345421368,1.0,0.0119567990442437,1.0,0.0021044314299238,1.0,1.0,1.0,0.0054175893996791,1.0,1.0,1.0,1.0,0.0687179784147225,1.0,0.0,1.0,3.539307127131438e-05,1.0,1.0,1.0,0.0288681970049899,1.0,0.0,1.0,0.0276353039184892,1.0,1.0,1.0,0.0162981320173142,1.0,0.0,1.0,0.040882351600552,1.0,1.0,1.0,1.0,0.0119410203846024,1.0,0.0019669375362741,1.0,1.0,1.0,0.0137885023195132,1.0,1.0,1.0,1.0,0.0299174169186471,1.0,0.0,0.0,0.0214924720321204,1.0,1.0,1.0,0.0401622447670058,1.0,1.0,1.0,0.0152563333271267,1.0,0.0,1.0,0.0233808692078247,1.0,1.0,1.0,0.0268861904723895,1.0,1.0,0.0,1.0,0.0506464111692459,1.0,0.0021543466074737,1.0,1.0,1.0,0.0054553989993126,1.0,1.0,1.0,1.0,0.0216117494968062,1.0,0.0,0.0,4.000781118629083e-07,1.0,0.0,1.0,0.0349573472528331,1.0,1.0,1.0,0.0147119864969515,1.0,1.0,1.0,0.014709528258659,1.0,1.0,1.0,0.0062347380041687,1.0,1.0,0.0,1.0,0.0254500040610347,1.0,0.0020471815842187,1.0,0.0,1.0,0.0217135658138212,1.0,0.0,1.0,0.0059260559408526,1.0,1.0,1.0,1.0,0.019499130021015,1.0,0.0,0.0,0.0078014126524647,1.0,0.0,1.0,0.0268725910883398,1.0,1.0,1.0,0.0143318223255174,1.0,1.0,1.0,0.0268725600001013,1.0,1.0,1.0,0.0061026396668584,1.0,0.0,0.0,0.921725141748266,0.9848229459923834,0.9894784132349528,4.28854536481477,0.56604651566423,11.211423899821936,0.0,793.0398233042898,264690.0,0.0,14483.16197674197,0.0,3.817585123057294,11.211423899821936,0.56604651566423,3.4757244767448827,1.0,0.002849002849002849
0.0046206153832621995,0.0229319494175801,0.00249919528398355,0.0009000000000739001,0.01328297730217525,0.00090001692366525,0.0008450570597154,1.1153593546071258e-06,2.098023843287132e-05,0.0086500640790919,0.0003628533259747,1.5553261478440832e-10,1.3747491700673828e-05,1.0963460245118717e-07,0.0006178792405305,0.0260695530511587,0.0014138015922202,0.0072746141099243,5.887063482523634e-05,1.2061221499984766e-09,3.8930457264338405e-10,1.407624034998161e-07,0.0116655908529983,3.2845870667959165e-05,0.000104408721133,0.0219475742375286,0.0,0.00432719450097685,1.0,0.00102942819663545,0.6241283467800682,0.00293174722496145,1.0,5.994997453585036e-05,0.0,0.0044740343684259495,0.6132639808286222,0.0006796020422633,0.0,1.549964810691264e-09,1.0,0.0,0.0001032162065235,1.0,1.0,2.216184783319768e-07,1.0,1.0,0.0442491868166362,1.0,1.0,0.0002651281954009,1.0,1.0,0.0349723252707082,1.0,0.0,0.0351719317020484,1.0,1.0,3.16831741093214e-10,1.0,1.0,3.8578887661561445e-05,1.0,0.0,3.911064307588392e-08,1.0,1.0,6.26575903824588e-06,1.0,0.0,1.3655804568889598e-12,1.0,0.0,0.00053096647900015,1.0,1.0,0.00037577784272454996,1.0,0.0,0.000377107236627,1.0,1.0,0.0004090530981813,1.0,1.0,9.332191302040747e-05,1.0,0.01924737487351285,0.0001851516122612,1.0,0.0,0.00036563886477915,1.0,0.0,0.00031034097430555,1.0,5.454474717881735,5.591338270298125,3.821045422006969,0.0,1.9050082692924664e-05,1.0,0.0,0.0348627270799155,1.0,0.0,0.0027998426861433,1.0,1.0,4.3603219350110246e-14,1.0,1.0,6.765301067427005e-06,1.0,1.0,0.0028902578122934,1.0,0.0,0.0245773307333947,1.0,0.0,1.4989001884868648e-05,1.0,0.0,1.6945152824635364e-08,1.0,0.0,0.0017113475270443,1.0,0.0,4.996032701122214e-06,1.0,0.0,0.0205484010684614,1.0,0.0,2.3405477791199983e-05,1.0,1.0,4.8320382048326174e-05,1.0,0.0,1.5706387715336556e-05,1.0,1.0,1.8147630009024552e-06,1.0,1.0,0.0020768726548318,1.0,0.0,0.0004987148594104,1.0,1.0,3.893554977762198e-05,1.0,1.0,4.069031078396046e-05,1.0,0.0,0.0034017271100943,1.0,0.0,0.0080259996354984,1.0,0.0,2.370600018341333e-05,1.0,0.0,0.0254400127701815,1.0,1.0,4.640944420341181e-05,1.0,0.0,0.0075523032743759,1.0,1.0,2.8874480441387596e-05,1.0,1.0,1.9611110812550205e-05,1.0,1.0,6.80040792068176e-06,264690.0,0.0218977415633444,0.0,0.0155883734468673,0.0,0.0001259921699381,1.0,1.0,1.0,0.0053590988243679,1.0,1.0,1.0,0.0,0.056592779909773,1.0,0.0,0.0,0.0002327687703764,1.0,0.0,0.0,0.0001043311198282,1.0,0.0,1.0,0.0058416753806276,1.0,0.0,1.0,0.0001062949806137,1.0,0.0,1.0,1.8417986169223385e-11,1.0,1.0,1.0,1.0,1.1933876644546256e-05,0.0,0.0218026205279849,1.0,0.0,1.0,2.946557528706416e-05,1.0,1.0,1.0,0.3758079408101753,1.0960945931921459e-09,1.0,0.0,1.0,0.0004861289648462,1.0,0.0,1.0,1.0948597895337697e-06,1.0,0.0,0.0,2.0223308065732747e-05,1.0,1.0,1.0,0.0044745892335304,1.0,0.0,0.0,1.3617110043198443e-19,1.0,0.0816836833178356,1.0,1.0,4.532364150456779e-06,0.0,6.328207755025771e-05,1.0,1.0,1.0,0.0017323468815214,1.0,0.0,1.0,1.0,3.6523445468224886e-08,1.0,1.0,0.0,0.008635930316301,1.0,0.0,0.0,0.0055747070147072,1.0,1.0,0.0,1.0841857494978475e-11,1.0,0.0,1.0,3.059986746282957e-05,1.0,1.0,0.0,6.487867574038131e-07,1.0,0.0,0.0,0.0,0.0056040804390911,0.0,1.2269506871725621e-17,1.0,0.0,0.0,0.0001101724698642,1.0,0.0,0.0,0.0004523764147218,1.0,1.0,1.0,0.0,0.0645680850136274,1.0,1.0,0.0,8.676187165113489e-05,1.0,0.0,1.0,0.0064830074264083,1.0,1.0,0.0,7.643925001680337e-06,1.0,1.0,1.0,0.0688464266762074,1.0,1.0,0.0,0.0012278464080333,1.0,1.0,0.0,0.9308089029587364,0.9546538861335764,0.9931657007350316,10.003,0.7232389541168358,7.778360777917396,42.0,906.9146650923101,264690.0,0.0,15489.784674895945,2.0,3.5215257760177203,10.003,0.7232389541168358,3.5952186422343577,46.0,0.13105413105413105
0.0046206153832621995,0.0229319494175801,0.00249919528398355,0.0009000000000739001,0.01328297730217525,0.00090001692366525,0.00026591101633890004,0.0002631454984931,0.00033392818126865,7.331502967708598e-05,8.548576025260417e-05,0.00029105821481259996,0.00024735873938155,0.0003512855291243,5.676888778292314e-05,0.0010449507369871,0.0005064409604892,0.0008358654805588999,0.00052051110905175,7.070207127557905e-05,9.091415319703556e-05,0.00020577500363135,0.0002983642629857,0.0002617540288247,0.0001651503821096,0.0015179245030616,0.0,0.00432719450097685,1.0,0.00102942819663545,0.6241283467800682,0.00293174722496145,1.0,5.994997453585036e-05,0.0,0.0044740343684259495,0.6132639808286222,0.0006796020422633,0.0,0.0012897750835987,1.0,0.0,0.0003065334790999,1.0,0.6126775856375599,0.0006118439679484,1.0,0.0,0.0001140642768167,1.0,0.0,4.5231767314469614e-05,1.0,0.0,0.000300342941749,1.0,1.0,0.0001730103806228,1.0,0.838949246584827,0.0001192267539485,1.0,1.0,0.0004563540475816,1.0,0.8297127294672082,0.0001009267887653,1.0,1.0,0.0002591730470281,1.0,1.0,0.0003414804871966,1.0,0.0,0.00053096647900015,1.0,1.0,0.00037577784272454996,1.0,0.0,0.000377107236627,1.0,1.0,0.0004090530981813,1.0,1.0,9.332191302040747e-05,1.0,0.01924737487351285,0.0001851516122612,1.0,0.0,0.00036563886477915,1.0,0.0,0.00031034097430555,1.0,5.548872372384423,5.71633092212728,3.821045422006969,1.0,0.00094622228737275,1.0,0.0,0.00030161454166555,1.0,0.8684375368822927,0.00046449533842345,1.0,1.0,9.732505181296526e-05,1.0,0.0,0.0008223474541493,1.0,0.0,0.00042056105139965,1.0,1.0,6.357671017481105e-05,1.0,0.0,8.95186300711204e-05,1.0,0.0,6.86473451718226e-05,1.0,1.0,0.00012451700193175,1.0,0.7370038800720702,0.00041356743116115,1.0,1.0,0.00010771609799514197,1.0,1.0,0.00043539315559245,1.0,1.0,0.00010716288376599581,1.0,0.3544612469420235,0.00013930251401575,1.0,1.0,0.00020470352168515,1.0,1.0,0.00010241458773015292,1.0,1.0,0.00012846642023805002,1.0,1.0,0.0001173863472579,1.0,1.0,0.0003941170459816,1.0,1.0,0.00059357941590055,1.0,0.0,0.0005032711660119501,1.0,0.5,9.801045077654701e-05,1.0,0.0,8.520010267173671e-05,1.0,0.0,0.00018718664858345002,1.0,1.0,0.00015282011881505,1.0,0.5,0.00011340784905625,1.0,0.5,0.000914125365021,1.0,1.0,0.0002244141612071,264690.0,0.00045046316566120005,1.0,0.0001402200700634,0.0,0.0001288436060751,1.0,0.0,1.0,0.0002685248700077,1.0,1.0,1.0,0.0,0.0001476638702497,1.0,0.0,0.0,0.0001011006002661,1.0,0.2446546621430612,1.0,0.0001636726109917,1.0,1.0,1.0,0.0003639966311122,1.0,1.0,1.0,0.00216656541831115,1.0,0.0,0.0,6.023112407805567e-05,1.0,1.0,1.0,1.0,0.0001495623858082,0.0,0.0005471915173509,1.0,0.0,0.0,0.0002409110326885,1.0,1.0,1.0,1.0,0.0004966842211455,1.0,0.0,0.0,0.0004354336168333,1.0,0.0,1.0,0.0003353753618639,1.0,0.0,0.0,0.0001813389352387,1.0,0.0,0.5,0.0008732233762285999,1.0,0.0,1.0,0.0002798930458159,1.0,1.0,0.0,1.0,0.0003246990188076,0.0,0.0001111546724558,1.0,0.0,1.0,8.588548816066386e-05,1.0,0.0,1.0,1.0,0.0001448811360149,1.0,0.0,0.0,0.0001357907762031,1.0,0.0,0.0,0.0003097107657766,1.0,0.0,1.0,0.000101745555167,1.0,1.0,1.0,0.0011244437390187999,1.0,1.0,1.0,0.0013851914448922,1.0,1.0,1.0,0.0,0.0001414197958603,1.0,0.0001351548410148,1.0,0.0,0.3434818868518289,2.677257949943856e-05,1.0,0.0,1.0,0.0001031275165441,1.0,0.0,1.0,0.0,6.54203620841598e-05,1.0,0.0065833504607211,0.0,9.717193159536516e-05,1.0,0.943826511804068,1.0,0.0003676609132862,1.0,0.0,1.0,0.0003798138096054,1.0,0.0,1.0,0.0010352132095212,1.0,0.0,1.0,8.55149140169148e-05,1.0,1.0,0.0,0.9997467303468072,0.9719085999683316,0.9366596926068916,8.453912795838225,0.7215561919574223,11.061501976684276,334.0,0.0,0.0,0.0,0.0,1.0,4.301311160239207,11.061501976684276,0.7215561919574223,4.011122827267026,338.0,0.9629629629629629
0.0046206153832621995,0.0229319494175801,0.00249919528398355,0.0009000000000739001,0.01328297730217525,0.00090001692366525,0.00026591101633890004,0.0002631454984931,0.00033392818126865,7.331502967708598e-05,8.548576025260417e-05,0.00029105821481259996,0.00024735873938155,0.0003512855291243,5.676888778292314e-05,0.0010449507369871,0.0005064409604892,0.0008358654805588999,0.00052051110905175,7.070207127557905e-05,9.091415319703556e-05,0.00020577500363135,0.0002983642629857,0.0002617540288247,0.0001651503821096,0.0015179245030616,0.0,0.00432719450097685,1.0,0.00102942819663545,0.6241283467800682,0.00293174722496145,1.0,5.994997453585036e-05,0.0,0.0044740343684259495,0.6132639808286222,0.0006796020422633,0.0,0.0012897750835987,1.0,0.0,0.0003065334790999,1.0,0.6126775856375599,0.0006118439679484,1.0,0.0,0.0001140642768167,1.0,0.0,4.5231767314469614e-05,1.0,0.0,0.000300342941749,1.0,1.0,0.0001730103806228,1.0,0.838949246584827,0.0001192267539485,1.0,1.0,0.0004563540475816,1.0,0.8297127294672082,0.0001009267887653,1.0,1.0,0.0002591730470281,1.0,1.0,0.0003414804871966,1.0,0.0,0.00053096647900015,1.0,1.0,0.00037577784272454996,1.0,0.0,0.000377107236627,1.0,1.0,0.0004090530981813,1.0,1.0,9.332191302040747e-05,1.0,0.01924737487351285,0.0001851516122612,1.0,0.0,0.00036563886477915,1.0,0.0,0.00031034097430555,1.0,4.658549417207302,4.195586790257225,2.8607917637094538,0.0,3.493052338406058e-06,1.0,0.0,5.55825995293007e-07,1.0,1.0,4.020405891013234e-05,1.0,0.0,0.001067508998092,1.0,0.0,1.869273025869716e-05,1.0,0.0,8.702555552851941e-05,1.0,1.0,2.902871673966043e-11,1.0,1.0,7.136100153723753e-07,1.0,1.0,2.718636445196159e-06,1.0,0.0,0.0497939879344772,1.0,0.0,2.592363749810328e-05,1.0,0.0,0.0742157264117449,1.0,1.0,3.3772849774770254e-19,1.0,1.0,0.003535170124229,1.0,0.708922493884047,2.740296234320021e-07,1.0,1.0,0.0042731125261093,1.0,1.0,9.03748349994874e-17,1.0,1.0,1.2162407989838764e-11,1.0,1.0,0.0004968373469363,1.0,0.0,0.0008902992045723,1.0,1.0,0.0040673484923391,1.0,1.0,7.3663947551320904e-09,1.0,1.0,1.2498672827684597e-08,1.0,1.0,0.0080327408274276,1.0,1.0,3.705774289267343e-09,1.0,0.0,1.2895331975563095e-10,1.0,0.0,9.000536128582948e-09,1.0,0.0,9.143742080282832e-11,1.0,1.0,0.0002244141612071,264690.0,2.5874664549560764e-06,1.0,0.0001402200700634,0.0,0.0001288436060751,1.0,0.0,1.0,0.0002685248700077,1.0,1.0,1.0,0.0,0.0001476638702497,1.0,0.0,0.0,0.0001011006002661,1.0,0.2446546621430612,1.0,0.0001636726109917,1.0,1.0,1.0,0.0003639966311122,1.0,1.0,1.0,0.00216656541831115,1.0,0.0,0.0,6.023112407805567e-05,1.0,1.0,1.0,1.0,0.0001495623858082,0.0,0.0005471915173509,1.0,0.0,0.0,0.0002409110326885,1.0,1.0,1.0,1.0,0.0004966842211455,1.0,0.0,0.0,0.0004354336168333,1.0,0.0,1.0,0.0003353753618639,1.0,0.0,0.0,0.0001813389352387,1.0,0.0,0.5,0.0008732233762285999,1.0,0.0,1.0,0.0002798930458159,1.0,1.0,0.0,1.0,0.0003246990188076,0.0,0.0001111546724558,1.0,0.0,1.0,8.588548816066386e-05,1.0,0.0,1.0,1.0,0.0001448811360149,1.0,0.0,0.0,0.0001357907762031,1.0,0.0,0.0,0.0003097107657766,1.0,0.0,1.0,0.000101745555167,1.0,1.0,1.0,0.0011244437390187999,1.0,1.0,1.0,0.0013851914448922,1.0,1.0,1.0,0.0,1.2871678597704124e-05,1.0,0.02558874082519,1.0,0.0,0.0,1.062315415407682e-12,1.0,1.0,0.0,0.0200169808626379,1.0,0.0,1.0,1.0,3.215026368163701e-07,1.0,0.0,1.0,5.2877247448828313e-11,1.0,0.0,1.0,0.0004171765137535,1.0,1.0,1.0,0.0479356438520544,1.0,1.0,1.0,7.627843360658617e-07,1.0,0.0,0.9735057996238272,1.1762437407890062e-12,1.0,1.0,0.0,0.977786760832782,0.3641210546029772,1.0,2.506404779244732,0.6157876389393248,1.99829346385456,209.0,0.5193836459590723,1.0,0.0,0.49791353437162694,0.0,2.130813518738706,4.658549417207302,0.3641210546029772,1.5559945224491805,212.0,0.603988603988604
0.0046206153832621995,0.0229319494175801,0.00249919528398355,0.0009000000000739001,0.01328297730217525,0.00090001692366525,0.00026591101633890004,0.0002631454984931,0.00033392818126865,7.331502967708598e-05,8.548576025260417e-05,0.00029105821481259996,0.00024735873938155,0.0003512855291243,5.676888778292314e-05,0.0010449507369871,0.0005064409604892,0.0008358654805588999,0.00052051110905175,7.070207127557905e-05,9.091415319703556e-05,0.00020577500363135,0.0002983642629857,0.0002617540288247,0.0001651503821096,0.0015179245030616,0.0,0.00432719450097685,1.0,0.00102942819663545,0.6241283467800682,0.00293174722496145,1.0,5.994997453585036e-05,0.0,0.0044740343684259495,0.6132639808286222,0.0006796020422633,0.0,0.008810319140148,1.0,1.0,0.0057190668004293,1.0,1.0,0.0591138004671106,1.0,0.0,0.0215361620331837,1.0,1.0,7.301947371816257e-07,1.0,0.0,7.613837153382618e-08,1.0,1.0,1.220275223046956e-06,1.0,0.0,1.1285694818368659e-11,1.0,1.0,1.4204043104932736e-05,1.0,0.0,1.2259112860891936e-11,1.0,0.0,9.13167733768947e-05,1.0,0.0,3.192906862238524e-08,1.0,0.0,0.00053096647900015,1.0,1.0,0.00037577784272454996,1.0,0.0,0.000377107236627,1.0,1.0,0.0004090530981813,1.0,1.0,9.332191302040747e-05,1.0,0.01924737487351285,0.0001851516122612,1.0,0.0,0.00036563886477915,1.0,0.0,0.00031034097430555,1.0,5.762667825435131,6.02914700154868,5.47038512157714,1.0,0.00094622228737275,1.0,0.0,0.00030161454166555,1.0,0.8684375368822927,0.00046449533842345,1.0,1.0,9.732505181296526e-05,1.0,0.0,0.0008223474541493,1.0,0.0,0.00042056105139965,1.0,1.0,6.357671017481105e-05,1.0,0.0,8.95186300711204e-05,1.0,0.0,6.86473451718226e-05,1.0,1.0,0.00012451700193175,1.0,0.7370038800720702,0.00041356743116115,1.0,1.0,0.00010771609799514197,1.0,1.0,0.00043539315559245,1.0,1.0,0.00010716288376599581,1.0,0.3544612469420235,0.00013930251401575,1.0,1.0,0.00020470352168515,1.0,1.0,0.00010241458773015292,1.0,1.0,0.00012846642023805002,1.0,1.0,0.0001173863472579,1.0,1.0,0.0003941170459816,1.0,1.0,0.00059357941590055,1.0,0.0,0.0005032711660119501,1.0,0.5,9.801045077654701e-05,1.0,0.0,8.520010267173671e-05,1.0,0.0,0.00018718664858345002,1.0,1.0,0.00015282011881505,1.0,0.5,0.00011340784905625,1.0,0.5,0.000914125365021,1.0,1.0,0.0002244141612071,264690.0,0.000291234562066,1.0,0.0001402200700634,0.0,0.0001288436060751,1.0,0.0,1.0,0.0002685248700077,1.0,1.0,1.0,0.0,0.0001476638702497,1.0,0.0,0.0,0.0001011006002661,1.0,0.2446546621430612,1.0,0.0001636726109917,1.0,1.0,1.0,0.0003639966311122,1.0,1.0,1.0,0.00216656541831115,1.0,0.0,0.0,6.023112407805567e-05,1.0,1.0,1.0,1.0,0.0001495623858082,0.0,0.0005471915173509,1.0,0.0,0.0,0.0002409110326885,1.0,1.0,1.0,1.0,0.0004966842211455,1.0,0.0,0.0,0.0004354336168333,1.0,0.0,1.0,0.0003353753618639,1.0,0.0,0.0,0.0001813389352387,1.0,0.0,0.5,0.0008732233762285999,1.0,0.0,1.0,0.0002798930458159,1.0,1.0,0.0,1.0,0.0003246990188076,0.0,0.0001111546724558,1.0,0.0,1.0,8.588548816066386e-05,1.0,0.0,1.0,1.0,0.0001448811360149,1.0,0.0,0.0,0.0001357907762031,1.0,0.0,0.0,0.0003097107657766,1.0,0.0,1.0,0.000101745555167,1.0,1.0,1.0,0.0011244437390187999,1.0,1.0,1.0,0.0013851914448922,1.0,1.0,1.0,0.0,0.0001414197958603,1.0,0.0001351548410148,1.0,0.0,0.3434818868518289,2.677257949943856e-05,1.0,0.0,1.0,0.0001031275165441,1.0,0.0,1.0,0.0,6.54203620841598e-05,1.0,0.0065833504607211,0.0,9.717193159536516e-05,1.0,0.943826511804068,1.0,0.0003676609132862,1.0,0.0,1.0,0.0003798138096054,1.0,0.0,1.0,0.0010352132095212,1.0,0.0,1.0,8.55149140169148e-05,1.0,1.0,0.0,1.0,0.9931846940304468,1.0,5.952285766733052,0.6517693141066274,11.348994938260171,297.0,0.4620426530373072,1.0,0.0,0.5029132458082064,0.0,4.245381629076806,11.348994938260171,0.6517693141066274,3.621382537360749,300.0,0.8547008547008547
0.0046206153832621995,0.0229319494175801,0.00249919528398355,0.0009000000000739001,0.01328297730217525,0.00090001692366525,0.00026591101633890004,0.0002631454984931,0.00033392818126865,7.331502967708598e-05,8.548576025260417e-05,0.00029105821481259996,0.00024735873938155,0.0003512855291243,5.676888778292314e-05,0.0010449507369871,0.0005064409604892,0.0008358654805588999,0.00052051110905175,7.070207127557905e-05,9.091415319703556e-05,0.00020577500363135,0.0002983642629857,0.0002617540288247,0.0001651503821096,0.0015179245030616,0.0,0.00432719450097685,1.0,0.00102942819663545,0.6241283467800682,0.00293174722496145,1.0,5.994997453585036e-05,0.0,0.0044740343684259495,0.6132639808286222,0.0006796020422633,0.0,0.0012897750835987,1.0,0.0,0.0003065334790999,1.0,0.6126775856375599,0.0006118439679484,1.0,0.0,0.0001140642768167,1.0,0.0,4.5231767314469614e-05,1.0,0.0,0.000300342941749,1.0,1.0,0.0001730103806228,1.0,0.838949246584827,0.0001192267539485,1.0,1.0,0.0004563540475816,1.0,0.8297127294672082,0.0001009267887653,1.0,1.0,0.0002591730470281,1.0,1.0,0.0003414804871966,1.0,0.0,0.00053096647900015,1.0,1.0,0.00037577784272454996,1.0,0.0,0.000377107236627,1.0,1.0,0.0004090530981813,1.0,1.0,9.332191302040747e-05,1.0,0.01924737487351285,0.0001851516122612,1.0,0.0,0.00036563886477915,1.0,0.0,0.00031034097430555,1.0,5.695086545128831,5.405475858770829,3.847335712505185,1.0,1.8051882938105472e-05,1.0,1.0,0.0240270910708637,1.0,1.0,0.0246733623797859,1.0,1.0,0.0513214020864538,1.0,0.0,0.012071578586532,1.0,1.0,0.0004100498025196,1.0,1.0,0.0005533498818873,1.0,0.0,1.389276598002626e-06,1.0,0.0,4.439872089601967e-05,1.0,0.0,5.47955213589419e-05,1.0,0.0,0.0216312122262131,1.0,1.0,4.706547894748577e-07,1.0,1.0,6.440612395333131e-09,1.0,0.0,0.0243352470550616,1.0,0.0,1.1259588285332974e-05,1.0,1.0,2.2428042977823694e-06,1.0,0.0,0.0006313647103362,1.0,0.0,2.8420313722519384e-05,1.0,1.0,0.0004720548245053,1.0,1.0,2.1206407631290004e-06,1.0,1.0,4.182855632989147e-06,1.0,0.0,0.007825437352163,1.0,0.0,0.006254370948613,1.0,1.0,1.8528515550630229e-07,1.0,1.0,0.08975505388316624,1.0,0.0,0.0004294488139922,1.0,0.0,0.0001027731308515,1.0,1.0,0.0027965319108469,1.0,1.0,0.0002244141612071,264690.0,0.0105884805044865,1.0,0.0001402200700634,0.0,0.0001288436060751,1.0,0.0,1.0,0.0002685248700077,1.0,1.0,1.0,0.0,0.0001476638702497,1.0,0.0,0.0,0.0001011006002661,1.0,0.2446546621430612,1.0,0.0001636726109917,1.0,1.0,1.0,0.0003639966311122,1.0,1.0,1.0,0.00216656541831115,1.0,0.0,0.0,6.023112407805567e-05,1.0,1.0,1.0,1.0,0.0001495623858082,0.0,0.0005471915173509,1.0,0.0,0.0,0.0002409110326885,1.0,1.0,1.0,1.0,0.0004966842211455,1.0,0.0,0.0,0.0004354336168333,1.0,0.0,1.0,0.0003353753618639,1.0,0.0,0.0,0.0001813389352387,1.0,0.0,0.5,0.0008732233762285999,1.0,0.0,1.0,0.0002798930458159,1.0,1.0,0.0,1.0,0.0003246990188076,0.0,0.0001111546724558,1.0,0.0,1.0,8.588548816066386e-05,1.0,0.0,1.0,1.0,0.0001448811360149,1.0,0.0,0.0,0.0001357907762031,1.0,0.0,0.0,0.0003097107657766,1.0,0.0,1.0,0.000101745555167,1.0,1.0,1.0,0.0011244437390187999,1.0,1.0,1.0,0.0013851914448922,1.0,1.0,1.0,0.0,1.1598591177196135e-06,1.0,8.985885992437328e-09,1.0,0.0,1.0,1.9236967585204278e-17,1.0,0.0,1.0,0.0007187463739944,1.0,0.0,1.0,0.0,2.5618353839365497e-05,1.0,1.0,0.0,2.1800673159945173e-05,1.0,1.0,1.0,2.371544528662689e-13,1.0,0.0,0.0,7.473800651695493e-05,1.0,0.0,0.0,1.525515667369096e-06,1.0,0.0,1.0,3.7028451879907935e-05,1.0,1.0,1.0,0.9496953132044568,0.3598865363742529,0.9997378511595852,10.003,0.6944753297052962,11.934,209.0,0.49824134898039335,1.0,0.0,0.49986266730900863,0.0,4.432077016316493,11.934,0.3598865363742529,4.252337419812893,212.0,0.603988603988604
0.0046206153832621995,0.0229319494175801,0.00249919528398355,0.0009000000000739001,0.01328297730217525,0.00090001692366525,0.00026591101633890004,0.0002631454984931,0.00033392818126865,7.331502967708598e-05,8.548576025260417e-05,0.00029105821481259996,0.00024735873938155,0.0003512855291243,5.676888778292314e-05,0.0010449507369871,0.0005064409604892,0.0008358654805588999,0.00052051110905175,7.070207127557905e-05,9.091415319703556e-05,0.00020577500363135,0.0002983642629857,0.0002617540288247,0.0001651503821096,0.0015179245030616,0.0,0.00432719450097685,1.0,0.00102942819663545,0.6241283467800682,0.00293174722496145,1.0,5.994997453585036e-05,0.0,0.0044740343684259495,0.6132639808286222,0.0006796020422633,0.0,0.004768857854953,1.0,0.0,0.0058676678920677,1.0,1.0,1.3799236956152688e-07,1.0,0.0,0.0037919347702902,1.0,1.0,0.0516346459927077,1.0,0.0,2.049855000807492e-07,1.0,0.0,0.0107491149681463,1.0,1.0,0.0004318439223389,1.0,0.0,1.294822574843461e-07,1.0,1.0,0.0124645730844548,1.0,0.0,1.7745586608381337e-06,1.0,1.0,3.3224584463827175e-05,1.0,0.0,0.00053096647900015,1.0,1.0,0.00037577784272454996,1.0,0.0,0.000377107236627,1.0,1.0,0.0004090530981813,1.0,1.0,9.332191302040747e-05,1.0,0.01924737487351285,0.0001851516122612,1.0,0.0,0.00036563886477915,1.0,0.0,0.00031034097430555,1.0,5.20094421174492,5.677225966845214,3.821045422006969,1.0,0.00094622228737275,1.0,0.0,0.00030161454166555,1.0,0.8684375368822927,0.00046449533842345,1.0,1.0,9.732505181296526e-05,1.0,0.0,0.0008223474541493,1.0,0.0,0.00042056105139965,1.0,1.0,6.357671017481105e-05,1.0,0.0,8.95186300711204e-05,1.0,0.0,6.86473451718226e-05,1.0,1.0,0.00012451700193175,1.0,0.7370038800720702,0.00041356743116115,1.0,1.0,0.00010771609799514197,1.0,1.0,0.00043539315559245,1.0,1.0,0.00010716288376599581,1.0,0.3544612469420235,0.00013930251401575,1.0,1.0,0.00020470352168515,1.0,1.0,0.00010241458773015292,1.0,1.0,0.00012846642023805002,1.0,1.0,0.0001173863472579,1.0,1.0,0.0003941170459816,1.0,1.0,0.00059357941590055,1.0,0.0,0.0005032711660119501,1.0,0.5,9.801045077654701e-05,1.0,0.0,8.520010267173671e-05,1.0,0.0,0.00018718664858345002,1.0,1.0,0.00015282011881505,1.0,0.5,0.00011340784905625,1.0,0.5,0.000914125365021,1.0,1.0,0.0002244141612071,264690.0,1.3951412335874805e-14,1.0,0.0001402200700634,0.0,0.0001288436060751,1.0,0.0,1.0,0.0002685248700077,1.0,1.0,1.0,0.0,0.0001476638702497,1.0,0.0,0.0,0.0001011006002661,1.0,0.2446546621430612,1.0,0.0001636726109917,1.0,1.0,1.0,0.0003639966311122,1.0,1.0,1.0,0.00216656541831115,1.0,0.0,0.0,6.023112407805567e-05,1.0,1.0,1.0,1.0,0.0001495623858082,0.0,0.0005471915173509,1.0,0.0,0.0,0.0002409110326885,1.0,1.0,1.0,1.0,0.0004966842211455,1.0,0.0,0.0,0.0004354336168333,1.0,0.0,1.0,0.0003353753618639,1.0,0.0,0.0,0.0001813389352387,1.0,0.0,0.5,0.0008732233762285999,1.0,0.0,1.0,0.0002798930458159,1.0,1.0,0.0,1.0,0.0003246990188076,0.0,0.0001111546724558,1.0,0.0,1.0,8.588548816066386e-05,1.0,0.0,1.0,1.0,0.0001448811360149,1.0,0.0,0.0,0.0001357907762031,1.0,0.0,0.0,0.0003097107657766,1.0,0.0,1.0,0.000101745555167,1.0,1.0,1.0,0.0011244437390187999,1.0,1.0,1.0,0.0013851914448922,1.0,1.0,1.0,0.0,0.0001414197958603,1.0,0.0001351548410148,1.0,0.0,0.3434818868518289,2.677257949943856e-05,1.0,0.0,1.0,0.0001031275165441,1.0,0.0,1.0,0.0,6.54203620841598e-05,1.0,0.0065833504607211,0.0,9.717193159536516e-05,1.0,0.943826511804068,1.0,0.0003676609132862,1.0,0.0,1.0,0.0003798138096054,1.0,0.0,1.0,0.0010352132095212,1.0,0.0,1.0,8.55149140169148e-05,1.0,1.0,0.0,0.9377599038389828,1.0,1.0,7.199785753443437,0.6595391076429816,7.039512383877163,297.0,0.46188497594833017,1.0,0.0,0.5030328224426883,1.0,3.589345915924087,7.199785753443437,0.6595391076429816,2.9500488496929473,301.0,0.8575498575498576
0.00027850324857168904,4.866821896587192e-10,0.0012600005874431,0.001883146717499,1.3261192414803487e-13,0.0036162053551272,0.00026591101633890004,0.0002631454984931,0.00033392818126865,7.331502967708598e-05,8.548576025260417e-05,0.00029105821481259996,0.00024735873938155,0.0003512855291243,5.676888778292314e-05,5.910442334326146e-06,1.797174352576871e-15,1.5593988738948694e-07,0.0403883348794472,0.0026543286469225,0.003838431242086,0.0272673139763771,1.3414403816832991e-11,1.1985191733547362e-17,3.360477051511905e-08,0.0015596657917486,0.0,0.00432719450097685,1.0,0.00102942819663545,0.6241283467800682,0.00293174722496145,1.0,5.994997453585036e-05,0.0,0.0044740343684259495,0.6132639808286222,0.0006796020422633,0.0,0.0012897750835987,1.0,0.0,0.0003065334790999,1.0,0.6126775856375599,0.0006118439679484,1.0,0.0,0.0001140642768167,1.0,0.0,4.5231767314469614e-05,1.0,0.0,0.000300342941749,1.0,1.0,0.0001730103806228,1.0,0.838949246584827,0.0001192267539485,1.0,1.0,0.0004563540475816,1.0,0.8297127294672082,0.0001009267887653,1.0,1.0,0.0002591730470281,1.0,1.0,0.0003414804871966,1.0,0.0,0.00053096647900015,1.0,1.0,0.00037577784272454996,1.0,0.0,0.000377107236627,1.0,1.0,0.0004090530981813,1.0,1.0,9.332191302040747e-05,1.0,0.01924737487351285,0.0001851516122612,1.0,0.0,0.00036563886477915,1.0,0.0,0.00031034097430555,1.0,5.35435141844272,5.181640615338484,3.821045422006969,1.0,0.00094622228737275,1.0,0.0,0.00030161454166555,1.0,0.8684375368822927,0.00046449533842345,1.0,1.0,9.732505181296526e-05,1.0,0.0,0.0008223474541493,1.0,0.0,0.00042056105139965,1.0,1.0,6.357671017481105e-05,1.0,0.0,8.95186300711204e-05,1.0,0.0,6.86473451718226e-05,1.0,1.0,0.00012451700193175,1.0,0.7370038800720702,0.00041356743116115,1.0,1.0,0.00010771609799514197,1.0,1.0,0.00043539315559245,1.0,1.0,0.00010716288376599581,1.0,0.3544612469420235,0.00013930251401575,1.0,1.0,0.00020470352168515,1.0,1.0,0.00010241458773015292,1.0,1.0,0.00012846642023805002,1.0,1.0,0.0001173863472579,1.0,1.0,0.0003941170459816,1.0,1.0,0.00059357941590055,1.0,0.0,0.0005032711660119501,1.0,0.5,9.801045077654701e-05,1.0,0.0,8.520010267173671e-05,1.0,0.0,0.00018718664858345002,1.0,1.0,0.00015282011881505,1.0,0.5,0.00011340784905625,1.0,0.5,0.000914125365021,1.0,1.0,0.0002244141612071,264690.0,0.00045046316566120005,1.0,0.0001402200700634,0.0,0.0001288436060751,1.0,0.0,1.0,0.0002685248700077,1.0,1.0,1.0,0.0,0.0001476638702497,1.0,0.0,0.0,0.0001011006002661,1.0,0.2446546621430612,1.0,0.0001636726109917,1.0,1.0,1.0,0.0003639966311122,1.0,1.0,1.0,0.00216656541831115,1.0,0.0,0.0,6.023112407805567e-05,1.0,1.0,1.0,1.0,0.0001495623858082,0.0,0.0005471915173509,1.0,0.0,0.0,0.0002409110326885,1.0,1.0,1.0,1.0,0.0004966842211455,1.0,0.0,0.0,0.0004354336168333,1.0,0.0,1.0,0.0003353753618639,1.0,0.0,0.0,0.0001813389352387,1.0,0.0,0.5,0.0008732233762285999,1.0,0.0,1.0,0.0002798930458159,1.0,1.0,0.0,1.0,0.0003246990188076,0.0,0.0001111546724558,1.0,0.0,1.0,8.588548816066386e-05,1.0,0.0,1.0,1.0,0.0001448811360149,1.0,0.0,0.0,0.0001357907762031,1.0,0.0,0.0,0.0003097107657766,1.0,0.0,1.0,0.000101745555167,1.0,1.0,1.0,0.0011244437390187999,1.0,1.0,1.0,0.0013851914448922,1.0,1.0,1.0,0.0,0.0001414197958603,1.0,0.0001351548410148,1.0,0.0,0.3434818868518289,2.677257949943856e-05,1.0,0.0,1.0,0.0001031275165441,1.0,0.0,1.0,0.0,6.54203620841598e-05,1.0,0.0065833504607211,0.0,9.717193159536516e-05,1.0,0.943826511804068,1.0,0.0003676609132862,1.0,0.0,1.0,0.0003798138096054,1.0,0.0,1.0,0.0010352132095212,1.0,0.0,1.0,8.55149140169148e-05,1.0,1.0,0.0,0.9907116879180674,0.9648709330357024,0.9931657007350316,7.091821317140311,0.6298482557224918,7.778360777917396,317.0,0.004867692373579672,0.0403883348794472,1.1985191733547362e-17,0.011220566961985331,9.0,0.0,0.0,0.0,0.0,333.0,0.9487179487179487
0.0046206153832621995,0.0229319494175801,0.00249919528398355,0.0009000000000739001,0.01328297730217525,0.00090001692366525,0.0094129586013059,0.0026327316113029,0.0001948001211693,2.881665515263946e-06,2.406819612717173e-05,0.0015252698934163,4.65353236526962e-12,4.789494019794749e-05,1.5875137266542182e-15,0.0016587082729866,0.0001086313878823,0.031244603037798,0.0003555822637541,5.855352822027925e-09,0.0003155180308442,0.0007798134362485,0.0013013129223397,1.332290203252752e-12,5.8409454797032417e-08,0.0001344669346841,0.0,0.00432719450097685,1.0,0.00102942819663545,0.6241283467800682,0.00293174722496145,1.0,5.994997453585036e-05,0.0,0.0044740343684259495,0.6132639808286222,0.0006796020422633,0.0,0.0002334038312029,1.0,0.0,0.0001215732004277,1.0,1.0,0.0030201342899291,1.0,0.0,3.9955936417992565e-05,1.0,0.0,0.0229288046859619,1.0,1.0,9.227128987916277e-13,1.0,1.0,0.0088967767243197,1.0,0.0,0.0157285139643611,1.0,1.0,4.705369953787885e-05,1.0,1.0,1.6196490160874672e-09,1.0,0.0,0.0236501246428141,0.0,1.0,0.0074680376796459,1.0,1.0,0.0006217339447901,1.0,0.0,4.950900000004925e-05,1.0,0.0,2.250900000000145e-05,1.0,1.0,0.000976124322659,0.0,0.0,4.070661788823506e-06,1.0,1.0,4.6512142844281975e-08,1.0,1.0,0.0002009907850224,1.0,0.0,0.0026075083928277,1.0,5.248376140238127,5.132475851185959,3.821045422006969,0.0,0.0005685905289273,1.0,0.0,0.01576182319729,1.0,0.0,0.0005108028312145,1.0,0.0,0.0003818157427745,1.0,0.0,2.8024344707719025e-05,1.0,0.0,0.002640782238529,1.0,1.0,0.0616865905820268,1.0,0.0,3.140016901734789e-06,1.0,0.0,0.0340066783343967,1.0,1.0,0.0002222483948004,1.0,1.0,0.02615712035344,1.0,1.0,6.112192583718943e-06,1.0,0.0,0.0001321200534842,1.0,0.0,3.2535000000073054e-05,1.0,0.0,9.4059475265145e-07,1.0,0.0,2.211308046695743e-05,1.0,1.0,3.792520331405957e-09,1.0,0.0,0.0327131493490203,1.0,1.0,0.0006389080244869,1.0,0.0,0.06105011287380323,1.0,1.0,8.231008625271531e-07,1.0,1.0,3.424020876953264e-06,1.0,0.0,1.3214128861035662e-05,1.0,0.0,5.350268360214495e-05,1.0,0.0,4.736330150519262e-05,1.0,0.0,0.0001591200024579,1.0,1.0,0.0001682834552508,1.0,1.0,0.0001353600008416,1.0,1.0,5.780347200595602e-05,264690.0,0.0059254013868406,1.0,3.290926996787755e-05,0.0,0.059884286209584,1.0,0.0,1.0,0.0027606081768729,1.0,1.0,1.0,0.0,0.00015524145955,1.0,0.0,0.0,0.06587377615036852,1.0,0.0,0.0,2.008034639729876e-05,1.0,0.0,1.0,0.015666830171693,1.0,0.0,1.0,0.0038323276469191,1.0,0.0,1.0,4.0096558712156263e-13,1.0,1.0,1.0,0.0,2.658980648838507e-05,1.0,0.0051111532890976,1.0,0.0,1.0,7.881011040872723e-05,1.0,0.0,1.0,1.0,0.0067416829609626,1.0,1.0,1.0,0.0001158768046104,1.0,1.0,0.0,3.989844480193555e-06,1.0,1.0,0.0,6.757376201749494e-06,1.0,0.0,1.0,0.0002691643191036,1.0,0.0,1.0,0.0020586885928817,1.0,1.0,1.0,1.0,0.0258939973920296,0.0,0.0002889365250975,1.0,0.0,1.0,8.845497e-05,1.0,0.0,1.0,1.0,3.3178645941339227e-12,1.0,0.0,0.0,5.404878359447926e-11,1.0,1.0,1.0,1.367447847487067e-06,1.0,0.0,1.0,0.0041058142808542,1.0,1.0,1.0,0.0003871335619229,1.0,0.0,1.0,3.1893250655828305e-06,1.0,0.0,1.0,1.0,0.0190236079806281,0.0,0.0001351548410148,1.0,0.0,0.0,0.0105458776202306,1.0,0.0,0.0,0.0001582148310488,1.0,1.0,1.0,0.0,1.1910678470774518e-05,1.0,0.0,1.0,0.0002103299595102,1.0,0.0,0.0,1.0751827085559686e-05,1.0,0.0,1.0,2.8556188418665857e-11,1.0,0.0,0.0,0.0001201824020135,1.0,1.0,0.0,6.251744626401285e-06,1.0,1.0,1.0,1.0,0.9622233655405262,1.0,3.2860916222373344,0.5484865124866924,7.258691133653719,18.0,838.0715340457355,264690.0,0.0,14889.95072308739,1.0,3.054543078167795,7.258691133653719,0.5484865124866924,2.562353815327369,20.0,0.05698005698005698
0.0046206153832621995,0.0229319494175801,0.00249919528398355,0.0009000000000739001,0.01328297730217525,0.00090001692366525,0.0872952176990629,3.65875271371961e-13,2.8024037455104157e-09,6.882717101675759e-06,4.2282045464889084e-10,4.0626503691074437e-16,0.00693850856931,0.0368911301868516,1.785993596796314e-07,0.0003436509130012,6.075936373434616e-06,0.0006377918931091,0.0005089019336278,5.94240294959482e-05,0.0128758452017819,6.826843708557646e-05,0.0127313257345467,2.658770901563645e-15,0.037576617951424,0.0386665558012179,0.0,0.00432719450097685,1.0,0.00102942819663545,0.6241283467800682,0.00293174722496145,1.0,5.994997453585036e-05,0.0,0.0044740343684259495,0.6132639808286222,0.0006796020422633,0.0,0.0163950237559491,1.0,1.0,0.0228451327229844,1.0,1.0,1.2832072341780854e-05,1.0,0.0,0.0066507495876916,1.0,0.0,0.0011851915597414,1.0,1.0,0.0070883426861456,1.0,0.0,0.0005763582913262,1.0,0.0,3.3919519627901355e-06,1.0,1.0,2.229869164404503e-07,1.0,0.0,7.15666039445361e-11,1.0,1.0,1.4749096206889184e-12,1.0,0.0,0.0005482277351309,1.0,1.0,2.5029461658139204e-05,1.0,0.0,3.1176000000135906e-05,1.0,1.0,9.509465815487224e-07,1.0,1.0,1.8186196904288327e-05,0.0,1.0,6.108786546311184e-05,1.0,0.0,9.665715646140313e-07,1.0,0.0,5.054095016958157e-05,1.0,0.0,0.0006153545060859,1.0,5.1699381333054415,5.159659110744149,3.416788924878925,1.0,6.556162060396876e-07,1.0,1.0,0.0053947518814496,1.0,1.0,0.0004573651601993,1.0,0.0,5.580131282107998e-07,1.0,1.0,0.0030831655212952,1.0,1.0,0.0006302599718254,1.0,0.0,6.731500974085807e-14,1.0,1.0,4.9369891675833486e-05,1.0,0.0,7.363234567749871e-07,1.0,0.0,0.0030539429927862,1.0,1.0,4.868785342139737e-05,1.0,1.0,0.0057474743078565,1.0,0.0,2.8858603944493927e-05,1.0,0.0,0.0364857440740609,1.0,0.0,0.0032695319901023,1.0,1.0,3.5226080521751455e-05,1.0,0.0,0.0698195308982817,1.0,0.0,0.0765227454158186,1.0,0.0,1.235703867406037e-07,1.0,1.0,0.000278517817527,1.0,0.0,0.001942481836327,1.0,0.0,0.0267899505721829,1.0,0.0,0.0004869067155968,1.0,1.0,3.0710374938502945e-08,1.0,1.0,0.0030048216415839,1.0,0.0,0.0082784638629728,1.0,1.0,0.0040748624969489,1.0,1.0,0.0521148613817138,1.0,1.0,0.0001417818042566,264690.0,0.0004244676782697,1.0,0.0001402200700634,0.0,0.0001288436060751,1.0,0.0,1.0,0.0002685248700077,1.0,1.0,1.0,0.0,0.0001476638702497,1.0,0.0,0.0,0.0001011006002661,1.0,0.2446546621430612,1.0,0.0001636726109917,1.0,1.0,1.0,0.0003639966311122,1.0,1.0,1.0,0.00216656541831115,1.0,0.0,0.0,6.023112407805567e-05,1.0,1.0,1.0,1.0,0.0001495623858082,0.0,0.0005471915173509,1.0,0.0,0.0,0.0002409110326885,1.0,1.0,1.0,1.0,0.0004966842211455,1.0,0.0,0.0,0.0004354336168333,1.0,0.0,1.0,0.0003353753618639,1.0,0.0,0.0,0.0001813389352387,1.0,0.0,0.5,0.0008732233762285999,1.0,0.0,1.0,0.0002798930458159,1.0,1.0,0.0,1.0,0.0003246990188076,0.0,0.0001111546724558,1.0,0.0,1.0,8.588548816066386e-05,1.0,0.0,1.0,1.0,0.0001448811360149,1.0,0.0,0.0,0.0001357907762031,1.0,0.0,0.0,0.0003097107657766,1.0,0.0,1.0,0.000101745555167,1.0,1.0,1.0,0.0011244437390187999,1.0,1.0,1.0,0.0013851914448922,1.0,1.0,1.0,0.0,0.0061053742002373,1.0,8.59156297220025e-07,1.0,0.0,0.0,4.38647428722222e-09,1.0,0.0,1.0,1.8822203434583883e-05,1.0,1.0,1.0,1.0,5.563520765376107e-10,1.0,0.0,1.0,1.0114308340356764e-05,1.0,0.0,0.0,0.0424617950281851,1.0,1.0,0.0,5.403006000000005e-05,1.0,0.0,1.0,7.38450981754943e-05,1.0,0.0,0.0,0.0013917672945457,1.0,0.0,0.0,0.9596411694536816,0.0847806543988037,0.9025205042366296,5.78714566427168,0.6025763879554799,7.778360777917396,126.0,1272.9742451809218,264690.0,0.0,18352.91968174396,1.0,2.760381318655599,5.78714566427168,0.0847806543988037,2.3803944523143277,128.0,0.3646723646723647
0.0046206153832621995,0.0229319494175801,0.00249919528398355,0.0009000000000739001,0.01328297730217525,0.00090001692366525,5.295600004112992e-05,0.0492429702670697,0.0001475846333265,0.0002254167360042,2.1060300440992494e-07,0.0010836180987888,6.239604944471593e-05,1.490415692720085e-05,0.0015394356949677,0.0019794594759203,0.0048090764746451,0.0002242955865286,1.2317495413340558e-07,9.381885254875725e-05,4.815974728556037e-09,0.0071389240757969,0.000267924365149,4.704507358290937e-11,0.0029446137849273,0.000342789811617,0.0,0.00432719450097685,1.0,0.00102942819663545,0.6241283467800682,0.00293174722496145,1.0,5.994997453585036e-05,0.0,0.0044740343684259495,0.6132639808286222,0.0006796020422633,0.0,9.27559360318422e-07,1.0,1.0,0.016641606478033,1.0,0.0,6.81088355831374e-05,1.0,0.0,1.2977980655655594e-08,1.0,0.0,0.0002588942809568,0.0,0.0,0.0666749223902261,1.0,1.0,1.7438936561136411e-06,1.0,1.0,4.890542013128791e-06,1.0,1.0,0.0001392462611678,1.0,1.0,1.3169358387438709e-08,1.0,0.0,0.0335397066851957,1.0,0.0,0.0230591043435538,1.0,1.0,1.8280042490260365e-13,1.0,0.0,0.0042737317380523,1.0,0.0,0.0016051619016032,1.0,1.0,0.0585629068373295,1.0,1.0,9.81e-05,1.0,0.0,0.0002277968055567,1.0,0.0,0.0035567604160168,1.0,1.0,4.641058174284335e-14,1.0,6.142851300699713,5.981192913899375,5.310708747931192,0.0,2.207162779008097e-06,1.0,1.0,0.0063518128364322,1.0,0.0,0.0091358175444075,1.0,1.0,0.0255238987425719,1.0,0.0,0.0004963991172335,1.0,0.0,0.0008319415349715,1.0,0.0,8.409421830598255e-07,1.0,0.0,4.349823599000487e-05,1.0,1.0,0.0072750416513067,1.0,0.0,0.0190376062945589,1.0,1.0,0.0002274922079183,1.0,0.0,0.08743057631855111,1.0,0.0,0.0001202981476847,1.0,1.0,0.0216106524330564,1.0,0.0,0.0032369194261782,1.0,0.0,3.3165842414287e-05,1.0,0.0,0.0100574401585899,1.0,0.0,8.402400000000001e-05,1.0,1.0,4.495007173618725e-09,1.0,1.0,0.0427077183033742,1.0,1.0,0.0060941854449379,1.0,1.0,2.1156930362527133e-08,1.0,0.0,0.027110219713984,1.0,1.0,1.5647301102355774e-06,1.0,0.0,0.0065025300259855,1.0,1.0,2.0247272906189097e-15,1.0,0.0,0.0088772472499743,1.0,0.0,0.000550898634945,1.0,0.0,7.140430025020244e-05,264690.0,0.0011614713561227,0.0,0.0048280188711482,1.0,4.161043971625363e-08,1.0,0.0,0.0,4.767949707396479e-05,1.0,1.0,1.0,0.0,5.56579399561642e-07,1.0,0.0,1.0,2.0036190200742026e-18,1.0,1.0,0.0,0.0707206813434095,1.0,0.3177268369274241,0.0,8.417511164497418e-05,1.0,0.0,0.0,0.0001317956600892,1.0,1.0,0.0,4.853645844811653e-08,1.0,0.0,1.0,0.0,0.0349701269890194,0.0,0.0004525239557541,1.0,1.0,0.0,3.960885606551915e-13,1.0,1.0,1.0,1.0,0.0717879275844021,1.0,1.0,0.0,0.0062867270065501,1.0,0.0,0.0,0.0448455324386115,1.0,0.0,0.0,9.655559374937078e-05,1.0,1.0,0.0,9.702507107922664e-05,1.0,0.0,1.0,1.891265283777523e-18,1.0,1.0,1.0,1.0,0.0187096352250316,0.0,8.88064713005328e-06,1.0,0.0,1.0,3.8785385910819954e-08,1.0,1.0,1.0,1.0,0.0067736274751584,1.0,1.0,0.0,2.301738688661667e-13,1.0,0.0,0.0,0.0001616072376486,1.0,1.0,1.0,0.000101745555167,1.0,1.0,1.0,0.000273145180553,1.0,1.0,0.0,8.561533514918752e-05,1.0,0.0,1.0,1.0,0.0171414165683464,1.0,5.506672884988441e-05,1.0,1.0,1.0,1.121484900282004e-05,1.0,1.0,0.0,0.0011753939026264,1.0,1.0,1.0,0.0,0.0851852656619325,1.0,1.0,0.0,0.0314928190602321,1.0,0.0,1.0,0.0001401401286024,1.0,0.0,0.0,7.322619125853243e-05,1.0,0.0,1.0,0.0319519998647994,1.0,0.0,0.0,1.883124162149975e-12,1.0,0.0,0.0,1.0,0.99565525361773,0.9591675076614132,4.161122415303489,0.6695757098394922,11.934,18.0,838.0674341191678,264690.0,0.0,14889.950954381417,0.0,4.1282526498836,11.934,0.6695757098394922,3.7320511750889183,19.0,0.05413105413105413
0.0046206153832621995,0.0229319494175801,0.00249919528398355,0.0009000000000739001,0.01328297730217525,0.00090001692366525,0.00026591101633890004,0.0002631454984931,0.00033392818126865,7.331502967708598e-05,8.548576025260417e-05,0.00029105821481259996,0.00024735873938155,0.0003512855291243,5.676888778292314e-05,0.0010449507369871,0.0005064409604892,0.0008358654805588999,0.00052051110905175,7.070207127557905e-05,9.091415319703556e-05,0.00020577500363135,0.0002983642629857,0.0002617540288247,0.0001651503821096,0.0015179245030616,0.0,0.00432719450097685,1.0,0.00102942819663545,0.6241283467800682,0.00293174722496145,1.0,5.994997453585036e-05,0.0,0.0044740343684259495,0.6132639808286222,0.0006796020422633,0.0,0.0012897750835987,1.0,0.0,0.0003065334790999,1.0,0.6126775856375599,0.0006118439679484,1.0,0.0,0.0001140642768167,1.0,0.0,4.5231767314469614e-05,1.0,0.0,0.000300342941749,1.0,1.0,0.0001730103806228,1.0,0.838949246584827,0.0001192267539485,1.0,1.0,0.0004563540475816,1.0,0.8297127294672082,0.0001009267887653,1.0,1.0,0.0002591730470281,1.0,1.0,0.0003414804871966,1.0,0.0,0.00053096647900015,1.0,1.0,0.00037577784272454996,1.0,0.0,0.000377107236627,1.0,1.0,0.0004090530981813,1.0,1.0,9.332191302040747e-05,1.0,0.01924737487351285,0.0001851516122612,1.0,0.0,0.00036563886477915,1.0,0.0,0.00031034097430555,1.0,6.066832630753765,6.17,5.838208983997753,1.0,0.00094622228737275,1.0,0.0,0.00030161454166555,1.0,0.8684375368822927,0.00046449533842345,1.0,1.0,9.732505181296526e-05,1.0,0.0,0.0008223474541493,1.0,0.0,0.00042056105139965,1.0,1.0,6.357671017481105e-05,1.0,0.0,8.95186300711204e-05,1.0,0.0,6.86473451718226e-05,1.0,1.0,0.00012451700193175,1.0,0.7370038800720702,0.00041356743116115,1.0,1.0,0.00010771609799514197,1.0,1.0,0.00043539315559245,1.0,1.0,0.00010716288376599581,1.0,0.3544612469420235,0.00013930251401575,1.0,1.0,0.00020470352168515,1.0,1.0,0.00010241458773015292,1.0,1.0,0.00012846642023805002,1.0,1.0,0.0001173863472579,1.0,1.0,0.0003941170459816,1.0,1.0,0.00059357941590055,1.0,0.0,0.0005032711660119501,1.0,0.5,9.801045077654701e-05,1.0,0.0,8.520010267173671e-05,1.0,0.0,0.00018718664858345002,1.0,1.0,0.00015282011881505,1.0,0.5,0.00011340784905625,1.0,0.5,0.000914125365021,1.0,1.0,0.0002244141612071,264690.0,0.00045046316566120005,1.0,0.0001402200700634,0.0,0.0001288436060751,1.0,0.0,1.0,0.0002685248700077,1.0,1.0,1.0,0.0,0.0001476638702497,1.0,0.0,0.0,0.0001011006002661,1.0,0.2446546621430612,1.0,0.0001636726109917,1.0,1.0,1.0,0.0003639966311122,1.0,1.0,1.0,0.00216656541831115,1.0,0.0,0.0,6.023112407805567e-05,1.0,1.0,1.0,1.0,0.0001495623858082,0.0,0.0005471915173509,1.0,0.0,0.0,0.0002409110326885,1.0,1.0,1.0,1.0,0.0004966842211455,1.0,0.0,0.0,0.0004354336168333,1.0,0.0,1.0,0.0003353753618639,1.0,0.0,0.0,0.0001813389352387,1.0,0.0,0.5,0.0008732233762285999,1.0,0.0,1.0,0.0002798930458159,1.0,1.0,0.0,1.0,0.0003246990188076,0.0,0.0001111546724558,1.0,0.0,1.0,8.588548816066386e-05,1.0,0.0,1.0,1.0,0.0001448811360149,1.0,0.0,0.0,0.0001357907762031,1.0,0.0,0.0,0.0003097107657766,1.0,0.0,1.0,0.000101745555167,1.0,1.0,1.0,0.0011244437390187999,1.0,1.0,1.0,0.0013851914448922,1.0,1.0,1.0,0.0,0.0001414197958603,1.0,0.0001351548410148,1.0,0.0,0.3434818868518289,2.677257949943856e-05,1.0,0.0,1.0,0.0001031275165441,1.0,0.0,1.0,0.0,6.54203620841598e-05,1.0,0.0065833504607211,0.0,9.717193159536516e-05,1.0,0.943826511804068,1.0,0.0003676609132862,1.0,0.0,1.0,0.0003798138096054,1.0,0.0,1.0,0.0010352132095212,1.0,0.0,1.0,8.55149140169148e-05,1.0,1.0,0.0,1.0,0.9265070163099018,1.0,4.958702676660608,0.6015318565736545,7.203558445525669,334.0,0.0,0.0,0.0,0.0,0.0,3.751704623313483,7.203558445525669,0.6015318565736545,2.7834936775672428,337.0,0.9601139601139601
0.0046206153832621995,0.0229319494175801,0.00249919528398355,0.0009000000000739001,0.01328297730217525,0.00090001692366525,0.0087735713298516,3.060024003959769e-08,0.0001088614875686,0.0174101656440511,4.567469093087122e-15,7.41802244722666e-06,2.173036813140513e-05,2.341858445110228e-21,1.9912560246897418e-10,0.0010449507369871,0.0005064409604892,0.0008358654805588999,0.00052051110905175,7.070207127557905e-05,9.091415319703556e-05,0.00020577500363135,0.0002983642629857,0.0002617540288247,0.0001651503821096,0.0199685128221473,0.0,0.00432719450097685,1.0,0.00102942819663545,0.6241283467800682,0.00293174722496145,1.0,5.994997453585036e-05,0.0,0.0044740343684259495,0.6132639808286222,0.0006796020422633,0.0,0.0012897750835987,1.0,0.0,0.0003065334790999,1.0,0.6126775856375599,0.0006118439679484,1.0,0.0,0.0001140642768167,1.0,0.0,4.5231767314469614e-05,1.0,0.0,0.000300342941749,1.0,1.0,0.0001730103806228,1.0,0.838949246584827,0.0001192267539485,1.0,1.0,0.0004563540475816,1.0,0.8297127294672082,0.0001009267887653,1.0,1.0,0.0002591730470281,1.0,1.0,0.0003414804871966,1.0,0.0,0.00053096647900015,1.0,1.0,0.00037577784272454996,1.0,0.0,0.000377107236627,1.0,1.0,0.0004090530981813,1.0,1.0,9.332191302040747e-05,1.0,0.01924737487351285,0.0001851516122612,1.0,0.0,0.00036563886477915,1.0,0.0,0.00031034097430555,1.0,6.098393293669074,5.768216355455046,3.1680885754250614,0.0,9.039248335616573e-09,1.0,0.0,0.0014117278392799,1.0,1.0,2.881371464630269e-08,1.0,0.0,3.931021547795417e-12,1.0,1.0,1.8971025022912207e-06,1.0,1.0,2.2777718000008667e-05,1.0,0.0,5.1844251506628205e-11,1.0,1.0,0.0082904410431453,1.0,0.0,0.0001279989953664,1.0,0.0,2.107257145628372e-05,1.0,1.0,0.0053406679512179,1.0,0.0,2.4351566831434e-06,1.0,1.0,0.000611904704492,1.0,1.0,0.0005845487791546,1.0,1.0,5.6800782800331624e-08,1.0,1.0,1.6958076135558548e-07,1.0,1.0,2.0132513127145752e-14,1.0,1.0,0.015192440579203,1.0,1.0,0.0819677444380554,1.0,1.0,1.187529057214206e-17,1.0,1.0,0.0181699099946563,1.0,1.0,0.0592374237240793,1.0,1.0,3.680087209076747e-16,1.0,0.0,0.0007472672267138,1.0,1.0,0.0002327167621476,1.0,1.0,7.744717279906565e-09,1.0,1.0,1.3182036316664304e-05,1.0,0.0,0.003312575115975,1.0,1.0,0.0002244141612071,264690.0,3.017820063535483e-05,1.0,0.0001402200700634,0.0,0.0001288436060751,1.0,0.0,1.0,0.0002685248700077,1.0,1.0,1.0,0.0,0.0001476638702497,1.0,0.0,0.0,0.0001011006002661,1.0,0.2446546621430612,1.0,0.0001636726109917,1.0,1.0,1.0,0.0003639966311122,1.0,1.0,1.0,0.00216656541831115,1.0,0.0,0.0,6.023112407805567e-05,1.0,1.0,1.0,1.0,0.0001495623858082,0.0,0.0005471915173509,1.0,0.0,0.0,0.0002409110326885,1.0,1.0,1.0,1.0,0.0004966842211455,1.0,0.0,0.0,0.0004354336168333,1.0,0.0,1.0,0.0003353753618639,1.0,0.0,0.0,0.0001813389352387,1.0,0.0,0.5,0.0008732233762285999,1.0,0.0,1.0,0.0002798930458159,1.0,1.0,0.0,1.0,0.0003246990188076,0.0,0.0001111546724558,1.0,0.0,1.0,8.588548816066386e-05,1.0,0.0,1.0,1.0,0.0001448811360149,1.0,0.0,0.0,0.0001357907762031,1.0,0.0,0.0,0.0003097107657766,1.0,0.0,1.0,0.000101745555167,1.0,1.0,1.0,0.0011244437390187999,1.0,1.0,1.0,0.0013851914448922,1.0,1.0,1.0,0.0,1.1155823335516818e-06,1.0,8.478597532990649e-05,1.0,0.0,1.0,1.5638073338738238e-11,1.0,0.0,1.0,0.007310661395174,1.0,1.0,1.0,0.0,2.9185141247603565e-29,1.0,0.0,1.0,0.0001335248147751,1.0,0.0,0.0,0.09697604152636351,1.0,1.0,0.0,7.446142480276059e-05,1.0,0.0,1.0,0.0027584929787788,1.0,0.0,1.0,0.0044595419761849,1.0,1.0,1.0,1.0,0.997265670969662,1.0,7.167246798199868,0.6965004769425437,7.272007537848538,199.0,0.4989258721703474,1.0,0.0,0.4993749379176889,0.0,3.6853020787233106,7.272007537848538,0.6965004769425437,2.8722294310359464,201.0,0.5726495726495726
0.0046206153832621995,0.0229319494175801,0.00249919528398355,0.0009000000000739001,0.01328297730217525,0.00090001692366525,0.00026591101633890004,0.0002631454984931,0.00033392818126865,7.331502967708598e-05,8.548576025260417e-05,0.00029105821481259996,0.00024735873938155,0.0003512855291243,5.676888778292314e-05,0.0010449507369871,0.0005064409604892,0.0008358654805588999,0.00052051110905175,7.070207127557905e-05,9.091415319703556e-05,0.00020577500363135,0.0002983642629857,0.0002617540288247,0.0001651503821096,0.0015179245030616,0.0,0.00432719450097685,1.0,0.00102942819663545,0.6241283467800682,0.00293174722496145,1.0,5.994997453585036e-05,0.0,0.0044740343684259495,0.6132639808286222,0.0006796020422633,0.0,0.0012897750835987,1.0,0.0,0.0003065334790999,1.0,0.6126775856375599,0.0006118439679484,1.0,0.0,0.0001140642768167,1.0,0.0,4.5231767314469614e-05,1.0,0.0,0.000300342941749,1.0,1.0,0.0001730103806228,1.0,0.838949246584827,0.0001192267539485,1.0,1.0,0.0004563540475816,1.0,0.8297127294672082,0.0001009267887653,1.0,1.0,0.0002591730470281,1.0,1.0,0.0003414804871966,1.0,0.0,0.00053096647900015,1.0,1.0,0.00037577784272454996,1.0,0.0,0.000377107236627,1.0,1.0,0.0004090530981813,1.0,1.0,9.332191302040747e-05,1.0,0.01924737487351285,0.0001851516122612,1.0,0.0,0.00036563886477915,1.0,0.0,0.00031034097430555,1.0,5.358238675531168,5.531932386313462,-2.0318372331339813,0.0,0.0074313139475797,1.0,1.0,5.474700005072476e-07,1.0,1.0,0.0615305334347337,1.0,0.0,0.0001745272058611,1.0,1.0,0.0016781658359529,1.0,0.0,3.3510515524071874e-09,1.0,0.0,0.0011119019840855,1.0,0.0,5.962325027728299e-07,1.0,1.0,3.981912819613232e-10,1.0,0.0,1.1650478267321738e-05,1.0,0.0,3.482529538742484e-06,1.0,0.0,0.0748671953886775,1.0,1.0,1.5356901272906636e-09,1.0,1.0,1.449729304957998e-12,1.0,1.0,3.847523254202777e-05,1.0,1.0,1.0951753073557075e-17,1.0,0.0,3.872652301016141e-18,1.0,1.0,1.187356305663984e-06,1.0,0.0,0.0004993527726011,1.0,1.0,9.00126086700241e-12,1.0,0.0,0.0075933076016038,1.0,1.0,2.5986425126975924e-13,1.0,0.0,1.1289744801821956e-05,1.0,1.0,4.937996220084144e-11,1.0,0.0,0.0001350475140248,1.0,1.0,0.0019567546213834,1.0,1.0,5.971447416990741e-09,1.0,0.0,0.0408751972618344,1.0,1.0,0.0002244141612071,264690.0,3.136426904622674e-05,1.0,0.0001402200700634,0.0,0.0001288436060751,1.0,0.0,1.0,0.0002685248700077,1.0,1.0,1.0,0.0,0.0001476638702497,1.0,0.0,0.0,0.0001011006002661,1.0,0.2446546621430612,1.0,0.0001636726109917,1.0,1.0,1.0,0.0003639966311122,1.0,1.0,1.0,0.00216656541831115,1.0,0.0,0.0,6.023112407805567e-05,1.0,1.0,1.0,1.0,0.0001495623858082,0.0,0.0005471915173509,1.0,0.0,0.0,0.0002409110326885,1.0,1.0,1.0,1.0,0.0004966842211455,1.0,0.0,0.0,0.0004354336168333,1.0,0.0,1.0,0.0003353753618639,1.0,0.0,0.0,0.0001813389352387,1.0,0.0,0.5,0.0008732233762285999,1.0,0.0,1.0,0.0002798930458159,1.0,1.0,0.0,1.0,0.0003246990188076,0.0,0.0001111546724558,1.0,0.0,1.0,8.588548816066386e-05,1.0,0.0,1.0,1.0,0.0001448811360149,1.0,0.0,0.0,0.0001357907762031,1.0,0.0,0.0,0.0003097107657766,1.0,0.0,1.0,0.000101745555167,1.0,1.0,1.0,0.0011244437390187999,1.0,1.0,1.0,0.0013851914448922,1.0,1.0,1.0,1.0,0.0030750558884833,1.0,0.0195622058097132,1.0,0.0,1.0,7.26227714257041e-08,1.0,0.4594210806149379,1.0,5.901129652299532e-05,1.0,0.0,1.0,1.0,2.215392691137884e-12,1.0,0.0,1.0,0.0414518203218278,1.0,0.0,0.0,0.0023136027456903,1.0,0.0,1.0,0.0380102204332491,1.0,0.0,1.0,0.0001444481915971,1.0,0.0,0.0,7.589616922133998e-05,1.0,1.0,0.0,1.0,0.732739040369029,1.0,4.44604879589996,0.756,9.237408639581972,209.0,0.49409652253035236,1.0,0.0,0.4976508486773526,0.0,2.8922811449512897,9.237408639581972,-2.0318372331339813,3.4705773826395347,212.0,0.603988603988604
0.0046206153832621995,0.0229319494175801,0.00249919528398355,0.0009000000000739001,0.01328297730217525,0.00090001692366525,1.2312783878281414e-06,2.6857804195455624e-08,1.3219753128772798e-07,2.505373369178673e-09,0.0007805644360457,7.169460276805044e-09,1.6191012450406778e-06,0.006359295536647,9.383984683796147e-06,6.36366873170254e-06,0.0006828841345629,0.003899265815522,8.964543939719022e-09,2.7499768697734615e-05,0.0001119179029776,5.7859746561405553e-05,0.0118159199559757,0.0679116541426499,2.5682866282429948e-05,0.000156602542585,0.0,0.00432719450097685,1.0,0.00102942819663545,0.6241283467800682,0.00293174722496145,1.0,5.994997453585036e-05,0.0,0.0044740343684259495,0.6132639808286222,0.0006796020422633,0.0,0.0017696199887296,1.0,1.0,2.210346302871847e-08,1.0,0.9979667568345808,6.277404312983869e-13,1.0,0.0,2.638877417807588e-12,1.0,1.0,2.008027912644449e-16,1.0,1.0,0.0010656929185809,1.0,1.0,3.6123710247886524e-16,1.0,1.0,0.0009343208719677,1.0,0.0,3.263199548340566e-14,1.0,1.0,0.0002060315769844,1.0,0.0,2.05425640281036e-06,1.0,0.0,4.557232887267403e-06,1.0,0.0,0.00053096647900015,1.0,1.0,0.00037577784272454996,1.0,0.0,0.000377107236627,1.0,1.0,0.0004090530981813,1.0,1.0,9.332191302040747e-05,1.0,0.01924737487351285,0.0001851516122612,1.0,0.0,0.00036563886477915,1.0,0.0,0.00031034097430555,1.0,5.098061768794923,5.166111023328852,5.232690704720913,0.0,6.031836214514915e-08,1.0,0.0,4.405587562924948e-06,1.0,0.5676843431617684,1.7060921220750287e-08,1.0,1.0,1.937140339751836e-05,1.0,0.0,4.086072901916972e-06,1.0,0.0,8.048664610375913e-05,1.0,1.0,8.002769609357785e-09,1.0,0.0,4.995000000087138e-06,1.0,0.0,0.0089274534015038,1.0,0.0,0.0084538882724648,1.0,0.0,0.0002057961150795,1.0,0.0,0.0849997617640168,1.0,1.0,0.0407435640168068,1.0,1.0,1.569316840245817e-07,1.0,0.0,0.040949681616341,1.0,0.0,4.774324626033707e-06,1.0,1.0,0.0130353550221123,1.0,0.0,0.0021965582085764,1.0,1.0,0.0009795896684874,1.0,1.0,1.2698750208592135e-05,1.0,0.0,2.0151300490507288e-05,1.0,0.0,5.11822740588502e-05,1.0,1.0,8.216948365345317e-21,1.0,0.0,1.942884575994959e-06,1.0,0.0,4.692416326076173e-10,1.0,0.0,1.9031300802462066e-10,1.0,0.0,6.38559282823654e-06,1.0,0.0,0.0270979896797262,1.0,1.0,0.0002244141612071,264690.0,2.22988880233741e-05,1.0,8.255728891912974e-06,1.0,0.0001074116869694,1.0,0.0,0.0,3.1493511110733575e-05,1.0,1.0,1.0,1.0,6.26009987328217e-06,1.0,0.0,1.0,2.4534193382145657e-05,1.0,1.0,0.0,9.293192929654976e-07,1.0,0.0,1.0,2.10859047378237e-05,1.0,1.0,1.0,0.0001370429358491,1.0,0.0,1.0,2.239487810379857e-05,1.0,1.0,0.0,1.0,6.070241427893122e-06,0.0,0.0056313763410637,1.0,0.0,0.0,0.0405761225590209,1.0,1.0,1.0,1.0,1.0138362448145125e-06,1.0,1.0,1.0,0.0303102416661099,1.0,0.464661183214803,1.0,9.935197584914314e-06,1.0,0.0,1.0,0.0048103856673755,1.0,0.0,1.0,0.002432934772093,1.0,0.0,1.0,4.206257470287154e-07,1.0,1.0,1.0,0.0,4.3324712250340886e-06,1.0,0.0782791007683742,1.0,0.0,1.0,1.2077705105783654e-09,1.0,1.0,1.0,0.0,0.0109767210411703,1.0,0.0,1.0,0.0297983896111178,1.0,0.3612458997732513,0.0,0.0003097107657766,1.0,0.0,0.0,1.0103576400870604e-05,1.0,1.0,1.0,1.0072564776463675e-05,1.0,0.0,1.0,0.0268586056174378,1.0,0.0,1.0,0.0,0.0001414197958603,1.0,0.0001351548410148,1.0,0.0,0.3434818868518289,2.677257949943856e-05,1.0,0.0,1.0,0.0001031275165441,1.0,0.0,1.0,0.0,6.54203620841598e-05,1.0,0.0065833504607211,0.0,9.717193159536516e-05,1.0,0.943826511804068,1.0,0.0003676609132862,1.0,0.0,1.0,0.0003798138096054,1.0,0.0,1.0,0.0010352132095212,1.0,0.0,1.0,8.55149140169148e-05,1.0,1.0,0.0,1.0,0.9480116337598358,0.969036218216829,6.4583796908499735,0.6318862906509761,7.906344806841592,85.0,0.4576128353845988,1.0,0.0,0.49411277864387754,0.0,3.712280237462655,7.906344806841592,0.6318862906509761,2.8171075998288093,87.0,0.24786324786324787
0.0046206153832621995,0.0229319494175801,0.00249919528398355,0.0009000000000739001,0.01328297730217525,0.00090001692366525,0.00026591101633890004,0.0002631454984931,0.00033392818126865,7.331502967708598e-05,8.548576025260417e-05,0.00029105821481259996,0.00024735873938155,0.0003512855291243,5.676888778292314e-05,0.0010449507369871,0.0005064409604892,0.0008358654805588999,0.00052051110905175,7.070207127557905e-05,9.091415319703556e-05,0.00020577500363135,0.0002983642629857,0.0002617540288247,0.0001651503821096,0.0015179245030616,0.0,0.00432719450097685,1.0,0.00102942819663545,0.6241283467800682,0.00293174722496145,1.0,5.994997453585036e-05,0.0,0.0044740343684259495,0.6132639808286222,0.0006796020422633,0.0,0.0016769933713448,1.0,0.0,1.1283095340423468e-07,1.0,1.0,1.917973746735156e-17,1.0,1.0,0.0002916010548988,1.0,1.0,6.350289770100587e-12,1.0,1.0,1.3628335356741962e-10,1.0,1.0,0.0248369634769572,1.0,1.0,1.6806211860726306e-08,1.0,1.0,4.031811135141683e-12,1.0,1.0,3.414948889567846e-11,1.0,0.0,0.0040044181681952,1.0,1.0,0.0031777077499062,1.0,0.0,0.00053096647900015,1.0,1.0,0.00037577784272454996,1.0,0.0,0.000377107236627,1.0,1.0,0.0004090530981813,1.0,1.0,9.332191302040747e-05,1.0,0.01924737487351285,0.0001851516122612,1.0,0.0,0.00036563886477915,1.0,0.0,0.00031034097430555,1.0,5.770649903682852,5.791308568037098,3.821045422006969,1.0,2.240380909081632e-07,1.0,1.0,1.0995934311780286e-06,1.0,1.0,1.7710837790047346e-07,1.0,0.0,8.587400625458503e-15,1.0,0.0,7.221757116740848e-05,1.0,1.0,1.2531739184416808e-06,1.0,1.0,3.456931069542897e-06,1.0,1.0,3.95838772990062e-06,1.0,0.0,4.403548461249126e-09,1.0,1.0,0.08738440664970236,1.0,1.0,0.0174545431612116,1.0,1.0,0.0001685090203382,1.0,1.0,0.0175572376139319,1.0,0.0,6.176700000000007e-06,1.0,1.0,2.4642171994494147e-15,1.0,0.0,0.0079395750694324,1.0,1.0,4.4349910902373247e-10,1.0,1.0,2.8670799496687483e-11,1.0,0.0,1.2080784560307752e-05,1.0,0.0,9.116140705248928e-05,1.0,0.0,0.0003589690971737,1.0,1.0,0.0047400015668715,1.0,0.0,0.003320296672514,1.0,1.0,0.0178049063667331,1.0,0.0,0.0001750272420216,1.0,1.0,4.051459332847471e-12,1.0,0.0,9.751769011533703e-07,1.0,0.0,0.0066390843970056,1.0,1.0,0.0128315126005776,264690.0,2.1468876184929025e-05,1.0,0.0001402200700634,0.0,0.0001288436060751,1.0,0.0,1.0,0.0002685248700077,1.0,1.0,1.0,0.0,0.0001476638702497,1.0,0.0,0.0,0.0001011006002661,1.0,0.2446546621430612,1.0,0.0001636726109917,1.0,1.0,1.0,0.0003639966311122,1.0,1.0,1.0,0.00216656541831115,1.0,0.0,0.0,6.023112407805567e-05,1.0,1.0,1.0,1.0,0.0001495623858082,0.0,0.0005471915173509,1.0,0.0,0.0,0.0002409110326885,1.0,1.0,1.0,1.0,0.0004966842211455,1.0,0.0,0.0,0.0004354336168333,1.0,0.0,1.0,0.0003353753618639,1.0,0.0,0.0,0.0001813389352387,1.0,0.0,0.5,0.0008732233762285999,1.0,0.0,1.0,0.0002798930458159,1.0,1.0,0.0,1.0,0.0003246990188076,0.0,0.0001111546724558,1.0,0.0,1.0,8.588548816066386e-05,1.0,0.0,1.0,1.0,0.0001448811360149,1.0,0.0,0.0,0.0001357907762031,1.0,0.0,0.0,0.0003097107657766,1.0,0.0,1.0,0.000101745555167,1.0,1.0,1.0,0.0011244437390187999,1.0,1.0,1.0,0.0013851914448922,1.0,1.0,1.0,0.0,0.0001414197958603,1.0,0.0001351548410148,1.0,0.0,0.3434818868518289,2.677257949943856e-05,1.0,0.0,1.0,0.0001031275165441,1.0,0.0,1.0,0.0,6.54203620841598e-05,1.0,0.0065833504607211,0.0,9.717193159536516e-05,1.0,0.943826511804068,1.0,0.0003676609132862,1.0,0.0,1.0,0.0003798138096054,1.0,0.0,1.0,0.0010352132095212,1.0,0.0,1.0,8.55149140169148e-05,1.0,1.0,0.0,0.9704389291248956,0.9715537142186468,1.0,10.003,0.6960438321784848,11.537111163811206,210.0,2135.13073576312,264690.0,0.0,23769.815360915607,1.0,4.592513263881648,11.537111163811206,0.6960438321784848,4.385777646746158,214.0,0.6096866096866097
0.0046206153832621995,0.0229319494175801,0.00249919528398355,0.0009000000000739001,0.01328297730217525,0.00090001692366525,0.00026591101633890004,0.0002631454984931,0.00033392818126865,7.331502967708598e-05,8.548576025260417e-05,0.00029105821481259996,0.00024735873938155,0.0003512855291243,5.676888778292314e-05,0.0010449507369871,0.0005064409604892,0.0008358654805588999,0.00052051110905175,7.070207127557905e-05,9.091415319703556e-05,0.00020577500363135,0.0002983642629857,0.0002617540288247,0.0001651503821096,0.0015179245030616,0.0,0.00432719450097685,1.0,0.00102942819663545,0.6241283467800682,0.00293174722496145,1.0,5.994997453585036e-05,0.0,0.0044740343684259495,0.6132639808286222,0.0006796020422633,0.0,0.0012897750835987,1.0,0.0,0.0003065334790999,1.0,0.6126775856375599,0.0006118439679484,1.0,0.0,0.0001140642768167,1.0,0.0,4.5231767314469614e-05,1.0,0.0,0.000300342941749,1.0,1.0,0.0001730103806228,1.0,0.838949246584827,0.0001192267539485,1.0,1.0,0.0004563540475816,1.0,0.8297127294672082,0.0001009267887653,1.0,1.0,0.0002591730470281,1.0,1.0,0.0003414804871966,1.0,0.0,0.00053096647900015,1.0,1.0,0.00037577784272454996,1.0,0.0,0.000377107236627,1.0,1.0,0.0004090530981813,1.0,1.0,9.332191302040747e-05,1.0,0.01924737487351285,0.0001851516122612,1.0,0.0,0.00036563886477915,1.0,0.0,0.00031034097430555,1.0,5.067650331085913,4.030528727355304,3.953782046106839,1.0,0.00094622228737275,1.0,0.0,0.00030161454166555,1.0,0.8684375368822927,0.00046449533842345,1.0,1.0,9.732505181296526e-05,1.0,0.0,0.0008223474541493,1.0,0.0,0.00042056105139965,1.0,1.0,6.357671017481105e-05,1.0,0.0,8.95186300711204e-05,1.0,0.0,6.86473451718226e-05,1.0,1.0,0.00012451700193175,1.0,0.7370038800720702,0.00041356743116115,1.0,1.0,0.00010771609799514197,1.0,1.0,0.00043539315559245,1.0,1.0,0.00010716288376599581,1.0,0.3544612469420235,0.00013930251401575,1.0,1.0,0.00020470352168515,1.0,1.0,0.00010241458773015292,1.0,1.0,0.00012846642023805002,1.0,1.0,0.0001173863472579,1.0,1.0,0.0003941170459816,1.0,1.0,0.00059357941590055,1.0,0.0,0.0005032711660119501,1.0,0.5,9.801045077654701e-05,1.0,0.0,8.520010267173671e-05,1.0,0.0,0.00018718664858345002,1.0,1.0,0.00015282011881505,1.0,0.5,0.00011340784905625,1.0,0.5,0.000914125365021,1.0,1.0,0.0002244141612071,264690.0,0.00045046316566120005,1.0,0.0001402200700634,0.0,0.0001288436060751,1.0,0.0,1.0,0.0002685248700077,1.0,1.0,1.0,0.0,0.0001476638702497,1.0,0.0,0.0,0.0001011006002661,1.0,0.2446546621430612,1.0,0.0001636726109917,1.0,1.0,1.0,0.0003639966311122,1.0,1.0,1.0,0.00216656541831115,1.0,0.0,0.0,6.023112407805567e-05,1.0,1.0,1.0,1.0,0.0001495623858082,0.0,0.0005471915173509,1.0,0.0,0.0,0.0002409110326885,1.0,1.0,1.0,1.0,0.0004966842211455,1.0,0.0,0.0,0.0004354336168333,1.0,0.0,1.0,0.0003353753618639,1.0,0.0,0.0,0.0001813389352387,1.0,0.0,0.5,0.0008732233762285999,1.0,0.0,1.0,0.0002798930458159,1.0,1.0,0.0,1.0,0.0003246990188076,0.0,0.0001111546724558,1.0,0.0,1.0,8.588548816066386e-05,1.0,0.0,1.0,1.0,0.0001448811360149,1.0,0.0,0.0,0.0001357907762031,1.0,0.0,0.0,0.0003097107657766,1.0,0.0,1.0,0.000101745555167,1.0,1.0,1.0,0.0011244437390187999,1.0,1.0,1.0,0.0013851914448922,1.0,1.0,1.0,0.0,0.0001414197958603,1.0,0.0001351548410148,1.0,0.0,0.3434818868518289,2.677257949943856e-05,1.0,0.0,1.0,0.0001031275165441,1.0,0.0,1.0,0.0,6.54203620841598e-05,1.0,0.0065833504607211,0.0,9.717193159536516e-05,1.0,0.943826511804068,1.0,0.0003676609132862,1.0,0.0,1.0,0.0003798138096054,1.0,0.0,1.0,0.0010352132095212,1.0,0.0,1.0,8.55149140169148e-05,1.0,1.0,0.0,0.9991183827981364,0.0299384527865947,1.0,3.5140138974079287,0.5741809611332732,7.42148829052184,334.0,0.0,0.0,0.0,0.0,0.0,2.954522343243981,7.42148829052184,0.0299384527865947,2.468587992790979,337.0,0.9601139601139601
0.0046206153832621995,0.0229319494175801,0.00249919528398355,0.0009000000000739001,0.01328297730217525,0.00090001692366525,9.400236916712376e-05,0.0351801485746329,0.000299263382279,6.419884244956313e-06,0.0001240795878085,9.098029962532028e-06,0.0014374062061909,3.7995540084789237e-10,1.0473755800121664e-05,0.0010449507369871,0.0005064409604892,0.0008358654805588999,0.00052051110905175,7.070207127557905e-05,9.091415319703556e-05,0.00020577500363135,0.0002983642629857,0.0002617540288247,0.0001651503821096,0.0822142359670713,0.0,0.00432719450097685,1.0,0.00102942819663545,0.6241283467800682,0.00293174722496145,1.0,5.994997453585036e-05,0.0,0.0044740343684259495,0.6132639808286222,0.0006796020422633,0.0,0.0012897750835987,1.0,0.0,0.0003065334790999,1.0,0.6126775856375599,0.0006118439679484,1.0,0.0,0.0001140642768167,1.0,0.0,4.5231767314469614e-05,1.0,0.0,0.000300342941749,1.0,1.0,0.0001730103806228,1.0,0.838949246584827,0.0001192267539485,1.0,1.0,0.0004563540475816,1.0,0.8297127294672082,0.0001009267887653,1.0,1.0,0.0002591730470281,1.0,1.0,0.0003414804871966,1.0,0.0,0.00053096647900015,1.0,1.0,0.00037577784272454996,1.0,0.0,0.000377107236627,1.0,1.0,0.0004090530981813,1.0,1.0,9.332191302040747e-05,1.0,0.01924737487351285,0.0001851516122612,1.0,0.0,0.00036563886477915,1.0,0.0,0.00031034097430555,1.0,4.854317089481896,1.0175762877478325,3.821045422006969,1.0,0.00094622228737275,1.0,0.0,0.00030161454166555,1.0,0.8684375368822927,0.00046449533842345,1.0,1.0,9.732505181296526e-05,1.0,0.0,0.0008223474541493,1.0,0.0,0.00042056105139965,1.0,1.0,6.357671017481105e-05,1.0,0.0,8.95186300711204e-05,1.0,0.0,6.86473451718226e-05,1.0,1.0,0.00012451700193175,1.0,0.7370038800720702,0.00041356743116115,1.0,1.0,0.00010771609799514197,1.0,1.0,0.00043539315559245,1.0,1.0,0.00010716288376599581,1.0,0.3544612469420235,0.00013930251401575,1.0,1.0,0.00020470352168515,1.0,1.0,0.00010241458773015292,1.0,1.0,0.00012846642023805002,1.0,1.0,0.0001173863472579,1.0,1.0,0.0003941170459816,1.0,1.0,0.00059357941590055,1.0,0.0,0.0005032711660119501,1.0,0.5,9.801045077654701e-05,1.0,0.0,8.520010267173671e-05,1.0,0.0,0.00018718664858345002,1.0,1.0,0.00015282011881505,1.0,0.5,0.00011340784905625,1.0,0.5,0.000914125365021,1.0,1.0,0.0002244141612071,264690.0,0.00045046316566120005,1.0,0.0001402200700634,0.0,0.0001288436060751,1.0,0.0,1.0,0.0002685248700077,1.0,1.0,1.0,0.0,0.0001476638702497,1.0,0.0,0.0,0.0001011006002661,1.0,0.2446546621430612,1.0,0.0001636726109917,1.0,1.0,1.0,0.0003639966311122,1.0,1.0,1.0,0.00216656541831115,1.0,0.0,0.0,6.023112407805567e-05,1.0,1.0,1.0,1.0,0.0001495623858082,0.0,0.0005471915173509,1.0,0.0,0.0,0.0002409110326885,1.0,1.0,1.0,1.0,0.0004966842211455,1.0,0.0,0.0,0.0004354336168333,1.0,0.0,1.0,0.0003353753618639,1.0,0.0,0.0,0.0001813389352387,1.0,0.0,0.5,0.0008732233762285999,1.0,0.0,1.0,0.0002798930458159,1.0,1.0,0.0,1.0,0.0003246990188076,0.0,0.0001111546724558,1.0,0.0,1.0,8.588548816066386e-05,1.0,0.0,1.0,1.0,0.0001448811360149,1.0,0.0,0.0,0.0001357907762031,1.0,0.0,0.0,0.0003097107657766,1.0,0.0,1.0,0.000101745555167,1.0,1.0,1.0,0.0011244437390187999,1.0,1.0,1.0,0.0013851914448922,1.0,1.0,1.0,0.0,0.0001414197958603,1.0,0.0001351548410148,1.0,0.0,0.3434818868518289,2.677257949943856e-05,1.0,0.0,1.0,0.0001031275165441,1.0,0.0,1.0,0.0,6.54203620841598e-05,1.0,0.0065833504607211,0.0,9.717193159536516e-05,1.0,0.943826511804068,1.0,0.0003676609132862,1.0,0.0,1.0,0.0003798138096054,1.0,0.0,1.0,0.0010352132095212,1.0,0.0,1.0,8.55149140169148e-05,1.0,1.0,0.0,0.0156774149990786,0.867717843700196,0.0135861073888377,0.504238979285177,-0.2624403744369737,7.778360777917396,324.0,0.011937512813711273,0.0822142359670713,3.7995540084789237e-10,0.02702665657099595,2.0,1.0015247640237206,4.854317089481896,-0.2624403744369737,1.76328242463921,328.0,0.9344729344729344
0.0046206153832621995,0.0229319494175801,0.00249919528398355,0.0009000000000739001,0.01328297730217525,0.00090001692366525,1.6452234626258967e-06,0.0863265629549194,2.440269802440362e-18,0.0015810760219291,0.0133094502036371,0.0132238494300638,0.0901040979017338,0.0003259604843706,0.0049277993683911,0.0010449507369871,0.0005064409604892,0.0008358654805588999,0.00052051110905175,7.070207127557905e-05,9.091415319703556e-05,0.00020577500363135,0.0002983642629857,0.0002617540288247,0.0001651503821096,0.0084644283649465,0.0,0.00432719450097685,1.0,0.00102942819663545,0.6241283467800682,0.00293174722496145,1.0,5.994997453585036e-05,0.0,0.0044740343684259495,0.6132639808286222,0.0006796020422633,1.0,0.0028764596937257,1.0,0.0,4.244060188497417e-07,1.0,1.0,0.0036361969633655,1.0,0.0,0.0030282396802214,1.0,0.0,0.0742968067996246,1.0,0.0,1.1938932826095294e-13,1.0,1.0,0.068883900245465,1.0,0.0,0.0002487664602714,0.0,1.0,6.0852000691606485e-12,1.0,1.0,0.0211599614819259,0.0,0.0,1.699025034135211e-06,1.0,0.0,2.869125755177052e-07,1.0,0.0,1.6704018144836123e-05,1.0,0.0,3.6729e-06,1.0,1.0,0.0389951660122983,0.0,0.0,6.588454291282363e-05,1.0,1.0,3.8446935043305313e-05,0.0,0.0,6.897130851152573e-05,0.0,0.0,2.0025246810133422e-05,1.0,0.0,4.781372097173744e-09,1.0,5.428458420426938,5.435758782494572,5.272841075077507,0.0,0.0009791242124664,1.0,0.0,6.997601321998866e-07,1.0,1.0,1.5061101450679625e-12,1.0,1.0,0.0579338513608505,1.0,0.0,0.0437125302382732,1.0,0.0,0.0276207952970459,1.0,0.0,0.0285665140120319,1.0,1.0,9.171000517744246e-07,1.0,0.0,9.219456514756511e-09,1.0,1.0,2.191458777582471e-05,1.0,1.0,0.0257415892875189,1.0,1.0,0.0153433721977327,1.0,0.0,3.750973504095278e-20,1.0,0.0,5.6860152183355855e-08,1.0,1.0,0.0002074362077898,1.0,0.0,3.741424859810535e-06,1.0,0.0,0.0301858651226477,1.0,0.0,1.707171465646397e-21,1.0,1.0,0.0668885731494489,1.0,0.0,4.279396660728451e-05,1.0,1.0,2.0524921829483933e-14,1.0,1.0,1.6497890746188688e-25,1.0,1.0,6.677321339538011e-11,1.0,0.0,6.456261421536162e-11,1.0,0.0,0.0001429394131175,1.0,0.0,7.643274548490713e-14,1.0,0.0,6.814992394762246e-08,1.0,0.0,1.191788312579979e-09,1.0,0.0,0.0001972665341608,264690.0,0.0003308866230407,1.0,0.0001402200700634,0.0,0.0001288436060751,1.0,0.0,1.0,0.0002685248700077,1.0,1.0,1.0,0.0,0.0001476638702497,1.0,0.0,0.0,0.0001011006002661,1.0,0.2446546621430612,1.0,0.0001636726109917,1.0,1.0,1.0,0.0003639966311122,1.0,1.0,1.0,0.00216656541831115,1.0,0.0,0.0,6.023112407805567e-05,1.0,1.0,1.0,1.0,0.0001495623858082,0.0,0.0005471915173509,1.0,0.0,0.0,0.0002409110326885,1.0,1.0,1.0,1.0,0.0004966842211455,1.0,0.0,0.0,0.0004354336168333,1.0,0.0,1.0,0.0003353753618639,1.0,0.0,0.0,0.0001813389352387,1.0,0.0,0.5,0.0008732233762285999,1.0,0.0,1.0,0.0002798930458159,1.0,1.0,0.0,1.0,0.0003246990188076,0.0,0.0001111546724558,1.0,0.0,1.0,8.588548816066386e-05,1.0,0.0,1.0,1.0,0.0001448811360149,1.0,0.0,0.0,0.0001357907762031,1.0,0.0,0.0,0.0003097107657766,1.0,0.0,1.0,0.000101745555167,1.0,1.0,1.0,0.0011244437390187999,1.0,1.0,1.0,0.0013851914448922,1.0,1.0,1.0,1.0,0.007940060854289,0.0,0.0049005651385335,1.0,0.0,1.0,0.0001163309121802,1.0,1.0,1.0,2.587423022471045e-05,1.0,0.0,1.0,0.0,1.802163658614318e-08,1.0,1.0,1.0,4.849969038572414e-14,1.0,1.0,1.0,7.317987775814224e-08,1.0,0.0,0.0,0.0031102685500995,1.0,1.0,0.0,2.0159370038617062e-06,1.0,0.0,1.0,4.304529333218636e-05,1.0,1.0,0.0,0.0613301317027578,1.0,1.0,2.331178025484784,0.6451782860151347,10.634745739572583,136.0,1337.2360949512574,264690.0,0.0,18810.669359882075,0.0,3.5343878289749195,10.634745739572583,0.0613301317027578,3.452239051941536,137.0,0.3903133903133903
0.0046206153832621995,0.0229319494175801,0.00249919528398355,0.0009000000000739001,0.01328297730217525,0.00090001692366525,0.00026591101633890004,0.0002631454984931,0.00033392818126865,7.331502967708598e-05,8.548576025260417e-05,0.00029105821481259996,0.00024735873938155,0.0003512855291243,5.676888778292314e-05,0.0010449507369871,0.0005064409604892,0.0008358654805588999,0.00052051110905175,7.070207127557905e-05,9.091415319703556e-05,0.00020577500363135,0.0002983642629857,0.0002617540288247,0.0001651503821096,0.0015179245030616,0.0,0.00432719450097685,1.0,0.00102942819663545,0.6241283467800682,0.00293174722496145,1.0,5.994997453585036e-05,0.0,0.0044740343684259495,0.6132639808286222,0.0006796020422633,0.0,0.0012897750835987,1.0,0.0,0.0003065334790999,1.0,0.6126775856375599,0.0006118439679484,1.0,0.0,0.0001140642768167,1.0,0.0,4.5231767314469614e-05,1.0,0.0,0.000300342941749,1.0,1.0,0.0001730103806228,1.0,0.838949246584827,0.0001192267539485,1.0,1.0,0.0004563540475816,1.0,0.8297127294672082,0.0001009267887653,1.0,1.0,0.0002591730470281,1.0,1.0,0.0003414804871966,1.0,0.0,0.00053096647900015,1.0,1.0,0.00037577784272454996,1.0,0.0,0.000377107236627,1.0,1.0,0.0004090530981813,1.0,1.0,9.332191302040747e-05,1.0,0.01924737487351285,0.0001851516122612,1.0,0.0,0.00036563886477915,1.0,0.0,0.00031034097430555,1.0,5.145894499473381,5.649678138097363,3.821045422006969,1.0,0.00094622228737275,1.0,0.0,0.00030161454166555,1.0,0.8684375368822927,0.00046449533842345,1.0,1.0,9.732505181296526e-05,1.0,0.0,0.0008223474541493,1.0,0.0,0.00042056105139965,1.0,1.0,6.357671017481105e-05,1.0,0.0,8.95186300711204e-05,1.0,0.0,6.86473451718226e-05,1.0,1.0,0.00012451700193175,1.0,0.7370038800720702,0.00041356743116115,1.0,1.0,0.00010771609799514197,1.0,1.0,0.00043539315559245,1.0,1.0,0.00010716288376599581,1.0,0.3544612469420235,0.00013930251401575,1.0,1.0,0.00020470352168515,1.0,1.0,0.00010241458773015292,1.0,1.0,0.00012846642023805002,1.0,1.0,0.0001173863472579,1.0,1.0,0.0003941170459816,1.0,1.0,0.00059357941590055,1.0,0.0,0.0005032711660119501,1.0,0.5,9.801045077654701e-05,1.0,0.0,8.520010267173671e-05,1.0,0.0,0.00018718664858345002,1.0,1.0,0.00015282011881505,1.0,0.5,0.00011340784905625,1.0,0.5,0.000914125365021,1.0,1.0,0.0002244141612071,264690.0,0.00045046316566120005,1.0,0.0001402200700634,0.0,0.0001288436060751,1.0,0.0,1.0,0.0002685248700077,1.0,1.0,1.0,0.0,0.0001476638702497,1.0,0.0,0.0,0.0001011006002661,1.0,0.2446546621430612,1.0,0.0001636726109917,1.0,1.0,1.0,0.0003639966311122,1.0,1.0,1.0,0.00216656541831115,1.0,0.0,0.0,6.023112407805567e-05,1.0,1.0,1.0,1.0,0.0001495623858082,0.0,0.0005471915173509,1.0,0.0,0.0,0.0002409110326885,1.0,1.0,1.0,1.0,0.0004966842211455,1.0,0.0,0.0,0.0004354336168333,1.0,0.0,1.0,0.0003353753618639,1.0,0.0,0.0,0.0001813389352387,1.0,0.0,0.5,0.0008732233762285999,1.0,0.0,1.0,0.0002798930458159,1.0,1.0,0.0,1.0,0.0003246990188076,0.0,0.0001111546724558,1.0,0.0,1.0,8.588548816066386e-05,1.0,0.0,1.0,1.0,0.0001448811360149,1.0,0.0,0.0,0.0001357907762031,1.0,0.0,0.0,0.0003097107657766,1.0,0.0,1.0,0.000101745555167,1.0,1.0,1.0,0.0011244437390187999,1.0,1.0,1.0,0.0013851914448922,1.0,1.0,1.0,0.0,0.0001414197958603,1.0,0.0001351548410148,1.0,0.0,0.3434818868518289,2.677257949943856e-05,1.0,0.0,1.0,0.0001031275165441,1.0,0.0,1.0,0.0,6.54203620841598e-05,1.0,0.0065833504607211,0.0,9.717193159536516e-05,1.0,0.943826511804068,1.0,0.0003676609132862,1.0,0.0,1.0,0.0003798138096054,1.0,0.0,1.0,0.0010352132095212,1.0,0.0,1.0,8.55149140169148e-05,1.0,1.0,0.0,1.0,1.0,0.9778161256256228,8.455284043035494,0.6996355599199061,11.303156805703264,334.0,0.0,0.0,0.0,0.0,1.0,4.278933146481879,11.303156805703264,0.6996355599199061,4.046581248452289,338.0,0.9629629629629629
0.0046206153832621995,0.0229319494175801,0.00249919528398355,0.0009000000000739001,0.01328297730217525,0.00090001692366525,0.0009520147729794,1.7673421715285947e-05,0.0006132752543833,4.752413858464942e-06,0.0001393002990533,0.0003489315609178,0.0001175218760541,8.27396325820199e-05,0.0098750040396833,0.004928463436789,4.3457549030993047e-05,3.165807564046169e-09,1.2369405278903458e-05,0.0359136130340852,9.397715227668681e-08,4.287642296820366e-05,0.0016920499349961,3.2791748499049992e-06,0.0037435780207157,0.0015014368247778,0.0,0.00432719450097685,1.0,0.00102942819663545,0.6241283467800682,0.00293174722496145,1.0,5.994997453585036e-05,0.0,0.0044740343684259495,0.6132639808286222,0.0006796020422633,1.0,0.067054094663794,1.0,1.0,1.6201339837008242e-16,1.0,1.0,0.0004516347704128,1.0,1.0,0.0001290598491585,1.0,1.0,3.191635857179944e-06,1.0,1.0,0.0013204979981909,1.0,1.0,0.0001325229683687,1.0,1.0,2.8935401897167043e-11,1.0,1.0,0.0387313711332734,1.0,0.0,1.2021726396731563e-08,1.0,0.0,3.790170004028783e-08,1.0,0.0,8.234476392079894e-05,1.0,0.0,0.0018260743019133,1.0,1.0,3.117683640102016e-05,1.0,1.0,0.0091315146383187,1.0,1.0,0.0005033951596262,0.0,0.0,0.0003325735811703,1.0,1.0,6.187647774844073e-06,0.0,1.0,5.385815339634617e-05,1.0,0.0,1.9686933498552885e-07,0.0,5.398719591237054,5.181640615338484,2.870147820052813,1.0,0.0535615692067582,1.0,0.0,9.70530685035492e-05,1.0,1.0,1.27231050043584e-06,1.0,1.0,3.161813499806543e-05,1.0,1.0,0.0001187117426256,1.0,1.0,0.0045797670192843,1.0,0.0,0.0212971373781458,1.0,0.0,9.756000000002672e-05,1.0,0.0,0.0003210233259562,1.0,0.0,6.953502857290194e-05,1.0,0.3254834388744972,6.03645538420168e-05,1.0,0.0,0.0133199730574615,1.0,1.0,0.0065444263714629,1.0,0.0,9.521250364339162e-05,1.0,0.0,0.0004879657827984,1.0,1.0,0.0524850130993178,1.0,1.0,2.769500555632451e-05,1.0,1.0,0.000130473063315,1.0,0.0,0.0001098441123777,1.0,1.0,0.0001030180877396,1.0,1.0,4.1045554805743255e-05,1.0,0.0,2.3781601183163942e-06,1.0,0.0,3.973500001646116e-05,1.0,0.0,0.061035105920403,1.0,1.0,0.0208610401718525,1.0,0.0,5.981400000000001e-06,1.0,0.0,6.914176390932948e-05,1.0,1.0,0.0012254624280078,1.0,1.0,0.0101194343899907,264690.0,0.0436105476326277,0.0,0.0008566227521692,1.0,0.000117041686266,1.0,1.0,0.0,0.0090731628585125,1.0,1.0,1.0,1.0,2.9866070797115105e-06,1.0,0.0,0.0,0.0407946783013608,1.0,1.0,0.0,1.0156781122184696e-17,1.0,1.0,0.0,8.4190877204302e-05,1.0,0.0,1.0,8.819736461844367e-05,1.0,1.0,1.0,7.061020061799959e-11,1.0,1.0,0.0,1.0,5.0656705103816816e-05,0.0,3.5869870488229274e-06,1.0,0.0,1.0,5.683543081494743e-09,1.0,0.0,1.0,0.0,0.0007711721083252,1.0,1.0,1.0,3.2290222595949118e-06,1.0,0.0,1.0,1.4947117310134693e-12,1.0,1.0,0.0,5.338019674490596e-05,1.0,1.0,0.0,0.001033331676727,1.0,1.0,0.0,0.0808150516975131,1.0,1.0,0.0,1.0,0.09058489962242498,0.0,0.0077279770595745,1.0,1.0,1.0,4.251034993296898e-06,1.0,1.0,1.0,1.0,9.354259364296078e-13,1.0,0.0,1.0,0.0002649279244613,1.0,0.0,0.0,9.421388544253704e-05,1.0,0.0,1.0,8.069600530161807e-05,1.0,0.0,0.0,8.083141047489343e-05,1.0,1.0,1.0,8.974130531390714e-06,1.0,1.0,1.0,0.0,0.0022126972512403,0.0,0.0494540436138605,1.0,0.0,1.0,0.0012499548722758,1.0,0.0,1.0,0.0003918675331524,1.0,1.0,1.0,0.0,1.1353411891725717e-13,1.0,0.0,1.0,2.293567326515933e-12,1.0,0.0,0.0,2.5708834137972157e-05,1.0,0.0,1.0,0.0001098570032938,1.0,0.0,0.0,0.0095547610071103,1.0,0.0,0.0,0.0024517192468775,1.0,1.0,1.0,0.9955339381284426,0.9979123697567708,0.9873194385568974,3.5253577658110644,0.6798068256454861,6.406374198047775,18.0,838.0952391701846,264690.0,0.0,14889.94938536396,0.0,3.0047569513971983,6.406374198047775,0.6798068256454861,2.2324278774341244,19.0,0.05413105413105413
0.0046206153832621995,0.0229319494175801,0.00249919528398355,0.0009000000000739001,0.01328297730217525,0.00090001692366525,0.00026591101633890004,0.0002631454984931,0.00033392818126865,7.331502967708598e-05,8.548576025260417e-05,0.00029105821481259996,0.00024735873938155,0.0003512855291243,5.676888778292314e-05,0.0010449507369871,0.0005064409604892,0.0008358654805588999,0.00052051110905175,7.070207127557905e-05,9.091415319703556e-05,0.00020577500363135,0.0002983642629857,0.0002617540288247,0.0001651503821096,0.0015179245030616,0.0,0.00432719450097685,1.0,0.00102942819663545,0.6241283467800682,0.00293174722496145,1.0,5.994997453585036e-05,0.0,0.0044740343684259495,0.6132639808286222,0.0006796020422633,0.0,0.0012897750835987,1.0,0.0,0.0003065334790999,1.0,0.6126775856375599,0.0006118439679484,1.0,0.0,0.0001140642768167,1.0,0.0,4.5231767314469614e-05,1.0,0.0,0.000300342941749,1.0,1.0,0.0001730103806228,1.0,0.838949246584827,0.0001192267539485,1.0,1.0,0.0004563540475816,1.0,0.8297127294672082,0.0001009267887653,1.0,1.0,0.0002591730470281,1.0,1.0,0.0003414804871966,1.0,1.0,1.5910989198420602e-10,1.0,1.0,0.0091777514536543,1.0,0.0,0.0001029159635192,0.0,1.0,7.263028129552805e-06,0.0,1.0,1.522844418000931e-06,1.0,1.0,4.32412896068908e-08,1.0,0.0,0.016285307847821,0.0,1.0,0.0143906148675918,1.0,5.686186021260401,5.951243247707043,3.821045422006969,1.0,0.00094622228737275,1.0,0.0,0.00030161454166555,1.0,0.8684375368822927,0.00046449533842345,1.0,1.0,9.732505181296526e-05,1.0,0.0,0.0008223474541493,1.0,0.0,0.00042056105139965,1.0,1.0,6.357671017481105e-05,1.0,0.0,8.95186300711204e-05,1.0,0.0,6.86473451718226e-05,1.0,1.0,0.00012451700193175,1.0,0.7370038800720702,0.00041356743116115,1.0,1.0,0.00010771609799514197,1.0,1.0,0.00043539315559245,1.0,1.0,0.00010716288376599581,1.0,0.3544612469420235,0.00013930251401575,1.0,1.0,0.00020470352168515,1.0,1.0,0.00010241458773015292,1.0,1.0,0.00012846642023805002,1.0,1.0,0.0001173863472579,1.0,1.0,0.0003941170459816,1.0,1.0,0.00059357941590055,1.0,0.0,0.0005032711660119501,1.0,0.5,9.801045077654701e-05,1.0,0.0,8.520010267173671e-05,1.0,0.0,0.00018718664858345002,1.0,1.0,0.00015282011881505,1.0,0.5,0.00011340784905625,1.0,0.5,0.000914125365021,1.0,1.0,0.0002244141612071,264690.0,0.002114313598456,1.0,0.0001402200700634,0.0,0.0001288436060751,1.0,0.0,1.0,0.0002685248700077,1.0,1.0,1.0,0.0,0.0001476638702497,1.0,0.0,0.0,0.0001011006002661,1.0,0.2446546621430612,1.0,0.0001636726109917,1.0,1.0,1.0,0.0003639966311122,1.0,1.0,1.0,0.00216656541831115,1.0,0.0,0.0,6.023112407805567e-05,1.0,1.0,1.0,1.0,0.0001495623858082,0.0,0.0005471915173509,1.0,0.0,0.0,0.0002409110326885,1.0,1.0,1.0,1.0,0.0004966842211455,1.0,0.0,0.0,0.0004354336168333,1.0,0.0,1.0,0.0003353753618639,1.0,0.0,0.0,0.0001813389352387,1.0,0.0,0.5,0.0008732233762285999,1.0,0.0,1.0,0.0002798930458159,1.0,1.0,0.0,1.0,0.0003246990188076,0.0,0.0001111546724558,1.0,0.0,1.0,8.588548816066386e-05,1.0,0.0,1.0,1.0,0.0001448811360149,1.0,0.0,0.0,0.0001357907762031,1.0,0.0,0.0,0.0003097107657766,1.0,0.0,1.0,0.000101745555167,1.0,1.0,1.0,0.0011244437390187999,1.0,1.0,1.0,0.0013851914448922,1.0,1.0,1.0,0.0,0.0001414197958603,1.0,0.0001351548410148,1.0,0.0,0.3434818868518289,2.677257949943856e-05,1.0,0.0,1.0,0.0001031275165441,1.0,0.0,1.0,0.0,6.54203620841598e-05,1.0,0.0065833504607211,0.0,9.717193159536516e-05,1.0,0.943826511804068,1.0,0.0003676609132862,1.0,0.0,1.0,0.0003798138096054,1.0,0.0,1.0,0.0010352132095212,1.0,0.0,1.0,8.55149140169148e-05,1.0,1.0,0.0,0.9583881863315142,0.9688480522115368,1.0,7.091821317140311,0.6603263196898954,7.728653980206089,309.0,0.4416831893201596,1.0,0.0,0.5051179738411683,1.0,3.755683390568349,7.728653980206089,0.6603263196898954,3.1219950826509817,312.0,0.8888888888888888
0.0046206153832621995,0.0229319494175801,0.00249919528398355,0.0009000000000739001,0.01328297730217525,0.00090001692366525,8.244014675481607e-07,2.478421978027484e-05,0.0288285846282004,0.0293916677195078,2.7625675994896624e-10,0.0570277562353116,1.071605172374947e-06,0.0015085363393862,4.021848281327625e-15,8.472128160251947e-06,0.0853457919885109,2.3233416914263427e-05,9.876033372379028e-05,5.258237717626428e-05,2.1053950417732492e-13,0.0088611793063687,0.0031478837429297,2.032006249872669e-07,0.0009510299547881,0.0013159901672719,0.0,0.00432719450097685,1.0,0.00102942819663545,0.6241283467800682,0.00293174722496145,1.0,5.994997453585036e-05,0.0,0.0044740343684259495,0.6132639808286222,0.0006796020422633,0.0,1.2223608766394234e-06,1.0,0.0,0.0069154087320043,1.0,0.0,9.077559738454888e-09,1.0,1.0,0.0125542141158452,0.0,1.0,0.0031371772922418,0.0,0.0,1.2149207971228568e-09,1.0,0.0,0.0017662621321847,1.0,1.0,2.951314975067999e-10,1.0,1.0,0.0069090472570842,1.0,1.0,5.423889600993409e-17,0.0,1.0,0.0130683218020303,1.0,0.0,0.0011607989968917,1.0,1.0,1.7387191176156212e-10,1.0,1.0,1.8383430263372068e-06,1.0,1.0,0.0030579203651644,1.0,1.0,0.0288542958245103,1.0,1.0,0.0199390179810794,1.0,1.0,0.0038652103269672,1.0,0.0,5.597119560269931e-06,1.0,1.0,1.6611551665229636e-12,1.0,5.567473124405472,5.772276850644026,2.1455670814503005,1.0,2.409319881053804e-06,1.0,1.0,2.804705047927758e-06,1.0,1.0,6.375361568267025e-05,1.0,1.0,0.0480354587263708,1.0,0.0,0.0632112373910372,1.0,0.0,0.0062842826322562,1.0,1.0,2.0747689058888296e-06,1.0,0.0,2.6028000000003086e-06,1.0,1.0,1.2267832236724578e-05,1.0,1.0,0.0014631160743583,1.0,1.0,8.17692363703978e-06,1.0,1.0,6.801985959150737e-07,1.0,1.0,0.0038558845981562,1.0,1.0,6.145648990904023e-06,1.0,1.0,0.005120105897138,1.0,0.0,0.0002261856075624,1.0,0.0,1.4333410995844948e-05,1.0,1.0,0.0766561619248925,1.0,1.0,6.1452e-06,1.0,1.0,0.0013703130168843,1.0,0.0,2.818414847784148e-13,1.0,1.0,0.0930005755440711,1.0,1.0,0.0823790056112902,1.0,1.0,0.0001116002746526,1.0,0.0,3.1437000000002755e-05,1.0,0.0,0.0567871504419617,1.0,1.0,2.395552947647506e-05,1.0,1.0,3.962327675483126e-06,1.0,1.0,0.0002244141612071,264690.0,0.0266257422225323,1.0,0.0001402200700634,0.0,0.0001288436060751,1.0,0.0,1.0,0.0002685248700077,1.0,1.0,1.0,0.0,0.0001476638702497,1.0,0.0,0.0,0.0001011006002661,1.0,0.2446546621430612,1.0,0.0001636726109917,1.0,1.0,1.0,0.0003639966311122,1.0,1.0,1.0,0.00216656541831115,1.0,0.0,0.0,6.023112407805567e-05,1.0,1.0,1.0,1.0,0.0001495623858082,0.0,0.0005471915173509,1.0,0.0,0.0,0.0002409110326885,1.0,1.0,1.0,1.0,0.0004966842211455,1.0,0.0,0.0,0.0004354336168333,1.0,0.0,1.0,0.0003353753618639,1.0,0.0,0.0,0.0001813389352387,1.0,0.0,0.5,0.0008732233762285999,1.0,0.0,1.0,0.0002798930458159,1.0,1.0,0.0,1.0,0.0003246990188076,0.0,0.0001111546724558,1.0,0.0,1.0,8.588548816066386e-05,1.0,0.0,1.0,1.0,0.0001448811360149,1.0,0.0,0.0,0.0001357907762031,1.0,0.0,0.0,0.0003097107657766,1.0,0.0,1.0,0.000101745555167,1.0,1.0,1.0,0.0011244437390187999,1.0,1.0,1.0,0.0013851914448922,1.0,1.0,1.0,0.0,0.0001414197958603,1.0,0.0001351548410148,1.0,0.0,0.3434818868518289,2.677257949943856e-05,1.0,0.0,1.0,0.0001031275165441,1.0,0.0,1.0,0.0,6.54203620841598e-05,1.0,0.0065833504607211,0.0,9.717193159536516e-05,1.0,0.943826511804068,1.0,0.0003676609132862,1.0,0.0,1.0,0.0003798138096054,1.0,0.0,1.0,0.0010352132095212,1.0,0.0,1.0,8.55149140169148e-05,1.0,1.0,0.0,1.0,0.7462025645564379,0.9782755233968896,3.5484980677153226,0.5945024390093562,8.112195358296132,169.0,0.4774735288769633,1.0,0.0,0.49650479513033546,0.0,3.162776778830438,8.112195358296132,0.5945024390093562,2.7422119047138938,170.0,0.4843304843304843
0.0046206153832621995,0.0229319494175801,0.00249919528398355,0.0009000000000739001,0.01328297730217525,0.00090001692366525,6.157846483827985e-07,3.289647511894716e-06,4.53320830719493e-09,0.0018126159049852,0.014193272299199,1.5800151668534274e-15,0.0936392432705036,2.898644790965226e-05,0.0213605552470292,0.0010449507369871,0.0005064409604892,0.0008358654805588999,0.00052051110905175,7.070207127557905e-05,9.091415319703556e-05,0.00020577500363135,0.0002983642629857,0.0002617540288247,0.0001651503821096,8.943600397425018e-07,0.0,0.00432719450097685,1.0,0.00102942819663545,0.6241283467800682,0.00293174722496145,1.0,5.994997453585036e-05,0.0,0.0044740343684259495,0.6132639808286222,0.0006796020422633,0.0,0.0012897750835987,1.0,0.0,0.0003065334790999,1.0,0.6126775856375599,0.0006118439679484,1.0,0.0,0.0001140642768167,1.0,0.0,4.5231767314469614e-05,1.0,0.0,0.000300342941749,1.0,1.0,0.0001730103806228,1.0,0.838949246584827,0.0001192267539485,1.0,1.0,0.0004563540475816,1.0,0.8297127294672082,0.0001009267887653,1.0,1.0,0.0002591730470281,1.0,1.0,0.0003414804871966,1.0,0.0,0.00053096647900015,1.0,1.0,0.00037577784272454996,1.0,0.0,0.000377107236627,1.0,1.0,0.0004090530981813,1.0,1.0,9.332191302040747e-05,1.0,0.01924737487351285,0.0001851516122612,1.0,0.0,0.00036563886477915,1.0,0.0,0.00031034097430555,1.0,5.35435141844272,5.181640615338484,3.821045422006969,1.0,0.00094622228737275,1.0,0.0,0.00030161454166555,1.0,0.8684375368822927,0.00046449533842345,1.0,1.0,9.732505181296526e-05,1.0,0.0,0.0008223474541493,1.0,0.0,0.00042056105139965,1.0,1.0,6.357671017481105e-05,1.0,0.0,8.95186300711204e-05,1.0,0.0,6.86473451718226e-05,1.0,1.0,0.00012451700193175,1.0,0.7370038800720702,0.00041356743116115,1.0,1.0,0.00010771609799514197,1.0,1.0,0.00043539315559245,1.0,1.0,0.00010716288376599581,1.0,0.3544612469420235,0.00013930251401575,1.0,1.0,0.00020470352168515,1.0,1.0,0.00010241458773015292,1.0,1.0,0.00012846642023805002,1.0,1.0,0.0001173863472579,1.0,1.0,0.0003941170459816,1.0,1.0,0.00059357941590055,1.0,0.0,0.0005032711660119501,1.0,0.5,9.801045077654701e-05,1.0,0.0,8.520010267173671e-05,1.0,0.0,0.00018718664858345002,1.0,1.0,0.00015282011881505,1.0,0.5,0.00011340784905625,1.0,0.5,0.000914125365021,1.0,1.0,0.0002244141612071,264690.0,0.00045046316566120005,1.0,0.0001402200700634,0.0,0.0001288436060751,1.0,0.0,1.0,0.0002685248700077,1.0,1.0,1.0,0.0,0.0001476638702497,1.0,0.0,0.0,0.0001011006002661,1.0,0.2446546621430612,1.0,0.0001636726109917,1.0,1.0,1.0,0.0003639966311122,1.0,1.0,1.0,0.00216656541831115,1.0,0.0,0.0,6.023112407805567e-05,1.0,1.0,1.0,1.0,0.0001495623858082,0.0,0.0005471915173509,1.0,0.0,0.0,0.0002409110326885,1.0,1.0,1.0,1.0,0.0004966842211455,1.0,0.0,0.0,0.0004354336168333,1.0,0.0,1.0,0.0003353753618639,1.0,0.0,0.0,0.0001813389352387,1.0,0.0,0.5,0.0008732233762285999,1.0,0.0,1.0,0.0002798930458159,1.0,1.0,0.0,1.0,0.0003246990188076,0.0,0.0001111546724558,1.0,0.0,1.0,8.588548816066386e-05,1.0,0.0,1.0,1.0,0.0001448811360149,1.0,0.0,0.0,0.0001357907762031,1.0,0.0,0.0,0.0003097107657766,1.0,0.0,1.0,0.000101745555167,1.0,1.0,1.0,0.0011244437390187999,1.0,1.0,1.0,0.0013851914448922,1.0,1.0,1.0,0.0,0.0001414197958603,1.0,0.0001351548410148,1.0,0.0,0.3434818868518289,2.677257949943856e-05,1.0,0.0,1.0,0.0001031275165441,1.0,0.0,1.0,0.0,6.54203620841598e-05,1.0,0.0065833504607211,0.0,9.717193159536516e-05,1.0,0.943826511804068,1.0,0.0003676609132862,1.0,0.0,1.0,0.0003798138096054,1.0,0.0,1.0,0.0010352132095212,1.0,0.0,1.0,8.55149140169148e-05,1.0,1.0,0.0,0.9907116879180674,0.9648709330357024,0.9931657007350316,7.091821317140311,0.6298482557224918,7.778360777917396,324.0,0.013103947749503655,0.0936392432705036,1.5800151668534274e-15,0.029273010211740495,9.0,0.0,0.0,0.0,0.0,340.0,0.9686609686609686
0.0046206153832621995,0.0229319494175801,0.00249919528398355,0.0009000000000739001,0.01328297730217525,0.00090001692366525,3.3888193443621514e-06,0.0002574583946794,3.104865327934012e-05,0.0153934652118669,5.1240790977625766e-11,3.3522578123892255e-11,2.14020003171758e-06,1.95390003458384e-05,0.0006559295272916,0.0022390865635108,9.396672077994488e-06,0.0062632611684127,0.0030657870192874,0.0278729765124175,0.004407824547851,3.8859343687570165e-11,0.0004684878293167,2.938951086240796e-08,8.132403393360684e-05,0.0006205475470264,0.0,0.00432719450097685,1.0,0.00102942819663545,0.6241283467800682,0.00293174722496145,1.0,5.994997453585036e-05,0.0,0.0044740343684259495,0.6132639808286222,0.0006796020422633,0.0,0.0416405002332198,1.0,1.0,1.2847969205743648e-10,1.0,0.0,2.061066725972428e-05,1.0,0.0,1.474677870588276e-13,1.0,1.0,5.788069584931321e-08,1.0,1.0,0.0056136747177911,1.0,1.0,0.0025700726293399,1.0,0.0,0.0121551483339019,1.0,1.0,0.0004822264535536,1.0,0.0,1.4214297653406594e-12,1.0,1.0,0.0076814306789346,1.0,0.0,3.906589113638401e-05,1.0,0.0,0.0042263708079885,1.0,1.0,0.0001676726682032,1.0,0.0,1.3953808120337946e-05,1.0,1.0,4.532497847224581e-06,1.0,1.0,0.0005674503898183,1.0,1.0,9.402390003043528e-07,1.0,0.0,1.12788178359447e-05,1.0,0.0,0.0820942424909072,0.0,5.593657470170981,5.52242445451142,3.562231750395651,0.0,0.0031707138966496,1.0,0.0,0.0107342850263153,1.0,0.0,0.00022814304923,1.0,1.0,3.568387283750961e-08,1.0,1.0,0.0037336490439708,1.0,0.0,0.0325991476396721,1.0,1.0,1.7518003901924784e-05,1.0,1.0,0.0004121345340077,1.0,1.0,0.0140088336498084,1.0,0.0,0.0008404700012457,1.0,0.0,0.08822542967716923,1.0,0.0,4.49054765099599e-07,1.0,1.0,0.0082754201639411,1.0,1.0,2.5470306722598084e-05,1.0,0.0,0.0007936763072285,1.0,0.0,0.0072881277820601,1.0,1.0,0.0357857763117997,1.0,0.0,4.475208552683095e-05,1.0,0.0,0.0026812448888684,1.0,0.0,1.6380541865385805e-06,1.0,0.0,0.0002700565837389,1.0,1.0,5.337878993779584e-06,1.0,1.0,0.0001143020673221,1.0,0.0,0.0019399126130955,1.0,0.0,0.073610913244178,1.0,0.0,0.0001451512939254,1.0,1.0,3.9915000057920506e-05,1.0,1.0,0.0295388572363516,1.0,1.0,9.179621492469908e-05,264690.0,0.0064918786698749,0.0,2.3108635331874207e-05,1.0,0.0291091047707345,1.0,0.0,1.0,0.0001240774776371,1.0,0.0,1.0,0.0,9.99576798668989e-10,1.0,1.0,0.0,2.212906502639975e-06,1.0,0.0,0.0,2.110063499920313e-05,1.0,0.0,1.0,4.187381139615365e-09,1.0,1.0,1.0,0.0056349083687327,1.0,1.0,0.0,1.7915699042163856e-06,1.0,1.0,1.0,0.0,0.0028206039425298,0.0,0.0046152905380431,1.0,1.0,1.0,0.0286941973609361,1.0,0.0,1.0,1.0,0.0041683711043228,1.0,0.0,1.0,8.049898840969972e-06,1.0,1.0,1.0,0.0028702391443133,1.0,0.0,1.0,0.0631786302079411,1.0,0.0,0.0,0.0047970785798238,1.0,1.0,1.0,0.0216948346924967,1.0,0.0,0.0,0.0,0.0639541616920247,0.0,1.2413838863558413e-12,1.0,1.0,0.0,0.0903605038421758,1.0,0.0,1.0,1.0,0.0006745786487297,1.0,1.0,1.0,0.0007946123525404,1.0,0.0,0.0,0.0475456986320761,1.0,0.0,0.0,1.3918115788726614e-05,1.0,0.0,0.0,3.689280000000001e-05,1.0,1.0,0.0,1.6792212958646902e-10,1.0,0.0,1.0,0.0,0.0724222055581812,1.0,0.007908033957765,1.0,1.0,1.0,0.0001132746726863,1.0,0.0,0.0,3.9453669540498e-05,1.0,1.0,1.0,1.0,9.850516766287275e-06,1.0,1.0,0.0,1.0055073018178455e-06,1.0,0.0,0.0,4.008789000562388e-07,1.0,0.0,1.0,2.0407160664325093e-06,1.0,0.0,1.0,0.0004361577577721,1.0,0.0,1.0,1.1372683384200196e-14,1.0,0.0,1.0,0.947920189267109,0.95556785352585,1.0,5.825968728904911,0.6309772493101065,11.320340571601228,18.0,838.0759283910941,264690.0,0.0,14889.950475078402,0.0,3.928787585298584,11.320340571601228,0.6309772493101065,3.5506890346034172,19.0,0.05413105413105413
0.0046206153832621995,0.0229319494175801,0.00249919528398355,0.0009000000000739001,0.01328297730217525,0.00090001692366525,0.000679080395654,7.181698850230003e-14,0.0246902401068193,0.0001095118424479,0.0689149654746551,3.2795047335859256e-10,2.024126520796105e-05,2.8069440639957263e-08,1.6466851343202956e-15,0.0010449507369871,0.0005064409604892,0.0008358654805588999,0.00052051110905175,7.070207127557905e-05,9.091415319703556e-05,0.00020577500363135,0.0002983642629857,0.0002617540288247,0.0001651503821096,2.0241e-05,0.0,0.00432719450097685,1.0,0.00102942819663545,0.6241283467800682,0.00293174722496145,1.0,5.994997453585036e-05,0.0,0.0044740343684259495,0.6132639808286222,0.0006796020422633,1.0,0.0203334635605392,1.0,1.0,1.371414435417708e-20,1.0,1.0,0.0193366507413275,1.0,0.0,1.843699435002212e-16,0.0,0.0,0.0484319800309283,1.0,0.0,1.3390676716742328e-13,0.0,1.0,1.1796961258168963e-07,1.0,1.0,0.0126048652870013,1.0,0.0,7.304392813423534e-20,1.0,1.0,2.9586880910879768e-05,1.0,0.0,8.381504795745031e-06,0.0,1.0,0.0776876007407889,1.0,0.0,0.0040010170305912,1.0,0.0,0.0017129424319405,1.0,0.0,5.431612669019234e-09,1.0,1.0,0.0131538559210456,1.0,1.0,3.504600000000589e-06,1.0,0.0,4.3617677453481264e-08,1.0,0.0,0.0121562179515315,1.0,1.0,1.143587089030024e-07,1.0,6.06684704008688,6.17,3.297231817268271,0.0,1.181910621673567e-05,1.0,1.0,1.4783488968240616e-05,1.0,1.0,0.0259897928017048,1.0,0.0,0.0303479428998864,1.0,0.0,0.0071349710826001,1.0,0.0,8.841588149383433e-06,1.0,1.0,1.0569474126547708e-10,1.0,1.0,0.0449532454636179,1.0,0.0,4.579207698827969e-06,1.0,0.0,0.0266092558325113,1.0,0.0,0.0005403271425213,1.0,0.0,2.164239977145213e-05,1.0,0.0,1.3230000676686534e-05,1.0,1.0,0.0104967921835825,1.0,1.0,3.087900000000629e-05,1.0,0.0,0.0022687542117791,1.0,1.0,7.048859366434589e-13,1.0,0.0,0.0307618329503661,1.0,1.0,1.60398343989595e-06,1.0,0.0,3.601176073806609e-05,1.0,0.0,0.0051262738019183,1.0,1.0,0.0369366970044732,1.0,1.0,4.009987161456758e-05,1.0,0.0,0.0099075755542964,1.0,1.0,4.01670000000244e-06,1.0,0.0,3.7196722165586505e-09,1.0,0.0,0.0234516852136604,1.0,0.0,8.542818343092438e-06,1.0,1.0,1.260688027129513e-05,264690.0,0.0004455039270965,1.0,0.0003794535272274,0.0,1.1323509713981004e-05,1.0,1.0,1.0,0.0258267828955185,1.0,0.0,1.0,1.0,0.09423358239103569,1.0,0.0,1.0,1.800980107507708e-05,1.0,0.0,0.0,0.0013921159240098,1.0,1.0,1.0,0.0093248270522047,1.0,1.0,1.0,0.00216656541831115,1.0,0.0,0.0,4.9598001630981725e-08,1.0,0.0,1.0,1.0,0.0123188306957802,1.0,4.91353842546753e-07,1.0,1.0,0.0,0.0002635631574821,1.0,1.0,1.0,1.0,0.0152245492086385,1.0,1.0,1.0,0.0436923670208035,1.0,1.0,0.0,4.926874100723727e-07,1.0,0.0,0.0,0.0002931337731491,1.0,0.0,1.0,3.9014305204562005e-05,1.0,1.0,1.0,0.0415982124886216,1.0,0.0,1.0,0.0,0.0001566235886063,1.0,0.0068361123027388,1.0,0.0,0.0,0.012471657471426,1.0,1.0,1.0,1.0,3.9927976368204485e-08,1.0,0.0,1.0,7.797845658673517e-05,1.0,0.0,0.0,0.0002956298710386,1.0,1.0,1.0,1.5028019439059729e-06,1.0,0.0,1.0,0.0012394092137159,1.0,0.0,1.0,1.2292279148478015e-10,1.0,1.0,0.0,0.0,0.0379559073244572,1.0,6.505469183932445e-16,1.0,1.0,0.0,0.0238273771327335,1.0,1.0,1.0,0.0001463192650339,1.0,0.0,1.0,1.0,0.0180565701335175,1.0,0.0,1.0,6.545043516426432e-10,1.0,0.943826511804068,0.0,0.0126605145921875,1.0,1.0,0.0,0.0046702671938681,1.0,0.0,1.0,1.907613e-05,1.0,0.0,0.0,1.5977042487229677e-07,1.0,1.0,0.0,0.9226426834883148,0.8370709403061537,1.0,6.832270979332405,0.5493419087421353,5.990799300120237,32.0,876.9333370458753,264690.0,0.0,15231.170456448262,0.0,3.5184671854827108,6.832270979332405,0.5493419087421353,2.7329952764617618,33.0,0.09401709401709402
0.0046206153832621995,0.0229319494175801,0.00249919528398355,0.0009000000000739001,0.01328297730217525,0.00090001692366525,0.0021215137850181,9.302152578655012e-06,0.0049317696895415,4.655076565194763e-05,1.5945345742254234e-07,1.383310345900295e-07,0.0005938884209732,0.0142511032880579,0.0045700070142738,0.0010449507369871,0.0005064409604892,0.0008358654805588999,0.00052051110905175,7.070207127557905e-05,9.091415319703556e-05,0.00020577500363135,0.0002983642629857,0.0002617540288247,0.0001651503821096,0.0014037930487458,0.0,0.00432719450097685,1.0,0.00102942819663545,0.6241283467800682,0.00293174722496145,1.0,5.994997453585036e-05,0.0,0.0044740343684259495,0.6132639808286222,0.0006796020422633,1.0,0.0092031287155402,1.0,0.0,0.0192464574212493,1.0,0.0,0.0003236845804429,1.0,0.0,1.3826130865368397e-06,1.0,1.0,7.417766655885147e-06,1.0,0.0,3.310309841794068e-05,1.0,1.0,0.0009208402853028,1.0,1.0,0.0103896035183362,1.0,0.0,0.0387538186576541,0.0,1.0,0.0213397243045048,1.0,0.0,4.416747502876545e-09,1.0,0.0,1.1737989533045173e-07,1.0,0.0,0.0245750493740851,1.0,1.0,6.621410060115961e-06,1.0,0.0,0.0039182823979693,0.0,0.0,0.0003044496066795,1.0,0.0,0.0002942029709796,0.0,1.0,0.0173499952916664,1.0,0.0,0.0007405831015347,1.0,1.0,0.0179195353221358,1.0,5.59407048305279,5.797451821314404,3.821045422006969,0.0,0.0076249490685312,1.0,1.0,1.0953000000084169e-06,1.0,1.0,0.0010977998946847,1.0,1.0,3.95706407507509e-07,1.0,0.0,0.0355680289136807,1.0,1.0,3.343683776452899e-06,1.0,1.0,1.7339907560169898e-06,1.0,1.0,0.0509353997764595,1.0,0.0,0.0001453719870629,1.0,1.0,1.7656348873990194e-11,1.0,1.0,0.0011503678128779,1.0,0.0,0.0072503687439803,1.0,1.0,1.4097849978888725e-05,1.0,1.0,0.0726545277919921,1.0,0.0,0.0002786809493885,1.0,1.0,1.386340055074601e-18,1.0,0.0,0.0020682527645813,1.0,1.0,3.9152373915801746e-11,1.0,0.0,0.0019255501881893,1.0,0.0,0.0011369268841739,1.0,1.0,1.812148196463802e-06,1.0,0.0,0.0019549550455781,1.0,0.0,1.805516337170737e-10,1.0,1.0,0.0653227106168227,1.0,0.0,0.0068798981491904,1.0,0.0,0.0145847750741693,1.0,1.0,7.672060574775715e-08,1.0,0.0,0.0245917985860622,1.0,1.0,3.698638427197873e-06,264690.0,0.0002544683749055,1.0,0.0001402200700634,0.0,0.0001288436060751,1.0,0.0,1.0,0.0002685248700077,1.0,1.0,1.0,0.0,0.0001476638702497,1.0,0.0,0.0,0.0001011006002661,1.0,0.2446546621430612,1.0,0.0001636726109917,1.0,1.0,1.0,0.0003639966311122,1.0,1.0,1.0,0.00216656541831115,1.0,0.0,0.0,6.023112407805567e-05,1.0,1.0,1.0,1.0,0.0001495623858082,0.0,0.0005471915173509,1.0,0.0,0.0,0.0002409110326885,1.0,1.0,1.0,1.0,0.0004966842211455,1.0,0.0,0.0,0.0004354336168333,1.0,0.0,1.0,0.0003353753618639,1.0,0.0,0.0,0.0001813389352387,1.0,0.0,0.5,0.0008732233762285999,1.0,0.0,1.0,0.0002798930458159,1.0,1.0,0.0,1.0,0.0003246990188076,0.0,0.0001111546724558,1.0,0.0,1.0,8.588548816066386e-05,1.0,0.0,1.0,1.0,0.0001448811360149,1.0,0.0,0.0,0.0001357907762031,1.0,0.0,0.0,0.0003097107657766,1.0,0.0,1.0,0.000101745555167,1.0,1.0,1.0,0.0011244437390187999,1.0,1.0,1.0,0.0013851914448922,1.0,1.0,1.0,0.0,0.0020446630760485,0.0,5.4109859570043134e-05,1.0,1.0,0.0,6.155297261294255e-12,1.0,0.8304081763560486,0.0,0.0001443601475111,1.0,0.0,1.0,1.0,5.859749131655992e-11,1.0,0.0,1.0,8.361250883804686e-09,1.0,0.0,0.0,7.913358594523591e-07,1.0,1.0,0.0,0.0857301669247892,1.0,1.0,1.0,7.63003865459488e-07,1.0,1.0,1.0,7.136147686947799e-08,1.0,0.0,1.0,0.9857054394848832,0.926720342580002,1.0,6.702583082762862,0.6633927648378399,7.345161779591873,136.0,1337.2697327799167,264690.0,0.0,18810.66695732613,1.0,3.6268857142030817,7.345161779591873,0.6633927648378399,2.9716808527844023,138.0,0.39316239316239315
0.0046206153832621995,0.0229319494175801,0.00249919528398355,0.0009000000000739001,0.01328297730217525,0.00090001692366525,0.00026591101633890004,0.0002631454984931,0.00033392818126865,7.331502967708598e-05,8.548576025260417e-05,0.00029105821481259996,0.00024735873938155,0.0003512855291243,5.676888778292314e-05,0.0010449507369871,0.0005064409604892,0.0008358654805588999,0.00052051110905175,7.070207127557905e-05,9.091415319703556e-05,0.00020577500363135,0.0002983642629857,0.0002617540288247,0.0001651503821096,0.0015179245030616,0.0,0.00432719450097685,1.0,0.00102942819663545,0.6241283467800682,0.00293174722496145,1.0,5.994997453585036e-05,0.0,0.0044740343684259495,0.6132639808286222,0.0006796020422633,0.0,0.0012897750835987,1.0,0.0,0.0003065334790999,1.0,0.6126775856375599,0.0006118439679484,1.0,0.0,0.0001140642768167,1.0,0.0,4.5231767314469614e-05,1.0,0.0,0.000300342941749,1.0,1.0,0.0001730103806228,1.0,0.838949246584827,0.0001192267539485,1.0,1.0,0.0004563540475816,1.0,0.8297127294672082,0.0001009267887653,1.0,1.0,0.0002591730470281,1.0,1.0,0.0003414804871966,1.0,0.0,0.00053096647900015,1.0,1.0,0.00037577784272454996,1.0,0.0,0.000377107236627,1.0,1.0,0.0004090530981813,1.0,1.0,9.332191302040747e-05,1.0,0.01924737487351285,0.0001851516122612,1.0,0.0,0.00036563886477915,1.0,0.0,0.00031034097430555,1.0,5.437333317416202,5.459674098126104,4.576504324184618,1.0,0.00094622228737275,1.0,0.0,0.00030161454166555,1.0,0.8684375368822927,0.00046449533842345,1.0,1.0,9.732505181296526e-05,1.0,0.0,0.0008223474541493,1.0,0.0,0.00042056105139965,1.0,1.0,6.357671017481105e-05,1.0,0.0,8.95186300711204e-05,1.0,0.0,6.86473451718226e-05,1.0,1.0,0.00012451700193175,1.0,0.7370038800720702,0.00041356743116115,1.0,1.0,0.00010771609799514197,1.0,1.0,0.00043539315559245,1.0,1.0,0.00010716288376599581,1.0,0.3544612469420235,0.00013930251401575,1.0,1.0,0.00020470352168515,1.0,1.0,0.00010241458773015292,1.0,1.0,0.00012846642023805002,1.0,1.0,0.0001173863472579,1.0,1.0,0.0003941170459816,1.0,1.0,0.00059357941590055,1.0,0.0,0.0005032711660119501,1.0,0.5,9.801045077654701e-05,1.0,0.0,8.520010267173671e-05,1.0,0.0,0.00018718664858345002,1.0,1.0,0.00015282011881505,1.0,0.5,0.00011340784905625,1.0,0.5,0.000914125365021,1.0,1.0,0.0002244141612071,264690.0,0.00045046316566120005,1.0,0.0001402200700634,0.0,0.0001288436060751,1.0,0.0,1.0,0.0002685248700077,1.0,1.0,1.0,0.0,0.0001476638702497,1.0,0.0,0.0,0.0001011006002661,1.0,0.2446546621430612,1.0,0.0001636726109917,1.0,1.0,1.0,0.0003639966311122,1.0,1.0,1.0,0.00216656541831115,1.0,0.0,0.0,6.023112407805567e-05,1.0,1.0,1.0,1.0,0.0001495623858082,0.0,0.0005471915173509,1.0,0.0,0.0,0.0002409110326885,1.0,1.0,1.0,1.0,0.0004966842211455,1.0,0.0,0.0,0.0004354336168333,1.0,0.0,1.0,0.0003353753618639,1.0,0.0,0.0,0.0001813389352387,1.0,0.0,0.5,0.0008732233762285999,1.0,0.0,1.0,0.0002798930458159,1.0,1.0,0.0,1.0,0.0003246990188076,0.0,0.0001111546724558,1.0,0.0,1.0,8.588548816066386e-05,1.0,0.0,1.0,1.0,0.0001448811360149,1.0,0.0,0.0,0.0001357907762031,1.0,0.0,0.0,0.0003097107657766,1.0,0.0,1.0,0.000101745555167,1.0,1.0,1.0,0.0011244437390187999,1.0,1.0,1.0,0.0013851914448922,1.0,1.0,1.0,0.0,0.0001414197958603,1.0,0.0001351548410148,1.0,0.0,0.3434818868518289,2.677257949943856e-05,1.0,0.0,1.0,0.0001031275165441,1.0,0.0,1.0,0.0,6.54203620841598e-05,1.0,0.0065833504607211,0.0,9.717193159536516e-05,1.0,0.943826511804068,1.0,0.0003676609132862,1.0,0.0,1.0,0.0003798138096054,1.0,0.0,1.0,0.0010352132095212,1.0,0.0,1.0,8.55149140169148e-05,1.0,1.0,0.0,1.0,0.9778268266563978,0.986112207981588,7.316117748211712,0.6312364865721558,7.738528213168926,334.0,0.0,0.0,0.0,0.0,0.0,3.7914814691464116,7.738528213168926,0.6312364865721558,2.908531867994944,337.0,0.9601139601139601
0.0005727388836852,0.0539770691572724,0.0012600051530464,7.072841756953318e-10,0.0146365317585926,5.373951067412319e-11,0.0028476498601151,0.0012502154420419,0.0077238830247782,0.0050186594866714,0.0002425436010811,0.0019627204307536,0.0033264622806856,0.0429807060369019,0.0006260400000003,0.002081939742214,0.0006065100000022,3.988843423681727e-07,0.0692688845104647,0.0052398487368358,1.1468341716572742e-05,0.0085147742895779,0.0034419637272456,0.0027314136413404,0.0331222584628457,0.0143280917412773,0.0,0.0030831445324307,0.0,0.07665233830340712,0.2482566935601364,0.0012974857070018,1.0,0.0001189772981084,0.0,0.0115197941577599,0.0,0.0004375315772015,0.0,0.0283461440048072,1.0,0.0,0.0404669421955637,1.0,1.0,0.0007463154406594,1.0,0.0,0.0001289141185551,1.0,0.0,2.0622187451498097e-05,1.0,0.0,0.0065584848600232,1.0,0.0,0.002057413568924,1.0,1.0,0.0019540403991607,1.0,1.0,0.0030040091966819,1.0,0.0,0.005230198939503,1.0,0.0,0.0007755652712515,1.0,1.0,0.0031745403529957,1.0,0.0,0.000533904129335,1.0,1.0,0.0024767268278467,1.0,1.0,0.0147018499432471,1.0,0.0,0.0696386999593389,1.0,1.0,0.0050276945979988,1.0,0.0,0.0024966385158257,1.0,1.0,0.0035961468287741,1.0,0.0,0.001161001760986,1.0,4.9701190684496535,4.20886790081063,2.51311696155566,1.0,0.0712948042442881,1.0,0.0,0.0027891044467195,1.0,1.0,0.0016714528221835,1.0,1.0,0.0578967449182413,1.0,0.0,0.0035216471229448,1.0,1.0,0.0293452844362595,1.0,1.0,0.004601538704994,1.0,1.0,0.0032598000121495,1.0,0.0,0.0103647014952739,1.0,1.0,0.0013004587813103,1.0,1.0,0.0762180451927261,1.0,1.0,0.0032778000812695,1.0,1.0,0.0432910819960411,1.0,1.0,0.0012223173079363,1.0,1.0,0.0050150976526105,1.0,1.0,0.0034445745254229,1.0,1.0,0.0037106692118384,1.0,1.0,0.002148372280118,1.0,0.0,0.0012224230955363,1.0,0.0,0.0006227957232858,1.0,1.0,0.0245000415523532,1.0,1.0,0.0008693114878923,1.0,1.0,0.0109365874655991,1.0,0.0,0.0006696358884073,1.0,0.0,0.0023673944127877,1.0,1.0,0.0004683749198565,1.0,1.0,0.0026784000000315,1.0,1.0,0.0008381653661795,1.0,1.0,0.0021886857804913,264690.0,0.0054306003569857,1.0,0.045610670763416,1.0,0.000860198235642,1.0,0.0,0.0,0.0022745455581198,1.0,1.0,1.0,0.0,0.0054310782461392,1.0,1.0,0.0,2.095834062900067e-05,1.0,0.0,1.0,0.0015459310728064,1.0,1.0,1.0,0.0032408910200127,1.0,1.0,1.0,0.0056513318278232,1.0,1.0,1.0,0.0310936930519041,1.0,0.0,1.0,1.0,0.0111610786817495,1.0,0.0048438724117758,1.0,0.0,1.0,0.0015887110540357,1.0,0.0,1.0,1.0,0.0062855827254457,1.0,0.0,0.0,6.802024324826459e-05,1.0,0.0,1.0,0.001338713989088,1.0,0.0,1.0,0.0033931530011212,1.0,0.0,1.0,0.0105124644778228,1.0,0.0,1.0,0.0123211969238104,1.0,1.0,1.0,0.0,0.0086851679861477,0.0,0.0011201595353408,1.0,1.0,1.0,0.0034019598267956,1.0,0.0,1.0,1.0,0.0456916014746661,1.0,0.0,1.0,2.6242976799970766e-10,1.0,0.0,1.0,0.0014537435031673,1.0,1.0,1.0,0.0040793468080138,1.0,1.0,1.0,0.0034977247963371,1.0,0.0,1.0,0.0014627913389671,1.0,0.0,1.0,0.0,0.0037439327277681,0.0,0.000587781,1.0,0.0,0.0,3.710894332259896e-06,1.0,0.6151001430264073,0.0,0.0013047390006924,1.0,1.0,1.0,1.0,0.0049854782453479,1.0,0.0,1.0,2.62344038914788e-06,1.0,1.0,1.0,0.0023921890240484,1.0,1.0,1.0,0.0040883887652654,1.0,0.0,1.0,0.0055653798073383,1.0,1.0,0.0,0.0090630545222086,1.0,1.0,1.0,0.0031422550954034,0.1465027658118058,0.0,3.961241672067988,0.6116640154878883,1.813434672822286,0.0,792.9702114900416,264690.0,0.0,14483.165797337166,0.0,2.025343256900146,4.9701190684496535,0.0,1.9745207756625431,1.0,0.002849002849002849
0.0046206153832621995,0.0229319494175801,0.00249919528398355,0.0009000000000739001,0.01328297730217525,0.00090001692366525,0.0021522961680355,0.003091136844996,0.0070760647514024,0.0343832169570845,0.0100161075878086,1.6890884670868594e-05,0.0033835527252168,0.0001495017680955,3.4851446765611914e-05,0.0049114991671632,6.710437240087235e-22,0.0011561396189374,0.0087393391680349,1.1399955613020085e-07,4.164362761411502e-13,2.7473165439811864e-12,5.917847732458656e-05,0.0004058856846429,1.3422362757006422e-10,0.0003237469363071,0.0,0.00432719450097685,1.0,0.00102942819663545,0.6241283467800682,0.00293174722496145,1.0,5.994997453585036e-05,0.0,0.0044740343684259495,0.6132639808286222,0.0006796020422633,1.0,4.799160944103203e-05,1.0,1.0,0.0022993885523021,1.0,1.0,3.023834476482592e-05,1.0,0.0,5.840206789820345e-08,0.0,0.0,1.9820482720440422e-16,1.0,1.0,0.000205098221471,1.0,0.6169223693572939,8.341863911896671e-09,1.0,1.0,5.908838224147172e-07,1.0,0.0,8.465867214795124e-07,1.0,1.0,4.621314345177782e-06,0.0,0.0,6.336727615491168e-15,1.0,1.0,0.06254442008986,1.0,1.0,0.000295513621028,0.0,1.0,2.4546505967588173e-06,1.0,0.0,1.7286694516150934e-08,0.0,1.0,8.691072778887366e-08,0.0,1.0,0.0002833434973572,0.0,1.0,0.0218665556737085,1.0,0.0,0.0060324084746884,1.0,0.0,2.8858613299416144e-08,1.0,5.625311481977909,5.735860162642628,4.378794196586097,1.0,5.22274800862199e-07,1.0,1.0,2.737800199255441e-06,1.0,1.0,4.810192874349888e-05,1.0,1.0,1.8634745204273355e-05,1.0,1.0,0.0017291130942076,1.0,0.0,5.8279128866757376e-06,1.0,0.0,0.0022609150045896,1.0,1.0,1.4738415233666445e-06,1.0,0.0,1.874241520482392e-05,1.0,1.0,0.0111677854336625,1.0,0.0,9.649236939286752e-09,1.0,0.0,4.086945124131711e-06,1.0,1.0,2.891224337238551e-06,1.0,1.0,8.853326682428584e-06,1.0,1.0,8.99434048558714e-06,1.0,0.0,7.480032705355523e-06,1.0,1.0,0.0041429512393078,1.0,1.0,3.5498800484930293e-07,1.0,0.0,0.0002866774472079,1.0,1.0,0.0004176927003555,1.0,1.0,4.670661417761173e-06,1.0,1.0,0.0004930155655456,1.0,1.0,2.7114117352163724e-05,1.0,1.0,0.0226992084932069,1.0,0.0,8.556415874726099e-08,1.0,0.0,0.0043689505258894,1.0,1.0,3.8329404812463926e-08,1.0,1.0,5.958000000000001e-07,1.0,0.0,7.274778743370141e-05,264690.0,0.0005200159130445,1.0,8.648188950767374e-07,0.0,1.4706609344243216e-16,1.0,1.0,1.0,0.0008738190948419,1.0,0.0,1.0,0.0,1.667982446445633e-06,1.0,1.0,0.0,0.0282229917467138,1.0,1.0,0.0,0.0005356877284225,1.0,0.0,1.0,4.702269976723553e-10,1.0,0.0,1.0,0.00216656541831115,1.0,0.0,0.0,0.0194703630159802,1.0,0.0,0.0,0.0,0.0001495623858082,0.0,1.2349649499693392e-11,1.0,0.0,0.0,0.000498142862313,1.0,0.0,1.0,0.0,1.9273652150399315e-08,1.0,0.0,1.0,2.0056192043181022e-05,1.0,1.0,1.0,0.0002052223695702,1.0,0.5254567999972486,1.0,1.7941002333689912e-05,1.0,0.0,0.0,0.0010837831154801,1.0,0.0,0.0,6.986459295127091e-05,1.0,0.0,1.0,0.0,1.1920008730798503e-05,0.0,1.8142759349069328e-11,1.0,1.0,0.0,0.0114106078998268,1.0,0.0,1.0,0.0,0.062129699835684,1.0,1.0,1.0,2.643307466637089e-10,1.0,1.0,0.0,1.548501588944061e-17,1.0,0.0,0.0,1.0053187358356872e-05,1.0,1.0,1.0,0.0001313014997148,1.0,0.0,0.0,4.6227399064111485e-06,1.0,1.0,0.0,1.0,2.5241177562856367e-05,1.0,1.485848634947002e-06,1.0,0.0,1.0,1.6908926054511657e-06,1.0,0.5298696518631899,1.0,0.0001031275165441,1.0,1.0,1.0,0.0,0.0135871646255301,1.0,0.0,1.0,0.0218079697461535,1.0,1.0,0.0,0.0675429390412748,1.0,1.0,1.0,0.005004916755784,1.0,0.0,0.0,0.0079580238946471,1.0,1.0,1.0,0.0010028411525645,1.0,0.0,0.0,1.0,0.4640678848043065,0.9910571895387406,7.459535161945387,0.6298482557224918,4.878533613251234,22.0,848.8145255317204,264690.0,0.0,14985.094907162476,0.0,3.4625564384965326,7.459535161945387,0.4640678848043065,2.6891774558068104,23.0,0.06552706552706553
0.0046206153832621995,0.0229319494175801,0.00249919528398355,0.0009000000000739001,0.01328297730217525,0.00090001692366525,7.151834557867611e-08,0.0190945619243891,6.0409946467165436e-18,9.208016827610976e-06,1.3622897221379845e-06,2.4740957338044115e-10,0.0111091354835295,0.0049918371931765,1.6981413930793443e-06,0.0010449507369871,0.0005064409604892,0.0008358654805588999,0.00052051110905175,7.070207127557905e-05,9.091415319703556e-05,0.00020577500363135,0.0002983642629857,0.0002617540288247,0.0001651503821096,0.0164735648462891,0.0,0.00432719450097685,1.0,0.00102942819663545,0.6241283467800682,0.00293174722496145,1.0,5.994997453585036e-05,0.0,0.0044740343684259495,0.6132639808286222,0.0006796020422633,0.0,0.0012897750835987,1.0,0.0,0.0003065334790999,1.0,0.6126775856375599,0.0006118439679484,1.0,0.0,0.0001140642768167,1.0,0.0,4.5231767314469614e-05,1.0,0.0,0.000300342941749,1.0,1.0,0.0001730103806228,1.0,0.838949246584827,0.0001192267539485,1.0,1.0,0.0004563540475816,1.0,0.8297127294672082,0.0001009267887653,1.0,1.0,0.0002591730470281,1.0,1.0,0.0003414804871966,1.0,0.0,0.00053096647900015,1.0,1.0,0.00037577784272454996,1.0,0.0,0.000377107236627,1.0,1.0,0.0004090530981813,1.0,1.0,9.332191302040747e-05,1.0,0.01924737487351285,0.0001851516122612,1.0,0.0,0.00036563886477915,1.0,0.0,0.00031034097430555,1.0,5.35435141844272,5.181640615338484,3.821045422006969,1.0,0.00094622228737275,1.0,0.0,0.00030161454166555,1.0,0.8684375368822927,0.00046449533842345,1.0,1.0,9.732505181296526e-05,1.0,0.0,0.0008223474541493,1.0,0.0,0.00042056105139965,1.0,1.0,6.357671017481105e-05,1.0,0.0,8.95186300711204e-05,1.0,0.0,6.86473451718226e-05,1.0,1.0,0.00012451700193175,1.0,0.7370038800720702,0.00041356743116115,1.0,1.0,0.00010771609799514197,1.0,1.0,0.00043539315559245,1.0,1.0,0.00010716288376599581,1.0,0.3544612469420235,0.00013930251401575,1.0,1.0,0.00020470352168515,1.0,1.0,0.00010241458773015292,1.0,1.0,0.00012846642023805002,1.0,1.0,0.0001173863472579,1.0,1.0,0.0003941170459816,1.0,1.0,0.00059357941590055,1.0,0.0,0.0005032711660119501,1.0,0.5,9.801045077654701e-05,1.0,0.0,8.520010267173671e-05,1.0,0.0,0.00018718664858345002,1.0,1.0,0.00015282011881505,1.0,0.5,0.00011340784905625,1.0,0.5,0.000914125365021,1.0,1.0,0.0002244141612071,264690.0,0.00045046316566120005,1.0,0.0001402200700634,0.0,0.0001288436060751,1.0,0.0,1.0,0.0002685248700077,1.0,1.0,1.0,0.0,0.0001476638702497,1.0,0.0,0.0,0.0001011006002661,1.0,0.2446546621430612,1.0,0.0001636726109917,1.0,1.0,1.0,0.0003639966311122,1.0,1.0,1.0,0.00216656541831115,1.0,0.0,0.0,6.023112407805567e-05,1.0,1.0,1.0,1.0,0.0001495623858082,0.0,0.0005471915173509,1.0,0.0,0.0,0.0002409110326885,1.0,1.0,1.0,1.0,0.0004966842211455,1.0,0.0,0.0,0.0004354336168333,1.0,0.0,1.0,0.0003353753618639,1.0,0.0,0.0,0.0001813389352387,1.0,0.0,0.5,0.0008732233762285999,1.0,0.0,1.0,0.0002798930458159,1.0,1.0,0.0,1.0,0.0003246990188076,0.0,0.0001111546724558,1.0,0.0,1.0,8.588548816066386e-05,1.0,0.0,1.0,1.0,0.0001448811360149,1.0,0.0,0.0,0.0001357907762031,1.0,0.0,0.0,0.0003097107657766,1.0,0.0,1.0,0.000101745555167,1.0,1.0,1.0,0.0011244437390187999,1.0,1.0,1.0,0.0013851914448922,1.0,1.0,1.0,0.0,0.0001414197958603,1.0,0.0001351548410148,1.0,0.0,0.3434818868518289,2.677257949943856e-05,1.0,0.0,1.0,0.0001031275165441,1.0,0.0,1.0,0.0,6.54203620841598e-05,1.0,0.0065833504607211,0.0,9.717193159536516e-05,1.0,0.943826511804068,1.0,0.0003676609132862,1.0,0.0,1.0,0.0003798138096054,1.0,0.0,1.0,0.0010352132095212,1.0,0.0,1.0,8.55149140169148e-05,1.0,1.0,0.0,0.9907116879180674,0.9648709330357024,0.9931657007350316,7.091821317140311,0.6298482557224918,7.778360777917396,324.0,0.005168136896120619,0.0190945619243891,6.0409946467165436e-18,0.007580791979590963,9.0,0.0,0.0,0.0,0.0,340.0,0.9686609686609686
0.0046206153832621995,0.0229319494175801,0.00249919528398355,0.0009000000000739001,0.01328297730217525,0.00090001692366525,7.014125945455066e-05,4.132456992522965e-07,0.0072899220400618,6.859523656003942e-13,5.0819321543361266e-09,0.0035653414365429,3.2373e-06,7.054524290283443e-05,2.456595317424125e-06,0.0010449507369871,0.0005064409604892,0.0008358654805588999,0.00052051110905175,7.070207127557905e-05,9.091415319703556e-05,0.00020577500363135,0.0002983642629857,0.0002617540288247,0.0001651503821096,0.0009763389022103,0.0,0.00432719450097685,1.0,0.00102942819663545,0.6241283467800682,0.00293174722496145,1.0,5.994997453585036e-05,0.0,0.0044740343684259495,0.6132639808286222,0.0006796020422633,0.0,0.0012897750835987,1.0,0.0,0.0003065334790999,1.0,0.6126775856375599,0.0006118439679484,1.0,0.0,0.0001140642768167,1.0,0.0,4.5231767314469614e-05,1.0,0.0,0.000300342941749,1.0,1.0,0.0001730103806228,1.0,0.838949246584827,0.0001192267539485,1.0,1.0,0.0004563540475816,1.0,0.8297127294672082,0.0001009267887653,1.0,1.0,0.0002591730470281,1.0,1.0,0.0003414804871966,1.0,0.0,0.00053096647900015,1.0,1.0,0.00037577784272454996,1.0,0.0,0.000377107236627,1.0,1.0,0.0004090530981813,1.0,1.0,9.332191302040747e-05,1.0,0.01924737487351285,0.0001851516122612,1.0,0.0,0.00036563886477915,1.0,0.0,0.00031034097430555,1.0,5.481836024705257,5.64579182336993,5.210016076298747,1.0,0.0648126360387904,1.0,1.0,0.0056511115833779,1.0,1.0,6.114860219954126e-07,1.0,0.0,1.9667752806658463e-06,1.0,1.0,0.0051031493184699,1.0,0.0,6.037489810455694e-07,1.0,0.0,2.4153306282489067e-06,1.0,0.0,2.9590336093822345e-05,1.0,1.0,0.0444380366466668,1.0,1.0,9.526420501891075e-08,1.0,0.0,1.5340207261608052e-05,1.0,0.0,1.5369287298194813e-06,1.0,0.0,3.0657871425370104e-05,1.0,1.0,1.18050921500078e-05,1.0,1.0,0.0103710532831005,1.0,1.0,2.1760274707987723e-06,1.0,0.0,6.265750340449028e-18,1.0,0.0,6.777322757866189e-13,1.0,0.0,3.190621647509548e-06,1.0,1.0,0.0001456663212821,1.0,1.0,0.0491509378374832,1.0,0.0,0.0654325998279452,1.0,0.0,1.6945781716384013e-11,1.0,0.0,3.921879806847621e-11,1.0,1.0,0.0019353063949412,1.0,1.0,0.0914670862324036,1.0,1.0,4.672758339869586e-07,1.0,1.0,3.3448079547103133e-15,1.0,1.0,0.0002244141612071,264690.0,1.0260037926800176e-05,1.0,2.5761387253537607e-10,0.0,3.773077269817021e-06,1.0,1.0,1.0,0.0068114479379751,1.0,1.0,1.0,0.0,0.0001476638702497,1.0,1.0,0.0,8.755481371749182e-05,1.0,0.2446546621430612,0.0,0.0011468207390488,1.0,0.0,0.0,0.015108092591064,1.0,0.0,1.0,0.00216656541831115,1.0,0.0,0.0,1.0826394993371865e-06,1.0,0.0,1.0,1.0,0.0046833524249287,0.0,8.067914910554315e-14,1.0,1.0,0.0,7.253697278146129e-11,1.0,1.0,1.0,1.0,7.211599830090978e-08,1.0,0.0,0.0,3.450697126155773e-05,1.0,1.0,0.0,4.371397476919437e-07,1.0,0.0,0.0,0.07511350619096648,1.0,0.0,1.0,8.098774498647659e-05,1.0,0.0,0.0,5.0609899115429785e-12,1.0,0.0,1.0,0.0,0.0542077637632012,0.0,1.0487236675883044e-05,1.0,0.0,1.0,3.636447196374027e-06,1.0,1.0,1.0,1.0,1.9918301987917938e-12,1.0,1.0,1.0,3.0260642691022256e-10,1.0,1.0,1.0,0.0242729210999626,1.0,0.0,0.0,1.201292780848966e-05,1.0,1.0,1.0,0.0014067585475033,1.0,0.0,0.0,8.81630953899172e-10,1.0,0.0,1.0,0.0,2.231479402085918e-06,1.0,2.3574014939431838e-06,1.0,0.0,0.0,2.8202440158216822e-08,1.0,0.0,0.0,0.0358605580533964,1.0,1.0,1.0,0.0,0.0192535726561176,1.0,0.0,0.0,4.3264187547617686e-05,1.0,0.0,0.0,0.0014735235014189,1.0,1.0,0.0,0.0025802375098719,1.0,0.0,0.0,0.0032453439010046,1.0,0.0,0.0,3.2431236053233907e-06,1.0,0.0,1.0,1.0,0.9369474328228234,1.0,9.702657228160524,0.6696248636484827,11.851419164872611,95.0,0.44704088525277785,1.0,0.0,0.4950584072115604,0.0,4.610921401542041,11.851419164872611,0.6696248636484827,4.117771772264517,97.0,0.27635327635327633
0.0046206153832621995,0.0229319494175801,0.00249919528398355,0.0009000000000739001,0.01328297730217525,0.00090001692366525,0.00026591101633890004,0.0002631454984931,0.00033392818126865,7.331502967708598e-05,8.548576025260417e-05,0.00029105821481259996,0.00024735873938155,0.0003512855291243,5.676888778292314e-05,0.0010449507369871,0.0005064409604892,0.0008358654805588999,0.00052051110905175,7.070207127557905e-05,9.091415319703556e-05,0.00020577500363135,0.0002983642629857,0.0002617540288247,0.0001651503821096,0.0015179245030616,0.0,0.00432719450097685,1.0,0.00102942819663545,0.6241283467800682,0.00293174722496145,1.0,5.994997453585036e-05,0.0,0.0044740343684259495,0.6132639808286222,0.0006796020422633,0.0,0.0012897750835987,1.0,0.0,0.0003065334790999,1.0,0.6126775856375599,0.0006118439679484,1.0,0.0,0.0001140642768167,1.0,0.0,4.5231767314469614e-05,1.0,0.0,0.000300342941749,1.0,1.0,0.0001730103806228,1.0,0.838949246584827,0.0001192267539485,1.0,1.0,0.0004563540475816,1.0,0.8297127294672082,0.0001009267887653,1.0,1.0,0.0002591730470281,1.0,1.0,0.0003414804871966,1.0,0.0,0.00053096647900015,1.0,1.0,0.00037577784272454996,1.0,0.0,0.000377107236627,1.0,1.0,0.0004090530981813,1.0,1.0,9.332191302040747e-05,1.0,0.01924737487351285,0.0001851516122612,1.0,0.0,0.00036563886477915,1.0,0.0,0.00031034097430555,1.0,5.484700780983128,5.881081149294946,5.713176971048287,1.0,0.00094622228737275,1.0,0.0,0.00030161454166555,1.0,0.8684375368822927,0.00046449533842345,1.0,1.0,9.732505181296526e-05,1.0,0.0,0.0008223474541493,1.0,0.0,0.00042056105139965,1.0,1.0,6.357671017481105e-05,1.0,0.0,8.95186300711204e-05,1.0,0.0,6.86473451718226e-05,1.0,1.0,0.00012451700193175,1.0,0.7370038800720702,0.00041356743116115,1.0,1.0,0.00010771609799514197,1.0,1.0,0.00043539315559245,1.0,1.0,0.00010716288376599581,1.0,0.3544612469420235,0.00013930251401575,1.0,1.0,0.00020470352168515,1.0,1.0,0.00010241458773015292,1.0,1.0,0.00012846642023805002,1.0,1.0,0.0001173863472579,1.0,1.0,0.0003941170459816,1.0,1.0,0.00059357941590055,1.0,0.0,0.0005032711660119501,1.0,0.5,9.801045077654701e-05,1.0,0.0,8.520010267173671e-05,1.0,0.0,0.00018718664858345002,1.0,1.0,0.00015282011881505,1.0,0.5,0.00011340784905625,1.0,0.5,0.000914125365021,1.0,1.0,0.0002244141612071,264690.0,0.00045046316566120005,1.0,0.0001402200700634,0.0,0.0001288436060751,1.0,0.0,1.0,0.0002685248700077,1.0,1.0,1.0,0.0,0.0001476638702497,1.0,0.0,0.0,0.0001011006002661,1.0,0.2446546621430612,1.0,0.0001636726109917,1.0,1.0,1.0,0.0003639966311122,1.0,1.0,1.0,0.00216656541831115,1.0,0.0,0.0,6.023112407805567e-05,1.0,1.0,1.0,1.0,0.0001495623858082,0.0,0.0005471915173509,1.0,0.0,0.0,0.0002409110326885,1.0,1.0,1.0,1.0,0.0004966842211455,1.0,0.0,0.0,0.0004354336168333,1.0,0.0,1.0,0.0003353753618639,1.0,0.0,0.0,0.0001813389352387,1.0,0.0,0.5,0.0008732233762285999,1.0,0.0,1.0,0.0002798930458159,1.0,1.0,0.0,1.0,0.0003246990188076,0.0,0.0001111546724558,1.0,0.0,1.0,8.588548816066386e-05,1.0,0.0,1.0,1.0,0.0001448811360149,1.0,0.0,0.0,0.0001357907762031,1.0,0.0,0.0,0.0003097107657766,1.0,0.0,1.0,0.000101745555167,1.0,1.0,1.0,0.0011244437390187999,1.0,1.0,1.0,0.0013851914448922,1.0,1.0,1.0,0.0,0.0001414197958603,1.0,0.0001351548410148,1.0,0.0,0.3434818868518289,2.677257949943856e-05,1.0,0.0,1.0,0.0001031275165441,1.0,0.0,1.0,0.0,6.54203620841598e-05,1.0,0.0065833504607211,0.0,9.717193159536516e-05,1.0,0.943826511804068,1.0,0.0003676609132862,1.0,0.0,1.0,0.0003798138096054,1.0,0.0,1.0,0.0010352132095212,1.0,0.0,1.0,8.55149140169148e-05,1.0,1.0,0.0,0.9656147878275044,0.9707880063394502,0.9720136142697872,7.802773003096226,0.5711804382296195,7.778360777917396,334.0,0.0,0.0,0.0,0.0,0.0,4.015521058778483,7.802773003096226,0.5711804382296195,3.096809379081583,337.0,0.9601139601139601
0.0046206153832621995,0.0229319494175801,0.00249919528398355,0.0009000000000739001,0.01328297730217525,0.00090001692366525,0.0334274128887243,0.001814172368633,0.0059286457622544,0.0443918764911308,9.050914869016188e-14,0.000287005090548,0.0002373174456447,0.066966425397903,2.1465798798968274e-05,3.2068451176645054e-05,0.0990587180467009,0.0001740413657283,0.0071806373720694,0.0920418293490166,3.614769937591343e-05,8.597714495863062e-05,5.355379423243e-05,5.7419268658781236e-11,3.450404141501096e-09,8.598014703935708e-05,0.0,0.00432719450097685,1.0,0.00102942819663545,0.6241283467800682,0.00293174722496145,1.0,5.994997453585036e-05,0.0,0.0044740343684259495,0.6132639808286222,0.0006796020422633,1.0,9.33223366165452e-05,1.0,0.0,0.0003065334790999,1.0,1.0,0.09290837290122028,1.0,0.0,8.939583728132985e-07,1.0,0.0,1.8217985869135653e-06,1.0,0.0,4.929624995607322e-05,1.0,1.0,0.0056203714758909,1.0,1.0,0.000652313267729,1.0,0.0,0.0282497676080743,1.0,0.0,0.0046512287948456,1.0,1.0,0.0480991727302011,1.0,0.0,9.105924700850716e-05,1.0,0.0,0.072909866280219,0.0,0.0,0.0001922993887962,1.0,0.0,1.1259000000220735e-05,1.0,1.0,3.0580427847494958e-12,1.0,0.0,3.9241308433992735e-05,1.0,0.0,0.0047959152184788,0.0,1.0,0.0050457376457635,1.0,0.0,0.0071127780769917,1.0,5.29654181547696,5.541894958990236,2.858427155181328,1.0,0.0013291686942874,1.0,1.0,2.29958645292052e-05,1.0,1.0,1.9164576041920674e-06,1.0,0.0,2.9014756773793625e-05,1.0,0.0,2.8017000000000003e-05,1.0,0.0,0.0005331010565966,1.0,0.0,4.983300000000002e-06,1.0,1.0,2.7351165936475507e-05,1.0,1.0,0.0042802456981297,1.0,0.0,6.356927271952238e-06,1.0,1.0,0.012249903662649,1.0,0.0,3.0744709317215995e-05,1.0,1.0,0.0001077148122298,1.0,1.0,0.001263509871826,1.0,0.0,2.56054870270043e-07,1.0,1.0,1.8333605189870005e-05,1.0,1.0,6.384740093972977e-05,1.0,1.0,0.056720781626213,1.0,0.0,8.494366518893073e-06,1.0,1.0,2.822400001505385e-06,1.0,0.0,0.0033056675427866,1.0,0.0,3.300268234613306e-05,1.0,0.0,2.290484826670977e-06,1.0,1.0,0.0004711789322082,1.0,0.0,0.0286389218979309,1.0,0.0,0.02911829301182,1.0,1.0,3.283468102308684e-05,1.0,1.0,4.031375550959784e-05,1.0,1.0,0.0002244141612071,264690.0,0.0191561708186747,1.0,0.0082311305865279,0.0,3.4304233341211726e-11,1.0,1.0,0.0,0.0465665185763585,1.0,1.0,1.0,1.0,1.8574156718103188e-12,1.0,1.0,1.0,1.2517051431053278e-05,1.0,1.0,0.0,2.8950053580439084e-10,1.0,1.0,0.0,4.209345119583199e-05,1.0,0.0,1.0,4.209345260828901e-05,1.0,0.0,1.0,4.610113414693301e-05,1.0,1.0,0.0,1.0,1.520523050000725e-05,0.0,0.0759118758682185,1.0,1.0,0.0,1.3095188773267918e-06,1.0,0.0,1.0,0.0,1.0373018329730697e-07,1.0,1.0,1.0,0.0006742087018235,1.0,1.0,1.0,0.0007903025909366,1.0,0.0,0.0,2.62993500312793e-05,1.0,0.0,1.0,0.0075819416312309,1.0,1.0,0.0,2.952082295553637e-05,1.0,1.0,0.0,1.0,0.0082377594875454,1.0,1.0422914907154665e-06,1.0,1.0,1.0,0.0277032042301586,1.0,1.0,1.0,0.0,1.503779524023517e-07,1.0,1.0,0.0,0.0361347330007464,1.0,0.0,0.0,2.810517533914106e-07,1.0,0.0,0.0,0.0010654172802156,1.0,0.0,0.0,0.001765703433929,1.0,0.0,1.0,0.0053554691886198,1.0,0.0,1.0,1.0,2.5720070959800008e-05,1.0,0.000115950518097,1.0,0.0,0.0,0.0002334829690876,1.0,0.935849197614593,1.0,7.06781211174408e-15,1.0,0.0,1.0,1.0,5.616411599846568e-10,1.0,1.0,0.0,0.0889787247327753,1.0,1.0,1.0,1.4089456492835093e-05,1.0,1.0,0.0,0.0338103905615914,1.0,0.0,0.0,0.0433757383997331,1.0,0.0,0.0,0.0056483286646491,1.0,0.0,0.0,1.0,0.9669658940149752,1.0,8.32774869005319,0.5953539605634856,5.6127064012987935,21.0,0.4572172745526716,1.0,0.0,0.49521364106779625,0.0,3.4666265417309967,8.32774869005319,0.5953539605634856,2.8045143361409517,22.0,0.06267806267806268
0.0046206153832621995,0.0229319494175801,0.00249919528398355,0.0009000000000739001,0.01328297730217525,0.00090001692366525,0.00026591101633890004,0.0002631454984931,0.00033392818126865,7.331502967708598e-05,8.548576025260417e-05,0.00029105821481259996,0.00024735873938155,0.0003512855291243,5.676888778292314e-05,0.0010449507369871,0.0005064409604892,0.0008358654805588999,0.00052051110905175,7.070207127557905e-05,9.091415319703556e-05,0.00020577500363135,0.0002983642629857,0.0002617540288247,0.0001651503821096,0.0015179245030616,0.0,0.00432719450097685,1.0,0.00102942819663545,0.6241283467800682,0.00293174722496145,1.0,5.994997453585036e-05,0.0,0.0044740343684259495,0.6132639808286222,0.0006796020422633,0.0,0.0012897750835987,1.0,0.0,0.0003065334790999,1.0,0.6126775856375599,0.0006118439679484,1.0,0.0,0.0001140642768167,1.0,0.0,4.5231767314469614e-05,1.0,0.0,0.000300342941749,1.0,1.0,0.0001730103806228,1.0,0.838949246584827,0.0001192267539485,1.0,1.0,0.0004563540475816,1.0,0.8297127294672082,0.0001009267887653,1.0,1.0,0.0002591730470281,1.0,1.0,0.0003414804871966,1.0,0.0,0.00053096647900015,1.0,1.0,0.00037577784272454996,1.0,0.0,0.000377107236627,1.0,1.0,0.0004090530981813,1.0,1.0,9.332191302040747e-05,1.0,0.01924737487351285,0.0001851516122612,1.0,0.0,0.00036563886477915,1.0,0.0,0.00031034097430555,1.0,5.585626936314079,5.374662257773714,3.821045422006969,1.0,0.0020530112095025,1.0,1.0,5.797452357492072e-07,1.0,1.0,1.137667521643878e-09,1.0,0.0,0.0011878910552876,1.0,1.0,1.3676005279412293e-05,1.0,0.0,0.0001132642325255,1.0,0.0,4.574301048594813e-06,1.0,0.0,3.463516729809908e-05,1.0,1.0,1.9720305883459865e-05,1.0,1.0,0.0335380301721161,1.0,1.0,7.847897073964645e-07,1.0,1.0,0.0560082965010661,1.0,0.0,0.0048250373606599,1.0,0.0,0.0143455973191412,1.0,0.0,1.3271162064191506e-08,1.0,1.0,1.3447354072563127e-09,1.0,1.0,0.0001511688208241,1.0,1.0,8.47118431394607e-08,1.0,1.0,8.653849013076844e-06,1.0,1.0,0.0010188467778578,1.0,1.0,1.8322095092912248e-06,1.0,1.0,0.0130245734382526,1.0,0.0,1.6578000148376858e-06,1.0,0.0,0.0020255098810508,1.0,1.0,0.000654528486197,1.0,1.0,0.006690432380437,1.0,0.0,3.418668785870665e-15,1.0,1.0,0.0002870403736681,1.0,1.0,0.0002244141612071,264690.0,6.371423980167338e-06,1.0,0.0001402200700634,0.0,0.0001288436060751,1.0,0.0,1.0,0.0002685248700077,1.0,1.0,1.0,0.0,0.0001476638702497,1.0,0.0,0.0,0.0001011006002661,1.0,0.2446546621430612,1.0,0.0001636726109917,1.0,1.0,1.0,0.0003639966311122,1.0,1.0,1.0,0.00216656541831115,1.0,0.0,0.0,6.023112407805567e-05,1.0,1.0,1.0,1.0,0.0001495623858082,0.0,0.0005471915173509,1.0,0.0,0.0,0.0002409110326885,1.0,1.0,1.0,1.0,0.0004966842211455,1.0,0.0,0.0,0.0004354336168333,1.0,0.0,1.0,0.0003353753618639,1.0,0.0,0.0,0.0001813389352387,1.0,0.0,0.5,0.0008732233762285999,1.0,0.0,1.0,0.0002798930458159,1.0,1.0,0.0,1.0,0.0003246990188076,0.0,0.0001111546724558,1.0,0.0,1.0,8.588548816066386e-05,1.0,0.0,1.0,1.0,0.0001448811360149,1.0,0.0,0.0,0.0001357907762031,1.0,0.0,0.0,0.0003097107657766,1.0,0.0,1.0,0.000101745555167,1.0,1.0,1.0,0.0011244437390187999,1.0,1.0,1.0,0.0013851914448922,1.0,1.0,1.0,0.0,0.0001414197958603,1.0,0.0001351548410148,1.0,0.0,0.3434818868518289,2.677257949943856e-05,1.0,0.0,1.0,0.0001031275165441,1.0,0.0,1.0,0.0,6.54203620841598e-05,1.0,0.0065833504607211,0.0,9.717193159536516e-05,1.0,0.943826511804068,1.0,0.0003676609132862,1.0,0.0,1.0,0.0003798138096054,1.0,0.0,1.0,0.0010352132095212,1.0,0.0,1.0,8.55149140169148e-05,1.0,1.0,0.0,0.976087262473029,0.6114030448187942,1.0,10.003,0.5590503462037646,7.778360777917396,249.0,0.5427766566361291,1.0,0.0,0.4995612850088846,2.0,3.444261406797626,10.003,0.5590503462037646,3.6456543195310416,254.0,0.7236467236467237
0.0046206153832621995,0.0229319494175801,0.00249919528398355,0.0009000000000739001,0.01328297730217525,0.00090001692366525,0.00026591101633890004,0.0002631454984931,0.00033392818126865,7.331502967708598e-05,8.548576025260417e-05,0.00029105821481259996,0.00024735873938155,0.0003512855291243,5.676888778292314e-05,0.0010449507369871,0.0005064409604892,0.0008358654805588999,0.00052051110905175,7.070207127557905e-05,9.091415319703556e-05,0.00020577500363135,0.0002983642629857,0.0002617540288247,0.0001651503821096,0.0015179245030616,0.0,0.00432719450097685,1.0,0.00102942819663545,0.6241283467800682,0.00293174722496145,1.0,5.994997453585036e-05,0.0,0.0044740343684259495,0.6132639808286222,0.0006796020422633,1.0,1.1406248795232373e-07,1.0,0.0,5.44802564891242e-08,1.0,0.0,1.361048878855308e-08,1.0,0.0,0.0041431337937922,1.0,1.0,1.1239126917917189e-06,1.0,1.0,5.931094793224644e-07,0.0,0.0,2.1897921816207878e-10,1.0,0.0,0.0001567400375941,1.0,0.0,1.774865229503165e-05,1.0,0.0,0.0154195612409444,1.0,1.0,2.1421471590982202e-10,1.0,1.0,1.321904882322935e-05,1.0,0.0,0.00053096647900015,1.0,1.0,0.00037577784272454996,1.0,0.0,0.000377107236627,1.0,1.0,0.0004090530981813,1.0,1.0,9.332191302040747e-05,1.0,0.01924737487351285,0.0001851516122612,1.0,0.0,0.00036563886477915,1.0,0.0,0.00031034097430555,1.0,5.449282264390892,5.43992790795112,6.04937247704213,1.0,0.00094622228737275,1.0,0.0,0.00030161454166555,1.0,0.8684375368822927,0.00046449533842345,1.0,1.0,9.732505181296526e-05,1.0,0.0,0.0008223474541493,1.0,0.0,0.00042056105139965,1.0,1.0,6.357671017481105e-05,1.0,0.0,8.95186300711204e-05,1.0,0.0,6.86473451718226e-05,1.0,1.0,0.00012451700193175,1.0,0.7370038800720702,0.00041356743116115,1.0,1.0,0.00010771609799514197,1.0,1.0,0.00043539315559245,1.0,1.0,0.00010716288376599581,1.0,0.3544612469420235,0.00013930251401575,1.0,1.0,0.00020470352168515,1.0,1.0,0.00010241458773015292,1.0,1.0,0.00012846642023805002,1.0,1.0,0.0001173863472579,1.0,1.0,0.0003941170459816,1.0,1.0,0.00059357941590055,1.0,0.0,0.0005032711660119501,1.0,0.5,9.801045077654701e-05,1.0,0.0,8.520010267173671e-05,1.0,0.0,0.00018718664858345002,1.0,1.0,0.00015282011881505,1.0,0.5,0.00011340784905625,1.0,0.5,0.000914125365021,1.0,1.0,0.0002244141612071,264690.0,0.0138398670863117,1.0,0.0001402200700634,0.0,0.0001288436060751,1.0,0.0,1.0,0.0002685248700077,1.0,1.0,1.0,0.0,0.0001476638702497,1.0,0.0,0.0,0.0001011006002661,1.0,0.2446546621430612,1.0,0.0001636726109917,1.0,1.0,1.0,0.0003639966311122,1.0,1.0,1.0,0.00216656541831115,1.0,0.0,0.0,6.023112407805567e-05,1.0,1.0,1.0,1.0,0.0001495623858082,0.0,0.0005471915173509,1.0,0.0,0.0,0.0002409110326885,1.0,1.0,1.0,1.0,0.0004966842211455,1.0,0.0,0.0,0.0004354336168333,1.0,0.0,1.0,0.0003353753618639,1.0,0.0,0.0,0.0001813389352387,1.0,0.0,0.5,0.0008732233762285999,1.0,0.0,1.0,0.0002798930458159,1.0,1.0,0.0,1.0,0.0003246990188076,0.0,0.0001111546724558,1.0,0.0,1.0,8.588548816066386e-05,1.0,0.0,1.0,1.0,0.0001448811360149,1.0,0.0,0.0,0.0001357907762031,1.0,0.0,0.0,0.0003097107657766,1.0,0.0,1.0,0.000101745555167,1.0,1.0,1.0,0.0011244437390187999,1.0,1.0,1.0,0.0013851914448922,1.0,1.0,1.0,0.0,0.0001414197958603,1.0,0.0001351548410148,1.0,0.0,0.3434818868518289,2.677257949943856e-05,1.0,0.0,1.0,0.0001031275165441,1.0,0.0,1.0,0.0,6.54203620841598e-05,1.0,0.0065833504607211,0.0,9.717193159536516e-05,1.0,0.943826511804068,1.0,0.0003676609132862,1.0,0.0,1.0,0.0003798138096054,1.0,0.0,1.0,0.0010352132095212,1.0,0.0,1.0,8.55149140169148e-05,1.0,1.0,0.0,0.9595838160371748,1.0,1.0,7.3763279665710435,0.6260889931053109,8.387525008043987,297.0,0.43334032890455015,1.0,0.0,0.5014546725712508,0.0,4.032012048126851,8.387525008043987,0.6260889931053109,3.115322783412943,300.0,0.8547008547008547
0.0046206153832621995,0.0229319494175801,0.00249919528398355,0.0009000000000739001,0.01328297730217525,0.00090001692366525,0.00026591101633890004,0.0002631454984931,0.00033392818126865,7.331502967708598e-05,8.548576025260417e-05,0.00029105821481259996,0.00024735873938155,0.0003512855291243,5.676888778292314e-05,0.0010449507369871,0.0005064409604892,0.0008358654805588999,0.00052051110905175,7.070207127557905e-05,9.091415319703556e-05,0.00020577500363135,0.0002983642629857,0.0002617540288247,0.0001651503821096,0.0015179245030616,0.0,0.00432719450097685,1.0,0.00102942819663545,0.6241283467800682,0.00293174722496145,1.0,5.994997453585036e-05,0.0,0.0044740343684259495,0.6132639808286222,0.0006796020422633,0.0,0.0012897750835987,1.0,0.0,0.0003065334790999,1.0,0.6126775856375599,0.0006118439679484,1.0,0.0,0.0001140642768167,1.0,0.0,4.5231767314469614e-05,1.0,0.0,0.000300342941749,1.0,1.0,0.0001730103806228,1.0,0.838949246584827,0.0001192267539485,1.0,1.0,0.0004563540475816,1.0,0.8297127294672082,0.0001009267887653,1.0,1.0,0.0002591730470281,1.0,1.0,0.0003414804871966,1.0,0.0,0.00053096647900015,1.0,1.0,0.00037577784272454996,1.0,0.0,0.000377107236627,1.0,1.0,0.0004090530981813,1.0,1.0,9.332191302040747e-05,1.0,0.01924737487351285,0.0001851516122612,1.0,0.0,0.00036563886477915,1.0,0.0,0.00031034097430555,1.0,4.5067206555117485,3.50899155418795,2.5735830805923943,1.0,0.00094622228737275,1.0,0.0,0.00030161454166555,1.0,0.8684375368822927,0.00046449533842345,1.0,1.0,9.732505181296526e-05,1.0,0.0,0.0008223474541493,1.0,0.0,0.00042056105139965,1.0,1.0,6.357671017481105e-05,1.0,0.0,8.95186300711204e-05,1.0,0.0,6.86473451718226e-05,1.0,1.0,0.00012451700193175,1.0,0.7370038800720702,0.00041356743116115,1.0,1.0,0.00010771609799514197,1.0,1.0,0.00043539315559245,1.0,1.0,0.00010716288376599581,1.0,0.3544612469420235,0.00013930251401575,1.0,1.0,0.00020470352168515,1.0,1.0,0.00010241458773015292,1.0,1.0,0.00012846642023805002,1.0,1.0,0.0001173863472579,1.0,1.0,0.0003941170459816,1.0,1.0,0.00059357941590055,1.0,0.0,0.0005032711660119501,1.0,0.5,9.801045077654701e-05,1.0,0.0,8.520010267173671e-05,1.0,0.0,0.00018718664858345002,1.0,1.0,0.00015282011881505,1.0,0.5,0.00011340784905625,1.0,0.5,0.000914125365021,1.0,1.0,0.0002244141612071,264690.0,0.00045046316566120005,1.0,0.0001402200700634,0.0,0.0001288436060751,1.0,0.0,1.0,0.0002685248700077,1.0,1.0,1.0,0.0,0.0001476638702497,1.0,0.0,0.0,0.0001011006002661,1.0,0.2446546621430612,1.0,0.0001636726109917,1.0,1.0,1.0,0.0003639966311122,1.0,1.0,1.0,0.00216656541831115,1.0,0.0,0.0,6.023112407805567e-05,1.0,1.0,1.0,1.0,0.0001495623858082,0.0,0.0005471915173509,1.0,0.0,0.0,0.0002409110326885,1.0,1.0,1.0,1.0,0.0004966842211455,1.0,0.0,0.0,0.0004354336168333,1.0,0.0,1.0,0.0003353753618639,1.0,0.0,0.0,0.0001813389352387,1.0,0.0,0.5,0.0008732233762285999,1.0,0.0,1.0,0.0002798930458159,1.0,1.0,0.0,1.0,0.0003246990188076,0.0,0.0001111546724558,1.0,0.0,1.0,8.588548816066386e-05,1.0,0.0,1.0,1.0,0.0001448811360149,1.0,0.0,0.0,0.0001357907762031,1.0,0.0,0.0,0.0003097107657766,1.0,0.0,1.0,0.000101745555167,1.0,1.0,1.0,0.0011244437390187999,1.0,1.0,1.0,0.0013851914448922,1.0,1.0,1.0,0.0,0.0001414197958603,1.0,0.0001351548410148,1.0,0.0,0.3434818868518289,2.677257949943856e-05,1.0,0.0,1.0,0.0001031275165441,1.0,0.0,1.0,0.0,6.54203620841598e-05,1.0,0.0065833504607211,0.0,9.717193159536516e-05,1.0,0.943826511804068,1.0,0.0003676609132862,1.0,0.0,1.0,0.0003798138096054,1.0,0.0,1.0,0.0010352132095212,1.0,0.0,1.0,8.55149140169148e-05,1.0,1.0,0.0,0.9563720646663868,1.0,0.99882402103211,2.1959870622090225,0.5793669184752261,5.026252940529255,334.0,0.0,0.0,0.0,0.0,0.0,2.3717886996893434,5.026252940529255,0.5793669184752261,1.6565019136715597,337.0,0.9601139601139601
0.0046206153832621995,0.0229319494175801,0.00249919528398355,0.0009000000000739001,0.01328297730217525,0.00090001692366525,0.00026591101633890004,0.0002631454984931,0.00033392818126865,7.331502967708598e-05,8.548576025260417e-05,0.00029105821481259996,0.00024735873938155,0.0003512855291243,5.676888778292314e-05,0.0010449507369871,0.0005064409604892,0.0008358654805588999,0.00052051110905175,7.070207127557905e-05,9.091415319703556e-05,0.00020577500363135,0.0002983642629857,0.0002617540288247,0.0001651503821096,0.0015179245030616,0.0,0.00432719450097685,1.0,0.00102942819663545,0.6241283467800682,0.00293174722496145,1.0,5.994997453585036e-05,0.0,0.0044740343684259495,0.6132639808286222,0.0006796020422633,0.0,0.0012897750835987,1.0,0.0,0.0003065334790999,1.0,0.6126775856375599,0.0006118439679484,1.0,0.0,0.0001140642768167,1.0,0.0,4.5231767314469614e-05,1.0,0.0,0.000300342941749,1.0,1.0,0.0001730103806228,1.0,0.838949246584827,0.0001192267539485,1.0,1.0,0.0004563540475816,1.0,0.8297127294672082,0.0001009267887653,1.0,1.0,0.0002591730470281,1.0,1.0,0.0003414804871966,1.0,0.0,0.00053096647900015,1.0,1.0,0.00037577784272454996,1.0,0.0,0.000377107236627,1.0,1.0,0.0004090530981813,1.0,1.0,9.332191302040747e-05,1.0,0.01924737487351285,0.0001851516122612,1.0,0.0,0.00036563886477915,1.0,0.0,0.00031034097430555,1.0,3.941563653288655,4.225544655954803,3.821045422006969,1.0,0.00094622228737275,1.0,0.0,0.00030161454166555,1.0,0.8684375368822927,0.00046449533842345,1.0,1.0,9.732505181296526e-05,1.0,0.0,0.0008223474541493,1.0,0.0,0.00042056105139965,1.0,1.0,6.357671017481105e-05,1.0,0.0,8.95186300711204e-05,1.0,0.0,6.86473451718226e-05,1.0,1.0,0.00012451700193175,1.0,0.7370038800720702,0.00041356743116115,1.0,1.0,0.00010771609799514197,1.0,1.0,0.00043539315559245,1.0,1.0,0.00010716288376599581,1.0,0.3544612469420235,0.00013930251401575,1.0,1.0,0.00020470352168515,1.0,1.0,0.00010241458773015292,1.0,1.0,0.00012846642023805002,1.0,1.0,0.0001173863472579,1.0,1.0,0.0003941170459816,1.0,1.0,0.00059357941590055,1.0,0.0,0.0005032711660119501,1.0,0.5,9.801045077654701e-05,1.0,0.0,8.520010267173671e-05,1.0,0.0,0.00018718664858345002,1.0,1.0,0.00015282011881505,1.0,0.5,0.00011340784905625,1.0,0.5,0.000914125365021,1.0,1.0,0.0002244141612071,264690.0,0.00045046316566120005,1.0,0.0001402200700634,0.0,0.0001288436060751,1.0,0.0,1.0,0.0002685248700077,1.0,1.0,1.0,0.0,0.0001476638702497,1.0,0.0,0.0,0.0001011006002661,1.0,0.2446546621430612,1.0,0.0001636726109917,1.0,1.0,1.0,0.0003639966311122,1.0,1.0,1.0,0.00216656541831115,1.0,0.0,0.0,6.023112407805567e-05,1.0,1.0,1.0,1.0,0.0001495623858082,0.0,0.0005471915173509,1.0,0.0,0.0,0.0002409110326885,1.0,1.0,1.0,1.0,0.0004966842211455,1.0,0.0,0.0,0.0004354336168333,1.0,0.0,1.0,0.0003353753618639,1.0,0.0,0.0,0.0001813389352387,1.0,0.0,0.5,0.0008732233762285999,1.0,0.0,1.0,0.0002798930458159,1.0,1.0,0.0,1.0,0.0003246990188076,0.0,0.0001111546724558,1.0,0.0,1.0,8.588548816066386e-05,1.0,0.0,1.0,1.0,0.0001448811360149,1.0,0.0,0.0,0.0001357907762031,1.0,0.0,0.0,0.0003097107657766,1.0,0.0,1.0,0.000101745555167,1.0,1.0,1.0,0.0011244437390187999,1.0,1.0,1.0,0.0013851914448922,1.0,1.0,1.0,0.0,0.0001414197958603,1.0,0.0001351548410148,1.0,0.0,0.3434818868518289,2.677257949943856e-05,1.0,0.0,1.0,0.0001031275165441,1.0,0.0,1.0,0.0,6.54203620841598e-05,1.0,0.0065833504607211,0.0,9.717193159536516e-05,1.0,0.943826511804068,1.0,0.0003676609132862,1.0,0.0,1.0,0.0003798138096054,1.0,0.0,1.0,0.0010352132095212,1.0,0.0,1.0,8.55149140169148e-05,1.0,1.0,0.0,1.0,1.0,0.9834758563772577,7.239108114552213,0.4815681797278214,7.391963100546968,334.0,0.0,0.0,0.0,0.0,1.0,3.2829029450559646,7.391963100546968,0.4815681797278214,2.8639751381842977,338.0,0.9629629629629629
0.0046206153832621995,0.0229319494175801,0.00249919528398355,0.0009000000000739001,0.01328297730217525,0.00090001692366525,0.0002844056281729,0.0003133282345115,0.0383891204304475,0.0037425376138377,0.0009922958133012,6.227133742586786e-05,0.0055816528812631,9.943276998894228e-05,2.041962251115343e-07,0.0262706746441072,0.0193939770905398,0.0005492755025286,0.0057379108710227,1.337298446666491e-05,2.261281322862928e-08,0.021201246610281,1.323000005232599e-05,0.0004310217792473,1.1253255544106478e-10,0.0004310100000152,0.0,0.00432719450097685,1.0,0.00102942819663545,0.6241283467800682,0.00293174722496145,1.0,5.994997453585036e-05,0.0,0.0044740343684259495,0.6132639808286222,0.0006796020422633,0.0,4.443568288754332e-05,1.0,0.0,4.648902299265861e-05,1.0,0.0,0.0870319833225544,1.0,1.0,0.0016157115586729,1.0,0.0,0.0043764325544383,1.0,0.0,0.0079683265502439,1.0,1.0,0.0042313881989211,1.0,1.0,4.636443413005338e-05,1.0,0.0,4.493791497634648e-09,1.0,1.0,0.0193401523954238,1.0,1.0,0.0003577897886148,1.0,1.0,0.0164300913586746,1.0,0.0,0.0440104687072643,1.0,1.0,0.0609709003838384,1.0,0.0,1.1277886006968145e-05,1.0,1.0,0.054801402952499,1.0,1.0,0.0042438088653094,1.0,0.0,4.511064281879722e-07,0.0,0.0,0.0047560075475576,0.0,1.0,0.0001935000015627,1.0,5.26906815566236,1.319034842253155,-0.1833498839269813,1.0,0.0033229519368755,1.0,0.0,6.1866e-05,1.0,0.0,0.0780818359754913,1.0,1.0,0.0005061987770295,1.0,1.0,0.0046319778126449,1.0,1.0,4.230149810322677e-05,1.0,1.0,0.0143901863201523,1.0,0.0,0.000205888870925,1.0,1.0,1.0485008265182443e-05,1.0,0.0,4.727633292919413e-05,1.0,1.0,0.0020303420219898,1.0,0.0,0.0003239291874038,1.0,1.0,0.040470127233439,1.0,1.0,9.430302916062188e-05,1.0,1.0,0.0024970022814272,1.0,1.0,0.008057878447995,1.0,0.0,3.581100685587347e-05,1.0,1.0,0.0006568217160262,1.0,1.0,0.0001465665229989,1.0,1.0,9.429577273051934e-06,1.0,1.0,0.0137009721189451,1.0,0.0,0.0331201939790005,1.0,0.0,1.823413704559087e-05,1.0,1.0,4.1824037700210525e-05,1.0,1.0,0.012240492170905,1.0,1.0,1.6453379153737378e-05,1.0,0.0,0.0009566038651163,1.0,0.0,9.009000000078892e-06,1.0,0.0,3.400210998629045e-05,264690.0,0.0007666784842453,0.0,2.1776868377420586e-05,0.0,1.0588758732582654e-17,1.0,0.0,1.0,0.0025321218387256,1.0,1.0,1.0,1.0,0.0130923741622498,1.0,0.0,1.0,3.285304458063486e-08,1.0,0.0,0.0,0.0662406420299684,1.0,0.0,1.0,4.220961268128272e-05,1.0,1.0,1.0,0.0314013556041396,1.0,0.0,1.0,0.074904330565811,1.0,1.0,1.0,0.0,0.0038880648007611,1.0,0.0009321775849994,1.0,0.0,1.0,0.0001766422587642,1.0,1.0,1.0,1.0,0.0004966842211455,1.0,1.0,1.0,5.113336780263151e-05,1.0,1.0,1.0,5.5513498304194126e-11,1.0,0.0,0.0,0.0008529657422899,1.0,0.0,0.0,0.0005437351080745,1.0,1.0,1.0,0.0001593845682877,1.0,1.0,1.0,0.0,7.141476031372507e-05,0.0,1.1260602327740444e-08,1.0,0.0,1.0,1.391576760452184e-07,1.0,0.0,1.0,0.0,1.2471605725878973e-12,1.0,0.0,1.0,0.025910903422787,1.0,1.0,0.0,2.7678274806930743e-09,1.0,0.0,1.0,4.029156113800933e-05,1.0,1.0,1.0,0.0625681803918125,1.0,1.0,1.0,0.0022510326104333,1.0,1.0,0.0,1.0,0.0003511933796536,1.0,1.211617737078952e-05,1.0,1.0,0.0,3.084566583678798e-07,1.0,1.0,1.0,0.068069631789653,1.0,1.0,1.0,1.0,0.0007560329019445,1.0,1.0,0.0,2.005434118854204e-05,1.0,1.0,0.0,2.020472781837938e-05,1.0,0.0,1.0,7.835424874131084e-05,1.0,1.0,0.0,0.0001360607325025,1.0,0.0,0.0,7.495950073295246e-08,1.0,1.0,0.0,0.9489726230253356,0.9954233203387806,1.0,0.6760087715820151,-0.1679431515035865,0.9330359230018012,18.0,838.1171080166442,264690.0,0.0,14889.948151266974,0.0,1.198916733381431,5.26906815566236,-0.1833498839269813,1.6142762597647844,19.0,0.05413105413105413
0.0046206153832621995,0.0229319494175801,0.00249919528398355,0.0009000000000739001,0.01328297730217525,0.00090001692366525,0.00026591101633890004,0.0002631454984931,0.00033392818126865,7.331502967708598e-05,8.548576025260417e-05,0.00029105821481259996,0.00024735873938155,0.0003512855291243,5.676888778292314e-05,0.0010449507369871,0.0005064409604892,0.0008358654805588999,0.00052051110905175,7.070207127557905e-05,9.091415319703556e-05,0.00020577500363135,0.0002983642629857,0.0002617540288247,0.0001651503821096,0.0015179245030616,0.0,0.00432719450097685,1.0,0.00102942819663545,0.6241283467800682,0.00293174722496145,1.0,5.994997453585036e-05,0.0,0.0044740343684259495,0.6132639808286222,0.0006796020422633,0.0,0.0012897750835987,1.0,0.0,0.0003065334790999,1.0,0.6126775856375599,0.0006118439679484,1.0,0.0,0.0001140642768167,1.0,0.0,4.5231767314469614e-05,1.0,0.0,0.000300342941749,1.0,1.0,0.0001730103806228,1.0,0.838949246584827,0.0001192267539485,1.0,1.0,0.0004563540475816,1.0,0.8297127294672082,0.0001009267887653,1.0,1.0,0.0002591730470281,1.0,1.0,0.0003414804871966,1.0,0.0,0.00053096647900015,1.0,1.0,0.00037577784272454996,1.0,0.0,0.000377107236627,1.0,1.0,0.0004090530981813,1.0,1.0,9.332191302040747e-05,1.0,0.01924737487351285,0.0001851516122612,1.0,0.0,0.00036563886477915,1.0,0.0,0.00031034097430555,1.0,5.125785998951052,5.12353888445665,3.821045422006969,1.0,0.00094622228737275,1.0,0.0,0.00030161454166555,1.0,0.8684375368822927,0.00046449533842345,1.0,1.0,9.732505181296526e-05,1.0,0.0,0.0008223474541493,1.0,0.0,0.00042056105139965,1.0,1.0,6.357671017481105e-05,1.0,0.0,8.95186300711204e-05,1.0,0.0,6.86473451718226e-05,1.0,1.0,0.00012451700193175,1.0,0.7370038800720702,0.00041356743116115,1.0,1.0,0.00010771609799514197,1.0,1.0,0.00043539315559245,1.0,1.0,0.00010716288376599581,1.0,0.3544612469420235,0.00013930251401575,1.0,1.0,0.00020470352168515,1.0,1.0,0.00010241458773015292,1.0,1.0,0.00012846642023805002,1.0,1.0,0.0001173863472579,1.0,1.0,0.0003941170459816,1.0,1.0,0.00059357941590055,1.0,0.0,0.0005032711660119501,1.0,0.5,9.801045077654701e-05,1.0,0.0,8.520010267173671e-05,1.0,0.0,0.00018718664858345002,1.0,1.0,0.00015282011881505,1.0,0.5,0.00011340784905625,1.0,0.5,0.000914125365021,1.0,1.0,0.0002244141612071,264690.0,0.00045046316566120005,1.0,0.0001402200700634,0.0,0.0001288436060751,1.0,0.0,1.0,0.0002685248700077,1.0,1.0,1.0,0.0,0.0001476638702497,1.0,0.0,0.0,0.0001011006002661,1.0,0.2446546621430612,1.0,0.0001636726109917,1.0,1.0,1.0,0.0003639966311122,1.0,1.0,1.0,0.00216656541831115,1.0,0.0,0.0,6.023112407805567e-05,1.0,1.0,1.0,1.0,0.0001495623858082,0.0,0.0005471915173509,1.0,0.0,0.0,0.0002409110326885,1.0,1.0,1.0,1.0,0.0004966842211455,1.0,0.0,0.0,0.0004354336168333,1.0,0.0,1.0,0.0003353753618639,1.0,0.0,0.0,0.0001813389352387,1.0,0.0,0.5,0.0008732233762285999,1.0,0.0,1.0,0.0002798930458159,1.0,1.0,0.0,1.0,0.0003246990188076,0.0,0.0001111546724558,1.0,0.0,1.0,8.588548816066386e-05,1.0,0.0,1.0,1.0,0.0001448811360149,1.0,0.0,0.0,0.0001357907762031,1.0,0.0,0.0,0.0003097107657766,1.0,0.0,1.0,0.000101745555167,1.0,1.0,1.0,0.0011244437390187999,1.0,1.0,1.0,0.0013851914448922,1.0,1.0,1.0,0.0,0.0001414197958603,1.0,0.0001351548410148,1.0,0.0,0.3434818868518289,2.677257949943856e-05,1.0,0.0,1.0,0.0001031275165441,1.0,0.0,1.0,0.0,6.54203620841598e-05,1.0,0.0065833504607211,0.0,9.717193159536516e-05,1.0,0.943826511804068,1.0,0.0003676609132862,1.0,0.0,1.0,0.0003798138096054,1.0,0.0,1.0,0.0010352132095212,1.0,0.0,1.0,8.55149140169148e-05,1.0,1.0,0.0,1.0,1.0,0.9964731500717612,9.893222902918712,0.6747247268140028,11.302833097638194,334.0,0.0,0.0,0.0,0.0,1.0,4.389572345106297,11.302833097638194,0.6747247268140028,4.267077913847149,338.0,0.9629629629629629
0.0046206153832621995,0.0229319494175801,0.00249919528398355,0.0009000000000739001,0.01328297730217525,0.00090001692366525,0.00026591101633890004,0.0002631454984931,0.00033392818126865,7.331502967708598e-05,8.548576025260417e-05,0.00029105821481259996,0.00024735873938155,0.0003512855291243,5.676888778292314e-05,0.0010449507369871,0.0005064409604892,0.0008358654805588999,0.00052051110905175,7.070207127557905e-05,9.091415319703556e-05,0.00020577500363135,0.0002983642629857,0.0002617540288247,0.0001651503821096,0.0015179245030616,0.0,0.00432719450097685,1.0,0.00102942819663545,0.6241283467800682,0.00293174722496145,1.0,5.994997453585036e-05,0.0,0.0044740343684259495,0.6132639808286222,0.0006796020422633,0.0,0.0012897750835987,1.0,0.0,0.0003065334790999,1.0,0.6126775856375599,0.0006118439679484,1.0,0.0,0.0001140642768167,1.0,0.0,4.5231767314469614e-05,1.0,0.0,0.000300342941749,1.0,1.0,0.0001730103806228,1.0,0.838949246584827,0.0001192267539485,1.0,1.0,0.0004563540475816,1.0,0.8297127294672082,0.0001009267887653,1.0,1.0,0.0002591730470281,1.0,1.0,0.0003414804871966,1.0,0.0,0.00053096647900015,1.0,1.0,0.00037577784272454996,1.0,0.0,0.000377107236627,1.0,1.0,0.0004090530981813,1.0,1.0,9.332191302040747e-05,1.0,0.01924737487351285,0.0001851516122612,1.0,0.0,0.00036563886477915,1.0,0.0,0.00031034097430555,1.0,5.35435141844272,5.181640615338484,3.821045422006969,1.0,0.00094622228737275,1.0,0.0,0.00030161454166555,1.0,0.8684375368822927,0.00046449533842345,1.0,1.0,9.732505181296526e-05,1.0,0.0,0.0008223474541493,1.0,0.0,0.00042056105139965,1.0,1.0,6.357671017481105e-05,1.0,0.0,8.95186300711204e-05,1.0,0.0,6.86473451718226e-05,1.0,1.0,0.00012451700193175,1.0,0.7370038800720702,0.00041356743116115,1.0,1.0,0.00010771609799514197,1.0,1.0,0.00043539315559245,1.0,1.0,0.00010716288376599581,1.0,0.3544612469420235,0.00013930251401575,1.0,1.0,0.00020470352168515,1.0,1.0,0.00010241458773015292,1.0,1.0,0.00012846642023805002,1.0,1.0,0.0001173863472579,1.0,1.0,0.0003941170459816,1.0,1.0,0.00059357941590055,1.0,0.0,0.0005032711660119501,1.0,0.5,9.801045077654701e-05,1.0,0.0,8.520010267173671e-05,1.0,0.0,0.00018718664858345002,1.0,1.0,0.00015282011881505,1.0,0.5,0.00011340784905625,1.0,0.5,0.000914125365021,1.0,1.0,0.0002244141612071,264690.0,0.00045046316566120005,1.0,0.0001402200700634,0.0,0.0001288436060751,1.0,0.0,1.0,0.0002685248700077,1.0,1.0,1.0,0.0,0.0001476638702497,1.0,0.0,0.0,0.0001011006002661,1.0,0.2446546621430612,1.0,0.0001636726109917,1.0,1.0,1.0,0.0003639966311122,1.0,1.0,1.0,0.00216656541831115,1.0,0.0,0.0,6.023112407805567e-05,1.0,1.0,1.0,1.0,0.0001495623858082,0.0,0.0005471915173509,1.0,0.0,0.0,0.0002409110326885,1.0,1.0,1.0,1.0,0.0004966842211455,1.0,0.0,0.0,0.0004354336168333,1.0,0.0,1.0,0.0003353753618639,1.0,0.0,0.0,0.0001813389352387,1.0,0.0,0.5,0.0008732233762285999,1.0,0.0,1.0,0.0002798930458159,1.0,1.0,0.0,1.0,0.0003246990188076,0.0,0.0001111546724558,1.0,0.0,1.0,8.588548816066386e-05,1.0,0.0,1.0,1.0,0.0001448811360149,1.0,0.0,0.0,0.0001357907762031,1.0,0.0,0.0,0.0003097107657766,1.0,0.0,1.0,0.000101745555167,1.0,1.0,1.0,0.0011244437390187999,1.0,1.0,1.0,0.0013851914448922,1.0,1.0,1.0,0.0,0.0001414197958603,1.0,0.0001351548410148,1.0,0.0,0.3434818868518289,2.677257949943856e-05,1.0,0.0,1.0,0.0001031275165441,1.0,0.0,1.0,0.0,6.54203620841598e-05,1.0,0.0065833504607211,0.0,9.717193159536516e-05,1.0,0.943826511804068,1.0,0.0003676609132862,1.0,0.0,1.0,0.0003798138096054,1.0,0.0,1.0,0.0010352132095212,1.0,0.0,1.0,8.55149140169148e-05,1.0,1.0,0.0,0.9907116879180674,0.9648709330357024,0.9931657007350316,7.091821317140311,0.6298482557224918,7.778360777917396,334.0,0.0,0.0,0.0,0.0,9.0,0.0,0.0,0.0,0.0,351.0,1.0
0.0046206153832621995,0.0229319494175801,0.00249919528398355,0.0009000000000739001,0.01328297730217525,0.00090001692366525,0.0005333235339504,2.6984354000991997e-05,1.1162058116032435e-14,7.956569621611755e-08,1.7040060007309325e-05,3.9344878222858676e-14,0.0094086725600405,4.574036372464384e-07,2.619934207643582e-18,0.0010449507369871,0.0005064409604892,0.0008358654805588999,0.00052051110905175,7.070207127557905e-05,9.091415319703556e-05,0.00020577500363135,0.0002983642629857,0.0002617540288247,0.0001651503821096,0.0017395374744759,0.0,0.00432719450097685,1.0,0.00102942819663545,0.6241283467800682,0.00293174722496145,1.0,5.994997453585036e-05,0.0,0.0044740343684259495,0.6132639808286222,0.0006796020422633,1.0,0.0409305005604309,1.0,1.0,0.0001351351351351,1.0,0.0,1.0535940167524356e-08,1.0,0.6796983787404226,1.8694991013710944e-05,1.0,0.0,8.730632946362176e-07,1.0,1.0,0.0015807686183647,0.0,0.0,0.0008443752609913,1.0,1.0,0.0001673441202548,1.0,1.0,0.0249909206123418,1.0,0.4843785894392444,0.0036728654260734,1.0,1.0,0.0717801452205405,1.0,0.0,0.0001431227342183,1.0,0.0,0.00053096647900015,1.0,1.0,0.00037577784272454996,1.0,0.0,0.000377107236627,1.0,1.0,0.0004090530981813,1.0,1.0,9.332191302040747e-05,1.0,0.01924737487351285,0.0001851516122612,1.0,0.0,0.00036563886477915,1.0,0.0,0.00031034097430555,1.0,5.641632795068356,5.428755157357367,5.647510365816838,1.0,0.00094622228737275,1.0,0.0,0.00030161454166555,1.0,0.8684375368822927,0.00046449533842345,1.0,1.0,9.732505181296526e-05,1.0,0.0,0.0008223474541493,1.0,0.0,0.00042056105139965,1.0,1.0,6.357671017481105e-05,1.0,0.0,8.95186300711204e-05,1.0,0.0,6.86473451718226e-05,1.0,1.0,0.00012451700193175,1.0,0.7370038800720702,0.00041356743116115,1.0,1.0,0.00010771609799514197,1.0,1.0,0.00043539315559245,1.0,1.0,0.00010716288376599581,1.0,0.3544612469420235,0.00013930251401575,1.0,1.0,0.00020470352168515,1.0,1.0,0.00010241458773015292,1.0,1.0,0.00012846642023805002,1.0,1.0,0.0001173863472579,1.0,1.0,0.0003941170459816,1.0,1.0,0.00059357941590055,1.0,0.0,0.0005032711660119501,1.0,0.5,9.801045077654701e-05,1.0,0.0,8.520010267173671e-05,1.0,0.0,0.00018718664858345002,1.0,1.0,0.00015282011881505,1.0,0.5,0.00011340784905625,1.0,0.5,0.000914125365021,1.0,1.0,0.0002244141612071,264690.0,0.0041018262476676,1.0,0.0001402200700634,0.0,0.0001288436060751,1.0,0.0,1.0,0.0002685248700077,1.0,1.0,1.0,0.0,0.0001476638702497,1.0,0.0,0.0,0.0001011006002661,1.0,0.2446546621430612,1.0,0.0001636726109917,1.0,1.0,1.0,0.0003639966311122,1.0,1.0,1.0,0.00216656541831115,1.0,0.0,0.0,6.023112407805567e-05,1.0,1.0,1.0,1.0,0.0001495623858082,0.0,0.0005471915173509,1.0,0.0,0.0,0.0002409110326885,1.0,1.0,1.0,1.0,0.0004966842211455,1.0,0.0,0.0,0.0004354336168333,1.0,0.0,1.0,0.0003353753618639,1.0,0.0,0.0,0.0001813389352387,1.0,0.0,0.5,0.0008732233762285999,1.0,0.0,1.0,0.0002798930458159,1.0,1.0,0.0,1.0,0.0003246990188076,0.0,0.0001111546724558,1.0,0.0,1.0,8.588548816066386e-05,1.0,0.0,1.0,1.0,0.0001448811360149,1.0,0.0,0.0,0.0001357907762031,1.0,0.0,0.0,0.0003097107657766,1.0,0.0,1.0,0.000101745555167,1.0,1.0,1.0,0.0011244437390187999,1.0,1.0,1.0,0.0013851914448922,1.0,1.0,1.0,0.0,0.0255774691738209,0.0,1.1999091290275932e-05,1.0,1.0,0.0,0.0191768274722559,1.0,0.2663126483629849,1.0,1.1875665581233798e-11,1.0,1.0,1.0,1.0,0.0157934891239176,1.0,1.0,0.0,0.0002445893159899,1.0,1.0,1.0,3.736772490095017e-06,1.0,0.0,0.0,0.0680149576809969,1.0,0.0,0.0,1.6904820829451067e-05,1.0,0.0,1.0,0.0070248564333334,1.0,1.0,0.0,1.0,0.9895246674640784,0.969882343188775,6.887135591434335,0.6189420985097625,8.548931219960851,247.0,0.4336361738381331,1.0,0.0,0.4872985644160163,0.0,3.970257137644485,8.548931219960851,0.6189420985097625,3.0648630197910283,249.0,0.7094017094017094
0.0046206153832621995,0.0229319494175801,0.00249919528398355,0.0009000000000739001,0.01328297730217525,0.00090001692366525,0.00026591101633890004,0.0002631454984931,0.00033392818126865,7.331502967708598e-05,8.548576025260417e-05,0.00029105821481259996,0.00024735873938155,0.0003512855291243,5.676888778292314e-05,0.0010449507369871,0.0005064409604892,0.0008358654805588999,0.00052051110905175,7.070207127557905e-05,9.091415319703556e-05,0.00020577500363135,0.0002983642629857,0.0002617540288247,0.0001651503821096,0.0015179245030616,0.0,0.00432719450097685,1.0,0.00102942819663545,0.6241283467800682,0.00293174722496145,1.0,5.994997453585036e-05,0.0,0.0044740343684259495,0.6132639808286222,0.0006796020422633,0.0,4.832899149925317e-12,1.0,1.0,0.0096419317956386,1.0,0.0,0.0007846582918052,1.0,0.0,9.956920391155974e-13,1.0,0.0,0.0126423971693953,1.0,0.0,2.8621226512793e-09,1.0,1.0,0.0026318500810295,1.0,0.0,0.05879754493855406,1.0,0.0,1.9387904894377009e-13,0.0,1.0,0.0040566284611748,1.0,0.0,0.0031260879657548,1.0,1.0,0.0611768175385739,1.0,0.0,0.00053096647900015,1.0,1.0,0.00037577784272454996,1.0,0.0,0.000377107236627,1.0,1.0,0.0004090530981813,1.0,1.0,9.332191302040747e-05,1.0,0.01924737487351285,0.0001851516122612,1.0,0.0,0.00036563886477915,1.0,0.0,0.00031034097430555,1.0,5.1910665300185945,5.154040620627085,2.7811491722379564,1.0,0.00094622228737275,1.0,0.0,0.00030161454166555,1.0,0.8684375368822927,0.00046449533842345,1.0,1.0,9.732505181296526e-05,1.0,0.0,0.0008223474541493,1.0,0.0,0.00042056105139965,1.0,1.0,6.357671017481105e-05,1.0,0.0,8.95186300711204e-05,1.0,0.0,6.86473451718226e-05,1.0,1.0,0.00012451700193175,1.0,0.7370038800720702,0.00041356743116115,1.0,1.0,0.00010771609799514197,1.0,1.0,0.00043539315559245,1.0,1.0,0.00010716288376599581,1.0,0.3544612469420235,0.00013930251401575,1.0,1.0,0.00020470352168515,1.0,1.0,0.00010241458773015292,1.0,1.0,0.00012846642023805002,1.0,1.0,0.0001173863472579,1.0,1.0,0.0003941170459816,1.0,1.0,0.00059357941590055,1.0,0.0,0.0005032711660119501,1.0,0.5,9.801045077654701e-05,1.0,0.0,8.520010267173671e-05,1.0,0.0,0.00018718664858345002,1.0,1.0,0.00015282011881505,1.0,0.5,0.00011340784905625,1.0,0.5,0.000914125365021,1.0,1.0,0.0002244141612071,264690.0,4.6827186505136456e-14,1.0,0.0001402200700634,0.0,0.0001288436060751,1.0,0.0,1.0,0.0002685248700077,1.0,1.0,1.0,0.0,0.0001476638702497,1.0,0.0,0.0,0.0001011006002661,1.0,0.2446546621430612,1.0,0.0001636726109917,1.0,1.0,1.0,0.0003639966311122,1.0,1.0,1.0,0.00216656541831115,1.0,0.0,0.0,6.023112407805567e-05,1.0,1.0,1.0,1.0,0.0001495623858082,0.0,0.0005471915173509,1.0,0.0,0.0,0.0002409110326885,1.0,1.0,1.0,1.0,0.0004966842211455,1.0,0.0,0.0,0.0004354336168333,1.0,0.0,1.0,0.0003353753618639,1.0,0.0,0.0,0.0001813389352387,1.0,0.0,0.5,0.0008732233762285999,1.0,0.0,1.0,0.0002798930458159,1.0,1.0,0.0,1.0,0.0003246990188076,0.0,0.0001111546724558,1.0,0.0,1.0,8.588548816066386e-05,1.0,0.0,1.0,1.0,0.0001448811360149,1.0,0.0,0.0,0.0001357907762031,1.0,0.0,0.0,0.0003097107657766,1.0,0.0,1.0,0.000101745555167,1.0,1.0,1.0,0.0011244437390187999,1.0,1.0,1.0,0.0013851914448922,1.0,1.0,1.0,0.0,0.0001414197958603,1.0,0.0001351548410148,1.0,0.0,0.3434818868518289,2.677257949943856e-05,1.0,0.0,1.0,0.0001031275165441,1.0,0.0,1.0,0.0,6.54203620841598e-05,1.0,0.0065833504607211,0.0,9.717193159536516e-05,1.0,0.943826511804068,1.0,0.0003676609132862,1.0,0.0,1.0,0.0003798138096054,1.0,0.0,1.0,0.0010352132095212,1.0,0.0,1.0,8.55149140169148e-05,1.0,1.0,0.0,0.985999148263001,0.9957163351899012,0.9701042481328824,2.570239379345737,0.6176782941161993,1.3598989118955715,297.0,0.4096347377168637,1.0,0.0,0.4943936567797919,0.0,2.291765848869659,5.1910665300185945,0.6176782941161993,1.7929762403440834,300.0,0.8547008547008547
0.0046206153832621995,0.0229319494175801,0.00249919528398355,0.0009000000000739001,0.01328297730217525,0.00090001692366525,6.179088731800626e-06,0.0004681260472924,1.6295391872364955e-09,6.980591388836216e-18,0.0001241169774008,0.0230866767854977,5.413937752409479e-05,2.1259899032922528e-05,8.90439998758223e-18,0.0015290312517062,0.000108211506605,0.0237411408309647,0.0014712117194905,7.018452304596642e-11,0.0066319357756188,6.797769151788891e-05,0.0009998407190741,0.0271581925681415,0.0002554757052904,2.647171527335291e-05,0.0,0.00432719450097685,1.0,0.00102942819663545,0.6241283467800682,0.00293174722496145,1.0,5.994997453585036e-05,0.0,0.0044740343684259495,0.6132639808286222,0.0006796020422633,0.0,0.0222723101941585,1.0,1.0,0.0277604045202783,1.0,1.0,2.0274599121930516e-05,1.0,0.0,0.0117388467277845,0.0,0.0,2.353029472129054e-07,0.0,1.0,0.0671606666491585,1.0,1.0,2.3856992237777563e-13,1.0,0.0,1.6857657233766504e-13,1.0,0.0,0.0011794544639549,1.0,0.0,1.9963594155702624e-12,1.0,1.0,1.995149205620481e-06,1.0,1.0,8.093016591841914e-05,1.0,0.0,0.0030092140459506,0.0,1.0,2.747368442011281e-05,1.0,1.0,0.0092736666223269,0.0,0.0,0.0580572955247805,0.0,1.0,0.0070848597891737,1.0,0.0,1.6655861143586902e-10,0.0,0.0,0.0001125109003681,1.0,0.0,0.0251596221470766,0.0,5.303222868021894,5.483927104384849,3.821045422006969,0.0,0.0006591849455022,1.0,1.0,6.021900000005656e-06,1.0,1.0,0.0148096327820897,1.0,1.0,4.941482112585226e-07,1.0,1.0,2.751218157444865e-05,1.0,0.0,1.3260338956241852e-05,1.0,0.0,0.0003323764405368,1.0,1.0,6.433180529672034e-06,1.0,0.0,0.0026445459518721,1.0,1.0,0.0003877713224471,1.0,1.0,4.968189593630846e-05,1.0,0.0,6.255898426232807e-05,1.0,1.0,0.0001316735990259,1.0,0.0,0.0876686978745084,1.0,1.0,1.651543879171412e-16,1.0,0.0,3.41081640207294e-06,1.0,0.0,3.0800464677102022e-06,1.0,1.0,1.4329638655646302e-15,1.0,0.0,7.401248111102682e-06,1.0,0.0,0.0094808989014045,1.0,1.0,1.7822398309398478e-06,1.0,1.0,0.0444911441591997,1.0,1.0,6.58171923466803e-08,1.0,0.0,1.1844512610050833e-05,1.0,1.0,2.155553617099564e-06,1.0,1.0,0.000115994786379,1.0,0.0,0.0117917416644912,1.0,1.0,0.0006509280931275,1.0,0.0,0.0006860296968236,264690.0,0.0026170257715797,0.0,0.0013484272178232,0.0,5.298213346239843e-07,1.0,1.0,0.0,2.3153573449611347e-11,1.0,1.0,1.0,0.0,9.326977028192025e-08,1.0,0.7679780155869271,0.0,6.129799615381846e-10,1.0,0.0,1.0,0.0024921608943828,1.0,0.0,0.0,0.0005856662211741,1.0,0.0,1.0,0.09578984788343793,1.0,0.0,0.0,5.507431578064213e-06,1.0,0.0,0.0,1.0,0.0560898138081621,0.0,0.000934625605282,1.0,0.0,1.0,5.428342230644626e-15,1.0,1.0,1.0,1.0,2.234429363930232e-07,1.0,0.0,0.0,9.599419549539512e-05,1.0,0.0,1.0,0.0353950846074132,1.0,0.0,0.0,3.506939990398373e-05,1.0,1.0,0.0,0.0033396574523401,1.0,1.0,1.0,0.0185526630013738,1.0,0.0,0.0,0.0,0.0067110229645684,0.0,1.4319831451952747e-06,1.0,0.0,1.0,1.9037971206954328e-08,1.0,1.0,1.0,0.0,0.0001038042740754,1.0,0.0,0.0,4.035129576512664e-05,1.0,1.0,1.0,0.0035499414482446,1.0,1.0,0.0,5.026035711971257e-05,1.0,1.0,1.0,5.026558094223712e-05,1.0,0.0,1.0,0.0960894972267893,1.0,1.0,1.0,0.0,0.0026205744603005,0.0,6.477941028875477e-11,1.0,0.0,0.0,0.0112745534790299,1.0,0.4935182207604905,0.0,4.72288972680385e-11,1.0,0.0,1.0,0.0,0.0004863837368964,1.0,0.0,0.0,0.0046613710504034,1.0,1.0,0.0,0.0512028267610237,1.0,1.0,1.0,0.003791183129318,1.0,1.0,1.0,0.0557824972907911,1.0,0.0,0.0,2.226701633518558e-06,1.0,0.0,1.0,1.0,0.9011510535317142,0.9664262515916968,5.664426607221284,0.609460773156479,8.05081612641149,18.0,838.0481271179357,264690.0,0.0,14889.952043827916,1.0,3.4974288480399256,8.05081612641149,0.609460773156479,2.936480530505115,20.0,0.05698005698005698
