fold,row_index,Variant_ID,Label,score,prediction,threshold,profile,threshold_strategy
0,5,VAR_002119,0,0.36384298927875014,0,0.471,conservative_regularized,profile_f1_macro_opt
0,9,VAR_006030,1,0.72971888409568,1,0.471,conservative_regularized,profile_f1_macro_opt
0,12,VAR_003833,0,0.1764370708923585,0,0.471,conservative_regularized,profile_f1_macro_opt
0,14,VAR_002625,1,0.7477276916649612,1,0.471,conservative_regularized,profile_f1_macro_opt
0,21,VAR_002184,1,0.8799434768929638,1,0.471,conservative_regularized,profile_f1_macro_opt
0,22,VAR_005553,1,0.6272593106083345,1,0.471,conservative_regularized,profile_f1_macro_opt
0,24,VAR_003782,1,0.742974409357519,1,0.471,conservative_regularized,profile_f1_macro_opt
0,26,VAR_001654,0,0.5027911473542417,1,0.471,conservative_regularized,profile_f1_macro_opt
0,28,VAR_004860,1,0.8696926113000701,1,0.471,conservative_regularized,profile_f1_macro_opt
0,31,VAR_005772,1,0.7276178096239031,1,0.471,conservative_regularized,profile_f1_macro_opt
0,44,VAR_002020,1,0.7121414790532179,1,0.471,conservative_regularized,profile_f1_macro_opt
0,47,VAR_004829,1,0.6836933665108101,1,0.471,conservative_regularized,profile_f1_macro_opt
0,48,VAR_001582,0,0.5027911473542417,1,0.471,conservative_regularized,profile_f1_macro_opt
0,51,VAR_001548,1,0.5027911473542417,1,0.471,conservative_regularized,profile_f1_macro_opt
0,56,VAR_005839,1,0.7980079978549047,1,0.471,conservative_regularized,profile_f1_macro_opt
0,58,VAR_000344,0,0.5343631911136987,1,0.471,conservative_regularized,profile_f1_macro_opt
0,77,VAR_000414,1,0.5027911473542417,1,0.471,conservative_regularized,profile_f1_macro_opt
0,81,VAR_000086,1,0.8027432960925,1,0.471,conservative_regularized,profile_f1_macro_opt
0,83,VAR_004760,1,0.7658911454101428,1,0.471,conservative_regularized,profile_f1_macro_opt
0,87,VAR_006413,0,0.24172082089289004,0,0.471,conservative_regularized,profile_f1_macro_opt
0,95,VAR_003541,1,0.42964761297604714,0,0.471,conservative_regularized,profile_f1_macro_opt
0,114,VAR_000850,1,0.7374853913104352,1,0.471,conservative_regularized,profile_f1_macro_opt
0,115,VAR_003325,1,0.771027466836124,1,0.471,conservative_regularized,profile_f1_macro_opt
0,116,VAR_005416,0,0.1805524957262281,0,0.471,conservative_regularized,profile_f1_macro_opt
0,117,VAR_006407,0,0.6064894935659856,1,0.471,conservative_regularized,profile_f1_macro_opt
0,118,VAR_006584,1,0.9157079699888899,1,0.471,conservative_regularized,profile_f1_macro_opt
0,123,VAR_003331,0,0.7350715391246831,1,0.471,conservative_regularized,profile_f1_macro_opt
0,124,VAR_000259,1,0.7785250934603102,1,0.471,conservative_regularized,profile_f1_macro_opt
0,128,VAR_003389,1,0.7083337427294125,1,0.471,conservative_regularized,profile_f1_macro_opt
0,132,VAR_005242,1,0.8331651058274752,1,0.471,conservative_regularized,profile_f1_macro_opt
0,141,VAR_006155,1,0.608452196408444,1,0.471,conservative_regularized,profile_f1_macro_opt
0,149,VAR_003384,1,0.8661409230624431,1,0.471,conservative_regularized,profile_f1_macro_opt
0,161,VAR_002798,0,0.3130183143073563,0,0.471,conservative_regularized,profile_f1_macro_opt
0,173,VAR_006382,1,0.7979878911809003,1,0.471,conservative_regularized,profile_f1_macro_opt
0,174,VAR_006330,1,0.7372903163080478,1,0.471,conservative_regularized,profile_f1_macro_opt
0,175,VAR_006100,1,0.7943254080776199,1,0.471,conservative_regularized,profile_f1_macro_opt
0,178,VAR_006429,0,0.7126495252667118,1,0.471,conservative_regularized,profile_f1_macro_opt
0,179,VAR_001649,1,0.6298944394411827,1,0.471,conservative_regularized,profile_f1_macro_opt
0,183,VAR_006115,0,0.8955158805145749,1,0.471,conservative_regularized,profile_f1_macro_opt
0,186,VAR_001359,1,0.5668218849845451,1,0.471,conservative_regularized,profile_f1_macro_opt
0,187,VAR_005952,1,0.7530165591297253,1,0.471,conservative_regularized,profile_f1_macro_opt
0,188,VAR_002024,1,0.8893768567685655,1,0.471,conservative_regularized,profile_f1_macro_opt
0,198,VAR_002189,1,0.8683839533676003,1,0.471,conservative_regularized,profile_f1_macro_opt
0,252,VAR_000284,1,0.7747898198006583,1,0.471,conservative_regularized,profile_f1_macro_opt
0,255,VAR_000186,1,0.8358728339544611,1,0.471,conservative_regularized,profile_f1_macro_opt
0,265,VAR_005212,1,0.8561713515874945,1,0.471,conservative_regularized,profile_f1_macro_opt
0,277,VAR_002310,1,0.16897717445071664,0,0.471,conservative_regularized,profile_f1_macro_opt
0,279,VAR_003403,1,0.8732120702729058,1,0.471,conservative_regularized,profile_f1_macro_opt
0,290,VAR_003863,1,0.8933119963832686,1,0.471,conservative_regularized,profile_f1_macro_opt
0,298,VAR_005169,1,0.694160217127297,1,0.471,conservative_regularized,profile_f1_macro_opt
0,299,VAR_000123,0,0.3064258302496432,0,0.471,conservative_regularized,profile_f1_macro_opt
0,302,VAR_003818,0,0.4798947806225576,1,0.471,conservative_regularized,profile_f1_macro_opt
0,307,VAR_000356,0,0.21030584037823682,0,0.471,conservative_regularized,profile_f1_macro_opt
0,308,VAR_000064,1,0.628565089603143,1,0.471,conservative_regularized,profile_f1_macro_opt
0,313,VAR_000345,1,0.8967595413816989,1,0.471,conservative_regularized,profile_f1_macro_opt
0,316,VAR_001373,0,0.5027911473542417,1,0.471,conservative_regularized,profile_f1_macro_opt
0,322,VAR_006255,0,0.15610457692609392,0,0.471,conservative_regularized,profile_f1_macro_opt
0,326,VAR_006460,1,0.9010625357877854,1,0.471,conservative_regularized,profile_f1_macro_opt
0,327,VAR_000840,1,0.8258967832216396,1,0.471,conservative_regularized,profile_f1_macro_opt
0,338,VAR_005540,1,0.6943532473610285,1,0.471,conservative_regularized,profile_f1_macro_opt
0,339,VAR_000847,1,0.9218218664772135,1,0.471,conservative_regularized,profile_f1_macro_opt
0,354,VAR_005794,1,0.7597470241514825,1,0.471,conservative_regularized,profile_f1_macro_opt
0,358,VAR_003510,1,0.35698715523646685,0,0.471,conservative_regularized,profile_f1_macro_opt
0,361,VAR_000115,1,0.7739748575714691,1,0.471,conservative_regularized,profile_f1_macro_opt
0,366,VAR_005711,1,0.7666586672927876,1,0.471,conservative_regularized,profile_f1_macro_opt
0,371,VAR_001447,0,0.4579529588925509,0,0.471,conservative_regularized,profile_f1_macro_opt
0,374,VAR_005477,1,0.8821864306477296,1,0.471,conservative_regularized,profile_f1_macro_opt
0,382,VAR_003020,1,0.6570716922282259,1,0.471,conservative_regularized,profile_f1_macro_opt
0,394,VAR_000060,1,0.8559014393340906,1,0.471,conservative_regularized,profile_f1_macro_opt
0,418,VAR_002533,1,0.5775095288188847,1,0.471,conservative_regularized,profile_f1_macro_opt
0,420,VAR_005485,1,0.8981081991616712,1,0.471,conservative_regularized,profile_f1_macro_opt
0,430,VAR_005721,1,0.3133927598606557,0,0.471,conservative_regularized,profile_f1_macro_opt
0,441,VAR_006416,0,0.23752714263206137,0,0.471,conservative_regularized,profile_f1_macro_opt
0,444,VAR_003883,0,0.5027911473542417,1,0.471,conservative_regularized,profile_f1_macro_opt
0,455,VAR_001431,0,0.5027911473542417,1,0.471,conservative_regularized,profile_f1_macro_opt
0,469,VAR_001987,0,0.36595151186462876,0,0.471,conservative_regularized,profile_f1_macro_opt
0,484,VAR_006500,1,0.8913715977172275,1,0.471,conservative_regularized,profile_f1_macro_opt
0,489,VAR_002491,1,0.7175193759837561,1,0.471,conservative_regularized,profile_f1_macro_opt
0,505,VAR_002382,0,0.7235394214518134,1,0.471,conservative_regularized,profile_f1_macro_opt
0,512,VAR_005583,1,0.611609087477651,1,0.471,conservative_regularized,profile_f1_macro_opt
0,515,VAR_001327,1,0.5027911473542417,1,0.471,conservative_regularized,profile_f1_macro_opt
0,516,VAR_006047,1,0.9030284265946104,1,0.471,conservative_regularized,profile_f1_macro_opt
0,518,VAR_006316,0,0.3430380045286709,0,0.471,conservative_regularized,profile_f1_macro_opt
0,522,VAR_006373,0,0.4647714815132606,0,0.471,conservative_regularized,profile_f1_macro_opt
0,523,VAR_003896,0,0.8716053564789925,1,0.471,conservative_regularized,profile_f1_macro_opt
0,530,VAR_002264,1,0.5316540863245504,1,0.471,conservative_regularized,profile_f1_macro_opt
0,533,VAR_002846,1,0.7739574983794417,1,0.471,conservative_regularized,profile_f1_macro_opt
0,539,VAR_005898,0,0.5027911473542417,1,0.471,conservative_regularized,profile_f1_macro_opt
0,549,VAR_002773,0,0.613676167964828,1,0.471,conservative_regularized,profile_f1_macro_opt
0,556,VAR_004940,1,0.7390742312101266,1,0.471,conservative_regularized,profile_f1_macro_opt
0,557,VAR_000099,0,0.27751980631826817,0,0.471,conservative_regularized,profile_f1_macro_opt
0,569,VAR_004913,0,0.8136222698532228,1,0.471,conservative_regularized,profile_f1_macro_opt
0,576,VAR_000197,0,0.6860133613401536,1,0.471,conservative_regularized,profile_f1_macro_opt
0,582,VAR_005290,1,0.37831533926230976,0,0.471,conservative_regularized,profile_f1_macro_opt
0,583,VAR_004806,1,0.6443435437749214,1,0.471,conservative_regularized,profile_f1_macro_opt
0,592,VAR_000251,0,0.20102267193520212,0,0.471,conservative_regularized,profile_f1_macro_opt
0,613,VAR_004989,0,0.3754153890623593,0,0.471,conservative_regularized,profile_f1_macro_opt
0,617,VAR_006370,1,0.9190842835757921,1,0.471,conservative_regularized,profile_f1_macro_opt
0,624,VAR_003538,1,0.5473995271666354,1,0.471,conservative_regularized,profile_f1_macro_opt
0,630,VAR_002159,1,0.8410273132311612,1,0.471,conservative_regularized,profile_f1_macro_opt
0,635,VAR_004460,0,0.19699983186206055,0,0.471,conservative_regularized,profile_f1_macro_opt
0,641,VAR_002340,1,0.5478509684047452,1,0.471,conservative_regularized,profile_f1_macro_opt
0,644,VAR_004838,1,0.6878399798482137,1,0.471,conservative_regularized,profile_f1_macro_opt
0,653,VAR_002718,1,0.8881588370132609,1,0.471,conservative_regularized,profile_f1_macro_opt
0,659,VAR_003154,1,0.5027911473542417,1,0.471,conservative_regularized,profile_f1_macro_opt
0,667,VAR_004044,0,0.20800746294660588,0,0.471,conservative_regularized,profile_f1_macro_opt
0,668,VAR_002841,1,0.8956761415495149,1,0.471,conservative_regularized,profile_f1_macro_opt
0,674,VAR_001438,1,0.3693615885686123,0,0.471,conservative_regularized,profile_f1_macro_opt
0,682,VAR_006489,1,0.7804820058958456,1,0.471,conservative_regularized,profile_f1_macro_opt
0,687,VAR_002067,0,0.2823630497521619,0,0.471,conservative_regularized,profile_f1_macro_opt
0,688,VAR_005944,1,0.8879103757153719,1,0.471,conservative_regularized,profile_f1_macro_opt
0,694,VAR_002279,1,0.31846987554804,0,0.471,conservative_regularized,profile_f1_macro_opt
0,705,VAR_001619,0,0.5027911473542417,1,0.471,conservative_regularized,profile_f1_macro_opt
0,707,VAR_004107,1,0.8670577959151499,1,0.471,conservative_regularized,profile_f1_macro_opt
0,709,VAR_002689,1,0.7278230107963588,1,0.471,conservative_regularized,profile_f1_macro_opt
0,717,VAR_001414,1,0.3642823706082469,0,0.471,conservative_regularized,profile_f1_macro_opt
0,720,VAR_000142,1,0.8441762745320954,1,0.471,conservative_regularized,profile_f1_macro_opt
0,739,VAR_003902,1,0.5027911473542417,1,0.471,conservative_regularized,profile_f1_macro_opt
0,743,VAR_001379,1,0.6370082194411136,1,0.471,conservative_regularized,profile_f1_macro_opt
0,747,VAR_004027,1,0.8408361766389234,1,0.471,conservative_regularized,profile_f1_macro_opt
0,751,VAR_005455,1,0.922063259603418,1,0.471,conservative_regularized,profile_f1_macro_opt
0,754,VAR_004881,1,0.6796503219410912,1,0.471,conservative_regularized,profile_f1_macro_opt
0,757,VAR_001143,1,0.9261521628338361,1,0.471,conservative_regularized,profile_f1_macro_opt
0,762,VAR_000289,1,0.7804637368176643,1,0.471,conservative_regularized,profile_f1_macro_opt
0,765,VAR_004348,0,0.5548317463188763,1,0.471,conservative_regularized,profile_f1_macro_opt
0,766,VAR_005185,1,0.8227768776368967,1,0.471,conservative_regularized,profile_f1_macro_opt
0,767,VAR_003910,1,0.6368437288684687,1,0.471,conservative_regularized,profile_f1_macro_opt
0,796,VAR_005517,1,0.8435882962285162,1,0.471,conservative_regularized,profile_f1_macro_opt
0,819,VAR_000296,1,0.7184701608403901,1,0.471,conservative_regularized,profile_f1_macro_opt
0,821,VAR_004722,1,0.8004408147728374,1,0.471,conservative_regularized,profile_f1_macro_opt
0,825,VAR_000962,1,0.8967833023739673,1,0.471,conservative_regularized,profile_f1_macro_opt
0,832,VAR_003289,1,0.6279420340594929,1,0.471,conservative_regularized,profile_f1_macro_opt
0,834,VAR_000809,1,0.8985642343191619,1,0.471,conservative_regularized,profile_f1_macro_opt
0,835,VAR_000467,0,0.35673098374912915,0,0.471,conservative_regularized,profile_f1_macro_opt
0,839,VAR_005165,1,0.7497903992945493,1,0.471,conservative_regularized,profile_f1_macro_opt
0,843,VAR_006404,0,0.6309039293727078,1,0.471,conservative_regularized,profile_f1_macro_opt
0,845,VAR_004416,1,0.6427715146255449,1,0.471,conservative_regularized,profile_f1_macro_opt
0,846,VAR_000408,1,0.9210087996156475,1,0.471,conservative_regularized,profile_f1_macro_opt
0,850,VAR_003806,1,0.7204015372533933,1,0.471,conservative_regularized,profile_f1_macro_opt
0,851,VAR_002597,0,0.566753697882281,1,0.471,conservative_regularized,profile_f1_macro_opt
0,853,VAR_003780,1,0.7092101330479976,1,0.471,conservative_regularized,profile_f1_macro_opt
0,861,VAR_001021,0,0.8828507361789253,1,0.471,conservative_regularized,profile_f1_macro_opt
0,863,VAR_003798,1,0.8956291031658101,1,0.471,conservative_regularized,profile_f1_macro_opt
0,864,VAR_002316,1,0.8716703383120755,1,0.471,conservative_regularized,profile_f1_macro_opt
0,866,VAR_002496,1,0.5027911473542417,1,0.471,conservative_regularized,profile_f1_macro_opt
0,867,VAR_002509,1,0.7781828253419592,1,0.471,conservative_regularized,profile_f1_macro_opt
0,870,VAR_006039,1,0.7057992397764841,1,0.471,conservative_regularized,profile_f1_macro_opt
0,875,VAR_002000,1,0.7535647568285023,1,0.471,conservative_regularized,profile_f1_macro_opt
0,881,VAR_001479,0,0.4672293872692874,0,0.471,conservative_regularized,profile_f1_macro_opt
0,887,VAR_001758,0,0.30801704058419827,0,0.471,conservative_regularized,profile_f1_macro_opt
0,896,VAR_004392,1,0.7570083847426514,1,0.471,conservative_regularized,profile_f1_macro_opt
0,900,VAR_005908,1,0.868393534951887,1,0.471,conservative_regularized,profile_f1_macro_opt
0,902,VAR_005200,1,0.7007443023725812,1,0.471,conservative_regularized,profile_f1_macro_opt
0,907,VAR_005864,1,0.7710236068665828,1,0.471,conservative_regularized,profile_f1_macro_opt
0,908,VAR_001402,1,0.6390007458297553,1,0.471,conservative_regularized,profile_f1_macro_opt
0,915,VAR_001699,0,0.3598628934741057,0,0.471,conservative_regularized,profile_f1_macro_opt
0,922,VAR_004644,0,0.39023381930826084,0,0.471,conservative_regularized,profile_f1_macro_opt
0,926,VAR_004062,1,0.8773185502152733,1,0.471,conservative_regularized,profile_f1_macro_opt
0,943,VAR_000852,1,0.8159253527232515,1,0.471,conservative_regularized,profile_f1_macro_opt
0,958,VAR_000923,0,0.28153996404371245,0,0.471,conservative_regularized,profile_f1_macro_opt
0,959,VAR_005640,0,0.26426561528520437,0,0.471,conservative_regularized,profile_f1_macro_opt
0,961,VAR_001586,1,0.6199609191928758,1,0.471,conservative_regularized,profile_f1_macro_opt
0,963,VAR_005476,0,0.3689700773749594,0,0.471,conservative_regularized,profile_f1_macro_opt
0,964,VAR_005765,1,0.7246137240357168,1,0.471,conservative_regularized,profile_f1_macro_opt
0,966,VAR_001774,1,0.9024148193508807,1,0.471,conservative_regularized,profile_f1_macro_opt
0,972,VAR_000167,1,0.7081897380063183,1,0.471,conservative_regularized,profile_f1_macro_opt
0,979,VAR_003442,0,0.18016730987522392,0,0.471,conservative_regularized,profile_f1_macro_opt
0,991,VAR_006178,1,0.8859526029706992,1,0.471,conservative_regularized,profile_f1_macro_opt
0,1004,VAR_001092,0,0.8450983298425445,1,0.471,conservative_regularized,profile_f1_macro_opt
0,1010,VAR_003281,1,0.8790652208111677,1,0.471,conservative_regularized,profile_f1_macro_opt
0,1017,VAR_001388,1,0.5027911473542417,1,0.471,conservative_regularized,profile_f1_macro_opt
0,1019,VAR_001405,1,0.5027911473542417,1,0.471,conservative_regularized,profile_f1_macro_opt
0,1030,VAR_000241,1,0.8661318276459719,1,0.471,conservative_regularized,profile_f1_macro_opt
0,1034,VAR_002223,1,0.8884320208886213,1,0.471,conservative_regularized,profile_f1_macro_opt
0,1038,VAR_005090,0,0.18785296057830836,0,0.471,conservative_regularized,profile_f1_macro_opt
0,1056,VAR_002452,1,0.8866261176739896,1,0.471,conservative_regularized,profile_f1_macro_opt
0,1061,VAR_001418,1,0.5027911473542417,1,0.471,conservative_regularized,profile_f1_macro_opt
0,1068,VAR_003678,1,0.8445620103012087,1,0.471,conservative_regularized,profile_f1_macro_opt
0,1075,VAR_004070,1,0.8956518593099608,1,0.471,conservative_regularized,profile_f1_macro_opt
0,1090,VAR_004208,0,0.5027911473542417,1,0.471,conservative_regularized,profile_f1_macro_opt
0,1094,VAR_004268,0,0.3023605907094754,0,0.471,conservative_regularized,profile_f1_macro_opt
0,1096,VAR_004766,1,0.5441586564463697,1,0.471,conservative_regularized,profile_f1_macro_opt
0,1103,VAR_004583,0,0.6043895185649487,1,0.471,conservative_regularized,profile_f1_macro_opt
0,1108,VAR_000697,1,0.5049996302160589,1,0.471,conservative_regularized,profile_f1_macro_opt
0,1114,VAR_000517,0,0.18798587191427962,0,0.471,conservative_regularized,profile_f1_macro_opt
0,1118,VAR_000957,1,0.6749622710980088,1,0.471,conservative_regularized,profile_f1_macro_opt
0,1130,VAR_001226,1,0.8496104989448223,1,0.471,conservative_regularized,profile_f1_macro_opt
0,1134,VAR_005342,0,0.2431142494244074,0,0.471,conservative_regularized,profile_f1_macro_opt
0,1140,VAR_002571,0,0.1801807100473317,0,0.471,conservative_regularized,profile_f1_macro_opt
0,1148,VAR_005518,1,0.8668081195592764,1,0.471,conservative_regularized,profile_f1_macro_opt
0,1158,VAR_005707,1,0.8807064498226995,1,0.471,conservative_regularized,profile_f1_macro_opt
0,1163,VAR_000476,1,0.48598223782130207,1,0.471,conservative_regularized,profile_f1_macro_opt
0,1172,VAR_002803,1,0.7427394954478597,1,0.471,conservative_regularized,profile_f1_macro_opt
0,1175,VAR_006239,0,0.19772151022065446,0,0.471,conservative_regularized,profile_f1_macro_opt
0,1177,VAR_005016,1,0.7263412188811562,1,0.471,conservative_regularized,profile_f1_macro_opt
0,1178,VAR_006560,0,0.25822695335757334,0,0.471,conservative_regularized,profile_f1_macro_opt
0,1194,VAR_006277,0,0.3253834671128376,0,0.471,conservative_regularized,profile_f1_macro_opt
0,1195,VAR_004098,0,0.3681654963385343,0,0.471,conservative_regularized,profile_f1_macro_opt
0,1200,VAR_006350,1,0.8089840800797139,1,0.471,conservative_regularized,profile_f1_macro_opt
0,1207,VAR_004994,0,0.2704907042163596,0,0.471,conservative_regularized,profile_f1_macro_opt
0,1210,VAR_003245,0,0.456557379518173,0,0.471,conservative_regularized,profile_f1_macro_opt
0,1212,VAR_005183,1,0.8695497721646118,1,0.471,conservative_regularized,profile_f1_macro_opt
0,1214,VAR_000528,1,0.8098513551264719,1,0.471,conservative_regularized,profile_f1_macro_opt
0,1228,VAR_003960,1,0.8061233171494655,1,0.471,conservative_regularized,profile_f1_macro_opt
0,1248,VAR_003859,1,0.856005734442761,1,0.471,conservative_regularized,profile_f1_macro_opt
0,1249,VAR_000299,0,0.24804485678006621,0,0.471,conservative_regularized,profile_f1_macro_opt
0,1250,VAR_004281,1,0.47156997617020924,1,0.471,conservative_regularized,profile_f1_macro_opt
0,1252,VAR_004815,1,0.8499378901859814,1,0.471,conservative_regularized,profile_f1_macro_opt
0,1253,VAR_002494,0,0.15229422537243834,0,0.471,conservative_regularized,profile_f1_macro_opt
0,1262,VAR_002175,1,0.6579789579940188,1,0.471,conservative_regularized,profile_f1_macro_opt
0,1270,VAR_004585,1,0.907432972998315,1,0.471,conservative_regularized,profile_f1_macro_opt
0,1275,VAR_000489,1,0.6461499982629695,1,0.471,conservative_regularized,profile_f1_macro_opt
0,1282,VAR_006159,0,0.31982236952617615,0,0.471,conservative_regularized,profile_f1_macro_opt
0,1286,VAR_001528,1,0.5027911473542417,1,0.471,conservative_regularized,profile_f1_macro_opt
0,1288,VAR_005496,1,0.8642543524396669,1,0.471,conservative_regularized,profile_f1_macro_opt
0,1290,VAR_005586,1,0.8996316655894857,1,0.471,conservative_regularized,profile_f1_macro_opt
0,1291,VAR_004748,1,0.6773363626715552,1,0.471,conservative_regularized,profile_f1_macro_opt
0,1293,VAR_001751,1,0.3073573058422187,0,0.471,conservative_regularized,profile_f1_macro_opt
0,1297,VAR_006509,1,0.6375349092486211,1,0.471,conservative_regularized,profile_f1_macro_opt
0,1309,VAR_000460,0,0.18773602725971106,0,0.471,conservative_regularized,profile_f1_macro_opt
0,1331,VAR_005094,1,0.7371666794306878,1,0.471,conservative_regularized,profile_f1_macro_opt
0,1334,VAR_005691,1,0.6708636066396585,1,0.471,conservative_regularized,profile_f1_macro_opt
0,1335,VAR_001034,0,0.4518647619234277,0,0.471,conservative_regularized,profile_f1_macro_opt
0,1341,VAR_001636,1,0.553251207590259,1,0.471,conservative_regularized,profile_f1_macro_opt
0,1350,VAR_005404,1,0.8660121512736059,1,0.471,conservative_regularized,profile_f1_macro_opt
0,1354,VAR_006188,0,0.3810387690964084,0,0.471,conservative_regularized,profile_f1_macro_opt
0,1356,VAR_002206,1,0.9158824814400486,1,0.471,conservative_regularized,profile_f1_macro_opt
0,1357,VAR_005292,1,0.4429314527372566,0,0.471,conservative_regularized,profile_f1_macro_opt
0,1362,VAR_002207,0,0.8953145782464162,1,0.471,conservative_regularized,profile_f1_macro_opt
0,1366,VAR_004475,1,0.8188707725167573,1,0.471,conservative_regularized,profile_f1_macro_opt
0,1386,VAR_006282,1,0.5027911473542417,1,0.471,conservative_regularized,profile_f1_macro_opt
0,1390,VAR_001702,1,0.6566042081414621,1,0.471,conservative_regularized,profile_f1_macro_opt
0,1392,VAR_005391,0,0.24946923021327358,0,0.471,conservative_regularized,profile_f1_macro_opt
0,1399,VAR_004073,1,0.7512689495352776,1,0.471,conservative_regularized,profile_f1_macro_opt
0,1402,VAR_000076,1,0.8681478420538093,1,0.471,conservative_regularized,profile_f1_macro_opt
0,1412,VAR_005582,1,0.8266699932721547,1,0.471,conservative_regularized,profile_f1_macro_opt
0,1425,VAR_006139,1,0.893432091061371,1,0.471,conservative_regularized,profile_f1_macro_opt
0,1427,VAR_000822,0,0.41846091183627904,0,0.471,conservative_regularized,profile_f1_macro_opt
0,1434,VAR_006217,1,0.5027911473542417,1,0.471,conservative_regularized,profile_f1_macro_opt
0,1436,VAR_005075,1,0.7999557176927931,1,0.471,conservative_regularized,profile_f1_macro_opt
0,1441,VAR_005786,1,0.8568588506010706,1,0.471,conservative_regularized,profile_f1_macro_opt
0,1451,VAR_005285,1,0.5027911473542417,1,0.471,conservative_regularized,profile_f1_macro_opt
0,1458,VAR_002880,1,0.8125089565442027,1,0.471,conservative_regularized,profile_f1_macro_opt
0,1463,VAR_002611,0,0.7359677338651889,1,0.471,conservative_regularized,profile_f1_macro_opt
0,1465,VAR_002350,1,0.5178949531365866,1,0.471,conservative_regularized,profile_f1_macro_opt
0,1468,VAR_004197,0,0.3159527273708263,0,0.471,conservative_regularized,profile_f1_macro_opt
0,1482,VAR_003256,1,0.7000994287964616,1,0.471,conservative_regularized,profile_f1_macro_opt
0,1488,VAR_005147,1,0.5027911473542417,1,0.471,conservative_regularized,profile_f1_macro_opt
0,1489,VAR_004500,1,0.5027911473542417,1,0.471,conservative_regularized,profile_f1_macro_opt
0,1490,VAR_000855,1,0.8788512575518772,1,0.471,conservative_regularized,profile_f1_macro_opt
0,1493,VAR_006042,1,0.8930099507300017,1,0.471,conservative_regularized,profile_f1_macro_opt
0,1502,VAR_000017,0,0.1997778478168185,0,0.471,conservative_regularized,profile_f1_macro_opt
0,1509,VAR_003320,1,0.8841158780271811,1,0.471,conservative_regularized,profile_f1_macro_opt
0,1518,VAR_001983,1,0.8995877370689329,1,0.471,conservative_regularized,profile_f1_macro_opt
0,1522,VAR_001202,1,0.7954504915216538,1,0.471,conservative_regularized,profile_f1_macro_opt
0,1523,VAR_002463,1,0.8749381781252046,1,0.471,conservative_regularized,profile_f1_macro_opt
0,1527,VAR_004914,1,0.8542552521315444,1,0.471,conservative_regularized,profile_f1_macro_opt
0,1529,VAR_001890,0,0.21299753139714953,0,0.471,conservative_regularized,profile_f1_macro_opt
0,1530,VAR_002010,1,0.8728116203280195,1,0.471,conservative_regularized,profile_f1_macro_opt
0,1531,VAR_000337,1,0.9090400307653453,1,0.471,conservative_regularized,profile_f1_macro_opt
0,1537,VAR_001681,1,0.7592601883882517,1,0.471,conservative_regularized,profile_f1_macro_opt
0,1549,VAR_003614,0,0.3151743885878923,0,0.471,conservative_regularized,profile_f1_macro_opt
0,1555,VAR_000655,0,0.6098443037819383,1,0.471,conservative_regularized,profile_f1_macro_opt
0,1556,VAR_003146,1,0.5779634859085155,1,0.471,conservative_regularized,profile_f1_macro_opt
0,1562,VAR_003460,0,0.28537106094455944,0,0.471,conservative_regularized,profile_f1_macro_opt
0,1565,VAR_003477,1,0.6741781365512749,1,0.471,conservative_regularized,profile_f1_macro_opt
0,1569,VAR_005141,1,0.8847298616537549,1,0.471,conservative_regularized,profile_f1_macro_opt
0,1573,VAR_000719,1,0.8867194262021337,1,0.471,conservative_regularized,profile_f1_macro_opt
0,1576,VAR_002165,1,0.8874476850133934,1,0.471,conservative_regularized,profile_f1_macro_opt
0,1601,VAR_006145,1,0.8975947490273938,1,0.471,conservative_regularized,profile_f1_macro_opt
0,1606,VAR_000025,1,0.7991792942802961,1,0.471,conservative_regularized,profile_f1_macro_opt
0,1614,VAR_002034,0,0.33445954343935047,0,0.471,conservative_regularized,profile_f1_macro_opt
0,1617,VAR_004636,0,0.37154355032234243,0,0.471,conservative_regularized,profile_f1_macro_opt
0,1620,VAR_002508,1,0.9194523791417757,1,0.471,conservative_regularized,profile_f1_macro_opt
0,1621,VAR_005643,1,0.5106290557201187,1,0.471,conservative_regularized,profile_f1_macro_opt
0,1622,VAR_003341,1,0.5740744950975427,1,0.471,conservative_regularized,profile_f1_macro_opt
0,1626,VAR_002433,0,0.15101934121237728,0,0.471,conservative_regularized,profile_f1_macro_opt
0,1628,VAR_000045,1,0.8938344348028638,1,0.471,conservative_regularized,profile_f1_macro_opt
0,1635,VAR_003548,0,0.4585625122018303,0,0.471,conservative_regularized,profile_f1_macro_opt
0,1638,VAR_003956,0,0.3080449844742871,0,0.471,conservative_regularized,profile_f1_macro_opt
0,1640,VAR_004329,1,0.41085499833767114,0,0.471,conservative_regularized,profile_f1_macro_opt
0,1648,VAR_004635,0,0.3096024674910465,0,0.471,conservative_regularized,profile_f1_macro_opt
0,1651,VAR_004165,0,0.22063658314958426,0,0.471,conservative_regularized,profile_f1_macro_opt
0,1652,VAR_000058,1,0.7850266299672863,1,0.471,conservative_regularized,profile_f1_macro_opt
0,1653,VAR_002530,1,0.7508614323762729,1,0.471,conservative_regularized,profile_f1_macro_opt
0,1654,VAR_001175,1,0.7373711566810772,1,0.471,conservative_regularized,profile_f1_macro_opt
0,1659,VAR_003344,1,0.8030923542251243,1,0.471,conservative_regularized,profile_f1_macro_opt
0,1661,VAR_006026,0,0.35419225848736574,0,0.471,conservative_regularized,profile_f1_macro_opt
0,1663,VAR_000409,1,0.5027911473542417,1,0.471,conservative_regularized,profile_f1_macro_opt
0,1672,VAR_001765,1,0.36200852802516886,0,0.471,conservative_regularized,profile_f1_macro_opt
0,1679,VAR_006044,1,0.8706127002294872,1,0.471,conservative_regularized,profile_f1_macro_opt
0,1692,VAR_003673,1,0.7298098780574256,1,0.471,conservative_regularized,profile_f1_macro_opt
0,1704,VAR_000818,1,0.7645471946593829,1,0.471,conservative_regularized,profile_f1_macro_opt
0,1705,VAR_001411,0,0.48013442243361615,1,0.471,conservative_regularized,profile_f1_macro_opt
0,1708,VAR_003496,0,0.3808813336182871,0,0.471,conservative_regularized,profile_f1_macro_opt
0,1710,VAR_003372,1,0.8201636922691328,1,0.471,conservative_regularized,profile_f1_macro_opt
0,1711,VAR_002543,0,0.2619598545313102,0,0.471,conservative_regularized,profile_f1_macro_opt
0,1716,VAR_001800,1,0.9125257178981854,1,0.471,conservative_regularized,profile_f1_macro_opt
0,1720,VAR_002247,1,0.8689744929906322,1,0.471,conservative_regularized,profile_f1_macro_opt
0,1729,VAR_006374,1,0.7167814022654412,1,0.471,conservative_regularized,profile_f1_macro_opt
0,1731,VAR_005370,1,0.5955137799677728,1,0.471,conservative_regularized,profile_f1_macro_opt
0,1732,VAR_005939,1,0.5265588492910014,1,0.471,conservative_regularized,profile_f1_macro_opt
0,1733,VAR_001478,1,0.5751825414195882,1,0.471,conservative_regularized,profile_f1_macro_opt
0,1734,VAR_005396,1,0.5220027505564561,1,0.471,conservative_regularized,profile_f1_macro_opt
0,1736,VAR_000367,1,0.8683801878708423,1,0.471,conservative_regularized,profile_f1_macro_opt
0,1739,VAR_000307,1,0.8809162091601545,1,0.471,conservative_regularized,profile_f1_macro_opt
0,1740,VAR_005146,1,0.5224424612655792,1,0.471,conservative_regularized,profile_f1_macro_opt
0,1745,VAR_005430,1,0.8599589776161429,1,0.471,conservative_regularized,profile_f1_macro_opt
0,1755,VAR_002333,1,0.82347287790182,1,0.471,conservative_regularized,profile_f1_macro_opt
0,1756,VAR_005686,1,0.7961360740632157,1,0.471,conservative_regularized,profile_f1_macro_opt
0,1770,VAR_004836,1,0.5727800672254624,1,0.471,conservative_regularized,profile_f1_macro_opt
0,1780,VAR_000879,0,0.7666422306583744,1,0.471,conservative_regularized,profile_f1_macro_opt
0,1783,VAR_000776,0,0.8752923452958644,1,0.471,conservative_regularized,profile_f1_macro_opt
0,1791,VAR_005479,1,0.9118717663631809,1,0.471,conservative_regularized,profile_f1_macro_opt
0,1793,VAR_005774,1,0.8144540120217005,1,0.471,conservative_regularized,profile_f1_macro_opt
0,1796,VAR_002224,1,0.6603511978331706,1,0.471,conservative_regularized,profile_f1_macro_opt
0,1799,VAR_006488,1,0.8290322370176092,1,0.471,conservative_regularized,profile_f1_macro_opt
0,1801,VAR_000439,1,0.8815768651492755,1,0.471,conservative_regularized,profile_f1_macro_opt
0,1810,VAR_004482,1,0.7933752851253061,1,0.471,conservative_regularized,profile_f1_macro_opt
0,1811,VAR_003528,0,0.5396462292874403,1,0.471,conservative_regularized,profile_f1_macro_opt
0,1817,VAR_006497,1,0.791656380180744,1,0.471,conservative_regularized,profile_f1_macro_opt
0,1830,VAR_005569,1,0.719513479222363,1,0.471,conservative_regularized,profile_f1_macro_opt
0,1835,VAR_000484,1,0.3802047570491322,0,0.471,conservative_regularized,profile_f1_macro_opt
0,1845,VAR_005257,0,0.5057966324960695,1,0.471,conservative_regularized,profile_f1_macro_opt
0,1846,VAR_002097,0,0.4333439408210052,0,0.471,conservative_regularized,profile_f1_macro_opt
0,1850,VAR_006400,0,0.31086161751881397,0,0.471,conservative_regularized,profile_f1_macro_opt
0,1856,VAR_005598,0,0.7910258286123177,1,0.471,conservative_regularized,profile_f1_macro_opt
0,1857,VAR_005366,1,0.5027911473542417,1,0.471,conservative_regularized,profile_f1_macro_opt
0,1858,VAR_006201,1,0.809692920954253,1,0.471,conservative_regularized,profile_f1_macro_opt
0,1860,VAR_003767,1,0.8141175118768514,1,0.471,conservative_regularized,profile_f1_macro_opt
0,1872,VAR_003139,0,0.2573207727779769,0,0.471,conservative_regularized,profile_f1_macro_opt
0,1876,VAR_006129,1,0.8554371566664369,1,0.471,conservative_regularized,profile_f1_macro_opt
0,1894,VAR_002938,1,0.9034354914681857,1,0.471,conservative_regularized,profile_f1_macro_opt
0,1897,VAR_006136,0,0.8131846409374963,1,0.471,conservative_regularized,profile_f1_macro_opt
0,1913,VAR_004104,1,0.8180140433064741,1,0.471,conservative_regularized,profile_f1_macro_opt
0,1916,VAR_003408,1,0.8583977480061662,1,0.471,conservative_regularized,profile_f1_macro_opt
0,1942,VAR_003547,0,0.18511313168683,0,0.471,conservative_regularized,profile_f1_macro_opt
0,1945,VAR_005420,1,0.802542811243674,1,0.471,conservative_regularized,profile_f1_macro_opt
0,1952,VAR_005857,1,0.7085979193014205,1,0.471,conservative_regularized,profile_f1_macro_opt
0,1953,VAR_005291,1,0.44333961420492307,0,0.471,conservative_regularized,profile_f1_macro_opt
0,1969,VAR_002058,1,0.8712085711762795,1,0.471,conservative_regularized,profile_f1_macro_opt
0,1980,VAR_002862,1,0.8933245201025595,1,0.471,conservative_regularized,profile_f1_macro_opt
0,1981,VAR_006278,0,0.4430036957504532,0,0.471,conservative_regularized,profile_f1_macro_opt
0,1982,VAR_006224,0,0.2717908605388937,0,0.471,conservative_regularized,profile_f1_macro_opt
0,1986,VAR_002076,1,0.7028779455421675,1,0.471,conservative_regularized,profile_f1_macro_opt
0,1988,VAR_003778,1,0.8320653392748322,1,0.471,conservative_regularized,profile_f1_macro_opt
0,1990,VAR_002615,0,0.583043440467884,1,0.471,conservative_regularized,profile_f1_macro_opt
0,2010,VAR_003056,1,0.7541319330291387,1,0.471,conservative_regularized,profile_f1_macro_opt
0,2022,VAR_005799,1,0.8397030131438568,1,0.471,conservative_regularized,profile_f1_macro_opt
0,2034,VAR_001416,0,0.5027911473542417,1,0.471,conservative_regularized,profile_f1_macro_opt
0,2047,VAR_005650,0,0.6407950059791492,1,0.471,conservative_regularized,profile_f1_macro_opt
0,2049,VAR_003449,0,0.8235189666082955,1,0.471,conservative_regularized,profile_f1_macro_opt
0,2059,VAR_004229,0,0.6035848798199004,1,0.471,conservative_regularized,profile_f1_macro_opt
0,2066,VAR_002969,0,0.5273595424263169,1,0.471,conservative_regularized,profile_f1_macro_opt
0,2070,VAR_004142,0,0.4312630722689244,0,0.471,conservative_regularized,profile_f1_macro_opt
0,2085,VAR_000754,1,0.42126721071406176,0,0.471,conservative_regularized,profile_f1_macro_opt
0,2087,VAR_005500,1,0.8861860439962248,1,0.471,conservative_regularized,profile_f1_macro_opt
0,2090,VAR_002366,1,0.3732770986204034,0,0.471,conservative_regularized,profile_f1_macro_opt
0,2097,VAR_005379,0,0.4405736336815331,0,0.471,conservative_regularized,profile_f1_macro_opt
0,2102,VAR_005154,1,0.5020149032376391,1,0.471,conservative_regularized,profile_f1_macro_opt
0,2106,VAR_001423,1,0.5587665845434925,1,0.471,conservative_regularized,profile_f1_macro_opt
0,2107,VAR_005798,1,0.796067777976269,1,0.471,conservative_regularized,profile_f1_macro_opt
0,2109,VAR_005576,1,0.8368240450167558,1,0.471,conservative_regularized,profile_f1_macro_opt
0,2117,VAR_002095,0,0.3598037607899299,0,0.471,conservative_regularized,profile_f1_macro_opt
0,2143,VAR_000542,1,0.8456017238019072,1,0.471,conservative_regularized,profile_f1_macro_opt
0,2145,VAR_003322,1,0.7674864428485458,1,0.471,conservative_regularized,profile_f1_macro_opt
0,2153,VAR_003731,0,0.35102394444048435,0,0.471,conservative_regularized,profile_f1_macro_opt
0,2155,VAR_005920,1,0.8736709624160458,1,0.471,conservative_regularized,profile_f1_macro_opt
0,2164,VAR_004818,1,0.5404065353153232,1,0.471,conservative_regularized,profile_f1_macro_opt
0,2165,VAR_002022,1,0.8898637756322062,1,0.471,conservative_regularized,profile_f1_macro_opt
0,2171,VAR_002339,0,0.42892950368895466,0,0.471,conservative_regularized,profile_f1_macro_opt
0,2186,VAR_000462,1,0.8919808053672252,1,0.471,conservative_regularized,profile_f1_macro_opt
0,2187,VAR_001558,1,0.5842423375093218,1,0.471,conservative_regularized,profile_f1_macro_opt
0,2195,VAR_001643,0,0.5876041858719182,1,0.471,conservative_regularized,profile_f1_macro_opt
0,2205,VAR_004893,1,0.5893808833929465,1,0.471,conservative_regularized,profile_f1_macro_opt
0,2213,VAR_000308,1,0.8473525106537764,1,0.471,conservative_regularized,profile_f1_macro_opt
0,2216,VAR_003099,1,0.7325958197389256,1,0.471,conservative_regularized,profile_f1_macro_opt
0,2220,VAR_003562,0,0.16554969335167524,0,0.471,conservative_regularized,profile_f1_macro_opt
0,2224,VAR_006312,1,0.845618894906995,1,0.471,conservative_regularized,profile_f1_macro_opt
0,2235,VAR_004775,0,0.3847386002061207,0,0.471,conservative_regularized,profile_f1_macro_opt
0,2275,VAR_005497,1,0.811679167425156,1,0.471,conservative_regularized,profile_f1_macro_opt
0,2279,VAR_005306,0,0.34550809848596953,0,0.471,conservative_regularized,profile_f1_macro_opt
0,2285,VAR_000219,1,0.8032628429154981,1,0.471,conservative_regularized,profile_f1_macro_opt
0,2297,VAR_006281,1,0.5027911473542417,1,0.471,conservative_regularized,profile_f1_macro_opt
0,2298,VAR_002520,1,0.6899134102744053,1,0.471,conservative_regularized,profile_f1_macro_opt
0,2303,VAR_005441,1,0.8982507600492321,1,0.471,conservative_regularized,profile_f1_macro_opt
0,2312,VAR_003535,1,0.8907801323891669,1,0.471,conservative_regularized,profile_f1_macro_opt
0,2318,VAR_001287,1,0.39036671313753735,0,0.471,conservative_regularized,profile_f1_macro_opt
0,2327,VAR_000474,1,0.37929535244680695,0,0.471,conservative_regularized,profile_f1_macro_opt
0,2332,VAR_000845,1,0.4081154112366981,0,0.471,conservative_regularized,profile_f1_macro_opt
0,2339,VAR_004944,1,0.9166204497191627,1,0.471,conservative_regularized,profile_f1_macro_opt
0,2351,VAR_001108,0,0.715793415888195,1,0.471,conservative_regularized,profile_f1_macro_opt
0,2354,VAR_001716,1,0.8934027030360011,1,0.471,conservative_regularized,profile_f1_macro_opt
0,2358,VAR_002135,1,0.7356906733517589,1,0.471,conservative_regularized,profile_f1_macro_opt
0,2367,VAR_000171,1,0.7347134557621672,1,0.471,conservative_regularized,profile_f1_macro_opt
0,2370,VAR_004344,0,0.496158826410648,1,0.471,conservative_regularized,profile_f1_macro_opt
0,2378,VAR_001557,0,0.5027911473542417,1,0.471,conservative_regularized,profile_f1_macro_opt
0,2385,VAR_006587,1,0.8967743735561267,1,0.471,conservative_regularized,profile_f1_macro_opt
0,2403,VAR_005181,1,0.7870049300194832,1,0.471,conservative_regularized,profile_f1_macro_opt
0,2413,VAR_002636,1,0.35252948128727346,0,0.471,conservative_regularized,profile_f1_macro_opt
0,2417,VAR_006353,0,0.3121314373564988,0,0.471,conservative_regularized,profile_f1_macro_opt
0,2423,VAR_000860,1,0.9043332235986954,1,0.471,conservative_regularized,profile_f1_macro_opt
0,2424,VAR_002231,1,0.8873844151424058,1,0.471,conservative_regularized,profile_f1_macro_opt
0,2437,VAR_003732,0,0.19289014303866678,0,0.471,conservative_regularized,profile_f1_macro_opt
0,2440,VAR_004481,1,0.6638339575411504,1,0.471,conservative_regularized,profile_f1_macro_opt
0,2443,VAR_005717,1,0.7198186996188854,1,0.471,conservative_regularized,profile_f1_macro_opt
0,2458,VAR_004140,1,0.7433656731781897,1,0.471,conservative_regularized,profile_f1_macro_opt
0,2460,VAR_006071,0,0.40705360977312094,0,0.471,conservative_regularized,profile_f1_macro_opt
0,2462,VAR_001779,0,0.18983364848643258,0,0.471,conservative_regularized,profile_f1_macro_opt
0,2468,VAR_005999,0,0.1945828013269824,0,0.471,conservative_regularized,profile_f1_macro_opt
0,2469,VAR_000725,1,0.6605037064495167,1,0.471,conservative_regularized,profile_f1_macro_opt
0,2476,VAR_000198,1,0.8022868399025734,1,0.471,conservative_regularized,profile_f1_macro_opt
0,2478,VAR_003901,1,0.5027911473542417,1,0.471,conservative_regularized,profile_f1_macro_opt
0,2496,VAR_003876,0,0.24467430893301784,0,0.471,conservative_regularized,profile_f1_macro_opt
0,2506,VAR_002181,1,0.739069024820369,1,0.471,conservative_regularized,profile_f1_macro_opt
0,2517,VAR_003889,0,0.4774701633321651,1,0.471,conservative_regularized,profile_f1_macro_opt
0,2518,VAR_000938,1,0.9026543934698428,1,0.471,conservative_regularized,profile_f1_macro_opt
0,2519,VAR_001631,1,0.5027911473542417,1,0.471,conservative_regularized,profile_f1_macro_opt
0,2538,VAR_002074,1,0.8446155250674146,1,0.471,conservative_regularized,profile_f1_macro_opt
0,2539,VAR_004109,1,0.8651449967890315,1,0.471,conservative_regularized,profile_f1_macro_opt
0,2543,VAR_004894,1,0.5181894888021463,1,0.471,conservative_regularized,profile_f1_macro_opt
0,2547,VAR_003378,0,0.24553543607116363,0,0.471,conservative_regularized,profile_f1_macro_opt
0,2551,VAR_003663,1,0.8452960720914329,1,0.471,conservative_regularized,profile_f1_macro_opt
0,2557,VAR_002376,1,0.14820586125651014,0,0.471,conservative_regularized,profile_f1_macro_opt
0,2569,VAR_006507,1,0.8787050885665452,1,0.471,conservative_regularized,profile_f1_macro_opt
0,2578,VAR_004309,1,0.41734551721367724,0,0.471,conservative_regularized,profile_f1_macro_opt
0,2630,VAR_001164,1,0.8027182495370274,1,0.471,conservative_regularized,profile_f1_macro_opt
0,2636,VAR_005349,1,0.8040913396643804,1,0.471,conservative_regularized,profile_f1_macro_opt
0,2637,VAR_005473,1,0.5844356674563064,1,0.471,conservative_regularized,profile_f1_macro_opt
0,2640,VAR_001103,1,0.9011372918555194,1,0.471,conservative_regularized,profile_f1_macro_opt
0,2642,VAR_001390,1,0.5027911473542417,1,0.471,conservative_regularized,profile_f1_macro_opt
0,2645,VAR_003242,1,0.5931777064688561,1,0.471,conservative_regularized,profile_f1_macro_opt
0,2649,VAR_003762,1,0.8923997696385209,1,0.471,conservative_regularized,profile_f1_macro_opt
0,2662,VAR_002044,1,0.736313499522908,1,0.471,conservative_regularized,profile_f1_macro_opt
0,2669,VAR_004287,1,0.38482626381680735,0,0.471,conservative_regularized,profile_f1_macro_opt
0,2672,VAR_004065,1,0.9031243534056499,1,0.471,conservative_regularized,profile_f1_macro_opt
0,2674,VAR_004408,1,0.8426602580394147,1,0.471,conservative_regularized,profile_f1_macro_opt
0,2677,VAR_000145,0,0.21610628927139108,0,0.471,conservative_regularized,profile_f1_macro_opt
0,2685,VAR_001376,0,0.5027911473542417,1,0.471,conservative_regularized,profile_f1_macro_opt
0,2692,VAR_005627,0,0.39528222263711776,0,0.471,conservative_regularized,profile_f1_macro_opt
0,2705,VAR_005688,0,0.8052767598881285,1,0.471,conservative_regularized,profile_f1_macro_opt
0,2709,VAR_000287,0,0.19339911376450483,0,0.471,conservative_regularized,profile_f1_macro_opt
0,2717,VAR_000366,1,0.3814066756404796,0,0.471,conservative_regularized,profile_f1_macro_opt
0,2719,VAR_004578,0,0.72775610377608,1,0.471,conservative_regularized,profile_f1_macro_opt
0,2739,VAR_004364,0,0.5523559449678019,1,0.471,conservative_regularized,profile_f1_macro_opt
0,2757,VAR_000050,0,0.17416159945647497,0,0.471,conservative_regularized,profile_f1_macro_opt
0,2769,VAR_003847,0,0.7202011254546525,1,0.471,conservative_regularized,profile_f1_macro_opt
0,2784,VAR_005226,1,0.7019046849103646,1,0.471,conservative_regularized,profile_f1_macro_opt
0,2791,VAR_002967,1,0.8890556287936424,1,0.471,conservative_regularized,profile_f1_macro_opt
0,2801,VAR_001895,0,0.48209970455459655,1,0.471,conservative_regularized,profile_f1_macro_opt
0,2824,VAR_005726,0,0.1829331529564712,0,0.471,conservative_regularized,profile_f1_macro_opt
0,2825,VAR_003290,1,0.7124931129486299,1,0.471,conservative_regularized,profile_f1_macro_opt
0,2826,VAR_000329,1,0.623842616378807,1,0.471,conservative_regularized,profile_f1_macro_opt
0,2829,VAR_004315,1,0.3808379561707445,0,0.471,conservative_regularized,profile_f1_macro_opt
0,2838,VAR_000961,1,0.8401920434010225,1,0.471,conservative_regularized,profile_f1_macro_opt
0,2851,VAR_001704,1,0.9282686470504787,1,0.471,conservative_regularized,profile_f1_macro_opt
0,2855,VAR_005395,0,0.5347675819592747,1,0.471,conservative_regularized,profile_f1_macro_opt
0,2859,VAR_003850,1,0.754048046855252,1,0.471,conservative_regularized,profile_f1_macro_opt
0,2860,VAR_003760,1,0.8050497901871069,1,0.471,conservative_regularized,profile_f1_macro_opt
0,2866,VAR_000074,0,0.6678535169230483,1,0.471,conservative_regularized,profile_f1_macro_opt
0,2872,VAR_004041,1,0.7613987110525989,1,0.471,conservative_regularized,profile_f1_macro_opt
0,2879,VAR_004093,0,0.7541633224205451,1,0.471,conservative_regularized,profile_f1_macro_opt
0,2881,VAR_000359,1,0.7096183658554643,1,0.471,conservative_regularized,profile_f1_macro_opt
0,2883,VAR_004799,0,0.2877877451443174,0,0.471,conservative_regularized,profile_f1_macro_opt
0,2891,VAR_006173,0,0.413798528611692,0,0.471,conservative_regularized,profile_f1_macro_opt
0,2896,VAR_001589,1,0.646922469777365,1,0.471,conservative_regularized,profile_f1_macro_opt
0,2906,VAR_003987,1,0.786420735204013,1,0.471,conservative_regularized,profile_f1_macro_opt
0,2918,VAR_005336,1,0.908347229584269,1,0.471,conservative_regularized,profile_f1_macro_opt
0,2919,VAR_001903,0,0.27368337035708834,0,0.471,conservative_regularized,profile_f1_macro_opt
0,2922,VAR_000727,1,0.7714032757224569,1,0.471,conservative_regularized,profile_f1_macro_opt
1,1,VAR_004387,0,0.23292612406908636,0,0.471,conservative_regularized,profile_f1_macro_opt
1,2,VAR_001540,0,0.5928335353300849,1,0.471,conservative_regularized,profile_f1_macro_opt
1,7,VAR_000163,1,0.7252243191690372,1,0.471,conservative_regularized,profile_f1_macro_opt
1,10,VAR_004890,0,0.298312279629096,0,0.471,conservative_regularized,profile_f1_macro_opt
1,19,VAR_005563,1,0.7450077208725585,1,0.471,conservative_regularized,profile_f1_macro_opt
1,27,VAR_005367,1,0.47463019098643755,1,0.471,conservative_regularized,profile_f1_macro_opt
1,33,VAR_004889,1,0.768158881399088,1,0.471,conservative_regularized,profile_f1_macro_opt
1,35,VAR_004330,0,0.18137735974481636,0,0.471,conservative_regularized,profile_f1_macro_opt
1,38,VAR_005545,0,0.08701171238967512,0,0.471,conservative_regularized,profile_f1_macro_opt
1,42,VAR_005647,1,0.9011369656061898,1,0.471,conservative_regularized,profile_f1_macro_opt
1,67,VAR_003641,0,0.2734891490759576,0,0.471,conservative_regularized,profile_f1_macro_opt
1,70,VAR_000853,1,0.8736516320608624,1,0.471,conservative_regularized,profile_f1_macro_opt
1,74,VAR_001432,0,0.47463019098643755,1,0.471,conservative_regularized,profile_f1_macro_opt
1,89,VAR_000053,0,0.18063307381456656,0,0.471,conservative_regularized,profile_f1_macro_opt
1,107,VAR_005255,1,0.923323576169977,1,0.471,conservative_regularized,profile_f1_macro_opt
1,111,VAR_003421,0,0.9134127159123521,1,0.471,conservative_regularized,profile_f1_macro_opt
1,113,VAR_000081,1,0.7792212252888578,1,0.471,conservative_regularized,profile_f1_macro_opt
1,131,VAR_000200,1,0.7945433495823826,1,0.471,conservative_regularized,profile_f1_macro_opt
1,135,VAR_005498,1,0.954078312689079,1,0.471,conservative_regularized,profile_f1_macro_opt
1,136,VAR_005069,1,0.7733334520620344,1,0.471,conservative_regularized,profile_f1_macro_opt
1,143,VAR_000116,0,0.1393274073945936,0,0.471,conservative_regularized,profile_f1_macro_opt
1,164,VAR_006072,0,0.4238496253737749,0,0.471,conservative_regularized,profile_f1_macro_opt
1,165,VAR_001204,1,0.9046407124764151,1,0.471,conservative_regularized,profile_f1_macro_opt
1,171,VAR_000914,1,0.9462880371510007,1,0.471,conservative_regularized,profile_f1_macro_opt
1,176,VAR_000382,1,0.5756476040862586,1,0.471,conservative_regularized,profile_f1_macro_opt
1,180,VAR_006525,1,0.38083095134714545,0,0.471,conservative_regularized,profile_f1_macro_opt
1,207,VAR_006133,0,0.620984625762776,1,0.471,conservative_regularized,profile_f1_macro_opt
1,211,VAR_000777,1,0.5606780673455733,1,0.471,conservative_regularized,profile_f1_macro_opt
1,213,VAR_003287,1,0.8292918637895544,1,0.471,conservative_regularized,profile_f1_macro_opt
1,215,VAR_002077,1,0.7754864345457876,1,0.471,conservative_regularized,profile_f1_macro_opt
1,223,VAR_000358,1,0.9376913753626184,1,0.471,conservative_regularized,profile_f1_macro_opt
1,225,VAR_005885,0,0.2589106448496238,0,0.471,conservative_regularized,profile_f1_macro_opt
1,233,VAR_003420,1,0.5139681147999806,1,0.471,conservative_regularized,profile_f1_macro_opt
1,237,VAR_003253,0,0.7229582684377787,1,0.471,conservative_regularized,profile_f1_macro_opt
1,238,VAR_005950,0,0.32246616481888346,0,0.471,conservative_regularized,profile_f1_macro_opt
1,239,VAR_006284,1,0.6188044553714872,1,0.471,conservative_regularized,profile_f1_macro_opt
1,247,VAR_005698,1,0.9448965367482306,1,0.471,conservative_regularized,profile_f1_macro_opt
1,248,VAR_005964,1,0.7877310382232515,1,0.471,conservative_regularized,profile_f1_macro_opt
1,266,VAR_006051,1,0.9142402762979532,1,0.471,conservative_regularized,profile_f1_macro_opt
1,276,VAR_003268,1,0.8436280353104483,1,0.471,conservative_regularized,profile_f1_macro_opt
1,285,VAR_005425,0,0.5439746813209202,1,0.471,conservative_regularized,profile_f1_macro_opt
1,289,VAR_005415,1,0.9310203575040918,1,0.471,conservative_regularized,profile_f1_macro_opt
1,297,VAR_001177,1,0.894033318629476,1,0.471,conservative_regularized,profile_f1_macro_opt
1,305,VAR_004079,1,0.9441120969623846,1,0.471,conservative_regularized,profile_f1_macro_opt
1,317,VAR_000072,1,0.8326876207186025,1,0.471,conservative_regularized,profile_f1_macro_opt
1,329,VAR_000755,0,0.4385052744330116,0,0.471,conservative_regularized,profile_f1_macro_opt
1,331,VAR_005837,1,0.2773375515121279,0,0.471,conservative_regularized,profile_f1_macro_opt
1,335,VAR_003927,1,0.8197720004345497,1,0.471,conservative_regularized,profile_f1_macro_opt
1,336,VAR_005850,0,0.5107048394937154,1,0.471,conservative_regularized,profile_f1_macro_opt
1,346,VAR_002726,0,0.6566617302718896,1,0.471,conservative_regularized,profile_f1_macro_opt
1,355,VAR_006466,1,0.3175450829934241,0,0.471,conservative_regularized,profile_f1_macro_opt
1,357,VAR_001508,0,0.47463019098643755,1,0.471,conservative_regularized,profile_f1_macro_opt
1,370,VAR_004308,1,0.41032305506517724,0,0.471,conservative_regularized,profile_f1_macro_opt
1,375,VAR_004049,0,0.09871982018830201,0,0.471,conservative_regularized,profile_f1_macro_opt
1,379,VAR_005728,0,0.4444160953101501,0,0.471,conservative_regularized,profile_f1_macro_opt
1,384,VAR_005315,1,0.9215090126002194,1,0.471,conservative_regularized,profile_f1_macro_opt
1,401,VAR_006034,1,0.8967016953823731,1,0.471,conservative_regularized,profile_f1_macro_opt
1,402,VAR_005763,1,0.7339289370510614,1,0.471,conservative_regularized,profile_f1_macro_opt
1,429,VAR_000648,0,0.24945595347022562,0,0.471,conservative_regularized,profile_f1_macro_opt
1,432,VAR_004490,1,0.9388600870268635,1,0.471,conservative_regularized,profile_f1_macro_opt
1,435,VAR_006403,0,0.22321954712214478,0,0.471,conservative_regularized,profile_f1_macro_opt
1,437,VAR_000749,0,0.9457043009337768,1,0.471,conservative_regularized,profile_f1_macro_opt
1,443,VAR_000113,1,0.9206198439905776,1,0.471,conservative_regularized,profile_f1_macro_opt
1,448,VAR_005546,1,0.8905588215216929,1,0.471,conservative_regularized,profile_f1_macro_opt
1,453,VAR_002712,1,0.9108403543363223,1,0.471,conservative_regularized,profile_f1_macro_opt
1,459,VAR_004207,0,0.283305420999741,0,0.471,conservative_regularized,profile_f1_macro_opt
1,463,VAR_002357,0,0.36811530937846276,0,0.471,conservative_regularized,profile_f1_macro_opt
1,464,VAR_001296,1,0.652170680331573,1,0.471,conservative_regularized,profile_f1_macro_opt
1,465,VAR_002041,1,0.8509721798465023,1,0.471,conservative_regularized,profile_f1_macro_opt
1,466,VAR_001412,0,0.47463019098643755,1,0.471,conservative_regularized,profile_f1_macro_opt
1,482,VAR_000547,0,0.18830105123932384,0,0.471,conservative_regularized,profile_f1_macro_opt
1,492,VAR_000710,0,0.07965408859750697,0,0.471,conservative_regularized,profile_f1_macro_opt
1,493,VAR_005149,0,0.15504117825171726,0,0.471,conservative_regularized,profile_f1_macro_opt
1,502,VAR_004770,1,0.7310144592882817,1,0.471,conservative_regularized,profile_f1_macro_opt
1,504,VAR_003142,1,0.5909943506238465,1,0.471,conservative_regularized,profile_f1_macro_opt
1,508,VAR_005782,1,0.8698762969055109,1,0.471,conservative_regularized,profile_f1_macro_opt
1,514,VAR_005239,1,0.9287617055796122,1,0.471,conservative_regularized,profile_f1_macro_opt
1,520,VAR_005130,1,0.7949457725656485,1,0.471,conservative_regularized,profile_f1_macro_opt
1,521,VAR_004786,1,0.6354307672189529,1,0.471,conservative_regularized,profile_f1_macro_opt
1,528,VAR_000465,0,0.28561200930485753,0,0.471,conservative_regularized,profile_f1_macro_opt
1,529,VAR_000816,1,0.9383094901505677,1,0.471,conservative_regularized,profile_f1_macro_opt
1,534,VAR_006490,1,0.9267085003255632,1,0.471,conservative_regularized,profile_f1_macro_opt
1,537,VAR_000221,1,0.9236877938553714,1,0.471,conservative_regularized,profile_f1_macro_opt
1,552,VAR_005143,1,0.7832844639492471,1,0.471,conservative_regularized,profile_f1_macro_opt
1,554,VAR_002106,0,0.4094036081401227,0,0.471,conservative_regularized,profile_f1_macro_opt
1,562,VAR_003585,0,0.084165527517508,0,0.471,conservative_regularized,profile_f1_macro_opt
1,563,VAR_004761,1,0.6831798975430868,1,0.471,conservative_regularized,profile_f1_macro_opt
1,565,VAR_004155,0,0.7702102659689449,1,0.471,conservative_regularized,profile_f1_macro_opt
1,572,VAR_003557,0,0.17449630717287323,0,0.471,conservative_regularized,profile_f1_macro_opt
1,575,VAR_001133,1,0.9399990255379376,1,0.471,conservative_regularized,profile_f1_macro_opt
1,590,VAR_005957,1,0.8583678559905337,1,0.471,conservative_regularized,profile_f1_macro_opt
1,591,VAR_005591,1,0.6805015706006999,1,0.471,conservative_regularized,profile_f1_macro_opt
1,596,VAR_001268,0,0.6982786729978441,1,0.471,conservative_regularized,profile_f1_macro_opt
1,601,VAR_004216,0,0.8023167425793225,1,0.471,conservative_regularized,profile_f1_macro_opt
1,607,VAR_000846,0,0.8009446504241478,1,0.471,conservative_regularized,profile_f1_macro_opt
1,616,VAR_004789,1,0.813786106406252,1,0.471,conservative_regularized,profile_f1_macro_opt
1,632,VAR_001995,1,0.9306341190200337,1,0.471,conservative_regularized,profile_f1_macro_opt
1,636,VAR_006066,1,0.5163872011613987,1,0.471,conservative_regularized,profile_f1_macro_opt
1,638,VAR_003500,0,0.08764465160342415,0,0.471,conservative_regularized,profile_f1_macro_opt
1,639,VAR_002146,1,0.9357954571383867,1,0.471,conservative_regularized,profile_f1_macro_opt
1,654,VAR_005088,1,0.8918393868016122,1,0.471,conservative_regularized,profile_f1_macro_opt
1,656,VAR_004123,1,0.7153417658468877,1,0.471,conservative_regularized,profile_f1_macro_opt
1,657,VAR_002514,0,0.22093341149671453,0,0.471,conservative_regularized,profile_f1_macro_opt
1,661,VAR_001215,1,0.42276110210650447,0,0.471,conservative_regularized,profile_f1_macro_opt
1,664,VAR_005880,0,0.445766918693052,0,0.471,conservative_regularized,profile_f1_macro_opt
1,669,VAR_000904,0,0.1893588014985884,0,0.471,conservative_regularized,profile_f1_macro_opt
1,671,VAR_002408,1,0.9198338625374771,1,0.471,conservative_regularized,profile_f1_macro_opt
1,672,VAR_003175,1,0.9104054070959084,1,0.471,conservative_regularized,profile_f1_macro_opt
1,675,VAR_005949,0,0.13357649653553372,0,0.471,conservative_regularized,profile_f1_macro_opt
1,703,VAR_003969,1,0.9553125578581279,1,0.471,conservative_regularized,profile_f1_macro_opt
1,708,VAR_000865,1,0.2447915999637493,0,0.471,conservative_regularized,profile_f1_macro_opt
1,716,VAR_002510,1,0.6585361434247967,1,0.471,conservative_regularized,profile_f1_macro_opt
1,728,VAR_005462,0,0.272594061967099,0,0.471,conservative_regularized,profile_f1_macro_opt
1,730,VAR_000240,1,0.7308618577239481,1,0.471,conservative_regularized,profile_f1_macro_opt
1,740,VAR_001653,1,0.5302942931080024,1,0.471,conservative_regularized,profile_f1_macro_opt
1,741,VAR_000513,0,0.6099950926087446,1,0.471,conservative_regularized,profile_f1_macro_opt
1,746,VAR_000069,1,0.8764476864469725,1,0.471,conservative_regularized,profile_f1_macro_opt
1,753,VAR_002403,0,0.37562016055831776,0,0.471,conservative_regularized,profile_f1_macro_opt
1,760,VAR_003411,1,0.7521643478896479,1,0.471,conservative_regularized,profile_f1_macro_opt
1,771,VAR_000303,1,0.940375569563219,1,0.471,conservative_regularized,profile_f1_macro_opt
1,775,VAR_006149,1,0.8904737279958482,1,0.471,conservative_regularized,profile_f1_macro_opt
1,783,VAR_004179,0,0.19603636342000086,0,0.471,conservative_regularized,profile_f1_macro_opt
1,785,VAR_001950,1,0.9090777661813177,1,0.471,conservative_regularized,profile_f1_macro_opt
1,800,VAR_001941,1,0.5352667009596321,1,0.471,conservative_regularized,profile_f1_macro_opt
1,802,VAR_000282,1,0.9410260908751107,1,0.471,conservative_regularized,profile_f1_macro_opt
1,815,VAR_006099,1,0.917458228931559,1,0.471,conservative_regularized,profile_f1_macro_opt
1,822,VAR_002200,1,0.8836591104677955,1,0.471,conservative_regularized,profile_f1_macro_opt
1,826,VAR_000915,1,0.9460308423145253,1,0.471,conservative_regularized,profile_f1_macro_opt
1,827,VAR_000262,0,0.1834369725626987,0,0.471,conservative_regularized,profile_f1_macro_opt
1,836,VAR_000952,1,0.893180011929463,1,0.471,conservative_regularized,profile_f1_macro_opt
1,844,VAR_005534,1,0.8625713130912841,1,0.471,conservative_regularized,profile_f1_macro_opt
1,849,VAR_000147,1,0.7891731241985948,1,0.471,conservative_regularized,profile_f1_macro_opt
1,857,VAR_000823,1,0.9244781903124378,1,0.471,conservative_regularized,profile_f1_macro_opt
1,858,VAR_000827,1,0.9427868677720805,1,0.471,conservative_regularized,profile_f1_macro_opt
1,859,VAR_004926,1,0.7271763979042699,1,0.471,conservative_regularized,profile_f1_macro_opt
1,871,VAR_003369,1,0.8833367511571171,1,0.471,conservative_regularized,profile_f1_macro_opt
1,878,VAR_003858,1,0.9204429435131766,1,0.471,conservative_regularized,profile_f1_macro_opt
1,889,VAR_002466,1,0.9324841470322113,1,0.471,conservative_regularized,profile_f1_macro_opt
1,890,VAR_003240,1,0.35430076372412445,0,0.471,conservative_regularized,profile_f1_macro_opt
1,895,VAR_003045,1,0.46653261257649326,0,0.471,conservative_regularized,profile_f1_macro_opt
1,898,VAR_002179,1,0.9380273085083102,1,0.471,conservative_regularized,profile_f1_macro_opt
1,903,VAR_000095,1,0.44540464741836694,0,0.471,conservative_regularized,profile_f1_macro_opt
1,909,VAR_002221,1,0.9639617995846594,1,0.471,conservative_regularized,profile_f1_macro_opt
1,912,VAR_003893,0,0.8225903760457293,1,0.471,conservative_regularized,profile_f1_macro_opt
1,916,VAR_004843,1,0.28768430497588754,0,0.471,conservative_regularized,profile_f1_macro_opt
1,917,VAR_005092,1,0.8300878532901224,1,0.471,conservative_regularized,profile_f1_macro_opt
1,934,VAR_000038,1,0.9141957156483391,1,0.471,conservative_regularized,profile_f1_macro_opt
1,935,VAR_001347,1,0.6024162179420595,1,0.471,conservative_regularized,profile_f1_macro_opt
1,937,VAR_000162,1,0.8973219755638987,1,0.471,conservative_regularized,profile_f1_macro_opt
1,948,VAR_004150,0,0.6980354358455061,1,0.471,conservative_regularized,profile_f1_macro_opt
1,952,VAR_004112,1,0.9284383691777861,1,0.471,conservative_regularized,profile_f1_macro_opt
1,975,VAR_004072,1,0.8369697878017108,1,0.471,conservative_regularized,profile_f1_macro_opt
1,986,VAR_006197,0,0.9165664976866938,1,0.471,conservative_regularized,profile_f1_macro_opt
1,989,VAR_003313,0,0.8314392517296864,1,0.471,conservative_regularized,profile_f1_macro_opt
1,990,VAR_005017,1,0.8130563909213625,1,0.471,conservative_regularized,profile_f1_macro_opt
1,997,VAR_005061,1,0.28520178398143564,0,0.471,conservative_regularized,profile_f1_macro_opt
1,999,VAR_006263,1,0.8787116771092407,1,0.471,conservative_regularized,profile_f1_macro_opt
1,1020,VAR_005710,1,0.950600132003869,1,0.471,conservative_regularized,profile_f1_macro_opt
1,1022,VAR_001401,0,0.47463019098643755,1,0.471,conservative_regularized,profile_f1_macro_opt
1,1036,VAR_006521,1,0.9440199980332519,1,0.471,conservative_regularized,profile_f1_macro_opt
1,1037,VAR_006253,1,0.916283355489023,1,0.471,conservative_regularized,profile_f1_macro_opt
1,1041,VAR_000231,1,0.5123897004574428,1,0.471,conservative_regularized,profile_f1_macro_opt
1,1042,VAR_000278,1,0.9083782517553406,1,0.471,conservative_regularized,profile_f1_macro_opt
1,1044,VAR_003016,0,0.4432294287165509,0,0.471,conservative_regularized,profile_f1_macro_opt
1,1046,VAR_000844,1,0.9003604842423045,1,0.471,conservative_regularized,profile_f1_macro_opt
1,1062,VAR_004084,0,0.20996730496102736,0,0.471,conservative_regularized,profile_f1_macro_opt
1,1066,VAR_005843,1,0.8074241346366264,1,0.471,conservative_regularized,profile_f1_macro_opt
1,1077,VAR_005578,1,0.4973404801962097,1,0.471,conservative_regularized,profile_f1_macro_opt
1,1080,VAR_000211,1,0.8447660222803528,1,0.471,conservative_regularized,profile_f1_macro_opt
1,1081,VAR_005246,1,0.8993718561456138,1,0.471,conservative_regularized,profile_f1_macro_opt
1,1087,VAR_002299,1,0.5577417101012278,1,0.471,conservative_regularized,profile_f1_macro_opt
1,1097,VAR_005032,1,0.9091191674603364,1,0.471,conservative_regularized,profile_f1_macro_opt
1,1109,VAR_005157,1,0.8835643361084132,1,0.471,conservative_regularized,profile_f1_macro_opt
1,1113,VAR_006596,1,0.45397160879219584,0,0.471,conservative_regularized,profile_f1_macro_opt
1,1115,VAR_001908,0,0.10037873158704075,0,0.471,conservative_regularized,profile_f1_macro_opt
1,1117,VAR_001306,0,0.5506919201823914,1,0.471,conservative_regularized,profile_f1_macro_opt
1,1119,VAR_000497,1,0.7185380696582254,1,0.471,conservative_regularized,profile_f1_macro_opt
1,1123,VAR_002201,1,0.6448321731269335,1,0.471,conservative_regularized,profile_f1_macro_opt
1,1127,VAR_000373,0,0.33094545474337095,0,0.471,conservative_regularized,profile_f1_macro_opt
1,1133,VAR_003525,1,0.7307345702919328,1,0.471,conservative_regularized,profile_f1_macro_opt
1,1136,VAR_005245,1,0.9682119627954018,1,0.471,conservative_regularized,profile_f1_macro_opt
1,1137,VAR_001124,1,0.6942876674584209,1,0.471,conservative_regularized,profile_f1_macro_opt
1,1141,VAR_004298,1,0.280941682531193,0,0.471,conservative_regularized,profile_f1_macro_opt
1,1149,VAR_004185,0,0.09310385566603124,0,0.471,conservative_regularized,profile_f1_macro_opt
1,1154,VAR_005159,1,0.8497985908946748,1,0.471,conservative_regularized,profile_f1_macro_opt
1,1168,VAR_005853,1,0.8956894780540997,1,0.471,conservative_regularized,profile_f1_macro_opt
1,1173,VAR_001836,0,0.11970048412176118,0,0.471,conservative_regularized,profile_f1_macro_opt
1,1176,VAR_001736,0,0.08756392873975453,0,0.471,conservative_regularized,profile_f1_macro_opt
1,1189,VAR_006573,0,0.8701519148753837,1,0.471,conservative_regularized,profile_f1_macro_opt
1,1192,VAR_003568,0,0.7178891072515907,1,0.471,conservative_regularized,profile_f1_macro_opt
1,1203,VAR_005010,1,0.3533101970607414,0,0.471,conservative_regularized,profile_f1_macro_opt
1,1206,VAR_004854,1,0.618756879695769,1,0.471,conservative_regularized,profile_f1_macro_opt
1,1223,VAR_000531,1,0.95155116082549,1,0.471,conservative_regularized,profile_f1_macro_opt
1,1224,VAR_005769,1,0.8421284511873443,1,0.471,conservative_regularized,profile_f1_macro_opt
1,1226,VAR_005365,1,0.47463019098643755,1,0.471,conservative_regularized,profile_f1_macro_opt
1,1231,VAR_003986,1,0.9057521070725453,1,0.471,conservative_regularized,profile_f1_macro_opt
1,1232,VAR_001723,0,0.47112199778379055,1,0.471,conservative_regularized,profile_f1_macro_opt
1,1234,VAR_003857,1,0.9379901331726141,1,0.471,conservative_regularized,profile_f1_macro_opt
1,1246,VAR_003502,0,0.34888956563315515,0,0.471,conservative_regularized,profile_f1_macro_opt
1,1258,VAR_004736,0,0.14219346769120994,0,0.471,conservative_regularized,profile_f1_macro_opt
1,1261,VAR_004230,1,0.5174727958386756,1,0.471,conservative_regularized,profile_f1_macro_opt
1,1265,VAR_001146,1,0.9572937970291641,1,0.471,conservative_regularized,profile_f1_macro_opt
1,1269,VAR_001225,0,0.41448169723109723,0,0.471,conservative_regularized,profile_f1_macro_opt
1,1279,VAR_000485,1,0.3155827150476792,0,0.471,conservative_regularized,profile_f1_macro_opt
1,1294,VAR_001056,0,0.23872429039041151,0,0.471,conservative_regularized,profile_f1_macro_opt
1,1295,VAR_002210,1,0.8537013978076586,1,0.471,conservative_regularized,profile_f1_macro_opt
1,1302,VAR_002186,0,0.9207897459938148,1,0.471,conservative_regularized,profile_f1_macro_opt
1,1305,VAR_000195,1,0.6964901715375911,1,0.471,conservative_regularized,profile_f1_macro_opt
1,1307,VAR_004872,1,0.8219039236929305,1,0.471,conservative_regularized,profile_f1_macro_opt
1,1324,VAR_003992,0,0.5150375140107081,1,0.471,conservative_regularized,profile_f1_macro_opt
1,1327,VAR_001726,0,0.47584659903403087,1,0.471,conservative_regularized,profile_f1_macro_opt
1,1339,VAR_004138,1,0.9223698200119297,1,0.471,conservative_regularized,profile_f1_macro_opt
1,1343,VAR_003982,1,0.9294174981615138,1,0.471,conservative_regularized,profile_f1_macro_opt
1,1349,VAR_000658,0,0.16007896957247952,0,0.471,conservative_regularized,profile_f1_macro_opt
1,1351,VAR_000293,1,0.9332846117292063,1,0.471,conservative_regularized,profile_f1_macro_opt
1,1355,VAR_001600,0,0.5722750456021588,1,0.471,conservative_regularized,profile_f1_macro_opt
1,1358,VAR_003368,0,0.5664865312859066,1,0.471,conservative_regularized,profile_f1_macro_opt
1,1368,VAR_005849,0,0.21487427878173856,0,0.471,conservative_regularized,profile_f1_macro_opt
1,1369,VAR_000223,1,0.7801240399373982,1,0.471,conservative_regularized,profile_f1_macro_opt
1,1384,VAR_001494,1,0.47463019098643755,1,0.471,conservative_regularized,profile_f1_macro_opt
1,1387,VAR_006565,1,0.8030191091018293,1,0.471,conservative_regularized,profile_f1_macro_opt
1,1393,VAR_000154,1,0.6854234318752193,1,0.471,conservative_regularized,profile_f1_macro_opt
1,1404,VAR_005194,1,0.8352975891035861,1,0.471,conservative_regularized,profile_f1_macro_opt
1,1420,VAR_005682,1,0.9727482299687864,1,0.471,conservative_regularized,profile_f1_macro_opt
1,1429,VAR_005800,1,0.38757671311933295,0,0.471,conservative_regularized,profile_f1_macro_opt
1,1431,VAR_003957,1,0.4158780073834157,0,0.471,conservative_regularized,profile_f1_macro_opt
1,1449,VAR_003733,1,0.82035056368312,1,0.471,conservative_regularized,profile_f1_macro_opt
1,1455,VAR_000473,1,0.3562342297590005,0,0.471,conservative_regularized,profile_f1_macro_opt
1,1461,VAR_004744,0,0.0921096610646527,0,0.471,conservative_regularized,profile_f1_macro_opt
1,1464,VAR_001686,1,0.7586034638889342,1,0.471,conservative_regularized,profile_f1_macro_opt
1,1471,VAR_006458,1,0.7856803511157545,1,0.471,conservative_regularized,profile_f1_macro_opt
1,1472,VAR_005694,0,0.6256160335839029,1,0.471,conservative_regularized,profile_f1_macro_opt
1,1476,VAR_004000,0,0.16779994541367504,0,0.471,conservative_regularized,profile_f1_macro_opt
1,1486,VAR_006346,1,0.9339602649449473,1,0.471,conservative_regularized,profile_f1_macro_opt
1,1487,VAR_002167,1,0.9166926245409888,1,0.471,conservative_regularized,profile_f1_macro_opt
1,1500,VAR_004472,1,0.5173614132146888,1,0.471,conservative_regularized,profile_f1_macro_opt
1,1516,VAR_002198,1,0.9313965569186465,1,0.471,conservative_regularized,profile_f1_macro_opt
1,1528,VAR_005107,1,0.9290224664466333,1,0.471,conservative_regularized,profile_f1_macro_opt
1,1536,VAR_005804,1,0.9139510019105743,1,0.471,conservative_regularized,profile_f1_macro_opt
1,1540,VAR_003735,1,0.8225656001506014,1,0.471,conservative_regularized,profile_f1_macro_opt
1,1544,VAR_006535,1,0.4166994645675002,0,0.471,conservative_regularized,profile_f1_macro_opt
1,1553,VAR_004902,1,0.9361645295669485,1,0.471,conservative_regularized,profile_f1_macro_opt
1,1557,VAR_002823,1,0.8619648964961693,1,0.471,conservative_regularized,profile_f1_macro_opt
1,1568,VAR_005137,1,0.7740917186671585,1,0.471,conservative_regularized,profile_f1_macro_opt
1,1580,VAR_001358,0,0.47463019098643755,1,0.471,conservative_regularized,profile_f1_macro_opt
1,1582,VAR_004753,0,0.06753864680288413,0,0.471,conservative_regularized,profile_f1_macro_opt
1,1588,VAR_001400,1,0.5692733176838549,1,0.471,conservative_regularized,profile_f1_macro_opt
1,1590,VAR_003180,0,0.16170999849438042,0,0.471,conservative_regularized,profile_f1_macro_opt
1,1591,VAR_006323,0,0.1850403256981912,0,0.471,conservative_regularized,profile_f1_macro_opt
1,1592,VAR_005720,0,0.605664776552151,1,0.471,conservative_regularized,profile_f1_macro_opt
1,1598,VAR_006381,1,0.8775912162169541,1,0.471,conservative_regularized,profile_f1_macro_opt
1,1603,VAR_001612,1,0.6070678614459143,1,0.471,conservative_regularized,profile_f1_macro_opt
1,1607,VAR_003329,1,0.9655853139592956,1,0.471,conservative_regularized,profile_f1_macro_opt
1,1609,VAR_005402,1,0.5246855941450128,1,0.471,conservative_regularized,profile_f1_macro_opt
1,1623,VAR_001997,1,0.8961326620352881,1,0.471,conservative_regularized,profile_f1_macro_opt
1,1644,VAR_005970,0,0.9310123603114225,1,0.471,conservative_regularized,profile_f1_macro_opt
1,1650,VAR_000716,1,0.7235260656033389,1,0.471,conservative_regularized,profile_f1_macro_opt
1,1657,VAR_003347,1,0.8301796509265652,1,0.471,conservative_regularized,profile_f1_macro_opt
1,1658,VAR_005879,1,0.47463019098643755,1,0.471,conservative_regularized,profile_f1_macro_opt
1,1662,VAR_003776,1,0.9229349775302256,1,0.471,conservative_regularized,profile_f1_macro_opt
1,1664,VAR_002923,1,0.8046130121544172,1,0.471,conservative_regularized,profile_f1_macro_opt
1,1667,VAR_006105,1,0.9447297108434576,1,0.471,conservative_regularized,profile_f1_macro_opt
1,1669,VAR_003358,1,0.8859100230819508,1,0.471,conservative_regularized,profile_f1_macro_opt
1,1683,VAR_003763,1,0.6156353679920855,1,0.471,conservative_regularized,profile_f1_macro_opt
1,1693,VAR_005096,1,0.9385606710717699,1,0.471,conservative_regularized,profile_f1_macro_opt
1,1695,VAR_001700,1,0.5276557058945414,1,0.471,conservative_regularized,profile_f1_macro_opt
1,1698,VAR_005329,0,0.217439770215124,0,0.471,conservative_regularized,profile_f1_macro_opt
1,1699,VAR_005398,1,0.7202329361961151,1,0.471,conservative_regularized,profile_f1_macro_opt
1,1701,VAR_004124,0,0.15357072461488047,0,0.471,conservative_regularized,profile_f1_macro_opt
1,1706,VAR_000778,0,0.2061011684200712,0,0.471,conservative_regularized,profile_f1_macro_opt
1,1712,VAR_001682,1,0.5813262917618659,1,0.471,conservative_regularized,profile_f1_macro_opt
1,1717,VAR_003928,0,0.1722991678155845,0,0.471,conservative_regularized,profile_f1_macro_opt
1,1725,VAR_004429,1,0.6745055433597544,1,0.471,conservative_regularized,profile_f1_macro_opt
1,1735,VAR_000942,1,0.47463019098643755,1,0.471,conservative_regularized,profile_f1_macro_opt
1,1747,VAR_004772,0,0.3008536926989902,0,0.471,conservative_regularized,profile_f1_macro_opt
1,1752,VAR_004270,1,0.47463019098643755,1,0.471,conservative_regularized,profile_f1_macro_opt
1,1761,VAR_004320,1,0.3560017736344003,0,0.471,conservative_regularized,profile_f1_macro_opt
1,1763,VAR_000108,1,0.9075847273750032,1,0.471,conservative_regularized,profile_f1_macro_opt
1,1767,VAR_001338,1,0.5849422292497938,1,0.471,conservative_regularized,profile_f1_macro_opt
1,1768,VAR_006037,1,0.7390677391235,1,0.471,conservative_regularized,profile_f1_macro_opt
1,1774,VAR_000791,0,0.3562935073218893,0,0.471,conservative_regularized,profile_f1_macro_opt
1,1785,VAR_004530,1,0.9005217094704207,1,0.471,conservative_regularized,profile_f1_macro_opt
1,1807,VAR_000857,1,0.9306497208391641,1,0.471,conservative_regularized,profile_f1_macro_opt
1,1819,VAR_003880,1,0.9264965403761172,1,0.471,conservative_regularized,profile_f1_macro_opt
1,1823,VAR_000482,1,0.3514216501099086,0,0.471,conservative_regularized,profile_f1_macro_opt
1,1827,VAR_003480,0,0.47463019098643755,1,0.471,conservative_regularized,profile_f1_macro_opt
1,1836,VAR_001641,1,0.47463019098643755,1,0.471,conservative_regularized,profile_f1_macro_opt
1,1841,VAR_000246,1,0.5307654895717574,1,0.471,conservative_regularized,profile_f1_macro_opt
1,1847,VAR_005274,0,0.2507274783045322,0,0.471,conservative_regularized,profile_f1_macro_opt
1,1851,VAR_001134,1,0.9099213869506481,1,0.471,conservative_regularized,profile_f1_macro_opt
1,1871,VAR_006302,0,0.17052423092354638,0,0.471,conservative_regularized,profile_f1_macro_opt
1,1874,VAR_004247,1,0.9280720480077846,1,0.471,conservative_regularized,profile_f1_macro_opt
1,1875,VAR_006261,1,0.9349380218532677,1,0.471,conservative_regularized,profile_f1_macro_opt
1,1884,VAR_000564,0,0.21709639267068068,0,0.471,conservative_regularized,profile_f1_macro_opt
1,1885,VAR_004507,1,0.8536832775526801,1,0.471,conservative_regularized,profile_f1_macro_opt
1,1893,VAR_004275,1,0.47463019098643755,1,0.471,conservative_regularized,profile_f1_macro_opt
1,1896,VAR_005896,1,0.8964134998128682,1,0.471,conservative_regularized,profile_f1_macro_opt
1,1898,VAR_000856,1,0.9372602232235427,1,0.471,conservative_regularized,profile_f1_macro_opt
1,1899,VAR_004086,0,0.9298895264001661,1,0.471,conservative_regularized,profile_f1_macro_opt
1,1902,VAR_002268,1,0.754043017658064,1,0.471,conservative_regularized,profile_f1_macro_opt
1,1903,VAR_005638,0,0.4310949935328363,0,0.471,conservative_regularized,profile_f1_macro_opt
1,1914,VAR_005991,1,0.431667857013178,0,0.471,conservative_regularized,profile_f1_macro_opt
1,1918,VAR_001616,1,0.47463019098643755,1,0.471,conservative_regularized,profile_f1_macro_opt
1,1919,VAR_003639,0,0.058273425707126326,0,0.471,conservative_regularized,profile_f1_macro_opt
1,1920,VAR_004469,1,0.8093964420454723,1,0.471,conservative_regularized,profile_f1_macro_opt
1,1923,VAR_001752,0,0.23110815998915013,0,0.471,conservative_regularized,profile_f1_macro_opt
1,1940,VAR_000084,0,0.3363490487117537,0,0.471,conservative_regularized,profile_f1_macro_opt
1,1947,VAR_006388,1,0.9368774517012979,1,0.471,conservative_regularized,profile_f1_macro_opt
1,1950,VAR_002762,1,0.915127939659599,1,0.471,conservative_regularized,profile_f1_macro_opt
1,1955,VAR_005777,0,0.17686194278987505,0,0.471,conservative_regularized,profile_f1_macro_opt
1,1966,VAR_000098,1,0.7349260642829621,1,0.471,conservative_regularized,profile_f1_macro_opt
1,1973,VAR_004074,1,0.8798144388709899,1,0.471,conservative_regularized,profile_f1_macro_opt
1,1975,VAR_001599,1,0.4789744103418776,1,0.471,conservative_regularized,profile_f1_macro_opt
1,1979,VAR_000545,1,0.9516232305656085,1,0.471,conservative_regularized,profile_f1_macro_opt
1,1987,VAR_000828,1,0.9538455620334454,1,0.471,conservative_regularized,profile_f1_macro_opt
1,2003,VAR_000715,1,0.3800715125813762,0,0.471,conservative_regularized,profile_f1_macro_opt
1,2005,VAR_004139,1,0.923030307136548,1,0.471,conservative_regularized,profile_f1_macro_opt
1,2029,VAR_005947,1,0.8352613415124923,1,0.471,conservative_regularized,profile_f1_macro_opt
1,2035,VAR_006291,1,0.47463019098643755,1,0.471,conservative_regularized,profile_f1_macro_opt
1,2037,VAR_001212,1,0.7695494710398981,1,0.471,conservative_regularized,profile_f1_macro_opt
1,2041,VAR_000068,1,0.809786012575361,1,0.471,conservative_regularized,profile_f1_macro_opt
1,2054,VAR_000336,0,0.4115795622251722,0,0.471,conservative_regularized,profile_f1_macro_opt
1,2061,VAR_003249,1,0.9585482519556839,1,0.471,conservative_regularized,profile_f1_macro_opt
1,2080,VAR_004782,1,0.8316953807252232,1,0.471,conservative_regularized,profile_f1_macro_opt
1,2082,VAR_000016,1,0.9648815791198375,1,0.471,conservative_regularized,profile_f1_macro_opt
1,2083,VAR_005705,1,0.49452601113297023,1,0.471,conservative_regularized,profile_f1_macro_opt
1,2084,VAR_006274,1,0.6458432695801287,1,0.471,conservative_regularized,profile_f1_macro_opt
1,2089,VAR_004299,1,0.3928396779914434,0,0.471,conservative_regularized,profile_f1_macro_opt
1,2093,VAR_005873,0,0.09122808982670509,0,0.471,conservative_regularized,profile_f1_macro_opt
1,2101,VAR_005313,1,0.8865979158135222,1,0.471,conservative_regularized,profile_f1_macro_opt
1,2111,VAR_000368,1,0.477056962617674,1,0.471,conservative_regularized,profile_f1_macro_opt
1,2116,VAR_004977,1,0.8020176381003844,1,0.471,conservative_regularized,profile_f1_macro_opt
1,2119,VAR_003591,0,0.30036072180518436,0,0.471,conservative_regularized,profile_f1_macro_opt
1,2121,VAR_001598,1,0.5904264195525768,1,0.471,conservative_regularized,profile_f1_macro_opt
1,2122,VAR_002473,0,0.4708403341994777,0,0.471,conservative_regularized,profile_f1_macro_opt
1,2123,VAR_000351,0,0.9120066858929732,1,0.471,conservative_regularized,profile_f1_macro_opt
1,2126,VAR_002337,0,0.2236212353183797,0,0.471,conservative_regularized,profile_f1_macro_opt
1,2127,VAR_001403,1,0.6334921460490915,1,0.471,conservative_regularized,profile_f1_macro_opt
1,2128,VAR_001375,1,0.6413775729948681,1,0.471,conservative_regularized,profile_f1_macro_opt
1,2132,VAR_006130,0,0.14841461473356005,0,0.471,conservative_regularized,profile_f1_macro_opt
1,2140,VAR_003376,1,0.9038432182886743,1,0.471,conservative_regularized,profile_f1_macro_opt
1,2142,VAR_003438,1,0.6747804794522149,1,0.471,conservative_regularized,profile_f1_macro_opt
1,2156,VAR_000481,1,0.3525511872774167,0,0.471,conservative_regularized,profile_f1_macro_opt
1,2159,VAR_000309,1,0.8006471313181845,1,0.471,conservative_regularized,profile_f1_macro_opt
1,2175,VAR_001877,1,0.7797733067023412,1,0.471,conservative_regularized,profile_f1_macro_opt
1,2179,VAR_001114,1,0.9615880001859225,1,0.471,conservative_regularized,profile_f1_macro_opt
1,2180,VAR_006292,1,0.47463019098643755,1,0.471,conservative_regularized,profile_f1_macro_opt
1,2190,VAR_003696,0,0.10272598151328338,0,0.471,conservative_regularized,profile_f1_macro_opt
1,2191,VAR_004277,1,0.5942641741967137,1,0.471,conservative_regularized,profile_f1_macro_opt
1,2196,VAR_000632,1,0.9635426625805945,1,0.471,conservative_regularized,profile_f1_macro_opt
1,2198,VAR_000194,1,0.4271891916691796,0,0.471,conservative_regularized,profile_f1_macro_opt
1,2208,VAR_001728,0,0.224247777662501,0,0.471,conservative_regularized,profile_f1_macro_opt
1,2214,VAR_006214,1,0.9338043199334725,1,0.471,conservative_regularized,profile_f1_macro_opt
1,2217,VAR_002440,0,0.24793454628875283,0,0.471,conservative_regularized,profile_f1_macro_opt
1,2231,VAR_006141,1,0.9279016913295489,1,0.471,conservative_regularized,profile_f1_macro_opt
1,2243,VAR_004071,1,0.9076907232487708,1,0.471,conservative_regularized,profile_f1_macro_opt
1,2244,VAR_002138,1,0.9154036524277075,1,0.471,conservative_regularized,profile_f1_macro_opt
1,2245,VAR_002432,0,0.12983956654418044,0,0.471,conservative_regularized,profile_f1_macro_opt
1,2247,VAR_000468,1,0.8685843776236797,1,0.471,conservative_regularized,profile_f1_macro_opt
1,2254,VAR_003392,1,0.7994419346623237,1,0.471,conservative_regularized,profile_f1_macro_opt
1,2256,VAR_003905,1,0.47463019098643755,1,0.471,conservative_regularized,profile_f1_macro_opt
1,2257,VAR_001715,0,0.10633057650375495,0,0.471,conservative_regularized,profile_f1_macro_opt
1,2259,VAR_002922,0,0.3633162044892513,0,0.471,conservative_regularized,profile_f1_macro_opt
1,2266,VAR_005008,1,0.8559157680247229,1,0.471,conservative_regularized,profile_f1_macro_opt
1,2274,VAR_002195,1,0.9274575153228007,1,0.471,conservative_regularized,profile_f1_macro_opt
1,2277,VAR_004813,1,0.6166781743770412,1,0.471,conservative_regularized,profile_f1_macro_opt
1,2288,VAR_003354,1,0.7814176418363266,1,0.471,conservative_regularized,profile_f1_macro_opt
1,2292,VAR_003786,1,0.5154674472641309,1,0.471,conservative_regularized,profile_f1_macro_opt
1,2294,VAR_001861,0,0.37948825500705663,0,0.471,conservative_regularized,profile_f1_macro_opt
1,2299,VAR_002551,1,0.6461878032152074,1,0.471,conservative_regularized,profile_f1_macro_opt
1,2309,VAR_003716,1,0.9590918027955286,1,0.471,conservative_regularized,profile_f1_macro_opt
1,2320,VAR_006088,1,0.45224715411730815,0,0.471,conservative_regularized,profile_f1_macro_opt
1,2321,VAR_000031,1,0.9680923612766038,1,0.471,conservative_regularized,profile_f1_macro_opt
1,2326,VAR_005312,0,0.2734158203266139,0,0.471,conservative_regularized,profile_f1_macro_opt
1,2336,VAR_003353,1,0.8827455132790537,1,0.471,conservative_regularized,profile_f1_macro_opt
1,2340,VAR_004778,0,0.5740909686875352,1,0.471,conservative_regularized,profile_f1_macro_opt
1,2343,VAR_004043,1,0.9053667782812634,1,0.471,conservative_regularized,profile_f1_macro_opt
1,2344,VAR_001184,1,0.6367583416335959,1,0.471,conservative_regularized,profile_f1_macro_opt
1,2350,VAR_006283,1,0.47463019098643755,1,0.471,conservative_regularized,profile_f1_macro_opt
1,2353,VAR_002612,1,0.40871420918292456,0,0.471,conservative_regularized,profile_f1_macro_opt
1,2359,VAR_003324,0,0.8065779551519886,1,0.471,conservative_regularized,profile_f1_macro_opt
1,2360,VAR_004358,0,0.19118371804876447,0,0.471,conservative_regularized,profile_f1_macro_opt
1,2364,VAR_005770,1,0.30737914526356586,0,0.471,conservative_regularized,profile_f1_macro_opt
1,2371,VAR_001561,1,0.47463019098643755,1,0.471,conservative_regularized,profile_f1_macro_opt
1,2372,VAR_001313,1,0.6265987298807116,1,0.471,conservative_regularized,profile_f1_macro_opt
1,2381,VAR_005118,1,0.5373960254681851,1,0.471,conservative_regularized,profile_f1_macro_opt
1,2388,VAR_002293,0,0.6371008068775997,1,0.471,conservative_regularized,profile_f1_macro_opt
1,2391,VAR_006340,1,0.9175743294187934,1,0.471,conservative_regularized,profile_f1_macro_opt
1,2393,VAR_006029,1,0.9350779354261209,1,0.471,conservative_regularized,profile_f1_macro_opt
1,2394,VAR_004790,1,0.6234580624832748,1,0.471,conservative_regularized,profile_f1_macro_opt
1,2396,VAR_004147,0,0.6426188968405805,1,0.471,conservative_regularized,profile_f1_macro_opt
1,2397,VAR_000788,1,0.5805025358617927,1,0.471,conservative_regularized,profile_f1_macro_opt
1,2398,VAR_001710,0,0.7400988558539568,1,0.471,conservative_regularized,profile_f1_macro_opt
1,2399,VAR_000139,1,0.41507802760698,0,0.471,conservative_regularized,profile_f1_macro_opt
1,2401,VAR_003147,0,0.22947653252414763,0,0.471,conservative_regularized,profile_f1_macro_opt
1,2416,VAR_006430,0,0.9048358523509343,1,0.471,conservative_regularized,profile_f1_macro_opt
1,2419,VAR_000911,1,0.8396585445271477,1,0.471,conservative_regularized,profile_f1_macro_opt
1,2422,VAR_002519,1,0.877049136876443,1,0.471,conservative_regularized,profile_f1_macro_opt
1,2425,VAR_001330,1,0.6297270495135763,1,0.471,conservative_regularized,profile_f1_macro_opt
1,2428,VAR_004029,0,0.14574272617187933,0,0.471,conservative_regularized,profile_f1_macro_opt
1,2435,VAR_005445,1,0.7072821243324378,1,0.471,conservative_regularized,profile_f1_macro_opt
1,2450,VAR_002152,1,0.732265383620578,1,0.471,conservative_regularized,profile_f1_macro_opt
1,2455,VAR_005236,0,0.08795175276183759,0,0.471,conservative_regularized,profile_f1_macro_opt
1,2465,VAR_004638,0,0.2264483071341253,0,0.471,conservative_regularized,profile_f1_macro_opt
1,2473,VAR_002262,1,0.7737061375780914,1,0.471,conservative_regularized,profile_f1_macro_opt
1,2480,VAR_003282,1,0.8702126609270001,1,0.471,conservative_regularized,profile_f1_macro_opt
1,2484,VAR_002428,1,0.7734018993588757,1,0.471,conservative_regularized,profile_f1_macro_opt
1,2491,VAR_002027,1,0.963987870029013,1,0.471,conservative_regularized,profile_f1_macro_opt
1,2493,VAR_006033,1,0.9350648717532335,1,0.471,conservative_regularized,profile_f1_macro_opt
1,2511,VAR_001197,1,0.808471297868089,1,0.471,conservative_regularized,profile_f1_macro_opt
1,2533,VAR_002517,1,0.9304256538780304,1,0.471,conservative_regularized,profile_f1_macro_opt
1,2541,VAR_003560,0,0.3458387649261352,0,0.471,conservative_regularized,profile_f1_macro_opt
1,2548,VAR_004694,0,0.3138004546927086,0,0.471,conservative_regularized,profile_f1_macro_opt
1,2563,VAR_001430,0,0.5789580633602546,1,0.471,conservative_regularized,profile_f1_macro_opt
1,2564,VAR_005066,0,0.4667760876455283,0,0.471,conservative_regularized,profile_f1_macro_opt
1,2579,VAR_004478,1,0.7980289593195474,1,0.471,conservative_regularized,profile_f1_macro_opt
1,2582,VAR_003418,1,0.9477832097705995,1,0.471,conservative_regularized,profile_f1_macro_opt
1,2589,VAR_003661,1,0.759016930735528,1,0.471,conservative_regularized,profile_f1_macro_opt
1,2605,VAR_005175,0,0.37650582985213354,0,0.471,conservative_regularized,profile_f1_macro_opt
1,2612,VAR_000518,1,0.9586571087625317,1,0.471,conservative_regularized,profile_f1_macro_opt
1,2617,VAR_000810,0,0.16323446851681842,0,0.471,conservative_regularized,profile_f1_macro_opt
1,2623,VAR_004932,1,0.8977232892443928,1,0.471,conservative_regularized,profile_f1_macro_opt
1,2638,VAR_004491,1,0.7014123288486597,1,0.471,conservative_regularized,profile_f1_macro_opt
1,2643,VAR_003463,0,0.3289291324822185,0,0.471,conservative_regularized,profile_f1_macro_opt
1,2656,VAR_000310,1,0.8893811266885432,1,0.471,conservative_regularized,profile_f1_macro_opt
1,2668,VAR_006321,0,0.14014116203687504,0,0.471,conservative_regularized,profile_f1_macro_opt
1,2670,VAR_000858,1,0.958481667363441,1,0.471,conservative_regularized,profile_f1_macro_opt
1,2675,VAR_006342,1,0.940727411110336,1,0.471,conservative_regularized,profile_f1_macro_opt
1,2679,VAR_003849,0,0.11308225437780678,0,0.471,conservative_regularized,profile_f1_macro_opt
1,2680,VAR_006244,0,0.06370935227023666,0,0.471,conservative_regularized,profile_f1_macro_opt
1,2702,VAR_001679,0,0.1535698939551478,0,0.471,conservative_regularized,profile_f1_macro_opt
1,2711,VAR_004846,1,0.7125270655848494,1,0.471,conservative_regularized,profile_f1_macro_opt
1,2722,VAR_002644,1,0.7133430180040742,1,0.471,conservative_regularized,profile_f1_macro_opt
1,2730,VAR_006518,1,0.8864268910358581,1,0.471,conservative_regularized,profile_f1_macro_opt
1,2754,VAR_002365,1,0.5678305292738322,1,0.471,conservative_regularized,profile_f1_macro_opt
1,2755,VAR_003742,1,0.6953615111234241,1,0.471,conservative_regularized,profile_f1_macro_opt
1,2758,VAR_005618,0,0.17471219324410409,0,0.471,conservative_regularized,profile_f1_macro_opt
1,2761,VAR_002506,1,0.8686844896287897,1,0.471,conservative_regularized,profile_f1_macro_opt
1,2763,VAR_004009,1,0.9342293761683581,1,0.471,conservative_regularized,profile_f1_macro_opt
1,2764,VAR_000565,1,0.9124568244161211,1,0.471,conservative_regularized,profile_f1_macro_opt
1,2768,VAR_004505,0,0.24025238871217164,0,0.471,conservative_regularized,profile_f1_macro_opt
1,2774,VAR_005577,1,0.8198839248032166,1,0.471,conservative_regularized,profile_f1_macro_opt
1,2779,VAR_006107,1,0.9314457605512335,1,0.471,conservative_regularized,profile_f1_macro_opt
1,2783,VAR_004506,1,0.6614940584572,1,0.471,conservative_regularized,profile_f1_macro_opt
1,2785,VAR_003049,0,0.47463019098643755,1,0.471,conservative_regularized,profile_f1_macro_opt
1,2788,VAR_005463,1,0.3802173892669744,0,0.471,conservative_regularized,profile_f1_macro_opt
1,2805,VAR_000796,0,0.1501613423269883,0,0.471,conservative_regularized,profile_f1_macro_opt
1,2810,VAR_000441,0,0.8462208241636701,1,0.471,conservative_regularized,profile_f1_macro_opt
1,2814,VAR_003895,0,0.31812383881297995,0,0.471,conservative_regularized,profile_f1_macro_opt
1,2815,VAR_005201,1,0.9331115759786575,1,0.471,conservative_regularized,profile_f1_macro_opt
1,2818,VAR_005709,1,0.9639973171580972,1,0.471,conservative_regularized,profile_f1_macro_opt
1,2821,VAR_003635,0,0.8119927175951807,1,0.471,conservative_regularized,profile_f1_macro_opt
1,2841,VAR_005003,1,0.6398682546406952,1,0.471,conservative_regularized,profile_f1_macro_opt
1,2842,VAR_006332,0,0.8814139936770868,1,0.471,conservative_regularized,profile_f1_macro_opt
1,2845,VAR_003537,1,0.8571618492262935,1,0.471,conservative_regularized,profile_f1_macro_opt
1,2846,VAR_006308,1,0.6076261414204941,1,0.471,conservative_regularized,profile_f1_macro_opt
1,2854,VAR_004239,1,0.9700685131111184,1,0.471,conservative_regularized,profile_f1_macro_opt
1,2856,VAR_004282,1,0.3746192991941674,0,0.471,conservative_regularized,profile_f1_macro_opt
1,2864,VAR_004966,1,0.885451235090724,1,0.471,conservative_regularized,profile_f1_macro_opt
1,2884,VAR_005281,1,0.5361787449055957,1,0.471,conservative_regularized,profile_f1_macro_opt
1,2887,VAR_001522,0,0.47463019098643755,1,0.471,conservative_regularized,profile_f1_macro_opt
1,2889,VAR_001473,1,0.5687839963843385,1,0.471,conservative_regularized,profile_f1_macro_opt
1,2894,VAR_006501,1,0.9191640171038306,1,0.471,conservative_regularized,profile_f1_macro_opt
1,2903,VAR_003955,1,0.34145755655027304,0,0.471,conservative_regularized,profile_f1_macro_opt
1,2904,VAR_001546,1,0.5934420269105567,1,0.471,conservative_regularized,profile_f1_macro_opt
1,2907,VAR_005693,1,0.9718970055150141,1,0.471,conservative_regularized,profile_f1_macro_opt
1,2924,VAR_002384,1,0.6969948203661004,1,0.471,conservative_regularized,profile_f1_macro_opt
2,4,VAR_000082,1,0.7594854528099753,1,0.471,conservative_regularized,profile_f1_macro_opt
2,6,VAR_006245,0,0.21909997839323067,0,0.471,conservative_regularized,profile_f1_macro_opt
2,8,VAR_005692,1,0.8046180852157012,1,0.471,conservative_regularized,profile_f1_macro_opt
2,11,VAR_000584,0,0.6338072856447751,1,0.471,conservative_regularized,profile_f1_macro_opt
2,15,VAR_001845,0,0.6610120902087855,1,0.471,conservative_regularized,profile_f1_macro_opt
2,18,VAR_005011,1,0.19153153725510905,0,0.471,conservative_regularized,profile_f1_macro_opt
2,25,VAR_000884,1,0.686133168628999,1,0.471,conservative_regularized,profile_f1_macro_opt
2,30,VAR_000023,1,0.9676775454887122,1,0.471,conservative_regularized,profile_f1_macro_opt
2,34,VAR_002343,1,0.7454774906671245,1,0.471,conservative_regularized,profile_f1_macro_opt
2,36,VAR_000637,1,0.971111481638334,1,0.471,conservative_regularized,profile_f1_macro_opt
2,40,VAR_005018,0,0.1426141794602889,0,0.471,conservative_regularized,profile_f1_macro_opt
2,43,VAR_004634,0,0.19531949957485975,0,0.471,conservative_regularized,profile_f1_macro_opt
2,63,VAR_005138,1,0.6570311730200941,1,0.471,conservative_regularized,profile_f1_macro_opt
2,64,VAR_005771,1,0.7548517034450091,1,0.471,conservative_regularized,profile_f1_macro_opt
2,85,VAR_006065,1,0.9185420690260693,1,0.471,conservative_regularized,profile_f1_macro_opt
2,93,VAR_004040,1,0.8654971459731433,1,0.471,conservative_regularized,profile_f1_macro_opt
2,109,VAR_000800,0,0.07143091084300707,0,0.471,conservative_regularized,profile_f1_macro_opt
2,119,VAR_005443,1,0.877014583108334,1,0.471,conservative_regularized,profile_f1_macro_opt
2,120,VAR_003252,1,0.7934231961068661,1,0.471,conservative_regularized,profile_f1_macro_opt
2,130,VAR_004467,1,0.3784802774308354,0,0.471,conservative_regularized,profile_f1_macro_opt
2,140,VAR_002426,1,0.8991296315059012,1,0.471,conservative_regularized,profile_f1_macro_opt
2,151,VAR_003771,1,0.9439268935015458,1,0.471,conservative_regularized,profile_f1_macro_opt
2,172,VAR_002457,1,0.8004062787245811,1,0.471,conservative_regularized,profile_f1_macro_opt
2,181,VAR_003086,0,0.7991021561093159,1,0.471,conservative_regularized,profile_f1_macro_opt
2,184,VAR_004598,0,0.1888197913290585,0,0.471,conservative_regularized,profile_f1_macro_opt
2,194,VAR_001746,0,0.21950969236772314,0,0.471,conservative_regularized,profile_f1_macro_opt
2,218,VAR_001297,1,0.5942564599244493,1,0.471,conservative_regularized,profile_f1_macro_opt
2,221,VAR_001581,1,0.7207035050661117,1,0.471,conservative_regularized,profile_f1_macro_opt
2,222,VAR_002539,1,0.7211695423265638,1,0.471,conservative_regularized,profile_f1_macro_opt
2,240,VAR_001662,0,0.7312387031954406,1,0.471,conservative_regularized,profile_f1_macro_opt
2,244,VAR_000325,0,0.2962352453049232,0,0.471,conservative_regularized,profile_f1_macro_opt
2,249,VAR_006082,1,0.5022990389422727,1,0.471,conservative_regularized,profile_f1_macro_opt
2,253,VAR_001336,1,0.6933108116238041,1,0.471,conservative_regularized,profile_f1_macro_opt
2,254,VAR_005219,0,0.13294965178492169,0,0.471,conservative_regularized,profile_f1_macro_opt
2,256,VAR_002278,1,0.9249051606037453,1,0.471,conservative_regularized,profile_f1_macro_opt
2,257,VAR_005718,1,0.19681807450345634,0,0.471,conservative_regularized,profile_f1_macro_opt
2,270,VAR_000389,1,0.24953380898381444,0,0.471,conservative_regularized,profile_f1_macro_opt
2,273,VAR_001284,1,0.36826487990501955,0,0.471,conservative_regularized,profile_f1_macro_opt
2,281,VAR_003507,0,0.3089970645213073,0,0.471,conservative_regularized,profile_f1_macro_opt
2,287,VAR_002480,1,0.8115321723236637,1,0.471,conservative_regularized,profile_f1_macro_opt
2,291,VAR_005969,0,0.559318741278092,1,0.471,conservative_regularized,profile_f1_macro_opt
2,294,VAR_003333,1,0.7317967234454927,1,0.471,conservative_regularized,profile_f1_macro_opt
2,301,VAR_002315,1,0.5795187528218805,1,0.471,conservative_regularized,profile_f1_macro_opt
2,303,VAR_003626,0,0.16546102113447494,0,0.471,conservative_regularized,profile_f1_macro_opt
2,304,VAR_005821,0,0.07895646745508232,0,0.471,conservative_regularized,profile_f1_macro_opt
2,312,VAR_003671,1,0.9373124340927392,1,0.471,conservative_regularized,profile_f1_macro_opt
2,314,VAR_005714,1,0.823611062012104,1,0.471,conservative_regularized,profile_f1_macro_opt
2,318,VAR_006001,1,0.34301948908757535,0,0.471,conservative_regularized,profile_f1_macro_opt
2,321,VAR_003051,0,0.6456940868052509,1,0.471,conservative_regularized,profile_f1_macro_opt
2,333,VAR_003515,1,0.8498258024810376,1,0.471,conservative_regularized,profile_f1_macro_opt
2,334,VAR_006348,1,0.9594882807408801,1,0.471,conservative_regularized,profile_f1_macro_opt
2,345,VAR_002043,1,0.6617397807679085,1,0.471,conservative_regularized,profile_f1_macro_opt
2,352,VAR_000369,0,0.4804031883690798,1,0.471,conservative_regularized,profile_f1_macro_opt
2,359,VAR_002136,1,0.9684219829523257,1,0.471,conservative_regularized,profile_f1_macro_opt
2,367,VAR_002789,1,0.8617841927711978,1,0.471,conservative_regularized,profile_f1_macro_opt
2,368,VAR_000449,1,0.8680461360153402,1,0.471,conservative_regularized,profile_f1_macro_opt
2,383,VAR_002085,0,0.08644221713987948,0,0.471,conservative_regularized,profile_f1_macro_opt
2,386,VAR_000759,0,0.35806893921231575,0,0.471,conservative_regularized,profile_f1_macro_opt
2,392,VAR_003769,1,0.7462372781715041,1,0.471,conservative_regularized,profile_f1_macro_opt
2,407,VAR_005436,1,0.9542873512117763,1,0.471,conservative_regularized,profile_f1_macro_opt
2,408,VAR_006576,1,0.9432277578404079,1,0.471,conservative_regularized,profile_f1_macro_opt
2,412,VAR_001227,1,0.532530269356646,1,0.471,conservative_regularized,profile_f1_macro_opt
2,413,VAR_005555,1,0.9626317380935947,1,0.471,conservative_regularized,profile_f1_macro_opt
2,414,VAR_005216,1,0.8794470584640476,1,0.471,conservative_regularized,profile_f1_macro_opt
2,416,VAR_003584,0,0.055199699957115184,0,0.471,conservative_regularized,profile_f1_macro_opt
2,419,VAR_004136,1,0.5557910817856709,1,0.471,conservative_regularized,profile_f1_macro_opt
2,425,VAR_002767,1,0.9411654965531764,1,0.471,conservative_regularized,profile_f1_macro_opt
2,434,VAR_006106,1,0.9510184595152974,1,0.471,conservative_regularized,profile_f1_macro_opt
2,439,VAR_002478,1,0.7764017604997303,1,0.471,conservative_regularized,profile_f1_macro_opt
2,445,VAR_004862,1,0.8784565805118207,1,0.471,conservative_regularized,profile_f1_macro_opt
2,456,VAR_004461,1,0.08126576339177793,0,0.471,conservative_regularized,profile_f1_macro_opt
2,458,VAR_004306,0,0.6108093297636407,1,0.471,conservative_regularized,profile_f1_macro_opt
2,462,VAR_003394,1,0.9392319306676282,1,0.471,conservative_regularized,profile_f1_macro_opt
2,470,VAR_003750,1,0.8875201225163966,1,0.471,conservative_regularized,profile_f1_macro_opt
2,471,VAR_002927,0,0.10717074591118818,0,0.471,conservative_regularized,profile_f1_macro_opt
2,475,VAR_001198,1,0.8236149110604672,1,0.471,conservative_regularized,profile_f1_macro_opt
2,486,VAR_005572,0,0.22048698223445495,0,0.471,conservative_regularized,profile_f1_macro_opt
2,487,VAR_001236,1,0.6789242839779406,1,0.471,conservative_regularized,profile_f1_macro_opt
2,488,VAR_000075,0,0.5257800529016031,1,0.471,conservative_regularized,profile_f1_macro_opt
2,494,VAR_002371,0,0.05016000884896717,0,0.471,conservative_regularized,profile_f1_macro_opt
2,506,VAR_002467,1,0.8161043761524583,1,0.471,conservative_regularized,profile_f1_macro_opt
2,511,VAR_004816,1,0.6759690256992232,1,0.471,conservative_regularized,profile_f1_macro_opt
2,519,VAR_003483,0,0.29671266142293673,0,0.471,conservative_regularized,profile_f1_macro_opt
2,524,VAR_003321,1,0.8004428381202194,1,0.471,conservative_regularized,profile_f1_macro_opt
2,525,VAR_001477,1,0.6144534411458588,1,0.471,conservative_regularized,profile_f1_macro_opt
2,526,VAR_002638,1,0.9088446439031037,1,0.471,conservative_regularized,profile_f1_macro_opt
2,527,VAR_000644,1,0.9202518349099671,1,0.471,conservative_regularized,profile_f1_macro_opt
2,538,VAR_000009,1,0.3387740158566318,0,0.471,conservative_regularized,profile_f1_macro_opt
2,543,VAR_004819,1,0.892493826688136,1,0.471,conservative_regularized,profile_f1_macro_opt
2,544,VAR_000882,1,0.8273928192665478,1,0.471,conservative_regularized,profile_f1_macro_opt
2,555,VAR_003246,1,0.907137080725411,1,0.471,conservative_regularized,profile_f1_macro_opt
2,558,VAR_005611,1,0.7770050042720434,1,0.471,conservative_regularized,profile_f1_macro_opt
2,561,VAR_000505,1,0.7948306611751643,1,0.471,conservative_regularized,profile_f1_macro_opt
2,564,VAR_005227,1,0.9026009314298555,1,0.471,conservative_regularized,profile_f1_macro_opt
2,577,VAR_004317,1,0.5950313107153039,1,0.471,conservative_regularized,profile_f1_macro_opt
2,584,VAR_003262,0,0.44281672934390737,0,0.471,conservative_regularized,profile_f1_macro_opt
2,593,VAR_003825,0,0.30651050764836363,0,0.471,conservative_regularized,profile_f1_macro_opt
2,606,VAR_006463,1,0.8358526381987318,1,0.471,conservative_regularized,profile_f1_macro_opt
2,614,VAR_005526,1,0.6214041399677902,1,0.471,conservative_regularized,profile_f1_macro_opt
2,620,VAR_001148,1,0.41638438243280457,0,0.471,conservative_regularized,profile_f1_macro_opt
2,625,VAR_002334,1,0.42103625115561505,0,0.471,conservative_regularized,profile_f1_macro_opt
2,628,VAR_006383,0,0.8702614494491135,1,0.471,conservative_regularized,profile_f1_macro_opt
2,633,VAR_001340,0,0.712117155026066,1,0.471,conservative_regularized,profile_f1_macro_opt
2,646,VAR_000244,1,0.7464025513438024,1,0.471,conservative_regularized,profile_f1_macro_opt
2,648,VAR_004524,1,0.8306501837565776,1,0.471,conservative_regularized,profile_f1_macro_opt
2,665,VAR_005934,0,0.8753206553401436,1,0.471,conservative_regularized,profile_f1_macro_opt
2,676,VAR_003784,1,0.9448411504029074,1,0.471,conservative_regularized,profile_f1_macro_opt
2,686,VAR_000643,1,0.968643614913662,1,0.471,conservative_regularized,profile_f1_macro_opt
2,692,VAR_002355,1,0.7834780552802352,1,0.471,conservative_regularized,profile_f1_macro_opt
2,698,VAR_000260,1,0.4456579152029375,0,0.471,conservative_regularized,profile_f1_macro_opt
2,701,VAR_000721,1,0.950133442520386,1,0.471,conservative_regularized,profile_f1_macro_opt
2,712,VAR_006174,1,0.805068549461215,1,0.471,conservative_regularized,profile_f1_macro_opt
2,715,VAR_000047,0,0.4650387744047666,0,0.471,conservative_regularized,profile_f1_macro_opt
2,723,VAR_004302,1,0.2910230101605782,0,0.471,conservative_regularized,profile_f1_macro_opt
2,726,VAR_004081,1,0.8532988174611382,1,0.471,conservative_regularized,profile_f1_macro_opt
2,727,VAR_004060,0,0.9691433701897741,1,0.471,conservative_regularized,profile_f1_macro_opt
2,732,VAR_002137,1,0.8625230969760571,1,0.471,conservative_regularized,profile_f1_macro_opt
2,737,VAR_004480,0,0.3183053523410304,0,0.471,conservative_regularized,profile_f1_macro_opt
2,749,VAR_000729,1,0.8643568627595167,1,0.471,conservative_regularized,profile_f1_macro_opt
2,755,VAR_005859,1,0.7026819537652202,1,0.471,conservative_regularized,profile_f1_macro_opt
2,756,VAR_005282,1,0.5329433831246424,1,0.471,conservative_regularized,profile_f1_macro_opt
2,770,VAR_000196,1,0.46790857898701144,0,0.471,conservative_regularized,profile_f1_macro_opt
2,777,VAR_002047,1,0.8149000514963615,1,0.471,conservative_regularized,profile_f1_macro_opt
2,793,VAR_004929,0,0.5826754741975859,1,0.471,conservative_regularized,profile_f1_macro_opt
2,801,VAR_001094,1,0.87823594609615,1,0.471,conservative_regularized,profile_f1_macro_opt
2,806,VAR_004126,1,0.5148563161382844,1,0.471,conservative_regularized,profile_f1_macro_opt
2,814,VAR_003836,1,0.7550147363102607,1,0.471,conservative_regularized,profile_f1_macro_opt
2,818,VAR_004289,1,0.22459928850761712,0,0.471,conservative_regularized,profile_f1_macro_opt
2,830,VAR_006491,1,0.9686898416303805,1,0.471,conservative_regularized,profile_f1_macro_opt
2,833,VAR_005685,1,0.8477294746698284,1,0.471,conservative_regularized,profile_f1_macro_opt
2,840,VAR_000799,0,0.16659379834686322,0,0.471,conservative_regularized,profile_f1_macro_opt
2,841,VAR_004608,0,0.5009892509950942,1,0.471,conservative_regularized,profile_f1_macro_opt
2,842,VAR_006431,0,0.6702814133085959,1,0.471,conservative_regularized,profile_f1_macro_opt
2,847,VAR_002982,1,0.8644867119540426,1,0.471,conservative_regularized,profile_f1_macro_opt
2,852,VAR_000222,0,0.20383163631364642,0,0.471,conservative_regularized,profile_f1_macro_opt
2,854,VAR_002320,0,0.38678688747917733,0,0.471,conservative_regularized,profile_f1_macro_opt
2,860,VAR_005917,0,0.2198321771927799,0,0.471,conservative_regularized,profile_f1_macro_opt
2,876,VAR_000088,0,0.12351187435376383,0,0.471,conservative_regularized,profile_f1_macro_opt
2,886,VAR_002050,1,0.8905204239022865,1,0.471,conservative_regularized,profile_f1_macro_opt
2,891,VAR_003285,1,0.8196639324666027,1,0.471,conservative_regularized,profile_f1_macro_opt
2,910,VAR_000813,1,0.7868723207494172,1,0.471,conservative_regularized,profile_f1_macro_opt
2,920,VAR_005503,1,0.9519983399404982,1,0.471,conservative_regularized,profile_f1_macro_opt
2,924,VAR_004978,1,0.817211925800884,1,0.471,conservative_regularized,profile_f1_macro_opt
2,925,VAR_004938,1,0.5258211178562684,1,0.471,conservative_regularized,profile_f1_macro_opt
2,929,VAR_000538,1,0.8488656794309564,1,0.471,conservative_regularized,profile_f1_macro_opt
2,931,VAR_003377,1,0.7393488871186902,1,0.471,conservative_regularized,profile_f1_macro_opt
2,939,VAR_001038,0,0.8105409697660597,1,0.471,conservative_regularized,profile_f1_macro_opt
2,941,VAR_004144,0,0.9286724708430459,1,0.471,conservative_regularized,profile_f1_macro_opt
2,942,VAR_002814,1,0.9274671355158786,1,0.471,conservative_regularized,profile_f1_macro_opt
2,946,VAR_002454,1,0.8362846543882255,1,0.471,conservative_regularized,profile_f1_macro_opt
2,947,VAR_001584,1,0.4734780858591558,1,0.471,conservative_regularized,profile_f1_macro_opt
2,951,VAR_002877,1,0.8580808728126459,1,0.471,conservative_regularized,profile_f1_macro_opt
2,953,VAR_004321,1,0.25344395231493355,0,0.471,conservative_regularized,profile_f1_macro_opt
2,960,VAR_002515,1,0.8327778499062527,1,0.471,conservative_regularized,profile_f1_macro_opt
2,970,VAR_000912,1,0.8966942382636364,1,0.471,conservative_regularized,profile_f1_macro_opt
2,978,VAR_004962,1,0.8494238320207017,1,0.471,conservative_regularized,profile_f1_macro_opt
2,981,VAR_005128,1,0.9210304356288271,1,0.471,conservative_regularized,profile_f1_macro_opt
2,988,VAR_001486,1,0.47199525928592184,1,0.471,conservative_regularized,profile_f1_macro_opt
2,996,VAR_006153,1,0.7373150651455483,1,0.471,conservative_regularized,profile_f1_macro_opt
2,1000,VAR_004842,1,0.5005515218478794,1,0.471,conservative_regularized,profile_f1_macro_opt
2,1001,VAR_004824,1,0.7007238913162083,1,0.471,conservative_regularized,profile_f1_macro_opt
2,1003,VAR_002601,0,0.19357823311186,0,0.471,conservative_regularized,profile_f1_macro_opt
2,1007,VAR_000638,1,0.9290963929313959,1,0.471,conservative_regularized,profile_f1_macro_opt
2,1009,VAR_000292,1,0.7328935932477814,1,0.471,conservative_regularized,profile_f1_macro_opt
2,1018,VAR_004454,0,0.11440297593811069,0,0.471,conservative_regularized,profile_f1_macro_opt
2,1032,VAR_002292,0,0.20609995112969334,0,0.471,conservative_regularized,profile_f1_macro_opt
2,1033,VAR_004468,1,0.38619101355234037,0,0.471,conservative_regularized,profile_f1_macro_opt
2,1035,VAR_002527,0,0.19531949957485975,0,0.471,conservative_regularized,profile_f1_macro_opt
2,1040,VAR_000022,1,0.8843679711497148,1,0.471,conservative_regularized,profile_f1_macro_opt
2,1047,VAR_002610,0,0.29640013480865524,0,0.471,conservative_regularized,profile_f1_macro_opt
2,1067,VAR_002948,1,0.6184039447788934,1,0.471,conservative_regularized,profile_f1_macro_opt
2,1082,VAR_000174,1,0.9067531445047678,1,0.471,conservative_regularized,profile_f1_macro_opt
2,1083,VAR_004110,1,0.6985590587592659,1,0.471,conservative_regularized,profile_f1_macro_opt
2,1104,VAR_003345,1,0.686633173564006,1,0.471,conservative_regularized,profile_f1_macro_opt
2,1111,VAR_001037,1,0.9337888234888553,1,0.471,conservative_regularized,profile_f1_macro_opt
2,1112,VAR_003908,0,0.21889635801653043,0,0.471,conservative_regularized,profile_f1_macro_opt
2,1120,VAR_000169,1,0.84530488065869,1,0.471,conservative_regularized,profile_f1_macro_opt
2,1129,VAR_002680,1,0.48091756814371456,1,0.471,conservative_regularized,profile_f1_macro_opt
2,1132,VAR_001789,0,0.20104022028413576,0,0.471,conservative_regularized,profile_f1_macro_opt
2,1139,VAR_000779,1,0.8529306024923885,1,0.471,conservative_regularized,profile_f1_macro_opt
2,1159,VAR_000135,1,0.6997153361023761,1,0.471,conservative_regularized,profile_f1_macro_opt
2,1162,VAR_003370,1,0.4125627979958032,0,0.471,conservative_regularized,profile_f1_macro_opt
2,1166,VAR_004791,0,0.27427189942933494,0,0.471,conservative_regularized,profile_f1_macro_opt
2,1180,VAR_006498,1,0.9275663227197651,1,0.471,conservative_regularized,profile_f1_macro_opt
2,1183,VAR_005051,0,0.5804144608358243,1,0.471,conservative_regularized,profile_f1_macro_opt
2,1185,VAR_001709,0,0.853018364778868,1,0.471,conservative_regularized,profile_f1_macro_opt
2,1191,VAR_001335,1,0.6865655335901528,1,0.471,conservative_regularized,profile_f1_macro_opt
2,1193,VAR_000236,1,0.76632067884793,1,0.471,conservative_regularized,profile_f1_macro_opt
2,1197,VAR_005617,1,0.9589119702191498,1,0.471,conservative_regularized,profile_f1_macro_opt
2,1209,VAR_005641,0,0.20973608678692057,0,0.471,conservative_regularized,profile_f1_macro_opt
2,1213,VAR_000415,1,0.47199525928592184,1,0.471,conservative_regularized,profile_f1_macro_opt
2,1216,VAR_001440,1,0.6573342707141677,1,0.471,conservative_regularized,profile_f1_macro_opt
2,1217,VAR_004809,1,0.8849101150668082,1,0.471,conservative_regularized,profile_f1_macro_opt
2,1233,VAR_003860,1,0.878615253881531,1,0.471,conservative_regularized,profile_f1_macro_opt
2,1241,VAR_000795,0,0.4943138760487623,1,0.471,conservative_regularized,profile_f1_macro_opt
2,1245,VAR_005492,1,0.9507105719731157,1,0.471,conservative_regularized,profile_f1_macro_opt
2,1256,VAR_006305,0,0.5402358986020191,1,0.471,conservative_regularized,profile_f1_macro_opt
2,1263,VAR_000905,1,0.7208587865128628,1,0.471,conservative_regularized,profile_f1_macro_opt
2,1268,VAR_001738,0,0.22467889355505005,0,0.471,conservative_regularized,profile_f1_macro_opt
2,1271,VAR_004080,1,0.9282084938838548,1,0.471,conservative_regularized,profile_f1_macro_opt
2,1278,VAR_004279,1,0.5154266607945704,1,0.471,conservative_regularized,profile_f1_macro_opt
2,1281,VAR_004615,0,0.5510028610221399,1,0.471,conservative_regularized,profile_f1_macro_opt
2,1296,VAR_000250,1,0.2623535748239374,0,0.471,conservative_regularized,profile_f1_macro_opt
2,1298,VAR_003923,1,0.4969160779794762,1,0.471,conservative_regularized,profile_f1_macro_opt
2,1299,VAR_005346,1,0.9639921176300505,1,0.471,conservative_regularized,profile_f1_macro_opt
2,1306,VAR_000001,0,0.25404481362986625,0,0.471,conservative_regularized,profile_f1_macro_opt
2,1313,VAR_002842,1,0.9050465081388754,1,0.471,conservative_regularized,profile_f1_macro_opt
2,1317,VAR_000026,0,0.1049593054617285,0,0.471,conservative_regularized,profile_f1_macro_opt
2,1319,VAR_005258,0,0.3062669197331248,0,0.471,conservative_regularized,profile_f1_macro_opt
2,1323,VAR_000399,1,0.8520470094633935,1,0.471,conservative_regularized,profile_f1_macro_opt
2,1332,VAR_003340,0,0.6491159430441116,1,0.471,conservative_regularized,profile_f1_macro_opt
2,1338,VAR_003702,0,0.06104526177645794,0,0.471,conservative_regularized,profile_f1_macro_opt
2,1345,VAR_000177,1,0.5924120686938038,1,0.471,conservative_regularized,profile_f1_macro_opt
2,1359,VAR_003757,1,0.915625575485341,1,0.471,conservative_regularized,profile_f1_macro_opt
2,1361,VAR_005595,0,0.0884879003517059,0,0.471,conservative_regularized,profile_f1_macro_opt
2,1364,VAR_006320,1,0.8176449039679395,1,0.471,conservative_regularized,profile_f1_macro_opt
2,1371,VAR_005870,1,0.47199525928592184,1,0.471,conservative_regularized,profile_f1_macro_opt
2,1376,VAR_002531,1,0.8128784554568013,1,0.471,conservative_regularized,profile_f1_macro_opt
2,1378,VAR_004762,0,0.07778177870272926,0,0.471,conservative_regularized,profile_f1_macro_opt
2,1379,VAR_004560,1,0.815082992766593,1,0.471,conservative_regularized,profile_f1_macro_opt
2,1388,VAR_003286,1,0.7615321664888364,1,0.471,conservative_regularized,profile_f1_macro_opt
2,1389,VAR_000679,0,0.20708822305770053,0,0.471,conservative_regularized,profile_f1_macro_opt
2,1396,VAR_003493,1,0.06759715530632791,0,0.471,conservative_regularized,profile_f1_macro_opt
2,1400,VAR_005352,1,0.7469650285927392,1,0.471,conservative_regularized,profile_f1_macro_opt
2,1401,VAR_005612,1,0.8681853875658629,1,0.471,conservative_regularized,profile_f1_macro_opt
2,1407,VAR_001397,1,0.47199525928592184,1,0.471,conservative_regularized,profile_f1_macro_opt
2,1408,VAR_000189,1,0.8389954476751612,1,0.471,conservative_regularized,profile_f1_macro_opt
2,1409,VAR_000587,0,0.819064594785115,1,0.471,conservative_regularized,profile_f1_macro_opt
2,1417,VAR_006326,1,0.8603751340018562,1,0.471,conservative_regularized,profile_f1_macro_opt
2,1418,VAR_000380,1,0.8259412039758101,1,0.471,conservative_regularized,profile_f1_macro_opt
2,1421,VAR_004837,1,0.8612609213354,1,0.471,conservative_regularized,profile_f1_macro_opt
2,1423,VAR_004703,0,0.34166652128309205,0,0.471,conservative_regularized,profile_f1_macro_opt
2,1440,VAR_000839,0,0.16208795047811894,0,0.471,conservative_regularized,profile_f1_macro_opt
2,1442,VAR_002254,1,0.47199525928592184,1,0.471,conservative_regularized,profile_f1_macro_opt
2,1443,VAR_000546,0,0.204259906463257,0,0.471,conservative_regularized,profile_f1_macro_opt
2,1456,VAR_005373,0,0.33580282620024565,0,0.471,conservative_regularized,profile_f1_macro_opt
2,1459,VAR_000826,1,0.7686818975023515,1,0.471,conservative_regularized,profile_f1_macro_opt
2,1480,VAR_003300,0,0.19371480058232105,0,0.471,conservative_regularized,profile_f1_macro_opt
2,1494,VAR_001735,0,0.27292639729169854,0,0.471,conservative_regularized,profile_f1_macro_opt
2,1496,VAR_000534,1,0.8869733044021165,1,0.471,conservative_regularized,profile_f1_macro_opt
2,1506,VAR_003840,1,0.9033702733887822,1,0.471,conservative_regularized,profile_f1_macro_opt
2,1511,VAR_005757,0,0.11250711600795917,0,0.471,conservative_regularized,profile_f1_macro_opt
2,1514,VAR_004835,1,0.6936106959644811,1,0.471,conservative_regularized,profile_f1_macro_opt
2,1517,VAR_001156,1,0.5610055456025198,1,0.471,conservative_regularized,profile_f1_macro_opt
2,1521,VAR_000188,1,0.7495100972754759,1,0.471,conservative_regularized,profile_f1_macro_opt
2,1526,VAR_005217,1,0.9120888149590958,1,0.471,conservative_regularized,profile_f1_macro_opt
2,1558,VAR_005778,1,0.847371157463737,1,0.471,conservative_regularized,profile_f1_macro_opt
2,1566,VAR_003999,0,0.21299708182712018,0,0.471,conservative_regularized,profile_f1_macro_opt
2,1570,VAR_002713,0,0.7648870576613681,1,0.471,conservative_regularized,profile_f1_macro_opt
2,1574,VAR_000488,1,0.18406532777128137,0,0.471,conservative_regularized,profile_f1_macro_opt
2,1577,VAR_000338,0,0.20457433597911429,0,0.471,conservative_regularized,profile_f1_macro_opt
2,1581,VAR_002001,1,0.9263125990522841,1,0.471,conservative_regularized,profile_f1_macro_opt
2,1583,VAR_000854,1,0.757325786672619,1,0.471,conservative_regularized,profile_f1_macro_opt
2,1595,VAR_002065,0,0.18681298294710422,0,0.471,conservative_regularized,profile_f1_macro_opt
2,1613,VAR_005456,1,0.9338220539862423,1,0.471,conservative_regularized,profile_f1_macro_opt
2,1618,VAR_005093,1,0.865883141219752,1,0.471,conservative_regularized,profile_f1_macro_opt
2,1627,VAR_000736,1,0.9468835177637994,1,0.471,conservative_regularized,profile_f1_macro_opt
2,1634,VAR_000751,0,0.2922950656300361,0,0.471,conservative_regularized,profile_f1_macro_opt
2,1643,VAR_000268,1,0.47199525928592184,1,0.471,conservative_regularized,profile_f1_macro_opt
2,1655,VAR_000425,0,0.36722469599801366,0,0.471,conservative_regularized,profile_f1_macro_opt
2,1670,VAR_004759,1,0.5184636663140018,1,0.471,conservative_regularized,profile_f1_macro_opt
2,1676,VAR_003063,1,0.9494600249250397,1,0.471,conservative_regularized,profile_f1_macro_opt
2,1678,VAR_000831,0,0.7563613213993975,1,0.471,conservative_regularized,profile_f1_macro_opt
2,1722,VAR_004008,1,0.9218887453105705,1,0.471,conservative_regularized,profile_f1_macro_opt
2,1726,VAR_005348,1,0.968569407907094,1,0.471,conservative_regularized,profile_f1_macro_opt
2,1737,VAR_005460,1,0.9630739702261363,1,0.471,conservative_regularized,profile_f1_macro_opt
2,1742,VAR_005182,1,0.8872162843871861,1,0.471,conservative_regularized,profile_f1_macro_opt
2,1744,VAR_001170,0,0.11513537072226901,0,0.471,conservative_regularized,profile_f1_macro_opt
2,1758,VAR_006041,0,0.8463431466876336,1,0.471,conservative_regularized,profile_f1_macro_opt
2,1777,VAR_003258,1,0.7745863696656087,1,0.471,conservative_regularized,profile_f1_macro_opt
2,1778,VAR_005801,1,0.7750530797297468,1,0.471,conservative_regularized,profile_f1_macro_opt
2,1784,VAR_002997,0,0.15414772648669434,0,0.471,conservative_regularized,profile_f1_macro_opt
2,1786,VAR_005987,1,0.260360822603586,0,0.471,conservative_regularized,profile_f1_macro_opt
2,1788,VAR_003305,0,0.4265792879882435,0,0.471,conservative_regularized,profile_f1_macro_opt
2,1802,VAR_005202,0,0.7101676062087027,1,0.471,conservative_regularized,profile_f1_macro_opt
2,1814,VAR_000780,1,0.7001692771177407,1,0.471,conservative_regularized,profile_f1_macro_opt
2,1821,VAR_000182,1,0.6788665323694971,1,0.471,conservative_regularized,profile_f1_macro_opt
2,1843,VAR_006307,1,0.8117861219286319,1,0.471,conservative_regularized,profile_f1_macro_opt
2,1854,VAR_003920,1,0.9573328700532908,1,0.471,conservative_regularized,profile_f1_macro_opt
2,1859,VAR_000175,1,0.7447359121103585,1,0.471,conservative_regularized,profile_f1_macro_opt
2,1863,VAR_004067,1,0.9406712182881871,1,0.471,conservative_regularized,profile_f1_macro_opt
2,1866,VAR_001974,1,0.9614931083050579,1,0.471,conservative_regularized,profile_f1_macro_opt
2,1880,VAR_003748,1,0.8246662768978534,1,0.471,conservative_regularized,profile_f1_macro_opt
2,1881,VAR_005369,1,0.47199525928592184,1,0.471,conservative_regularized,profile_f1_macro_opt
2,1890,VAR_001527,1,0.6431657269111728,1,0.471,conservative_regularized,profile_f1_macro_opt
2,1895,VAR_002634,1,0.6767317957470254,1,0.471,conservative_regularized,profile_f1_macro_opt
2,1904,VAR_001687,0,0.9259243308821284,1,0.471,conservative_regularized,profile_f1_macro_opt
2,1912,VAR_001385,1,0.47199525928592184,1,0.471,conservative_regularized,profile_f1_macro_opt
2,1917,VAR_000161,1,0.9089557233599113,1,0.471,conservative_regularized,profile_f1_macro_opt
2,1924,VAR_004125,1,0.8804010758018749,1,0.471,conservative_regularized,profile_f1_macro_opt
2,1927,VAR_006297,0,0.21547165494673118,0,0.471,conservative_regularized,profile_f1_macro_opt
2,1929,VAR_000229,0,0.1737971674522373,0,0.471,conservative_regularized,profile_f1_macro_opt
2,1957,VAR_003926,1,0.90519432882314,1,0.471,conservative_regularized,profile_f1_macro_opt
2,1960,VAR_005214,0,0.145952137695303,0,0.471,conservative_regularized,profile_f1_macro_opt
2,1964,VAR_004919,1,0.8109938610873882,1,0.471,conservative_regularized,profile_f1_macro_opt
2,1970,VAR_000405,1,0.8537488583587444,1,0.471,conservative_regularized,profile_f1_macro_opt
2,1972,VAR_000033,1,0.9268507467818671,1,0.471,conservative_regularized,profile_f1_macro_opt
2,1983,VAR_005750,0,0.07011238464165004,0,0.471,conservative_regularized,profile_f1_macro_opt
2,1984,VAR_001371,1,0.5986339417952081,1,0.471,conservative_regularized,profile_f1_macro_opt
2,1985,VAR_006209,0,0.39226390159960256,0,0.471,conservative_regularized,profile_f1_macro_opt
2,1991,VAR_005338,1,0.9290919809114139,1,0.471,conservative_regularized,profile_f1_macro_opt
2,1992,VAR_000838,1,0.9238998347012708,1,0.471,conservative_regularized,profile_f1_macro_opt
2,1995,VAR_002419,0,0.24501931439108696,0,0.471,conservative_regularized,profile_f1_macro_opt
2,1998,VAR_005780,1,0.8157905356584625,1,0.471,conservative_regularized,profile_f1_macro_opt
2,1999,VAR_004017,1,0.4294995191356949,0,0.471,conservative_regularized,profile_f1_macro_opt
2,2012,VAR_000207,1,0.8987721421481413,1,0.471,conservative_regularized,profile_f1_macro_opt
2,2015,VAR_002213,1,0.8705631075638193,1,0.471,conservative_regularized,profile_f1_macro_opt
2,2018,VAR_004741,0,0.09808822828342456,0,0.471,conservative_regularized,profile_f1_macro_opt
2,2019,VAR_000156,1,0.7717854029730136,1,0.471,conservative_regularized,profile_f1_macro_opt
2,2024,VAR_006104,1,0.9313924455746703,1,0.471,conservative_regularized,profile_f1_macro_opt
2,2025,VAR_006002,1,0.19531949957485975,0,0.471,conservative_regularized,profile_f1_macro_opt
2,2028,VAR_001362,1,0.5869727744244801,1,0.471,conservative_regularized,profile_f1_macro_opt
2,2031,VAR_006249,1,0.935897027212441,1,0.471,conservative_regularized,profile_f1_macro_opt
2,2033,VAR_005584,1,0.7260313894105507,1,0.471,conservative_regularized,profile_f1_macro_opt
2,2036,VAR_001957,0,0.2507156081699782,0,0.471,conservative_regularized,profile_f1_macro_opt
2,2039,VAR_005020,0,0.19367469212638785,0,0.471,conservative_regularized,profile_f1_macro_opt
2,2046,VAR_002505,1,0.9425899647498577,1,0.471,conservative_regularized,profile_f1_macro_opt
2,2053,VAR_005454,1,0.8908680480424686,1,0.471,conservative_regularized,profile_f1_macro_opt
2,2055,VAR_002139,1,0.8564124479124879,1,0.471,conservative_regularized,profile_f1_macro_opt
2,2056,VAR_001533,1,0.47199525928592184,1,0.471,conservative_regularized,profile_f1_macro_opt
2,2062,VAR_001314,1,0.47199525928592184,1,0.471,conservative_regularized,profile_f1_macro_opt
2,2063,VAR_003047,0,0.623054099837342,1,0.471,conservative_regularized,profile_f1_macro_opt
2,2064,VAR_001966,1,0.7999659723768614,1,0.471,conservative_regularized,profile_f1_macro_opt
2,2071,VAR_000594,1,0.9517245462086201,1,0.471,conservative_regularized,profile_f1_macro_opt
2,2072,VAR_003915,1,0.8020118682632358,1,0.471,conservative_regularized,profile_f1_macro_opt
2,2077,VAR_002194,1,0.9435283567688674,1,0.471,conservative_regularized,profile_f1_macro_opt
2,2094,VAR_001147,1,0.9046174623509501,1,0.471,conservative_regularized,profile_f1_macro_opt
2,2095,VAR_002215,0,0.24729536950845704,0,0.471,conservative_regularized,profile_f1_macro_opt
2,2104,VAR_002220,1,0.9195586251850225,1,0.471,conservative_regularized,profile_f1_macro_opt
2,2114,VAR_006589,1,0.5824489472081614,1,0.471,conservative_regularized,profile_f1_macro_opt
2,2120,VAR_002370,1,0.7459487942332729,1,0.471,conservative_regularized,profile_f1_macro_opt
2,2136,VAR_006568,1,0.7831295636767057,1,0.471,conservative_regularized,profile_f1_macro_opt
2,2146,VAR_005886,0,0.2200706642003983,0,0.471,conservative_regularized,profile_f1_macro_opt
2,2147,VAR_000118,0,0.7636218157539012,1,0.471,conservative_regularized,profile_f1_macro_opt
2,2149,VAR_006049,1,0.8707598537479802,1,0.471,conservative_regularized,profile_f1_macro_opt
2,2168,VAR_002810,1,0.8645590247424568,1,0.471,conservative_regularized,profile_f1_macro_opt
2,2169,VAR_005785,1,0.8460180131819859,1,0.471,conservative_regularized,profile_f1_macro_opt
2,2173,VAR_006473,0,0.20727599546673686,0,0.471,conservative_regularized,profile_f1_macro_opt
2,2184,VAR_001223,1,0.7351331847113339,1,0.471,conservative_regularized,profile_f1_macro_opt
2,2189,VAR_005131,1,0.9520160375106553,1,0.471,conservative_regularized,profile_f1_macro_opt
2,2193,VAR_001991,0,0.8637335229669094,1,0.471,conservative_regularized,profile_f1_macro_opt
2,2194,VAR_006032,1,0.8375253533163028,1,0.471,conservative_regularized,profile_f1_macro_opt
2,2200,VAR_006504,1,0.7615742838442391,1,0.471,conservative_regularized,profile_f1_macro_opt
2,2202,VAR_001664,1,0.8283679750080892,1,0.471,conservative_regularized,profile_f1_macro_opt
2,2207,VAR_005247,1,0.943964646766679,1,0.471,conservative_regularized,profile_f1_macro_opt
2,2222,VAR_000403,1,0.916248269507953,1,0.471,conservative_regularized,profile_f1_macro_opt
2,2223,VAR_000506,1,0.08947093970855416,0,0.471,conservative_regularized,profile_f1_macro_opt
2,2225,VAR_001286,0,0.15830705627702568,0,0.471,conservative_regularized,profile_f1_macro_opt
2,2227,VAR_000418,1,0.8059340680303605,1,0.471,conservative_regularized,profile_f1_macro_opt
2,2228,VAR_003288,1,0.4250434505702526,0,0.471,conservative_regularized,profile_f1_macro_opt
2,2233,VAR_003936,1,0.4449188574180934,0,0.471,conservative_regularized,profile_f1_macro_opt
2,2248,VAR_003132,1,0.8997055399364768,1,0.471,conservative_regularized,profile_f1_macro_opt
2,2252,VAR_005781,1,0.8457911399485684,1,0.471,conservative_regularized,profile_f1_macro_opt
2,2253,VAR_004391,0,0.827012425428685,1,0.471,conservative_regularized,profile_f1_macro_opt
2,2258,VAR_002492,0,0.4268096328722771,0,0.471,conservative_regularized,profile_f1_macro_opt
2,2262,VAR_004852,1,0.6816535840512481,1,0.471,conservative_regularized,profile_f1_macro_opt
2,2263,VAR_005264,0,0.5534882612373487,1,0.471,conservative_regularized,profile_f1_macro_opt
2,2264,VAR_000663,0,0.11422490515698057,0,0.471,conservative_regularized,profile_f1_macro_opt
2,2269,VAR_001325,0,0.47199525928592184,1,0.471,conservative_regularized,profile_f1_macro_opt
2,2273,VAR_002049,1,0.554200042038944,1,0.471,conservative_regularized,profile_f1_macro_opt
2,2293,VAR_003111,0,0.15233795137216086,0,0.471,conservative_regularized,profile_f1_macro_opt
2,2295,VAR_003197,0,0.39292916642426096,0,0.471,conservative_regularized,profile_f1_macro_opt
2,2296,VAR_004018,0,0.17309464834080476,0,0.471,conservative_regularized,profile_f1_macro_opt
2,2306,VAR_005768,1,0.9288525084913646,1,0.471,conservative_regularized,profile_f1_macro_opt
2,2310,VAR_002187,1,0.8397314825154713,1,0.471,conservative_regularized,profile_f1_macro_opt
2,2322,VAR_000173,1,0.8339907864676868,1,0.471,conservative_regularized,profile_f1_macro_opt
2,2323,VAR_006146,1,0.9329390128782259,1,0.471,conservative_regularized,profile_f1_macro_opt
2,2331,VAR_000272,0,0.19531949957485975,0,0.471,conservative_regularized,profile_f1_macro_opt
2,2333,VAR_000937,1,0.6802123060918612,1,0.471,conservative_regularized,profile_f1_macro_opt
2,2334,VAR_001760,1,0.459999165843137,0,0.471,conservative_regularized,profile_f1_macro_opt
2,2335,VAR_003774,0,0.147491104114532,0,0.471,conservative_regularized,profile_f1_macro_opt
2,2347,VAR_004985,1,0.6156427272878807,1,0.471,conservative_regularized,profile_f1_macro_opt
2,2349,VAR_005645,1,0.9117052835828546,1,0.471,conservative_regularized,profile_f1_macro_opt
2,2357,VAR_003435,0,0.10991900364578384,0,0.471,conservative_regularized,profile_f1_macro_opt
2,2362,VAR_005243,1,0.9423031278281742,1,0.471,conservative_regularized,profile_f1_macro_opt
2,2368,VAR_005960,0,0.8710036064981567,1,0.471,conservative_regularized,profile_f1_macro_opt
2,2369,VAR_005409,1,0.4533575732834665,0,0.471,conservative_regularized,profile_f1_macro_opt
2,2375,VAR_004180,1,0.638505378814571,1,0.471,conservative_regularized,profile_f1_macro_opt
2,2380,VAR_003904,1,0.47199525928592184,1,0.471,conservative_regularized,profile_f1_macro_opt
2,2389,VAR_002271,1,0.8746480567240036,1,0.471,conservative_regularized,profile_f1_macro_opt
2,2406,VAR_000851,1,0.7629197124857273,1,0.471,conservative_regularized,profile_f1_macro_opt
2,2408,VAR_001139,0,0.4151160275011091,0,0.471,conservative_regularized,profile_f1_macro_opt
2,2409,VAR_003990,1,0.9386333875018471,1,0.471,conservative_regularized,profile_f1_macro_opt
2,2410,VAR_004271,1,0.68802040524838,1,0.471,conservative_regularized,profile_f1_macro_opt
2,2414,VAR_006143,1,0.9006726453889083,1,0.471,conservative_regularized,profile_f1_macro_opt
2,2415,VAR_003317,0,0.2028341818689751,0,0.471,conservative_regularized,profile_f1_macro_opt
2,2418,VAR_001210,1,0.7126511677047396,1,0.471,conservative_regularized,profile_f1_macro_opt
2,2427,VAR_003092,0,0.13610639631965762,0,0.471,conservative_regularized,profile_f1_macro_opt
2,2438,VAR_000295,1,0.9535453207966558,1,0.471,conservative_regularized,profile_f1_macro_opt
2,2441,VAR_002140,1,0.37169055780842664,0,0.471,conservative_regularized,profile_f1_macro_opt
2,2445,VAR_005351,1,0.9623521913730245,1,0.471,conservative_regularized,profile_f1_macro_opt
2,2449,VAR_001276,0,0.04560645703313337,0,0.471,conservative_regularized,profile_f1_macro_opt
2,2456,VAR_004457,1,0.5651911448056546,1,0.471,conservative_regularized,profile_f1_macro_opt
2,2461,VAR_005115,0,0.7879798295828788,1,0.471,conservative_regularized,profile_f1_macro_opt
2,2481,VAR_002274,1,0.48257963643336765,1,0.471,conservative_regularized,profile_f1_macro_opt
2,2482,VAR_003984,0,0.4378674488386771,0,0.471,conservative_regularized,profile_f1_macro_opt
2,2490,VAR_001112,0,0.25314887866544167,0,0.471,conservative_regularized,profile_f1_macro_opt
2,2492,VAR_002190,1,0.922774317677525,1,0.471,conservative_regularized,profile_f1_macro_opt
2,2495,VAR_005787,1,0.8124339265503491,1,0.471,conservative_regularized,profile_f1_macro_opt
2,2497,VAR_006054,1,0.6547738230598121,1,0.471,conservative_regularized,profile_f1_macro_opt
2,2508,VAR_002532,1,0.8834672979016053,1,0.471,conservative_regularized,profile_f1_macro_opt
2,2515,VAR_001161,1,0.8244570035759491,1,0.471,conservative_regularized,profile_f1_macro_opt
2,2516,VAR_005918,1,0.9016876332520208,1,0.471,conservative_regularized,profile_f1_macro_opt
2,2520,VAR_006422,0,0.6315912260083965,1,0.471,conservative_regularized,profile_f1_macro_opt
2,2523,VAR_000717,1,0.9166343649180639,1,0.471,conservative_regularized,profile_f1_macro_opt
2,2540,VAR_004033,1,0.9321524742313985,1,0.471,conservative_regularized,profile_f1_macro_opt
2,2552,VAR_000469,1,0.8800697071211763,1,0.471,conservative_regularized,profile_f1_macro_opt
2,2554,VAR_000151,1,0.8854808232090543,1,0.471,conservative_regularized,profile_f1_macro_opt
2,2560,VAR_006184,1,0.8829426549328419,1,0.471,conservative_regularized,profile_f1_macro_opt
2,2562,VAR_004927,1,0.8773029177027092,1,0.471,conservative_regularized,profile_f1_macro_opt
2,2580,VAR_004117,0,0.7432473617049032,1,0.471,conservative_regularized,profile_f1_macro_opt
2,2583,VAR_004711,1,0.8990631013115894,1,0.471,conservative_regularized,profile_f1_macro_opt
2,2588,VAR_005793,1,0.8016620377562831,1,0.471,conservative_regularized,profile_f1_macro_opt
2,2595,VAR_002162,1,0.9628204868058133,1,0.471,conservative_regularized,profile_f1_macro_opt
2,2603,VAR_004832,0,0.22723389219330525,0,0.471,conservative_regularized,profile_f1_macro_opt
2,2606,VAR_001303,0,0.47199525928592184,1,0.471,conservative_regularized,profile_f1_macro_opt
2,2618,VAR_003722,1,0.7363402187278567,1,0.471,conservative_regularized,profile_f1_macro_opt
2,2619,VAR_005193,1,0.6997581888247432,1,0.471,conservative_regularized,profile_f1_macro_opt
2,2620,VAR_000393,0,0.18641832639190167,0,0.471,conservative_regularized,profile_f1_macro_opt
2,2625,VAR_004324,0,0.2524416164971702,0,0.471,conservative_regularized,profile_f1_macro_opt
2,2627,VAR_001484,0,0.47199525928592184,1,0.471,conservative_regularized,profile_f1_macro_opt
2,2629,VAR_005511,1,0.7312890697395833,1,0.471,conservative_regularized,profile_f1_macro_opt
2,2644,VAR_002317,1,0.3260186040412726,0,0.471,conservative_regularized,profile_f1_macro_opt
2,2659,VAR_005001,1,0.22145969758531103,0,0.471,conservative_regularized,profile_f1_macro_opt
2,2671,VAR_002415,0,0.3350665708100408,0,0.471,conservative_regularized,profile_f1_macro_opt
2,2676,VAR_004833,1,0.7443933126597964,1,0.471,conservative_regularized,profile_f1_macro_opt
2,2698,VAR_000044,1,0.89606906531793,1,0.471,conservative_regularized,profile_f1_macro_opt
2,2700,VAR_003374,1,0.9241763120005911,1,0.471,conservative_regularized,profile_f1_macro_opt
2,2713,VAR_005470,1,0.5551437808777597,1,0.471,conservative_regularized,profile_f1_macro_opt
2,2728,VAR_005527,1,0.6005383149008355,1,0.471,conservative_regularized,profile_f1_macro_opt
2,2738,VAR_005486,0,0.17505135721567577,0,0.471,conservative_regularized,profile_f1_macro_opt
2,2741,VAR_003395,1,0.8599845358277644,1,0.471,conservative_regularized,profile_f1_macro_opt
2,2756,VAR_002326,1,0.7242529799878241,1,0.471,conservative_regularized,profile_f1_macro_opt
2,2766,VAR_001864,1,0.45283436515529074,0,0.471,conservative_regularized,profile_f1_macro_opt
2,2767,VAR_005514,1,0.8019975694780098,1,0.471,conservative_regularized,profile_f1_macro_opt
2,2772,VAR_000447,1,0.82330779144831,1,0.471,conservative_regularized,profile_f1_macro_opt
2,2776,VAR_000180,0,0.20224591775922973,0,0.471,conservative_regularized,profile_f1_macro_opt
2,2778,VAR_000416,1,0.47199525928592184,1,0.471,conservative_regularized,profile_f1_macro_opt
2,2780,VAR_004066,1,0.9404716941405035,1,0.471,conservative_regularized,profile_f1_macro_opt
2,2781,VAR_003231,0,0.47199525928592184,1,0.471,conservative_regularized,profile_f1_macro_opt
2,2792,VAR_004030,0,0.163205894146259,0,0.471,conservative_regularized,profile_f1_macro_opt
2,2793,VAR_006494,1,0.9023219063528285,1,0.471,conservative_regularized,profile_f1_macro_opt
2,2795,VAR_000503,1,0.9003634379745158,1,0.471,conservative_regularized,profile_f1_macro_opt
2,2802,VAR_005803,1,0.9023641561618568,1,0.471,conservative_regularized,profile_f1_macro_opt
2,2807,VAR_005068,1,0.6661870894292357,1,0.471,conservative_regularized,profile_f1_macro_opt
2,2808,VAR_004597,0,0.0741758375672847,0,0.471,conservative_regularized,profile_f1_macro_opt
2,2811,VAR_005613,1,0.5531756686523643,1,0.471,conservative_regularized,profile_f1_macro_opt
2,2831,VAR_004802,1,0.708471042971269,1,0.471,conservative_regularized,profile_f1_macro_opt
2,2836,VAR_003828,0,0.14258907345165808,0,0.471,conservative_regularized,profile_f1_macro_opt
2,2844,VAR_001455,0,0.3365273858079584,0,0.471,conservative_regularized,profile_f1_macro_opt
2,2847,VAR_005431,1,0.8882092678947899,1,0.471,conservative_regularized,profile_f1_macro_opt
2,2848,VAR_005389,1,0.26672313959259725,0,0.471,conservative_regularized,profile_f1_macro_opt
2,2849,VAR_001992,0,0.8444804380294132,1,0.471,conservative_regularized,profile_f1_macro_opt
2,2850,VAR_000785,0,0.144695570890425,0,0.471,conservative_regularized,profile_f1_macro_opt
2,2852,VAR_005636,1,0.20040805841054574,0,0.471,conservative_regularized,profile_f1_macro_opt
2,2853,VAR_002542,1,0.9069645214525248,1,0.471,conservative_regularized,profile_f1_macro_opt
2,2857,VAR_005335,1,0.967517718219275,1,0.471,conservative_regularized,profile_f1_macro_opt
2,2868,VAR_005788,1,0.9317391555872716,1,0.471,conservative_regularized,profile_f1_macro_opt
2,2878,VAR_004453,0,0.44401980511171596,0,0.471,conservative_regularized,profile_f1_macro_opt
2,2908,VAR_000360,1,0.10244301898279898,0,0.471,conservative_regularized,profile_f1_macro_opt
2,2910,VAR_002078,1,0.8638900255385543,1,0.471,conservative_regularized,profile_f1_macro_opt
2,2911,VAR_003758,1,0.9246234698494207,1,0.471,conservative_regularized,profile_f1_macro_opt
2,2912,VAR_004148,0,0.6144801223578437,1,0.471,conservative_regularized,profile_f1_macro_opt
2,2913,VAR_002849,0,0.7334848672810185,1,0.471,conservative_regularized,profile_f1_macro_opt
2,2925,VAR_005424,0,0.7389257696536009,1,0.471,conservative_regularized,profile_f1_macro_opt
2,2927,VAR_005116,1,0.4031402646783746,0,0.471,conservative_regularized,profile_f1_macro_opt
2,2928,VAR_004820,1,0.8698191998388447,1,0.471,conservative_regularized,profile_f1_macro_opt
3,23,VAR_006223,0,0.38523868795194544,0,0.471,conservative_regularized,profile_f1_macro_opt
3,32,VAR_002449,1,0.6143358215113235,1,0.471,conservative_regularized,profile_f1_macro_opt
3,50,VAR_004209,0,0.23629394646638052,0,0.471,conservative_regularized,profile_f1_macro_opt
3,54,VAR_004873,1,0.8906404255283612,1,0.471,conservative_regularized,profile_f1_macro_opt
3,59,VAR_000741,0,0.07235143684901466,0,0.471,conservative_regularized,profile_f1_macro_opt
3,60,VAR_000752,1,0.6550829831571622,1,0.471,conservative_regularized,profile_f1_macro_opt
3,62,VAR_000132,0,0.16484764631263257,0,0.471,conservative_regularized,profile_f1_macro_opt
3,71,VAR_002211,1,0.720060574655979,1,0.471,conservative_regularized,profile_f1_macro_opt
3,75,VAR_003334,1,0.8949392899361358,1,0.471,conservative_regularized,profile_f1_macro_opt
3,91,VAR_006300,0,0.3802651825567128,0,0.471,conservative_regularized,profile_f1_macro_opt
3,96,VAR_005702,1,0.9615593407499048,1,0.471,conservative_regularized,profile_f1_macro_opt
3,97,VAR_003522,0,0.13601563655991122,0,0.471,conservative_regularized,profile_f1_macro_opt
3,106,VAR_005699,1,0.8852324512734028,1,0.471,conservative_regularized,profile_f1_macro_opt
3,108,VAR_004795,1,0.6705971344274683,1,0.471,conservative_regularized,profile_f1_macro_opt
3,133,VAR_005501,1,0.9060776782099653,1,0.471,conservative_regularized,profile_f1_macro_opt
3,137,VAR_002092,0,0.3060463347768049,0,0.471,conservative_regularized,profile_f1_macro_opt
3,142,VAR_004509,1,0.9146743313892912,1,0.471,conservative_regularized,profile_f1_macro_opt
3,145,VAR_003013,0,0.5495479087932936,1,0.471,conservative_regularized,profile_f1_macro_opt
3,147,VAR_001690,0,0.7080119342621722,1,0.471,conservative_regularized,profile_f1_macro_opt
3,148,VAR_004258,0,0.1734010723152632,0,0.471,conservative_regularized,profile_f1_macro_opt
3,150,VAR_000981,1,0.639981766252136,1,0.471,conservative_regularized,profile_f1_macro_opt
3,162,VAR_002180,1,0.9635063317071155,1,0.471,conservative_regularized,profile_f1_macro_opt
3,166,VAR_002277,1,0.5345765609054477,1,0.471,conservative_regularized,profile_f1_macro_opt
3,185,VAR_004511,1,0.6291855565276468,1,0.471,conservative_regularized,profile_f1_macro_opt
3,189,VAR_000558,0,0.7287671985118389,1,0.471,conservative_regularized,profile_f1_macro_opt
3,191,VAR_002158,1,0.8367908498414057,1,0.471,conservative_regularized,profile_f1_macro_opt
3,193,VAR_000404,0,0.9312707393925687,1,0.471,conservative_regularized,profile_f1_macro_opt
3,196,VAR_001426,0,0.48969206402817095,1,0.471,conservative_regularized,profile_f1_macro_opt
3,201,VAR_006496,1,0.86801563499123,1,0.471,conservative_regularized,profile_f1_macro_opt
3,212,VAR_002038,1,0.9290383533433829,1,0.471,conservative_regularized,profile_f1_macro_opt
3,216,VAR_000385,0,0.09488200521330582,0,0.471,conservative_regularized,profile_f1_macro_opt
3,219,VAR_000032,1,0.8969238467459347,1,0.471,conservative_regularized,profile_f1_macro_opt
3,229,VAR_004116,0,0.12182883026670197,0,0.471,conservative_regularized,profile_f1_macro_opt
3,231,VAR_000714,1,0.7529595294007058,1,0.471,conservative_regularized,profile_f1_macro_opt
3,245,VAR_001571,1,0.48969206402817095,1,0.471,conservative_regularized,profile_f1_macro_opt
3,263,VAR_005921,1,0.8247453269031184,1,0.471,conservative_regularized,profile_f1_macro_opt
3,274,VAR_004844,1,0.7912689447034827,1,0.471,conservative_regularized,profile_f1_macro_opt
3,275,VAR_003995,1,0.9263600008065969,1,0.471,conservative_regularized,profile_f1_macro_opt
3,278,VAR_000982,0,0.9505943037242202,1,0.471,conservative_regularized,profile_f1_macro_opt
3,282,VAR_005386,0,0.2554369580817858,0,0.471,conservative_regularized,profile_f1_macro_opt
3,286,VAR_004983,1,0.9497920767492233,1,0.471,conservative_regularized,profile_f1_macro_opt
3,295,VAR_006337,1,0.7045819168043713,1,0.471,conservative_regularized,profile_f1_macro_opt
3,296,VAR_004899,1,0.5975345143489708,1,0.471,conservative_regularized,profile_f1_macro_opt
3,300,VAR_005609,1,0.9206222754132501,1,0.471,conservative_regularized,profile_f1_macro_opt
3,315,VAR_002843,1,0.3309879470767856,0,0.471,conservative_regularized,profile_f1_macro_opt
3,330,VAR_004900,1,0.9246812532921193,1,0.471,conservative_regularized,profile_f1_macro_opt
3,342,VAR_001051,0,0.6494887757922129,1,0.471,conservative_regularized,profile_f1_macro_opt
3,343,VAR_005337,1,0.9222257982522752,1,0.471,conservative_regularized,profile_f1_macro_opt
3,344,VAR_000753,1,0.8579486389747466,1,0.471,conservative_regularized,profile_f1_macro_opt
3,362,VAR_000056,0,0.3155294568965914,0,0.471,conservative_regularized,profile_f1_macro_opt
3,365,VAR_004808,1,0.9108307329005951,1,0.471,conservative_regularized,profile_f1_macro_opt
3,373,VAR_003509,0,0.24452158342137406,0,0.471,conservative_regularized,profile_f1_macro_opt
3,376,VAR_002203,1,0.953921107222621,1,0.471,conservative_regularized,profile_f1_macro_opt
3,385,VAR_001794,1,0.7885746903384399,1,0.471,conservative_regularized,profile_f1_macro_opt
3,391,VAR_005310,1,0.7070724046708023,1,0.471,conservative_regularized,profile_f1_macro_opt
3,393,VAR_002019,1,0.9497698119961244,1,0.471,conservative_regularized,profile_f1_macro_opt
3,396,VAR_003513,1,0.5727443669925869,1,0.471,conservative_regularized,profile_f1_macro_opt
3,397,VAR_004015,1,0.9041721081328415,1,0.471,conservative_regularized,profile_f1_macro_opt
3,398,VAR_005797,1,0.836125540128106,1,0.471,conservative_regularized,profile_f1_macro_opt
3,403,VAR_005478,0,0.13682776484100925,0,0.471,conservative_regularized,profile_f1_macro_opt
3,404,VAR_005708,0,0.05328464972615418,0,0.471,conservative_regularized,profile_f1_macro_opt
3,405,VAR_004069,1,0.8814866156845801,1,0.471,conservative_regularized,profile_f1_macro_opt
3,411,VAR_004005,1,0.9358293942512498,1,0.471,conservative_regularized,profile_f1_macro_opt
3,426,VAR_000035,1,0.9119993134577519,1,0.471,conservative_regularized,profile_f1_macro_opt
3,440,VAR_004031,1,0.882381012573019,1,0.471,conservative_regularized,profile_f1_macro_opt
3,447,VAR_000525,0,0.18323959693757264,0,0.471,conservative_regularized,profile_f1_macro_opt
3,449,VAR_004169,1,0.9632151030489807,1,0.471,conservative_regularized,profile_f1_macro_opt
3,452,VAR_002202,1,0.9319635520723101,1,0.471,conservative_regularized,profile_f1_macro_opt
3,457,VAR_002161,1,0.758008436939957,1,0.471,conservative_regularized,profile_f1_macro_opt
3,460,VAR_000830,1,0.8009682043294409,1,0.471,conservative_regularized,profile_f1_macro_opt
3,476,VAR_002555,0,0.3199056122156547,0,0.471,conservative_regularized,profile_f1_macro_opt
3,480,VAR_003259,1,0.9422250722730875,1,0.471,conservative_regularized,profile_f1_macro_opt
3,490,VAR_005012,1,0.3266800344429037,0,0.471,conservative_regularized,profile_f1_macro_opt
3,496,VAR_000470,1,0.9157114474431889,1,0.471,conservative_regularized,profile_f1_macro_opt
3,497,VAR_002153,1,0.9493932715359418,1,0.471,conservative_regularized,profile_f1_macro_opt
3,540,VAR_000332,1,0.9409482535823458,1,0.471,conservative_regularized,profile_f1_macro_opt
3,546,VAR_002802,1,0.8459092176278771,1,0.471,conservative_regularized,profile_f1_macro_opt
3,551,VAR_005276,0,0.48969206402817095,1,0.471,conservative_regularized,profile_f1_macro_opt
3,567,VAR_004369,0,0.7616291259940363,1,0.471,conservative_regularized,profile_f1_macro_opt
3,568,VAR_004037,1,0.8289759417632415,1,0.471,conservative_regularized,profile_f1_macro_opt
3,573,VAR_001749,0,0.20958260456224403,0,0.471,conservative_regularized,profile_f1_macro_opt
3,581,VAR_003697,0,0.3141751909870301,0,0.471,conservative_regularized,profile_f1_macro_opt
3,595,VAR_001410,1,0.48969206402817095,1,0.471,conservative_regularized,profile_f1_macro_opt
3,600,VAR_002064,0,0.33527428732639725,0,0.471,conservative_regularized,profile_f1_macro_opt
3,621,VAR_005854,1,0.8883839021722502,1,0.471,conservative_regularized,profile_f1_macro_opt
3,622,VAR_001380,1,0.6465999042025173,1,0.471,conservative_regularized,profile_f1_macro_opt
3,631,VAR_003946,1,0.7972370331195653,1,0.471,conservative_regularized,profile_f1_macro_opt
3,637,VAR_000245,1,0.12664516998549388,0,0.471,conservative_regularized,profile_f1_macro_opt
3,640,VAR_004199,1,0.9066035120971282,1,0.471,conservative_regularized,profile_f1_macro_opt
3,652,VAR_005433,0,0.8210965205206744,1,0.471,conservative_regularized,profile_f1_macro_opt
3,660,VAR_005296,1,0.41102584617330457,0,0.471,conservative_regularized,profile_f1_macro_opt
3,666,VAR_002744,0,0.914311153076447,1,0.471,conservative_regularized,profile_f1_macro_opt
3,670,VAR_000833,1,0.8654964142055751,1,0.471,conservative_regularized,profile_f1_macro_opt
3,679,VAR_006462,1,0.5866656906018434,1,0.471,conservative_regularized,profile_f1_macro_opt
3,685,VAR_004363,0,0.25244269395753144,0,0.471,conservative_regularized,profile_f1_macro_opt
3,689,VAR_003312,0,0.8846441196555828,1,0.471,conservative_regularized,profile_f1_macro_opt
3,690,VAR_002193,0,0.35822386013559077,0,0.471,conservative_regularized,profile_f1_macro_opt
3,691,VAR_003410,1,0.9176326327507762,1,0.471,conservative_regularized,profile_f1_macro_opt
3,695,VAR_005495,1,0.6999267700922392,1,0.471,conservative_regularized,profile_f1_macro_opt
3,702,VAR_004817,0,0.7109806167622489,1,0.471,conservative_regularized,profile_f1_macro_opt
3,714,VAR_005513,1,0.9666084882294135,1,0.471,conservative_regularized,profile_f1_macro_opt
3,718,VAR_005552,1,0.9084343764260809,1,0.471,conservative_regularized,profile_f1_macro_opt
3,722,VAR_004996,1,0.7950478225231179,1,0.471,conservative_regularized,profile_f1_macro_opt
3,733,VAR_000841,1,0.6140500865080266,1,0.471,conservative_regularized,profile_f1_macro_opt
3,734,VAR_002516,0,0.862969159320683,1,0.471,conservative_regularized,profile_f1_macro_opt
3,735,VAR_002127,0,0.48969206402817095,1,0.471,conservative_regularized,profile_f1_macro_opt
3,738,VAR_000783,1,0.8009252845812562,1,0.471,conservative_regularized,profile_f1_macro_opt
3,742,VAR_001554,1,0.6995491711456607,1,0.471,conservative_regularized,profile_f1_macro_opt
3,745,VAR_001174,1,0.49363039116348817,1,0.471,conservative_regularized,profile_f1_macro_opt
3,769,VAR_001343,0,0.48969206402817095,1,0.471,conservative_regularized,profile_f1_macro_opt
3,772,VAR_005350,1,0.9252914768109803,1,0.471,conservative_regularized,profile_f1_macro_opt
3,773,VAR_005995,1,0.4151434920922635,0,0.471,conservative_regularized,profile_f1_macro_opt
3,779,VAR_002920,0,0.8197054810739971,1,0.471,conservative_regularized,profile_f1_macro_opt
3,780,VAR_002178,1,0.8986501447322283,1,0.471,conservative_regularized,profile_f1_macro_opt
3,787,VAR_003536,1,0.7771779893913778,1,0.471,conservative_regularized,profile_f1_macro_opt
3,789,VAR_002464,1,0.9457988711326208,1,0.471,conservative_regularized,profile_f1_macro_opt
3,792,VAR_000041,1,0.6459392991435093,1,0.471,conservative_regularized,profile_f1_macro_opt
3,795,VAR_005283,1,0.6265693693692396,1,0.471,conservative_regularized,profile_f1_macro_opt
3,799,VAR_002536,1,0.8355941398636789,1,0.471,conservative_regularized,profile_f1_macro_opt
3,811,VAR_005248,1,0.8969092485809115,1,0.471,conservative_regularized,profile_f1_macro_opt
3,816,VAR_000383,0,0.06782737459037773,0,0.471,conservative_regularized,profile_f1_macro_opt
3,820,VAR_002498,0,0.11206608316233789,0,0.471,conservative_regularized,profile_f1_macro_opt
3,823,VAR_003254,1,0.5087901578969681,1,0.471,conservative_regularized,profile_f1_macro_opt
3,824,VAR_000350,0,0.27428225320261845,0,0.471,conservative_regularized,profile_f1_macro_opt
3,828,VAR_005220,0,0.046621924687407126,0,0.471,conservative_regularized,profile_f1_macro_opt
3,831,VAR_003887,0,0.5029516261045438,1,0.471,conservative_regularized,profile_f1_macro_opt
3,848,VAR_002226,0,0.7410370075718042,1,0.471,conservative_regularized,profile_f1_macro_opt
3,865,VAR_002257,1,0.6246245068374118,1,0.471,conservative_regularized,profile_f1_macro_opt
3,868,VAR_001998,1,0.9561394403607238,1,0.471,conservative_regularized,profile_f1_macro_opt
3,872,VAR_005622,0,0.11968201344184032,0,0.471,conservative_regularized,profile_f1_macro_opt
3,874,VAR_001669,0,0.11227714923926115,0,0.471,conservative_regularized,profile_f1_macro_opt
3,879,VAR_003765,0,0.1912882740903159,0,0.471,conservative_regularized,profile_f1_macro_opt
3,882,VAR_002481,1,0.6810646128847384,1,0.471,conservative_regularized,profile_f1_macro_opt
3,884,VAR_003416,1,0.898119154629008,1,0.471,conservative_regularized,profile_f1_macro_opt
3,885,VAR_004950,0,0.12404868598491885,0,0.471,conservative_regularized,profile_f1_macro_opt
3,894,VAR_005994,1,0.3467228970851527,0,0.471,conservative_regularized,profile_f1_macro_opt
3,906,VAR_000426,1,0.746974526587675,1,0.471,conservative_regularized,profile_f1_macro_opt
3,914,VAR_004202,0,0.17462002698781315,0,0.471,conservative_regularized,profile_f1_macro_opt
3,918,VAR_005700,0,0.7094175007067652,1,0.471,conservative_regularized,profile_f1_macro_opt
3,927,VAR_006436,0,0.1518778438373029,0,0.471,conservative_regularized,profile_f1_macro_opt
3,930,VAR_005055,0,0.06335430973999763,0,0.471,conservative_regularized,profile_f1_macro_opt
3,944,VAR_006566,1,0.757874352481514,1,0.471,conservative_regularized,profile_f1_macro_opt
3,950,VAR_003270,1,0.9416851126922287,1,0.471,conservative_regularized,profile_f1_macro_opt
3,955,VAR_002234,1,0.913714207488622,1,0.471,conservative_regularized,profile_f1_macro_opt
3,956,VAR_002630,1,0.8525655145776669,1,0.471,conservative_regularized,profile_f1_macro_opt
3,967,VAR_000010,0,0.19202483333493514,0,0.471,conservative_regularized,profile_f1_macro_opt
3,968,VAR_004777,1,0.7310510450086214,1,0.471,conservative_regularized,profile_f1_macro_opt
3,969,VAR_004418,1,0.9650979148114985,1,0.471,conservative_regularized,profile_f1_macro_opt
3,973,VAR_002486,0,0.08968239032824615,0,0.471,conservative_regularized,profile_f1_macro_opt
3,977,VAR_005072,1,0.8843703278326678,1,0.471,conservative_regularized,profile_f1_macro_opt
3,980,VAR_005992,1,0.3507936538401414,0,0.471,conservative_regularized,profile_f1_macro_opt
3,983,VAR_004779,1,0.9165982854514533,1,0.471,conservative_regularized,profile_f1_macro_opt
3,993,VAR_002154,1,0.9659419638814757,1,0.471,conservative_regularized,profile_f1_macro_opt
3,994,VAR_000331,1,0.9311348417678401,1,0.471,conservative_regularized,profile_f1_macro_opt
3,995,VAR_004331,0,0.43448771066092656,0,0.471,conservative_regularized,profile_f1_macro_opt
3,1011,VAR_001283,0,0.06489370947576094,0,0.471,conservative_regularized,profile_f1_macro_opt
3,1012,VAR_004113,1,0.9385407181147731,1,0.471,conservative_regularized,profile_f1_macro_opt
3,1014,VAR_001383,1,0.6431764237077967,1,0.471,conservative_regularized,profile_f1_macro_opt
3,1015,VAR_006582,1,0.4627145342371321,0,0.471,conservative_regularized,profile_f1_macro_opt
3,1016,VAR_000862,0,0.2834088599524834,0,0.471,conservative_regularized,profile_f1_macro_opt
3,1023,VAR_004167,0,0.1955844277558036,0,0.471,conservative_regularized,profile_f1_macro_opt
3,1025,VAR_005764,1,0.3841168695338496,0,0.471,conservative_regularized,profile_f1_macro_opt
3,1028,VAR_005784,1,0.8030614453820212,1,0.471,conservative_regularized,profile_f1_macro_opt
3,1029,VAR_004758,0,0.04865052940977783,0,0.471,conservative_regularized,profile_f1_macro_opt
3,1031,VAR_000429,1,0.721113381296311,1,0.471,conservative_regularized,profile_f1_macro_opt
3,1048,VAR_001319,0,0.6357426610397285,1,0.471,conservative_regularized,profile_f1_macro_opt
3,1049,VAR_001994,1,0.765933183407621,1,0.471,conservative_regularized,profile_f1_macro_opt
3,1050,VAR_000811,1,0.8424331492799332,1,0.471,conservative_regularized,profile_f1_macro_opt
3,1051,VAR_000530,1,0.9160037002461625,1,0.471,conservative_regularized,profile_f1_macro_opt
3,1054,VAR_005406,1,0.8863435823765491,1,0.471,conservative_regularized,profile_f1_macro_opt
3,1057,VAR_000320,0,0.15008667503137635,0,0.471,conservative_regularized,profile_f1_macro_opt
3,1059,VAR_002168,1,0.7929316735241999,1,0.471,conservative_regularized,profile_f1_macro_opt
3,1060,VAR_006199,0,0.887175978194114,1,0.471,conservative_regularized,profile_f1_macro_opt
3,1073,VAR_003036,1,0.8970262667633951,1,0.471,conservative_regularized,profile_f1_macro_opt
3,1074,VAR_005184,1,0.5491775814745128,1,0.471,conservative_regularized,profile_f1_macro_opt
3,1078,VAR_003861,1,0.9424665467313575,1,0.471,conservative_regularized,profile_f1_macro_opt
3,1079,VAR_002208,1,0.9218552996243033,1,0.471,conservative_regularized,profile_f1_macro_opt
3,1084,VAR_004508,1,0.9373099161397005,1,0.471,conservative_regularized,profile_f1_macro_opt
3,1085,VAR_003419,1,0.8941485406136213,1,0.471,conservative_regularized,profile_f1_macro_opt
3,1088,VAR_005145,1,0.5096480371075328,1,0.471,conservative_regularized,profile_f1_macro_opt
3,1101,VAR_006182,1,0.8868027410310034,1,0.471,conservative_regularized,profile_f1_macro_opt
3,1107,VAR_000328,1,0.7170080578186735,1,0.471,conservative_regularized,profile_f1_macro_opt
3,1121,VAR_002204,1,0.88322124287518,1,0.471,conservative_regularized,profile_f1_macro_opt
3,1124,VAR_004923,1,0.9272646038554261,1,0.471,conservative_regularized,profile_f1_macro_opt
3,1126,VAR_001575,1,0.48969206402817095,1,0.471,conservative_regularized,profile_f1_macro_opt
3,1128,VAR_004847,1,0.8668012071954742,1,0.471,conservative_regularized,profile_f1_macro_opt
3,1131,VAR_002360,1,0.7906983746860682,1,0.471,conservative_regularized,profile_f1_macro_opt
3,1138,VAR_000812,1,0.8325880290855254,1,0.471,conservative_regularized,profile_f1_macro_opt
3,1142,VAR_006356,0,0.48969206402817095,1,0.471,conservative_regularized,profile_f1_macro_opt
3,1146,VAR_003459,1,0.9615804126656949,1,0.471,conservative_regularized,profile_f1_macro_opt
3,1156,VAR_005410,0,0.6687356089263208,1,0.471,conservative_regularized,profile_f1_macro_opt
3,1164,VAR_005187,1,0.38873400438423183,0,0.471,conservative_regularized,profile_f1_macro_opt
3,1167,VAR_001317,0,0.5996585486894063,1,0.471,conservative_regularized,profile_f1_macro_opt
3,1170,VAR_006166,1,0.9546493562901082,1,0.471,conservative_regularized,profile_f1_macro_opt
3,1171,VAR_006339,1,0.7700480687925665,1,0.471,conservative_regularized,profile_f1_macro_opt
3,1181,VAR_000411,0,0.6030738244607399,1,0.471,conservative_regularized,profile_f1_macro_opt
3,1182,VAR_006264,1,0.928563673933796,1,0.471,conservative_regularized,profile_f1_macro_opt
3,1188,VAR_003017,1,0.9356332286734576,1,0.471,conservative_regularized,profile_f1_macro_opt
3,1190,VAR_000374,1,0.8495101004043766,1,0.471,conservative_regularized,profile_f1_macro_opt
3,1196,VAR_000306,0,0.09848240013190523,0,0.471,conservative_regularized,profile_f1_macro_opt
3,1201,VAR_004250,1,0.6220460899659435,1,0.471,conservative_regularized,profile_f1_macro_opt
3,1204,VAR_001711,1,0.5771005783231118,1,0.471,conservative_regularized,profile_f1_macro_opt
3,1208,VAR_004707,0,0.5533256704255932,1,0.471,conservative_regularized,profile_f1_macro_opt
3,1219,VAR_004901,1,0.7912267948073161,1,0.471,conservative_regularized,profile_f1_macro_opt
3,1225,VAR_005551,1,0.9620923049220645,1,0.471,conservative_regularized,profile_f1_macro_opt
3,1230,VAR_002259,1,0.48969206402817095,1,0.471,conservative_regularized,profile_f1_macro_opt
3,1239,VAR_003412,1,0.8898170258577607,1,0.471,conservative_regularized,profile_f1_macro_opt
3,1243,VAR_000141,1,0.8587623801510271,1,0.471,conservative_regularized,profile_f1_macro_opt
3,1251,VAR_001698,1,0.9654141823100446,1,0.471,conservative_regularized,profile_f1_macro_opt
3,1257,VAR_005135,1,0.791141858122372,1,0.471,conservative_regularized,profile_f1_macro_opt
3,1267,VAR_002263,1,0.7426638812902052,1,0.471,conservative_regularized,profile_f1_macro_opt
3,1273,VAR_003977,0,0.29088945420294793,0,0.471,conservative_regularized,profile_f1_macro_opt
3,1277,VAR_004097,0,0.2846365764139795,0,0.471,conservative_regularized,profile_f1_macro_opt
3,1283,VAR_002183,1,0.9535418056928866,1,0.471,conservative_regularized,profile_f1_macro_opt
3,1284,VAR_003247,1,0.7450715004942737,1,0.471,conservative_regularized,profile_f1_macro_opt
3,1285,VAR_001651,0,0.48969206402817095,1,0.471,conservative_regularized,profile_f1_macro_opt
3,1300,VAR_001149,1,0.6052858376672929,1,0.471,conservative_regularized,profile_f1_macro_opt
3,1303,VAR_003911,1,0.48969206402817095,1,0.471,conservative_regularized,profile_f1_macro_opt
3,1315,VAR_005538,0,0.13175263742977322,0,0.471,conservative_regularized,profile_f1_macro_opt
3,1321,VAR_001395,1,0.48969206402817095,1,0.471,conservative_regularized,profile_f1_macro_opt
3,1329,VAR_002469,1,0.9258622054543695,1,0.471,conservative_regularized,profile_f1_macro_opt
3,1342,VAR_000181,1,0.9438648825308792,1,0.471,conservative_regularized,profile_f1_macro_opt
3,1344,VAR_003594,0,0.7372462824556062,1,0.471,conservative_regularized,profile_f1_macro_opt
3,1348,VAR_000836,0,0.6959094142925872,1,0.471,conservative_regularized,profile_f1_macro_opt
3,1365,VAR_006175,1,0.9003965741479202,1,0.471,conservative_regularized,profile_f1_macro_opt
3,1382,VAR_006110,1,0.9303585979994833,1,0.471,conservative_regularized,profile_f1_macro_opt
3,1385,VAR_005083,1,0.6778037080231865,1,0.471,conservative_regularized,profile_f1_macro_opt
3,1391,VAR_001753,1,0.5982010564795007,1,0.471,conservative_regularized,profile_f1_macro_opt
3,1395,VAR_000304,1,0.9216464289480182,1,0.471,conservative_regularized,profile_f1_macro_opt
3,1397,VAR_002258,1,0.48969206402817095,1,0.471,conservative_regularized,profile_f1_macro_opt
3,1398,VAR_002378,1,0.9531825704593159,1,0.471,conservative_regularized,profile_f1_macro_opt
3,1414,VAR_005604,1,0.8004545135970693,1,0.471,conservative_regularized,profile_f1_macro_opt
3,1428,VAR_006475,1,0.8766701553534542,1,0.471,conservative_regularized,profile_f1_macro_opt
3,1430,VAR_004967,0,0.1477805701511701,0,0.471,conservative_regularized,profile_f1_macro_opt
3,1444,VAR_005434,1,0.7385410345600842,1,0.471,conservative_regularized,profile_f1_macro_opt
3,1453,VAR_001963,1,0.37047484883654663,0,0.471,conservative_regularized,profile_f1_macro_opt
3,1462,VAR_004903,1,0.7462840108371399,1,0.471,conservative_regularized,profile_f1_macro_opt
3,1479,VAR_004007,1,0.9433467327728257,1,0.471,conservative_regularized,profile_f1_macro_opt
3,1484,VAR_004225,1,0.48969206402817095,1,0.471,conservative_regularized,profile_f1_macro_opt
3,1491,VAR_002080,1,0.21447020604694694,0,0.471,conservative_regularized,profile_f1_macro_opt
3,1497,VAR_000765,1,0.7685937685907951,1,0.471,conservative_regularized,profile_f1_macro_opt
3,1499,VAR_003209,0,0.050722431285949415,0,0.471,conservative_regularized,profile_f1_macro_opt
3,1501,VAR_006090,1,0.438874333469955,0,0.471,conservative_regularized,profile_f1_macro_opt
3,1503,VAR_001615,0,0.712132851669972,1,0.471,conservative_regularized,profile_f1_macro_opt
3,1507,VAR_000225,1,0.5859970568141206,1,0.471,conservative_regularized,profile_f1_macro_opt
3,1525,VAR_005171,1,0.39692640686656516,0,0.471,conservative_regularized,profile_f1_macro_opt
3,1535,VAR_001173,1,0.7646594891759404,1,0.471,conservative_regularized,profile_f1_macro_opt
3,1539,VAR_004654,0,0.28084539317628116,0,0.471,conservative_regularized,profile_f1_macro_opt
3,1541,VAR_002336,0,0.06577470521689596,0,0.471,conservative_regularized,profile_f1_macro_opt
3,1554,VAR_003073,0,0.7647346940696567,1,0.471,conservative_regularized,profile_f1_macro_opt
3,1561,VAR_005867,1,0.8507477266592647,1,0.471,conservative_regularized,profile_f1_macro_opt
3,1563,VAR_005689,0,0.18074991635651028,0,0.471,conservative_regularized,profile_f1_macro_opt
3,1567,VAR_002479,1,0.9357678775906346,1,0.471,conservative_regularized,profile_f1_macro_opt
3,1571,VAR_003755,1,0.9474211480245104,1,0.471,conservative_regularized,profile_f1_macro_opt
3,1579,VAR_002125,0,0.27876157774731386,0,0.471,conservative_regularized,profile_f1_macro_opt
3,1589,VAR_001750,1,0.3067532014244016,0,0.471,conservative_regularized,profile_f1_macro_opt
3,1594,VAR_005186,1,0.09247795301494707,0,0.471,conservative_regularized,profile_f1_macro_opt
3,1599,VAR_001719,0,0.1017396391259883,0,0.471,conservative_regularized,profile_f1_macro_opt
3,1600,VAR_002631,1,0.5609099549169376,1,0.471,conservative_regularized,profile_f1_macro_opt
3,1616,VAR_005142,1,0.7747953760995706,1,0.471,conservative_regularized,profile_f1_macro_opt
3,1619,VAR_004196,0,0.8420186755045627,1,0.471,conservative_regularized,profile_f1_macro_opt
3,1625,VAR_003686,0,0.34784804957688237,0,0.471,conservative_regularized,profile_f1_macro_opt
3,1632,VAR_000782,1,0.9148253228713276,1,0.471,conservative_regularized,profile_f1_macro_opt
3,1637,VAR_005079,1,0.5086962060419504,1,0.471,conservative_regularized,profile_f1_macro_opt
3,1642,VAR_000330,1,0.863373815850609,1,0.471,conservative_regularized,profile_f1_macro_opt
3,1647,VAR_005188,1,0.3377756458219104,0,0.471,conservative_regularized,profile_f1_macro_opt
3,1656,VAR_005206,1,0.8121165264672872,1,0.471,conservative_regularized,profile_f1_macro_opt
3,1666,VAR_000563,0,0.08922183895011535,0,0.471,conservative_regularized,profile_f1_macro_opt
3,1681,VAR_003777,1,0.9459762044795023,1,0.471,conservative_regularized,profile_f1_macro_opt
3,1682,VAR_005519,1,0.31271526075286044,0,0.471,conservative_regularized,profile_f1_macro_opt
3,1684,VAR_003588,0,0.1608313783767508,0,0.471,conservative_regularized,profile_f1_macro_opt
3,1686,VAR_004968,1,0.9281324644764106,1,0.471,conservative_regularized,profile_f1_macro_opt
3,1687,VAR_002453,1,0.6673459073544358,1,0.471,conservative_regularized,profile_f1_macro_opt
3,1689,VAR_001217,0,0.08480450509490378,0,0.471,conservative_regularized,profile_f1_macro_opt
3,1694,VAR_000120,1,0.9437886853674844,1,0.471,conservative_regularized,profile_f1_macro_opt
3,1696,VAR_004909,1,0.9279071603220101,1,0.471,conservative_regularized,profile_f1_macro_opt
3,1703,VAR_005453,1,0.8048872531889684,1,0.471,conservative_regularized,profile_f1_macro_opt
3,1713,VAR_000886,0,0.46732919332341166,0,0.471,conservative_regularized,profile_f1_macro_opt
3,1718,VAR_003123,0,0.07543406884129249,0,0.471,conservative_regularized,profile_f1_macro_opt
3,1719,VAR_004014,1,0.9635323567595786,1,0.471,conservative_regularized,profile_f1_macro_opt
3,1721,VAR_005670,0,0.27603397051685685,0,0.471,conservative_regularized,profile_f1_macro_opt
3,1723,VAR_000918,0,0.47046468307599815,0,0.471,conservative_regularized,profile_f1_macro_opt
3,1727,VAR_000471,0,0.48969206402817095,1,0.471,conservative_regularized,profile_f1_macro_opt
3,1730,VAR_001196,0,0.10345979348451546,0,0.471,conservative_regularized,profile_f1_macro_opt
3,1741,VAR_004372,0,0.6746242264545638,1,0.471,conservative_regularized,profile_f1_macro_opt
3,1760,VAR_004689,0,0.48969206402817095,1,0.471,conservative_regularized,profile_f1_macro_opt
3,1769,VAR_002051,1,0.38302608393916976,0,0.471,conservative_regularized,profile_f1_macro_opt
3,1776,VAR_000257,1,0.6813634124872765,1,0.471,conservative_regularized,profile_f1_macro_opt
3,1790,VAR_005603,1,0.837559569533914,1,0.471,conservative_regularized,profile_f1_macro_opt
3,1797,VAR_002217,1,0.9122641069463678,1,0.471,conservative_regularized,profile_f1_macro_opt
3,1803,VAR_000339,1,0.7636926274940015,1,0.471,conservative_regularized,profile_f1_macro_opt
3,1812,VAR_000706,1,0.2161995840298537,0,0.471,conservative_regularized,profile_f1_macro_opt
3,1815,VAR_001935,0,0.1533157531152674,0,0.471,conservative_regularized,profile_f1_macro_opt
3,1816,VAR_005400,1,0.9330939345230025,1,0.471,conservative_regularized,profile_f1_macro_opt
3,1820,VAR_005712,1,0.7973479283999045,1,0.471,conservative_regularized,profile_f1_macro_opt
3,1822,VAR_000346,0,0.0885052292524712,0,0.471,conservative_regularized,profile_f1_macro_opt
3,1825,VAR_006586,1,0.24217802749503078,0,0.471,conservative_regularized,profile_f1_macro_opt
3,1829,VAR_000639,1,0.9698963983189671,1,0.471,conservative_regularized,profile_f1_macro_opt
3,1832,VAR_006304,0,0.07970100136199415,0,0.471,conservative_regularized,profile_f1_macro_opt
3,1833,VAR_005419,1,0.9608617762835726,1,0.471,conservative_regularized,profile_f1_macro_opt
3,1838,VAR_002346,0,0.9268261567922472,1,0.471,conservative_regularized,profile_f1_macro_opt
3,1849,VAR_005155,1,0.6912556426215225,1,0.471,conservative_regularized,profile_f1_macro_opt
3,1855,VAR_000487,0,0.21038317645439464,0,0.471,conservative_regularized,profile_f1_macro_opt
3,1861,VAR_003422,0,0.6545293181352348,1,0.471,conservative_regularized,profile_f1_macro_opt
3,1862,VAR_002845,1,0.8056058548577008,1,0.471,conservative_regularized,profile_f1_macro_opt
3,1868,VAR_001027,0,0.8259875939855238,1,0.471,conservative_regularized,profile_f1_macro_opt
3,1879,VAR_004853,1,0.9213119469292363,1,0.471,conservative_regularized,profile_f1_macro_opt
3,1883,VAR_006328,1,0.8601100254349598,1,0.471,conservative_regularized,profile_f1_macro_opt
3,1886,VAR_000291,1,0.8591488872519882,1,0.471,conservative_regularized,profile_f1_macro_opt
3,1888,VAR_006225,0,0.5832126553908445,1,0.471,conservative_regularized,profile_f1_macro_opt
3,1906,VAR_002028,1,0.9370872279576324,1,0.471,conservative_regularized,profile_f1_macro_opt
3,1907,VAR_005554,1,0.8193541778318406,1,0.471,conservative_regularized,profile_f1_macro_opt
3,1910,VAR_003445,0,0.13772365546568438,0,0.471,conservative_regularized,profile_f1_macro_opt
3,1921,VAR_006502,1,0.8363025688289095,1,0.471,conservative_regularized,profile_f1_macro_opt
3,1932,VAR_001406,1,0.7344653120523379,1,0.471,conservative_regularized,profile_f1_macro_opt
3,1933,VAR_000483,1,0.4367525154304813,0,0.471,conservative_regularized,profile_f1_macro_opt
3,1934,VAR_000206,1,0.938168534850695,1,0.471,conservative_regularized,profile_f1_macro_opt
3,1935,VAR_003725,0,0.06454465279218631,0,0.471,conservative_regularized,profile_f1_macro_opt
3,1941,VAR_004561,0,0.7538816631715562,1,0.471,conservative_regularized,profile_f1_macro_opt
3,1948,VAR_000146,1,0.6756353527064544,1,0.471,conservative_regularized,profile_f1_macro_opt
3,1962,VAR_001144,1,0.9610655459074396,1,0.471,conservative_regularized,profile_f1_macro_opt
3,1963,VAR_005737,1,0.7723483729066531,1,0.471,conservative_regularized,profile_f1_macro_opt
3,1965,VAR_003643,0,0.10356385239514772,0,0.471,conservative_regularized,profile_f1_macro_opt
3,1971,VAR_004106,1,0.9122531232475898,1,0.471,conservative_regularized,profile_f1_macro_opt
3,1976,VAR_002507,1,0.8121267084643878,1,0.471,conservative_regularized,profile_f1_macro_opt
3,1977,VAR_001461,1,0.5734890332540717,1,0.471,conservative_regularized,profile_f1_macro_opt
3,2000,VAR_004240,1,0.9290485062804935,1,0.471,conservative_regularized,profile_f1_macro_opt
3,2001,VAR_005719,1,0.9722777755308369,1,0.471,conservative_regularized,profile_f1_macro_opt
3,2006,VAR_004822,0,0.9272061034096535,1,0.471,conservative_regularized,profile_f1_macro_opt
3,2016,VAR_004064,1,0.9209830444058591,1,0.471,conservative_regularized,profile_f1_macro_opt
3,2023,VAR_000529,1,0.8638120018014145,1,0.471,conservative_regularized,profile_f1_macro_opt
3,2027,VAR_003913,0,0.48820195256914733,1,0.471,conservative_regularized,profile_f1_macro_opt
3,2042,VAR_005751,0,0.16300962995465998,0,0.471,conservative_regularized,profile_f1_macro_opt
3,2043,VAR_001422,0,0.6128112685210406,1,0.471,conservative_regularized,profile_f1_macro_opt
3,2048,VAR_005474,1,0.9409892667109363,1,0.471,conservative_regularized,profile_f1_macro_opt
3,2051,VAR_005166,1,0.92173588827459,1,0.471,conservative_regularized,profile_f1_macro_opt
3,2060,VAR_004957,0,0.2056253133644797,0,0.471,conservative_regularized,profile_f1_macro_opt
3,2065,VAR_002330,0,0.2884556158521519,0,0.471,conservative_regularized,profile_f1_macro_opt
3,2068,VAR_003802,1,0.947048606454431,1,0.471,conservative_regularized,profile_f1_macro_opt
3,2076,VAR_002980,1,0.7939594563057079,1,0.471,conservative_regularized,profile_f1_macro_opt
3,2081,VAR_003834,1,0.8424617751396398,1,0.471,conservative_regularized,profile_f1_macro_opt
3,2098,VAR_004111,1,0.9096476126778166,1,0.471,conservative_regularized,profile_f1_macro_opt
3,2099,VAR_006098,1,0.7715443099364062,1,0.471,conservative_regularized,profile_f1_macro_opt
3,2100,VAR_003843,1,0.8611952983673533,1,0.471,conservative_regularized,profile_f1_macro_opt
3,2103,VAR_000269,1,0.6353600635849205,1,0.471,conservative_regularized,profile_f1_macro_opt
3,2105,VAR_003260,1,0.7253247757225225,1,0.471,conservative_regularized,profile_f1_macro_opt
3,2110,VAR_001666,1,0.7210113037481148,1,0.471,conservative_regularized,profile_f1_macro_opt
3,2124,VAR_002016,0,0.09645199681647104,0,0.471,conservative_regularized,profile_f1_macro_opt
3,2125,VAR_005791,1,0.7579830998628263,1,0.471,conservative_regularized,profile_f1_macro_opt
3,2134,VAR_002936,1,0.4802704026128058,1,0.471,conservative_regularized,profile_f1_macro_opt
3,2137,VAR_001677,1,0.8905213670290874,1,0.471,conservative_regularized,profile_f1_macro_opt
3,2138,VAR_001424,0,0.48969206402817095,1,0.471,conservative_regularized,profile_f1_macro_opt
3,2139,VAR_005729,1,0.2036093319443724,0,0.471,conservative_regularized,profile_f1_macro_opt
3,2152,VAR_000580,0,0.10885463851321141,0,0.471,conservative_regularized,profile_f1_macro_opt
3,2163,VAR_001627,1,0.48969206402817095,1,0.471,conservative_regularized,profile_f1_macro_opt
3,2174,VAR_002874,1,0.37263474294020965,0,0.471,conservative_regularized,profile_f1_macro_opt
3,2177,VAR_003529,1,0.10542549513999527,0,0.471,conservative_regularized,profile_f1_macro_opt
3,2192,VAR_004745,1,0.7604415438932002,1,0.471,conservative_regularized,profile_f1_macro_opt
3,2201,VAR_006213,1,0.9328248348040564,1,0.471,conservative_regularized,profile_f1_macro_opt
3,2210,VAR_006556,1,0.09870253535671158,0,0.471,conservative_regularized,profile_f1_macro_opt
3,2211,VAR_004035,0,0.3742232466203536,0,0.471,conservative_regularized,profile_f1_macro_opt
3,2230,VAR_004285,1,0.2900172480299683,0,0.471,conservative_regularized,profile_f1_macro_opt
3,2236,VAR_003243,1,0.943077877601366,1,0.471,conservative_regularized,profile_f1_macro_opt
3,2239,VAR_000498,0,0.1415425480795969,0,0.471,conservative_regularized,profile_f1_macro_opt
3,2246,VAR_001637,1,0.48969206402817095,1,0.471,conservative_regularized,profile_f1_macro_opt
3,2250,VAR_006564,1,0.5896413928995561,1,0.471,conservative_regularized,profile_f1_macro_opt
3,2255,VAR_000183,1,0.4124886865774084,0,0.471,conservative_regularized,profile_f1_macro_opt
3,2276,VAR_002429,1,0.9412303476732866,1,0.471,conservative_regularized,profile_f1_macro_opt
3,2281,VAR_002567,0,0.1311919258011745,0,0.471,conservative_regularized,profile_f1_macro_opt
3,2283,VAR_004011,1,0.9537270038751234,1,0.471,conservative_regularized,profile_f1_macro_opt
3,2287,VAR_001585,0,0.48969206402817095,1,0.471,conservative_regularized,profile_f1_macro_opt
3,2290,VAR_006585,0,0.9067369445925175,1,0.471,conservative_regularized,profile_f1_macro_opt
3,2304,VAR_004947,1,0.7240468503133207,1,0.471,conservative_regularized,profile_f1_macro_opt
3,2338,VAR_003723,1,0.9205913970549725,1,0.471,conservative_regularized,profile_f1_macro_opt
3,2345,VAR_000037,1,0.9169429444039555,1,0.471,conservative_regularized,profile_f1_macro_opt
3,2361,VAR_004459,0,0.1455614571860881,0,0.471,conservative_regularized,profile_f1_macro_opt
3,2365,VAR_005036,0,0.17111455307338694,0,0.471,conservative_regularized,profile_f1_macro_opt
3,2373,VAR_006508,1,0.9218053881202757,1,0.471,conservative_regularized,profile_f1_macro_opt
3,2386,VAR_004774,1,0.9151377577775549,1,0.471,conservative_regularized,profile_f1_macro_opt
3,2387,VAR_005730,0,0.2264409702568261,0,0.471,conservative_regularized,profile_f1_macro_opt
3,2390,VAR_005211,1,0.4141513073741405,0,0.471,conservative_regularized,profile_f1_macro_opt
3,2392,VAR_005861,1,0.8158549171172095,1,0.471,conservative_regularized,profile_f1_macro_opt
3,2405,VAR_004355,0,0.8540173516594293,1,0.471,conservative_regularized,profile_f1_macro_opt
3,2411,VAR_001741,0,0.04701023256267192,0,0.471,conservative_regularized,profile_f1_macro_opt
3,2420,VAR_000535,0,0.36258485991903955,0,0.471,conservative_regularized,profile_f1_macro_opt
3,2431,VAR_002529,0,0.07252566518895459,0,0.471,conservative_regularized,profile_f1_macro_opt
3,2436,VAR_006581,1,0.946394754673255,1,0.471,conservative_regularized,profile_f1_macro_opt
3,2444,VAR_004380,1,0.9219599001618778,1,0.471,conservative_regularized,profile_f1_macro_opt
3,2454,VAR_000361,1,0.6182657972839235,1,0.471,conservative_regularized,profile_f1_macro_opt
3,2459,VAR_000149,1,0.9531639053726958,1,0.471,conservative_regularized,profile_f1_macro_opt
3,2475,VAR_005593,1,0.9343105227536472,1,0.471,conservative_regularized,profile_f1_macro_opt
3,2479,VAR_000362,1,0.817764260274724,1,0.471,conservative_regularized,profile_f1_macro_opt
3,2483,VAR_005789,1,0.7705034535130864,1,0.471,conservative_regularized,profile_f1_macro_opt
3,2486,VAR_002974,0,0.5705177325353091,1,0.471,conservative_regularized,profile_f1_macro_opt
3,2498,VAR_005176,1,0.7090649994426986,1,0.471,conservative_regularized,profile_f1_macro_opt
3,2499,VAR_005268,1,0.6931475180432379,1,0.471,conservative_regularized,profile_f1_macro_opt
3,2505,VAR_005480,1,0.9032253701925806,1,0.471,conservative_regularized,profile_f1_macro_opt
3,2507,VAR_005428,1,0.8291265747151358,1,0.471,conservative_regularized,profile_f1_macro_opt
3,2528,VAR_004156,0,0.5742209353946774,1,0.471,conservative_regularized,profile_f1_macro_opt
3,2531,VAR_000214,1,0.7564054298629718,1,0.471,conservative_regularized,profile_f1_macro_opt
3,2545,VAR_004063,1,0.9388123592518466,1,0.471,conservative_regularized,profile_f1_macro_opt
3,2556,VAR_000508,1,0.43828056094378876,0,0.471,conservative_regularized,profile_f1_macro_opt
3,2558,VAR_005074,1,0.9731161485661832,1,0.471,conservative_regularized,profile_f1_macro_opt
3,2565,VAR_002325,1,0.7663329276459157,1,0.471,conservative_regularized,profile_f1_macro_opt
3,2584,VAR_005100,0,0.05611902428246506,0,0.471,conservative_regularized,profile_f1_macro_opt
3,2594,VAR_006333,0,0.6906625774131978,1,0.471,conservative_regularized,profile_f1_macro_opt
3,2607,VAR_006060,0,0.9316349444666301,1,0.471,conservative_regularized,profile_f1_macro_opt
3,2610,VAR_006157,0,0.6550359709775877,1,0.471,conservative_regularized,profile_f1_macro_opt
3,2611,VAR_000014,1,0.6852951338052499,1,0.471,conservative_regularized,profile_f1_macro_opt
3,2614,VAR_006517,1,0.9667102505371112,1,0.471,conservative_regularized,profile_f1_macro_opt
3,2616,VAR_000870,0,0.741888778438653,1,0.471,conservative_regularized,profile_f1_macro_opt
3,2624,VAR_005140,1,0.691153307999695,1,0.471,conservative_regularized,profile_f1_macro_opt
3,2631,VAR_005189,1,0.4919043889671746,1,0.471,conservative_regularized,profile_f1_macro_opt
3,2646,VAR_003964,1,0.9610065737232976,1,0.471,conservative_regularized,profile_f1_macro_opt
3,2650,VAR_002476,1,0.9376153978696666,1,0.471,conservative_regularized,profile_f1_macro_opt
3,2652,VAR_001193,0,0.16820742331349864,0,0.471,conservative_regularized,profile_f1_macro_opt
3,2654,VAR_005299,0,0.420682827367139,0,0.471,conservative_regularized,profile_f1_macro_opt
3,2657,VAR_004729,1,0.8049837525124517,1,0.471,conservative_regularized,profile_f1_macro_opt
3,2661,VAR_000150,1,0.6768910309250452,1,0.471,conservative_regularized,profile_f1_macro_opt
3,2665,VAR_006287,0,0.41962952755387173,0,0.471,conservative_regularized,profile_f1_macro_opt
3,2667,VAR_005766,1,0.9584793875125271,1,0.471,conservative_regularized,profile_f1_macro_opt
3,2681,VAR_000579,1,0.9038258748839314,1,0.471,conservative_regularized,profile_f1_macro_opt
3,2682,VAR_003405,1,0.9299336533954711,1,0.471,conservative_regularized,profile_f1_macro_opt
3,2686,VAR_003409,1,0.9660122083278103,1,0.471,conservative_regularized,profile_f1_macro_opt
3,2687,VAR_003714,0,0.20621390172630372,0,0.471,conservative_regularized,profile_f1_macro_opt
3,2689,VAR_002409,1,0.9417220848280097,1,0.471,conservative_regularized,profile_f1_macro_opt
3,2690,VAR_004857,0,0.1328415245843927,0,0.471,conservative_regularized,profile_f1_macro_opt
3,2693,VAR_005132,1,0.7235403116567015,1,0.471,conservative_regularized,profile_f1_macro_opt
3,2699,VAR_001625,1,0.48969206402817095,1,0.471,conservative_regularized,profile_f1_macro_opt
3,2701,VAR_005507,0,0.4200958913658309,0,0.471,conservative_regularized,profile_f1_macro_opt
3,2704,VAR_005963,1,0.9145127525054466,1,0.471,conservative_regularized,profile_f1_macro_opt
3,2706,VAR_002444,1,0.822600114501321,1,0.471,conservative_regularized,profile_f1_macro_opt
3,2707,VAR_003271,1,0.6107733260692673,1,0.471,conservative_regularized,profile_f1_macro_opt
3,2716,VAR_004814,1,0.8603624548868999,1,0.471,conservative_regularized,profile_f1_macro_opt
3,2720,VAR_005703,1,0.927226505636619,1,0.471,conservative_regularized,profile_f1_macro_opt
3,2721,VAR_001458,1,0.48969206402817095,1,0.471,conservative_regularized,profile_f1_macro_opt
3,2723,VAR_003391,1,0.8071444668641855,1,0.471,conservative_regularized,profile_f1_macro_opt
3,2724,VAR_005172,0,0.4397314658296697,0,0.471,conservative_regularized,profile_f1_macro_opt
3,2733,VAR_002086,1,0.7138745851710969,1,0.471,conservative_regularized,profile_f1_macro_opt
3,2735,VAR_004827,1,0.8206754272335606,1,0.471,conservative_regularized,profile_f1_macro_opt
3,2736,VAR_003296,1,0.9338028959796237,1,0.471,conservative_regularized,profile_f1_macro_opt
3,2743,VAR_003573,0,0.21525998771531493,0,0.471,conservative_regularized,profile_f1_macro_opt
3,2744,VAR_006541,1,0.136339399482281,0,0.471,conservative_regularized,profile_f1_macro_opt
3,2745,VAR_005706,1,0.9104640361735136,1,0.471,conservative_regularized,profile_f1_macro_opt
3,2747,VAR_000764,1,0.9137941501849438,1,0.471,conservative_regularized,profile_f1_macro_opt
3,2760,VAR_005244,1,0.9526132712468374,1,0.471,conservative_regularized,profile_f1_macro_opt
3,2775,VAR_000553,0,0.14868633835291303,0,0.471,conservative_regularized,profile_f1_macro_opt
3,2782,VAR_000455,1,0.8929411739367932,1,0.471,conservative_regularized,profile_f1_macro_opt
3,2787,VAR_004430,1,0.7940903580517709,1,0.471,conservative_regularized,profile_f1_macro_opt
3,2809,VAR_004845,1,0.8687797768618006,1,0.471,conservative_regularized,profile_f1_macro_opt
3,2812,VAR_005439,1,0.8690371532445915,1,0.471,conservative_regularized,profile_f1_macro_opt
3,2819,VAR_006119,0,0.6125384902848608,1,0.471,conservative_regularized,profile_f1_macro_opt
3,2827,VAR_005842,1,0.7226722868089972,1,0.471,conservative_regularized,profile_f1_macro_opt
3,2828,VAR_004492,0,0.12864249061909147,0,0.471,conservative_regularized,profile_f1_macro_opt
3,2830,VAR_001761,1,0.638705739782071,1,0.471,conservative_regularized,profile_f1_macro_opt
3,2833,VAR_000280,1,0.08372497056849412,0,0.471,conservative_regularized,profile_f1_macro_opt
3,2837,VAR_000209,1,0.2401860781876033,0,0.471,conservative_regularized,profile_f1_macro_opt
3,2862,VAR_006575,0,0.9406491919977742,1,0.471,conservative_regularized,profile_f1_macro_opt
3,2865,VAR_002988,1,0.20778215590865848,0,0.471,conservative_regularized,profile_f1_macro_opt
3,2869,VAR_005564,1,0.5789536541333535,1,0.471,conservative_regularized,profile_f1_macro_opt
3,2875,VAR_001766,1,0.3186953679556459,0,0.471,conservative_regularized,profile_f1_macro_opt
3,2876,VAR_003985,1,0.9352639435172401,1,0.471,conservative_regularized,profile_f1_macro_opt
3,2886,VAR_000835,1,0.9194127499929291,1,0.471,conservative_regularized,profile_f1_macro_opt
3,2890,VAR_006499,1,0.9501246798289326,1,0.471,conservative_regularized,profile_f1_macro_opt
3,2901,VAR_003972,0,0.11961322614332519,0,0.471,conservative_regularized,profile_f1_macro_opt
3,2905,VAR_004883,0,0.051610542090843876,0,0.471,conservative_regularized,profile_f1_macro_opt
3,2909,VAR_002029,0,0.8024654698769867,1,0.471,conservative_regularized,profile_f1_macro_opt
3,2914,VAR_003294,1,0.8768568022777998,1,0.471,conservative_regularized,profile_f1_macro_opt
3,2915,VAR_000397,0,0.8620257625473172,1,0.471,conservative_regularized,profile_f1_macro_opt
3,2917,VAR_001136,1,0.8401870652329462,1,0.471,conservative_regularized,profile_f1_macro_opt
3,2921,VAR_000396,1,0.30360322667045864,0,0.471,conservative_regularized,profile_f1_macro_opt
3,2926,VAR_002007,1,0.9615046301244864,1,0.471,conservative_regularized,profile_f1_macro_opt
3,2929,VAR_004058,1,0.9028059386844587,1,0.471,conservative_regularized,profile_f1_macro_opt
4,3,VAR_000808,1,0.9613525797349756,1,0.471,conservative_regularized,profile_f1_macro_opt
4,20,VAR_002538,1,0.9440889715320122,1,0.471,conservative_regularized,profile_f1_macro_opt
4,37,VAR_001186,1,0.8921763892567545,1,0.471,conservative_regularized,profile_f1_macro_opt
4,45,VAR_001239,1,0.9134883888361655,1,0.471,conservative_regularized,profile_f1_macro_opt
4,53,VAR_004466,1,0.907971990771664,1,0.471,conservative_regularized,profile_f1_macro_opt
4,68,VAR_000438,0,0.8221350015297166,1,0.471,conservative_regularized,profile_f1_macro_opt
4,72,VAR_002235,0,0.7252130324328325,1,0.471,conservative_regularized,profile_f1_macro_opt
4,76,VAR_005614,1,0.8981075236869602,1,0.471,conservative_regularized,profile_f1_macro_opt
4,78,VAR_005881,0,0.8037799021295997,1,0.471,conservative_regularized,profile_f1_macro_opt
4,82,VAR_000732,1,0.9318168354672917,1,0.471,conservative_regularized,profile_f1_macro_opt
4,84,VAR_002218,1,0.9586657804841073,1,0.471,conservative_regularized,profile_f1_macro_opt
4,86,VAR_005989,1,0.4064102800644709,0,0.471,conservative_regularized,profile_f1_macro_opt
4,88,VAR_001425,0,0.46963367217763496,0,0.471,conservative_regularized,profile_f1_macro_opt
4,92,VAR_000540,0,0.19909181654051078,0,0.471,conservative_regularized,profile_f1_macro_opt
4,100,VAR_004687,0,0.5731026008753793,1,0.471,conservative_regularized,profile_f1_macro_opt
4,101,VAR_005060,1,0.46080266599484276,0,0.471,conservative_regularized,profile_f1_macro_opt
4,105,VAR_002048,0,0.05732054908125147,0,0.471,conservative_regularized,profile_f1_macro_opt
4,122,VAR_005097,0,0.4303687093447641,0,0.471,conservative_regularized,profile_f1_macro_opt
4,125,VAR_001754,0,0.3723032092624033,0,0.471,conservative_regularized,profile_f1_macro_opt
4,139,VAR_000790,1,0.7334728729523564,1,0.471,conservative_regularized,profile_f1_macro_opt
4,146,VAR_006532,0,0.30567981698381785,0,0.471,conservative_regularized,profile_f1_macro_opt
4,153,VAR_001497,0,0.46963367217763496,0,0.471,conservative_regularized,profile_f1_macro_opt
4,157,VAR_000784,1,0.7681292400565781,1,0.471,conservative_regularized,profile_f1_macro_opt
4,158,VAR_000153,1,0.9439866348464964,1,0.471,conservative_regularized,profile_f1_macro_opt
4,159,VAR_005152,0,0.11281852289982026,0,0.471,conservative_regularized,profile_f1_macro_opt
4,163,VAR_004291,1,0.25221569253694237,0,0.471,conservative_regularized,profile_f1_macro_opt
4,190,VAR_005438,1,0.9442842326456703,1,0.471,conservative_regularized,profile_f1_macro_opt
4,192,VAR_003318,1,0.6709366477161555,1,0.471,conservative_regularized,profile_f1_macro_opt
4,195,VAR_002150,1,0.8959431438195887,1,0.471,conservative_regularized,profile_f1_macro_opt
4,200,VAR_006077,0,0.10186045520727972,0,0.471,conservative_regularized,profile_f1_macro_opt
4,202,VAR_001495,0,0.5753151414817985,1,0.471,conservative_regularized,profile_f1_macro_opt
4,217,VAR_004868,1,0.9621273007260618,1,0.471,conservative_regularized,profile_f1_macro_opt
4,224,VAR_006379,1,0.9238119800907006,1,0.471,conservative_regularized,profile_f1_macro_opt
4,228,VAR_001996,1,0.9455359753553166,1,0.471,conservative_regularized,profile_f1_macro_opt
4,235,VAR_000114,1,0.39073595024822033,0,0.471,conservative_regularized,profile_f1_macro_opt
4,250,VAR_005164,1,0.8003626907374319,1,0.471,conservative_regularized,profile_f1_macro_opt
4,260,VAR_003450,1,0.9582678464896508,1,0.471,conservative_regularized,profile_f1_macro_opt
4,262,VAR_001346,1,0.6106432095681403,1,0.471,conservative_regularized,profile_f1_macro_opt
4,267,VAR_000435,1,0.649790961668258,1,0.471,conservative_regularized,profile_f1_macro_opt
4,268,VAR_006012,0,0.2838710980521323,0,0.471,conservative_regularized,profile_f1_macro_opt
4,269,VAR_000138,1,0.8995145597228277,1,0.471,conservative_regularized,profile_f1_macro_opt
4,272,VAR_003530,1,0.10966322848013066,0,0.471,conservative_regularized,profile_f1_macro_opt
4,280,VAR_000311,0,0.6610196356037075,1,0.471,conservative_regularized,profile_f1_macro_opt
4,284,VAR_005980,0,0.36951687562788643,0,0.471,conservative_regularized,profile_f1_macro_opt
4,293,VAR_001178,1,0.9241990323153375,1,0.471,conservative_regularized,profile_f1_macro_opt
4,306,VAR_005607,1,0.2284255983535596,0,0.471,conservative_regularized,profile_f1_macro_opt
4,320,VAR_001837,1,0.46454317015642405,0,0.471,conservative_regularized,profile_f1_macro_opt
4,324,VAR_005191,1,0.7152481953075919,1,0.471,conservative_regularized,profile_f1_macro_opt
4,325,VAR_002568,0,0.44135847530177946,0,0.471,conservative_regularized,profile_f1_macro_opt
4,328,VAR_001329,0,0.46963367217763496,0,0.471,conservative_regularized,profile_f1_macro_opt
4,332,VAR_003766,1,0.9645770613951424,1,0.471,conservative_regularized,profile_f1_macro_opt
4,340,VAR_003854,1,0.8782921713738251,1,0.471,conservative_regularized,profile_f1_macro_opt
4,341,VAR_006338,1,0.960871098533237,1,0.471,conservative_regularized,profile_f1_macro_opt
4,347,VAR_002185,1,0.9465115562672016,1,0.471,conservative_regularized,profile_f1_macro_opt
4,348,VAR_001391,1,0.46963367217763496,0,0.471,conservative_regularized,profile_f1_macro_opt
4,349,VAR_005345,0,0.25411302049434836,0,0.471,conservative_regularized,profile_f1_macro_opt
4,351,VAR_004445,0,0.17512034806889748,0,0.471,conservative_regularized,profile_f1_macro_opt
4,353,VAR_005440,1,0.6778671318758925,1,0.471,conservative_regularized,profile_f1_macro_opt
4,356,VAR_000512,1,0.8995392953055635,1,0.471,conservative_regularized,profile_f1_macro_opt
4,360,VAR_006198,1,0.8933039488124946,1,0.471,conservative_regularized,profile_f1_macro_opt
4,378,VAR_004089,1,0.9708058526604574,1,0.471,conservative_regularized,profile_f1_macro_opt
4,389,VAR_004945,1,0.9466322030228097,1,0.471,conservative_regularized,profile_f1_macro_opt
4,406,VAR_004026,1,0.9521832704743369,1,0.471,conservative_regularized,profile_f1_macro_opt
4,410,VAR_004059,1,0.9613328423996658,1,0.471,conservative_regularized,profile_f1_macro_opt
4,415,VAR_000461,1,0.8620245467585264,1,0.471,conservative_regularized,profile_f1_macro_opt
4,417,VAR_001604,1,0.7462378416766189,1,0.471,conservative_regularized,profile_f1_macro_opt
4,422,VAR_005836,1,0.8011589478385425,1,0.471,conservative_regularized,profile_f1_macro_opt
4,424,VAR_005483,0,0.18826476513846901,0,0.471,conservative_regularized,profile_f1_macro_opt
4,428,VAR_001813,0,0.5237411169993426,1,0.471,conservative_regularized,profile_f1_macro_opt
4,431,VAR_006140,1,0.9308229873185414,1,0.471,conservative_regularized,profile_f1_macro_opt
4,433,VAR_004001,1,0.9863183575784675,1,0.471,conservative_regularized,profile_f1_macro_opt
4,436,VAR_002004,1,0.9752684760142389,1,0.471,conservative_regularized,profile_f1_macro_opt
4,438,VAR_003269,1,0.9462677927740577,1,0.471,conservative_regularized,profile_f1_macro_opt
4,442,VAR_000583,0,0.9670077959560779,1,0.471,conservative_regularized,profile_f1_macro_opt
4,454,VAR_001614,0,0.27640259009483775,0,0.471,conservative_regularized,profile_f1_macro_opt
4,461,VAR_001288,0,0.19370882219916274,0,0.471,conservative_regularized,profile_f1_macro_opt
4,467,VAR_000502,0,0.2264100540935908,0,0.471,conservative_regularized,profile_f1_macro_opt
4,472,VAR_004604,0,0.4789168374591132,1,0.471,conservative_regularized,profile_f1_macro_opt
4,478,VAR_006561,1,0.455312427206915,0,0.471,conservative_regularized,profile_f1_macro_opt
4,479,VAR_003734,1,0.8219019873537234,1,0.471,conservative_regularized,profile_f1_macro_opt
4,483,VAR_000127,0,0.216114525392015,0,0.471,conservative_regularized,profile_f1_macro_opt
4,495,VAR_005642,1,0.9267788612721497,1,0.471,conservative_regularized,profile_f1_macro_opt
4,498,VAR_003215,0,0.21346859065274193,0,0.471,conservative_regularized,profile_f1_macro_opt
4,500,VAR_004801,1,0.7562814660789378,1,0.471,conservative_regularized,profile_f1_macro_opt
4,503,VAR_000672,1,0.8437358155241134,1,0.471,conservative_regularized,profile_f1_macro_opt
4,509,VAR_002272,1,0.7446904418320861,1,0.471,conservative_regularized,profile_f1_macro_opt
4,513,VAR_003367,1,0.9180983675423156,1,0.471,conservative_regularized,profile_f1_macro_opt
4,532,VAR_000275,1,0.7887982844021354,1,0.471,conservative_regularized,profile_f1_macro_opt
4,536,VAR_002362,1,0.7788699690694242,1,0.471,conservative_regularized,profile_f1_macro_opt
4,542,VAR_004022,1,0.9374897205434853,1,0.471,conservative_regularized,profile_f1_macro_opt
4,548,VAR_003800,1,0.9237215933512534,1,0.471,conservative_regularized,profile_f1_macro_opt
4,550,VAR_003761,0,0.919014565410959,1,0.471,conservative_regularized,profile_f1_macro_opt
4,566,VAR_005858,1,0.9157687070447148,1,0.471,conservative_regularized,profile_f1_macro_opt
4,570,VAR_005941,0,0.46649301434405127,0,0.471,conservative_regularized,profile_f1_macro_opt
4,579,VAR_005616,1,0.8681607083007827,1,0.471,conservative_regularized,profile_f1_macro_opt
4,587,VAR_004980,1,0.9601874286082894,1,0.471,conservative_regularized,profile_f1_macro_opt
4,589,VAR_005358,1,0.9085284823464214,1,0.471,conservative_regularized,profile_f1_macro_opt
4,597,VAR_001000,0,0.07756647466328674,0,0.471,conservative_regularized,profile_f1_macro_opt
4,603,VAR_005007,0,0.38054362227790134,0,0.471,conservative_regularized,profile_f1_macro_opt
4,604,VAR_004252,1,0.9640583904727162,1,0.471,conservative_regularized,profile_f1_macro_opt
4,608,VAR_002188,1,0.9774953454601885,1,0.471,conservative_regularized,profile_f1_macro_opt
4,609,VAR_002664,1,0.4202053883566343,0,0.471,conservative_regularized,profile_f1_macro_opt
4,611,VAR_003155,0,0.8244234056256972,1,0.471,conservative_regularized,profile_f1_macro_opt
4,612,VAR_005106,1,0.8064242379332848,1,0.471,conservative_regularized,profile_f1_macro_opt
4,629,VAR_000903,1,0.46963367217763496,0,0.471,conservative_regularized,profile_f1_macro_opt
4,643,VAR_003764,1,0.2943563000200543,0,0.471,conservative_regularized,profile_f1_macro_opt
4,647,VAR_001543,1,0.46963367217763496,0,0.471,conservative_regularized,profile_f1_macro_opt
4,649,VAR_004177,1,0.979492313003677,1,0.471,conservative_regularized,profile_f1_macro_opt
4,658,VAR_004085,0,0.07809526432319144,0,0.471,conservative_regularized,profile_f1_macro_opt
4,678,VAR_000109,1,0.6461652249835195,1,0.471,conservative_regularized,profile_f1_macro_opt
4,680,VAR_000111,1,0.641011096415332,1,0.471,conservative_regularized,profile_f1_macro_opt
4,681,VAR_000119,1,0.6185976411853907,1,0.471,conservative_regularized,profile_f1_macro_opt
4,697,VAR_001233,0,0.10308935431619183,0,0.471,conservative_regularized,profile_f1_macro_opt
4,700,VAR_006061,1,0.8642623447954828,1,0.471,conservative_regularized,profile_f1_macro_opt
4,706,VAR_005357,1,0.9674311813862151,1,0.471,conservative_regularized,profile_f1_macro_opt
4,713,VAR_004924,1,0.9082641869911972,1,0.471,conservative_regularized,profile_f1_macro_opt
4,729,VAR_005573,1,0.7056857940047695,1,0.471,conservative_regularized,profile_f1_macro_opt
4,731,VAR_005996,1,0.4006749947793601,0,0.471,conservative_regularized,profile_f1_macro_opt
4,736,VAR_005536,1,0.9181061839227617,1,0.471,conservative_regularized,profile_f1_macro_opt
4,744,VAR_004800,0,0.06882788381864285,0,0.471,conservative_regularized,profile_f1_macro_opt
4,750,VAR_003961,1,0.972759223401798,1,0.471,conservative_regularized,profile_f1_macro_opt
4,758,VAR_003067,0,0.8923460069551596,1,0.471,conservative_regularized,profile_f1_macro_opt
4,764,VAR_002265,1,0.8726054433154498,1,0.471,conservative_regularized,profile_f1_macro_opt
4,778,VAR_003248,1,0.8596014750659905,1,0.471,conservative_regularized,profile_f1_macro_opt
4,781,VAR_002581,1,0.5267603826451693,1,0.471,conservative_regularized,profile_f1_macro_opt
4,786,VAR_005354,1,0.8720933398373834,1,0.471,conservative_regularized,profile_f1_macro_opt
4,791,VAR_002252,0,0.23520867029158146,0,0.471,conservative_regularized,profile_f1_macro_opt
4,798,VAR_001518,0,0.46963367217763496,0,0.471,conservative_regularized,profile_f1_macro_opt
4,803,VAR_001420,0,0.5013948099966986,1,0.471,conservative_regularized,profile_f1_macro_opt
4,804,VAR_004251,1,0.9502108442785696,1,0.471,conservative_regularized,profile_f1_macro_opt
4,805,VAR_002445,1,0.9003255741160948,1,0.471,conservative_regularized,profile_f1_macro_opt
4,856,VAR_004489,0,0.9598094077666877,1,0.471,conservative_regularized,profile_f1_macro_opt
4,869,VAR_002142,1,0.7915945522988511,1,0.471,conservative_regularized,profile_f1_macro_opt
4,880,VAR_005048,1,0.9223798623457998,1,0.471,conservative_regularized,profile_f1_macro_opt
4,883,VAR_004646,0,0.31475640717075387,0,0.471,conservative_regularized,profile_f1_macro_opt
4,897,VAR_005387,0,0.06961233430121402,0,0.471,conservative_regularized,profile_f1_macro_opt
4,899,VAR_002308,1,0.9417198137853428,1,0.471,conservative_regularized,profile_f1_macro_opt
4,904,VAR_003383,1,0.9298971100697927,1,0.471,conservative_regularized,profile_f1_macro_opt
4,911,VAR_005605,1,0.8928720292943229,1,0.471,conservative_regularized,profile_f1_macro_opt
4,913,VAR_001633,1,0.46963367217763496,0,0.471,conservative_regularized,profile_f1_macro_opt
4,923,VAR_001459,0,0.46963367217763496,0,0.471,conservative_regularized,profile_f1_macro_opt
4,932,VAR_000532,1,0.5477383651213652,1,0.471,conservative_regularized,profile_f1_macro_opt
4,933,VAR_000265,1,0.46963367217763496,0,0.471,conservative_regularized,profile_f1_macro_opt
4,936,VAR_000371,0,0.05933491876004611,0,0.471,conservative_regularized,profile_f1_macro_opt
4,938,VAR_005905,1,0.8793529558338921,1,0.471,conservative_regularized,profile_f1_macro_opt
4,949,VAR_005733,0,0.2189654532777796,0,0.471,conservative_regularized,profile_f1_macro_opt
4,954,VAR_003293,1,0.9563799199739103,1,0.471,conservative_regularized,profile_f1_macro_opt
4,962,VAR_005401,1,0.9756881769120556,1,0.471,conservative_regularized,profile_f1_macro_opt
4,965,VAR_005795,1,0.9699878267922688,1,0.471,conservative_regularized,profile_f1_macro_opt
4,971,VAR_004096,0,0.05239481217548202,0,0.471,conservative_regularized,profile_f1_macro_opt
4,974,VAR_002488,1,0.08758732032847077,0,0.471,conservative_regularized,profile_f1_macro_opt
4,976,VAR_005715,1,0.8962740590787478,1,0.471,conservative_regularized,profile_f1_macro_opt
4,984,VAR_002482,0,0.0783912753245428,0,0.471,conservative_regularized,profile_f1_macro_opt
4,985,VAR_005177,1,0.8196565442962579,1,0.471,conservative_regularized,profile_f1_macro_opt
4,998,VAR_006091,1,0.37518252434352944,0,0.471,conservative_regularized,profile_f1_macro_opt
4,1002,VAR_003865,1,0.8976887406894122,1,0.471,conservative_regularized,profile_f1_macro_opt
4,1006,VAR_003804,1,0.4953570640417673,1,0.471,conservative_regularized,profile_f1_macro_opt
4,1013,VAR_000283,1,0.970900841324451,1,0.471,conservative_regularized,profile_f1_macro_opt
4,1021,VAR_004051,1,0.9657918251381554,1,0.471,conservative_regularized,profile_f1_macro_opt
4,1024,VAR_006045,1,0.9181187554114175,1,0.471,conservative_regularized,profile_f1_macro_opt
4,1027,VAR_001366,1,0.46963367217763496,0,0.471,conservative_regularized,profile_f1_macro_opt
4,1043,VAR_004848,0,0.2726497573415798,0,0.471,conservative_regularized,profile_f1_macro_opt
4,1052,VAR_004042,1,0.9477346821035263,1,0.471,conservative_regularized,profile_f1_macro_opt
4,1053,VAR_006165,1,0.9367422995483904,1,0.471,conservative_regularized,profile_f1_macro_opt
4,1055,VAR_001363,1,0.46963367217763496,0,0.471,conservative_regularized,profile_f1_macro_opt
4,1063,VAR_000059,1,0.9559981641466495,1,0.471,conservative_regularized,profile_f1_macro_opt
4,1071,VAR_004016,1,0.9532958434361825,1,0.471,conservative_regularized,profile_f1_macro_opt
4,1076,VAR_006070,0,0.5896742029097556,1,0.471,conservative_regularized,profile_f1_macro_opt
4,1092,VAR_003375,1,0.8799745472845039,1,0.471,conservative_regularized,profile_f1_macro_opt
4,1105,VAR_002003,0,0.2447097622508953,0,0.471,conservative_regularized,profile_f1_macro_opt
4,1106,VAR_000266,1,0.6689070438493513,1,0.471,conservative_regularized,profile_f1_macro_opt
4,1110,VAR_002423,1,0.9545826808992883,1,0.471,conservative_regularized,profile_f1_macro_opt
4,1116,VAR_003756,1,0.3834305607682153,0,0.471,conservative_regularized,profile_f1_macro_opt
4,1125,VAR_001555,1,0.46963367217763496,0,0.471,conservative_regularized,profile_f1_macro_opt
4,1135,VAR_002309,1,0.872089999215349,1,0.471,conservative_regularized,profile_f1_macro_opt
4,1143,VAR_004152,0,0.3761223578323238,0,0.471,conservative_regularized,profile_f1_macro_opt
4,1147,VAR_003041,1,0.8349075449201471,1,0.471,conservative_regularized,profile_f1_macro_opt
4,1151,VAR_002006,1,0.42096271372780464,0,0.471,conservative_regularized,profile_f1_macro_opt
4,1153,VAR_001417,1,0.46963367217763496,0,0.471,conservative_regularized,profile_f1_macro_opt
4,1160,VAR_005481,1,0.7791933999755539,1,0.471,conservative_regularized,profile_f1_macro_opt
4,1169,VAR_001517,0,0.6228115135086738,1,0.471,conservative_regularized,profile_f1_macro_opt
4,1174,VAR_001701,1,0.777991429009859,1,0.471,conservative_regularized,profile_f1_macro_opt
4,1198,VAR_000792,1,0.7471223003206776,1,0.471,conservative_regularized,profile_f1_macro_opt
4,1199,VAR_002407,0,0.04872532193492883,0,0.471,conservative_regularized,profile_f1_macro_opt
4,1215,VAR_005162,1,0.9423704936120224,1,0.471,conservative_regularized,profile_f1_macro_opt
4,1220,VAR_005985,0,0.2138315979346448,0,0.471,conservative_regularized,profile_f1_macro_opt
4,1221,VAR_006503,1,0.6749196774784271,1,0.471,conservative_regularized,profile_f1_macro_opt
4,1227,VAR_002985,1,0.5275399280920386,1,0.471,conservative_regularized,profile_f1_macro_opt
4,1229,VAR_005695,1,0.9228518260421031,1,0.471,conservative_regularized,profile_f1_macro_opt
4,1237,VAR_000288,1,0.6737273560396454,1,0.471,conservative_regularized,profile_f1_macro_opt
4,1240,VAR_005234,0,0.1951288668019928,0,0.471,conservative_regularized,profile_f1_macro_opt
4,1247,VAR_000527,1,0.8440813846079007,1,0.471,conservative_regularized,profile_f1_macro_opt
4,1254,VAR_001818,1,0.9154822712911264,1,0.471,conservative_regularized,profile_f1_macro_opt
4,1259,VAR_004012,1,0.9509778359573982,1,0.471,conservative_regularized,profile_f1_macro_opt
4,1260,VAR_003708,0,0.3915018187269517,0,0.471,conservative_regularized,profile_f1_macro_opt
4,1264,VAR_000412,0,0.46963367217763496,0,0.471,conservative_regularized,profile_f1_macro_opt
4,1272,VAR_005544,1,0.7546659450837229,1,0.471,conservative_regularized,profile_f1_macro_opt
4,1280,VAR_004821,0,0.0633230857089208,0,0.471,conservative_regularized,profile_f1_macro_opt
4,1304,VAR_000355,1,0.587466276244426,1,0.471,conservative_regularized,profile_f1_macro_opt
4,1314,VAR_001044,0,0.9596041577960184,1,0.471,conservative_regularized,profile_f1_macro_opt
4,1316,VAR_006511,0,0.8416595181699207,1,0.471,conservative_regularized,profile_f1_macro_opt
4,1320,VAR_006360,1,0.46963367217763496,0,0.471,conservative_regularized,profile_f1_macro_opt
4,1322,VAR_000126,1,0.8298009671257631,1,0.471,conservative_regularized,profile_f1_macro_opt
4,1325,VAR_002439,1,0.8785099618845257,1,0.471,conservative_regularized,profile_f1_macro_opt
4,1330,VAR_002524,1,0.7717507177134084,1,0.471,conservative_regularized,profile_f1_macro_opt
4,1337,VAR_000400,1,0.5406701546531383,1,0.471,conservative_regularized,profile_f1_macro_opt
4,1353,VAR_000770,0,0.12102924276447731,0,0.471,conservative_regularized,profile_f1_macro_opt
4,1367,VAR_003571,0,0.19094265193511697,0,0.471,conservative_regularized,profile_f1_macro_opt
4,1370,VAR_003164,0,0.14675679341878434,0,0.471,conservative_regularized,profile_f1_macro_opt
4,1373,VAR_005289,1,0.4320283839292085,0,0.471,conservative_regularized,profile_f1_macro_opt
4,1375,VAR_003539,0,0.9462183152527786,1,0.471,conservative_regularized,profile_f1_macro_opt
4,1383,VAR_005153,1,0.8670975102168434,1,0.471,conservative_regularized,profile_f1_macro_opt
4,1406,VAR_001940,1,0.9849043298356952,1,0.471,conservative_regularized,profile_f1_macro_opt
4,1410,VAR_000452,1,0.8649617564260957,1,0.471,conservative_regularized,profile_f1_macro_opt
4,1411,VAR_003436,0,0.3566487003656289,0,0.471,conservative_regularized,profile_f1_macro_opt
4,1413,VAR_002243,1,0.7944992913848723,1,0.471,conservative_regularized,profile_f1_macro_opt
4,1416,VAR_001398,1,0.7289118011082556,1,0.471,conservative_regularized,profile_f1_macro_opt
4,1422,VAR_001235,1,0.7114440589368981,1,0.471,conservative_regularized,profile_f1_macro_opt
4,1432,VAR_004215,0,0.6813705752343229,1,0.471,conservative_regularized,profile_f1_macro_opt
4,1433,VAR_006314,1,0.8147607105482636,1,0.471,conservative_regularized,profile_f1_macro_opt
4,1437,VAR_005520,1,0.9150169282884764,1,0.471,conservative_regularized,profile_f1_macro_opt
4,1445,VAR_000486,1,0.5882613761393288,1,0.471,conservative_regularized,profile_f1_macro_opt
4,1446,VAR_000102,0,0.8686172206428331,1,0.471,conservative_regularized,profile_f1_macro_opt
4,1467,VAR_005472,1,0.9188936882350625,1,0.471,conservative_regularized,profile_f1_macro_opt
4,1469,VAR_005099,1,0.8882121911629853,1,0.471,conservative_regularized,profile_f1_macro_opt
4,1470,VAR_003521,1,0.3461291998067721,0,0.471,conservative_regularized,profile_f1_macro_opt
4,1473,VAR_000916,1,0.9081266114336262,1,0.471,conservative_regularized,profile_f1_macro_opt
4,1477,VAR_002448,1,0.826128832936965,1,0.471,conservative_regularized,profile_f1_macro_opt
4,1481,VAR_001854,0,0.510380663833299,1,0.471,conservative_regularized,profile_f1_macro_opt
4,1483,VAR_006569,1,0.7180067859226286,1,0.471,conservative_regularized,profile_f1_macro_opt
4,1492,VAR_005755,1,0.5948236270475055,1,0.471,conservative_regularized,profile_f1_macro_opt
4,1508,VAR_001489,1,0.6562468095002283,1,0.471,conservative_regularized,profile_f1_macro_opt
4,1515,VAR_006228,0,0.3321694282004102,0,0.471,conservative_regularized,profile_f1_macro_opt
4,1524,VAR_002144,1,0.9250135430510611,1,0.471,conservative_regularized,profile_f1_macro_opt
4,1532,VAR_006080,1,0.5377844552842294,1,0.471,conservative_regularized,profile_f1_macro_opt
4,1534,VAR_003316,0,0.9735640063138334,1,0.471,conservative_regularized,profile_f1_macro_opt
4,1545,VAR_000720,1,0.9241425473000092,1,0.471,conservative_regularized,profile_f1_macro_opt
4,1546,VAR_005575,1,0.6663482346821455,1,0.471,conservative_regularized,profile_f1_macro_opt
4,1550,VAR_001065,1,0.9612969210847526,1,0.471,conservative_regularized,profile_f1_macro_opt
4,1564,VAR_005160,1,0.9119415470344708,1,0.471,conservative_regularized,profile_f1_macro_opt
4,1584,VAR_000726,0,0.08967689702697426,0,0.471,conservative_regularized,profile_f1_macro_opt
4,1586,VAR_001179,1,0.8898616271245828,1,0.471,conservative_regularized,profile_f1_macro_opt
4,1593,VAR_005392,0,0.03405960131983541,0,0.471,conservative_regularized,profile_f1_macro_opt
4,1597,VAR_006537,0,0.8196113851562311,1,0.471,conservative_regularized,profile_f1_macro_opt
4,1602,VAR_001915,0,0.6847582397901905,1,0.471,conservative_regularized,profile_f1_macro_opt
4,1604,VAR_006076,1,0.7225939611086524,1,0.471,conservative_regularized,profile_f1_macro_opt
4,1608,VAR_004726,1,0.9714949632138188,1,0.471,conservative_regularized,profile_f1_macro_opt
4,1631,VAR_000159,0,0.9310821752817448,1,0.471,conservative_regularized,profile_f1_macro_opt
4,1633,VAR_003257,1,0.8239386340383938,1,0.471,conservative_regularized,profile_f1_macro_opt
4,1636,VAR_002166,1,0.9149696454517228,1,0.471,conservative_regularized,profile_f1_macro_opt
4,1641,VAR_004743,1,0.37395095802333655,0,0.471,conservative_regularized,profile_f1_macro_opt
4,1660,VAR_002546,0,0.7619609644133046,1,0.471,conservative_regularized,profile_f1_macro_opt
4,1688,VAR_002434,1,0.9406759096975699,1,0.471,conservative_regularized,profile_f1_macro_opt
4,1690,VAR_000085,1,0.640887146718361,1,0.471,conservative_regularized,profile_f1_macro_opt
4,1700,VAR_006055,1,0.6253248739592782,1,0.471,conservative_regularized,profile_f1_macro_opt
4,1715,VAR_005792,1,0.8578749459275493,1,0.471,conservative_regularized,profile_f1_macro_opt
4,1738,VAR_001570,1,0.5012643119960241,1,0.471,conservative_regularized,profile_f1_macro_opt
4,1749,VAR_001721,0,0.10378889085197361,0,0.471,conservative_regularized,profile_f1_macro_opt
4,1750,VAR_001530,1,0.5093578327850593,1,0.471,conservative_regularized,profile_f1_macro_opt
4,1751,VAR_004952,0,0.6975270590403508,1,0.471,conservative_regularized,profile_f1_macro_opt
4,1753,VAR_005405,1,0.9820903141221722,1,0.471,conservative_regularized,profile_f1_macro_opt
4,1757,VAR_005037,0,0.668113550060435,1,0.471,conservative_regularized,profile_f1_macro_opt
4,1764,VAR_003414,1,0.908417001918846,1,0.471,conservative_regularized,profile_f1_macro_opt
4,1766,VAR_006480,0,0.06547870778740258,0,0.471,conservative_regularized,profile_f1_macro_opt
4,1773,VAR_003520,1,0.05310042963690671,0,0.471,conservative_regularized,profile_f1_macro_opt
4,1782,VAR_000276,1,0.5470249323810451,1,0.471,conservative_regularized,profile_f1_macro_opt
4,1800,VAR_001855,0,0.14812089791251132,0,0.471,conservative_regularized,profile_f1_macro_opt
4,1804,VAR_000746,1,0.9565745356132908,1,0.471,conservative_regularized,profile_f1_macro_opt
4,1805,VAR_001011,0,0.15282772005917586,0,0.471,conservative_regularized,profile_f1_macro_opt
4,1808,VAR_000237,1,0.884934119846738,1,0.471,conservative_regularized,profile_f1_macro_opt
4,1809,VAR_005531,1,0.6701349411313379,1,0.471,conservative_regularized,profile_f1_macro_opt
4,1826,VAR_006218,0,0.1316253868344134,0,0.471,conservative_regularized,profile_f1_macro_opt
4,1828,VAR_004092,1,0.6515090563438243,1,0.471,conservative_regularized,profile_f1_macro_opt
4,1831,VAR_003533,1,0.39750791658315243,0,0.471,conservative_regularized,profile_f1_macro_opt
4,1839,VAR_001302,1,0.6812792193940214,1,0.471,conservative_regularized,profile_f1_macro_opt
4,1848,VAR_003447,0,0.04712727432344928,0,0.471,conservative_regularized,profile_f1_macro_opt
4,1852,VAR_000104,0,0.22709749697513026,0,0.471,conservative_regularized,profile_f1_macro_opt
4,1853,VAR_000718,1,0.8339926400218227,1,0.471,conservative_regularized,profile_f1_macro_opt
4,1864,VAR_005673,1,0.8856267339815974,1,0.471,conservative_regularized,profile_f1_macro_opt
4,1865,VAR_000254,1,0.9469447796861712,1,0.471,conservative_regularized,profile_f1_macro_opt
4,1869,VAR_000509,1,0.23299996724140146,0,0.471,conservative_regularized,profile_f1_macro_opt
4,1882,VAR_003251,1,0.7494039324247134,1,0.471,conservative_regularized,profile_f1_macro_opt
4,1887,VAR_000417,0,0.46963367217763496,0,0.471,conservative_regularized,profile_f1_macro_opt
4,1889,VAR_005602,1,0.8439895459848484,1,0.471,conservative_regularized,profile_f1_macro_opt
4,1908,VAR_003841,0,0.7388946348354888,1,0.471,conservative_regularized,profile_f1_macro_opt
4,1909,VAR_005210,1,0.6815008430747587,1,0.471,conservative_regularized,profile_f1_macro_opt
4,1915,VAR_000341,1,0.8638788573325561,1,0.471,conservative_regularized,profile_f1_macro_opt
4,1925,VAR_003040,1,0.9432406774332582,1,0.471,conservative_regularized,profile_f1_macro_opt
4,1926,VAR_002475,1,0.13997458890605718,0,0.471,conservative_regularized,profile_f1_macro_opt
4,1928,VAR_002313,1,0.885998696390532,1,0.471,conservative_regularized,profile_f1_macro_opt
4,1930,VAR_005919,1,0.6121285980811996,1,0.471,conservative_regularized,profile_f1_macro_opt
4,1931,VAR_000768,1,0.7056669360092598,1,0.471,conservative_regularized,profile_f1_macro_opt
4,1936,VAR_004939,1,0.7764543524993813,1,0.471,conservative_regularized,profile_f1_macro_opt
4,1938,VAR_004297,1,0.3942709552441549,0,0.471,conservative_regularized,profile_f1_macro_opt
4,1939,VAR_004075,1,0.7901316140737018,1,0.471,conservative_regularized,profile_f1_macro_opt
4,1949,VAR_003381,0,0.8285770375451125,1,0.471,conservative_regularized,profile_f1_macro_opt
4,1951,VAR_003284,1,0.8622942201308006,1,0.471,conservative_regularized,profile_f1_macro_opt
4,1954,VAR_003914,0,0.702624409892698,1,0.471,conservative_regularized,profile_f1_macro_opt
4,1958,VAR_004535,0,0.16133925984355416,0,0.471,conservative_regularized,profile_f1_macro_opt
4,1959,VAR_003366,1,0.7944572412506686,1,0.471,conservative_regularized,profile_f1_macro_opt
4,1967,VAR_001808,1,0.9423560390060802,1,0.471,conservative_regularized,profile_f1_macro_opt
4,1978,VAR_006050,1,0.8656430118931079,1,0.471,conservative_regularized,profile_f1_macro_opt
4,1993,VAR_006097,1,0.46963367217763496,0,0.471,conservative_regularized,profile_f1_macro_opt
4,1994,VAR_006593,0,0.16944987753074833,0,0.471,conservative_regularized,profile_f1_macro_opt
4,1997,VAR_005962,1,0.9159110525749831,1,0.471,conservative_regularized,profile_f1_macro_opt
4,2007,VAR_006293,1,0.46963367217763496,0,0.471,conservative_regularized,profile_f1_macro_opt
4,2008,VAR_000007,0,0.25134084023585185,0,0.471,conservative_regularized,profile_f1_macro_opt
4,2009,VAR_003810,1,0.4550653806329525,0,0.471,conservative_regularized,profile_f1_macro_opt
4,2013,VAR_002155,0,0.9018625573487915,1,0.471,conservative_regularized,profile_f1_macro_opt
4,2020,VAR_002229,0,0.44451882356732253,0,0.471,conservative_regularized,profile_f1_macro_opt
4,2030,VAR_000871,0,0.13503870529384604,0,0.471,conservative_regularized,profile_f1_macro_opt
4,2044,VAR_001535,1,0.46963367217763496,0,0.471,conservative_regularized,profile_f1_macro_opt
4,2045,VAR_001565,1,0.3837982880342343,0,0.471,conservative_regularized,profile_f1_macro_opt
4,2050,VAR_005259,0,0.8383405148207013,1,0.471,conservative_regularized,profile_f1_macro_opt
4,2052,VAR_006038,1,0.6652629492810455,1,0.471,conservative_regularized,profile_f1_macro_opt
4,2058,VAR_004211,1,0.7984572826129585,1,0.471,conservative_regularized,profile_f1_macro_opt
4,2075,VAR_000442,0,0.17458869870695168,0,0.471,conservative_regularized,profile_f1_macro_opt
4,2078,VAR_005942,1,0.8924713688344922,1,0.471,conservative_regularized,profile_f1_macro_opt
4,2079,VAR_001952,1,0.9643439912651818,1,0.471,conservative_regularized,profile_f1_macro_opt
4,2088,VAR_004885,1,0.8764779020769644,1,0.471,conservative_regularized,profile_f1_macro_opt
4,2092,VAR_003505,0,0.2165575712023759,0,0.471,conservative_regularized,profile_f1_macro_opt
4,2096,VAR_005156,1,0.3373243822634645,0,0.471,conservative_regularized,profile_f1_macro_opt
4,2112,VAR_000747,1,0.709031613122218,1,0.471,conservative_regularized,profile_f1_macro_opt
4,2113,VAR_002182,1,0.8758850399295696,1,0.471,conservative_regularized,profile_f1_macro_opt
4,2115,VAR_003783,1,0.9553404688722701,1,0.471,conservative_regularized,profile_f1_macro_opt
4,2129,VAR_000285,1,0.9073710169744331,1,0.471,conservative_regularized,profile_f1_macro_opt
4,2133,VAR_006063,1,0.8373177333571259,1,0.471,conservative_regularized,profile_f1_macro_opt
4,2141,VAR_004988,1,0.9681913267737084,1,0.471,conservative_regularized,profile_f1_macro_opt
4,2144,VAR_005482,0,0.242972002140767,0,0.471,conservative_regularized,profile_f1_macro_opt
4,2148,VAR_004538,1,0.46963367217763496,0,0.471,conservative_regularized,profile_f1_macro_opt
4,2151,VAR_002885,0,0.8051850710588772,1,0.471,conservative_regularized,profile_f1_macro_opt
4,2154,VAR_001894,1,0.41328263040497115,0,0.471,conservative_regularized,profile_f1_macro_opt
4,2157,VAR_004915,1,0.5962027779499418,1,0.471,conservative_regularized,profile_f1_macro_opt
4,2158,VAR_000172,1,0.8409958462169483,1,0.471,conservative_regularized,profile_f1_macro_opt
4,2161,VAR_000019,0,0.13270074146147395,0,0.471,conservative_regularized,profile_f1_macro_opt
4,2167,VAR_005644,1,0.12880797173510627,0,0.471,conservative_regularized,profile_f1_macro_opt
4,2172,VAR_002354,1,0.7968273503473869,1,0.471,conservative_regularized,profile_f1_macro_opt
4,2176,VAR_003759,1,0.3194356498927873,0,0.471,conservative_regularized,profile_f1_macro_opt
4,2178,VAR_004892,1,0.21846074595581655,0,0.471,conservative_regularized,profile_f1_macro_opt
4,2185,VAR_005399,1,0.9164005326952592,1,0.471,conservative_regularized,profile_f1_macro_opt
4,2197,VAR_004742,1,0.6911343779479019,1,0.471,conservative_regularized,profile_f1_macro_opt
4,2206,VAR_001047,0,0.06375799978578713,0,0.471,conservative_regularized,profile_f1_macro_opt
4,2209,VAR_003508,0,0.11246257616458316,0,0.471,conservative_regularized,profile_f1_macro_opt
4,2229,VAR_004912,1,0.8542046197304243,1,0.471,conservative_regularized,profile_f1_macro_opt
4,2234,VAR_001635,0,0.46963367217763496,0,0.471,conservative_regularized,profile_f1_macro_opt
4,2241,VAR_005487,1,0.8981446947773238,1,0.471,conservative_regularized,profile_f1_macro_opt
4,2249,VAR_003683,0,0.5980357393584741,1,0.471,conservative_regularized,profile_f1_macro_opt
4,2251,VAR_006048,1,0.8663655356698428,1,0.471,conservative_regularized,profile_f1_macro_opt
4,2261,VAR_002199,1,0.95061269353048,1,0.471,conservative_regularized,profile_f1_macro_opt
4,2268,VAR_001100,1,0.9785487967625988,1,0.471,conservative_regularized,profile_f1_macro_opt
4,2271,VAR_001192,1,0.8400847309690851,1,0.471,conservative_regularized,profile_f1_macro_opt
4,2272,VAR_002042,1,0.09055897179002384,0,0.471,conservative_regularized,profile_f1_macro_opt
4,2280,VAR_002441,1,0.7898863253713906,1,0.471,conservative_regularized,profile_f1_macro_opt
4,2286,VAR_001084,0,0.4597963130360497,0,0.471,conservative_regularized,profile_f1_macro_opt
4,2289,VAR_003417,1,0.9238459436281721,1,0.471,conservative_regularized,profile_f1_macro_opt
4,2291,VAR_002145,1,0.6498064428044521,1,0.471,conservative_regularized,profile_f1_macro_opt
4,2305,VAR_004004,1,0.967565118777384,1,0.471,conservative_regularized,profile_f1_macro_opt
4,2307,VAR_006527,0,0.34283757582123614,0,0.471,conservative_regularized,profile_f1_macro_opt
4,2313,VAR_006315,1,0.7516339840556433,1,0.471,conservative_regularized,profile_f1_macro_opt
4,2314,VAR_003210,0,0.3297518772123368,0,0.471,conservative_regularized,profile_f1_macro_opt
4,2316,VAR_006319,1,0.6115508574708756,1,0.471,conservative_regularized,profile_f1_macro_opt
4,2319,VAR_005302,1,0.6999259537178918,1,0.471,conservative_regularized,profile_f1_macro_opt
4,2325,VAR_004972,1,0.5293794143981744,1,0.471,conservative_regularized,profile_f1_macro_opt
4,2329,VAR_005929,1,0.7934662288094516,1,0.471,conservative_regularized,profile_f1_macro_opt
4,2337,VAR_006103,1,0.9361667438055167,1,0.471,conservative_regularized,profile_f1_macro_opt
4,2341,VAR_003592,0,0.25353166859785875,0,0.471,conservative_regularized,profile_f1_macro_opt
4,2342,VAR_004382,1,0.9405758755629949,1,0.471,conservative_regularized,profile_f1_macro_opt
4,2363,VAR_005530,1,0.14864129478670063,0,0.471,conservative_regularized,profile_f1_macro_opt
4,2366,VAR_002791,1,0.8762948648707454,1,0.471,conservative_regularized,profile_f1_macro_opt
4,2383,VAR_002725,1,0.9414151981622197,1,0.471,conservative_regularized,profile_f1_macro_opt
4,2400,VAR_002591,1,0.6098313382811001,1,0.471,conservative_regularized,profile_f1_macro_opt
4,2407,VAR_003135,1,0.9548458220431781,1,0.471,conservative_regularized,profile_f1_macro_opt
4,2426,VAR_005133,1,0.9206367564269903,1,0.471,conservative_regularized,profile_f1_macro_opt
4,2429,VAR_004922,1,0.7995857744722383,1,0.471,conservative_regularized,profile_f1_macro_opt
4,2433,VAR_000423,0,0.9214739459332436,1,0.471,conservative_regularized,profile_f1_macro_opt
4,2434,VAR_000233,1,0.753738456377586,1,0.471,conservative_regularized,profile_f1_macro_opt
4,2451,VAR_004830,1,0.8944975139503115,1,0.471,conservative_regularized,profile_f1_macro_opt
4,2453,VAR_002160,1,0.9369215762409914,1,0.471,conservative_regularized,profile_f1_macro_opt
4,2457,VAR_000191,1,0.917082038101984,1,0.471,conservative_regularized,profile_f1_macro_opt
4,2466,VAR_001396,1,0.6328978037596567,1,0.471,conservative_regularized,profile_f1_macro_opt
4,2471,VAR_006363,0,0.31108562828143776,0,0.471,conservative_regularized,profile_f1_macro_opt
4,2472,VAR_005903,1,0.874184812441648,1,0.471,conservative_regularized,profile_f1_macro_opt
4,2474,VAR_002968,1,0.9035744384404325,1,0.471,conservative_regularized,profile_f1_macro_opt
4,2477,VAR_000610,0,0.18518096503732745,0,0.471,conservative_regularized,profile_f1_macro_opt
4,2485,VAR_002314,1,0.8165625673547662,1,0.471,conservative_regularized,profile_f1_macro_opt
4,2487,VAR_005814,0,0.2076026267671868,0,0.471,conservative_regularized,profile_f1_macro_opt
4,2488,VAR_002943,0,0.9423045209234876,1,0.471,conservative_regularized,profile_f1_macro_opt
4,2489,VAR_003793,1,0.2139529246818451,0,0.471,conservative_regularized,profile_f1_macro_opt
4,2494,VAR_001002,1,0.9847850881137516,1,0.471,conservative_regularized,profile_f1_macro_opt
4,2500,VAR_001683,0,0.8491930415258775,1,0.471,conservative_regularized,profile_f1_macro_opt
4,2501,VAR_006035,1,0.8328603699254448,1,0.471,conservative_regularized,profile_f1_macro_opt
4,2503,VAR_003266,1,0.8197656705501871,1,0.471,conservative_regularized,profile_f1_macro_opt
4,2512,VAR_003888,0,0.7752137532701068,1,0.471,conservative_regularized,profile_f1_macro_opt
4,2513,VAR_001513,1,0.46963367217763496,0,0.471,conservative_regularized,profile_f1_macro_opt
4,2514,VAR_005516,1,0.8760046346620298,1,0.471,conservative_regularized,profile_f1_macro_opt
4,2521,VAR_005580,1,0.8817358375774333,1,0.471,conservative_regularized,profile_f1_macro_opt
4,2525,VAR_006334,1,0.9369194550786849,1,0.471,conservative_regularized,profile_f1_macro_opt
4,2527,VAR_004888,0,0.18159913314485654,0,0.471,conservative_regularized,profile_f1_macro_opt
4,2529,VAR_005762,0,0.10775843901284216,0,0.471,conservative_regularized,profile_f1_macro_opt
4,2532,VAR_004264,1,0.1661011353891001,0,0.471,conservative_regularized,profile_f1_macro_opt
4,2534,VAR_004023,1,0.9487357701873803,1,0.471,conservative_regularized,profile_f1_macro_opt
4,2542,VAR_004664,0,0.21270684028345835,0,0.471,conservative_regularized,profile_f1_macro_opt
4,2549,VAR_006528,0,0.3588844771353833,0,0.471,conservative_regularized,profile_f1_macro_opt
4,2550,VAR_004038,1,0.9578218583733881,1,0.471,conservative_regularized,profile_f1_macro_opt
4,2559,VAR_000493,0,0.07250294517200802,0,0.471,conservative_regularized,profile_f1_macro_opt
4,2566,VAR_005938,1,0.9064037135080801,1,0.471,conservative_regularized,profile_f1_macro_opt
4,2568,VAR_005301,0,0.46963367217763496,0,0.471,conservative_regularized,profile_f1_macro_opt
4,2570,VAR_000758,0,0.7758373219199673,1,0.471,conservative_regularized,profile_f1_macro_opt
4,2571,VAR_004993,1,0.8364443363207886,1,0.471,conservative_regularized,profile_f1_macro_opt
4,2572,VAR_002176,1,0.8423223538564306,1,0.471,conservative_regularized,profile_f1_macro_opt
4,2576,VAR_005913,0,0.8235482935349275,1,0.471,conservative_regularized,profile_f1_macro_opt
4,2587,VAR_002944,1,0.943337101003106,1,0.471,conservative_regularized,profile_f1_macro_opt
4,2590,VAR_001120,1,0.8140256146327548,1,0.471,conservative_regularized,profile_f1_macro_opt
4,2591,VAR_003166,0,0.8359504506601331,1,0.471,conservative_regularized,profile_f1_macro_opt
4,2592,VAR_004823,1,0.5973610838069505,1,0.471,conservative_regularized,profile_f1_macro_opt
4,2593,VAR_001697,1,0.543790251812626,1,0.471,conservative_regularized,profile_f1_macro_opt
4,2601,VAR_005550,1,0.9093817609837587,1,0.471,conservative_regularized,profile_f1_macro_opt
4,2602,VAR_002918,0,0.1021133729732318,0,0.471,conservative_regularized,profile_f1_macro_opt
4,2608,VAR_000054,1,0.9636073455716144,1,0.471,conservative_regularized,profile_f1_macro_opt
4,2626,VAR_001040,0,0.9412777794449473,1,0.471,conservative_regularized,profile_f1_macro_opt
4,2628,VAR_000910,1,0.9384619749372057,1,0.471,conservative_regularized,profile_f1_macro_opt
4,2633,VAR_005675,0,0.06786964275889175,0,0.471,conservative_regularized,profile_f1_macro_opt
4,2634,VAR_003811,1,0.698693117743267,1,0.471,conservative_regularized,profile_f1_macro_opt
4,2635,VAR_003015,0,0.039149528840259955,0,0.471,conservative_regularized,profile_f1_macro_opt
4,2639,VAR_002163,0,0.9673882827314328,1,0.471,conservative_regularized,profile_f1_macro_opt
4,2641,VAR_006424,0,0.44118335840970885,0,0.471,conservative_regularized,profile_f1_macro_opt
4,2648,VAR_004586,0,0.08882824398459589,0,0.471,conservative_regularized,profile_f1_macro_opt
4,2651,VAR_000239,1,0.925674880738829,1,0.471,conservative_regularized,profile_f1_macro_opt
4,2653,VAR_000913,1,0.8270708374760154,1,0.471,conservative_regularized,profile_f1_macro_opt
4,2655,VAR_003945,0,0.13837259942445881,0,0.471,conservative_regularized,profile_f1_macro_opt
4,2658,VAR_002919,1,0.8169224671200048,1,0.471,conservative_regularized,profile_f1_macro_opt
4,2663,VAR_004312,1,0.5114351834729668,1,0.471,conservative_regularized,profile_f1_macro_opt
4,2664,VAR_005568,1,0.7822437330427083,1,0.471,conservative_regularized,profile_f1_macro_opt
4,2673,VAR_001787,0,0.15170625594313697,0,0.471,conservative_regularized,profile_f1_macro_opt
4,2683,VAR_000793,1,0.3562991761798204,0,0.471,conservative_regularized,profile_f1_macro_opt
4,2688,VAR_000290,1,0.8797792427554914,1,0.471,conservative_regularized,profile_f1_macro_opt
4,2691,VAR_002573,0,0.39264848449505685,0,0.471,conservative_regularized,profile_f1_macro_opt
4,2694,VAR_002026,1,0.7976017137063071,1,0.471,conservative_regularized,profile_f1_macro_opt
4,2697,VAR_006040,1,0.876208441067567,1,0.471,conservative_regularized,profile_f1_macro_opt
4,2703,VAR_003406,1,0.7992280969735573,1,0.471,conservative_regularized,profile_f1_macro_opt
4,2708,VAR_005057,1,0.7620325109488802,1,0.471,conservative_regularized,profile_f1_macro_opt
4,2712,VAR_006313,0,0.22306554223610908,0,0.471,conservative_regularized,profile_f1_macro_opt
4,2714,VAR_003941,1,0.5005299798487001,1,0.471,conservative_regularized,profile_f1_macro_opt
4,2715,VAR_006043,1,0.8877149197831136,1,0.471,conservative_regularized,profile_f1_macro_opt
4,2727,VAR_003277,0,0.1918980315426258,0,0.471,conservative_regularized,profile_f1_macro_opt
4,2731,VAR_002912,0,0.09430982632757678,0,0.471,conservative_regularized,profile_f1_macro_opt
4,2732,VAR_003779,1,0.23259045546717588,0,0.471,conservative_regularized,profile_f1_macro_opt
4,2734,VAR_006128,0,0.25844278862981557,0,0.471,conservative_regularized,profile_f1_macro_opt
4,2748,VAR_004910,1,0.6882321700270064,1,0.471,conservative_regularized,profile_f1_macro_opt
4,2750,VAR_002075,1,0.9208311543598562,1,0.471,conservative_regularized,profile_f1_macro_opt
4,2751,VAR_006516,1,0.5765338922020524,1,0.471,conservative_regularized,profile_f1_macro_opt
4,2759,VAR_001525,1,0.46963367217763496,0,0.471,conservative_regularized,profile_f1_macro_opt
4,2762,VAR_006160,0,0.6479715622153762,1,0.471,conservative_regularized,profile_f1_macro_opt
4,2765,VAR_002443,1,0.2947554034150218,0,0.471,conservative_regularized,profile_f1_macro_opt
4,2770,VAR_005499,1,0.9598084170737141,1,0.471,conservative_regularized,profile_f1_macro_opt
4,2773,VAR_003134,0,0.05828236339194128,0,0.471,conservative_regularized,profile_f1_macro_opt
4,2777,VAR_000051,0,0.1149670504992493,0,0.471,conservative_regularized,profile_f1_macro_opt
4,2790,VAR_004464,1,0.8615111949420183,1,0.471,conservative_regularized,profile_f1_macro_opt
4,2797,VAR_001172,1,0.9213398198980834,1,0.471,conservative_regularized,profile_f1_macro_opt
4,2806,VAR_006534,1,0.9343700692578303,1,0.471,conservative_regularized,profile_f1_macro_opt
4,2816,VAR_000622,1,0.95535354931625,1,0.471,conservative_regularized,profile_f1_macro_opt
4,2820,VAR_003794,1,0.5444470056665232,1,0.471,conservative_regularized,profile_f1_macro_opt
4,2823,VAR_005815,1,0.8606124446231712,1,0.471,conservative_regularized,profile_f1_macro_opt
4,2834,VAR_005841,1,0.6520470849962634,1,0.471,conservative_regularized,profile_f1_macro_opt
4,2839,VAR_004920,1,0.9288808921478243,1,0.471,conservative_regularized,profile_f1_macro_opt
4,2861,VAR_003001,0,0.9134393148587624,1,0.471,conservative_regularized,profile_f1_macro_opt
4,2870,VAR_002678,0,0.09470031899517932,0,0.471,conservative_regularized,profile_f1_macro_opt
4,2873,VAR_003512,0,0.8447858798531883,1,0.471,conservative_regularized,profile_f1_macro_opt
4,2885,VAR_005294,0,0.46963367217763496,0,0.471,conservative_regularized,profile_f1_macro_opt
4,2888,VAR_005871,1,0.2849198893574012,0,0.471,conservative_regularized,profile_f1_macro_opt
4,2893,VAR_005397,1,0.9800226022468039,1,0.471,conservative_regularized,profile_f1_macro_opt
4,2895,VAR_005845,0,0.1516005388142436,0,0.471,conservative_regularized,profile_f1_macro_opt
4,2897,VAR_001802,1,0.9324136658140979,1,0.471,conservative_regularized,profile_f1_macro_opt
4,2899,VAR_005231,0,0.23140192760200518,0,0.471,conservative_regularized,profile_f1_macro_opt
4,2900,VAR_000215,1,0.1603971926869789,0,0.471,conservative_regularized,profile_f1_macro_opt
4,2920,VAR_005071,1,0.8472157846260241,1,0.471,conservative_regularized,profile_f1_macro_opt
