fold,row_index,Variant_ID,Label,lightgbm_probability,acmg_probability
0,5,VAR_002119,0,0.5699490420285015,0.0003353501304664781
0,9,VAR_006030,1,0.7327772520336837,0.8807970779778823
0,12,VAR_003833,0,0.48510681567489133,0.04742587317756678
0,14,VAR_002625,1,0.7120164808642668,0.0024726231566347743
0,21,VAR_002184,1,0.7616338433467661,0.9820137900379085
0,22,VAR_005553,1,0.710270577708132,0.0009110511944006454
0,24,VAR_003782,1,0.801606108172782,0.00012339457598623172
0,26,VAR_001654,0,0.632135001645102,0.8807970779778823
0,28,VAR_004860,1,0.797478923297763,0.8807970779778823
0,31,VAR_005772,1,0.761651869309339,0.9820137900379085
0,44,VAR_002020,1,0.7229365999312369,0.8807970779778823
0,47,VAR_004829,1,0.7191328575714592,0.9525741268224334
0,48,VAR_001582,0,0.632135001645102,0.8807970779778823
0,51,VAR_001548,1,0.632135001645102,0.8807970779778823
0,56,VAR_005839,1,0.7362562284984686,0.0024726231566347743
0,58,VAR_000344,0,0.6580753750286595,0.00012339457598623172
0,77,VAR_000414,1,0.632135001645102,0.8807970779778823
0,81,VAR_000086,1,0.8082790696812512,0.0024726231566347743
0,83,VAR_004760,1,0.7644117946913732,0.5
0,87,VAR_006413,0,0.5525333302030283,0.00012339457598623172
0,95,VAR_003541,1,0.5980414565617207,0.0003353501304664781
0,114,VAR_000850,1,0.7355397833802669,0.9525741268224334
0,115,VAR_003325,1,0.7249296430153389,0.11920292202211755
0,116,VAR_005416,0,0.4739500653162304,0.7310585786300049
0,117,VAR_006407,0,0.7482478960738106,0.0024726231566347743
0,118,VAR_006584,1,0.8144372862615807,0.9820137900379085
0,123,VAR_003331,0,0.7098531655500067,0.9820137900379085
0,124,VAR_000259,1,0.7546983068124002,0.9525741268224334
0,128,VAR_003389,1,0.711428361353984,0.9820137900379085
0,132,VAR_005242,1,0.7598969807206324,0.9820137900379085
0,141,VAR_006155,1,0.6892047402428525,0.01798620996209156
0,149,VAR_003384,1,0.7832760166147483,0.9820137900379085
0,161,VAR_002798,0,0.5140945355529843,0.9820137900379085
0,173,VAR_006382,1,0.7840019546961313,0.00012339457598623172
0,174,VAR_006330,1,0.7814421348644295,0.0009110511944006454
0,175,VAR_006100,1,0.7567772681490602,0.9820137900379085
0,178,VAR_006429,0,0.7810061926469377,0.0009110511944006454
0,179,VAR_001649,1,0.6844180842064544,0.0003353501304664781
0,183,VAR_006115,0,0.8155663640101973,0.9820137900379085
0,186,VAR_001359,1,0.667100830053867,0.01798620996209156
0,187,VAR_005952,1,0.7065814244549755,0.8807970779778823
0,188,VAR_002024,1,0.8151090894584374,0.9820137900379085
0,198,VAR_002189,1,0.8027012454793332,0.7310585786300049
0,252,VAR_000284,1,0.738111110875923,0.9525741268224334
0,255,VAR_000186,1,0.7656951920016621,0.0024726231566347743
0,265,VAR_005212,1,0.7750197800677311,0.9820137900379085
0,277,VAR_002310,1,0.5036309345878615,0.0024726231566347743
0,279,VAR_003403,1,0.7926071800841062,0.9820137900379085
0,290,VAR_003863,1,0.8000299470929962,0.9820137900379085
0,298,VAR_005169,1,0.7189006018860397,0.0024726231566347743
0,299,VAR_000123,0,0.521453868082241,0.9820137900379085
0,302,VAR_003818,0,0.6556975271640774,4.5397868702434395e-05
0,307,VAR_000356,0,0.5285216537741639,4.5397868702434395e-05
0,308,VAR_000064,1,0.7601935312108744,4.5397868702434395e-05
0,313,VAR_000345,1,0.8088055014851461,0.9820137900379085
0,316,VAR_001373,0,0.632135001645102,0.8807970779778823
0,322,VAR_006255,0,0.5322432345139672,0.0024726231566347743
0,326,VAR_006460,1,0.816400572839203,0.9525741268224334
0,327,VAR_000840,1,0.8011529430195784,0.00012339457598623172
0,338,VAR_005540,1,0.744854708008181,0.9525741268224334
0,339,VAR_000847,1,0.8226001216381548,0.9525741268224334
0,354,VAR_005794,1,0.7308098970764006,0.0024726231566347743
0,358,VAR_003510,1,0.636616660422528,0.04742587317756678
0,361,VAR_000115,1,0.7310239171581028,0.04742587317756678
0,366,VAR_005711,1,0.7454150334948252,0.0024726231566347743
0,371,VAR_001447,0,0.6096033989379516,0.0003353501304664781
0,374,VAR_005477,1,0.8120812457856509,0.9525741268224334
0,382,VAR_003020,1,0.7272856751887455,0.0009110511944006454
0,394,VAR_000060,1,0.7458043051676582,0.11920292202211755
0,418,VAR_002533,1,0.6527304319560485,0.9525741268224334
0,420,VAR_005485,1,0.7625617101840342,0.9525741268224334
0,430,VAR_005721,1,0.5456128130850976,0.0024726231566347743
0,441,VAR_006416,0,0.5293925956485562,0.0003353501304664781
0,444,VAR_003883,0,0.632135001645102,0.8807970779778823
0,455,VAR_001431,0,0.632135001645102,0.8807970779778823
0,469,VAR_001987,0,0.5733245956750037,0.0066928509242848554
0,484,VAR_006500,1,0.8211873301603776,0.9820137900379085
0,489,VAR_002491,1,0.7602422497453372,0.9820137900379085
0,505,VAR_002382,0,0.692776407800191,0.11920292202211755
0,512,VAR_005583,1,0.6716918700181486,0.04742587317756678
0,515,VAR_001327,1,0.632135001645102,0.8807970779778823
0,516,VAR_006047,1,0.81788354599747,0.11920292202211755
0,518,VAR_006316,0,0.5196083933878883,0.9820137900379085
0,522,VAR_006373,0,0.6581955741342689,0.0003353501304664781
0,523,VAR_003896,0,0.7710354360719757,0.11920292202211755
0,530,VAR_002264,1,0.6959372437412953,0.7310585786300049
0,533,VAR_002846,1,0.7147035420737066,0.8807970779778823
0,539,VAR_005898,0,0.632135001645102,0.8807970779778823
0,549,VAR_002773,0,0.6000291383274062,0.0024726231566347743
0,556,VAR_004940,1,0.7282954403239751,0.0024726231566347743
0,557,VAR_000099,0,0.5041260766591078,0.9820137900379085
0,569,VAR_004913,0,0.7413519159318114,0.9820137900379085
0,576,VAR_000197,0,0.6806181977944917,0.0024726231566347743
0,582,VAR_005290,1,0.5891553793618924,0.0003353501304664781
0,583,VAR_004806,1,0.6615879788154755,0.0009110511944006454
0,592,VAR_000251,0,0.5117056713359468,0.00012339457598623172
0,613,VAR_004989,0,0.5930820988381241,0.11920292202211755
0,617,VAR_006370,1,0.8105529647829899,0.9525741268224334
0,624,VAR_003538,1,0.676001114534129,0.0024726231566347743
0,630,VAR_002159,1,0.7730923471334304,0.9820137900379085
0,635,VAR_004460,0,0.5124529063084383,0.0024726231566347743
0,641,VAR_002340,1,0.6113111733624916,0.0066928509242848554
0,644,VAR_004838,1,0.732381031345356,0.0009110511944006454
0,653,VAR_002718,1,0.818955369242428,0.11920292202211755
0,659,VAR_003154,1,0.632135001645102,0.8807970779778823
0,667,VAR_004044,0,0.5373781553377837,0.04742587317756678
0,668,VAR_002841,1,0.7888196929763657,0.9525741268224334
0,674,VAR_001438,1,0.5434453844526496,0.01798620996209156
0,682,VAR_006489,1,0.7383064550099264,0.9820137900379085
0,687,VAR_002067,0,0.5572539515226642,0.0003353501304664781
0,688,VAR_005944,1,0.766409271957228,0.9820137900379085
0,694,VAR_002279,1,0.5646427808929741,0.0024726231566347743
0,705,VAR_001619,0,0.632135001645102,0.8807970779778823
0,707,VAR_004107,1,0.8106931616822605,0.9820137900379085
0,709,VAR_002689,1,0.7168557138735331,0.9820137900379085
0,717,VAR_001414,1,0.5371975208054157,0.01798620996209156
0,720,VAR_000142,1,0.75954187197484,0.0024726231566347743
0,739,VAR_003902,1,0.632135001645102,0.8807970779778823
0,743,VAR_001379,1,0.6935679851374339,0.01798620996209156
0,747,VAR_004027,1,0.7676736305424189,0.9820137900379085
0,751,VAR_005455,1,0.818138296996572,0.9525741268224334
0,754,VAR_004881,1,0.7293719894113019,4.5397868702434395e-05
0,757,VAR_001143,1,0.8193097046664021,0.9820137900379085
0,762,VAR_000289,1,0.7098295500991326,0.8807970779778823
0,765,VAR_004348,0,0.6863497165689787,4.5397868702434395e-05
0,766,VAR_005185,1,0.7944668901529601,0.0024726231566347743
0,767,VAR_003910,1,0.6896150088884854,0.0003353501304664781
0,796,VAR_005517,1,0.7238557365834405,0.0009110511944006454
0,819,VAR_000296,1,0.7176629962855688,0.9525741268224334
0,821,VAR_004722,1,0.7508591341213565,0.9525741268224334
0,825,VAR_000962,1,0.8213218843464223,0.9820137900379085
0,832,VAR_003289,1,0.6865029418593156,0.0003353501304664781
0,834,VAR_000809,1,0.8129524163374242,0.9820137900379085
0,835,VAR_000467,0,0.6275054471082683,0.0003353501304664781
0,839,VAR_005165,1,0.7234633352173185,0.0024726231566347743
0,843,VAR_006404,0,0.6886024460913257,0.01798620996209156
0,845,VAR_004416,1,0.6146809605196387,0.11920292202211755
0,846,VAR_000408,1,0.8170246619090463,0.9820137900379085
0,850,VAR_003806,1,0.7700509849610605,0.0024726231566347743
0,851,VAR_002597,0,0.6709423002865474,0.7310585786300049
0,853,VAR_003780,1,0.7500029015118811,0.7310585786300049
0,861,VAR_001021,0,0.7985812191672175,0.7310585786300049
0,863,VAR_003798,1,0.8176989823244725,0.0009110511944006454
0,864,VAR_002316,1,0.8036481338601472,0.9525741268224334
0,866,VAR_002496,1,0.632135001645102,0.8807970779778823
0,867,VAR_002509,1,0.7344013493303696,0.11920292202211755
0,870,VAR_006039,1,0.7586849661692809,0.5
0,875,VAR_002000,1,0.7068318542446671,0.8807970779778823
0,881,VAR_001479,0,0.6321043457088046,0.01798620996209156
0,887,VAR_001758,0,0.5217306434042001,0.0003353501304664781
0,896,VAR_004392,1,0.7849332118600383,0.8807970779778823
0,900,VAR_005908,1,0.747116033790758,0.9820137900379085
0,902,VAR_005200,1,0.6893139229243685,0.0024726231566347743
0,907,VAR_005864,1,0.792059284442659,0.0024726231566347743
0,908,VAR_001402,1,0.6980041347319247,0.01798620996209156
0,915,VAR_001699,0,0.5171502863798688,0.9820137900379085
0,922,VAR_004644,0,0.5678695771213303,0.0003353501304664781
0,926,VAR_004062,1,0.7869162454158517,0.9820137900379085
0,943,VAR_000852,1,0.7780681642039199,0.9525741268224334
0,958,VAR_000923,0,0.5700446039697478,0.00012339457598623172
0,959,VAR_005640,0,0.5036440486827682,0.8807970779778823
0,961,VAR_001586,1,0.6937984122145088,0.5
0,963,VAR_005476,0,0.5232602871652899,0.7310585786300049
0,964,VAR_005765,1,0.734874797876204,0.0009110511944006454
0,966,VAR_001774,1,0.8150095411175513,0.9525741268224334
0,972,VAR_000167,1,0.7697476120551641,0.7310585786300049
0,979,VAR_003442,0,0.48382141731174405,4.5397868702434395e-05
0,991,VAR_006178,1,0.7602230814778486,0.9820137900379085
0,1004,VAR_001092,0,0.7384954721175863,0.0024726231566347743
0,1010,VAR_003281,1,0.7790337794530512,0.9820137900379085
0,1017,VAR_001388,1,0.632135001645102,0.8807970779778823
0,1019,VAR_001405,1,0.632135001645102,0.8807970779778823
0,1030,VAR_000241,1,0.7741828037874829,0.01798620996209156
0,1034,VAR_002223,1,0.7986068025254858,0.9525741268224334
0,1038,VAR_005090,0,0.48039600429274465,0.5
0,1056,VAR_002452,1,0.7506785903846518,0.9820137900379085
0,1061,VAR_001418,1,0.632135001645102,0.8807970779778823
0,1068,VAR_003678,1,0.8091729300986054,0.0024726231566347743
0,1075,VAR_004070,1,0.7986398362322401,0.9820137900379085
0,1090,VAR_004208,0,0.632135001645102,0.8807970779778823
0,1094,VAR_004268,0,0.5289464073003703,0.01798620996209156
0,1096,VAR_004766,1,0.6702608564952265,4.5397868702434395e-05
0,1103,VAR_004583,0,0.732043258963291,0.0003353501304664781
0,1108,VAR_000697,1,0.5673555657910947,0.0009110511944006454
0,1114,VAR_000517,0,0.5017692957166635,0.11920292202211755
0,1118,VAR_000957,1,0.6982861512632128,0.5
0,1130,VAR_001226,1,0.7508408001520199,0.11920292202211755
0,1134,VAR_005342,0,0.5661526366234768,0.0003353501304664781
0,1140,VAR_002571,0,0.4739500653162304,0.7310585786300049
0,1148,VAR_005518,1,0.7713490961463625,0.9525741268224334
0,1158,VAR_005707,1,0.7602294566785534,0.0024726231566347743
0,1163,VAR_000476,1,0.6326722143995626,0.01798620996209156
0,1172,VAR_002803,1,0.7146202880579049,0.9820137900379085
0,1175,VAR_006239,0,0.5570153508142845,0.0024726231566347743
0,1177,VAR_005016,1,0.7519479436325134,0.7310585786300049
0,1178,VAR_006560,0,0.5626674363442252,4.5397868702434395e-05
0,1194,VAR_006277,0,0.5547992693050476,4.5397868702434395e-05
0,1195,VAR_004098,0,0.5674055803588758,0.0003353501304664781
0,1200,VAR_006350,1,0.775016878451316,0.9820137900379085
0,1207,VAR_004994,0,0.5489257665147498,0.0003353501304664781
0,1210,VAR_003245,0,0.6298957881810244,0.0024726231566347743
0,1212,VAR_005183,1,0.7243273095172035,0.11920292202211755
0,1214,VAR_000528,1,0.7863694753053655,0.0024726231566347743
0,1228,VAR_003960,1,0.746840787554564,0.11920292202211755
0,1248,VAR_003859,1,0.7968266859415553,0.11920292202211755
0,1249,VAR_000299,0,0.5191349541162469,0.00012339457598623172
0,1250,VAR_004281,1,0.627782110985143,0.01798620996209156
0,1252,VAR_004815,1,0.7909786634181244,0.9820137900379085
0,1253,VAR_002494,0,0.4937733396902969,0.0003353501304664781
0,1262,VAR_002175,1,0.6906733987823609,0.9820137900379085
0,1270,VAR_004585,1,0.8176048572936122,0.9820137900379085
0,1275,VAR_000489,1,0.6969436238713864,0.01798620996209156
0,1282,VAR_006159,0,0.5657276964406406,0.0066928509242848554
0,1286,VAR_001528,1,0.632135001645102,0.8807970779778823
0,1288,VAR_005496,1,0.800734711414147,0.04742587317756678
0,1290,VAR_005586,1,0.8220046318776647,0.9525741268224334
0,1291,VAR_004748,1,0.6816323022917462,0.0024726231566347743
0,1293,VAR_001751,1,0.5622769684399423,0.01798620996209156
0,1297,VAR_006509,1,0.6755616820337218,0.9525741268224334
0,1309,VAR_000460,0,0.5603055337036387,0.0003353501304664781
0,1331,VAR_005094,1,0.7203206521845277,0.0024726231566347743
0,1334,VAR_005691,1,0.7092109537500246,0.9820137900379085
0,1335,VAR_001034,0,0.6913107249643964,0.0066928509242848554
0,1341,VAR_001636,1,0.6747107303117861,0.01798620996209156
0,1350,VAR_005404,1,0.8096062478808417,0.9525741268224334
0,1354,VAR_006188,0,0.6222338715717817,0.01798620996209156
0,1356,VAR_002206,1,0.8015871326013343,0.0024726231566347743
0,1357,VAR_005292,1,0.6100948364781607,0.01798620996209156
0,1362,VAR_002207,0,0.778645022018022,0.11920292202211755
0,1366,VAR_004475,1,0.7824944165927527,0.0003353501304664781
0,1386,VAR_006282,1,0.632135001645102,0.8807970779778823
0,1390,VAR_001702,1,0.7236228033435519,0.04742587317756678
0,1392,VAR_005391,0,0.5359418466753388,0.00012339457598623172
0,1399,VAR_004073,1,0.7260847428818551,0.9525741268224334
0,1402,VAR_000076,1,0.7881027353412773,0.8807970779778823
0,1412,VAR_005582,1,0.7156468207448775,0.04742587317756678
0,1425,VAR_006139,1,0.806761157368506,0.9820137900379085
0,1427,VAR_000822,0,0.5542077232392982,0.0024726231566347743
0,1434,VAR_006217,1,0.632135001645102,0.8807970779778823
0,1436,VAR_005075,1,0.7649463072254582,0.9820137900379085
0,1441,VAR_005786,1,0.7797754787766884,0.9820137900379085
0,1451,VAR_005285,1,0.632135001645102,0.8807970779778823
0,1458,VAR_002880,1,0.7634933779617664,0.9820137900379085
0,1463,VAR_002611,0,0.7767955378606917,4.5397868702434395e-05
0,1465,VAR_002350,1,0.6386461913597712,0.0024726231566347743
0,1468,VAR_004197,0,0.56015012649092,4.5397868702434395e-05
0,1482,VAR_003256,1,0.6578827334615557,0.11920292202211755
0,1488,VAR_005147,1,0.632135001645102,0.8807970779778823
0,1489,VAR_004500,1,0.632135001645102,0.8807970779778823
0,1490,VAR_000855,1,0.7574017097807924,0.9525741268224334
0,1493,VAR_006042,1,0.7970966601001033,0.9820137900379085
0,1502,VAR_000017,0,0.538155914849543,0.0024726231566347743
0,1509,VAR_003320,1,0.7966471007178355,0.9525741268224334
0,1518,VAR_001983,1,0.7966807486081559,0.9820137900379085
0,1522,VAR_001202,1,0.734108673420434,0.0009110511944006454
0,1523,VAR_002463,1,0.7800435392351124,0.11920292202211755
0,1527,VAR_004914,1,0.7723854946080132,0.8807970779778823
0,1529,VAR_001890,0,0.48688051477162714,0.0024726231566347743
0,1530,VAR_002010,1,0.8077968544505835,0.9820137900379085
0,1531,VAR_000337,1,0.8178601772329767,0.8807970779778823
0,1537,VAR_001681,1,0.7909467070061464,0.0024726231566347743
0,1549,VAR_003614,0,0.5798034780653474,4.5397868702434395e-05
0,1555,VAR_000655,0,0.6865421806359674,0.0003353501304664781
0,1556,VAR_003146,1,0.6676973864760524,0.0066928509242848554
0,1562,VAR_003460,0,0.5290736418009994,0.9525741268224334
0,1565,VAR_003477,1,0.7794044187923046,0.04742587317756678
0,1569,VAR_005141,1,0.7780515653591166,0.9820137900379085
0,1573,VAR_000719,1,0.7835720205062215,0.0009110511944006454
0,1576,VAR_002165,1,0.7681836797818448,0.9820137900379085
0,1601,VAR_006145,1,0.8044386209907474,0.9820137900379085
0,1606,VAR_000025,1,0.7618291926140706,0.9820137900379085
0,1614,VAR_002034,0,0.5362900534546942,0.0003353501304664781
0,1617,VAR_004636,0,0.5775637212890794,0.0003353501304664781
0,1620,VAR_002508,1,0.8137780911908524,0.9820137900379085
0,1621,VAR_005643,1,0.7073385036869481,0.0066928509242848554
0,1622,VAR_003341,1,0.7106691971155988,0.04742587317756678
0,1626,VAR_002433,0,0.49550489189640784,0.0003353501304664781
0,1628,VAR_000045,1,0.7763086852845636,0.9820137900379085
0,1635,VAR_003548,0,0.6627501554041001,0.0024726231566347743
0,1638,VAR_003956,0,0.5431667718017417,0.01798620996209156
0,1640,VAR_004329,1,0.6046367223504511,0.01798620996209156
0,1648,VAR_004635,0,0.5762971316818921,0.0003353501304664781
0,1651,VAR_004165,0,0.49690016400127607,0.0024726231566347743
0,1652,VAR_000058,1,0.7391801269758547,0.0009110511944006454
0,1653,VAR_002530,1,0.6677401276059819,0.9525741268224334
0,1654,VAR_001175,1,0.7789160975941688,0.04742587317756678
0,1659,VAR_003344,1,0.7554642578173949,0.9820137900379085
0,1661,VAR_006026,0,0.554699815207477,0.0024726231566347743
0,1663,VAR_000409,1,0.632135001645102,0.8807970779778823
0,1672,VAR_001765,1,0.5940801075787593,0.0003353501304664781
0,1679,VAR_006044,1,0.8031714469701917,0.8807970779778823
0,1692,VAR_003673,1,0.6898003608042458,0.11920292202211755
0,1704,VAR_000818,1,0.719329942968772,0.9820137900379085
0,1705,VAR_001411,0,0.6187339562350104,0.0003353501304664781
0,1708,VAR_003496,0,0.5413014294178166,0.0009110511944006454
0,1710,VAR_003372,1,0.7290405425351197,0.0024726231566347743
0,1711,VAR_002543,0,0.5238936154099644,0.0009110511944006454
0,1716,VAR_001800,1,0.820655665083836,0.0024726231566347743
0,1720,VAR_002247,1,0.8093801777053367,0.9820137900379085
0,1729,VAR_006374,1,0.7710174370950186,0.8807970779778823
0,1731,VAR_005370,1,0.6980041347319247,0.0003353501304664781
0,1732,VAR_005939,1,0.624116571923937,0.0024726231566347743
0,1733,VAR_001478,1,0.6945115615546803,0.0003353501304664781
0,1734,VAR_005396,1,0.7112685324074292,0.0009110511944006454
0,1736,VAR_000367,1,0.7942250652855369,0.8807970779778823
0,1739,VAR_000307,1,0.785311205872981,0.9820137900379085
0,1740,VAR_005146,1,0.5768189089549132,0.0024726231566347743
0,1745,VAR_005430,1,0.8108538364381583,0.0009110511944006454
0,1755,VAR_002333,1,0.7439190103217873,0.0024726231566347743
0,1756,VAR_005686,1,0.7798643154798454,0.0024726231566347743
0,1770,VAR_004836,1,0.6917650705700511,0.04742587317756678
0,1780,VAR_000879,0,0.7422501350696967,0.9820137900379085
0,1783,VAR_000776,0,0.7647960894797944,0.9525741268224334
0,1791,VAR_005479,1,0.8184761145028057,0.0009110511944006454
0,1793,VAR_005774,1,0.7421564059884851,0.9820137900379085
0,1796,VAR_002224,1,0.704192649016061,0.11920292202211755
0,1799,VAR_006488,1,0.8000671148240502,0.9820137900379085
0,1801,VAR_000439,1,0.7966006071916326,0.9525741268224334
0,1810,VAR_004482,1,0.7943953604689151,0.11920292202211755
0,1811,VAR_003528,0,0.6507424278029845,0.0024726231566347743
0,1817,VAR_006497,1,0.7525131018657653,0.9820137900379085
0,1830,VAR_005569,1,0.7395049028207277,0.9525741268224334
0,1835,VAR_000484,1,0.5627870125029596,0.0003353501304664781
0,1845,VAR_005257,0,0.6130414233723025,0.0009110511944006454
0,1846,VAR_002097,0,0.6178074249956725,0.0003353501304664781
0,1850,VAR_006400,0,0.546921010128526,0.0066928509242848554
0,1856,VAR_005598,0,0.7279280493888555,0.5
0,1857,VAR_005366,1,0.632135001645102,0.8807970779778823
0,1858,VAR_006201,1,0.7320014374976095,0.9820137900379085
0,1860,VAR_003767,1,0.7968530436314455,0.9525741268224334
0,1872,VAR_003139,0,0.5017955117480346,0.5
0,1876,VAR_006129,1,0.7843257292997418,0.9820137900379085
0,1894,VAR_002938,1,0.7967941311331841,0.11920292202211755
0,1897,VAR_006136,0,0.786714100756323,0.5
0,1913,VAR_004104,1,0.7978572511107495,0.9820137900379085
0,1916,VAR_003408,1,0.7749506824594111,0.9820137900379085
0,1942,VAR_003547,0,0.5302478576737139,4.5397868702434395e-05
0,1945,VAR_005420,1,0.7426392390136008,0.9525741268224334
0,1952,VAR_005857,1,0.7571611455906528,0.11920292202211755
0,1953,VAR_005291,1,0.6110627539552892,0.01798620996209156
0,1969,VAR_002058,1,0.7936867315386659,0.9525741268224334
0,1980,VAR_002862,1,0.8134754631819534,0.9820137900379085
0,1981,VAR_006278,0,0.6150795494518159,0.0003353501304664781
0,1982,VAR_006224,0,0.5572539515226642,0.0003353501304664781
0,1986,VAR_002076,1,0.7209166071548269,0.11920292202211755
0,1988,VAR_003778,1,0.8093049864302116,0.9820137900379085
0,1990,VAR_002615,0,0.6988257055402468,0.11920292202211755
0,2010,VAR_003056,1,0.7680648359465531,0.0024726231566347743
0,2022,VAR_005799,1,0.8010972242476013,0.9820137900379085
0,2034,VAR_001416,0,0.632135001645102,0.8807970779778823
0,2047,VAR_005650,0,0.6735409113146146,0.0009110511944006454
0,2049,VAR_003449,0,0.7145534785214858,0.11920292202211755
0,2059,VAR_004229,0,0.6904580608992823,0.0003353501304664781
0,2066,VAR_002969,0,0.6706286988665572,0.01798620996209156
0,2070,VAR_004142,0,0.6592137307724277,0.2689414213699951
0,2085,VAR_000754,1,0.594164407722276,0.0009110511944006454
0,2087,VAR_005500,1,0.8017361727531886,0.0009110511944006454
0,2090,VAR_002366,1,0.5413556690657809,0.0003353501304664781
0,2097,VAR_005379,0,0.5883408888990778,0.00012339457598623172
0,2102,VAR_005154,1,0.6726953233552412,0.00012339457598623172
0,2106,VAR_001423,1,0.6707808278632525,0.0003353501304664781
0,2107,VAR_005798,1,0.8013794172979399,0.0024726231566347743
0,2109,VAR_005576,1,0.8130105050408664,0.04742587317756678
0,2117,VAR_002095,0,0.5906398426421238,0.01798620996209156
0,2143,VAR_000542,1,0.806096065958355,0.11920292202211755
0,2145,VAR_003322,1,0.7171929525823743,0.11920292202211755
0,2153,VAR_003731,0,0.6462981284624318,0.00012339457598623172
0,2155,VAR_005920,1,0.8124612188981145,0.0003353501304664781
0,2164,VAR_004818,1,0.6987713341152388,0.7310585786300049
0,2165,VAR_002022,1,0.7710359764575285,0.9820137900379085
0,2171,VAR_002339,0,0.5844695505549197,0.0024726231566347743
0,2186,VAR_000462,1,0.7681236212427079,0.9820137900379085
0,2187,VAR_001558,1,0.6748917032925058,0.0003353501304664781
0,2195,VAR_001643,0,0.6969436238713864,0.0003353501304664781
0,2205,VAR_004893,1,0.6227674163979059,0.0009110511944006454
0,2213,VAR_000308,1,0.7828547036908271,0.01798620996209156
0,2216,VAR_003099,1,0.7236053241315188,0.11920292202211755
0,2220,VAR_003562,0,0.5303548650444024,4.5397868702434395e-05
0,2224,VAR_006312,1,0.8006129250502034,0.0024726231566347743
0,2235,VAR_004775,0,0.508068121566198,0.5
0,2275,VAR_005497,1,0.7820634521763353,0.7310585786300049
0,2279,VAR_005306,0,0.542834499295815,0.0003353501304664781
0,2285,VAR_000219,1,0.7509673672361925,0.0024726231566347743
0,2297,VAR_006281,1,0.632135001645102,0.8807970779778823
0,2298,VAR_002520,1,0.7394109357941137,0.9820137900379085
0,2303,VAR_005441,1,0.8158150175802517,0.0009110511944006454
0,2312,VAR_003535,1,0.7709639920736826,0.9820137900379085
0,2318,VAR_001287,1,0.5959540908564547,0.0003353501304664781
0,2327,VAR_000474,1,0.5434453844526496,0.0003353501304664781
0,2332,VAR_000845,1,0.5746382632099658,0.0009110511944006454
0,2339,VAR_004944,1,0.7833673702514454,0.11920292202211755
0,2351,VAR_001108,0,0.7702039737557028,4.5397868702434395e-05
0,2354,VAR_001716,1,0.8007630613960476,0.9820137900379085
0,2358,VAR_002135,1,0.7348546739455118,0.9820137900379085
0,2367,VAR_000171,1,0.7378066199340554,0.0024726231566347743
0,2370,VAR_004344,0,0.6803606284446004,0.01798620996209156
0,2378,VAR_001557,0,0.632135001645102,0.8807970779778823
0,2385,VAR_006587,1,0.8215708809876552,0.0024726231566347743
0,2403,VAR_005181,1,0.7143205735178365,0.0024726231566347743
0,2413,VAR_002636,1,0.6231080984753444,0.11920292202211755
0,2417,VAR_006353,0,0.48912090183726753,0.0066928509242848554
0,2423,VAR_000860,1,0.8236184681947759,0.0009110511944006454
0,2424,VAR_002231,1,0.813570185601034,0.9820137900379085
0,2437,VAR_003732,0,0.47205979324200015,0.5
0,2440,VAR_004481,1,0.6948777215388908,0.0009110511944006454
0,2443,VAR_005717,1,0.7162316023030255,0.0066928509242848554
0,2458,VAR_004140,1,0.7353421963237439,0.7310585786300049
0,2460,VAR_006071,0,0.6441858353712778,0.01798620996209156
0,2462,VAR_001779,0,0.5223715159135482,4.5397868702434395e-05
0,2468,VAR_005999,0,0.4930711945169031,0.00012339457598623172
0,2469,VAR_000725,1,0.6891854944020116,0.01798620996209156
0,2476,VAR_000198,1,0.7110711633299068,0.0024726231566347743
0,2478,VAR_003901,1,0.632135001645102,0.8807970779778823
0,2496,VAR_003876,0,0.5553925110846398,0.0024726231566347743
0,2506,VAR_002181,1,0.7238081740269946,0.9820137900379085
0,2517,VAR_003889,0,0.6280595930205982,0.11920292202211755
0,2518,VAR_000938,1,0.8128456704908933,0.0024726231566347743
0,2519,VAR_001631,1,0.632135001645102,0.8807970779778823
0,2538,VAR_002074,1,0.8003672935710143,0.0024726231566347743
0,2539,VAR_004109,1,0.7643697262970275,0.9820137900379085
0,2543,VAR_004894,1,0.6178047773980118,0.0009110511944006454
0,2547,VAR_003378,0,0.5019879392184288,0.9820137900379085
0,2551,VAR_003663,1,0.7692068731338702,0.9820137900379085
0,2557,VAR_002376,1,0.4939382584859632,0.0024726231566347743
0,2569,VAR_006507,1,0.7858500712559175,0.9820137900379085
0,2578,VAR_004309,1,0.6127829057461178,0.01798620996209156
0,2630,VAR_001164,1,0.7072324643645301,0.0009110511944006454
0,2636,VAR_005349,1,0.7975593594779689,0.01798620996209156
0,2637,VAR_005473,1,0.6874930381035748,0.5
0,2640,VAR_001103,1,0.8125646590546545,0.9525741268224334
0,2642,VAR_001390,1,0.632135001645102,0.8807970779778823
0,2645,VAR_003242,1,0.6969436238713864,0.0003353501304664781
0,2649,VAR_003762,1,0.7737855162738521,0.0024726231566347743
0,2662,VAR_002044,1,0.7409812250522255,0.04742587317756678
0,2669,VAR_004287,1,0.5891553793618924,0.0003353501304664781
0,2672,VAR_004065,1,0.8206871476891067,0.9820137900379085
0,2674,VAR_004408,1,0.7733137205913945,0.0003353501304664781
0,2677,VAR_000145,0,0.49689731681145294,0.9525741268224334
0,2685,VAR_001376,0,0.632135001645102,0.8807970779778823
0,2692,VAR_005627,0,0.5809715058541548,0.0066928509242848554
0,2705,VAR_005688,0,0.6960195204735112,0.0024726231566347743
0,2709,VAR_000287,0,0.5036273256164162,4.5397868702434395e-05
0,2717,VAR_000366,1,0.6239079870455708,0.0003353501304664781
0,2719,VAR_004578,0,0.739436617923743,0.9820137900379085
0,2739,VAR_004364,0,0.6399490484287942,0.0066928509242848554
0,2757,VAR_000050,0,0.48250281691680036,0.00012339457598623172
0,2769,VAR_003847,0,0.691064487896188,0.0003353501304664781
0,2784,VAR_005226,1,0.6696456357726841,0.0003353501304664781
0,2791,VAR_002967,1,0.7979639662466638,0.9525741268224334
0,2801,VAR_001895,0,0.5839129000662868,0.0024726231566347743
0,2824,VAR_005726,0,0.4852382978846355,0.0003353501304664781
0,2825,VAR_003290,1,0.7148115711890735,0.9525741268224334
0,2826,VAR_000329,1,0.7040316444657979,0.0066928509242848554
0,2829,VAR_004315,1,0.5949319362592803,0.0003353501304664781
0,2838,VAR_000961,1,0.7648455350532647,0.0024726231566347743
0,2851,VAR_001704,1,0.8205243535049548,0.9820137900379085
0,2855,VAR_005395,0,0.5803656826557232,0.5
0,2859,VAR_003850,1,0.77175026665868,0.11920292202211755
0,2860,VAR_003760,1,0.7328854805544055,0.11920292202211755
0,2866,VAR_000074,0,0.6895210910575521,0.11920292202211755
0,2872,VAR_004041,1,0.7574006495130188,0.9820137900379085
0,2879,VAR_004093,0,0.7316519021574882,0.0024726231566347743
0,2881,VAR_000359,1,0.7207492142189635,0.0003353501304664781
0,2883,VAR_004799,0,0.4977375070544991,0.0024726231566347743
0,2891,VAR_006173,0,0.5718079190073772,0.0003353501304664781
0,2896,VAR_001589,1,0.6969436238713864,0.01798620996209156
0,2906,VAR_003987,1,0.7429675901789473,0.0024726231566347743
0,2918,VAR_005336,1,0.8142333106328277,0.9820137900379085
0,2919,VAR_001903,0,0.5803272079806131,0.01798620996209156
0,2922,VAR_000727,1,0.7383971563369792,0.0009110511944006454
1,1,VAR_004387,0,0.55654744440176,0.0009110511944006454
1,2,VAR_001540,0,0.6591937730111749,0.0003353501304664781
1,7,VAR_000163,1,0.7192339189338883,0.0024726231566347743
1,10,VAR_004890,0,0.5852608330784504,0.04742587317756678
1,19,VAR_005563,1,0.7033005730101423,0.04742587317756678
1,27,VAR_005367,1,0.6397140234923158,0.8807970779778823
1,33,VAR_004889,1,0.7460585111334724,0.0009110511944006454
1,35,VAR_004330,0,0.5345616965962426,0.0003353501304664781
1,38,VAR_005545,0,0.48017500436793936,0.8807970779778823
1,42,VAR_005647,1,0.7771911099687712,0.04742587317756678
1,67,VAR_003641,0,0.5724836800447861,0.0009110511944006454
1,70,VAR_000853,1,0.7697509181658265,0.9525741268224334
1,74,VAR_001432,0,0.6397140234923158,0.8807970779778823
1,89,VAR_000053,0,0.5812123682064232,0.0003353501304664781
1,107,VAR_005255,1,0.795537864684176,0.9525741268224334
1,111,VAR_003421,0,0.7789960997865312,0.8807970779778823
1,113,VAR_000081,1,0.7472725618446345,0.9820137900379085
1,131,VAR_000200,1,0.7408626014980113,0.0024726231566347743
1,135,VAR_005498,1,0.8126765520010827,0.9525741268224334
1,136,VAR_005069,1,0.7610444176013857,0.0024726231566347743
1,143,VAR_000116,0,0.5311764288199122,0.5
1,164,VAR_006072,0,0.6203461061064078,0.04742587317756678
1,165,VAR_001204,1,0.7810872140607468,0.0009110511944006454
1,171,VAR_000914,1,0.8043883004255803,0.9820137900379085
1,176,VAR_000382,1,0.7477278126607776,0.01798620996209156
1,180,VAR_006525,1,0.5918061755242553,0.11920292202211755
1,207,VAR_006133,0,0.7461442430126362,0.0024726231566347743
1,211,VAR_000777,1,0.6071590813778729,0.0066928509242848554
1,213,VAR_003287,1,0.7760101500990275,0.5
1,215,VAR_002077,1,0.7528048511732888,0.11920292202211755
1,223,VAR_000358,1,0.789892214377466,0.11920292202211755
1,225,VAR_005885,0,0.5721175450391182,0.0003353501304664781
1,233,VAR_003420,1,0.6450425950741767,0.04742587317756678
1,237,VAR_003253,0,0.7754641449527807,0.0024726231566347743
1,238,VAR_005950,0,0.5587527951673484,0.0024726231566347743
1,239,VAR_006284,1,0.6812131294569487,0.0003353501304664781
1,247,VAR_005698,1,0.8056218383938405,0.0024726231566347743
1,248,VAR_005964,1,0.758671498771513,0.9525741268224334
1,266,VAR_006051,1,0.8025533988862513,0.9820137900379085
1,276,VAR_003268,1,0.7013936093819337,0.0024726231566347743
1,285,VAR_005425,0,0.6537333968368404,0.7310585786300049
1,289,VAR_005415,1,0.793225684404358,0.04742587317756678
1,297,VAR_001177,1,0.7890112444664314,0.0009110511944006454
1,305,VAR_004079,1,0.8182110203686903,0.0024726231566347743
1,317,VAR_000072,1,0.7269370745938235,0.11920292202211755
1,329,VAR_000755,0,0.6535625658821819,0.0003353501304664781
1,331,VAR_005837,1,0.6526386579721013,0.0024726231566347743
1,335,VAR_003927,1,0.7354698592420855,0.0024726231566347743
1,336,VAR_005850,0,0.6532424530431031,0.0009110511944006454
1,346,VAR_002726,0,0.7376934343069382,0.0024726231566347743
1,355,VAR_006466,1,0.5919519397446311,0.0003353501304664781
1,357,VAR_001508,0,0.6397140234923158,0.8807970779778823
1,370,VAR_004308,1,0.5812148943710032,0.0003353501304664781
1,375,VAR_004049,0,0.511194125506255,0.0003353501304664781
1,379,VAR_005728,0,0.6361519776990212,0.0024726231566347743
1,384,VAR_005315,1,0.7981850731038743,0.11920292202211755
1,401,VAR_006034,1,0.7837995465738471,0.0024726231566347743
1,402,VAR_005763,1,0.7361216662161829,0.0024726231566347743
1,429,VAR_000648,0,0.5577790414833164,0.0009110511944006454
1,432,VAR_004490,1,0.7958272435330699,0.01798620996209156
1,435,VAR_006403,0,0.5268365720528009,0.2689414213699951
1,437,VAR_000749,0,0.8171706239850549,0.9525741268224334
1,443,VAR_000113,1,0.795163812255643,0.0009110511944006454
1,448,VAR_005546,1,0.7811075049288464,0.7310585786300049
1,453,VAR_002712,1,0.7730766684692941,0.11920292202211755
1,459,VAR_004207,0,0.5291215916233415,0.01798620996209156
1,463,VAR_002357,0,0.6010397913235472,0.0003353501304664781
1,464,VAR_001296,1,0.6812131294569487,0.0003353501304664781
1,465,VAR_002041,1,0.7363237039082772,0.9525741268224334
1,466,VAR_001412,0,0.6397140234923158,0.8807970779778823
1,482,VAR_000547,0,0.5499833389610685,0.0009110511944006454
1,492,VAR_000710,0,0.5021263484584729,0.0003353501304664781
1,493,VAR_005149,0,0.5221546123656773,0.9820137900379085
1,502,VAR_004770,1,0.7488182418367705,0.9525741268224334
1,504,VAR_003142,1,0.7169089323302278,0.0066928509242848554
1,508,VAR_005782,1,0.7674330165080449,0.0024726231566347743
1,514,VAR_005239,1,0.8088801233975309,0.9820137900379085
1,520,VAR_005130,1,0.7533950804078169,0.04742587317756678
1,521,VAR_004786,1,0.692070778749199,0.0009110511944006454
1,528,VAR_000465,0,0.5584165372526494,0.01798620996209156
1,529,VAR_000816,1,0.810496017111744,0.9820137900379085
1,534,VAR_006490,1,0.8035154981997239,0.9820137900379085
1,537,VAR_000221,1,0.7891739568393803,0.9820137900379085
1,552,VAR_005143,1,0.745771148706499,0.0024726231566347743
1,554,VAR_002106,0,0.6207276970965796,0.0003353501304664781
1,562,VAR_003585,0,0.5042082771340014,4.5397868702434395e-05
1,563,VAR_004761,1,0.7522886777409262,0.9525741268224334
1,565,VAR_004155,0,0.738094166582812,0.0003353501304664781
1,572,VAR_003557,0,0.5682233531527723,0.00012339457598623172
1,575,VAR_001133,1,0.8043335402107747,0.9820137900379085
1,590,VAR_005957,1,0.7745553922304704,0.11920292202211755
1,591,VAR_005591,1,0.6958859160904617,0.0009110511944006454
1,596,VAR_001268,0,0.7517427327245454,0.0024726231566347743
1,601,VAR_004216,0,0.7507042871370726,0.0024726231566347743
1,607,VAR_000846,0,0.7570794571500262,0.04742587317756678
1,616,VAR_004789,1,0.7722800889201269,0.11920292202211755
1,632,VAR_001995,1,0.7967673654178898,0.9820137900379085
1,636,VAR_006066,1,0.6607353266180017,0.0024726231566347743
1,638,VAR_003500,0,0.5068056348620043,4.5397868702434395e-05
1,639,VAR_002146,1,0.8052686341466183,0.9820137900379085
1,654,VAR_005088,1,0.7595987730705227,0.8807970779778823
1,656,VAR_004123,1,0.764308499983864,0.0024726231566347743
1,657,VAR_002514,0,0.5553295564297948,0.0003353501304664781
1,661,VAR_001215,1,0.5971562979196776,0.01798620996209156
1,664,VAR_005880,0,0.596460215488374,0.01798620996209156
1,669,VAR_000904,0,0.5288070498453586,0.00012339457598623172
1,671,VAR_002408,1,0.7827204766650048,0.9820137900379085
1,672,VAR_003175,1,0.7826786523587375,0.0024726231566347743
1,675,VAR_005949,0,0.5117896397717865,0.9820137900379085
1,703,VAR_003969,1,0.8150143586609278,0.9820137900379085
1,708,VAR_000865,1,0.5839885792076991,0.0003353501304664781
1,716,VAR_002510,1,0.6847421011153834,0.7310585786300049
1,728,VAR_005462,0,0.5421064398636133,0.8807970779778823
1,730,VAR_000240,1,0.653148471806464,0.0003353501304664781
1,740,VAR_001653,1,0.6389312530953657,0.01798620996209156
1,741,VAR_000513,0,0.6726759571727949,0.0024726231566347743
1,746,VAR_000069,1,0.776612240488224,0.11920292202211755
1,753,VAR_002403,0,0.6157563769111354,4.5397868702434395e-05
1,760,VAR_003411,1,0.7435895728600185,0.9820137900379085
1,771,VAR_000303,1,0.8156767956385185,0.9820137900379085
1,775,VAR_006149,1,0.7630574483845725,0.11920292202211755
1,783,VAR_004179,0,0.5873295340569267,4.5397868702434395e-05
1,785,VAR_001950,1,0.7988822260366729,0.9820137900379085
1,800,VAR_001941,1,0.64178360255926,0.0009110511944006454
1,802,VAR_000282,1,0.8005401340534959,0.9820137900379085
1,815,VAR_006099,1,0.8006235621325137,0.9820137900379085
1,822,VAR_002200,1,0.7887357057291298,0.0066928509242848554
1,826,VAR_000915,1,0.8015119600173811,0.11920292202211755
1,827,VAR_000262,0,0.5291614158743004,0.9820137900379085
1,836,VAR_000952,1,0.7713706574312272,0.01798620996209156
1,844,VAR_005534,1,0.7666736166737982,0.9525741268224334
1,849,VAR_000147,1,0.7401114556679451,0.0009110511944006454
1,857,VAR_000823,1,0.806343082780908,0.9820137900379085
1,858,VAR_000827,1,0.7936847229327655,0.9525741268224334
1,859,VAR_004926,1,0.7416588347164845,0.9525741268224334
1,871,VAR_003369,1,0.7697246501033151,0.7310585786300049
1,878,VAR_003858,1,0.8013905787946294,0.9820137900379085
1,889,VAR_002466,1,0.8059698407542398,0.11920292202211755
1,890,VAR_003240,1,0.6330360986313294,0.0003353501304664781
1,895,VAR_003045,1,0.6458916734839096,0.8807970779778823
1,898,VAR_002179,1,0.8062304667029082,0.9820137900379085
1,903,VAR_000095,1,0.5813665659532886,0.0024726231566347743
1,909,VAR_002221,1,0.8162530017454503,0.9820137900379085
1,912,VAR_003893,0,0.7278900721630466,0.0024726231566347743
1,916,VAR_004843,1,0.6195856029372692,0.0024726231566347743
1,917,VAR_005092,1,0.7619290857576214,0.0003353501304664781
1,934,VAR_000038,1,0.8108075506793829,0.9820137900379085
1,935,VAR_001347,1,0.6591937730111749,0.01798620996209156
1,937,VAR_000162,1,0.7869061508803287,0.11920292202211755
1,948,VAR_004150,0,0.7496365243577079,0.0024726231566347743
1,952,VAR_004112,1,0.8177611460784558,0.9820137900379085
1,975,VAR_004072,1,0.7702548737312048,0.9820137900379085
1,986,VAR_006197,0,0.7768976204124334,0.9525741268224334
1,989,VAR_003313,0,0.7428667013467672,0.0009110511944006454
1,990,VAR_005017,1,0.7594534267985786,0.0024726231566347743
1,997,VAR_005061,1,0.6162038028832112,0.0024726231566347743
1,999,VAR_006263,1,0.8032002084786506,0.9525741268224334
1,1020,VAR_005710,1,0.8090116154796788,0.9820137900379085
1,1022,VAR_001401,0,0.6397140234923158,0.8807970779778823
1,1036,VAR_006521,1,0.8049142426401844,0.7310585786300049
1,1037,VAR_006253,1,0.801910040420843,0.9820137900379085
1,1041,VAR_000231,1,0.6011411112760052,0.0009110511944006454
1,1042,VAR_000278,1,0.7958128221152398,0.9820137900379085
1,1044,VAR_003016,0,0.675117996078892,0.0009110511944006454
1,1046,VAR_000844,1,0.784271522417226,0.8807970779778823
1,1062,VAR_004084,0,0.522106962891526,4.5397868702434395e-05
1,1066,VAR_005843,1,0.747777271605598,0.11920292202211755
1,1077,VAR_005578,1,0.600749835521317,0.04742587317756678
1,1080,VAR_000211,1,0.7341609406644181,0.0009110511944006454
1,1081,VAR_005246,1,0.7653315094247992,0.11920292202211755
1,1087,VAR_002299,1,0.7253281693137414,0.8807970779778823
1,1097,VAR_005032,1,0.8072602698646013,0.11920292202211755
1,1109,VAR_005157,1,0.7662872666389985,0.00012339457598623172
1,1113,VAR_006596,1,0.6516219525748692,4.5397868702434395e-05
1,1115,VAR_001908,0,0.5221372732057973,4.5397868702434395e-05
1,1117,VAR_001306,0,0.6535021811435491,0.0003353501304664781
1,1119,VAR_000497,1,0.7209844802987785,0.11920292202211755
1,1123,VAR_002201,1,0.6958764522955929,0.9820137900379085
1,1127,VAR_000373,0,0.5591466469582856,0.0003353501304664781
1,1133,VAR_003525,1,0.731403399988081,0.0024726231566347743
1,1136,VAR_005245,1,0.7998787605815023,0.9525741268224334
1,1137,VAR_001124,1,0.7342354729727946,0.0009110511944006454
1,1141,VAR_004298,1,0.575876292208456,0.01798620996209156
1,1149,VAR_004185,0,0.5309439691996221,4.5397868702434395e-05
1,1154,VAR_005159,1,0.7755714489845458,0.0024726231566347743
1,1168,VAR_005853,1,0.7729724676969013,0.00012339457598623172
1,1173,VAR_001836,0,0.5318287286516941,4.5397868702434395e-05
1,1176,VAR_001736,0,0.4784551886233459,0.7310585786300049
1,1189,VAR_006573,0,0.7665821470249544,0.8807970779778823
1,1192,VAR_003568,0,0.748601319604234,0.7310585786300049
1,1203,VAR_005010,1,0.5936764910476537,0.04742587317756678
1,1206,VAR_004854,1,0.6578569198262569,0.11920292202211755
1,1223,VAR_000531,1,0.8085951585049111,0.11920292202211755
1,1224,VAR_005769,1,0.7669111104449251,0.0024726231566347743
1,1226,VAR_005365,1,0.6397140234923158,0.8807970779778823
1,1231,VAR_003986,1,0.771584362042928,0.0024726231566347743
1,1232,VAR_001723,0,0.6372244891779488,0.0024726231566347743
1,1234,VAR_003857,1,0.824426322228481,0.9820137900379085
1,1246,VAR_003502,0,0.6008233859037566,0.04742587317756678
1,1258,VAR_004736,0,0.5459661296616448,0.0024726231566347743
1,1261,VAR_004230,1,0.667214090813221,0.01798620996209156
1,1265,VAR_001146,1,0.8117474695537523,0.9820137900379085
1,1269,VAR_001225,0,0.5930170481323671,0.0024726231566347743
1,1279,VAR_000485,1,0.5854822668987181,0.0003353501304664781
1,1294,VAR_001056,0,0.5262711865358518,0.00012339457598623172
1,1295,VAR_002210,1,0.7908502704867574,0.9820137900379085
1,1302,VAR_002186,0,0.7961125847682511,0.9820137900379085
1,1305,VAR_000195,1,0.7872448944402002,0.0024726231566347743
1,1307,VAR_004872,1,0.7462331244625889,0.0009110511944006454
1,1324,VAR_003992,0,0.723224592026584,0.01798620996209156
1,1327,VAR_001726,0,0.6655692983021365,4.5397868702434395e-05
1,1339,VAR_004138,1,0.7907492385817845,0.9525741268224334
1,1343,VAR_003982,1,0.8148973803189237,0.9820137900379085
1,1349,VAR_000658,0,0.5312898953175514,0.0003353501304664781
1,1351,VAR_000293,1,0.8066423571236778,0.9820137900379085
1,1355,VAR_001600,0,0.6635870947538592,0.01798620996209156
1,1358,VAR_003368,0,0.6756116147199697,0.11920292202211755
1,1368,VAR_005849,0,0.53527717213914,0.0009110511944006454
1,1369,VAR_000223,1,0.7343206181068868,0.0024726231566347743
1,1384,VAR_001494,1,0.6397140234923158,0.8807970779778823
1,1387,VAR_006565,1,0.7593724097121963,0.8807970779778823
1,1393,VAR_000154,1,0.7607408377572566,0.0009110511944006454
1,1404,VAR_005194,1,0.7728979916892103,0.8807970779778823
1,1420,VAR_005682,1,0.815825073048204,0.11920292202211755
1,1429,VAR_005800,1,0.6069817043852794,0.00012339457598623172
1,1431,VAR_003957,1,0.6033335393330627,0.0003353501304664781
1,1449,VAR_003733,1,0.7535898148924172,0.11920292202211755
1,1455,VAR_000473,1,0.5909044305869405,0.01798620996209156
1,1461,VAR_004744,0,0.4784551886233459,0.9525741268224334
1,1464,VAR_001686,1,0.733359337900235,0.9820137900379085
1,1471,VAR_006458,1,0.7466093866709193,0.9525741268224334
1,1472,VAR_005694,0,0.7053826151832487,0.00012339457598623172
1,1476,VAR_004000,0,0.5604341450588259,0.0009110511944006454
1,1486,VAR_006346,1,0.7988952609072205,0.9820137900379085
1,1487,VAR_002167,1,0.7961652169222783,0.9820137900379085
1,1500,VAR_004472,1,0.6323732136236815,0.0024726231566347743
1,1516,VAR_002198,1,0.7999195357156138,0.0024726231566347743
1,1528,VAR_005107,1,0.7924991452172264,0.0024726231566347743
1,1536,VAR_005804,1,0.7865867758651583,0.01798620996209156
1,1540,VAR_003735,1,0.7541880183135269,0.0024726231566347743
1,1544,VAR_006535,1,0.6908190502855677,0.0003353501304664781
1,1553,VAR_004902,1,0.7988780223038027,0.9820137900379085
1,1557,VAR_002823,1,0.7675719090625508,0.0009110511944006454
1,1568,VAR_005137,1,0.7610576923054583,0.9525741268224334
1,1580,VAR_001358,0,0.6397140234923158,0.8807970779778823
1,1582,VAR_004753,0,0.49052600633993365,4.5397868702434395e-05
1,1588,VAR_001400,1,0.64028235956348,0.01798620996209156
1,1590,VAR_003180,0,0.5167714599217477,0.0024726231566347743
1,1591,VAR_006323,0,0.5226729303190266,0.8807970779778823
1,1592,VAR_005720,0,0.710783171712801,0.0024726231566347743
1,1598,VAR_006381,1,0.7657710852668325,0.04742587317756678
1,1603,VAR_001612,1,0.6535021811435491,0.0003353501304664781
1,1607,VAR_003329,1,0.808627925511196,0.9820137900379085
1,1609,VAR_005402,1,0.6688838906438949,0.7310585786300049
1,1623,VAR_001997,1,0.8118887471676187,0.11920292202211755
1,1644,VAR_005970,0,0.7994754929719686,0.9820137900379085
1,1650,VAR_000716,1,0.765690364764948,0.0009110511944006454
1,1657,VAR_003347,1,0.7459352486031932,0.0024726231566347743
1,1658,VAR_005879,1,0.6397140234923158,0.8807970779778823
1,1662,VAR_003776,1,0.8072605391518823,0.0024726231566347743
1,1664,VAR_002923,1,0.7343909828920858,0.11920292202211755
1,1667,VAR_006105,1,0.8146943625038358,0.11920292202211755
1,1669,VAR_003358,1,0.7674701513459931,0.8807970779778823
1,1683,VAR_003763,1,0.7094893248073988,0.0003353501304664781
1,1693,VAR_005096,1,0.8096611788285684,0.0024726231566347743
1,1695,VAR_001700,1,0.6618465804426205,0.0024726231566347743
1,1698,VAR_005329,0,0.5627156108732666,0.0024726231566347743
1,1699,VAR_005398,1,0.6753695664439133,0.0009110511944006454
1,1701,VAR_004124,0,0.5346102410489416,0.00012339457598623172
1,1706,VAR_000778,0,0.5299789927339306,0.0003353501304664781
1,1712,VAR_001682,1,0.7354545775365869,0.0024726231566347743
1,1717,VAR_003928,0,0.5131707154942141,0.0024726231566347743
1,1725,VAR_004429,1,0.6989859715712579,4.5397868702434395e-05
1,1735,VAR_000942,1,0.6397140234923158,0.8807970779778823
1,1747,VAR_004772,0,0.5827446409961584,4.5397868702434395e-05
1,1752,VAR_004270,1,0.6397140234923158,0.8807970779778823
1,1761,VAR_004320,1,0.5879126275323517,0.0003353501304664781
1,1763,VAR_000108,1,0.7975029073497004,0.9525741268224334
1,1767,VAR_001338,1,0.6625920096926515,0.0003353501304664781
1,1768,VAR_006037,1,0.741672148715571,0.9820137900379085
1,1774,VAR_000791,0,0.5823429401973799,0.0003353501304664781
1,1785,VAR_004530,1,0.7609048505067707,0.9525741268224334
1,1807,VAR_000857,1,0.8020946766090395,0.9525741268224334
1,1819,VAR_003880,1,0.8162682078088963,0.9820137900379085
1,1823,VAR_000482,1,0.6019031964740857,0.0003353501304664781
1,1827,VAR_003480,0,0.6397140234923158,0.8807970779778823
1,1836,VAR_001641,1,0.6397140234923158,0.8807970779778823
1,1841,VAR_000246,1,0.6368414322856989,0.0003353501304664781
1,1847,VAR_005274,0,0.5515957055921855,0.0003353501304664781
1,1851,VAR_001134,1,0.799632413219549,0.0024726231566347743
1,1871,VAR_006302,0,0.5353563386363178,4.5397868702434395e-05
1,1874,VAR_004247,1,0.8084321397300063,0.0024726231566347743
1,1875,VAR_006261,1,0.812062481424267,0.9525741268224334
1,1884,VAR_000564,0,0.5950972027464044,0.0066928509242848554
1,1885,VAR_004507,1,0.761978913462445,0.9820137900379085
1,1893,VAR_004275,1,0.6397140234923158,0.8807970779778823
1,1896,VAR_005896,1,0.7709259803832328,0.0024726231566347743
1,1898,VAR_000856,1,0.8032864669275512,0.9525741268224334
1,1899,VAR_004086,0,0.8089394501646184,0.9820137900379085
1,1902,VAR_002268,1,0.7682524706614798,0.0024726231566347743
1,1903,VAR_005638,0,0.6202212726885252,0.0003353501304664781
1,1914,VAR_005991,1,0.6271405129066185,0.0003353501304664781
1,1918,VAR_001616,1,0.6397140234923158,0.8807970779778823
1,1919,VAR_003639,0,0.49570585494268365,4.5397868702434395e-05
1,1920,VAR_004469,1,0.7517117209492764,0.0009110511944006454
1,1923,VAR_001752,0,0.5385013828480809,0.0003353501304664781
1,1940,VAR_000084,0,0.5899168879756911,0.0003353501304664781
1,1947,VAR_006388,1,0.7917360950272356,0.04742587317756678
1,1950,VAR_002762,1,0.811812875408655,0.9525741268224334
1,1955,VAR_005777,0,0.5700205728264665,0.0024726231566347743
1,1966,VAR_000098,1,0.7431931936968067,0.11920292202211755
1,1973,VAR_004074,1,0.7881178703127126,0.8807970779778823
1,1975,VAR_001599,1,0.6442511471441877,0.01798620996209156
1,1979,VAR_000545,1,0.8101073509360233,0.9820137900379085
1,1987,VAR_000828,1,0.8147830223355573,0.9820137900379085
1,2003,VAR_000715,1,0.5462376399321266,0.01798620996209156
1,2005,VAR_004139,1,0.781668754462025,0.8807970779778823
1,2029,VAR_005947,1,0.7646290354479569,0.9820137900379085
1,2035,VAR_006291,1,0.6397140234923158,0.8807970779778823
1,2037,VAR_001212,1,0.7201061646913395,0.0009110511944006454
1,2041,VAR_000068,1,0.742961613455721,0.11920292202211755
1,2054,VAR_000336,0,0.6242739086944973,0.0024726231566347743
1,2061,VAR_003249,1,0.8133624200912569,0.9820137900379085
1,2080,VAR_004782,1,0.7502676995770141,0.7310585786300049
1,2082,VAR_000016,1,0.8117939014730848,0.9820137900379085
1,2083,VAR_005705,1,0.6775906705762,0.0003353501304664781
1,2084,VAR_006274,1,0.6815384989609004,0.9525741268224334
1,2089,VAR_004299,1,0.6232250541567811,0.01798620996209156
1,2093,VAR_005873,0,0.5164938553915174,0.0024726231566347743
1,2101,VAR_005313,1,0.7861676641321721,0.9525741268224334
1,2111,VAR_000368,1,0.586938454442291,0.0024726231566347743
1,2116,VAR_004977,1,0.7362397907134911,0.0024726231566347743
1,2119,VAR_003591,0,0.6033628057756864,4.5397868702434395e-05
1,2121,VAR_001598,1,0.6654314213294842,0.0003353501304664781
1,2122,VAR_002473,0,0.6501095297512637,0.5
1,2123,VAR_000351,0,0.7946657389694136,0.9820137900379085
1,2126,VAR_002337,0,0.5219726361452178,0.04742587317756678
1,2127,VAR_001403,1,0.6812131294569487,0.0003353501304664781
1,2128,VAR_001375,1,0.6654314213294842,0.5
1,2132,VAR_006130,0,0.5431391506908982,0.0024726231566347743
1,2140,VAR_003376,1,0.7846948081206256,0.0024726231566347743
1,2142,VAR_003438,1,0.7266081786567227,0.0009110511944006454
1,2156,VAR_000481,1,0.5912382198770737,0.0003353501304664781
1,2159,VAR_000309,1,0.7702548737312048,0.9820137900379085
1,2175,VAR_001877,1,0.7350016593460995,0.0024726231566347743
1,2179,VAR_001114,1,0.8198026797116678,0.9820137900379085
1,2180,VAR_006292,1,0.6397140234923158,0.8807970779778823
1,2190,VAR_003696,0,0.5316629920727138,0.00012339457598623172
1,2191,VAR_004277,1,0.6624190919380374,0.0003353501304664781
1,2196,VAR_000632,1,0.8177122189920419,0.9820137900379085
1,2198,VAR_000194,1,0.5907175053626591,0.0024726231566347743
1,2208,VAR_001728,0,0.5582635432278017,0.0066928509242848554
1,2214,VAR_006214,1,0.8128597863112501,0.9820137900379085
1,2217,VAR_002440,0,0.5248166533652266,0.0009110511944006454
1,2231,VAR_006141,1,0.7971733679524861,0.9820137900379085
1,2243,VAR_004071,1,0.7929336340028406,0.9820137900379085
1,2244,VAR_002138,1,0.7942707029893549,0.9820137900379085
1,2245,VAR_002432,0,0.5295190694624559,4.5397868702434395e-05
1,2247,VAR_000468,1,0.776026548128994,0.9820137900379085
1,2254,VAR_003392,1,0.7681290426137451,0.9820137900379085
1,2256,VAR_003905,1,0.6397140234923158,0.8807970779778823
1,2257,VAR_001715,0,0.48321693541211136,0.9525741268224334
1,2259,VAR_002922,0,0.6797824974619924,0.0024726231566347743
1,2266,VAR_005008,1,0.7555565319381539,0.04742587317756678
1,2274,VAR_002195,1,0.8040436080297468,0.9820137900379085
1,2277,VAR_004813,1,0.7194424922870652,0.01798620996209156
1,2288,VAR_003354,1,0.7462264526320709,0.0066928509242848554
1,2292,VAR_003786,1,0.6717680971120152,0.0009110511944006454
1,2294,VAR_001861,0,0.6797507636988057,0.00012339457598623172
1,2299,VAR_002551,1,0.7290097804425213,0.11920292202211755
1,2309,VAR_003716,1,0.8114662679090349,0.9525741268224334
1,2320,VAR_006088,1,0.6442511471441877,0.0003353501304664781
1,2321,VAR_000031,1,0.8177583996947972,0.11920292202211755
1,2326,VAR_005312,0,0.5729173888114509,0.0003353501304664781
1,2336,VAR_003353,1,0.7766481939256156,0.7310585786300049
1,2340,VAR_004778,0,0.6929124287203686,0.11920292202211755
1,2343,VAR_004043,1,0.8067598693428732,0.9820137900379085
1,2344,VAR_001184,1,0.6913690616872503,0.0009110511944006454
1,2350,VAR_006283,1,0.6397140234923158,0.8807970779778823
1,2353,VAR_002612,1,0.5909245570848023,0.0024726231566347743
1,2359,VAR_003324,0,0.7631398247414478,0.9820137900379085
1,2360,VAR_004358,0,0.5573346922836647,4.5397868702434395e-05
1,2364,VAR_005770,1,0.6025974946269611,0.0003353501304664781
1,2371,VAR_001561,1,0.6397140234923158,0.8807970779778823
1,2372,VAR_001313,1,0.6657368682385933,0.01798620996209156
1,2381,VAR_005118,1,0.7225503916519215,0.0024726231566347743
1,2388,VAR_002293,0,0.7380349420634159,0.11920292202211755
1,2391,VAR_006340,1,0.7951494460389189,0.7310585786300049
1,2393,VAR_006029,1,0.8047048332223259,0.11920292202211755
1,2394,VAR_004790,1,0.6988937967131668,4.5397868702434395e-05
1,2396,VAR_004147,0,0.7142430013295534,0.01798620996209156
1,2397,VAR_000788,1,0.738934830984062,0.0066928509242848554
1,2398,VAR_001710,0,0.6723402035220293,0.0003353501304664781
1,2399,VAR_000139,1,0.6086179859362654,0.7310585786300049
1,2401,VAR_003147,0,0.5376895231764016,0.9525741268224334
1,2416,VAR_006430,0,0.7912049957077217,0.8807970779778823
1,2419,VAR_000911,1,0.7500844088688198,0.9820137900379085
1,2422,VAR_002519,1,0.7907073920062373,0.9820137900379085
1,2425,VAR_001330,1,0.6717746874350321,0.01798620996209156
1,2428,VAR_004029,0,0.5100159389010562,0.00012339457598623172
1,2435,VAR_005445,1,0.7743473049257111,0.01798620996209156
1,2450,VAR_002152,1,0.7352276073391841,0.9525741268224334
1,2455,VAR_005236,0,0.47148519379691767,0.7310585786300049
1,2465,VAR_004638,0,0.5347840215289434,0.0003353501304664781
1,2473,VAR_002262,1,0.7165431683704158,0.8807970779778823
1,2480,VAR_003282,1,0.802123289272255,0.9820137900379085
1,2484,VAR_002428,1,0.7103282889448808,0.11920292202211755
1,2491,VAR_002027,1,0.8152229755582773,0.9820137900379085
1,2493,VAR_006033,1,0.8102986916717874,0.9820137900379085
1,2511,VAR_001197,1,0.7567031004730705,0.5
1,2533,VAR_002517,1,0.796139171878928,0.9820137900379085
1,2541,VAR_003560,0,0.6268489087953156,4.5397868702434395e-05
1,2548,VAR_004694,0,0.609559468981234,0.0003353501304664781
1,2563,VAR_001430,0,0.6700339761239303,0.01798620996209156
1,2564,VAR_005066,0,0.6470656030565665,0.5
1,2579,VAR_004478,1,0.7273705950935677,0.11920292202211755
1,2582,VAR_003418,1,0.8038921718443551,0.9820137900379085
1,2589,VAR_003661,1,0.7375601682317285,0.9820137900379085
1,2605,VAR_005175,0,0.5846262523224216,0.04742587317756678
1,2612,VAR_000518,1,0.8083010840531543,0.9820137900379085
1,2617,VAR_000810,0,0.5236698793883868,0.04742587317756678
1,2623,VAR_004932,1,0.7716334912635489,0.0024726231566347743
1,2638,VAR_004491,1,0.7622861021791599,0.8807970779778823
1,2643,VAR_003463,0,0.5867287921223339,0.0003353501304664781
1,2656,VAR_000310,1,0.7710786304707895,0.11920292202211755
1,2668,VAR_006321,0,0.5130683982514008,4.5397868702434395e-05
1,2670,VAR_000858,1,0.8145679951992064,0.9525741268224334
1,2675,VAR_006342,1,0.8158954743565876,0.9525741268224334
1,2679,VAR_003849,0,0.5336725548149015,0.0024726231566347743
1,2680,VAR_006244,0,0.4891330898517281,0.01798620996209156
1,2702,VAR_001679,0,0.5325292617641406,0.9820137900379085
1,2711,VAR_004846,1,0.6773619280571799,0.0024726231566347743
1,2722,VAR_002644,1,0.7307574007827716,0.9525741268224334
1,2730,VAR_006518,1,0.7742539416010554,0.9525741268224334
1,2754,VAR_002365,1,0.6535021811435491,0.01798620996209156
1,2755,VAR_003742,1,0.7185983503447467,0.0024726231566347743
1,2758,VAR_005618,0,0.5103944835718498,0.0066928509242848554
1,2761,VAR_002506,1,0.8024477967788205,0.0024726231566347743
1,2763,VAR_004009,1,0.8135801462818882,0.9820137900379085
1,2764,VAR_000565,1,0.8058990905846093,0.9820137900379085
1,2768,VAR_004505,0,0.5291141116933115,0.04742587317756678
1,2774,VAR_005577,1,0.7916554737426955,0.04742587317756678
1,2779,VAR_006107,1,0.8117525161026382,0.9820137900379085
1,2783,VAR_004506,1,0.68429570626783,0.0024726231566347743
1,2785,VAR_003049,0,0.6397140234923158,0.8807970779778823
1,2788,VAR_005463,1,0.559983897344927,0.00012339457598623172
1,2805,VAR_000796,0,0.5308080596732054,0.00012339457598623172
1,2810,VAR_000441,0,0.748097065343307,0.0024726231566347743
1,2814,VAR_003895,0,0.5648442830539779,0.0024726231566347743
1,2815,VAR_005201,1,0.8097542341909757,0.0024726231566347743
1,2818,VAR_005709,1,0.8177573634958869,0.9820137900379085
1,2821,VAR_003635,0,0.7717124101408045,0.11920292202211755
1,2841,VAR_005003,1,0.6719311840583247,0.0003353501304664781
1,2842,VAR_006332,0,0.7858547959924123,0.5
1,2845,VAR_003537,1,0.7913060166151065,0.8807970779778823
1,2846,VAR_006308,1,0.7002667436336869,0.9820137900379085
1,2854,VAR_004239,1,0.8141498280703395,0.9820137900379085
1,2856,VAR_004282,1,0.6340495687809091,0.0003353501304664781
1,2864,VAR_004966,1,0.7850146175979897,0.7310585786300049
1,2884,VAR_005281,1,0.631984371089546,0.0003353501304664781
1,2887,VAR_001522,0,0.6397140234923158,0.8807970779778823
1,2889,VAR_001473,1,0.6535021811435491,0.0003353501304664781
1,2894,VAR_006501,1,0.7862144269761336,0.9820137900379085
1,2903,VAR_003955,1,0.5839642135663957,0.0003353501304664781
1,2904,VAR_001546,1,0.6839705787682036,0.0003353501304664781
1,2907,VAR_005693,1,0.8087669777587235,0.9820137900379085
1,2924,VAR_002384,1,0.7528296406322273,0.0024726231566347743
2,4,VAR_000082,1,0.7253390898155363,0.11920292202211755
2,6,VAR_006245,0,0.593292781846618,4.5397868702434395e-05
2,8,VAR_005692,1,0.7548565654132937,0.04742587317756678
2,11,VAR_000584,0,0.7226251238712845,0.0009110511944006454
2,15,VAR_001845,0,0.7396247411319378,0.0024726231566347743
2,18,VAR_005011,1,0.5624469783735686,0.01798620996209156
2,25,VAR_000884,1,0.7184437997824221,0.9820137900379085
2,30,VAR_000023,1,0.823059019308163,0.9820137900379085
2,34,VAR_002343,1,0.7690186570457243,0.11920292202211755
2,36,VAR_000637,1,0.812885919732347,0.9820137900379085
2,40,VAR_005018,0,0.5311068418145668,4.5397868702434395e-05
2,43,VAR_004634,0,0.5483004951349959,0.0003353501304664781
2,63,VAR_005138,1,0.7258307921968061,0.0024726231566347743
2,64,VAR_005771,1,0.7608346959273012,0.0024726231566347743
2,85,VAR_006065,1,0.7712401228137377,0.9820137900379085
2,93,VAR_004040,1,0.7810825046933917,0.9820137900379085
2,109,VAR_000800,0,0.495628775447581,4.5397868702434395e-05
2,119,VAR_005443,1,0.7537635245961728,0.04742587317756678
2,120,VAR_003252,1,0.718060399566368,0.0024726231566347743
2,130,VAR_004467,1,0.6333099823437027,0.0009110511944006454
2,140,VAR_002426,1,0.8017743384707662,0.9820137900379085
2,151,VAR_003771,1,0.8050031092156475,0.9820137900379085
2,172,VAR_002457,1,0.7424968404162732,0.9525741268224334
2,181,VAR_003086,0,0.7115265586971516,0.0009110511944006454
2,184,VAR_004598,0,0.5385410483144724,0.00012339457598623172
2,194,VAR_001746,0,0.575400751865796,0.0024726231566347743
2,218,VAR_001297,1,0.6927009778256562,0.0003353501304664781
2,221,VAR_001581,1,0.6983576400950859,0.01798620996209156
2,222,VAR_002539,1,0.7109482415444439,0.9820137900379085
2,240,VAR_001662,0,0.6941589678689525,0.0024726231566347743
2,244,VAR_000325,0,0.5576458339273497,4.5397868702434395e-05
2,249,VAR_006082,1,0.6671388953331958,0.11920292202211755
2,253,VAR_001336,1,0.6985799143197046,0.5
2,254,VAR_005219,0,0.535357795422015,4.5397868702434395e-05
2,256,VAR_002278,1,0.8099631229325639,0.11920292202211755
2,257,VAR_005718,1,0.5154920125631961,0.00012339457598623172
2,270,VAR_000389,1,0.6032341265868013,0.0003353501304664781
2,273,VAR_001284,1,0.5822614451268882,0.0003353501304664781
2,281,VAR_003507,0,0.6013706899030992,0.0009110511944006454
2,287,VAR_002480,1,0.7753916493967182,0.0009110511944006454
2,291,VAR_005969,0,0.7425798409238651,0.04742587317756678
2,294,VAR_003333,1,0.6855057905611878,0.0024726231566347743
2,301,VAR_002315,1,0.6742700906187334,0.0009110511944006454
2,303,VAR_003626,0,0.5128163473906155,4.5397868702434395e-05
2,304,VAR_005821,0,0.4889243417009796,0.0003353501304664781
2,312,VAR_003671,1,0.8196635144910663,0.9820137900379085
2,314,VAR_005714,1,0.7509785346503207,0.9820137900379085
2,318,VAR_006001,1,0.5549897285056309,0.0003353501304664781
2,321,VAR_003051,0,0.6985799143197046,0.0003353501304664781
2,333,VAR_003515,1,0.7653052615020218,0.9525741268224334
2,334,VAR_006348,1,0.8196831796668643,0.9820137900379085
2,345,VAR_002043,1,0.70102220652898,0.01798620996209156
2,352,VAR_000369,0,0.6865714115749321,0.5
2,359,VAR_002136,1,0.8200629411800969,0.9820137900379085
2,367,VAR_002789,1,0.7119703713777038,0.0024726231566347743
2,368,VAR_000449,1,0.792015527232834,0.9820137900379085
2,383,VAR_002085,0,0.49199924642147436,0.00012339457598623172
2,386,VAR_000759,0,0.5732604155117345,0.0009110511944006454
2,392,VAR_003769,1,0.7658436681517972,0.01798620996209156
2,407,VAR_005436,1,0.8112025731408217,0.04742587317756678
2,408,VAR_006576,1,0.798720736993478,0.9820137900379085
2,412,VAR_001227,1,0.552737315854099,0.0024726231566347743
2,413,VAR_005555,1,0.8218287821924892,0.9525741268224334
2,414,VAR_005216,1,0.7789380242726408,0.11920292202211755
2,416,VAR_003584,0,0.49962897863140376,4.5397868702434395e-05
2,419,VAR_004136,1,0.7351462656478127,0.0009110511944006454
2,425,VAR_002767,1,0.805918126678024,0.5
2,434,VAR_006106,1,0.8088618742811041,0.9820137900379085
2,439,VAR_002478,1,0.6872832143597101,0.11920292202211755
2,445,VAR_004862,1,0.8088705972076347,0.9820137900379085
2,456,VAR_004461,1,0.4845427716077729,4.5397868702434395e-05
2,458,VAR_004306,0,0.6823315726130867,0.0003353501304664781
2,462,VAR_003394,1,0.796399825185347,0.9525741268224334
2,470,VAR_003750,1,0.7638275981539406,0.0024726231566347743
2,471,VAR_002927,0,0.5107275723242339,0.9525741268224334
2,475,VAR_001198,1,0.7589518397155833,0.04742587317756678
2,486,VAR_005572,0,0.5477517936944061,0.9525741268224334
2,487,VAR_001236,1,0.6099508946058024,0.01798620996209156
2,488,VAR_000075,0,0.686262663912786,0.04742587317756678
2,494,VAR_002371,0,0.47182605984662573,0.0003353501304664781
2,506,VAR_002467,1,0.7840653775844291,0.5
2,511,VAR_004816,1,0.7179483216987124,0.0024726231566347743
2,519,VAR_003483,0,0.5773923472222772,0.01798620996209156
2,524,VAR_003321,1,0.7332355745280806,0.9525741268224334
2,525,VAR_001477,1,0.6843735092494175,0.0003353501304664781
2,526,VAR_002638,1,0.8069565352535195,0.0024726231566347743
2,527,VAR_000644,1,0.7971906177617331,0.9820137900379085
2,538,VAR_000009,1,0.5783618330458452,0.0024726231566347743
2,543,VAR_004819,1,0.8062227022680876,0.9525741268224334
2,544,VAR_000882,1,0.7194321495284322,0.11920292202211755
2,555,VAR_003246,1,0.8183402998906945,0.0009110511944006454
2,558,VAR_005611,1,0.7407200345840733,0.0009110511944006454
2,561,VAR_000505,1,0.7133651575271364,0.0024726231566347743
2,564,VAR_005227,1,0.8064981542664482,0.0024726231566347743
2,577,VAR_004317,1,0.6955765934270416,0.0003353501304664781
2,584,VAR_003262,0,0.6047377358082288,0.0009110511944006454
2,593,VAR_003825,0,0.6127101229870096,0.00012339457598623172
2,606,VAR_006463,1,0.7257302305550348,0.9820137900379085
2,614,VAR_005526,1,0.6977427344814755,0.8807970779778823
2,620,VAR_001148,1,0.6226631469993872,0.0066928509242848554
2,625,VAR_002334,1,0.6814199646064082,0.04742587317756678
2,628,VAR_006383,0,0.772550955153054,0.9525741268224334
2,633,VAR_001340,0,0.7028832911461605,0.5
2,646,VAR_000244,1,0.730860669082771,0.11920292202211755
2,648,VAR_004524,1,0.7831443141981373,0.9820137900379085
2,665,VAR_005934,0,0.7928178880156188,0.9820137900379085
2,676,VAR_003784,1,0.8086263352004559,0.9820137900379085
2,686,VAR_000643,1,0.8232669791344467,0.9820137900379085
2,692,VAR_002355,1,0.7571446447810616,0.0024726231566347743
2,698,VAR_000260,1,0.6189329888716427,0.0009110511944006454
2,701,VAR_000721,1,0.8047049096333335,0.7310585786300049
2,712,VAR_006174,1,0.785270705044533,0.0024726231566347743
2,715,VAR_000047,0,0.6811673189195746,0.0024726231566347743
2,723,VAR_004302,1,0.6030112361420237,0.0003353501304664781
2,726,VAR_004081,1,0.6916466299259476,0.0024726231566347743
2,727,VAR_004060,0,0.8233284018081577,0.9820137900379085
2,732,VAR_002137,1,0.7430802426543288,0.9820137900379085
2,737,VAR_004480,0,0.6601290513269489,0.11920292202211755
2,749,VAR_000729,1,0.7501528758907756,0.0009110511944006454
2,755,VAR_005859,1,0.7427018681510889,0.7310585786300049
2,756,VAR_005282,1,0.6740949135711343,0.01798620996209156
2,770,VAR_000196,1,0.6550703821419936,0.0024726231566347743
2,777,VAR_002047,1,0.7449313536868889,0.9525741268224334
2,793,VAR_004929,0,0.725126610473639,0.0024726231566347743
2,801,VAR_001094,1,0.7869733353219776,0.11920292202211755
2,806,VAR_004126,1,0.6377122589259342,0.04742587317756678
2,814,VAR_003836,1,0.717589367977935,0.9820137900379085
2,818,VAR_004289,1,0.5473501305395188,0.0003353501304664781
2,830,VAR_006491,1,0.8238867908023862,0.9820137900379085
2,833,VAR_005685,1,0.7736476214784459,0.9820137900379085
2,840,VAR_000799,0,0.5293871119798484,0.0009110511944006454
2,841,VAR_004608,0,0.6486598330522276,0.0003353501304664781
2,842,VAR_006431,0,0.6792329280552053,0.0009110511944006454
2,847,VAR_002982,1,0.7685008104398421,0.11920292202211755
2,852,VAR_000222,0,0.5347058879152687,0.0003353501304664781
2,854,VAR_002320,0,0.6129118930241163,0.04742587317756678
2,860,VAR_005917,0,0.5261319038770386,0.0003353501304664781
2,876,VAR_000088,0,0.48462177927304967,0.8807970779778823
2,886,VAR_002050,1,0.8015812768776416,0.9525741268224334
2,891,VAR_003285,1,0.7504198657676353,0.9820137900379085
2,910,VAR_000813,1,0.7519247496188203,0.9820137900379085
2,920,VAR_005503,1,0.8233933066498484,0.0009110511944006454
2,924,VAR_004978,1,0.7470801909983821,0.0024726231566347743
2,925,VAR_004938,1,0.6256454442342276,0.01798620996209156
2,929,VAR_000538,1,0.7738757397125676,0.11920292202211755
2,931,VAR_003377,1,0.7483846781396128,0.9820137900379085
2,939,VAR_001038,0,0.7319749839202576,0.0024726231566347743
2,941,VAR_004144,0,0.8080754523529913,0.9525741268224334
2,942,VAR_002814,1,0.7951336754292752,0.9820137900379085
2,946,VAR_002454,1,0.7534299084685294,0.9820137900379085
2,947,VAR_001584,1,0.6552816962939823,0.01798620996209156
2,951,VAR_002877,1,0.7441667746320932,0.11920292202211755
2,953,VAR_004321,1,0.5732709560062003,0.01798620996209156
2,960,VAR_002515,1,0.7472665739655977,0.9820137900379085
2,970,VAR_000912,1,0.7881043994607114,0.9820137900379085
2,978,VAR_004962,1,0.7945831468354844,0.8807970779778823
2,981,VAR_005128,1,0.7854098708388728,0.8807970779778823
2,988,VAR_001486,1,0.6290122054451373,0.8807970779778823
2,996,VAR_006153,1,0.6571672846237823,0.8807970779778823
2,1000,VAR_004842,1,0.6310125458721215,0.5
2,1001,VAR_004824,1,0.7387381772998814,0.0003353501304664781
2,1003,VAR_002601,0,0.5477517936944061,0.9820137900379085
2,1007,VAR_000638,1,0.8054318956328133,0.9820137900379085
2,1009,VAR_000292,1,0.7182337689512764,0.0024726231566347743
2,1018,VAR_004454,0,0.49294175898523696,0.0024726231566347743
2,1032,VAR_002292,0,0.5839578823174677,4.5397868702434395e-05
2,1033,VAR_004468,1,0.5724847669487113,0.0003353501304664781
2,1035,VAR_002527,0,0.5483004951349959,0.0003353501304664781
2,1040,VAR_000022,1,0.7983821590449789,0.9525741268224334
2,1047,VAR_002610,0,0.6070017034686378,4.5397868702434395e-05
2,1067,VAR_002948,1,0.7100590942670644,0.11920292202211755
2,1082,VAR_000174,1,0.775373920400602,0.9820137900379085
2,1083,VAR_004110,1,0.714727016872117,0.9820137900379085
2,1104,VAR_003345,1,0.7031094078538442,0.9820137900379085
2,1111,VAR_001037,1,0.7950056124190348,0.9820137900379085
2,1112,VAR_003908,0,0.5415694387382846,0.0003353501304664781
2,1120,VAR_000169,1,0.7447159814494919,0.0024726231566347743
2,1129,VAR_002680,1,0.576649186223343,0.0024726231566347743
2,1132,VAR_001789,0,0.5117370706202833,0.0024726231566347743
2,1139,VAR_000779,1,0.7708540595222488,0.7310585786300049
2,1159,VAR_000135,1,0.7176302866869787,0.0024726231566347743
2,1162,VAR_003370,1,0.6706986460953637,0.01798620996209156
2,1166,VAR_004791,0,0.5392070980477527,0.0003353501304664781
2,1180,VAR_006498,1,0.7733424304946355,0.9525741268224334
2,1183,VAR_005051,0,0.6608381542210872,4.5397868702434395e-05
2,1185,VAR_001709,0,0.7399257801999087,0.9820137900379085
2,1191,VAR_001335,1,0.6935872547039763,0.01798620996209156
2,1193,VAR_000236,1,0.7182392098840612,0.0024726231566347743
2,1197,VAR_005617,1,0.8146910464135322,0.9525741268224334
2,1209,VAR_005641,0,0.5400534499408554,0.0003353501304664781
2,1213,VAR_000415,1,0.6290122054451373,0.8807970779778823
2,1216,VAR_001440,1,0.6985799143197046,0.0003353501304664781
2,1217,VAR_004809,1,0.7802529270885976,0.9525741268224334
2,1233,VAR_003860,1,0.783078675048639,0.9820137900379085
2,1241,VAR_000795,0,0.5785103416679827,0.0009110511944006454
2,1245,VAR_005492,1,0.800860505070505,0.0009110511944006454
2,1256,VAR_006305,0,0.7252924504437144,0.0009110511944006454
2,1263,VAR_000905,1,0.7152528663092025,0.9820137900379085
2,1268,VAR_001738,0,0.5840210090268327,0.01798620996209156
2,1271,VAR_004080,1,0.8167084179846794,0.9820137900379085
2,1278,VAR_004279,1,0.68160646829677,0.0003353501304664781
2,1281,VAR_004615,0,0.6808132568763386,0.0003353501304664781
2,1296,VAR_000250,1,0.5604753835672086,0.0009110511944006454
2,1298,VAR_003923,1,0.6493218674619972,0.0003353501304664781
2,1299,VAR_005346,1,0.8243871228793446,0.9820137900379085
2,1306,VAR_000001,0,0.5196187178011799,0.0003353501304664781
2,1313,VAR_002842,1,0.7871479103013894,0.0024726231566347743
2,1317,VAR_000026,0,0.5135414454055851,0.0009110511944006454
2,1319,VAR_005258,0,0.5774688227436465,0.0003353501304664781
2,1323,VAR_000399,1,0.7471089720901256,0.0009110511944006454
2,1332,VAR_003340,0,0.7369071741338808,0.9525741268224334
2,1338,VAR_003702,0,0.495628775447581,0.0024726231566347743
2,1345,VAR_000177,1,0.6880829837895946,0.0024726231566347743
2,1359,VAR_003757,1,0.804452006594862,0.0024726231566347743
2,1361,VAR_005595,0,0.5031200961276129,0.8807970779778823
2,1364,VAR_006320,1,0.7359531199516832,0.0009110511944006454
2,1371,VAR_005870,1,0.6290122054451373,0.8807970779778823
2,1376,VAR_002531,1,0.7529383135144773,0.9525741268224334
2,1378,VAR_004762,0,0.48304643141763587,0.5
2,1379,VAR_004560,1,0.7390513721037212,0.0003353501304664781
2,1388,VAR_003286,1,0.7495317356784644,0.9525741268224334
2,1389,VAR_000679,0,0.5720068018119425,0.0003353501304664781
2,1396,VAR_003493,1,0.47055608838242036,4.5397868702434395e-05
2,1400,VAR_005352,1,0.7092944198776026,0.00012339457598623172
2,1401,VAR_005612,1,0.8010862361141594,0.7310585786300049
2,1407,VAR_001397,1,0.6290122054451373,0.8807970779778823
2,1408,VAR_000189,1,0.7280857441756384,0.11920292202211755
2,1409,VAR_000587,0,0.7237111303035055,0.0024726231566347743
2,1417,VAR_006326,1,0.7927667850338116,0.9820137900379085
2,1418,VAR_000380,1,0.7490869407611155,0.00012339457598623172
2,1421,VAR_004837,1,0.7535764047995417,0.0009110511944006454
2,1423,VAR_004703,0,0.6535342491860406,0.01798620996209156
2,1440,VAR_000839,0,0.5320795393416582,0.00012339457598623172
2,1442,VAR_002254,1,0.6290122054451373,0.8807970779778823
2,1443,VAR_000546,0,0.5809541892863278,0.0009110511944006454
2,1456,VAR_005373,0,0.5547299046456341,0.00012339457598623172
2,1459,VAR_000826,1,0.7211130710209807,0.11920292202211755
2,1480,VAR_003300,0,0.522869762978724,0.8807970779778823
2,1494,VAR_001735,0,0.6137402305243692,4.5397868702434395e-05
2,1496,VAR_000534,1,0.7888190168415496,0.0009110511944006454
2,1506,VAR_003840,1,0.7935199689403994,0.9820137900379085
2,1511,VAR_005757,0,0.5384995701443824,4.5397868702434395e-05
2,1514,VAR_004835,1,0.7474707631728853,0.04742587317756678
2,1517,VAR_001156,1,0.6685961926368038,0.01798620996209156
2,1521,VAR_000188,1,0.7209130405865872,0.0024726231566347743
2,1526,VAR_005217,1,0.7986631346405456,0.0024726231566347743
2,1558,VAR_005778,1,0.7866571148905398,0.11920292202211755
2,1566,VAR_003999,0,0.6777984807756964,0.04742587317756678
2,1570,VAR_002713,0,0.747687958836173,0.11920292202211755
2,1574,VAR_000488,1,0.5273908254281255,0.0003353501304664781
2,1577,VAR_000338,0,0.5572295577696919,0.01798620996209156
2,1581,VAR_002001,1,0.7910434809603647,0.9820137900379085
2,1583,VAR_000854,1,0.7153267877666726,0.9525741268224334
2,1595,VAR_002065,0,0.525625220201048,0.01798620996209156
2,1613,VAR_005456,1,0.8019939797398173,0.9525741268224334
2,1618,VAR_005093,1,0.7793926501775285,0.7310585786300049
2,1627,VAR_000736,1,0.80490336644219,0.9525741268224334
2,1634,VAR_000751,0,0.6705674572880974,0.0009110511944006454
2,1643,VAR_000268,1,0.6290122054451373,0.8807970779778823
2,1655,VAR_000425,0,0.6534946518090048,0.0066928509242848554
2,1670,VAR_004759,1,0.6524022412013004,0.8807970779778823
2,1676,VAR_003063,1,0.8162755210222801,0.11920292202211755
2,1678,VAR_000831,0,0.79334137720114,0.0024726231566347743
2,1722,VAR_004008,1,0.7916663361885885,0.9820137900379085
2,1726,VAR_005348,1,0.8224530238586011,0.9820137900379085
2,1737,VAR_005460,1,0.8141199295947092,0.9525741268224334
2,1742,VAR_005182,1,0.7846435350349382,0.11920292202211755
2,1744,VAR_001170,0,0.5248362228850918,0.0003353501304664781
2,1758,VAR_006041,0,0.7505095277896648,0.9820137900379085
2,1777,VAR_003258,1,0.7377780767130625,0.0024726231566347743
2,1778,VAR_005801,1,0.726001792710564,0.11920292202211755
2,1784,VAR_002997,0,0.504520925916863,0.9820137900379085
2,1786,VAR_005987,1,0.5767979108039777,0.0003353501304664781
2,1788,VAR_003305,0,0.6290122054451373,0.8807970779778823
2,1802,VAR_005202,0,0.7662425286287983,0.8807970779778823
2,1814,VAR_000780,1,0.6781697781820757,0.00012339457598623172
2,1821,VAR_000182,1,0.7274422598397907,0.11920292202211755
2,1843,VAR_006307,1,0.7550870467899812,0.8807970779778823
2,1854,VAR_003920,1,0.8056052615950988,0.11920292202211755
2,1859,VAR_000175,1,0.7488070945989986,0.11920292202211755
2,1863,VAR_004067,1,0.7977753246695725,0.9820137900379085
2,1866,VAR_001974,1,0.8008101265932762,0.0024726231566347743
2,1880,VAR_003748,1,0.7544841124101196,0.11920292202211755
2,1881,VAR_005369,1,0.6290122054451373,0.8807970779778823
2,1890,VAR_001527,1,0.704200937055233,0.0003353501304664781
2,1895,VAR_002634,1,0.7470172560988392,0.11920292202211755
2,1904,VAR_001687,0,0.8020053976130789,0.9820137900379085
2,1912,VAR_001385,1,0.6290122054451373,0.8807970779778823
2,1917,VAR_000161,1,0.7813651447511888,0.9820137900379085
2,1924,VAR_004125,1,0.7874868887785769,0.11920292202211755
2,1927,VAR_006297,0,0.5594930825632924,4.5397868702434395e-05
2,1929,VAR_000229,0,0.5380888119612993,4.5397868702434395e-05
2,1957,VAR_003926,1,0.7886094635305743,0.11920292202211755
2,1960,VAR_005214,0,0.5258355946262558,0.04742587317756678
2,1964,VAR_004919,1,0.7868173228301827,0.0003353501304664781
2,1970,VAR_000405,1,0.7693838534212215,0.9820137900379085
2,1972,VAR_000033,1,0.8119029879957623,0.9820137900379085
2,1983,VAR_005750,0,0.49602502431778617,0.0003353501304664781
2,1984,VAR_001371,1,0.6907361636561429,0.0003353501304664781
2,1985,VAR_006209,0,0.6538225884229268,0.00012339457598623172
2,1991,VAR_005338,1,0.8087846421220907,0.9820137900379085
2,1992,VAR_000838,1,0.7950424068489225,0.9525741268224334
2,1995,VAR_002419,0,0.5549897285056309,0.00012339457598623172
2,1998,VAR_005780,1,0.7253077462197384,0.0024726231566347743
2,1999,VAR_004017,1,0.6676308789012647,0.04742587317756678
2,2012,VAR_000207,1,0.7383721628252667,0.0009110511944006454
2,2015,VAR_002213,1,0.7804378444079646,0.9525741268224334
2,2018,VAR_004741,0,0.4907230597142899,0.7310585786300049
2,2019,VAR_000156,1,0.7003001634668016,0.0024726231566347743
2,2024,VAR_006104,1,0.809638084243696,0.9820137900379085
2,2025,VAR_006002,1,0.5483004951349959,0.0003353501304664781
2,2028,VAR_001362,1,0.6853001853454,0.0003353501304664781
2,2031,VAR_006249,1,0.8232417426860076,0.9525741268224334
2,2033,VAR_005584,1,0.6382767492800665,0.00012339457598623172
2,2036,VAR_001957,0,0.5502558683913237,0.0024726231566347743
2,2039,VAR_005020,0,0.536218695527947,0.7310585786300049
2,2046,VAR_002505,1,0.8027763465917997,0.9820137900379085
2,2053,VAR_005454,1,0.7883412795288524,0.9525741268224334
2,2055,VAR_002139,1,0.7509580409380981,0.9820137900379085
2,2056,VAR_001533,1,0.6290122054451373,0.8807970779778823
2,2062,VAR_001314,1,0.6290122054451373,0.8807970779778823
2,2063,VAR_003047,0,0.7113444640251879,0.01798620996209156
2,2064,VAR_001966,1,0.7039649111805222,0.11920292202211755
2,2071,VAR_000594,1,0.8111101135166084,0.9820137900379085
2,2072,VAR_003915,1,0.7440142536421938,0.11920292202211755
2,2077,VAR_002194,1,0.8029883371294528,0.9820137900379085
2,2094,VAR_001147,1,0.7508162085209452,0.9820137900379085
2,2095,VAR_002215,0,0.5552138532247551,0.0024726231566347743
2,2104,VAR_002220,1,0.7928449768087182,0.9820137900379085
2,2114,VAR_006589,1,0.652688159109038,0.01798620996209156
2,2120,VAR_002370,1,0.7956512079112031,0.0024726231566347743
2,2136,VAR_006568,1,0.7573801997111883,0.8807970779778823
2,2146,VAR_005886,0,0.547985058000449,0.0003353501304664781
2,2147,VAR_000118,0,0.7159306613248557,0.8807970779778823
2,2149,VAR_006049,1,0.7766757550379134,0.9820137900379085
2,2168,VAR_002810,1,0.7657314443391641,0.0024726231566347743
2,2169,VAR_005785,1,0.7689039548504931,0.0024726231566347743
2,2173,VAR_006473,0,0.6281890978865518,0.0003353501304664781
2,2184,VAR_001223,1,0.7126121288543642,0.0003353501304664781
2,2189,VAR_005131,1,0.8132769699130105,0.9820137900379085
2,2193,VAR_001991,0,0.7822887976147735,0.9820137900379085
2,2194,VAR_006032,1,0.7531511605952294,0.9820137900379085
2,2200,VAR_006504,1,0.744664521925047,0.7310585786300049
2,2202,VAR_001664,1,0.7484668596056894,0.11920292202211755
2,2207,VAR_005247,1,0.8162865643572289,0.9820137900379085
2,2222,VAR_000403,1,0.8074964478694119,0.9820137900379085
2,2223,VAR_000506,1,0.49682734164282616,0.0024726231566347743
2,2225,VAR_001286,0,0.5173161027118145,0.0003353501304664781
2,2227,VAR_000418,1,0.7527770691837921,0.9820137900379085
2,2228,VAR_003288,1,0.6938131103056551,0.0003353501304664781
2,2233,VAR_003936,1,0.5783618330458452,0.0024726231566347743
2,2248,VAR_003132,1,0.7900121900713712,0.11920292202211755
2,2252,VAR_005781,1,0.7742583331968925,0.0024726231566347743
2,2253,VAR_004391,0,0.711311712097928,0.01798620996209156
2,2258,VAR_002492,0,0.616036265759066,0.0009110511944006454
2,2262,VAR_004852,1,0.6997575922030347,0.01798620996209156
2,2263,VAR_005264,0,0.6539193249174612,0.0003353501304664781
2,2264,VAR_000663,0,0.5293810583770004,0.0003353501304664781
2,2269,VAR_001325,0,0.6290122054451373,0.8807970779778823
2,2273,VAR_002049,1,0.6959980378136815,0.0003353501304664781
2,2293,VAR_003111,0,0.49987014470868857,0.8807970779778823
2,2295,VAR_003197,0,0.6710139493971709,0.0066928509242848554
2,2296,VAR_004018,0,0.5286647005969937,0.9820137900379085
2,2306,VAR_005768,1,0.8061467720554357,0.9820137900379085
2,2310,VAR_002187,1,0.7607767676569335,0.9820137900379085
2,2322,VAR_000173,1,0.7999819803554648,0.0024726231566347743
2,2323,VAR_006146,1,0.8170630773965429,0.9820137900379085
2,2331,VAR_000272,0,0.5483004951349959,0.0003353501304664781
2,2333,VAR_000937,1,0.71317555742554,0.9820137900379085
2,2334,VAR_001760,1,0.610013566268557,0.0003353501304664781
2,2335,VAR_003774,0,0.5477888927828602,4.5397868702434395e-05
2,2347,VAR_004985,1,0.7158483600593535,0.0024726231566347743
2,2349,VAR_005645,1,0.7797738158694566,0.0009110511944006454
2,2357,VAR_003435,0,0.5215500666184126,0.9525741268224334
2,2362,VAR_005243,1,0.8101874690941886,0.9820137900379085
2,2368,VAR_005960,0,0.7585627036607976,0.8807970779778823
2,2369,VAR_005409,1,0.622612398585205,0.0003353501304664781
2,2375,VAR_004180,1,0.638944408253129,0.5
2,2380,VAR_003904,1,0.6290122054451373,0.8807970779778823
2,2389,VAR_002271,1,0.7862672102414984,0.9820137900379085
2,2406,VAR_000851,1,0.7153267877666726,0.9525741268224334
2,2408,VAR_001139,0,0.6890928100476029,0.0024726231566347743
2,2409,VAR_003990,1,0.8167795932739762,0.9525741268224334
2,2410,VAR_004271,1,0.6899076874372864,0.5
2,2414,VAR_006143,1,0.7745201679085592,0.9820137900379085
2,2415,VAR_003317,0,0.5559389364639283,0.0024726231566347743
2,2418,VAR_001210,1,0.691665099255107,0.0003353501304664781
2,2427,VAR_003092,0,0.5230510060839687,0.9820137900379085
2,2438,VAR_000295,1,0.8128598338961507,0.9820137900379085
2,2441,VAR_002140,1,0.7114517736929556,0.01798620996209156
2,2445,VAR_005351,1,0.8210871046370338,0.8807970779778823
2,2449,VAR_001276,0,0.4743072476301781,4.5397868702434395e-05
2,2456,VAR_004457,1,0.7015189947419013,0.9525741268224334
2,2461,VAR_005115,0,0.6814060824402358,0.01798620996209156
2,2481,VAR_002274,1,0.5571349739092591,0.0009110511944006454
2,2482,VAR_003984,0,0.5685069234851299,0.0009110511944006454
2,2490,VAR_001112,0,0.5558212788476434,0.0024726231566347743
2,2492,VAR_002190,1,0.7930599308127444,0.9820137900379085
2,2495,VAR_005787,1,0.7835758536494809,0.0024726231566347743
2,2497,VAR_006054,1,0.7487695118803284,0.8807970779778823
2,2508,VAR_002532,1,0.7829093014191543,0.11920292202211755
2,2515,VAR_001161,1,0.7530366971072402,0.8807970779778823
2,2516,VAR_005918,1,0.8118016019708436,0.11920292202211755
2,2520,VAR_006422,0,0.6711838267951157,0.0003353501304664781
2,2523,VAR_000717,1,0.7980398287852704,0.9525741268224334
2,2540,VAR_004033,1,0.7958355153855466,0.9820137900379085
2,2552,VAR_000469,1,0.7925833292343819,0.9820137900379085
2,2554,VAR_000151,1,0.7956004501086062,0.9820137900379085
2,2560,VAR_006184,1,0.786394816209946,0.0024726231566347743
2,2562,VAR_004927,1,0.7616853112920347,0.9820137900379085
2,2580,VAR_004117,0,0.7493331339497986,0.11920292202211755
2,2583,VAR_004711,1,0.7838319224820224,0.9525741268224334
2,2588,VAR_005793,1,0.7515860100385919,0.0024726231566347743
2,2595,VAR_002162,1,0.8148627721406239,0.9820137900379085
2,2603,VAR_004832,0,0.5283920651707107,0.9820137900379085
2,2606,VAR_001303,0,0.6290122054451373,0.8807970779778823
2,2618,VAR_003722,1,0.6970536562041119,0.04742587317756678
2,2619,VAR_005193,1,0.5894644464566708,0.00012339457598623172
2,2620,VAR_000393,0,0.579814211843276,0.0003353501304664781
2,2625,VAR_004324,0,0.5534277161301024,0.0003353501304664781
2,2627,VAR_001484,0,0.6290122054451373,0.8807970779778823
2,2629,VAR_005511,1,0.7394176887608747,0.9525741268224334
2,2644,VAR_002317,1,0.6771356295202016,0.04742587317756678
2,2659,VAR_005001,1,0.5525791558340966,0.0066928509242848554
2,2671,VAR_002415,0,0.5608546179999403,4.5397868702434395e-05
2,2676,VAR_004833,1,0.7487757033493587,0.0003353501304664781
2,2698,VAR_000044,1,0.7743068755271645,0.9820137900379085
2,2700,VAR_003374,1,0.8105315266915678,0.9820137900379085
2,2713,VAR_005470,1,0.6365155024847603,0.00012339457598623172
2,2728,VAR_005527,1,0.6977427344814755,0.8807970779778823
2,2738,VAR_005486,0,0.5414062969865662,0.0003353501304664781
2,2741,VAR_003395,1,0.7587949086094762,0.9525741268224334
2,2756,VAR_002326,1,0.719322845680286,0.0009110511944006454
2,2766,VAR_001864,1,0.5983745688350924,0.0024726231566347743
2,2767,VAR_005514,1,0.7218000992322645,0.01798620996209156
2,2772,VAR_000447,1,0.7464986232553064,0.9820137900379085
2,2776,VAR_000180,0,0.5477517936944061,0.9820137900379085
2,2778,VAR_000416,1,0.6290122054451373,0.8807970779778823
2,2780,VAR_004066,1,0.8015907001046828,0.11920292202211755
2,2781,VAR_003231,0,0.6290122054451373,0.8807970779778823
2,2792,VAR_004030,0,0.5080766602611853,0.0066928509242848554
2,2793,VAR_006494,1,0.7718935385174472,0.9820137900379085
2,2795,VAR_000503,1,0.8059104046799099,0.04742587317756678
2,2802,VAR_005803,1,0.7924803282592754,0.0024726231566347743
2,2807,VAR_005068,1,0.709605179119026,0.7310585786300049
2,2808,VAR_004597,0,0.5036190468445549,0.0024726231566347743
2,2811,VAR_005613,1,0.6645703149775247,0.7310585786300049
2,2831,VAR_004802,1,0.6815185445830133,0.0024726231566347743
2,2836,VAR_003828,0,0.581579875573755,4.5397868702434395e-05
2,2844,VAR_001455,0,0.6028312296028672,0.01798620996209156
2,2847,VAR_005431,1,0.8072405360767548,0.9525741268224334
2,2848,VAR_005389,1,0.5802023858934896,0.00012339457598623172
2,2849,VAR_001992,0,0.738515172108559,0.11920292202211755
2,2850,VAR_000785,0,0.504558374219969,0.0003353501304664781
2,2852,VAR_005636,1,0.5434163669835668,0.00012339457598623172
2,2853,VAR_002542,1,0.7754056892275887,0.8807970779778823
2,2857,VAR_005335,1,0.8270975659540197,0.11920292202211755
2,2868,VAR_005788,1,0.7952568722520474,0.9820137900379085
2,2878,VAR_004453,0,0.605205137416531,0.5
2,2908,VAR_000360,1,0.5386727975019738,0.0024726231566347743
2,2910,VAR_002078,1,0.7599297000307591,0.0024726231566347743
2,2911,VAR_003758,1,0.8180413901619811,0.8807970779778823
2,2912,VAR_004148,0,0.6881007441240814,0.0024726231566347743
2,2913,VAR_002849,0,0.7114876607106615,0.9820137900379085
2,2925,VAR_005424,0,0.670311745675841,0.04742587317756678
2,2927,VAR_005116,1,0.6155538841787181,0.0003353501304664781
2,2928,VAR_004820,1,0.7770515258013337,0.9820137900379085
3,23,VAR_006223,0,0.5965928658327929,0.01798620996209156
3,32,VAR_002449,1,0.683279965775852,0.7310585786300049
3,50,VAR_004209,0,0.625124245377216,0.00012339457598623172
3,54,VAR_004873,1,0.7891395060753028,0.9820137900379085
3,59,VAR_000741,0,0.5146710835378943,0.01798620996209156
3,60,VAR_000752,1,0.6389832045735577,0.0009110511944006454
3,62,VAR_000132,0,0.5356535551434617,0.0009110511944006454
3,71,VAR_002211,1,0.7560405595642373,0.9820137900379085
3,75,VAR_003334,1,0.7465314547517709,0.0024726231566347743
3,91,VAR_006300,0,0.6651725162228981,0.0009110511944006454
3,96,VAR_005702,1,0.8111681783346707,0.8807970779778823
3,97,VAR_003522,0,0.5323141847725787,0.00012339457598623172
3,106,VAR_005699,1,0.741896010923413,0.0024726231566347743
3,108,VAR_004795,1,0.7007042710676152,0.0009110511944006454
3,133,VAR_005501,1,0.7785503317717541,0.04742587317756678
3,137,VAR_002092,0,0.5931635215297729,0.0003353501304664781
3,142,VAR_004509,1,0.7910672511809554,0.0024726231566347743
3,145,VAR_003013,0,0.7081844202607722,0.00012339457598623172
3,147,VAR_001690,0,0.7294490323083476,0.9820137900379085
3,148,VAR_004258,0,0.5338301449051942,0.0003353501304664781
3,150,VAR_000981,1,0.5915164502899751,0.04742587317756678
3,162,VAR_002180,1,0.8153543712522878,0.9820137900379085
3,166,VAR_002277,1,0.6931048742709934,0.04742587317756678
3,185,VAR_004511,1,0.6579177439696395,0.04742587317756678
3,189,VAR_000558,0,0.6946668094031447,0.0009110511944006454
3,191,VAR_002158,1,0.7982189921976485,0.9820137900379085
3,193,VAR_000404,0,0.8129919870860631,0.9820137900379085
3,196,VAR_001426,0,0.6431002832049072,0.8807970779778823
3,201,VAR_006496,1,0.7462467815439305,0.9820137900379085
3,212,VAR_002038,1,0.7956679621057255,0.8807970779778823
3,216,VAR_000385,0,0.49962394475890914,0.0066928509242848554
3,219,VAR_000032,1,0.787323019155216,0.9820137900379085
3,229,VAR_004116,0,0.5201625664703438,0.00012339457598623172
3,231,VAR_000714,1,0.6545384408326044,0.04742587317756678
3,245,VAR_001571,1,0.6431002832049072,0.8807970779778823
3,263,VAR_005921,1,0.7773175397217476,0.0024726231566347743
3,274,VAR_004844,1,0.7462491874470536,0.9820137900379085
3,275,VAR_003995,1,0.813063110600489,0.9820137900379085
3,278,VAR_000982,0,0.7910396290517515,0.0024726231566347743
3,282,VAR_005386,0,0.5311869814453387,0.00012339457598623172
3,286,VAR_004983,1,0.7983666387076614,0.0024726231566347743
3,295,VAR_006337,1,0.7541364249518634,0.9820137900379085
3,296,VAR_004899,1,0.715080519974841,0.0024726231566347743
3,300,VAR_005609,1,0.7582403083350496,0.7310585786300049
3,315,VAR_002843,1,0.5647479554066314,0.0024726231566347743
3,330,VAR_004900,1,0.8042190624454422,0.11920292202211755
3,342,VAR_001051,0,0.734656465718385,0.0024726231566347743
3,343,VAR_005337,1,0.8110571391347747,0.9820137900379085
3,344,VAR_000753,1,0.720243860487631,0.0009110511944006454
3,362,VAR_000056,0,0.6102800476938796,0.0003353501304664781
3,365,VAR_004808,1,0.7917096161650012,0.11920292202211755
3,373,VAR_003509,0,0.5568578430088629,0.04742587317756678
3,376,VAR_002203,1,0.8160617733823623,0.0024726231566347743
3,385,VAR_001794,1,0.7179384326388873,0.7310585786300049
3,391,VAR_005310,1,0.7038285286796848,0.5
3,393,VAR_002019,1,0.7993590115650665,0.8807970779778823
3,396,VAR_003513,1,0.6355198485496187,0.0024726231566347743
3,397,VAR_004015,1,0.7941323555594987,0.9820137900379085
3,398,VAR_005797,1,0.7427107867845227,0.9820137900379085
3,403,VAR_005478,0,0.5321719176767519,0.04742587317756678
3,404,VAR_005708,0,0.5276581147629396,4.5397868702434395e-05
3,405,VAR_004069,1,0.7686945912383712,0.8807970779778823
3,411,VAR_004005,1,0.8020099216170588,0.9820137900379085
3,426,VAR_000035,1,0.7940165106781792,0.9820137900379085
3,440,VAR_004031,1,0.7865463602360669,0.7310585786300049
3,447,VAR_000525,0,0.5492965035549411,0.01798620996209156
3,449,VAR_004169,1,0.8100491989336189,0.0024726231566347743
3,452,VAR_002202,1,0.8011907379657545,0.9820137900379085
3,457,VAR_002161,1,0.7443188774232031,0.11920292202211755
3,460,VAR_000830,1,0.7673039075635373,0.9820137900379085
3,476,VAR_002555,0,0.6389806164468529,0.0024726231566347743
3,480,VAR_003259,1,0.8172021516436645,0.0024726231566347743
3,490,VAR_005012,1,0.6159325475520225,0.00012339457598623172
3,496,VAR_000470,1,0.771175747494701,0.9820137900379085
3,497,VAR_002153,1,0.8097475373402568,0.9525741268224334
3,540,VAR_000332,1,0.8167801052518942,0.9820137900379085
3,546,VAR_002802,1,0.7569667904640145,0.8807970779778823
3,551,VAR_005276,0,0.6431002832049072,0.8807970779778823
3,567,VAR_004369,0,0.6858359044987214,0.0003353501304664781
3,568,VAR_004037,1,0.7595224922714336,0.11920292202211755
3,573,VAR_001749,0,0.5621486371240995,0.0003353501304664781
3,581,VAR_003697,0,0.5741353241382502,0.11920292202211755
3,595,VAR_001410,1,0.6431002832049072,0.8807970779778823
3,600,VAR_002064,0,0.5706848881459392,0.01798620996209156
3,621,VAR_005854,1,0.7918237411077652,0.11920292202211755
3,622,VAR_001380,1,0.7056620372157975,0.0003353501304664781
3,631,VAR_003946,1,0.678160110242369,4.5397868702434395e-05
3,637,VAR_000245,1,0.5244096814814513,0.00012339457598623172
3,640,VAR_004199,1,0.7760822247741462,0.01798620996209156
3,652,VAR_005433,0,0.7210449134426006,0.01798620996209156
3,660,VAR_005296,1,0.6077054916639468,0.0003353501304664781
3,666,VAR_002744,0,0.7902263151550919,0.9820137900379085
3,670,VAR_000833,1,0.7408089744910178,0.11920292202211755
3,679,VAR_006462,1,0.6638203491942649,0.8807970779778823
3,685,VAR_004363,0,0.560822744636626,4.5397868702434395e-05
3,689,VAR_003312,0,0.7764871970589587,0.0009110511944006454
3,690,VAR_002193,0,0.6107507295385708,0.0024726231566347743
3,691,VAR_003410,1,0.7863055194078898,0.9820137900379085
3,695,VAR_005495,1,0.73312911236208,0.00012339457598623172
3,702,VAR_004817,0,0.7293683898585106,0.9820137900379085
3,714,VAR_005513,1,0.8211400920283659,0.9525741268224334
3,718,VAR_005552,1,0.7940778070337204,0.04742587317756678
3,722,VAR_004996,1,0.7550871003492664,0.0024726231566347743
3,733,VAR_000841,1,0.6998683115122276,0.0009110511944006454
3,734,VAR_002516,0,0.7712126378985178,0.9820137900379085
3,735,VAR_002127,0,0.6431002832049072,0.8807970779778823
3,738,VAR_000783,1,0.7496615004541852,0.9525741268224334
3,742,VAR_001554,1,0.7114999168238861,0.01798620996209156
3,745,VAR_001174,1,0.5918909749184025,0.04742587317756678
3,769,VAR_001343,0,0.6431002832049072,0.8807970779778823
3,772,VAR_005350,1,0.7778765157438949,0.0003353501304664781
3,773,VAR_005995,1,0.6021472235619699,0.01798620996209156
3,779,VAR_002920,0,0.7739993126979418,0.0009110511944006454
3,780,VAR_002178,1,0.7880664858247359,0.9820137900379085
3,787,VAR_003536,1,0.6934105600067301,0.0024726231566347743
3,789,VAR_002464,1,0.804273881505465,0.9820137900379085
3,792,VAR_000041,1,0.7180587122251192,0.9820137900379085
3,795,VAR_005283,1,0.7077424718795859,0.0003353501304664781
3,799,VAR_002536,1,0.7563173813690222,0.11920292202211755
3,811,VAR_005248,1,0.7815200437165145,0.9525741268224334
3,816,VAR_000383,0,0.5001633714828552,0.00012339457598623172
3,820,VAR_002498,0,0.5224253797059922,0.0024726231566347743
3,823,VAR_003254,1,0.6355372494861968,0.04742587317756678
3,824,VAR_000350,0,0.6190371028945842,4.5397868702434395e-05
3,828,VAR_005220,0,0.5066474375742576,4.5397868702434395e-05
3,831,VAR_003887,0,0.6823355074841694,0.0009110511944006454
3,848,VAR_002226,0,0.6600155199391777,0.01798620996209156
3,865,VAR_002257,1,0.693632810310375,0.01798620996209156
3,868,VAR_001998,1,0.8167221696078207,0.9820137900379085
3,872,VAR_005622,0,0.5154892444759592,0.00012339457598623172
3,874,VAR_001669,0,0.5316355194117104,0.9525741268224334
3,879,VAR_003765,0,0.5268396037814651,4.5397868702434395e-05
3,882,VAR_002481,1,0.7394462600520564,0.11920292202211755
3,884,VAR_003416,1,0.7901911258810067,0.7310585786300049
3,885,VAR_004950,0,0.5577913412082642,0.00012339457598623172
3,894,VAR_005994,1,0.5956033298882975,0.01798620996209156
3,906,VAR_000426,1,0.7377977928844452,0.9820137900379085
3,914,VAR_004202,0,0.5513041699058194,0.0024726231566347743
3,918,VAR_005700,0,0.6776677237418441,0.0009110511944006454
3,927,VAR_006436,0,0.5281552042289763,0.0066928509242848554
3,930,VAR_005055,0,0.4995916498698519,0.0024726231566347743
3,944,VAR_006566,1,0.7214088373533678,0.0009110511944006454
3,950,VAR_003270,1,0.7814133135765893,0.9820137900379085
3,955,VAR_002234,1,0.7929515645356294,0.9820137900379085
3,956,VAR_002630,1,0.7696138351259807,0.11920292202211755
3,967,VAR_000010,0,0.5420339621292865,0.0003353501304664781
3,968,VAR_004777,1,0.645589631265811,0.0024726231566347743
3,969,VAR_004418,1,0.7993183852314167,0.9820137900379085
3,973,VAR_002486,0,0.504435405477708,4.5397868702434395e-05
3,977,VAR_005072,1,0.7954561391615966,0.11920292202211755
3,980,VAR_005992,1,0.5912259964917618,0.01798620996209156
3,983,VAR_004779,1,0.7783279218474302,0.0024726231566347743
3,993,VAR_002154,1,0.8197799176215587,0.9820137900379085
3,994,VAR_000331,1,0.8108720589016137,0.0024726231566347743
3,995,VAR_004331,0,0.6319630003299113,0.0003353501304664781
3,1011,VAR_001283,0,0.5052120247321197,4.5397868702434395e-05
3,1012,VAR_004113,1,0.801649612899803,0.11920292202211755
3,1014,VAR_001383,1,0.7089011828289049,0.5
3,1015,VAR_006582,1,0.6608112310552746,0.01798620996209156
3,1016,VAR_000862,0,0.5872594651973924,0.01798620996209156
3,1023,VAR_004167,0,0.5944162055799097,4.5397868702434395e-05
3,1025,VAR_005764,1,0.6193506639072714,0.5
3,1028,VAR_005784,1,0.7127853928162196,0.0066928509242848554
3,1029,VAR_004758,0,0.47212332958840936,0.5
3,1031,VAR_000429,1,0.684746205083147,0.0024726231566347743
3,1048,VAR_001319,0,0.7077788007535734,0.01798620996209156
3,1049,VAR_001994,1,0.7523820182013105,0.11920292202211755
3,1050,VAR_000811,1,0.7234223600813766,0.0024726231566347743
3,1051,VAR_000530,1,0.8160686533935652,0.9820137900379085
3,1054,VAR_005406,1,0.7658187733745996,0.0009110511944006454
3,1057,VAR_000320,0,0.5132461592903003,0.0003353501304664781
3,1059,VAR_002168,1,0.7432854862066511,0.9820137900379085
3,1060,VAR_006199,0,0.7947983195732571,0.9820137900379085
3,1073,VAR_003036,1,0.7880499630806287,0.9820137900379085
3,1074,VAR_005184,1,0.6536310788396891,0.11920292202211755
3,1078,VAR_003861,1,0.8016426803503974,0.0024726231566347743
3,1079,VAR_002208,1,0.8143559128475777,0.9820137900379085
3,1084,VAR_004508,1,0.8074295781178271,0.0009110511944006454
3,1085,VAR_003419,1,0.7426686722244318,0.0009110511944006454
3,1088,VAR_005145,1,0.6609819344560326,0.8807970779778823
3,1101,VAR_006182,1,0.7860612393956653,0.9820137900379085
3,1107,VAR_000328,1,0.6965327894655395,0.11920292202211755
3,1121,VAR_002204,1,0.7502096234758244,0.11920292202211755
3,1124,VAR_004923,1,0.7850539787050413,0.9820137900379085
3,1126,VAR_001575,1,0.6431002832049072,0.8807970779778823
3,1128,VAR_004847,1,0.7624356438788257,0.0024726231566347743
3,1131,VAR_002360,1,0.6893226312148371,0.0024726231566347743
3,1138,VAR_000812,1,0.7702916599466266,0.9820137900379085
3,1142,VAR_006356,0,0.6431002832049072,0.8807970779778823
3,1146,VAR_003459,1,0.8262140423651123,0.11920292202211755
3,1156,VAR_005410,0,0.695493978614195,0.0003353501304664781
3,1164,VAR_005187,1,0.706872050911017,0.0024726231566347743
3,1167,VAR_001317,0,0.6864361145943816,0.0003353501304664781
3,1170,VAR_006166,1,0.8068353446266461,0.8807970779778823
3,1171,VAR_006339,1,0.6601774183292223,0.9525741268224334
3,1181,VAR_000411,0,0.6885417324169976,0.0003353501304664781
3,1182,VAR_006264,1,0.8188261464455838,0.9525741268224334
3,1188,VAR_003017,1,0.7983918234206132,0.9820137900379085
3,1190,VAR_000374,1,0.7894112765543728,0.04742587317756678
3,1196,VAR_000306,0,0.5380485959600877,0.0003353501304664781
3,1201,VAR_004250,1,0.6818056390285068,0.04742587317756678
3,1204,VAR_001711,1,0.6668890148341815,0.00012339457598623172
3,1208,VAR_004707,0,0.7054673519240054,0.00012339457598623172
3,1219,VAR_004901,1,0.7678440056107131,0.9820137900379085
3,1225,VAR_005551,1,0.8159356712051256,0.9525741268224334
3,1230,VAR_002259,1,0.6431002832049072,0.8807970779778823
3,1239,VAR_003412,1,0.8025401632477313,0.9820137900379085
3,1243,VAR_000141,1,0.7233493442157831,0.04742587317756678
3,1251,VAR_001698,1,0.8120511121999825,0.0024726231566347743
3,1257,VAR_005135,1,0.7380989258037925,0.11920292202211755
3,1267,VAR_002263,1,0.7174534299347501,0.0024726231566347743
3,1273,VAR_003977,0,0.5728246085961176,0.0024726231566347743
3,1277,VAR_004097,0,0.6470117589453613,0.0009110511944006454
3,1283,VAR_002183,1,0.7890300140676184,0.11920292202211755
3,1284,VAR_003247,1,0.7541505292195423,0.11920292202211755
3,1285,VAR_001651,0,0.6431002832049072,0.8807970779778823
3,1300,VAR_001149,1,0.7255747954958628,0.0066928509242848554
3,1303,VAR_003911,1,0.6431002832049072,0.8807970779778823
3,1315,VAR_005538,0,0.5060169641467818,0.8807970779778823
3,1321,VAR_001395,1,0.6431002832049072,0.8807970779778823
3,1329,VAR_002469,1,0.7908315312687059,0.9820137900379085
3,1342,VAR_000181,1,0.8115758511078184,0.9820137900379085
3,1344,VAR_003594,0,0.7192566784500084,4.5397868702434395e-05
3,1348,VAR_000836,0,0.7043298102174016,0.0003353501304664781
3,1365,VAR_006175,1,0.7611136670677675,0.0003353501304664781
3,1382,VAR_006110,1,0.8020714563982153,0.11920292202211755
3,1385,VAR_005083,1,0.7359976841378544,0.9525741268224334
3,1391,VAR_001753,1,0.7056620372157975,0.0003353501304664781
3,1395,VAR_000304,1,0.7868312525521212,0.9525741268224334
3,1397,VAR_002258,1,0.6431002832049072,0.8807970779778823
3,1398,VAR_002378,1,0.7777264569398158,0.0024726231566347743
3,1414,VAR_005604,1,0.7287436661567889,0.0009110511944006454
3,1428,VAR_006475,1,0.7239620056081301,0.9820137900379085
3,1430,VAR_004967,0,0.5319394886093753,0.9820137900379085
3,1444,VAR_005434,1,0.7270040189151318,0.04742587317756678
3,1453,VAR_001963,1,0.5942786782361158,0.04742587317756678
3,1462,VAR_004903,1,0.6965584510623594,0.0024726231566347743
3,1479,VAR_004007,1,0.8053630155888514,0.9525741268224334
3,1484,VAR_004225,1,0.6431002832049072,0.8807970779778823
3,1491,VAR_002080,1,0.5647593349201514,0.11920292202211755
3,1497,VAR_000765,1,0.7236858370739024,0.0009110511944006454
3,1499,VAR_003209,0,0.47212332958840936,0.5
3,1501,VAR_006090,1,0.6388601791138593,0.0003353501304664781
3,1503,VAR_001615,0,0.7207450491335208,0.01798620996209156
3,1507,VAR_000225,1,0.6185087034423588,0.11920292202211755
3,1525,VAR_005171,1,0.5519272060171005,0.0003353501304664781
3,1535,VAR_001173,1,0.6976567507288315,0.04742587317756678
3,1539,VAR_004654,0,0.5895403442610073,0.0003353501304664781
3,1541,VAR_002336,0,0.5299256316050998,0.00012339457598623172
3,1554,VAR_003073,0,0.7574550774356932,0.11920292202211755
3,1561,VAR_005867,1,0.666603597418531,0.0003353501304664781
3,1563,VAR_005689,0,0.5362596294237276,0.0009110511944006454
3,1567,VAR_002479,1,0.8177063375371804,0.9820137900379085
3,1571,VAR_003755,1,0.8028272303313179,0.0024726231566347743
3,1579,VAR_002125,0,0.5654351143895163,0.0003353501304664781
3,1589,VAR_001750,1,0.589924818122254,0.01798620996209156
3,1594,VAR_005186,1,0.5151633021604924,0.0066928509242848554
3,1599,VAR_001719,0,0.4899426563172916,0.9525741268224334
3,1600,VAR_002631,1,0.6857747145376579,0.0024726231566347743
3,1616,VAR_005142,1,0.718070238770633,0.0024726231566347743
3,1619,VAR_004196,0,0.7626820353002519,0.0009110511944006454
3,1625,VAR_003686,0,0.5620749655983478,0.0024726231566347743
3,1632,VAR_000782,1,0.814167750937721,0.0003353501304664781
3,1637,VAR_005079,1,0.5903666414000792,0.0024726231566347743
3,1642,VAR_000330,1,0.8000947946459066,0.9820137900379085
3,1647,VAR_005188,1,0.5328919756084368,0.0024726231566347743
3,1656,VAR_005206,1,0.7106237858857866,0.0066928509242848554
3,1666,VAR_000563,0,0.529513520761011,4.5397868702434395e-05
3,1681,VAR_003777,1,0.8193198392396439,0.8807970779778823
3,1682,VAR_005519,1,0.5706509368263286,0.01798620996209156
3,1684,VAR_003588,0,0.5236857397346224,0.5
3,1686,VAR_004968,1,0.771907317513916,0.8807970779778823
3,1687,VAR_002453,1,0.7351916060485274,0.9525741268224334
3,1689,VAR_001217,0,0.5357592407217189,0.0066928509242848554
3,1694,VAR_000120,1,0.7671917403339095,0.8807970779778823
3,1696,VAR_004909,1,0.7705382228858888,0.0009110511944006454
3,1703,VAR_005453,1,0.7301375173906018,0.04742587317756678
3,1713,VAR_000886,0,0.5982461542506081,0.01798620996209156
3,1718,VAR_003123,0,0.5117167628010827,0.9820137900379085
3,1719,VAR_004014,1,0.8215567822143671,0.9820137900379085
3,1721,VAR_005670,0,0.5481058539385513,0.0009110511944006454
3,1723,VAR_000918,0,0.6181572555117492,0.11920292202211755
3,1727,VAR_000471,0,0.6431002832049072,0.8807970779778823
3,1730,VAR_001196,0,0.5146689176128757,0.0003353501304664781
3,1741,VAR_004372,0,0.6766265004261819,0.0009110511944006454
3,1760,VAR_004689,0,0.6431002832049072,0.8807970779778823
3,1769,VAR_002051,1,0.6061591709646378,0.00012339457598623172
3,1776,VAR_000257,1,0.7043271254158958,0.0024726231566347743
3,1790,VAR_005603,1,0.7886041321064354,0.8807970779778823
3,1797,VAR_002217,1,0.7928499148244766,0.9820137900379085
3,1803,VAR_000339,1,0.7732765135258386,0.0024726231566347743
3,1812,VAR_000706,1,0.548586258713919,0.0009110511944006454
3,1815,VAR_001935,0,0.534523953242126,0.9820137900379085
3,1816,VAR_005400,1,0.80587529584124,0.9525741268224334
3,1820,VAR_005712,1,0.8000520637435947,0.00012339457598623172
3,1822,VAR_000346,0,0.4899426563172916,0.8807970779778823
3,1825,VAR_006586,1,0.6265936546255201,0.00012339457598623172
3,1829,VAR_000639,1,0.8192048749285021,0.9820137900379085
3,1832,VAR_006304,0,0.5066931195029979,0.0003353501304664781
3,1833,VAR_005419,1,0.8183176916854983,0.04742587317756678
3,1838,VAR_002346,0,0.8077377096292053,0.0024726231566347743
3,1849,VAR_005155,1,0.719749693853608,0.9820137900379085
3,1855,VAR_000487,0,0.5525342912474598,0.0003353501304664781
3,1861,VAR_003422,0,0.6787264205803375,0.04742587317756678
3,1862,VAR_002845,1,0.7211028231545097,0.0024726231566347743
3,1868,VAR_001027,0,0.7859906924953659,0.11920292202211755
3,1879,VAR_004853,1,0.790556194828922,0.9820137900379085
3,1883,VAR_006328,1,0.7591661478724727,0.11920292202211755
3,1886,VAR_000291,1,0.7643615482071926,0.9820137900379085
3,1888,VAR_006225,0,0.7083537799669122,0.01798620996209156
3,1906,VAR_002028,1,0.7853428177448047,0.9820137900379085
3,1907,VAR_005554,1,0.741156244628303,0.0009110511944006454
3,1910,VAR_003445,0,0.534523953242126,0.9820137900379085
3,1921,VAR_006502,1,0.760523926757823,0.9820137900379085
3,1932,VAR_001406,1,0.7120705528397037,0.01798620996209156
3,1933,VAR_000483,1,0.6147911024781664,0.01798620996209156
3,1934,VAR_000206,1,0.791911992902742,0.0009110511944006454
3,1935,VAR_003725,0,0.5203286776985193,0.0024726231566347743
3,1941,VAR_004561,0,0.706241347325478,0.9820137900379085
3,1948,VAR_000146,1,0.74146828268602,0.0024726231566347743
3,1962,VAR_001144,1,0.8182308826680164,0.9820137900379085
3,1963,VAR_005737,1,0.7472670725867154,0.0024726231566347743
3,1965,VAR_003643,0,0.5043519061412965,4.5397868702434395e-05
3,1971,VAR_004106,1,0.7736890059177105,0.11920292202211755
3,1976,VAR_002507,1,0.7612160503036777,0.9820137900379085
3,1977,VAR_001461,1,0.7037837341503363,0.0003353501304664781
3,2000,VAR_004240,1,0.803500664238321,0.9820137900379085
3,2001,VAR_005719,1,0.8182746308061817,0.11920292202211755
3,2006,VAR_004822,0,0.7945152830552257,0.9820137900379085
3,2016,VAR_004064,1,0.8159012902807669,0.9820137900379085
3,2023,VAR_000529,1,0.7863113684734281,0.11920292202211755
3,2027,VAR_003913,0,0.6347509241130947,0.0024726231566347743
3,2042,VAR_005751,0,0.546361558242917,0.0009110511944006454
3,2043,VAR_001422,0,0.6849541123214185,0.0003353501304664781
3,2048,VAR_005474,1,0.7915584585838952,0.9525741268224334
3,2051,VAR_005166,1,0.8174932514184436,0.0024726231566347743
3,2060,VAR_004957,0,0.5338301449051942,0.0003353501304664781
3,2065,VAR_002330,0,0.6054219627024812,0.01798620996209156
3,2068,VAR_003802,1,0.8007916154211325,0.7310585786300049
3,2076,VAR_002980,1,0.6766216133937262,0.04742587317756678
3,2081,VAR_003834,1,0.7481045145552552,0.7310585786300049
3,2098,VAR_004111,1,0.7876142966946319,0.9525741268224334
3,2099,VAR_006098,1,0.7568359007210653,0.9525741268224334
3,2100,VAR_003843,1,0.7925551282820185,0.9820137900379085
3,2103,VAR_000269,1,0.705481415473359,0.01798620996209156
3,2105,VAR_003260,1,0.7365857811634337,0.0024726231566347743
3,2110,VAR_001666,1,0.7440542829030169,0.0009110511944006454
3,2124,VAR_002016,0,0.5125455675368586,0.0024726231566347743
3,2125,VAR_005791,1,0.71701146740482,0.11920292202211755
3,2134,VAR_002936,1,0.6450186248125753,0.01798620996209156
3,2137,VAR_001677,1,0.6777299731450396,0.0009110511944006454
3,2138,VAR_001424,0,0.6431002832049072,0.8807970779778823
3,2139,VAR_005729,1,0.5593682035134717,0.0003353501304664781
3,2152,VAR_000580,0,0.5449811451878372,0.0024726231566347743
3,2163,VAR_001627,1,0.6431002832049072,0.8807970779778823
3,2174,VAR_002874,1,0.5909477248602278,0.0024726231566347743
3,2177,VAR_003529,1,0.5358186758214868,0.0009110511944006454
3,2192,VAR_004745,1,0.711301860198717,0.9525741268224334
3,2201,VAR_006213,1,0.7979589590954386,0.8807970779778823
3,2210,VAR_006556,1,0.5151561502639037,4.5397868702434395e-05
3,2211,VAR_004035,0,0.5742452033545422,0.0024726231566347743
3,2230,VAR_004285,1,0.6230513260432607,0.0003353501304664781
3,2236,VAR_003243,1,0.7857232212559515,0.9820137900379085
3,2239,VAR_000498,0,0.5306017290492316,0.0003353501304664781
3,2246,VAR_001637,1,0.6431002832049072,0.8807970779778823
3,2250,VAR_006564,1,0.6582428703019431,0.11920292202211755
3,2255,VAR_000183,1,0.5507151723722918,0.0003353501304664781
3,2276,VAR_002429,1,0.8003414991696037,0.01798620996209156
3,2281,VAR_002567,0,0.5345040089059727,0.0003353501304664781
3,2283,VAR_004011,1,0.8115386036780825,0.9820137900379085
3,2287,VAR_001585,0,0.6431002832049072,0.8807970779778823
3,2290,VAR_006585,0,0.7871651752194444,0.9820137900379085
3,2304,VAR_004947,1,0.7220242384335921,0.0024726231566347743
3,2338,VAR_003723,1,0.7446155460275422,4.5397868702434395e-05
3,2345,VAR_000037,1,0.7969197421678755,0.9820137900379085
3,2361,VAR_004459,0,0.5132461592903003,4.5397868702434395e-05
3,2365,VAR_005036,0,0.5210025059348493,0.0009110511944006454
3,2373,VAR_006508,1,0.8049050080612979,0.9820137900379085
3,2386,VAR_004774,1,0.7471771548155762,0.11920292202211755
3,2387,VAR_005730,0,0.5560604644090694,0.0024726231566347743
3,2390,VAR_005211,1,0.5705627010092424,0.0024726231566347743
3,2392,VAR_005861,1,0.7323447294335635,0.9820137900379085
3,2405,VAR_004355,0,0.7745544603437781,0.01798620996209156
3,2411,VAR_001741,0,0.5030337079424851,4.5397868702434395e-05
3,2420,VAR_000535,0,0.6027793732216429,0.11920292202211755
3,2431,VAR_002529,0,0.5314661000123785,4.5397868702434395e-05
3,2436,VAR_006581,1,0.7958933498820328,0.9820137900379085
3,2444,VAR_004380,1,0.7999769689227646,0.0024726231566347743
3,2454,VAR_000361,1,0.702248548615095,0.11920292202211755
3,2459,VAR_000149,1,0.8185437614509239,0.0024726231566347743
3,2475,VAR_005593,1,0.8159898249591792,0.8807970779778823
3,2479,VAR_000362,1,0.7221317481421217,0.0024726231566347743
3,2483,VAR_005789,1,0.7435898127026312,0.9820137900379085
3,2486,VAR_002974,0,0.6678815987590149,0.8807970779778823
3,2498,VAR_005176,1,0.6777764515972996,0.11920292202211755
3,2499,VAR_005268,1,0.7207450491335208,0.01798620996209156
3,2505,VAR_005480,1,0.7850420493731919,0.04742587317756678
3,2507,VAR_005428,1,0.7638835696447928,0.01798620996209156
3,2528,VAR_004156,0,0.7391165822072919,0.01798620996209156
3,2531,VAR_000214,1,0.666787161783842,0.0009110511944006454
3,2545,VAR_004063,1,0.80588009997887,0.9820137900379085
3,2556,VAR_000508,1,0.6386058026009045,0.11920292202211755
3,2558,VAR_005074,1,0.8123219073740869,0.0024726231566347743
3,2565,VAR_002325,1,0.7597970851875857,0.11920292202211755
3,2584,VAR_005100,0,0.473870811577544,0.5
3,2594,VAR_006333,0,0.6921610983228286,0.8807970779778823
3,2607,VAR_006060,0,0.7999529935502535,0.9820137900379085
3,2610,VAR_006157,0,0.7489944441658681,0.9820137900379085
3,2611,VAR_000014,1,0.7258808969379771,0.5
3,2614,VAR_006517,1,0.8161310889745041,0.9820137900379085
3,2616,VAR_000870,0,0.7190723748692592,0.2689414213699951
3,2624,VAR_005140,1,0.7317392024198415,0.0024726231566347743
3,2631,VAR_005189,1,0.7157564097423531,0.04742587317756678
3,2646,VAR_003964,1,0.8213277773266866,0.9820137900379085
3,2650,VAR_002476,1,0.8091832011168111,0.9820137900379085
3,2652,VAR_001193,0,0.5189367997307802,0.01798620996209156
3,2654,VAR_005299,0,0.6052111582024242,0.01798620996209156
3,2657,VAR_004729,1,0.7353752277830761,0.0009110511944006454
3,2661,VAR_000150,1,0.7515573554454157,0.0024726231566347743
3,2665,VAR_006287,0,0.6678248182063787,0.0003353501304664781
3,2667,VAR_005766,1,0.8111564554328722,0.0024726231566347743
3,2681,VAR_000579,1,0.7875765923659162,0.0024726231566347743
3,2682,VAR_003405,1,0.7750481536183291,0.0024726231566347743
3,2686,VAR_003409,1,0.797893338522955,0.9820137900379085
3,2687,VAR_003714,0,0.5367704094139018,0.01798620996209156
3,2689,VAR_002409,1,0.7928345295033215,0.9820137900379085
3,2690,VAR_004857,0,0.5647001240296893,0.0066928509242848554
3,2693,VAR_005132,1,0.714494593444297,0.0024726231566347743
3,2699,VAR_001625,1,0.6431002832049072,0.8807970779778823
3,2701,VAR_005507,0,0.5487166451310193,0.00012339457598623172
3,2704,VAR_005963,1,0.7734618176213339,0.11920292202211755
3,2706,VAR_002444,1,0.7192292140448172,0.9820137900379085
3,2707,VAR_003271,1,0.6633299734123012,0.7310585786300049
3,2716,VAR_004814,1,0.7392392035244738,0.11920292202211755
3,2720,VAR_005703,1,0.7930345260599065,0.9820137900379085
3,2721,VAR_001458,1,0.6431002832049072,0.8807970779778823
3,2723,VAR_003391,1,0.7366906873986963,0.9820137900379085
3,2724,VAR_005172,0,0.5825338236748739,0.0003353501304664781
3,2733,VAR_002086,1,0.6638398120680729,0.0003353501304664781
3,2735,VAR_004827,1,0.7893109238173842,0.8807970779778823
3,2736,VAR_003296,1,0.8107226161609803,0.9820137900379085
3,2743,VAR_003573,0,0.6431482516205668,4.5397868702434395e-05
3,2744,VAR_006541,1,0.5244593090876809,0.0024726231566347743
3,2745,VAR_005706,1,0.8140057107070274,0.8807970779778823
3,2747,VAR_000764,1,0.8059750237334302,0.04742587317756678
3,2760,VAR_005244,1,0.7966964660046214,0.0024726231566347743
3,2775,VAR_000553,0,0.5445107499651198,0.0003353501304664781
3,2782,VAR_000455,1,0.7699783691675436,0.11920292202211755
3,2787,VAR_004430,1,0.7279461982834771,0.5
3,2809,VAR_004845,1,0.7400059452007167,0.0024726231566347743
3,2812,VAR_005439,1,0.7287942690335607,0.04742587317756678
3,2819,VAR_006119,0,0.6668074658110645,0.0009110511944006454
3,2827,VAR_005842,1,0.750138662778922,0.9820137900379085
3,2828,VAR_004492,0,0.5022821291037564,0.01798620996209156
3,2830,VAR_001761,1,0.7114999168238861,0.5
3,2833,VAR_000280,1,0.5305280694318202,0.00012339457598623172
3,2837,VAR_000209,1,0.5426054884276036,0.0009110511944006454
3,2862,VAR_006575,0,0.8045262715472822,0.9820137900379085
3,2865,VAR_002988,1,0.5558342141618917,0.0003353501304664781
3,2869,VAR_005564,1,0.7209514104946864,0.0009110511944006454
3,2875,VAR_001766,1,0.5717347539948889,0.0003353501304664781
3,2876,VAR_003985,1,0.7962903803300774,0.9820137900379085
3,2886,VAR_000835,1,0.7876016320587156,0.9525741268224334
3,2890,VAR_006499,1,0.8132718225764538,0.9525741268224334
3,2901,VAR_003972,0,0.5318472621952827,0.0003353501304664781
3,2905,VAR_004883,0,0.47212332958840936,0.5
3,2909,VAR_002029,0,0.7630739942944739,0.11920292202211755
3,2914,VAR_003294,1,0.7689085273294896,0.9820137900379085
3,2915,VAR_000397,0,0.6931758692809695,0.0024726231566347743
3,2917,VAR_001136,1,0.7427314006352094,0.9820137900379085
3,2921,VAR_000396,1,0.5372507336599003,0.01798620996209156
3,2926,VAR_002007,1,0.8111156308787506,0.0024726231566347743
3,2929,VAR_004058,1,0.8008429886365669,0.9820137900379085
4,3,VAR_000808,1,0.8227419520085983,0.9820137900379085
4,20,VAR_002538,1,0.7743287626782575,0.9820137900379085
4,37,VAR_001186,1,0.7728320050225591,0.0009110511944006454
4,45,VAR_001239,1,0.7575684541142498,0.11920292202211755
4,53,VAR_004466,1,0.7853366696621626,0.9820137900379085
4,68,VAR_000438,0,0.7579484705323053,0.11920292202211755
4,72,VAR_002235,0,0.7683331609503188,0.04742587317756678
4,76,VAR_005614,1,0.7802826632138198,0.8807970779778823
4,78,VAR_005881,0,0.7375605504787258,0.0009110511944006454
4,82,VAR_000732,1,0.7930455893580762,0.0009110511944006454
4,84,VAR_002218,1,0.8064668937155648,0.0009110511944006454
4,86,VAR_005989,1,0.5889618858566316,0.0003353501304664781
4,88,VAR_001425,0,0.6446732846817984,0.8807970779778823
4,92,VAR_000540,0,0.5648972765741271,0.0009110511944006454
4,100,VAR_004687,0,0.642330699772315,0.0003353501304664781
4,101,VAR_005060,1,0.5879094801573348,0.0024726231566347743
4,105,VAR_002048,0,0.506849058441879,0.0024726231566347743
4,122,VAR_005097,0,0.6750559090065574,0.0024726231566347743
4,125,VAR_001754,0,0.5501223413113296,0.0024726231566347743
4,139,VAR_000790,1,0.7246735853805699,0.0009110511944006454
4,146,VAR_006532,0,0.6076405380245093,0.0003353501304664781
4,153,VAR_001497,0,0.6446732846817984,0.8807970779778823
4,157,VAR_000784,1,0.7188319605857091,0.04742587317756678
4,158,VAR_000153,1,0.7988020066787249,0.9820137900379085
4,159,VAR_005152,0,0.48537562968183307,0.7310585786300049
4,163,VAR_004291,1,0.5650149635466563,0.01798620996209156
4,190,VAR_005438,1,0.807936785391547,0.9525741268224334
4,192,VAR_003318,1,0.7002076776580649,0.8807970779778823
4,195,VAR_002150,1,0.7803275328175361,0.9820137900379085
4,200,VAR_006077,0,0.5057889616536979,0.00012339457598623172
4,202,VAR_001495,0,0.6732737076795784,0.0003353501304664781
4,217,VAR_004868,1,0.7834116157615408,0.11920292202211755
4,224,VAR_006379,1,0.7530067902184531,0.7310585786300049
4,228,VAR_001996,1,0.810054737597429,0.9820137900379085
4,235,VAR_000114,1,0.5394329897731132,0.0009110511944006454
4,250,VAR_005164,1,0.7317599370594474,0.0024726231566347743
4,260,VAR_003450,1,0.8073079863392576,0.0024726231566347743
4,262,VAR_001346,1,0.6877585413701236,0.0003353501304664781
4,267,VAR_000435,1,0.687229743111807,0.8807970779778823
4,268,VAR_006012,0,0.5454508678974217,0.0009110511944006454
4,269,VAR_000138,1,0.7854967141616475,0.9820137900379085
4,272,VAR_003530,1,0.5067025105989315,0.0009110511944006454
4,280,VAR_000311,0,0.6040257121670094,0.0024726231566347743
4,284,VAR_005980,0,0.5211616063830392,0.0003353501304664781
4,293,VAR_001178,1,0.8035916804053433,0.0009110511944006454
4,306,VAR_005607,1,0.6160523939240197,0.00012339457598623172
4,320,VAR_001837,1,0.5119338917201057,0.0003353501304664781
4,324,VAR_005191,1,0.675987964769028,0.8807970779778823
4,325,VAR_002568,0,0.6660658676649756,0.0003353501304664781
4,328,VAR_001329,0,0.6446732846817984,0.8807970779778823
4,332,VAR_003766,1,0.7968457763359933,0.0003353501304664781
4,340,VAR_003854,1,0.7890424610009414,0.9820137900379085
4,341,VAR_006338,1,0.8207331826625458,0.9820137900379085
4,347,VAR_002185,1,0.8158801580964604,0.9820137900379085
4,348,VAR_001391,1,0.6446732846817984,0.8807970779778823
4,349,VAR_005345,0,0.5660237515797848,0.0024726231566347743
4,351,VAR_004445,0,0.5513749153321106,0.00012339457598623172
4,353,VAR_005440,1,0.611296450927863,0.0009110511944006454
4,356,VAR_000512,1,0.7385709114972497,0.04742587317756678
4,360,VAR_006198,1,0.7690368561270975,0.0009110511944006454
4,378,VAR_004089,1,0.8204536501470643,0.9820137900379085
4,389,VAR_004945,1,0.8055970600808657,0.9820137900379085
4,406,VAR_004026,1,0.8152037773342451,0.9820137900379085
4,410,VAR_004059,1,0.8043853305127466,0.9820137900379085
4,415,VAR_000461,1,0.7861396682069222,0.9525741268224334
4,417,VAR_001604,1,0.6975495676825239,0.0003353501304664781
4,422,VAR_005836,1,0.773292985893898,0.0024726231566347743
4,424,VAR_005483,0,0.5761737252335272,0.01798620996209156
4,428,VAR_001813,0,0.695931394489481,0.0024726231566347743
4,431,VAR_006140,1,0.793642597275744,0.9820137900379085
4,433,VAR_004001,1,0.8188670529686902,0.9820137900379085
4,436,VAR_002004,1,0.8012466540755039,0.9820137900379085
4,438,VAR_003269,1,0.812585366548904,0.9820137900379085
4,442,VAR_000583,0,0.8130194577158878,0.0024726231566347743
4,454,VAR_001614,0,0.5750546237547436,0.01798620996209156
4,461,VAR_001288,0,0.5616258971590186,0.0003353501304664781
4,467,VAR_000502,0,0.572032717732414,0.9820137900379085
4,472,VAR_004604,0,0.6036438911703078,0.0003353501304664781
4,478,VAR_006561,1,0.6872451970598643,0.0003353501304664781
4,479,VAR_003734,1,0.7387234066023078,0.0066928509242848554
4,483,VAR_000127,0,0.545652689664246,0.9820137900379085
4,495,VAR_005642,1,0.8004697403469392,0.9525741268224334
4,498,VAR_003215,0,0.6039168182803181,0.0024726231566347743
4,500,VAR_004801,1,0.7975059992790796,0.11920292202211755
4,503,VAR_000672,1,0.7900783459304566,0.9525741268224334
4,509,VAR_002272,1,0.7481413755362808,0.0009110511944006454
4,513,VAR_003367,1,0.7480713011361823,0.11920292202211755
4,532,VAR_000275,1,0.7751153476300977,0.9820137900379085
4,536,VAR_002362,1,0.7611293590649023,0.11920292202211755
4,542,VAR_004022,1,0.8109670236179274,0.9820137900379085
4,548,VAR_003800,1,0.7925674513845603,0.9820137900379085
4,550,VAR_003761,0,0.7996251765718816,0.11920292202211755
4,566,VAR_005858,1,0.7886926355833956,0.9820137900379085
4,570,VAR_005941,0,0.6663238853467199,0.0003353501304664781
4,579,VAR_005616,1,0.7447806912360393,0.0009110511944006454
4,587,VAR_004980,1,0.8226482158356905,0.9820137900379085
4,589,VAR_005358,1,0.7614143083467414,0.9820137900379085
4,597,VAR_001000,0,0.5052220639920264,0.0003353501304664781
4,603,VAR_005007,0,0.56861998236499,0.0003353501304664781
4,604,VAR_004252,1,0.8199917018908744,0.9820137900379085
4,608,VAR_002188,1,0.8179223165968842,0.9820137900379085
4,609,VAR_002664,1,0.6936099899935205,0.0009110511944006454
4,611,VAR_003155,0,0.781688603328584,0.8807970779778823
4,612,VAR_005106,1,0.6800293186793662,0.11920292202211755
4,629,VAR_000903,1,0.6446732846817984,0.8807970779778823
4,643,VAR_003764,1,0.5857116734891471,0.0024726231566347743
4,647,VAR_001543,1,0.6446732846817984,0.8807970779778823
4,649,VAR_004177,1,0.8232865060755759,0.9820137900379085
4,658,VAR_004085,0,0.5172747195590592,0.9820137900379085
4,678,VAR_000109,1,0.7058024926667934,0.11920292202211755
4,680,VAR_000111,1,0.7174737332332689,0.0024726231566347743
4,681,VAR_000119,1,0.5893912304943174,0.11920292202211755
4,697,VAR_001233,0,0.4940785211026382,0.0003353501304664781
4,700,VAR_006061,1,0.7590357069719723,0.9820137900379085
4,706,VAR_005357,1,0.7964656389735809,0.9525741268224334
4,713,VAR_004924,1,0.7917477579106063,0.9820137900379085
4,729,VAR_005573,1,0.6998142513184312,0.0009110511944006454
4,731,VAR_005996,1,0.6075076348243825,0.0003353501304664781
4,736,VAR_005536,1,0.7908360598246125,0.0009110511944006454
4,744,VAR_004800,0,0.5055036043780392,4.5397868702434395e-05
4,750,VAR_003961,1,0.8093498768756591,0.0009110511944006454
4,758,VAR_003067,0,0.7797920869265504,0.0024726231566347743
4,764,VAR_002265,1,0.7441805669809943,0.11920292202211755
4,778,VAR_003248,1,0.7792127192179849,0.9820137900379085
4,781,VAR_002581,1,0.7453655601249519,0.04742587317756678
4,786,VAR_005354,1,0.7563111767159345,0.9820137900379085
4,791,VAR_002252,0,0.5400056777860437,0.0003353501304664781
4,798,VAR_001518,0,0.6446732846817984,0.8807970779778823
4,803,VAR_001420,0,0.6865087428371138,0.01798620996209156
4,804,VAR_004251,1,0.800976878299114,0.0024726231566347743
4,805,VAR_002445,1,0.7750383045970639,0.9820137900379085
4,856,VAR_004489,0,0.8003853622324777,0.11920292202211755
4,869,VAR_002142,1,0.7722362152836995,0.0024726231566347743
4,880,VAR_005048,1,0.7793538686056577,0.0024726231566347743
4,883,VAR_004646,0,0.6291623069028567,0.0003353501304664781
4,897,VAR_005387,0,0.5099034666168888,0.7310585786300049
4,899,VAR_002308,1,0.8077665599697703,0.0024726231566347743
4,904,VAR_003383,1,0.7943490203387832,0.11920292202211755
4,911,VAR_005605,1,0.7932045739159275,0.9525741268224334
4,913,VAR_001633,1,0.6446732846817984,0.8807970779778823
4,923,VAR_001459,0,0.6446732846817984,0.8807970779778823
4,932,VAR_000532,1,0.514459694469908,0.0003353501304664781
4,933,VAR_000265,1,0.6446732846817984,0.8807970779778823
4,936,VAR_000371,0,0.5000581263157484,0.0024726231566347743
4,938,VAR_005905,1,0.7853022238811758,0.8807970779778823
4,949,VAR_005733,0,0.5662310148314468,0.0024726231566347743
4,954,VAR_003293,1,0.7997565351399744,0.11920292202211755
4,962,VAR_005401,1,0.8218656736439092,0.04742587317756678
4,965,VAR_005795,1,0.8080443081050431,0.0024726231566347743
4,971,VAR_004096,0,0.4834299586041903,4.5397868702434395e-05
4,974,VAR_002488,1,0.5362723940212519,4.5397868702434395e-05
4,976,VAR_005715,1,0.7796666210500944,0.9820137900379085
4,984,VAR_002482,0,0.5052220639920264,4.5397868702434395e-05
4,985,VAR_005177,1,0.7636682034698458,0.2689414213699951
4,998,VAR_006091,1,0.6043459952914061,0.01798620996209156
4,1002,VAR_003865,1,0.7753511121083604,0.9820137900379085
4,1006,VAR_003804,1,0.6056993084057778,0.5
4,1013,VAR_000283,1,0.8096122993775877,0.9820137900379085
4,1021,VAR_004051,1,0.8213358670407901,0.9820137900379085
4,1024,VAR_006045,1,0.7912741453204161,0.8807970779778823
4,1027,VAR_001366,1,0.6446732846817984,0.8807970779778823
4,1043,VAR_004848,0,0.6507807238518103,0.01798620996209156
4,1052,VAR_004042,1,0.7901411761405857,0.9820137900379085
4,1053,VAR_006165,1,0.7944841600754982,0.9820137900379085
4,1055,VAR_001363,1,0.6446732846817984,0.8807970779778823
4,1063,VAR_000059,1,0.7889531485111844,0.11920292202211755
4,1071,VAR_004016,1,0.7970451073323209,0.9820137900379085
4,1076,VAR_006070,0,0.689638212085636,0.0024726231566347743
4,1092,VAR_003375,1,0.7605506711528363,0.9820137900379085
4,1105,VAR_002003,0,0.5426722014852324,0.9820137900379085
4,1106,VAR_000266,1,0.6879829915167692,0.0003353501304664781
4,1110,VAR_002423,1,0.7928710020498716,0.11920292202211755
4,1116,VAR_003756,1,0.6339789615239293,0.00012339457598623172
4,1125,VAR_001555,1,0.6446732846817984,0.8807970779778823
4,1135,VAR_002309,1,0.7163734305389707,0.04742587317756678
4,1143,VAR_004152,0,0.6284544394496574,0.04742587317756678
4,1147,VAR_003041,1,0.7241769152991304,0.9820137900379085
4,1151,VAR_002006,1,0.5883761800036843,0.0003353501304664781
4,1153,VAR_001417,1,0.6446732846817984,0.8807970779778823
4,1160,VAR_005481,1,0.7374110075698056,0.9525741268224334
4,1169,VAR_001517,0,0.6973647472896765,0.0003353501304664781
4,1174,VAR_001701,1,0.6601135000788731,0.0003353501304664781
4,1198,VAR_000792,1,0.6911766446380287,0.0003353501304664781
4,1199,VAR_002407,0,0.4962620789730548,0.0003353501304664781
4,1215,VAR_005162,1,0.7660567746198685,0.11920292202211755
4,1220,VAR_005985,0,0.6441806640427024,0.0024726231566347743
4,1221,VAR_006503,1,0.7089291578088521,0.8807970779778823
4,1227,VAR_002985,1,0.5767048865249397,0.0024726231566347743
4,1229,VAR_005695,1,0.7850564683264243,0.9820137900379085
4,1237,VAR_000288,1,0.756956654730293,0.04742587317756678
4,1240,VAR_005234,0,0.5704998555838611,4.5397868702434395e-05
4,1247,VAR_000527,1,0.7596770376025075,4.5397868702434395e-05
4,1254,VAR_001818,1,0.790817075673585,0.9820137900379085
4,1259,VAR_004012,1,0.8113138477073797,0.9820137900379085
4,1260,VAR_003708,0,0.619559742941715,0.0003353501304664781
4,1264,VAR_000412,0,0.6446732846817984,0.8807970779778823
4,1272,VAR_005544,1,0.7017709488696435,0.2689414213699951
4,1280,VAR_004821,0,0.5371991701256331,0.9820137900379085
4,1304,VAR_000355,1,0.7268124373214121,0.0024726231566347743
4,1314,VAR_001044,0,0.8078111452622571,0.8807970779778823
4,1316,VAR_006511,0,0.7718831672573746,0.0024726231566347743
4,1320,VAR_006360,1,0.6446732846817984,0.8807970779778823
4,1322,VAR_000126,1,0.7418101405165529,0.0024726231566347743
4,1325,VAR_002439,1,0.7370289079859199,0.0024726231566347743
4,1330,VAR_002524,1,0.7336830450611004,0.9820137900379085
4,1337,VAR_000400,1,0.6864582299371751,0.7310585786300049
4,1353,VAR_000770,0,0.5214773228912544,0.0009110511944006454
4,1367,VAR_003571,0,0.5478307834088634,4.5397868702434395e-05
4,1370,VAR_003164,0,0.545855199735121,0.9820137900379085
4,1373,VAR_005289,1,0.6367030480034875,0.0003353501304664781
4,1375,VAR_003539,0,0.7803194513183763,0.0024726231566347743
4,1383,VAR_005153,1,0.742256631849448,0.11920292202211755
4,1406,VAR_001940,1,0.8071196052674312,0.11920292202211755
4,1410,VAR_000452,1,0.7998074895707471,0.9525741268224334
4,1411,VAR_003436,0,0.6560095872969801,0.0024726231566347743
4,1413,VAR_002243,1,0.7687364230824487,0.0024726231566347743
4,1416,VAR_001398,1,0.6973647472896765,0.01798620996209156
4,1422,VAR_001235,1,0.6829830208108055,0.0009110511944006454
4,1432,VAR_004215,0,0.6142436326173862,0.00012339457598623172
4,1433,VAR_006314,1,0.7112783504544066,0.9525741268224334
4,1437,VAR_005520,1,0.7521334096068849,0.04742587317756678
4,1445,VAR_000486,1,0.6879829915167692,0.0003353501304664781
4,1446,VAR_000102,0,0.8005835972505718,0.0024726231566347743
4,1467,VAR_005472,1,0.7836408505740615,0.04742587317756678
4,1469,VAR_005099,1,0.7467670028034608,0.11920292202211755
4,1470,VAR_003521,1,0.5560790295707251,0.0009110511944006454
4,1473,VAR_000916,1,0.7232215833933626,0.5
4,1477,VAR_002448,1,0.7825780772245143,0.7310585786300049
4,1481,VAR_001854,0,0.6300126276557825,0.7310585786300049
4,1483,VAR_006569,1,0.6873021861198202,0.04742587317756678
4,1492,VAR_005755,1,0.637941050175271,0.0024726231566347743
4,1508,VAR_001489,1,0.688236604633012,0.01798620996209156
4,1515,VAR_006228,0,0.5889618858566316,0.01798620996209156
4,1524,VAR_002144,1,0.7865018850423744,0.9820137900379085
4,1532,VAR_006080,1,0.6432364094459235,0.04742587317756678
4,1534,VAR_003316,0,0.8182721878991188,0.9820137900379085
4,1545,VAR_000720,1,0.7765643226060427,0.0009110511944006454
4,1546,VAR_005575,1,0.6002524759509529,0.01798620996209156
4,1550,VAR_001065,1,0.8186453884980034,0.9820137900379085
4,1564,VAR_005160,1,0.79409518046077,0.11920292202211755
4,1584,VAR_000726,0,0.5033081168338003,0.0003353501304664781
4,1586,VAR_001179,1,0.7567613338736616,0.0009110511944006454
4,1593,VAR_005392,0,0.4788012549704281,0.8807970779778823
4,1597,VAR_006537,0,0.7732559512575689,0.9525741268224334
4,1602,VAR_001915,0,0.726961897430443,0.0024726231566347743
4,1604,VAR_006076,1,0.7065799080571018,4.5397868702434395e-05
4,1608,VAR_004726,1,0.8014763626354199,0.04742587317756678
4,1631,VAR_000159,0,0.7717609961249797,0.8807970779778823
4,1633,VAR_003257,1,0.7396709224482096,0.04742587317756678
4,1636,VAR_002166,1,0.8117517715320698,0.9820137900379085
4,1641,VAR_004743,1,0.5925576648482728,0.0003353501304664781
4,1660,VAR_002546,0,0.7225899666696032,0.00012339457598623172
4,1688,VAR_002434,1,0.8043748766199713,0.2689414213699951
4,1690,VAR_000085,1,0.7219290007506348,0.0024726231566347743
4,1700,VAR_006055,1,0.6776352905877001,0.7310585786300049
4,1715,VAR_005792,1,0.7290330364162217,0.0024726231566347743
4,1738,VAR_001570,1,0.6853714990936627,0.0003353501304664781
4,1749,VAR_001721,0,0.545855199735121,0.9820137900379085
4,1750,VAR_001530,1,0.6156889027819477,0.01798620996209156
4,1751,VAR_004952,0,0.7228194764621056,0.0024726231566347743
4,1753,VAR_005405,1,0.8158281592578204,0.9525741268224334
4,1757,VAR_005037,0,0.7026476800230756,0.0024726231566347743
4,1764,VAR_003414,1,0.7491068384616602,0.01798620996209156
4,1766,VAR_006480,0,0.5143510023800516,0.00012339457598623172
4,1773,VAR_003520,1,0.5130906286271343,0.00012339457598623172
4,1782,VAR_000276,1,0.6743794355629117,0.7310585786300049
4,1800,VAR_001855,0,0.5469556323709001,0.00012339457598623172
4,1804,VAR_000746,1,0.7999934649728192,0.9525741268224334
4,1805,VAR_001011,0,0.5412789681470598,0.9820137900379085
4,1808,VAR_000237,1,0.7486981583252171,0.0024726231566347743
4,1809,VAR_005531,1,0.7017709488696435,0.0003353501304664781
4,1826,VAR_006218,0,0.5560952695629694,0.0003353501304664781
4,1828,VAR_004092,1,0.7265564033341485,0.9820137900379085
4,1831,VAR_003533,1,0.5761379501299931,0.04742587317756678
4,1839,VAR_001302,1,0.6843502911426099,0.01798620996209156
4,1848,VAR_003447,0,0.4832888271467192,0.9525741268224334
4,1852,VAR_000104,0,0.5834675385181172,0.00012339457598623172
4,1853,VAR_000718,1,0.7392593497985923,0.04742587317756678
4,1864,VAR_005673,1,0.7242004238680213,0.0009110511944006454
4,1865,VAR_000254,1,0.7800995293984767,0.0024726231566347743
4,1869,VAR_000509,1,0.6750729119552413,0.0024726231566347743
4,1882,VAR_003251,1,0.7496964651770678,0.9820137900379085
4,1887,VAR_000417,0,0.6446732846817984,0.8807970779778823
4,1889,VAR_005602,1,0.7754523752131514,0.0009110511944006454
4,1908,VAR_003841,0,0.7264596078542074,0.9820137900379085
4,1909,VAR_005210,1,0.7134133263026282,0.0024726231566347743
4,1915,VAR_000341,1,0.769614969425352,0.0024726231566347743
4,1925,VAR_003040,1,0.8075457651217175,0.9525741268224334
4,1926,VAR_002475,1,0.5646505091818868,0.0024726231566347743
4,1928,VAR_002313,1,0.7659061217690574,0.0024726231566347743
4,1930,VAR_005919,1,0.664836378208339,0.0024726231566347743
4,1931,VAR_000768,1,0.7524581356382731,0.0009110511944006454
4,1936,VAR_004939,1,0.7454543298173968,0.9820137900379085
4,1938,VAR_004297,1,0.5921921902418273,0.01798620996209156
4,1939,VAR_004075,1,0.6682460559083012,0.04742587317756678
4,1949,VAR_003381,0,0.7335352571119957,0.9820137900379085
4,1951,VAR_003284,1,0.7600919297538211,0.9820137900379085
4,1954,VAR_003914,0,0.6791113053261062,0.0024726231566347743
4,1958,VAR_004535,0,0.5316544878367081,4.5397868702434395e-05
4,1959,VAR_003366,1,0.71668394257901,4.5397868702434395e-05
4,1967,VAR_001808,1,0.7959918827588464,0.9820137900379085
4,1978,VAR_006050,1,0.7612319866004226,0.9820137900379085
4,1993,VAR_006097,1,0.6446732846817984,0.8807970779778823
4,1994,VAR_006593,0,0.5425902170480951,0.0003353501304664781
4,1997,VAR_005962,1,0.7542194580106636,0.0024726231566347743
4,2007,VAR_006293,1,0.6446732846817984,0.8807970779778823
4,2008,VAR_000007,0,0.5381939775380077,4.5397868702434395e-05
4,2009,VAR_003810,1,0.6107357806429138,0.04742587317756678
4,2013,VAR_002155,0,0.7743533881738365,0.0024726231566347743
4,2020,VAR_002229,0,0.5773014771274357,0.0003353501304664781
4,2030,VAR_000871,0,0.5449973798967465,0.00012339457598623172
4,2044,VAR_001535,1,0.6446732846817984,0.8807970779778823
4,2045,VAR_001565,1,0.6488448867217997,0.0003353501304664781
4,2050,VAR_005259,0,0.797035909183608,0.9820137900379085
4,2052,VAR_006038,1,0.7325846365316578,0.9820137900379085
4,2058,VAR_004211,1,0.7663599953394497,0.0009110511944006454
4,2075,VAR_000442,0,0.5488321900690981,0.9525741268224334
4,2078,VAR_005942,1,0.7374765440684978,0.0024726231566347743
4,2079,VAR_001952,1,0.825218536628936,0.9820137900379085
4,2088,VAR_004885,1,0.7606420589215999,0.9820137900379085
4,2092,VAR_003505,0,0.5300041412216001,0.9525741268224334
4,2096,VAR_005156,1,0.585241329482649,0.0066928509242848554
4,2112,VAR_000747,1,0.6698251528634471,0.01798620996209156
4,2113,VAR_002182,1,0.7591471949537391,0.9820137900379085
4,2115,VAR_003783,1,0.7935413245724696,0.9525741268224334
4,2129,VAR_000285,1,0.7558796502150812,0.9525741268224334
4,2133,VAR_006063,1,0.7649454692312835,0.8807970779778823
4,2141,VAR_004988,1,0.8109466388446696,0.11920292202211755
4,2144,VAR_005482,0,0.5426722014852324,0.9525741268224334
4,2148,VAR_004538,1,0.6446732846817984,0.8807970779778823
4,2151,VAR_002885,0,0.7465624040940082,0.9820137900379085
4,2154,VAR_001894,1,0.6830691546007129,0.04742587317756678
4,2157,VAR_004915,1,0.7194470948580428,0.11920292202211755
4,2158,VAR_000172,1,0.7741963101512075,0.9820137900379085
4,2161,VAR_000019,0,0.5113990948090981,0.0003353501304664781
4,2167,VAR_005644,1,0.560202463530201,0.00012339457598623172
4,2172,VAR_002354,1,0.6876755758100364,0.0003353501304664781
4,2176,VAR_003759,1,0.632493891090685,0.0024726231566347743
4,2178,VAR_004892,1,0.5369732067166427,0.01798620996209156
4,2185,VAR_005399,1,0.8040311740444104,0.9525741268224334
4,2197,VAR_004742,1,0.6801347452021228,0.9525741268224334
4,2206,VAR_001047,0,0.5139716252321396,0.00012339457598623172
4,2209,VAR_003508,0,0.5242355066268132,0.8807970779778823
4,2229,VAR_004912,1,0.7677031048262686,0.9820137900379085
4,2234,VAR_001635,0,0.6446732846817984,0.8807970779778823
4,2241,VAR_005487,1,0.794249811020189,0.0009110511944006454
4,2249,VAR_003683,0,0.6162749166741112,0.8807970779778823
4,2251,VAR_006048,1,0.7771843366140615,0.0003353501304664781
4,2261,VAR_002199,1,0.7942262621993204,0.11920292202211755
4,2268,VAR_001100,1,0.8039844262802406,0.8807970779778823
4,2271,VAR_001192,1,0.7796186168571486,0.0009110511944006454
4,2272,VAR_002042,1,0.49446041498077725,0.0003353501304664781
4,2280,VAR_002441,1,0.7451011683632544,0.01798620996209156
4,2286,VAR_001084,0,0.6446732846817984,0.8807970779778823
4,2289,VAR_003417,1,0.7293973089788305,0.8807970779778823
4,2291,VAR_002145,1,0.7224403124150919,0.9820137900379085
4,2305,VAR_004004,1,0.8179417126948012,0.9820137900379085
4,2307,VAR_006527,0,0.5845959546336579,0.0003353501304664781
4,2313,VAR_006315,1,0.6786667871802453,0.0024726231566347743
4,2314,VAR_003210,0,0.6394535133084911,4.5397868702434395e-05
4,2316,VAR_006319,1,0.7229673435848885,0.9820137900379085
4,2319,VAR_005302,1,0.6973647472896765,0.0003353501304664781
4,2325,VAR_004972,1,0.6044574217640504,0.0024726231566347743
4,2329,VAR_005929,1,0.7505318443429714,0.0024726231566347743
4,2337,VAR_006103,1,0.8004723376758867,0.9820137900379085
4,2341,VAR_003592,0,0.5966383452160599,4.5397868702434395e-05
4,2342,VAR_004382,1,0.7946084699032494,0.9525741268224334
4,2363,VAR_005530,1,0.5783105431532845,0.0003353501304664781
4,2366,VAR_002791,1,0.729530894237263,0.0024726231566347743
4,2383,VAR_002725,1,0.8022932819668889,0.0024726231566347743
4,2400,VAR_002591,1,0.5761379501299931,0.0024726231566347743
4,2407,VAR_003135,1,0.8131005775768155,0.9820137900379085
4,2426,VAR_005133,1,0.7696404598444936,0.0024726231566347743
4,2429,VAR_004922,1,0.7273883547527602,0.11920292202211755
4,2433,VAR_000423,0,0.7902142514024416,0.11920292202211755
4,2434,VAR_000233,1,0.7070985273900515,0.0024726231566347743
4,2451,VAR_004830,1,0.787989914719634,0.9525741268224334
4,2453,VAR_002160,1,0.7924190823758744,0.9820137900379085
4,2457,VAR_000191,1,0.810405641293827,0.9820137900379085
4,2466,VAR_001396,1,0.6837825996657566,0.0003353501304664781
4,2471,VAR_006363,0,0.6065562402912105,0.0003353501304664781
4,2472,VAR_005903,1,0.7676369203371346,0.9820137900379085
4,2474,VAR_002968,1,0.796367715958628,0.9525741268224334
4,2477,VAR_000610,0,0.5076093156175558,0.0003353501304664781
4,2485,VAR_002314,1,0.7349213544236907,0.0024726231566347743
4,2487,VAR_005814,0,0.5514702509263416,0.0024726231566347743
4,2488,VAR_002943,0,0.8008370795189659,0.9820137900379085
4,2489,VAR_003793,1,0.5771556117068577,0.0003353501304664781
4,2494,VAR_001002,1,0.8254492581589088,0.11920292202211755
4,2500,VAR_001683,0,0.7885159528006747,0.11920292202211755
4,2501,VAR_006035,1,0.7686956508411625,0.9820137900379085
4,2503,VAR_003266,1,0.756590677455615,0.11920292202211755
4,2512,VAR_003888,0,0.7665026271831156,0.00012339457598623172
4,2513,VAR_001513,1,0.6446732846817984,0.8807970779778823
4,2514,VAR_005516,1,0.7748271007248897,0.0003353501304664781
4,2521,VAR_005580,1,0.7486950975175414,0.8807970779778823
4,2525,VAR_006334,1,0.8194136123684703,0.9820137900379085
4,2527,VAR_004888,0,0.5126904129599754,4.5397868702434395e-05
4,2529,VAR_005762,0,0.5594270134012392,0.0024726231566347743
4,2532,VAR_004264,1,0.5509081985977313,0.0003353501304664781
4,2534,VAR_004023,1,0.8178488712989256,0.9820137900379085
4,2542,VAR_004664,0,0.570119783640293,0.0003353501304664781
4,2549,VAR_006528,0,0.5932743974839139,0.0003353501304664781
4,2550,VAR_004038,1,0.8218227891828539,0.9820137900379085
4,2559,VAR_000493,0,0.5050228232177053,0.00012339457598623172
4,2566,VAR_005938,1,0.7864030365158338,0.0024726231566347743
4,2568,VAR_005301,0,0.6446732846817984,0.8807970779778823
4,2570,VAR_000758,0,0.654152925031337,0.0009110511944006454
4,2571,VAR_004993,1,0.7917200449950862,0.9820137900379085
4,2572,VAR_002176,1,0.7490730520058771,0.9820137900379085
4,2576,VAR_005913,0,0.7440622277458067,0.9820137900379085
4,2587,VAR_002944,1,0.7949027614000955,0.9820137900379085
4,2590,VAR_001120,1,0.728829944573895,0.7310585786300049
4,2591,VAR_003166,0,0.7387742360383133,0.0009110511944006454
4,2592,VAR_004823,1,0.6831530663958156,0.5
4,2593,VAR_001697,1,0.6786802771859217,0.0024726231566347743
4,2601,VAR_005550,1,0.7470970614619855,0.0009110511944006454
4,2602,VAR_002918,0,0.5549802661685579,0.9525741268224334
4,2608,VAR_000054,1,0.8123104348407874,0.0024726231566347743
4,2626,VAR_001040,0,0.8078162687369221,0.0009110511944006454
4,2628,VAR_000910,1,0.811140275417818,0.9820137900379085
4,2633,VAR_005675,0,0.5098143463183884,0.0066928509242848554
4,2634,VAR_003811,1,0.6923422272483295,4.5397868702434395e-05
4,2635,VAR_003015,0,0.49827769517991943,4.5397868702434395e-05
4,2639,VAR_002163,0,0.8101534123610045,0.9820137900379085
4,2641,VAR_006424,0,0.5643061058662829,0.0009110511944006454
4,2648,VAR_004586,0,0.5035476939824796,4.5397868702434395e-05
4,2651,VAR_000239,1,0.7142307871714003,0.0024726231566347743
4,2653,VAR_000913,1,0.7784618758646179,0.9820137900379085
4,2655,VAR_003945,0,0.5617624336254511,0.0024726231566347743
4,2658,VAR_002919,1,0.6882624814100899,0.8807970779778823
4,2663,VAR_004312,1,0.6783491333620901,0.5
4,2664,VAR_005568,1,0.7406955611569567,0.0009110511944006454
4,2673,VAR_001787,0,0.5611636889100635,0.11920292202211755
4,2683,VAR_000793,1,0.5578026997854685,0.0009110511944006454
4,2688,VAR_000290,1,0.7657971604840946,0.9820137900379085
4,2691,VAR_002573,0,0.6489084228383268,0.00012339457598623172
4,2694,VAR_002026,1,0.7083746588065515,0.8807970779778823
4,2697,VAR_006040,1,0.7936424163539662,0.9820137900379085
4,2703,VAR_003406,1,0.7288916018167937,0.0003353501304664781
4,2708,VAR_005057,1,0.7596154574324196,0.11920292202211755
4,2712,VAR_006313,0,0.5357452903216438,0.0009110511944006454
4,2714,VAR_003941,1,0.5859077299573402,0.0024726231566347743
4,2715,VAR_006043,1,0.782570667445333,0.11920292202211755
4,2727,VAR_003277,0,0.5453433021717983,0.01798620996209156
4,2731,VAR_002912,0,0.5376617458474897,0.9525741268224334
4,2732,VAR_003779,1,0.5491033054520575,0.00012339457598623172
4,2734,VAR_006128,0,0.6137555125673402,0.00012339457598623172
4,2748,VAR_004910,1,0.7233816401564731,0.0024726231566347743
4,2750,VAR_002075,1,0.8029756623287804,0.11920292202211755
4,2751,VAR_006516,1,0.6735680693853965,0.01798620996209156
4,2759,VAR_001525,1,0.6446732846817984,0.8807970779778823
4,2762,VAR_006160,0,0.6528492073184303,0.01798620996209156
4,2765,VAR_002443,1,0.5923276829962923,0.0009110511944006454
4,2770,VAR_005499,1,0.8035155482374854,0.9525741268224334
4,2773,VAR_003134,0,0.47516583588432004,0.5
4,2777,VAR_000051,0,0.5513062496216755,0.11920292202211755
4,2790,VAR_004464,1,0.777304268270989,0.0024726231566347743
4,2797,VAR_001172,1,0.7928570049717497,0.0009110511944006454
4,2806,VAR_006534,1,0.7871710058813409,0.0009110511944006454
4,2816,VAR_000622,1,0.8124752284759581,0.11920292202211755
4,2820,VAR_003794,1,0.6364332594632534,0.00012339457598623172
4,2823,VAR_005815,1,0.7658282098320515,0.11920292202211755
4,2834,VAR_005841,1,0.6520595851269355,0.01798620996209156
4,2839,VAR_004920,1,0.797954877920284,0.0024726231566347743
4,2861,VAR_003001,0,0.8015833579136541,0.9820137900379085
4,2870,VAR_002678,0,0.5346735408442792,0.9820137900379085
4,2873,VAR_003512,0,0.7536583033453635,0.11920292202211755
4,2885,VAR_005294,0,0.6446732846817984,0.8807970779778823
4,2888,VAR_005871,1,0.5685110540224727,0.0003353501304664781
4,2893,VAR_005397,1,0.8219781572022341,0.9525741268224334
4,2895,VAR_005845,0,0.6378089716940065,4.5397868702434395e-05
4,2897,VAR_001802,1,0.8045315152224689,0.0024726231566347743
4,2899,VAR_005231,0,0.5365181016914661,0.9525741268224334
4,2900,VAR_000215,1,0.5664522620549151,0.04742587317756678
4,2920,VAR_005071,1,0.7742428436430858,0.0003353501304664781
