fold,row_index,Variant_ID,Label,score,fold_threshold,threshold,prediction
1,1,VAR_004387,0,0.26112377352831617,0.38642874203657096,0.38642874203657096,0
1,2,VAR_001540,0,0.537392423972053,0.38642874203657096,0.38642874203657096,1
4,3,VAR_000808,1,0.9154496772696916,0.3707043291625692,0.38642874203657096,1
2,4,VAR_000082,1,0.6417611156467226,0.34943893440811213,0.38642874203657096,1
0,5,VAR_002119,0,0.42537548215692084,0.5497129302545452,0.38642874203657096,1
2,6,VAR_006245,0,0.2622899293660116,0.34943893440811213,0.38642874203657096,0
1,7,VAR_000163,1,0.6614996990200899,0.38642874203657096,0.38642874203657096,1
2,8,VAR_005692,1,0.7840455503104621,0.34943893440811213,0.38642874203657096,1
0,9,VAR_006030,1,0.6467961857207332,0.5497129302545452,0.38642874203657096,1
1,10,VAR_004890,0,0.32762010310801465,0.38642874203657096,0.38642874203657096,0
2,11,VAR_000584,0,0.6318388582541338,0.34943893440811213,0.38642874203657096,1
0,12,VAR_003833,0,0.355163127092476,0.5497129302545452,0.38642874203657096,0
0,14,VAR_002625,1,0.7325853235658177,0.5497129302545452,0.38642874203657096,1
2,15,VAR_001845,0,0.7368377429889366,0.34943893440811213,0.38642874203657096,1
2,18,VAR_005011,1,0.19147026801529454,0.34943893440811213,0.38642874203657096,0
1,19,VAR_005563,1,0.674393500859946,0.38642874203657096,0.38642874203657096,1
4,20,VAR_002538,1,0.8625472030677707,0.3707043291625692,0.38642874203657096,1
0,21,VAR_002184,1,0.7759345667437765,0.5497129302545452,0.38642874203657096,1
0,22,VAR_005553,1,0.5964138605677339,0.5497129302545452,0.38642874203657096,1
3,23,VAR_006223,0,0.49191404095121005,0.5702056023697871,0.38642874203657096,1
0,24,VAR_003782,1,0.7387127716201508,0.5497129302545452,0.38642874203657096,1
2,25,VAR_000884,1,0.6655473780094785,0.34943893440811213,0.38642874203657096,1
0,26,VAR_001654,0,0.5497129302545452,0.5497129302545452,0.38642874203657096,1
1,27,VAR_005367,1,0.4090716706310624,0.38642874203657096,0.38642874203657096,1
0,28,VAR_004860,1,0.7900648456209317,0.5497129302545452,0.38642874203657096,1
2,30,VAR_000023,1,0.961767360226849,0.34943893440811213,0.38642874203657096,1
0,31,VAR_005772,1,0.7345379738416853,0.5497129302545452,0.38642874203657096,1
3,32,VAR_002449,1,0.6276417345268342,0.5702056023697871,0.38642874203657096,1
1,33,VAR_004889,1,0.7336350541094105,0.38642874203657096,0.38642874203657096,1
2,34,VAR_002343,1,0.6689786196082239,0.34943893440811213,0.38642874203657096,1
1,35,VAR_004330,0,0.14927760209611332,0.38642874203657096,0.38642874203657096,0
2,36,VAR_000637,1,0.9668020689255487,0.34943893440811213,0.38642874203657096,1
4,37,VAR_001186,1,0.8499804075844155,0.3707043291625692,0.38642874203657096,1
1,38,VAR_005545,0,0.07831702291193399,0.38642874203657096,0.38642874203657096,0
2,40,VAR_005018,0,0.1290052955231327,0.34943893440811213,0.38642874203657096,0
1,42,VAR_005647,1,0.9077704215162471,0.38642874203657096,0.38642874203657096,1
2,43,VAR_004634,0,0.2079090432869951,0.34943893440811213,0.38642874203657096,0
0,44,VAR_002020,1,0.6981426699423929,0.5497129302545452,0.38642874203657096,1
4,45,VAR_001239,1,0.8465148284125569,0.3707043291625692,0.38642874203657096,1
0,47,VAR_004829,1,0.6807978463407052,0.5497129302545452,0.38642874203657096,1
0,48,VAR_001582,0,0.5497129302545452,0.5497129302545452,0.38642874203657096,1
3,50,VAR_004209,0,0.5385261274864076,0.5702056023697871,0.38642874203657096,1
0,51,VAR_001548,1,0.5497129302545452,0.5497129302545452,0.38642874203657096,1
4,53,VAR_004466,1,0.8441297022760259,0.3707043291625692,0.38642874203657096,1
3,54,VAR_004873,1,0.7795227057406373,0.5702056023697871,0.38642874203657096,1
0,56,VAR_005839,1,0.6999613793112699,0.5497129302545452,0.38642874203657096,1
0,58,VAR_000344,0,0.5360490551737377,0.5497129302545452,0.38642874203657096,1
3,59,VAR_000741,0,0.3857962545265218,0.5702056023697871,0.38642874203657096,0
3,60,VAR_000752,1,0.579002999923619,0.5702056023697871,0.38642874203657096,1
3,62,VAR_000132,0,0.44713022884391274,0.5702056023697871,0.38642874203657096,1
2,63,VAR_005138,1,0.5621751148332068,0.34943893440811213,0.38642874203657096,1
2,64,VAR_005771,1,0.7375445454337889,0.34943893440811213,0.38642874203657096,1
1,67,VAR_003641,0,0.292406529797087,0.38642874203657096,0.38642874203657096,0
4,68,VAR_000438,0,0.7620941441407147,0.3707043291625692,0.38642874203657096,1
1,70,VAR_000853,1,0.7977614157623356,0.38642874203657096,0.38642874203657096,1
3,71,VAR_002211,1,0.744334678479411,0.5702056023697871,0.38642874203657096,1
4,72,VAR_002235,0,0.693317732953444,0.3707043291625692,0.38642874203657096,1
1,74,VAR_001432,0,0.4090716706310624,0.38642874203657096,0.38642874203657096,1
3,75,VAR_003334,1,0.7090366643028487,0.5702056023697871,0.38642874203657096,1
4,76,VAR_005614,1,0.834277397176873,0.3707043291625692,0.38642874203657096,1
0,77,VAR_000414,1,0.5497129302545452,0.5497129302545452,0.38642874203657096,1
4,78,VAR_005881,0,0.7768743385268844,0.3707043291625692,0.38642874203657096,1
0,81,VAR_000086,1,0.7115593571316549,0.5497129302545452,0.38642874203657096,1
4,82,VAR_000732,1,0.9062094842906816,0.3707043291625692,0.38642874203657096,1
0,83,VAR_004760,1,0.7395120752719522,0.5497129302545452,0.38642874203657096,1
4,84,VAR_002218,1,0.9315668843902533,0.3707043291625692,0.38642874203657096,1
2,85,VAR_006065,1,0.8669456290956354,0.34943893440811213,0.38642874203657096,1
4,86,VAR_005989,1,0.3242174683253924,0.3707043291625692,0.38642874203657096,0
0,87,VAR_006413,0,0.4054065908020396,0.5497129302545452,0.38642874203657096,1
4,88,VAR_001425,0,0.43124679719226366,0.3707043291625692,0.38642874203657096,1
1,89,VAR_000053,0,0.2022508823760133,0.38642874203657096,0.38642874203657096,0
3,91,VAR_006300,0,0.5490497569211541,0.5702056023697871,0.38642874203657096,1
4,92,VAR_000540,0,0.20718216778711762,0.3707043291625692,0.38642874203657096,0
2,93,VAR_004040,1,0.8039361729190194,0.34943893440811213,0.38642874203657096,1
0,95,VAR_003541,1,0.4471436880851642,0.5497129302545452,0.38642874203657096,1
3,96,VAR_005702,1,0.8325450653201225,0.5702056023697871,0.38642874203657096,1
3,97,VAR_003522,0,0.41172128425634563,0.5702056023697871,0.38642874203657096,1
4,100,VAR_004687,0,0.4858501703875345,0.3707043291625692,0.38642874203657096,1
4,101,VAR_005060,1,0.3632396738804325,0.3707043291625692,0.38642874203657096,0
4,105,VAR_002048,0,0.12449076331190718,0.3707043291625692,0.38642874203657096,0
3,106,VAR_005699,1,0.7372444770083478,0.5702056023697871,0.38642874203657096,1
1,107,VAR_005255,1,0.8853546242847304,0.38642874203657096,0.38642874203657096,1
3,108,VAR_004795,1,0.6482312289667103,0.5702056023697871,0.38642874203657096,1
2,109,VAR_000800,0,0.12053551828204286,0.34943893440811213,0.38642874203657096,0
1,111,VAR_003421,0,0.9156765177312569,0.38642874203657096,0.38642874203657096,1
1,113,VAR_000081,1,0.7457582863928268,0.38642874203657096,0.38642874203657096,1
0,114,VAR_000850,1,0.7043987281365287,0.5497129302545452,0.38642874203657096,1
0,115,VAR_003325,1,0.701160338885501,0.5497129302545452,0.38642874203657096,1
0,116,VAR_005416,0,0.37155374218492465,0.5497129302545452,0.38642874203657096,0
0,117,VAR_006407,0,0.6277912463719199,0.5497129302545452,0.38642874203657096,1
0,118,VAR_006584,1,0.8544752373495949,0.5497129302545452,0.38642874203657096,1
2,119,VAR_005443,1,0.7828575819364681,0.34943893440811213,0.38642874203657096,1
2,120,VAR_003252,1,0.7451704085956762,0.34943893440811213,0.38642874203657096,1
4,122,VAR_005097,0,0.48070996524209186,0.3707043291625692,0.38642874203657096,1
0,123,VAR_003331,0,0.6906519883628122,0.5497129302545452,0.38642874203657096,1
0,124,VAR_000259,1,0.7267373340285571,0.5497129302545452,0.38642874203657096,1
4,125,VAR_001754,0,0.3002723190476695,0.3707043291625692,0.38642874203657096,0
0,128,VAR_003389,1,0.6586347971308407,0.5497129302545452,0.38642874203657096,1
2,130,VAR_004467,1,0.333234800861541,0.34943893440811213,0.38642874203657096,0
1,131,VAR_000200,1,0.7560493036257661,0.38642874203657096,0.38642874203657096,1
0,132,VAR_005242,1,0.7476932905707653,0.5497129302545452,0.38642874203657096,1
3,133,VAR_005501,1,0.79092663177114,0.5702056023697871,0.38642874203657096,1
1,135,VAR_005498,1,0.9534933095820751,0.38642874203657096,0.38642874203657096,1
1,136,VAR_005069,1,0.8470239455723482,0.38642874203657096,0.38642874203657096,1
3,137,VAR_002092,0,0.5029014286482543,0.5702056023697871,0.38642874203657096,1
4,139,VAR_000790,1,0.621269317036106,0.3707043291625692,0.38642874203657096,1
2,140,VAR_002426,1,0.8492952012050523,0.34943893440811213,0.38642874203657096,1
0,141,VAR_006155,1,0.6617555260451321,0.5497129302545452,0.38642874203657096,1
3,142,VAR_004509,1,0.803263917168824,0.5702056023697871,0.38642874203657096,1
1,143,VAR_000116,0,0.11619384322887957,0.38642874203657096,0.38642874203657096,0
3,145,VAR_003013,0,0.6207779047353416,0.5702056023697871,0.38642874203657096,1
4,146,VAR_006532,0,0.3078972921210419,0.3707043291625692,0.38642874203657096,0
3,147,VAR_001690,0,0.7210390977027591,0.5702056023697871,0.38642874203657096,1
3,148,VAR_004258,0,0.432804191979841,0.5702056023697871,0.38642874203657096,1
0,149,VAR_003384,1,0.7796148675611001,0.5497129302545452,0.38642874203657096,1
3,150,VAR_000981,1,0.574975744398512,0.5702056023697871,0.38642874203657096,1
2,151,VAR_003771,1,0.9400728073858907,0.34943893440811213,0.38642874203657096,1
4,153,VAR_001497,0,0.43124679719226366,0.3707043291625692,0.38642874203657096,1
4,157,VAR_000784,1,0.6425831772052838,0.3707043291625692,0.38642874203657096,1
4,158,VAR_000153,1,0.9160083785543065,0.3707043291625692,0.38642874203657096,1
4,159,VAR_005152,0,0.16129145191737476,0.3707043291625692,0.38642874203657096,0
0,161,VAR_002798,0,0.45572013850591736,0.5497129302545452,0.38642874203657096,1
3,162,VAR_002180,1,0.852892989551906,0.5702056023697871,0.38642874203657096,1
4,163,VAR_004291,1,0.25362381801256695,0.3707043291625692,0.38642874203657096,0
1,164,VAR_006072,0,0.33097695101762725,0.38642874203657096,0.38642874203657096,0
1,165,VAR_001204,1,0.8800477568364612,0.38642874203657096,0.38642874203657096,1
3,166,VAR_002277,1,0.5733262335692932,0.5702056023697871,0.38642874203657096,1
1,171,VAR_000914,1,0.9317501775332546,0.38642874203657096,0.38642874203657096,1
2,172,VAR_002457,1,0.7583326187215582,0.34943893440811213,0.38642874203657096,1
0,173,VAR_006382,1,0.7568634697102202,0.5497129302545452,0.38642874203657096,1
0,174,VAR_006330,1,0.7062799006727768,0.5497129302545452,0.38642874203657096,1
0,175,VAR_006100,1,0.7292333887326305,0.5497129302545452,0.38642874203657096,1
1,176,VAR_000382,1,0.4947478169556496,0.38642874203657096,0.38642874203657096,1
0,178,VAR_006429,0,0.7065473229565188,0.5497129302545452,0.38642874203657096,1
0,179,VAR_001649,1,0.5963921995742121,0.5497129302545452,0.38642874203657096,1
1,180,VAR_006525,1,0.3410738808810418,0.38642874203657096,0.38642874203657096,0
2,181,VAR_003086,0,0.7466084012583522,0.34943893440811213,0.38642874203657096,1
0,183,VAR_006115,0,0.8160481680402097,0.5497129302545452,0.38642874203657096,1
2,184,VAR_004598,0,0.1449754148277485,0.34943893440811213,0.38642874203657096,0
3,185,VAR_004511,1,0.5760323145466847,0.5702056023697871,0.38642874203657096,1
0,186,VAR_001359,1,0.5820083441256049,0.5497129302545452,0.38642874203657096,1
0,187,VAR_005952,1,0.7209370364190117,0.5497129302545452,0.38642874203657096,1
0,188,VAR_002024,1,0.8139764380717163,0.5497129302545452,0.38642874203657096,1
3,189,VAR_000558,0,0.7053463048787275,0.5702056023697871,0.38642874203657096,1
4,190,VAR_005438,1,0.8937052424356535,0.3707043291625692,0.38642874203657096,1
3,191,VAR_002158,1,0.8019089734555523,0.5702056023697871,0.38642874203657096,1
4,192,VAR_003318,1,0.6328220762583444,0.3707043291625692,0.38642874203657096,1
3,193,VAR_000404,0,0.8182007983065853,0.5702056023697871,0.38642874203657096,1
2,194,VAR_001746,0,0.19691962781573336,0.34943893440811213,0.38642874203657096,0
4,195,VAR_002150,1,0.8268550388589785,0.3707043291625692,0.38642874203657096,1
3,196,VAR_001426,0,0.5695047008071767,0.5702056023697871,0.38642874203657096,1
0,198,VAR_002189,1,0.8226705911782592,0.5497129302545452,0.38642874203657096,1
4,200,VAR_006077,0,0.14322283155430912,0.3707043291625692,0.38642874203657096,0
3,201,VAR_006496,1,0.7586492614390229,0.5702056023697871,0.38642874203657096,1
4,202,VAR_001495,0,0.5094310115288335,0.3707043291625692,0.38642874203657096,1
1,207,VAR_006133,0,0.6308545748068674,0.38642874203657096,0.38642874203657096,1
1,211,VAR_000777,1,0.4852611435062441,0.38642874203657096,0.38642874203657096,1
3,212,VAR_002038,1,0.7931934157383431,0.5702056023697871,0.38642874203657096,1
1,213,VAR_003287,1,0.7948904446451511,0.38642874203657096,0.38642874203657096,1
1,215,VAR_002077,1,0.6660298466231287,0.38642874203657096,0.38642874203657096,1
3,216,VAR_000385,0,0.3955184843940353,0.5702056023697871,0.38642874203657096,1
4,217,VAR_004868,1,0.8924202950931511,0.3707043291625692,0.38642874203657096,1
2,218,VAR_001297,1,0.5368660150179837,0.34943893440811213,0.38642874203657096,1
3,219,VAR_000032,1,0.7867041215920971,0.5702056023697871,0.38642874203657096,1
2,221,VAR_001581,1,0.6183519962191925,0.34943893440811213,0.38642874203657096,1
2,222,VAR_002539,1,0.6914026205198347,0.34943893440811213,0.38642874203657096,1
1,223,VAR_000358,1,0.9118943263199064,0.38642874203657096,0.38642874203657096,1
4,224,VAR_006379,1,0.8273564782017927,0.3707043291625692,0.38642874203657096,1
1,225,VAR_005885,0,0.20913430374937966,0.38642874203657096,0.38642874203657096,0
4,228,VAR_001996,1,0.9022784673663449,0.3707043291625692,0.38642874203657096,1
3,229,VAR_004116,0,0.3912535746226137,0.5702056023697871,0.38642874203657096,1
3,231,VAR_000714,1,0.6324215449504258,0.5702056023697871,0.38642874203657096,1
1,233,VAR_003420,1,0.5939504234892621,0.38642874203657096,0.38642874203657096,1
4,235,VAR_000114,1,0.2889843779571155,0.3707043291625692,0.38642874203657096,0
1,237,VAR_003253,0,0.7282934051511694,0.38642874203657096,0.38642874203657096,1
1,238,VAR_005950,0,0.2790052419041523,0.38642874203657096,0.38642874203657096,0
1,239,VAR_006284,1,0.5574874538064081,0.38642874203657096,0.38642874203657096,1
2,240,VAR_001662,0,0.7146224723976269,0.34943893440811213,0.38642874203657096,1
2,244,VAR_000325,0,0.33234217874922306,0.34943893440811213,0.38642874203657096,0
3,245,VAR_001571,1,0.5695047008071767,0.5702056023697871,0.38642874203657096,1
1,247,VAR_005698,1,0.9448673701634285,0.38642874203657096,0.38642874203657096,1
1,248,VAR_005964,1,0.7424859617235631,0.38642874203657096,0.38642874203657096,1
2,249,VAR_006082,1,0.5541382578930656,0.34943893440811213,0.38642874203657096,1
4,250,VAR_005164,1,0.788611865196139,0.3707043291625692,0.38642874203657096,1
0,252,VAR_000284,1,0.7234536767742324,0.5497129302545452,0.38642874203657096,1
2,253,VAR_001336,1,0.6095181482168511,0.34943893440811213,0.38642874203657096,1
2,254,VAR_005219,0,0.13735717882718726,0.34943893440811213,0.38642874203657096,0
0,255,VAR_000186,1,0.7383670928770139,0.5497129302545452,0.38642874203657096,1
2,256,VAR_002278,1,0.9139856156685537,0.34943893440811213,0.38642874203657096,1
2,257,VAR_005718,1,0.1421342404820224,0.34943893440811213,0.38642874203657096,0
4,260,VAR_003450,1,0.8665043934605333,0.3707043291625692,0.38642874203657096,1
4,262,VAR_001346,1,0.5387384607715686,0.3707043291625692,0.38642874203657096,1
3,263,VAR_005921,1,0.7135936731615187,0.5702056023697871,0.38642874203657096,1
0,265,VAR_005212,1,0.7696546418061476,0.5497129302545452,0.38642874203657096,1
1,266,VAR_006051,1,0.8836492216722411,0.38642874203657096,0.38642874203657096,1
4,267,VAR_000435,1,0.627458717781032,0.3707043291625692,0.38642874203657096,1
4,268,VAR_006012,0,0.2935526424575593,0.3707043291625692,0.38642874203657096,0
4,269,VAR_000138,1,0.8356752685461257,0.3707043291625692,0.38642874203657096,1
2,270,VAR_000389,1,0.23731214522425295,0.34943893440811213,0.38642874203657096,0
4,272,VAR_003530,1,0.15154350109033515,0.3707043291625692,0.38642874203657096,0
2,273,VAR_001284,1,0.33572416053769316,0.34943893440811213,0.38642874203657096,0
3,274,VAR_004844,1,0.7382553256738885,0.5702056023697871,0.38642874203657096,1
3,275,VAR_003995,1,0.8224374846930571,0.5702056023697871,0.38642874203657096,1
1,276,VAR_003268,1,0.7467186430334956,0.38642874203657096,0.38642874203657096,1
0,277,VAR_002310,1,0.3641524063583714,0.5497129302545452,0.38642874203657096,0
3,278,VAR_000982,0,0.7563830083672702,0.5702056023697871,0.38642874203657096,1
0,279,VAR_003403,1,0.7787465526850796,0.5497129302545452,0.38642874203657096,1
4,280,VAR_000311,0,0.4054660531337781,0.3707043291625692,0.38642874203657096,1
2,281,VAR_003507,0,0.32544541476425165,0.34943893440811213,0.38642874203657096,0
3,282,VAR_005386,0,0.4245961503286306,0.5702056023697871,0.38642874203657096,1
4,284,VAR_005980,0,0.28626765418766636,0.3707043291625692,0.38642874203657096,0
1,285,VAR_005425,0,0.44454441309836884,0.38642874203657096,0.38642874203657096,1
3,286,VAR_004983,1,0.7792109596517701,0.5702056023697871,0.38642874203657096,1
2,287,VAR_002480,1,0.8401185577870913,0.34943893440811213,0.38642874203657096,1
1,289,VAR_005415,1,0.9249185171209136,0.38642874203657096,0.38642874203657096,1
0,290,VAR_003863,1,0.8051858789289604,0.5497129302545452,0.38642874203657096,1
2,291,VAR_005969,0,0.6679490419893114,0.34943893440811213,0.38642874203657096,1
4,293,VAR_001178,1,0.9034633003537234,0.3707043291625692,0.38642874203657096,1
2,294,VAR_003333,1,0.6673291764397158,0.34943893440811213,0.38642874203657096,1
3,295,VAR_006337,1,0.7366157710190965,0.5702056023697871,0.38642874203657096,1
3,296,VAR_004899,1,0.7055330871457695,0.5702056023697871,0.38642874203657096,1
1,297,VAR_001177,1,0.9126920203524462,0.38642874203657096,0.38642874203657096,1
0,298,VAR_005169,1,0.6591790972437409,0.5497129302545452,0.38642874203657096,1
0,299,VAR_000123,0,0.4789223099048159,0.5497129302545452,0.38642874203657096,1
3,300,VAR_005609,1,0.7447231566433875,0.5702056023697871,0.38642874203657096,1
2,301,VAR_002315,1,0.6247452611859393,0.34943893440811213,0.38642874203657096,1
0,302,VAR_003818,0,0.5682369875851732,0.5497129302545452,0.38642874203657096,1
2,303,VAR_003626,0,0.1617816344160824,0.34943893440811213,0.38642874203657096,0
2,304,VAR_005821,0,0.08901518523267411,0.34943893440811213,0.38642874203657096,0
1,305,VAR_004079,1,0.9409812764367639,0.38642874203657096,0.38642874203657096,1
4,306,VAR_005607,1,0.31243652616738116,0.3707043291625692,0.38642874203657096,0
0,307,VAR_000356,0,0.3921527665587717,0.5497129302545452,0.38642874203657096,1
0,308,VAR_000064,1,0.6128335433926193,0.5497129302545452,0.38642874203657096,1
2,312,VAR_003671,1,0.8842169979101854,0.34943893440811213,0.38642874203657096,1
0,313,VAR_000345,1,0.8273085439339493,0.5497129302545452,0.38642874203657096,1
2,314,VAR_005714,1,0.7347001063740733,0.34943893440811213,0.38642874203657096,1
3,315,VAR_002843,1,0.45783244380463195,0.5702056023697871,0.38642874203657096,1
0,316,VAR_001373,0,0.5497129302545452,0.5497129302545452,0.38642874203657096,1
1,317,VAR_000072,1,0.7939517378097818,0.38642874203657096,0.38642874203657096,1
2,318,VAR_006001,1,0.3494667775993638,0.34943893440811213,0.38642874203657096,0
4,320,VAR_001837,1,0.28095868134445084,0.3707043291625692,0.38642874203657096,0
2,321,VAR_003051,0,0.5593347506399183,0.34943893440811213,0.38642874203657096,1
0,322,VAR_006255,0,0.3683765677350628,0.5497129302545452,0.38642874203657096,0
4,324,VAR_005191,1,0.6560691511387765,0.3707043291625692,0.38642874203657096,1
4,325,VAR_002568,0,0.5057281316883057,0.3707043291625692,0.38642874203657096,1
0,326,VAR_006460,1,0.8428869528729394,0.5497129302545452,0.38642874203657096,1
0,327,VAR_000840,1,0.7658879543490426,0.5497129302545452,0.38642874203657096,1
4,328,VAR_001329,0,0.43124679719226366,0.3707043291625692,0.38642874203657096,1
1,329,VAR_000755,0,0.340411837033502,0.38642874203657096,0.38642874203657096,0
3,330,VAR_004900,1,0.8329581684427617,0.5702056023697871,0.38642874203657096,1
1,331,VAR_005837,1,0.2587074487798517,0.38642874203657096,0.38642874203657096,0
4,332,VAR_003766,1,0.9056695334296347,0.3707043291625692,0.38642874203657096,1
2,333,VAR_003515,1,0.807685290422366,0.34943893440811213,0.38642874203657096,1
2,334,VAR_006348,1,0.9386882261528026,0.34943893440811213,0.38642874203657096,1
1,335,VAR_003927,1,0.7310025953503922,0.38642874203657096,0.38642874203657096,1
1,336,VAR_005850,0,0.5436725780048344,0.38642874203657096,0.38642874203657096,1
0,338,VAR_005540,1,0.6743528251927638,0.5497129302545452,0.38642874203657096,1
0,339,VAR_000847,1,0.8605023125833342,0.5497129302545452,0.38642874203657096,1
4,340,VAR_003854,1,0.8296170659082186,0.3707043291625692,0.38642874203657096,1
4,341,VAR_006338,1,0.9404922600517743,0.3707043291625692,0.38642874203657096,1
3,342,VAR_001051,0,0.6699738073735322,0.5702056023697871,0.38642874203657096,1
3,343,VAR_005337,1,0.8247372614256211,0.5702056023697871,0.38642874203657096,1
3,344,VAR_000753,1,0.6900976398734913,0.5702056023697871,0.38642874203657096,1
2,345,VAR_002043,1,0.638269928573017,0.34943893440811213,0.38642874203657096,1
1,346,VAR_002726,0,0.6896806790331451,0.38642874203657096,0.38642874203657096,1
4,347,VAR_002185,1,0.906038071932372,0.3707043291625692,0.38642874203657096,1
4,348,VAR_001391,1,0.43124679719226366,0.3707043291625692,0.38642874203657096,1
4,349,VAR_005345,0,0.23219937301533833,0.3707043291625692,0.38642874203657096,0
4,351,VAR_004445,0,0.17431399175346585,0.3707043291625692,0.38642874203657096,0
2,352,VAR_000369,0,0.44582283514918114,0.34943893440811213,0.38642874203657096,1
4,353,VAR_005440,1,0.5634844066191005,0.3707043291625692,0.38642874203657096,1
0,354,VAR_005794,1,0.7246833754027427,0.5497129302545452,0.38642874203657096,1
1,355,VAR_006466,1,0.2613792016668072,0.38642874203657096,0.38642874203657096,0
4,356,VAR_000512,1,0.7615603688143673,0.3707043291625692,0.38642874203657096,1
1,357,VAR_001508,0,0.4090716706310624,0.38642874203657096,0.38642874203657096,1
0,358,VAR_003510,1,0.48753664143201264,0.5497129302545452,0.38642874203657096,1
2,359,VAR_002136,1,0.9516390732832809,0.34943893440811213,0.38642874203657096,1
4,360,VAR_006198,1,0.8443565654559828,0.3707043291625692,0.38642874203657096,1
0,361,VAR_000115,1,0.7112736364437354,0.5497129302545452,0.38642874203657096,1
3,362,VAR_000056,0,0.5072874550151297,0.5702056023697871,0.38642874203657096,1
3,365,VAR_004808,1,0.7822410576574108,0.5702056023697871,0.38642874203657096,1
0,366,VAR_005711,1,0.7081473911166253,0.5497129302545452,0.38642874203657096,1
2,367,VAR_002789,1,0.8479144660178932,0.34943893440811213,0.38642874203657096,1
2,368,VAR_000449,1,0.8517826828807806,0.34943893440811213,0.38642874203657096,1
1,370,VAR_004308,1,0.30737165956648055,0.38642874203657096,0.38642874203657096,0
0,371,VAR_001447,0,0.48070917861007784,0.5497129302545452,0.38642874203657096,1
3,373,VAR_003509,0,0.48202541131988524,0.5702056023697871,0.38642874203657096,1
0,374,VAR_005477,1,0.8140088884741525,0.5497129302545452,0.38642874203657096,1
1,375,VAR_004049,0,0.10184096695446143,0.38642874203657096,0.38642874203657096,0
3,376,VAR_002203,1,0.8193131625484431,0.5702056023697871,0.38642874203657096,1
4,378,VAR_004089,1,0.940420490214968,0.3707043291625692,0.38642874203657096,1
1,379,VAR_005728,0,0.3933077110233372,0.38642874203657096,0.38642874203657096,1
0,382,VAR_003020,1,0.6337847519375622,0.5497129302545452,0.38642874203657096,1
2,383,VAR_002085,0,0.12953430605751082,0.34943893440811213,0.38642874203657096,0
1,384,VAR_005315,1,0.9091718855808536,0.38642874203657096,0.38642874203657096,1
3,385,VAR_001794,1,0.7045865645963811,0.5702056023697871,0.38642874203657096,1
2,386,VAR_000759,0,0.35985934279494053,0.34943893440811213,0.38642874203657096,0
4,389,VAR_004945,1,0.8828030676393148,0.3707043291625692,0.38642874203657096,1
3,391,VAR_005310,1,0.6072814709669957,0.5702056023697871,0.38642874203657096,1
2,392,VAR_003769,1,0.7365941002986636,0.34943893440811213,0.38642874203657096,1
3,393,VAR_002019,1,0.8103100616846354,0.5702056023697871,0.38642874203657096,1
0,394,VAR_000060,1,0.7430105743461458,0.5497129302545452,0.38642874203657096,1
3,396,VAR_003513,1,0.6198258580328769,0.5702056023697871,0.38642874203657096,1
3,397,VAR_004015,1,0.7924058811498337,0.5702056023697871,0.38642874203657096,1
3,398,VAR_005797,1,0.7337743403981692,0.5702056023697871,0.38642874203657096,1
1,401,VAR_006034,1,0.8099245949437177,0.38642874203657096,0.38642874203657096,1
1,402,VAR_005763,1,0.811660919830517,0.38642874203657096,0.38642874203657096,1
3,403,VAR_005478,0,0.41066904193418224,0.5702056023697871,0.38642874203657096,1
3,404,VAR_005708,0,0.36591454522205874,0.5702056023697871,0.38642874203657096,0
3,405,VAR_004069,1,0.7762692790614307,0.5702056023697871,0.38642874203657096,1
4,406,VAR_004026,1,0.9214092336490299,0.3707043291625692,0.38642874203657096,1
2,407,VAR_005436,1,0.9387538271450035,0.34943893440811213,0.38642874203657096,1
2,408,VAR_006576,1,0.9164398531276348,0.34943893440811213,0.38642874203657096,1
4,410,VAR_004059,1,0.9225688250917911,0.3707043291625692,0.38642874203657096,1
3,411,VAR_004005,1,0.8327561123364623,0.5702056023697871,0.38642874203657096,1
2,412,VAR_001227,1,0.4782758764202472,0.34943893440811213,0.38642874203657096,1
2,413,VAR_005555,1,0.9559314244687767,0.34943893440811213,0.38642874203657096,1
2,414,VAR_005216,1,0.7962228335243539,0.34943893440811213,0.38642874203657096,1
4,415,VAR_000461,1,0.7735984503929902,0.3707043291625692,0.38642874203657096,1
2,416,VAR_003584,0,0.09537300219931544,0.34943893440811213,0.38642874203657096,0
4,417,VAR_001604,1,0.5904786459192436,0.3707043291625692,0.38642874203657096,1
0,418,VAR_002533,1,0.6223872332491247,0.5497129302545452,0.38642874203657096,1
2,419,VAR_004136,1,0.7162555907524975,0.34943893440811213,0.38642874203657096,1
0,420,VAR_005485,1,0.825213033882157,0.5497129302545452,0.38642874203657096,1
4,422,VAR_005836,1,0.7852495882064371,0.3707043291625692,0.38642874203657096,1
4,424,VAR_005483,0,0.2654611350359708,0.3707043291625692,0.38642874203657096,0
2,425,VAR_002767,1,0.8887413737806968,0.34943893440811213,0.38642874203657096,1
3,426,VAR_000035,1,0.7984313042027261,0.5702056023697871,0.38642874203657096,1
4,428,VAR_001813,0,0.5382481610963525,0.3707043291625692,0.38642874203657096,1
1,429,VAR_000648,0,0.20565866393023655,0.38642874203657096,0.38642874203657096,0
0,430,VAR_005721,1,0.4811201935486783,0.5497129302545452,0.38642874203657096,1
4,431,VAR_006140,1,0.8920662736999927,0.3707043291625692,0.38642874203657096,1
1,432,VAR_004490,1,0.9441969008307642,0.38642874203657096,0.38642874203657096,1
4,433,VAR_004001,1,0.9395016789801139,0.3707043291625692,0.38642874203657096,1
2,434,VAR_006106,1,0.9169180517784482,0.34943893440811213,0.38642874203657096,1
1,435,VAR_006403,0,0.19219918687300092,0.38642874203657096,0.38642874203657096,0
4,436,VAR_002004,1,0.9425257749395465,0.3707043291625692,0.38642874203657096,1
1,437,VAR_000749,0,0.9380837471816545,0.38642874203657096,0.38642874203657096,1
4,438,VAR_003269,1,0.9039664099922753,0.3707043291625692,0.38642874203657096,1
2,439,VAR_002478,1,0.7292328379717548,0.34943893440811213,0.38642874203657096,1
3,440,VAR_004031,1,0.7745006906707488,0.5702056023697871,0.38642874203657096,1
0,441,VAR_006416,0,0.4000804205706006,0.5497129302545452,0.38642874203657096,1
4,442,VAR_000583,0,0.9443464817774786,0.3707043291625692,0.38642874203657096,1
1,443,VAR_000113,1,0.9150506309903156,0.38642874203657096,0.38642874203657096,1
0,444,VAR_003883,0,0.5497129302545452,0.5497129302545452,0.38642874203657096,1
2,445,VAR_004862,1,0.9099359738389659,0.34943893440811213,0.38642874203657096,1
3,447,VAR_000525,0,0.4218201223538632,0.5702056023697871,0.38642874203657096,1
1,448,VAR_005546,1,0.8515883523474593,0.38642874203657096,0.38642874203657096,1
3,449,VAR_004169,1,0.8241719297634101,0.5702056023697871,0.38642874203657096,1
3,452,VAR_002202,1,0.8077993289886546,0.5702056023697871,0.38642874203657096,1
1,453,VAR_002712,1,0.8890642883050843,0.38642874203657096,0.38642874203657096,1
4,454,VAR_001614,0,0.3001811077027184,0.3707043291625692,0.38642874203657096,0
0,455,VAR_001431,0,0.5497129302545452,0.5497129302545452,0.38642874203657096,1
2,456,VAR_004461,1,0.09716427890595257,0.34943893440811213,0.38642874203657096,0
3,457,VAR_002161,1,0.7056279703972252,0.5702056023697871,0.38642874203657096,1
2,458,VAR_004306,0,0.5176631825348237,0.34943893440811213,0.38642874203657096,1
1,459,VAR_004207,0,0.27323674285275196,0.38642874203657096,0.38642874203657096,0
3,460,VAR_000830,1,0.7325693791369793,0.5702056023697871,0.38642874203657096,1
4,461,VAR_001288,0,0.23468556367939383,0.3707043291625692,0.38642874203657096,0
2,462,VAR_003394,1,0.8799653842689651,0.34943893440811213,0.38642874203657096,1
1,463,VAR_002357,0,0.2589090456650696,0.38642874203657096,0.38642874203657096,0
1,464,VAR_001296,1,0.5651576262996644,0.38642874203657096,0.38642874203657096,1
1,465,VAR_002041,1,0.7279966295363507,0.38642874203657096,0.38642874203657096,1
1,466,VAR_001412,0,0.4090716706310624,0.38642874203657096,0.38642874203657096,1
4,467,VAR_000502,0,0.2869172442429066,0.3707043291625692,0.38642874203657096,0
0,469,VAR_001987,0,0.46028278425438973,0.5497129302545452,0.38642874203657096,1
2,470,VAR_003750,1,0.8894858263596574,0.34943893440811213,0.38642874203657096,1
2,471,VAR_002927,0,0.13882461582461075,0.34943893440811213,0.38642874203657096,0
4,472,VAR_004604,0,0.44450310334687254,0.3707043291625692,0.38642874203657096,1
2,475,VAR_001198,1,0.819822984818487,0.34943893440811213,0.38642874203657096,1
3,476,VAR_002555,0,0.5600250303764682,0.5702056023697871,0.38642874203657096,1
4,478,VAR_006561,1,0.48275127863070244,0.3707043291625692,0.38642874203657096,1
4,479,VAR_003734,1,0.7498030195104146,0.3707043291625692,0.38642874203657096,1
3,480,VAR_003259,1,0.831762726407943,0.5702056023697871,0.38642874203657096,1
1,482,VAR_000547,0,0.19802787400891836,0.38642874203657096,0.38642874203657096,0
4,483,VAR_000127,0,0.21249664649964436,0.3707043291625692,0.38642874203657096,0
0,484,VAR_006500,1,0.8398460617319202,0.5497129302545452,0.38642874203657096,1
2,486,VAR_005572,0,0.23935127023919578,0.34943893440811213,0.38642874203657096,0
2,487,VAR_001236,1,0.5406138175945178,0.34943893440811213,0.38642874203657096,1
2,488,VAR_000075,0,0.5143740905662115,0.34943893440811213,0.38642874203657096,1
0,489,VAR_002491,1,0.7163821011923096,0.5497129302545452,0.38642874203657096,1
3,490,VAR_005012,1,0.49261319773733736,0.5702056023697871,0.38642874203657096,1
1,492,VAR_000710,0,0.10264459006784543,0.38642874203657096,0.38642874203657096,0
1,493,VAR_005149,0,0.14016429466997452,0.38642874203657096,0.38642874203657096,0
2,494,VAR_002371,0,0.0767593401467749,0.34943893440811213,0.38642874203657096,0
4,495,VAR_005642,1,0.8480912787195112,0.3707043291625692,0.38642874203657096,1
3,496,VAR_000470,1,0.7902132156566316,0.5702056023697871,0.38642874203657096,1
3,497,VAR_002153,1,0.825751825996004,0.5702056023697871,0.38642874203657096,1
4,498,VAR_003215,0,0.2031267294964978,0.3707043291625692,0.38642874203657096,0
4,500,VAR_004801,1,0.790839060113399,0.3707043291625692,0.38642874203657096,1
1,502,VAR_004770,1,0.6596281384398566,0.38642874203657096,0.38642874203657096,1
4,503,VAR_000672,1,0.8132048574603661,0.3707043291625692,0.38642874203657096,1
1,504,VAR_003142,1,0.5061388647662773,0.38642874203657096,0.38642874203657096,1
0,505,VAR_002382,0,0.7026732387445968,0.5497129302545452,0.38642874203657096,1
2,506,VAR_002467,1,0.8315860308082696,0.34943893440811213,0.38642874203657096,1
1,508,VAR_005782,1,0.8884386366692503,0.38642874203657096,0.38642874203657096,1
4,509,VAR_002272,1,0.6834063723303173,0.3707043291625692,0.38642874203657096,1
2,511,VAR_004816,1,0.6521383127941169,0.34943893440811213,0.38642874203657096,1
0,512,VAR_005583,1,0.5742570544207753,0.5497129302545452,0.38642874203657096,1
4,513,VAR_003367,1,0.8651197602770476,0.3707043291625692,0.38642874203657096,1
1,514,VAR_005239,1,0.9244143509961918,0.38642874203657096,0.38642874203657096,1
0,515,VAR_001327,1,0.5497129302545452,0.5497129302545452,0.38642874203657096,1
0,516,VAR_006047,1,0.8350918144350293,0.5497129302545452,0.38642874203657096,1
0,518,VAR_006316,0,0.4835859011972703,0.5497129302545452,0.38642874203657096,1
2,519,VAR_003483,0,0.26259696031011637,0.34943893440811213,0.38642874203657096,0
1,520,VAR_005130,1,0.7875528662450529,0.38642874203657096,0.38642874203657096,1
1,521,VAR_004786,1,0.5458698186269425,0.38642874203657096,0.38642874203657096,1
0,522,VAR_006373,0,0.4983932922542843,0.5497129302545452,0.38642874203657096,1
0,523,VAR_003896,0,0.763179967264813,0.5497129302545452,0.38642874203657096,1
2,524,VAR_003321,1,0.7212098237921429,0.34943893440811213,0.38642874203657096,1
2,525,VAR_001477,1,0.5590248865739206,0.34943893440811213,0.38642874203657096,1
2,526,VAR_002638,1,0.9069375894699069,0.34943893440811213,0.38642874203657096,1
2,527,VAR_000644,1,0.8864641132359572,0.34943893440811213,0.38642874203657096,1
1,528,VAR_000465,0,0.23000318315072507,0.38642874203657096,0.38642874203657096,0
1,529,VAR_000816,1,0.9242770417321178,0.38642874203657096,0.38642874203657096,1
0,530,VAR_002264,1,0.5805520773360565,0.5497129302545452,0.38642874203657096,1
4,532,VAR_000275,1,0.7663311825831751,0.3707043291625692,0.38642874203657096,1
0,533,VAR_002846,1,0.7157202669927866,0.5497129302545452,0.38642874203657096,1
1,534,VAR_006490,1,0.9117708614931882,0.38642874203657096,0.38642874203657096,1
4,536,VAR_002362,1,0.7476092572084524,0.3707043291625692,0.38642874203657096,1
1,537,VAR_000221,1,0.855954289256354,0.38642874203657096,0.38642874203657096,1
2,538,VAR_000009,1,0.24491926847052864,0.34943893440811213,0.38642874203657096,0
0,539,VAR_005898,0,0.5497129302545452,0.5497129302545452,0.38642874203657096,1
3,540,VAR_000332,1,0.828759740351934,0.5702056023697871,0.38642874203657096,1
4,542,VAR_004022,1,0.9023724900562352,0.3707043291625692,0.38642874203657096,1
2,543,VAR_004819,1,0.8738103325921608,0.34943893440811213,0.38642874203657096,1
2,544,VAR_000882,1,0.7890409615870435,0.34943893440811213,0.38642874203657096,1
3,546,VAR_002802,1,0.7882827237009554,0.5702056023697871,0.38642874203657096,1
4,548,VAR_003800,1,0.8378730700175419,0.3707043291625692,0.38642874203657096,1
0,549,VAR_002773,0,0.5809842371747392,0.5497129302545452,0.38642874203657096,1
4,550,VAR_003761,0,0.8753543312149951,0.3707043291625692,0.38642874203657096,1
3,551,VAR_005276,0,0.5695047008071767,0.5702056023697871,0.38642874203657096,1
1,552,VAR_005143,1,0.7200041682319629,0.38642874203657096,0.38642874203657096,1
1,554,VAR_002106,0,0.4242773018699015,0.38642874203657096,0.38642874203657096,1
2,555,VAR_003246,1,0.8854220003435391,0.34943893440811213,0.38642874203657096,1
0,556,VAR_004940,1,0.7346469785759104,0.5497129302545452,0.38642874203657096,1
0,557,VAR_000099,0,0.43625916344730004,0.5497129302545452,0.38642874203657096,1
2,558,VAR_005611,1,0.6992493091328876,0.34943893440811213,0.38642874203657096,1
2,561,VAR_000505,1,0.6884993264192881,0.34943893440811213,0.38642874203657096,1
1,562,VAR_003585,0,0.08675594763338457,0.38642874203657096,0.38642874203657096,0
1,563,VAR_004761,1,0.6544018996825349,0.38642874203657096,0.38642874203657096,1
2,564,VAR_005227,1,0.8874015253741887,0.34943893440811213,0.38642874203657096,1
1,565,VAR_004155,0,0.8147716742469414,0.38642874203657096,0.38642874203657096,1
4,566,VAR_005858,1,0.908543600500756,0.3707043291625692,0.38642874203657096,1
3,567,VAR_004369,0,0.6060666200271917,0.5702056023697871,0.38642874203657096,1
3,568,VAR_004037,1,0.7663520736220099,0.5702056023697871,0.38642874203657096,1
0,569,VAR_004913,0,0.7270181859528831,0.5497129302545452,0.38642874203657096,1
4,570,VAR_005941,0,0.38246865391251317,0.3707043291625692,0.38642874203657096,0
1,572,VAR_003557,0,0.15387911844307375,0.38642874203657096,0.38642874203657096,0
3,573,VAR_001749,0,0.3770095102229696,0.5702056023697871,0.38642874203657096,0
1,575,VAR_001133,1,0.904630759885433,0.38642874203657096,0.38642874203657096,1
0,576,VAR_000197,0,0.6924751425382393,0.5497129302545452,0.38642874203657096,1
2,577,VAR_004317,1,0.5143161783669631,0.34943893440811213,0.38642874203657096,1
4,579,VAR_005616,1,0.6936682707074253,0.3707043291625692,0.38642874203657096,1
3,581,VAR_003697,0,0.49315304390971276,0.5702056023697871,0.38642874203657096,1
0,582,VAR_005290,1,0.4693800864137292,0.5497129302545452,0.38642874203657096,1
0,583,VAR_004806,1,0.6076777160672306,0.5497129302545452,0.38642874203657096,1
2,584,VAR_003262,0,0.33996280372812465,0.34943893440811213,0.38642874203657096,0
4,587,VAR_004980,1,0.933260329533117,0.3707043291625692,0.38642874203657096,1
4,589,VAR_005358,1,0.8201712267965325,0.3707043291625692,0.38642874203657096,1
1,590,VAR_005957,1,0.7898012971118865,0.38642874203657096,0.38642874203657096,1
1,591,VAR_005591,1,0.6483402281705904,0.38642874203657096,0.38642874203657096,1
0,592,VAR_000251,0,0.36567392071468074,0.5497129302545452,0.38642874203657096,0
2,593,VAR_003825,0,0.26921462396386,0.34943893440811213,0.38642874203657096,0
3,595,VAR_001410,1,0.5695047008071767,0.5702056023697871,0.38642874203657096,1
1,596,VAR_001268,0,0.6178972058585067,0.38642874203657096,0.38642874203657096,1
4,597,VAR_001000,0,0.11701718177868548,0.3707043291625692,0.38642874203657096,0
3,600,VAR_002064,0,0.4885830854485144,0.5702056023697871,0.38642874203657096,1
1,601,VAR_004216,0,0.7947555744914907,0.38642874203657096,0.38642874203657096,1
4,603,VAR_005007,0,0.3423561082802405,0.3707043291625692,0.38642874203657096,0
4,604,VAR_004252,1,0.9163751434458407,0.3707043291625692,0.38642874203657096,1
2,606,VAR_006463,1,0.7748305792204795,0.34943893440811213,0.38642874203657096,1
1,607,VAR_000846,0,0.757392130556773,0.38642874203657096,0.38642874203657096,1
4,608,VAR_002188,1,0.9426619259169298,0.3707043291625692,0.38642874203657096,1
4,609,VAR_002664,1,0.5088458797152018,0.3707043291625692,0.38642874203657096,1
4,611,VAR_003155,0,0.7726814701917994,0.3707043291625692,0.38642874203657096,1
4,612,VAR_005106,1,0.6545858281852779,0.3707043291625692,0.38642874203657096,1
0,613,VAR_004989,0,0.4949643450069373,0.5497129302545452,0.38642874203657096,1
2,614,VAR_005526,1,0.5926737970124172,0.34943893440811213,0.38642874203657096,1
1,616,VAR_004789,1,0.8036121473980358,0.38642874203657096,0.38642874203657096,1
0,617,VAR_006370,1,0.8565022497128876,0.5497129302545452,0.38642874203657096,1
2,620,VAR_001148,1,0.3623064454708302,0.34943893440811213,0.38642874203657096,0
3,621,VAR_005854,1,0.7764529090516411,0.5702056023697871,0.38642874203657096,1
3,622,VAR_001380,1,0.6248030583132318,0.5702056023697871,0.38642874203657096,1
0,624,VAR_003538,1,0.6086756259213112,0.5497129302545452,0.38642874203657096,1
2,625,VAR_002334,1,0.3533254511274136,0.34943893440811213,0.38642874203657096,0
2,628,VAR_006383,0,0.7822623416993323,0.34943893440811213,0.38642874203657096,1
4,629,VAR_000903,1,0.43124679719226366,0.3707043291625692,0.38642874203657096,1
0,630,VAR_002159,1,0.769632647345087,0.5497129302545452,0.38642874203657096,1
3,631,VAR_003946,1,0.7127877584181078,0.5702056023697871,0.38642874203657096,1
1,632,VAR_001995,1,0.9277012110582893,0.38642874203657096,0.38642874203657096,1
2,633,VAR_001340,0,0.6172058064955618,0.34943893440811213,0.38642874203657096,1
0,635,VAR_004460,0,0.38715845902517326,0.5497129302545452,0.38642874203657096,1
1,636,VAR_006066,1,0.5126576283302888,0.38642874203657096,0.38642874203657096,1
3,637,VAR_000245,1,0.4122272165534221,0.5702056023697871,0.38642874203657096,1
1,638,VAR_003500,0,0.08165594716570916,0.38642874203657096,0.38642874203657096,0
1,639,VAR_002146,1,0.9185546060424854,0.38642874203657096,0.38642874203657096,1
3,640,VAR_004199,1,0.7519654342636487,0.5702056023697871,0.38642874203657096,1
0,641,VAR_002340,1,0.5755853030915544,0.5497129302545452,0.38642874203657096,1
4,643,VAR_003764,1,0.3491980142516962,0.3707043291625692,0.38642874203657096,0
0,644,VAR_004838,1,0.7034325534376079,0.5497129302545452,0.38642874203657096,1
2,646,VAR_000244,1,0.675907654769696,0.34943893440811213,0.38642874203657096,1
4,647,VAR_001543,1,0.43124679719226366,0.3707043291625692,0.38642874203657096,1
2,648,VAR_004524,1,0.7935687782936418,0.34943893440811213,0.38642874203657096,1
4,649,VAR_004177,1,0.940782408234662,0.3707043291625692,0.38642874203657096,1
3,652,VAR_005433,0,0.6553639722701774,0.5702056023697871,0.38642874203657096,1
0,653,VAR_002718,1,0.8372520192466437,0.5497129302545452,0.38642874203657096,1
1,654,VAR_005088,1,0.9003564013078479,0.38642874203657096,0.38642874203657096,1
1,656,VAR_004123,1,0.6801652730460472,0.38642874203657096,0.38642874203657096,1
1,657,VAR_002514,0,0.19129657600458685,0.38642874203657096,0.38642874203657096,0
4,658,VAR_004085,0,0.13819705121647508,0.3707043291625692,0.38642874203657096,0
0,659,VAR_003154,1,0.5497129302545452,0.5497129302545452,0.38642874203657096,1
3,660,VAR_005296,1,0.500569308849231,0.5702056023697871,0.38642874203657096,1
1,661,VAR_001215,1,0.38652660061963273,0.38642874203657096,0.38642874203657096,1
1,664,VAR_005880,0,0.3637651095667745,0.38642874203657096,0.38642874203657096,0
2,665,VAR_005934,0,0.8371949380404269,0.34943893440811213,0.38642874203657096,1
3,666,VAR_002744,0,0.8073946871098343,0.5702056023697871,0.38642874203657096,1
0,667,VAR_004044,0,0.37171150052747204,0.5497129302545452,0.38642874203657096,0
0,668,VAR_002841,1,0.7948312233909924,0.5497129302545452,0.38642874203657096,1
1,669,VAR_000904,0,0.12419171336469553,0.38642874203657096,0.38642874203657096,0
3,670,VAR_000833,1,0.7474761385276879,0.5702056023697871,0.38642874203657096,1
1,671,VAR_002408,1,0.8852608566564486,0.38642874203657096,0.38642874203657096,1
1,672,VAR_003175,1,0.862737511189815,0.38642874203657096,0.38642874203657096,1
0,674,VAR_001438,1,0.48428640897146563,0.5497129302545452,0.38642874203657096,1
1,675,VAR_005949,0,0.09346743487648843,0.38642874203657096,0.38642874203657096,0
2,676,VAR_003784,1,0.9423977346387322,0.34943893440811213,0.38642874203657096,1
4,678,VAR_000109,1,0.533389418755344,0.3707043291625692,0.38642874203657096,1
3,679,VAR_006462,1,0.6220998514400407,0.5702056023697871,0.38642874203657096,1
4,680,VAR_000111,1,0.6284214155843654,0.3707043291625692,0.38642874203657096,1
4,681,VAR_000119,1,0.4877183639238458,0.3707043291625692,0.38642874203657096,1
0,682,VAR_006489,1,0.757057145104801,0.5497129302545452,0.38642874203657096,1
3,685,VAR_004363,0,0.44619509784642425,0.5702056023697871,0.38642874203657096,1
2,686,VAR_000643,1,0.9540079172670954,0.34943893440811213,0.38642874203657096,1
0,687,VAR_002067,0,0.41730085369055187,0.5497129302545452,0.38642874203657096,1
0,688,VAR_005944,1,0.7751328766099906,0.5497129302545452,0.38642874203657096,1
3,689,VAR_003312,0,0.7513732130841435,0.5702056023697871,0.38642874203657096,1
3,690,VAR_002193,0,0.54097894468782,0.5702056023697871,0.38642874203657096,1
3,691,VAR_003410,1,0.7936257077226221,0.5702056023697871,0.38642874203657096,1
2,692,VAR_002355,1,0.7428499710552637,0.34943893440811213,0.38642874203657096,1
0,694,VAR_002279,1,0.4413953376459304,0.5497129302545452,0.38642874203657096,1
3,695,VAR_005495,1,0.6870323070566684,0.5702056023697871,0.38642874203657096,1
4,697,VAR_001233,0,0.14744361627653366,0.3707043291625692,0.38642874203657096,0
2,698,VAR_000260,1,0.43484418678975084,0.34943893440811213,0.38642874203657096,1
4,700,VAR_006061,1,0.7713091199261116,0.3707043291625692,0.38642874203657096,1
2,701,VAR_000721,1,0.9405335736511259,0.34943893440811213,0.38642874203657096,1
3,702,VAR_004817,0,0.7347291620768094,0.5702056023697871,0.38642874203657096,1
1,703,VAR_003969,1,0.9123461804204058,0.38642874203657096,0.38642874203657096,1
0,705,VAR_001619,0,0.5497129302545452,0.5497129302545452,0.38642874203657096,1
4,706,VAR_005357,1,0.9154469665779535,0.3707043291625692,0.38642874203657096,1
0,707,VAR_004107,1,0.8257327234596882,0.5497129302545452,0.38642874203657096,1
1,708,VAR_000865,1,0.2938466933673049,0.38642874203657096,0.38642874203657096,0
0,709,VAR_002689,1,0.7122178142559856,0.5497129302545452,0.38642874203657096,1
2,712,VAR_006174,1,0.6757694904457284,0.34943893440811213,0.38642874203657096,1
4,713,VAR_004924,1,0.8184508611912161,0.3707043291625692,0.38642874203657096,1
3,714,VAR_005513,1,0.8546850059496827,0.5702056023697871,0.38642874203657096,1
2,715,VAR_000047,0,0.36403273965592575,0.34943893440811213,0.38642874203657096,0
1,716,VAR_002510,1,0.5855016257392872,0.38642874203657096,0.38642874203657096,1
0,717,VAR_001414,1,0.4331122695938208,0.5497129302545452,0.38642874203657096,1
3,718,VAR_005552,1,0.794255598702067,0.5702056023697871,0.38642874203657096,1
0,720,VAR_000142,1,0.7424589060275351,0.5497129302545452,0.38642874203657096,1
3,722,VAR_004996,1,0.7435105661263228,0.5702056023697871,0.38642874203657096,1
2,723,VAR_004302,1,0.2665014062908837,0.34943893440811213,0.38642874203657096,0
2,726,VAR_004081,1,0.8256681757659134,0.34943893440811213,0.38642874203657096,1
2,727,VAR_004060,0,0.9624298203282998,0.34943893440811213,0.38642874203657096,1
1,728,VAR_005462,0,0.1874274190934654,0.38642874203657096,0.38642874203657096,0
4,729,VAR_005573,1,0.6102636964204794,0.3707043291625692,0.38642874203657096,1
1,730,VAR_000240,1,0.6990610861196968,0.38642874203657096,0.38642874203657096,1
4,731,VAR_005996,1,0.38224780492334104,0.3707043291625692,0.38642874203657096,0
2,732,VAR_002137,1,0.7786429175917923,0.34943893440811213,0.38642874203657096,1
3,733,VAR_000841,1,0.6443250967327755,0.5702056023697871,0.38642874203657096,1
3,734,VAR_002516,0,0.7603004758634042,0.5702056023697871,0.38642874203657096,1
3,735,VAR_002127,0,0.5695047008071767,0.5702056023697871,0.38642874203657096,1
4,736,VAR_005536,1,0.8836543486241452,0.3707043291625692,0.38642874203657096,1
2,737,VAR_004480,0,0.33529276062060825,0.34943893440811213,0.38642874203657096,0
3,738,VAR_000783,1,0.7299247408001377,0.5702056023697871,0.38642874203657096,1
0,739,VAR_003902,1,0.5497129302545452,0.5497129302545452,0.38642874203657096,1
1,740,VAR_001653,1,0.447352168380443,0.38642874203657096,0.38642874203657096,1
1,741,VAR_000513,0,0.588187582249895,0.38642874203657096,0.38642874203657096,1
3,742,VAR_001554,1,0.6213155416367456,0.5702056023697871,0.38642874203657096,1
0,743,VAR_001379,1,0.6023934762083186,0.5497129302545452,0.38642874203657096,1
4,744,VAR_004800,0,0.11167161012963168,0.3707043291625692,0.38642874203657096,0
3,745,VAR_001174,1,0.5081271105047058,0.5702056023697871,0.38642874203657096,1
1,746,VAR_000069,1,0.8467169354246453,0.38642874203657096,0.38642874203657096,1
0,747,VAR_004027,1,0.7419330884445099,0.5497129302545452,0.38642874203657096,1
2,749,VAR_000729,1,0.7937361927590925,0.34943893440811213,0.38642874203657096,1
4,750,VAR_003961,1,0.9449995204997353,0.3707043291625692,0.38642874203657096,1
0,751,VAR_005455,1,0.8604954899384336,0.5497129302545452,0.38642874203657096,1
1,753,VAR_002403,0,0.35959620218244326,0.38642874203657096,0.38642874203657096,0
0,754,VAR_004881,1,0.6909601924694391,0.5497129302545452,0.38642874203657096,1
2,755,VAR_005859,1,0.6386692042686309,0.34943893440811213,0.38642874203657096,1
2,756,VAR_005282,1,0.45756233096627646,0.34943893440811213,0.38642874203657096,1
0,757,VAR_001143,1,0.8608053551879871,0.5497129302545452,0.38642874203657096,1
4,758,VAR_003067,0,0.8339745181622403,0.3707043291625692,0.38642874203657096,1
1,760,VAR_003411,1,0.6395531386311248,0.38642874203657096,0.38642874203657096,1
0,762,VAR_000289,1,0.7523015501510544,0.5497129302545452,0.38642874203657096,1
4,764,VAR_002265,1,0.7554574811280405,0.3707043291625692,0.38642874203657096,1
0,765,VAR_004348,0,0.615014266130351,0.5497129302545452,0.38642874203657096,1
0,766,VAR_005185,1,0.7649175617600787,0.5497129302545452,0.38642874203657096,1
0,767,VAR_003910,1,0.5954865536843084,0.5497129302545452,0.38642874203657096,1
3,769,VAR_001343,0,0.5695047008071767,0.5702056023697871,0.38642874203657096,1
2,770,VAR_000196,1,0.4152521038489014,0.34943893440811213,0.38642874203657096,1
1,771,VAR_000303,1,0.9280609936330644,0.38642874203657096,0.38642874203657096,1
3,772,VAR_005350,1,0.7668522981443308,0.5702056023697871,0.38642874203657096,1
3,773,VAR_005995,1,0.5036519596039278,0.5702056023697871,0.38642874203657096,1
1,775,VAR_006149,1,0.8396962821457766,0.38642874203657096,0.38642874203657096,1
2,777,VAR_002047,1,0.787219162934374,0.34943893440811213,0.38642874203657096,1
4,778,VAR_003248,1,0.8412776263833077,0.3707043291625692,0.38642874203657096,1
3,779,VAR_002920,0,0.7587350412232836,0.5702056023697871,0.38642874203657096,1
3,780,VAR_002178,1,0.7856578872804364,0.5702056023697871,0.38642874203657096,1
4,781,VAR_002581,1,0.5361993288556648,0.3707043291625692,0.38642874203657096,1
1,783,VAR_004179,0,0.17529595353726535,0.38642874203657096,0.38642874203657096,0
1,785,VAR_001950,1,0.8823623767028401,0.38642874203657096,0.38642874203657096,1
4,786,VAR_005354,1,0.7910947329025353,0.3707043291625692,0.38642874203657096,1
3,787,VAR_003536,1,0.6599676362893827,0.5702056023697871,0.38642874203657096,1
3,789,VAR_002464,1,0.8150994404507497,0.5702056023697871,0.38642874203657096,1
4,791,VAR_002252,0,0.2136624435770575,0.3707043291625692,0.38642874203657096,0
3,792,VAR_000041,1,0.6939887181479635,0.5702056023697871,0.38642874203657096,1
2,793,VAR_004929,0,0.5611373081099551,0.34943893440811213,0.38642874203657096,1
3,795,VAR_005283,1,0.6273612126731609,0.5702056023697871,0.38642874203657096,1
0,796,VAR_005517,1,0.7438270622491391,0.5497129302545452,0.38642874203657096,1
4,798,VAR_001518,0,0.43124679719226366,0.3707043291625692,0.38642874203657096,1
3,799,VAR_002536,1,0.7278537314754119,0.5702056023697871,0.38642874203657096,1
1,800,VAR_001941,1,0.44482094343123346,0.38642874203657096,0.38642874203657096,1
2,801,VAR_001094,1,0.9005419492764881,0.34943893440811213,0.38642874203657096,1
1,802,VAR_000282,1,0.9399277231150376,0.38642874203657096,0.38642874203657096,1
4,803,VAR_001420,0,0.4830338936829025,0.3707043291625692,0.38642874203657096,1
4,804,VAR_004251,1,0.9109731591044891,0.3707043291625692,0.38642874203657096,1
4,805,VAR_002445,1,0.8139436851213127,0.3707043291625692,0.38642874203657096,1
2,806,VAR_004126,1,0.3639635090608787,0.34943893440811213,0.38642874203657096,0
3,811,VAR_005248,1,0.7934723335870256,0.5702056023697871,0.38642874203657096,1
2,814,VAR_003836,1,0.7081681451222572,0.34943893440811213,0.38642874203657096,1
1,815,VAR_006099,1,0.9015821141509153,0.38642874203657096,0.38642874203657096,1
3,816,VAR_000383,0,0.3592988923629127,0.5702056023697871,0.38642874203657096,0
2,818,VAR_004289,1,0.23146155264784632,0.34943893440811213,0.38642874203657096,0
0,819,VAR_000296,1,0.6967227930758351,0.5497129302545452,0.38642874203657096,1
3,820,VAR_002498,0,0.39750140048062754,0.5702056023697871,0.38642874203657096,1
0,821,VAR_004722,1,0.7581116928416616,0.5497129302545452,0.38642874203657096,1
1,822,VAR_002200,1,0.8546364232219401,0.38642874203657096,0.38642874203657096,1
3,823,VAR_003254,1,0.5839659578542484,0.5702056023697871,0.38642874203657096,1
3,824,VAR_000350,0,0.5224295511172287,0.5702056023697871,0.38642874203657096,1
0,825,VAR_000962,1,0.8286218487066087,0.5497129302545452,0.38642874203657096,1
1,826,VAR_000915,1,0.9190095311507206,0.38642874203657096,0.38642874203657096,1
1,827,VAR_000262,0,0.13712362278458856,0.38642874203657096,0.38642874203657096,0
3,828,VAR_005220,0,0.3592668235388033,0.5702056023697871,0.38642874203657096,0
2,830,VAR_006491,1,0.9697350619011591,0.34943893440811213,0.38642874203657096,1
3,831,VAR_003887,0,0.5956224235139344,0.5702056023697871,0.38642874203657096,1
0,832,VAR_003289,1,0.6390213790897836,0.5497129302545452,0.38642874203657096,1
2,833,VAR_005685,1,0.8336866498110879,0.34943893440811213,0.38642874203657096,1
0,834,VAR_000809,1,0.8142744232097701,0.5497129302545452,0.38642874203657096,1
0,835,VAR_000467,0,0.4406183212216009,0.5497129302545452,0.38642874203657096,1
1,836,VAR_000952,1,0.8275452108250152,0.38642874203657096,0.38642874203657096,1
0,839,VAR_005165,1,0.7038580222407492,0.5497129302545452,0.38642874203657096,1
2,840,VAR_000799,0,0.19373449032972198,0.34943893440811213,0.38642874203657096,0
2,841,VAR_004608,0,0.4697847921955485,0.34943893440811213,0.38642874203657096,1
2,842,VAR_006431,0,0.5894739651662865,0.34943893440811213,0.38642874203657096,1
0,843,VAR_006404,0,0.6742333913656519,0.5497129302545452,0.38642874203657096,1
1,844,VAR_005534,1,0.7352821597858278,0.38642874203657096,0.38642874203657096,1
0,845,VAR_004416,1,0.5787109922788699,0.5497129302545452,0.38642874203657096,1
0,846,VAR_000408,1,0.8512389484494957,0.5497129302545452,0.38642874203657096,1
2,847,VAR_002982,1,0.8432861157147723,0.34943893440811213,0.38642874203657096,1
3,848,VAR_002226,0,0.6003123595215708,0.5702056023697871,0.38642874203657096,1
1,849,VAR_000147,1,0.7800720388259126,0.38642874203657096,0.38642874203657096,1
0,850,VAR_003806,1,0.6779637780132081,0.5497129302545452,0.38642874203657096,1
0,851,VAR_002597,0,0.6293924940488191,0.5497129302545452,0.38642874203657096,1
2,852,VAR_000222,0,0.24913157972463532,0.34943893440811213,0.38642874203657096,0
0,853,VAR_003780,1,0.6357499359281547,0.5497129302545452,0.38642874203657096,1
2,854,VAR_002320,0,0.32545585820831185,0.34943893440811213,0.38642874203657096,0
4,856,VAR_004489,0,0.8740346429067533,0.3707043291625692,0.38642874203657096,1
1,857,VAR_000823,1,0.8871753889189355,0.38642874203657096,0.38642874203657096,1
1,858,VAR_000827,1,0.9313097798791864,0.38642874203657096,0.38642874203657096,1
1,859,VAR_004926,1,0.6641839815029459,0.38642874203657096,0.38642874203657096,1
2,860,VAR_005917,0,0.19403346900894916,0.34943893440811213,0.38642874203657096,0
0,861,VAR_001021,0,0.7707830103534992,0.5497129302545452,0.38642874203657096,1
0,863,VAR_003798,1,0.8164106272227786,0.5497129302545452,0.38642874203657096,1
0,864,VAR_002316,1,0.7905653680556067,0.5497129302545452,0.38642874203657096,1
3,865,VAR_002257,1,0.6008576509363199,0.5702056023697871,0.38642874203657096,1
0,866,VAR_002496,1,0.5497129302545452,0.5497129302545452,0.38642874203657096,1
0,867,VAR_002509,1,0.7224519958976403,0.5497129302545452,0.38642874203657096,1
3,868,VAR_001998,1,0.8464857342627475,0.5702056023697871,0.38642874203657096,1
4,869,VAR_002142,1,0.685367215024248,0.3707043291625692,0.38642874203657096,1
0,870,VAR_006039,1,0.6702054511340948,0.5497129302545452,0.38642874203657096,1
1,871,VAR_003369,1,0.8491088258451134,0.38642874203657096,0.38642874203657096,1
3,872,VAR_005622,0,0.40591546212193375,0.5702056023697871,0.38642874203657096,1
3,874,VAR_001669,0,0.43581901452279476,0.5702056023697871,0.38642874203657096,1
0,875,VAR_002000,1,0.732858660036129,0.5497129302545452,0.38642874203657096,1
2,876,VAR_000088,0,0.11024963508021686,0.34943893440811213,0.38642874203657096,0
1,878,VAR_003858,1,0.8822623201672675,0.38642874203657096,0.38642874203657096,1
3,879,VAR_003765,0,0.4442936516012776,0.5702056023697871,0.38642874203657096,1
4,880,VAR_005048,1,0.8007111350926535,0.3707043291625692,0.38642874203657096,1
0,881,VAR_001479,0,0.5057058011940591,0.5497129302545452,0.38642874203657096,1
3,882,VAR_002481,1,0.684027433580188,0.5702056023697871,0.38642874203657096,1
4,883,VAR_004646,0,0.3460888779350598,0.3707043291625692,0.38642874203657096,0
3,884,VAR_003416,1,0.7891650681377197,0.5702056023697871,0.38642874203657096,1
3,885,VAR_004950,0,0.41852076678104705,0.5702056023697871,0.38642874203657096,1
2,886,VAR_002050,1,0.8765200161522775,0.34943893440811213,0.38642874203657096,1
0,887,VAR_001758,0,0.4068320797152565,0.5497129302545452,0.38642874203657096,1
1,889,VAR_002466,1,0.9212439137832873,0.38642874203657096,0.38642874203657096,1
1,890,VAR_003240,1,0.34936798076551345,0.38642874203657096,0.38642874203657096,0
2,891,VAR_003285,1,0.7622140049608376,0.34943893440811213,0.38642874203657096,1
3,894,VAR_005994,1,0.5189644630781486,0.5702056023697871,0.38642874203657096,1
1,895,VAR_003045,1,0.5212353999558014,0.38642874203657096,0.38642874203657096,1
0,896,VAR_004392,1,0.7431066949647797,0.5497129302545452,0.38642874203657096,1
4,897,VAR_005387,0,0.12255035229856868,0.3707043291625692,0.38642874203657096,0
1,898,VAR_002179,1,0.9321168001509675,0.38642874203657096,0.38642874203657096,1
4,899,VAR_002308,1,0.832629148275,0.3707043291625692,0.38642874203657096,1
0,900,VAR_005908,1,0.7634134834180235,0.5497129302545452,0.38642874203657096,1
0,902,VAR_005200,1,0.6723075767695755,0.5497129302545452,0.38642874203657096,1
1,903,VAR_000095,1,0.4742589832321036,0.38642874203657096,0.38642874203657096,1
4,904,VAR_003383,1,0.8531558572315325,0.3707043291625692,0.38642874203657096,1
3,906,VAR_000426,1,0.7339554362673766,0.5702056023697871,0.38642874203657096,1
0,907,VAR_005864,1,0.701359559888733,0.5497129302545452,0.38642874203657096,1
0,908,VAR_001402,1,0.6080591912434433,0.5497129302545452,0.38642874203657096,1
1,909,VAR_002221,1,0.9334302066704006,0.38642874203657096,0.38642874203657096,1
2,910,VAR_000813,1,0.7140470214688324,0.34943893440811213,0.38642874203657096,1
4,911,VAR_005605,1,0.8697176656960774,0.3707043291625692,0.38642874203657096,1
1,912,VAR_003893,0,0.72840900153134,0.38642874203657096,0.38642874203657096,1
4,913,VAR_001633,1,0.43124679719226366,0.3707043291625692,0.38642874203657096,1
3,914,VAR_004202,0,0.44307388503926237,0.5702056023697871,0.38642874203657096,1
0,915,VAR_001699,0,0.49180305023978843,0.5497129302545452,0.38642874203657096,1
1,916,VAR_004843,1,0.24069779402272404,0.38642874203657096,0.38642874203657096,0
1,917,VAR_005092,1,0.7750373911683465,0.38642874203657096,0.38642874203657096,1
3,918,VAR_005700,0,0.6086767333490185,0.5702056023697871,0.38642874203657096,1
2,920,VAR_005503,1,0.9254720431463777,0.34943893440811213,0.38642874203657096,1
0,922,VAR_004644,0,0.4519841763826709,0.5497129302545452,0.38642874203657096,1
4,923,VAR_001459,0,0.43124679719226366,0.3707043291625692,0.38642874203657096,1
2,924,VAR_004978,1,0.7466949922485836,0.34943893440811213,0.38642874203657096,1
2,925,VAR_004938,1,0.5275523870099257,0.34943893440811213,0.38642874203657096,1
0,926,VAR_004062,1,0.7706250271127978,0.5497129302545452,0.38642874203657096,1
3,927,VAR_006436,0,0.41921831498377965,0.5702056023697871,0.38642874203657096,1
2,929,VAR_000538,1,0.7797255545208964,0.34943893440811213,0.38642874203657096,1
3,930,VAR_005055,0,0.36594686852790914,0.5702056023697871,0.38642874203657096,0
2,931,VAR_003377,1,0.7122637691327687,0.34943893440811213,0.38642874203657096,1
4,932,VAR_000532,1,0.3707043291625692,0.3707043291625692,0.38642874203657096,0
4,933,VAR_000265,1,0.43124679719226366,0.3707043291625692,0.38642874203657096,1
1,934,VAR_000038,1,0.8909266453593734,0.38642874203657096,0.38642874203657096,1
1,935,VAR_001347,1,0.5470831781656454,0.38642874203657096,0.38642874203657096,1
4,936,VAR_000371,0,0.12274776614327523,0.3707043291625692,0.38642874203657096,0
1,937,VAR_000162,1,0.8357804704756646,0.38642874203657096,0.38642874203657096,1
4,938,VAR_005905,1,0.8338428300516404,0.3707043291625692,0.38642874203657096,1
2,939,VAR_001038,0,0.7291288935271002,0.34943893440811213,0.38642874203657096,1
2,941,VAR_004144,0,0.8669436206031552,0.34943893440811213,0.38642874203657096,1
2,942,VAR_002814,1,0.8956483674557776,0.34943893440811213,0.38642874203657096,1
0,943,VAR_000852,1,0.7476262715196391,0.5497129302545452,0.38642874203657096,1
3,944,VAR_006566,1,0.6518921965754209,0.5702056023697871,0.38642874203657096,1
2,946,VAR_002454,1,0.7194808344823853,0.34943893440811213,0.38642874203657096,1
2,947,VAR_001584,1,0.4332245951596284,0.34943893440811213,0.38642874203657096,1
1,948,VAR_004150,0,0.6753322630482278,0.38642874203657096,0.38642874203657096,1
4,949,VAR_005733,0,0.24580050027463793,0.3707043291625692,0.38642874203657096,0
3,950,VAR_003270,1,0.8341025950459037,0.5702056023697871,0.38642874203657096,1
2,951,VAR_002877,1,0.7683609278540803,0.34943893440811213,0.38642874203657096,1
1,952,VAR_004112,1,0.9302958801176479,0.38642874203657096,0.38642874203657096,1
2,953,VAR_004321,1,0.23873779029062,0.34943893440811213,0.38642874203657096,0
4,954,VAR_003293,1,0.8927286887016483,0.3707043291625692,0.38642874203657096,1
3,955,VAR_002234,1,0.8057821517137651,0.5702056023697871,0.38642874203657096,1
3,956,VAR_002630,1,0.7462687673323645,0.5702056023697871,0.38642874203657096,1
0,958,VAR_000923,0,0.44882369629538854,0.5497129302545452,0.38642874203657096,1
0,959,VAR_005640,0,0.40523469754964786,0.5497129302545452,0.38642874203657096,1
2,960,VAR_002515,1,0.7149131339852727,0.34943893440811213,0.38642874203657096,1
0,961,VAR_001586,1,0.583904812713737,0.5497129302545452,0.38642874203657096,1
4,962,VAR_005401,1,0.9475561564294864,0.3707043291625692,0.38642874203657096,1
0,963,VAR_005476,0,0.4660730462975565,0.5497129302545452,0.38642874203657096,1
0,964,VAR_005765,1,0.7096704434686378,0.5497129302545452,0.38642874203657096,1
4,965,VAR_005795,1,0.9146081260501532,0.3707043291625692,0.38642874203657096,1
0,966,VAR_001774,1,0.8112821351537031,0.5497129302545452,0.38642874203657096,1
3,967,VAR_000010,0,0.4401463055400402,0.5702056023697871,0.38642874203657096,1
3,968,VAR_004777,1,0.6204365316003977,0.5702056023697871,0.38642874203657096,1
3,969,VAR_004418,1,0.8423084875368236,0.5702056023697871,0.38642874203657096,1
2,970,VAR_000912,1,0.8423018108836613,0.34943893440811213,0.38642874203657096,1
4,971,VAR_004096,0,0.11374153349246639,0.3707043291625692,0.38642874203657096,0
0,972,VAR_000167,1,0.7494245555377307,0.5497129302545452,0.38642874203657096,1
3,973,VAR_002486,0,0.3955184843940353,0.5702056023697871,0.38642874203657096,1
4,974,VAR_002488,1,0.1671647596364354,0.3707043291625692,0.38642874203657096,0
1,975,VAR_004072,1,0.8083878493045441,0.38642874203657096,0.38642874203657096,1
4,976,VAR_005715,1,0.8228293725112772,0.3707043291625692,0.38642874203657096,1
3,977,VAR_005072,1,0.7642638471575093,0.5702056023697871,0.38642874203657096,1
2,978,VAR_004962,1,0.8733018344743771,0.34943893440811213,0.38642874203657096,1
0,979,VAR_003442,0,0.35081725413297216,0.5497129302545452,0.38642874203657096,0
3,980,VAR_005992,1,0.48888560370165923,0.5702056023697871,0.38642874203657096,1
2,981,VAR_005128,1,0.8663790508041028,0.34943893440811213,0.38642874203657096,1
3,983,VAR_004779,1,0.7862846256534898,0.5702056023697871,0.38642874203657096,1
4,984,VAR_002482,0,0.11744244960120245,0.3707043291625692,0.38642874203657096,0
4,985,VAR_005177,1,0.8140625263431894,0.3707043291625692,0.38642874203657096,1
1,986,VAR_006197,0,0.8850325295584838,0.38642874203657096,0.38642874203657096,1
2,988,VAR_001486,1,0.4109282018057332,0.34943893440811213,0.38642874203657096,1
1,989,VAR_003313,0,0.7735455869983513,0.38642874203657096,0.38642874203657096,1
1,990,VAR_005017,1,0.7915397380974923,0.38642874203657096,0.38642874203657096,1
0,991,VAR_006178,1,0.7823380330496527,0.5497129302545452,0.38642874203657096,1
3,993,VAR_002154,1,0.8466100195784323,0.5702056023697871,0.38642874203657096,1
3,994,VAR_000331,1,0.8073439373758181,0.5702056023697871,0.38642874203657096,1
3,995,VAR_004331,0,0.5152820871765469,0.5702056023697871,0.38642874203657096,1
2,996,VAR_006153,1,0.6008557675712389,0.34943893440811213,0.38642874203657096,1
1,997,VAR_005061,1,0.23168458189794994,0.38642874203657096,0.38642874203657096,0
4,998,VAR_006091,1,0.3483786308643072,0.3707043291625692,0.38642874203657096,0
1,999,VAR_006263,1,0.8589549798381791,0.38642874203657096,0.38642874203657096,1
2,1000,VAR_004842,1,0.3872730563832023,0.34943893440811213,0.38642874203657096,1
2,1001,VAR_004824,1,0.6394184807373399,0.34943893440811213,0.38642874203657096,1
4,1002,VAR_003865,1,0.8224544642764471,0.3707043291625692,0.38642874203657096,1
2,1003,VAR_002601,0,0.16860037912861567,0.34943893440811213,0.38642874203657096,0
0,1004,VAR_001092,0,0.7438945093108422,0.5497129302545452,0.38642874203657096,1
4,1006,VAR_003804,1,0.3362874104019075,0.3707043291625692,0.38642874203657096,0
2,1007,VAR_000638,1,0.8967933725630871,0.34943893440811213,0.38642874203657096,1
2,1009,VAR_000292,1,0.7499566672132094,0.34943893440811213,0.38642874203657096,1
0,1010,VAR_003281,1,0.7767796468493017,0.5497129302545452,0.38642874203657096,1
3,1011,VAR_001283,0,0.3867077935119866,0.5702056023697871,0.38642874203657096,1
3,1012,VAR_004113,1,0.8013701647026502,0.5702056023697871,0.38642874203657096,1
4,1013,VAR_000283,1,0.9289812186955454,0.3707043291625692,0.38642874203657096,1
3,1014,VAR_001383,1,0.6241625348042251,0.5702056023697871,0.38642874203657096,1
3,1015,VAR_006582,1,0.622098494808856,0.5702056023697871,0.38642874203657096,1
3,1016,VAR_000862,0,0.4964683122078096,0.5702056023697871,0.38642874203657096,1
0,1017,VAR_001388,1,0.5497129302545452,0.5497129302545452,0.38642874203657096,1
2,1018,VAR_004454,0,0.12063148456315419,0.34943893440811213,0.38642874203657096,0
0,1019,VAR_001405,1,0.5497129302545452,0.5497129302545452,0.38642874203657096,1
1,1020,VAR_005710,1,0.9181066544869623,0.38642874203657096,0.38642874203657096,1
4,1021,VAR_004051,1,0.94221815973228,0.3707043291625692,0.38642874203657096,1
1,1022,VAR_001401,0,0.4090716706310624,0.38642874203657096,0.38642874203657096,1
3,1023,VAR_004167,0,0.48896035380882763,0.5702056023697871,0.38642874203657096,1
4,1024,VAR_006045,1,0.8380487126611639,0.3707043291625692,0.38642874203657096,1
3,1025,VAR_005764,1,0.5290825583718439,0.5702056023697871,0.38642874203657096,1
4,1027,VAR_001366,1,0.43124679719226366,0.3707043291625692,0.38642874203657096,1
3,1028,VAR_005784,1,0.6530482377906514,0.5702056023697871,0.38642874203657096,1
3,1029,VAR_004758,0,0.36176468353360886,0.5702056023697871,0.38642874203657096,0
0,1030,VAR_000241,1,0.7843706975660778,0.5497129302545452,0.38642874203657096,1
3,1031,VAR_000429,1,0.6554445479699371,0.5702056023697871,0.38642874203657096,1
2,1032,VAR_002292,0,0.17155903081405954,0.34943893440811213,0.38642874203657096,0
2,1033,VAR_004468,1,0.3421416631908612,0.34943893440811213,0.38642874203657096,0
0,1034,VAR_002223,1,0.7853904457285468,0.5497129302545452,0.38642874203657096,1
2,1035,VAR_002527,0,0.21020622821563567,0.34943893440811213,0.38642874203657096,0
1,1036,VAR_006521,1,0.9251031726664193,0.38642874203657096,0.38642874203657096,1
1,1037,VAR_006253,1,0.8794812946702617,0.38642874203657096,0.38642874203657096,1
0,1038,VAR_005090,0,0.3808856418029839,0.5497129302545452,0.38642874203657096,0
2,1040,VAR_000022,1,0.8674670260026107,0.34943893440811213,0.38642874203657096,1
1,1041,VAR_000231,1,0.3952650231347633,0.38642874203657096,0.38642874203657096,1
1,1042,VAR_000278,1,0.8586483842451506,0.38642874203657096,0.38642874203657096,1
4,1043,VAR_004848,0,0.3508657510572966,0.3707043291625692,0.38642874203657096,0
1,1044,VAR_003016,0,0.5209909729171985,0.38642874203657096,0.38642874203657096,1
1,1046,VAR_000844,1,0.8661354730829381,0.38642874203657096,0.38642874203657096,1
2,1047,VAR_002610,0,0.2811917382332429,0.34943893440811213,0.38642874203657096,0
3,1048,VAR_001319,0,0.6088177482970427,0.5702056023697871,0.38642874203657096,1
3,1049,VAR_001994,1,0.6652316220364617,0.5702056023697871,0.38642874203657096,1
3,1050,VAR_000811,1,0.6956667499948825,0.5702056023697871,0.38642874203657096,1
3,1051,VAR_000530,1,0.8212853559884433,0.5702056023697871,0.38642874203657096,1
4,1052,VAR_004042,1,0.8935843181178983,0.3707043291625692,0.38642874203657096,1
4,1053,VAR_006165,1,0.8879831289609285,0.3707043291625692,0.38642874203657096,1
3,1054,VAR_005406,1,0.7454144346310997,0.5702056023697871,0.38642874203657096,1
4,1055,VAR_001363,1,0.43124679719226366,0.3707043291625692,0.38642874203657096,1
0,1056,VAR_002452,1,0.7632146730905626,0.5497129302545452,0.38642874203657096,1
3,1057,VAR_000320,0,0.40242044182028774,0.5702056023697871,0.38642874203657096,1
3,1059,VAR_002168,1,0.7397172760710643,0.5702056023697871,0.38642874203657096,1
3,1060,VAR_006199,0,0.7909587264160947,0.5702056023697871,0.38642874203657096,1
0,1061,VAR_001418,1,0.5497129302545452,0.5497129302545452,0.38642874203657096,1
1,1062,VAR_004084,0,0.1657042729360584,0.38642874203657096,0.38642874203657096,0
4,1063,VAR_000059,1,0.9272407243545963,0.3707043291625692,0.38642874203657096,1
1,1066,VAR_005843,1,0.7421330946122849,0.38642874203657096,0.38642874203657096,1
2,1067,VAR_002948,1,0.5956001386460049,0.34943893440811213,0.38642874203657096,1
0,1068,VAR_003678,1,0.775876215778387,0.5497129302545452,0.38642874203657096,1
4,1071,VAR_004016,1,0.9107280770029208,0.3707043291625692,0.38642874203657096,1
3,1073,VAR_003036,1,0.8096371469551694,0.5702056023697871,0.38642874203657096,1
3,1074,VAR_005184,1,0.6081623799336904,0.5702056023697871,0.38642874203657096,1
0,1075,VAR_004070,1,0.7966071157334708,0.5497129302545452,0.38642874203657096,1
4,1076,VAR_006070,0,0.47953204398402643,0.3707043291625692,0.38642874203657096,1
1,1077,VAR_005578,1,0.3692628750672669,0.38642874203657096,0.38642874203657096,0
3,1078,VAR_003861,1,0.8070119439290159,0.5702056023697871,0.38642874203657096,1
3,1079,VAR_002208,1,0.8258842474714112,0.5702056023697871,0.38642874203657096,1
1,1080,VAR_000211,1,0.7626963857630378,0.38642874203657096,0.38642874203657096,1
1,1081,VAR_005246,1,0.8440872398597759,0.38642874203657096,0.38642874203657096,1
2,1082,VAR_000174,1,0.868337050099973,0.34943893440811213,0.38642874203657096,1
2,1083,VAR_004110,1,0.6964988986127564,0.34943893440811213,0.38642874203657096,1
3,1084,VAR_004508,1,0.7571131636719883,0.5702056023697871,0.38642874203657096,1
3,1085,VAR_003419,1,0.7272801365538092,0.5702056023697871,0.38642874203657096,1
1,1087,VAR_002299,1,0.5512695849340178,0.38642874203657096,0.38642874203657096,1
3,1088,VAR_005145,1,0.6017891442503823,0.5702056023697871,0.38642874203657096,1
0,1090,VAR_004208,0,0.5497129302545452,0.5497129302545452,0.38642874203657096,1
4,1092,VAR_003375,1,0.8084719681796744,0.3707043291625692,0.38642874203657096,1
0,1094,VAR_004268,0,0.4097157042715007,0.5497129302545452,0.38642874203657096,1
0,1096,VAR_004766,1,0.6280215861405499,0.5497129302545452,0.38642874203657096,1
1,1097,VAR_005032,1,0.8904108337897642,0.38642874203657096,0.38642874203657096,1
3,1101,VAR_006182,1,0.7929831602238678,0.5702056023697871,0.38642874203657096,1
0,1103,VAR_004583,0,0.6375127489954612,0.5497129302545452,0.38642874203657096,1
2,1104,VAR_003345,1,0.5887496961894462,0.34943893440811213,0.38642874203657096,1
4,1105,VAR_002003,0,0.22331926227683896,0.3707043291625692,0.38642874203657096,0
4,1106,VAR_000266,1,0.549375171077748,0.3707043291625692,0.38642874203657096,1
3,1107,VAR_000328,1,0.688557313175207,0.5702056023697871,0.38642874203657096,1
0,1108,VAR_000697,1,0.5506064055334923,0.5497129302545452,0.38642874203657096,1
1,1109,VAR_005157,1,0.8935166643394631,0.38642874203657096,0.38642874203657096,1
4,1110,VAR_002423,1,0.8626989934483689,0.3707043291625692,0.38642874203657096,1
2,1111,VAR_001037,1,0.923541959308388,0.34943893440811213,0.38642874203657096,1
2,1112,VAR_003908,0,0.21203435829112005,0.34943893440811213,0.38642874203657096,0
1,1113,VAR_006596,1,0.47093558769950455,0.38642874203657096,0.38642874203657096,1
0,1114,VAR_000517,0,0.3730325152866056,0.5497129302545452,0.38642874203657096,0
1,1115,VAR_001908,0,0.1025801751649401,0.38642874203657096,0.38642874203657096,0
4,1116,VAR_003756,1,0.3009348563300579,0.3707043291625692,0.38642874203657096,0
1,1117,VAR_001306,0,0.47942293846618,0.38642874203657096,0.38642874203657096,1
0,1118,VAR_000957,1,0.6890684809907793,0.5497129302545452,0.38642874203657096,1
1,1119,VAR_000497,1,0.6702229164780233,0.38642874203657096,0.38642874203657096,1
2,1120,VAR_000169,1,0.7300932835928811,0.34943893440811213,0.38642874203657096,1
3,1121,VAR_002204,1,0.7352955578522414,0.5702056023697871,0.38642874203657096,1
1,1123,VAR_002201,1,0.5523791007321682,0.38642874203657096,0.38642874203657096,1
3,1124,VAR_004923,1,0.799854246458711,0.5702056023697871,0.38642874203657096,1
4,1125,VAR_001555,1,0.43124679719226366,0.3707043291625692,0.38642874203657096,1
3,1126,VAR_001575,1,0.5695047008071767,0.5702056023697871,0.38642874203657096,1
1,1127,VAR_000373,0,0.2762169595098198,0.38642874203657096,0.38642874203657096,0
3,1128,VAR_004847,1,0.7656937289992554,0.5702056023697871,0.38642874203657096,1
2,1129,VAR_002680,1,0.40057423370905304,0.34943893440811213,0.38642874203657096,1
0,1130,VAR_001226,1,0.7752948130299243,0.5497129302545452,0.38642874203657096,1
3,1131,VAR_002360,1,0.7102769983137003,0.5702056023697871,0.38642874203657096,1
2,1132,VAR_001789,0,0.20985566573603928,0.34943893440811213,0.38642874203657096,0
1,1133,VAR_003525,1,0.6296635601465128,0.38642874203657096,0.38642874203657096,1
0,1134,VAR_005342,0,0.40047334808036494,0.5497129302545452,0.38642874203657096,1
4,1135,VAR_002309,1,0.7630696639899553,0.3707043291625692,0.38642874203657096,1
1,1136,VAR_005245,1,0.9450902267297825,0.38642874203657096,0.38642874203657096,1
1,1137,VAR_001124,1,0.6326084412736116,0.38642874203657096,0.38642874203657096,1
3,1138,VAR_000812,1,0.7521196677640447,0.5702056023697871,0.38642874203657096,1
2,1139,VAR_000779,1,0.8049822539722291,0.34943893440811213,0.38642874203657096,1
0,1140,VAR_002571,0,0.36554264051245405,0.5497129302545452,0.38642874203657096,0
1,1141,VAR_004298,1,0.25485603318085853,0.38642874203657096,0.38642874203657096,0
3,1142,VAR_006356,0,0.5695047008071767,0.5702056023697871,0.38642874203657096,1
4,1143,VAR_004152,0,0.3433641294248653,0.3707043291625692,0.38642874203657096,0
3,1146,VAR_003459,1,0.8288441805501654,0.5702056023697871,0.38642874203657096,1
4,1147,VAR_003041,1,0.7599263897363935,0.3707043291625692,0.38642874203657096,1
0,1148,VAR_005518,1,0.7743850539967352,0.5497129302545452,0.38642874203657096,1
1,1149,VAR_004185,0,0.0992144321065883,0.38642874203657096,0.38642874203657096,0
4,1151,VAR_002006,1,0.33799905102250966,0.3707043291625692,0.38642874203657096,0
4,1153,VAR_001417,1,0.43124679719226366,0.3707043291625692,0.38642874203657096,1
1,1154,VAR_005159,1,0.8025626224837414,0.38642874203657096,0.38642874203657096,1
3,1156,VAR_005410,0,0.6276767128464296,0.5702056023697871,0.38642874203657096,1
0,1158,VAR_005707,1,0.7899869397397763,0.5497129302545452,0.38642874203657096,1
2,1159,VAR_000135,1,0.6617806556239393,0.34943893440811213,0.38642874203657096,1
4,1160,VAR_005481,1,0.7122446559439896,0.3707043291625692,0.38642874203657096,1
2,1162,VAR_003370,1,0.479989740450002,0.34943893440811213,0.38642874203657096,1
0,1163,VAR_000476,1,0.5321776338392785,0.5497129302545452,0.38642874203657096,1
3,1164,VAR_005187,1,0.5819274777927008,0.5702056023697871,0.38642874203657096,1
2,1166,VAR_004791,0,0.20514940038626941,0.34943893440811213,0.38642874203657096,0
3,1167,VAR_001317,0,0.6080810905223515,0.5702056023697871,0.38642874203657096,1
1,1168,VAR_005853,1,0.9204439310837788,0.38642874203657096,0.38642874203657096,1
4,1169,VAR_001517,0,0.5449599527060526,0.3707043291625692,0.38642874203657096,1
3,1170,VAR_006166,1,0.8121055983389766,0.5702056023697871,0.38642874203657096,1
3,1171,VAR_006339,1,0.725184784398229,0.5702056023697871,0.38642874203657096,1
0,1172,VAR_002803,1,0.6988857879010963,0.5497129302545452,0.38642874203657096,1
1,1173,VAR_001836,0,0.1270433394804728,0.38642874203657096,0.38642874203657096,0
4,1174,VAR_001701,1,0.6899835050235554,0.3707043291625692,0.38642874203657096,1
0,1175,VAR_006239,0,0.3841423189472841,0.5497129302545452,0.38642874203657096,0
1,1176,VAR_001736,0,0.06577782194495906,0.38642874203657096,0.38642874203657096,0
0,1177,VAR_005016,1,0.695103169143507,0.5497129302545452,0.38642874203657096,1
0,1178,VAR_006560,0,0.38660558260784245,0.5497129302545452,0.38642874203657096,1
2,1180,VAR_006498,1,0.8792966003705441,0.34943893440811213,0.38642874203657096,1
3,1181,VAR_000411,0,0.6009667317432682,0.5702056023697871,0.38642874203657096,1
3,1182,VAR_006264,1,0.8278501405475184,0.5702056023697871,0.38642874203657096,1
2,1183,VAR_005051,0,0.3960320354719025,0.34943893440811213,0.38642874203657096,1
2,1185,VAR_001709,0,0.762865879335163,0.34943893440811213,0.38642874203657096,1
3,1188,VAR_003017,1,0.8225368434880289,0.5702056023697871,0.38642874203657096,1
1,1189,VAR_006573,0,0.8321020169211045,0.38642874203657096,0.38642874203657096,1
3,1190,VAR_000374,1,0.7598189861963601,0.5702056023697871,0.38642874203657096,1
2,1191,VAR_001335,1,0.5831522758199598,0.34943893440811213,0.38642874203657096,1
1,1192,VAR_003568,0,0.6533953524333722,0.38642874203657096,0.38642874203657096,1
2,1193,VAR_000236,1,0.7136810552333507,0.34943893440811213,0.38642874203657096,1
0,1194,VAR_006277,0,0.4384167048704425,0.5497129302545452,0.38642874203657096,1
0,1195,VAR_004098,0,0.468417125405571,0.5497129302545452,0.38642874203657096,1
3,1196,VAR_000306,0,0.36879639186972907,0.5702056023697871,0.38642874203657096,0
2,1197,VAR_005617,1,0.947314612275588,0.34943893440811213,0.38642874203657096,1
4,1198,VAR_000792,1,0.6364573680761991,0.3707043291625692,0.38642874203657096,1
4,1199,VAR_002407,0,0.1243328358349405,0.3707043291625692,0.38642874203657096,0
0,1200,VAR_006350,1,0.7525483850256559,0.5497129302545452,0.38642874203657096,1
3,1201,VAR_004250,1,0.6733490869427482,0.5702056023697871,0.38642874203657096,1
1,1203,VAR_005010,1,0.2827787948600225,0.38642874203657096,0.38642874203657096,0
3,1204,VAR_001711,1,0.5780358732775371,0.5702056023697871,0.38642874203657096,1
1,1206,VAR_004854,1,0.4929244816213817,0.38642874203657096,0.38642874203657096,1
0,1207,VAR_004994,0,0.4571581546543821,0.5497129302545452,0.38642874203657096,1
3,1208,VAR_004707,0,0.5803945511740826,0.5702056023697871,0.38642874203657096,1
2,1209,VAR_005641,0,0.17898114458481632,0.34943893440811213,0.38642874203657096,0
0,1210,VAR_003245,0,0.5425150482540573,0.5497129302545452,0.38642874203657096,1
0,1212,VAR_005183,1,0.779064912675976,0.5497129302545452,0.38642874203657096,1
2,1213,VAR_000415,1,0.4109282018057332,0.34943893440811213,0.38642874203657096,1
0,1214,VAR_000528,1,0.7888812881291302,0.5497129302545452,0.38642874203657096,1
4,1215,VAR_005162,1,0.8314537759793328,0.3707043291625692,0.38642874203657096,1
2,1216,VAR_001440,1,0.5718745675152487,0.34943893440811213,0.38642874203657096,1
2,1217,VAR_004809,1,0.8428093700722226,0.34943893440811213,0.38642874203657096,1
3,1219,VAR_004901,1,0.7453820163231107,0.5702056023697871,0.38642874203657096,1
4,1220,VAR_005985,0,0.28225406233866546,0.3707043291625692,0.38642874203657096,0
4,1221,VAR_006503,1,0.6222740075559562,0.3707043291625692,0.38642874203657096,1
1,1223,VAR_000531,1,0.9479275086836384,0.38642874203657096,0.38642874203657096,1
1,1224,VAR_005769,1,0.8030608469798959,0.38642874203657096,0.38642874203657096,1
3,1225,VAR_005551,1,0.8431004972791034,0.5702056023697871,0.38642874203657096,1
1,1226,VAR_005365,1,0.4090716706310624,0.38642874203657096,0.38642874203657096,1
4,1227,VAR_002985,1,0.42125535066838277,0.3707043291625692,0.38642874203657096,1
0,1228,VAR_003960,1,0.7342259451089028,0.5497129302545452,0.38642874203657096,1
4,1229,VAR_005695,1,0.8598584787462202,0.3707043291625692,0.38642874203657096,1
3,1230,VAR_002259,1,0.5695047008071767,0.5702056023697871,0.38642874203657096,1
1,1231,VAR_003986,1,0.8916681753050648,0.38642874203657096,0.38642874203657096,1
1,1232,VAR_001723,0,0.3936519189355731,0.38642874203657096,0.38642874203657096,1
2,1233,VAR_003860,1,0.7872282509721896,0.34943893440811213,0.38642874203657096,1
1,1234,VAR_003857,1,0.9303864751463505,0.38642874203657096,0.38642874203657096,1
4,1237,VAR_000288,1,0.7051171012567857,0.3707043291625692,0.38642874203657096,1
3,1239,VAR_003412,1,0.791433524070998,0.5702056023697871,0.38642874203657096,1
4,1240,VAR_005234,0,0.2104130137593991,0.3707043291625692,0.38642874203657096,0
2,1241,VAR_000795,0,0.4239309371454235,0.34943893440811213,0.38642874203657096,1
3,1243,VAR_000141,1,0.7297196628645001,0.5702056023697871,0.38642874203657096,1
2,1245,VAR_005492,1,0.9221268542619405,0.34943893440811213,0.38642874203657096,1
1,1246,VAR_003502,0,0.37283308078973937,0.38642874203657096,0.38642874203657096,0
4,1247,VAR_000527,1,0.8022528132544495,0.3707043291625692,0.38642874203657096,1
0,1248,VAR_003859,1,0.7882488087453006,0.5497129302545452,0.38642874203657096,1
0,1249,VAR_000299,0,0.404369314131718,0.5497129302545452,0.38642874203657096,1
0,1250,VAR_004281,1,0.5034767007331489,0.5497129302545452,0.38642874203657096,1
3,1251,VAR_001698,1,0.83322102432716,0.5702056023697871,0.38642874203657096,1
0,1252,VAR_004815,1,0.8130262817947737,0.5497129302545452,0.38642874203657096,1
0,1253,VAR_002494,0,0.3508435552188407,0.5497129302545452,0.38642874203657096,0
4,1254,VAR_001818,1,0.834242672118373,0.3707043291625692,0.38642874203657096,1
2,1256,VAR_006305,0,0.5102363634775782,0.34943893440811213,0.38642874203657096,1
3,1257,VAR_005135,1,0.6926142881136252,0.5702056023697871,0.38642874203657096,1
1,1258,VAR_004736,0,0.12242271096965877,0.38642874203657096,0.38642874203657096,0
4,1259,VAR_004012,1,0.9164187348718867,0.3707043291625692,0.38642874203657096,1
4,1260,VAR_003708,0,0.3660597718340407,0.3707043291625692,0.38642874203657096,0
1,1261,VAR_004230,1,0.49062902224956173,0.38642874203657096,0.38642874203657096,1
0,1262,VAR_002175,1,0.6481582648814721,0.5497129302545452,0.38642874203657096,1
2,1263,VAR_000905,1,0.6063859132777826,0.34943893440811213,0.38642874203657096,1
4,1264,VAR_000412,0,0.43124679719226366,0.3707043291625692,0.38642874203657096,1
1,1265,VAR_001146,1,0.9417077640910311,0.38642874203657096,0.38642874203657096,1
3,1267,VAR_002263,1,0.714210931009176,0.5702056023697871,0.38642874203657096,1
2,1268,VAR_001738,0,0.252183092917555,0.34943893440811213,0.38642874203657096,0
1,1269,VAR_001225,0,0.35083804146898334,0.38642874203657096,0.38642874203657096,0
0,1270,VAR_004585,1,0.8285538369503537,0.5497129302545452,0.38642874203657096,1
2,1271,VAR_004080,1,0.888901366907068,0.34943893440811213,0.38642874203657096,1
4,1272,VAR_005544,1,0.7068250677119102,0.3707043291625692,0.38642874203657096,1
3,1273,VAR_003977,0,0.4926093476040115,0.5702056023697871,0.38642874203657096,1
0,1275,VAR_000489,1,0.6005481473098723,0.5497129302545452,0.38642874203657096,1
3,1277,VAR_004097,0,0.4935280337682638,0.5702056023697871,0.38642874203657096,1
2,1278,VAR_004279,1,0.455172136635172,0.34943893440811213,0.38642874203657096,1
1,1279,VAR_000485,1,0.26214301673494544,0.38642874203657096,0.38642874203657096,0
4,1280,VAR_004821,0,0.156380209648364,0.3707043291625692,0.38642874203657096,0
2,1281,VAR_004615,0,0.5080160420817479,0.34943893440811213,0.38642874203657096,1
0,1282,VAR_006159,0,0.44632080042721045,0.5497129302545452,0.38642874203657096,1
3,1283,VAR_002183,1,0.8264941423436778,0.5702056023697871,0.38642874203657096,1
3,1284,VAR_003247,1,0.7394940004366242,0.5702056023697871,0.38642874203657096,1
3,1285,VAR_001651,0,0.5695047008071767,0.5702056023697871,0.38642874203657096,1
0,1286,VAR_001528,1,0.5497129302545452,0.5497129302545452,0.38642874203657096,1
0,1288,VAR_005496,1,0.7644592603776783,0.5497129302545452,0.38642874203657096,1
0,1290,VAR_005586,1,0.8280642982585186,0.5497129302545452,0.38642874203657096,1
0,1291,VAR_004748,1,0.6462016001799255,0.5497129302545452,0.38642874203657096,1
0,1293,VAR_001751,1,0.41730085369055187,0.5497129302545452,0.38642874203657096,1
1,1294,VAR_001056,0,0.2069706555287488,0.38642874203657096,0.38642874203657096,0
1,1295,VAR_002210,1,0.8381262737628955,0.38642874203657096,0.38642874203657096,1
2,1296,VAR_000250,1,0.2515147074367377,0.34943893440811213,0.38642874203657096,0
0,1297,VAR_006509,1,0.6510096310764977,0.5497129302545452,0.38642874203657096,1
2,1298,VAR_003923,1,0.42824610684866593,0.34943893440811213,0.38642874203657096,1
2,1299,VAR_005346,1,0.9600917559530785,0.34943893440811213,0.38642874203657096,1
3,1300,VAR_001149,1,0.6198097676942632,0.5702056023697871,0.38642874203657096,1
1,1302,VAR_002186,0,0.8768167053050682,0.38642874203657096,0.38642874203657096,1
3,1303,VAR_003911,1,0.5695047008071767,0.5702056023697871,0.38642874203657096,1
4,1304,VAR_000355,1,0.6202797337506503,0.3707043291625692,0.38642874203657096,1
1,1305,VAR_000195,1,0.6109369085090066,0.38642874203657096,0.38642874203657096,1
2,1306,VAR_000001,0,0.1974525277753654,0.34943893440811213,0.38642874203657096,0
1,1307,VAR_004872,1,0.8491511102717055,0.38642874203657096,0.38642874203657096,1
0,1309,VAR_000460,0,0.38258931992729484,0.5497129302545452,0.38642874203657096,0
2,1313,VAR_002842,1,0.8724592942312496,0.34943893440811213,0.38642874203657096,1
4,1314,VAR_001044,0,0.9185455995951709,0.3707043291625692,0.38642874203657096,1
3,1315,VAR_005538,0,0.4005201052738751,0.5702056023697871,0.38642874203657096,1
4,1316,VAR_006511,0,0.722904450360083,0.3707043291625692,0.38642874203657096,1
2,1317,VAR_000026,0,0.15392938507942688,0.34943893440811213,0.38642874203657096,0
2,1319,VAR_005258,0,0.30642801371496436,0.34943893440811213,0.38642874203657096,0
4,1320,VAR_006360,1,0.43124679719226366,0.3707043291625692,0.38642874203657096,1
3,1321,VAR_001395,1,0.5695047008071767,0.5702056023697871,0.38642874203657096,1
4,1322,VAR_000126,1,0.7651394545073924,0.3707043291625692,0.38642874203657096,1
2,1323,VAR_000399,1,0.6911935926598115,0.34943893440811213,0.38642874203657096,1
1,1324,VAR_003992,0,0.5467620442832528,0.38642874203657096,0.38642874203657096,1
4,1325,VAR_002439,1,0.779024277399651,0.3707043291625692,0.38642874203657096,1
1,1327,VAR_001726,0,0.4700921585744603,0.38642874203657096,0.38642874203657096,1
3,1329,VAR_002469,1,0.7969255195147245,0.5702056023697871,0.38642874203657096,1
4,1330,VAR_002524,1,0.7595519664048409,0.3707043291625692,0.38642874203657096,1
0,1331,VAR_005094,1,0.6024845682718576,0.5497129302545452,0.38642874203657096,1
2,1332,VAR_003340,0,0.5995371942954382,0.34943893440811213,0.38642874203657096,1
0,1334,VAR_005691,1,0.6483736841425961,0.5497129302545452,0.38642874203657096,1
0,1335,VAR_001034,0,0.6217236874345365,0.5497129302545452,0.38642874203657096,1
4,1337,VAR_000400,1,0.5144769266870267,0.3707043291625692,0.38642874203657096,1
2,1338,VAR_003702,0,0.10567235784443155,0.34943893440811213,0.38642874203657096,0
1,1339,VAR_004138,1,0.9068985636160924,0.38642874203657096,0.38642874203657096,1
0,1341,VAR_001636,1,0.5787871781930078,0.5497129302545452,0.38642874203657096,1
3,1342,VAR_000181,1,0.8174450908888924,0.5702056023697871,0.38642874203657096,1
1,1343,VAR_003982,1,0.9114499983847197,0.38642874203657096,0.38642874203657096,1
3,1344,VAR_003594,0,0.6798349970453417,0.5702056023697871,0.38642874203657096,1
2,1345,VAR_000177,1,0.5456005996456589,0.34943893440811213,0.38642874203657096,1
3,1348,VAR_000836,0,0.6244523642246069,0.5702056023697871,0.38642874203657096,1
1,1349,VAR_000658,0,0.13689175524851177,0.38642874203657096,0.38642874203657096,0
0,1350,VAR_005404,1,0.8192080963111045,0.5497129302545452,0.38642874203657096,1
1,1351,VAR_000293,1,0.9299271562324052,0.38642874203657096,0.38642874203657096,1
4,1353,VAR_000770,0,0.12986132899942363,0.3707043291625692,0.38642874203657096,0
0,1354,VAR_006188,0,0.49170432850890394,0.5497129302545452,0.38642874203657096,1
1,1355,VAR_001600,0,0.5340499866179271,0.38642874203657096,0.38642874203657096,1
0,1356,VAR_002206,1,0.824132292432265,0.5497129302545452,0.38642874203657096,1
0,1357,VAR_005292,1,0.5091185373477293,0.5497129302545452,0.38642874203657096,1
1,1358,VAR_003368,0,0.5685860846599959,0.38642874203657096,0.38642874203657096,1
2,1359,VAR_003757,1,0.8761796986189856,0.34943893440811213,0.38642874203657096,1
2,1361,VAR_005595,0,0.1041798374551653,0.34943893440811213,0.38642874203657096,0
0,1362,VAR_002207,0,0.8139186979363799,0.5497129302545452,0.38642874203657096,1
2,1364,VAR_006320,1,0.7811392897265488,0.34943893440811213,0.38642874203657096,1
3,1365,VAR_006175,1,0.699484722643922,0.5702056023697871,0.38642874203657096,1
0,1366,VAR_004475,1,0.7711380123211494,0.5497129302545452,0.38642874203657096,1
4,1367,VAR_003571,0,0.18691723593000112,0.3707043291625692,0.38642874203657096,0
1,1368,VAR_005849,0,0.17588730273040742,0.38642874203657096,0.38642874203657096,0
1,1369,VAR_000223,1,0.7081956234243938,0.38642874203657096,0.38642874203657096,1
4,1370,VAR_003164,0,0.21132989710034203,0.3707043291625692,0.38642874203657096,0
2,1371,VAR_005870,1,0.4109282018057332,0.34943893440811213,0.38642874203657096,1
4,1373,VAR_005289,1,0.4235859423498896,0.3707043291625692,0.38642874203657096,1
4,1375,VAR_003539,0,0.8759264467269575,0.3707043291625692,0.38642874203657096,1
2,1376,VAR_002531,1,0.7726407643332645,0.34943893440811213,0.38642874203657096,1
2,1378,VAR_004762,0,0.09080052371698008,0.34943893440811213,0.38642874203657096,0
2,1379,VAR_004560,1,0.8038266164232336,0.34943893440811213,0.38642874203657096,1
3,1382,VAR_006110,1,0.8099062022000036,0.5702056023697871,0.38642874203657096,1
4,1383,VAR_005153,1,0.767397575344882,0.3707043291625692,0.38642874203657096,1
1,1384,VAR_001494,1,0.4090716706310624,0.38642874203657096,0.38642874203657096,1
3,1385,VAR_005083,1,0.7236123688405286,0.5702056023697871,0.38642874203657096,1
0,1386,VAR_006282,1,0.5497129302545452,0.5497129302545452,0.38642874203657096,1
1,1387,VAR_006565,1,0.7676609821548528,0.38642874203657096,0.38642874203657096,1
2,1388,VAR_003286,1,0.6998471700161246,0.34943893440811213,0.38642874203657096,1
2,1389,VAR_000679,0,0.2197947865082213,0.34943893440811213,0.38642874203657096,0
0,1390,VAR_001702,1,0.6975772393594929,0.5497129302545452,0.38642874203657096,1
3,1391,VAR_001753,1,0.6221522519309575,0.5702056023697871,0.38642874203657096,1
0,1392,VAR_005391,0,0.3910433796941118,0.5497129302545452,0.38642874203657096,1
1,1393,VAR_000154,1,0.7430198710500296,0.38642874203657096,0.38642874203657096,1
3,1395,VAR_000304,1,0.8076191294011342,0.5702056023697871,0.38642874203657096,1
2,1396,VAR_003493,1,0.08108181729239378,0.34943893440811213,0.38642874203657096,0
3,1397,VAR_002258,1,0.5695047008071767,0.5702056023697871,0.38642874203657096,1
3,1398,VAR_002378,1,0.78007017817144,0.5702056023697871,0.38642874203657096,1
0,1399,VAR_004073,1,0.7698807899509832,0.5497129302545452,0.38642874203657096,1
2,1400,VAR_005352,1,0.6235701888138687,0.34943893440811213,0.38642874203657096,1
2,1401,VAR_005612,1,0.7884217799667907,0.34943893440811213,0.38642874203657096,1
0,1402,VAR_000076,1,0.7600567491588314,0.5497129302545452,0.38642874203657096,1
1,1404,VAR_005194,1,0.8367803061027148,0.38642874203657096,0.38642874203657096,1
4,1406,VAR_001940,1,0.9463152679489532,0.3707043291625692,0.38642874203657096,1
2,1407,VAR_001397,1,0.4109282018057332,0.34943893440811213,0.38642874203657096,1
2,1408,VAR_000189,1,0.750412984581884,0.34943893440811213,0.38642874203657096,1
2,1409,VAR_000587,0,0.7674177829563577,0.34943893440811213,0.38642874203657096,1
4,1410,VAR_000452,1,0.8310574626322942,0.3707043291625692,0.38642874203657096,1
4,1411,VAR_003436,0,0.35713337723037597,0.3707043291625692,0.38642874203657096,0
0,1412,VAR_005582,1,0.7514679755745054,0.5497129302545452,0.38642874203657096,1
4,1413,VAR_002243,1,0.7554144228810385,0.3707043291625692,0.38642874203657096,1
3,1414,VAR_005604,1,0.6494686483106543,0.5702056023697871,0.38642874203657096,1
4,1416,VAR_001398,1,0.6015047320318798,0.3707043291625692,0.38642874203657096,1
2,1417,VAR_006326,1,0.821110741780512,0.34943893440811213,0.38642874203657096,1
2,1418,VAR_000380,1,0.7983682626407785,0.34943893440811213,0.38642874203657096,1
1,1420,VAR_005682,1,0.957059309555062,0.38642874203657096,0.38642874203657096,1
2,1421,VAR_004837,1,0.8121918880300095,0.34943893440811213,0.38642874203657096,1
4,1422,VAR_001235,1,0.6481105203700397,0.3707043291625692,0.38642874203657096,1
2,1423,VAR_004703,0,0.33323618884487305,0.34943893440811213,0.38642874203657096,0
0,1425,VAR_006139,1,0.8320783310223012,0.5497129302545452,0.38642874203657096,1
0,1427,VAR_000822,0,0.48011376974292314,0.5497129302545452,0.38642874203657096,1
3,1428,VAR_006475,1,0.7601474813476472,0.5702056023697871,0.38642874203657096,1
1,1429,VAR_005800,1,0.39721185621541033,0.38642874203657096,0.38642874203657096,1
3,1430,VAR_004967,0,0.4246506074948479,0.5702056023697871,0.38642874203657096,1
1,1431,VAR_003957,1,0.3477699506274051,0.38642874203657096,0.38642874203657096,0
4,1432,VAR_004215,0,0.5758651441750565,0.3707043291625692,0.38642874203657096,1
4,1433,VAR_006314,1,0.7810309275806074,0.3707043291625692,0.38642874203657096,1
0,1434,VAR_006217,1,0.5497129302545452,0.5497129302545452,0.38642874203657096,1
0,1436,VAR_005075,1,0.7397441649866183,0.5497129302545452,0.38642874203657096,1
4,1437,VAR_005520,1,0.812050734768941,0.3707043291625692,0.38642874203657096,1
2,1440,VAR_000839,0,0.16086471106014097,0.34943893440811213,0.38642874203657096,0
0,1441,VAR_005786,1,0.8136083006896173,0.5497129302545452,0.38642874203657096,1
2,1442,VAR_002254,1,0.4109282018057332,0.34943893440811213,0.38642874203657096,1
2,1443,VAR_000546,0,0.19977017269006261,0.34943893440811213,0.38642874203657096,0
3,1444,VAR_005434,1,0.6915384303675628,0.5702056023697871,0.38642874203657096,1
4,1445,VAR_000486,1,0.5016930797561614,0.3707043291625692,0.38642874203657096,1
4,1446,VAR_000102,0,0.818965578064973,0.3707043291625692,0.38642874203657096,1
1,1449,VAR_003733,1,0.8051328934664449,0.38642874203657096,0.38642874203657096,1
0,1451,VAR_005285,1,0.5497129302545452,0.5497129302545452,0.38642874203657096,1
3,1453,VAR_001963,1,0.6101978125105143,0.5702056023697871,0.38642874203657096,1
1,1455,VAR_000473,1,0.2777940768369777,0.38642874203657096,0.38642874203657096,0
2,1456,VAR_005373,0,0.25855348807434475,0.34943893440811213,0.38642874203657096,0
0,1458,VAR_002880,1,0.7451350856126691,0.5497129302545452,0.38642874203657096,1
2,1459,VAR_000826,1,0.6461156161275287,0.34943893440811213,0.38642874203657096,1
1,1461,VAR_004744,0,0.08450072861085846,0.38642874203657096,0.38642874203657096,0
3,1462,VAR_004903,1,0.6880024174759175,0.5702056023697871,0.38642874203657096,1
0,1463,VAR_002611,0,0.7027858055676373,0.5497129302545452,0.38642874203657096,1
1,1464,VAR_001686,1,0.6755394993539554,0.38642874203657096,0.38642874203657096,1
0,1465,VAR_002350,1,0.5876296514418508,0.5497129302545452,0.38642874203657096,1
4,1467,VAR_005472,1,0.8489119870528453,0.3707043291625692,0.38642874203657096,1
0,1468,VAR_004197,0,0.5065197749350909,0.5497129302545452,0.38642874203657096,1
4,1469,VAR_005099,1,0.8190753088612984,0.3707043291625692,0.38642874203657096,1
4,1470,VAR_003521,1,0.2810909606989258,0.3707043291625692,0.38642874203657096,0
1,1471,VAR_006458,1,0.7637076848324581,0.38642874203657096,0.38642874203657096,1
1,1472,VAR_005694,0,0.5359705893127497,0.38642874203657096,0.38642874203657096,1
4,1473,VAR_000916,1,0.8186116832634567,0.3707043291625692,0.38642874203657096,1
1,1476,VAR_004000,0,0.1651511615599177,0.38642874203657096,0.38642874203657096,0
4,1477,VAR_002448,1,0.7703748158198065,0.3707043291625692,0.38642874203657096,1
3,1479,VAR_004007,1,0.8013859409917267,0.5702056023697871,0.38642874203657096,1
2,1480,VAR_003300,0,0.15669117767616092,0.34943893440811213,0.38642874203657096,0
4,1481,VAR_001854,0,0.5098005280901152,0.3707043291625692,0.38642874203657096,1
0,1482,VAR_003256,1,0.6301219785391385,0.5497129302545452,0.38642874203657096,1
4,1483,VAR_006569,1,0.7273565347840734,0.3707043291625692,0.38642874203657096,1
3,1484,VAR_004225,1,0.5695047008071767,0.5702056023697871,0.38642874203657096,1
1,1486,VAR_006346,1,0.9154601168617102,0.38642874203657096,0.38642874203657096,1
1,1487,VAR_002167,1,0.9185848169554613,0.38642874203657096,0.38642874203657096,1
0,1488,VAR_005147,1,0.5497129302545452,0.5497129302545452,0.38642874203657096,1
0,1489,VAR_004500,1,0.5497129302545452,0.5497129302545452,0.38642874203657096,1
0,1490,VAR_000855,1,0.7766677038499421,0.5497129302545452,0.38642874203657096,1
3,1491,VAR_002080,1,0.47724452374286686,0.5702056023697871,0.38642874203657096,1
4,1492,VAR_005755,1,0.5762148063600814,0.3707043291625692,0.38642874203657096,1
0,1493,VAR_006042,1,0.7927206937065987,0.5497129302545452,0.38642874203657096,1
2,1494,VAR_001735,0,0.23979863289240358,0.34943893440811213,0.38642874203657096,0
2,1496,VAR_000534,1,0.8545639708094418,0.34943893440811213,0.38642874203657096,1
3,1497,VAR_000765,1,0.6393754215858721,0.5702056023697871,0.38642874203657096,1
3,1499,VAR_003209,0,0.37362949366518355,0.5702056023697871,0.38642874203657096,0
1,1500,VAR_004472,1,0.5422400799255526,0.38642874203657096,0.38642874203657096,1
3,1501,VAR_006090,1,0.5045871285510475,0.5702056023697871,0.38642874203657096,1
0,1502,VAR_000017,0,0.37394850038515537,0.5497129302545452,0.38642874203657096,0
3,1503,VAR_001615,0,0.6174112712622903,0.5702056023697871,0.38642874203657096,1
2,1506,VAR_003840,1,0.8654689444677222,0.34943893440811213,0.38642874203657096,1
3,1507,VAR_000225,1,0.5788356922056048,0.5702056023697871,0.38642874203657096,1
4,1508,VAR_001489,1,0.5601104014483991,0.3707043291625692,0.38642874203657096,1
0,1509,VAR_003320,1,0.7887320728214472,0.5497129302545452,0.38642874203657096,1
2,1511,VAR_005757,0,0.13826260105678986,0.34943893440811213,0.38642874203657096,0
2,1514,VAR_004835,1,0.6974572683657372,0.34943893440811213,0.38642874203657096,1
4,1515,VAR_006228,0,0.3226086488939334,0.3707043291625692,0.38642874203657096,0
1,1516,VAR_002198,1,0.9207841262652595,0.38642874203657096,0.38642874203657096,1
2,1517,VAR_001156,1,0.40303411159741437,0.34943893440811213,0.38642874203657096,1
0,1518,VAR_001983,1,0.8292522192537907,0.5497129302545452,0.38642874203657096,1
2,1521,VAR_000188,1,0.6704753077012321,0.34943893440811213,0.38642874203657096,1
0,1522,VAR_001202,1,0.7000439059424338,0.5497129302545452,0.38642874203657096,1
0,1523,VAR_002463,1,0.8085548632877492,0.5497129302545452,0.38642874203657096,1
4,1524,VAR_002144,1,0.8663068577050096,0.3707043291625692,0.38642874203657096,1
3,1525,VAR_005171,1,0.48638483598441573,0.5702056023697871,0.38642874203657096,1
2,1526,VAR_005217,1,0.8172434982355692,0.34943893440811213,0.38642874203657096,1
0,1527,VAR_004914,1,0.7755052104519327,0.5497129302545452,0.38642874203657096,1
1,1528,VAR_005107,1,0.8884151989594188,0.38642874203657096,0.38642874203657096,1
0,1529,VAR_001890,0,0.37958312123331484,0.5497129302545452,0.38642874203657096,0
0,1530,VAR_002010,1,0.8274099869991873,0.5497129302545452,0.38642874203657096,1
0,1531,VAR_000337,1,0.8419812646086544,0.5497129302545452,0.38642874203657096,1
4,1532,VAR_006080,1,0.465218709087249,0.3707043291625692,0.38642874203657096,1
4,1534,VAR_003316,0,0.9374413084756444,0.3707043291625692,0.38642874203657096,1
3,1535,VAR_001173,1,0.6338997807796952,0.5702056023697871,0.38642874203657096,1
1,1536,VAR_005804,1,0.9099832849444399,0.38642874203657096,0.38642874203657096,1
0,1537,VAR_001681,1,0.7690670449620306,0.5497129302545452,0.38642874203657096,1
3,1539,VAR_004654,0,0.49724722595382015,0.5702056023697871,0.38642874203657096,1
1,1540,VAR_003735,1,0.7606286051012117,0.38642874203657096,0.38642874203657096,1
3,1541,VAR_002336,0,0.37601740278727797,0.5702056023697871,0.38642874203657096,0
1,1544,VAR_006535,1,0.3739011931297653,0.38642874203657096,0.38642874203657096,0
4,1545,VAR_000720,1,0.8202977408150531,0.3707043291625692,0.38642874203657096,1
4,1546,VAR_005575,1,0.4880210753222707,0.3707043291625692,0.38642874203657096,1
0,1549,VAR_003614,0,0.44657136020394406,0.5497129302545452,0.38642874203657096,1
4,1550,VAR_001065,1,0.9310326745174651,0.3707043291625692,0.38642874203657096,1
1,1553,VAR_004902,1,0.9382549777228655,0.38642874203657096,0.38642874203657096,1
3,1554,VAR_003073,0,0.7503440728364078,0.5702056023697871,0.38642874203657096,1
0,1555,VAR_000655,0,0.5997877949342152,0.5497129302545452,0.38642874203657096,1
0,1556,VAR_003146,1,0.5913063665257822,0.5497129302545452,0.38642874203657096,1
1,1557,VAR_002823,1,0.7910806139349593,0.38642874203657096,0.38642874203657096,1
2,1558,VAR_005778,1,0.8150531017977457,0.34943893440811213,0.38642874203657096,1
3,1561,VAR_005867,1,0.6560437303293669,0.5702056023697871,0.38642874203657096,1
0,1562,VAR_003460,0,0.4391183182558518,0.5497129302545452,0.38642874203657096,1
3,1563,VAR_005689,0,0.43304978779792064,0.5702056023697871,0.38642874203657096,1
4,1564,VAR_005160,1,0.8202204319822749,0.3707043291625692,0.38642874203657096,1
0,1565,VAR_003477,1,0.6282010957350859,0.5497129302545452,0.38642874203657096,1
2,1566,VAR_003999,0,0.23798495534540165,0.34943893440811213,0.38642874203657096,0
3,1567,VAR_002479,1,0.8206397202601065,0.5702056023697871,0.38642874203657096,1
1,1568,VAR_005137,1,0.7795385002797125,0.38642874203657096,0.38642874203657096,1
0,1569,VAR_005141,1,0.8003497368565484,0.5497129302545452,0.38642874203657096,1
2,1570,VAR_002713,0,0.6458743707966184,0.34943893440811213,0.38642874203657096,1
3,1571,VAR_003755,1,0.8325950807110503,0.5702056023697871,0.38642874203657096,1
0,1573,VAR_000719,1,0.7982691648891571,0.5497129302545452,0.38642874203657096,1
2,1574,VAR_000488,1,0.18076637729681527,0.34943893440811213,0.38642874203657096,0
0,1576,VAR_002165,1,0.7860406324648593,0.5497129302545452,0.38642874203657096,1
2,1577,VAR_000338,0,0.19420615294376684,0.34943893440811213,0.38642874203657096,0
3,1579,VAR_002125,0,0.4824821685833193,0.5702056023697871,0.38642874203657096,1
1,1580,VAR_001358,0,0.4090716706310624,0.38642874203657096,0.38642874203657096,1
2,1581,VAR_002001,1,0.8844593865212097,0.34943893440811213,0.38642874203657096,1
1,1582,VAR_004753,0,0.08161744433185261,0.38642874203657096,0.38642874203657096,0
2,1583,VAR_000854,1,0.7264710155189934,0.34943893440811213,0.38642874203657096,1
4,1584,VAR_000726,0,0.12630630346420368,0.3707043291625692,0.38642874203657096,0
4,1586,VAR_001179,1,0.8625369204725083,0.3707043291625692,0.38642874203657096,1
1,1588,VAR_001400,1,0.5089145640828497,0.38642874203657096,0.38642874203657096,1
3,1589,VAR_001750,1,0.48888560370165923,0.5702056023697871,0.38642874203657096,1
1,1590,VAR_003180,0,0.18977466702068901,0.38642874203657096,0.38642874203657096,0
1,1591,VAR_006323,0,0.1545395659746458,0.38642874203657096,0.38642874203657096,0
1,1592,VAR_005720,0,0.5200474629150562,0.38642874203657096,0.38642874203657096,1
4,1593,VAR_005392,0,0.0982229069687403,0.3707043291625692,0.38642874203657096,0
3,1594,VAR_005186,1,0.437146837940283,0.5702056023697871,0.38642874203657096,1
2,1595,VAR_002065,0,0.16162068995789522,0.34943893440811213,0.38642874203657096,0
4,1597,VAR_006537,0,0.8095741212549491,0.3707043291625692,0.38642874203657096,1
1,1598,VAR_006381,1,0.8426596451729444,0.38642874203657096,0.38642874203657096,1
3,1599,VAR_001719,0,0.39974435999340313,0.5702056023697871,0.38642874203657096,1
3,1600,VAR_002631,1,0.6301663551238339,0.5702056023697871,0.38642874203657096,1
0,1601,VAR_006145,1,0.816172678052078,0.5497129302545452,0.38642874203657096,1
4,1602,VAR_001915,0,0.5618894061519992,0.3707043291625692,0.38642874203657096,1
1,1603,VAR_001612,1,0.5106196149063225,0.38642874203657096,0.38642874203657096,1
4,1604,VAR_006076,1,0.5278745743794958,0.3707043291625692,0.38642874203657096,1
0,1606,VAR_000025,1,0.72803113571336,0.5497129302545452,0.38642874203657096,1
1,1607,VAR_003329,1,0.9360083858044941,0.38642874203657096,0.38642874203657096,1
4,1608,VAR_004726,1,0.9327203438453643,0.3707043291625692,0.38642874203657096,1
1,1609,VAR_005402,1,0.45956655468526214,0.38642874203657096,0.38642874203657096,1
2,1613,VAR_005456,1,0.8777590297315776,0.34943893440811213,0.38642874203657096,1
0,1614,VAR_002034,0,0.4162209801690107,0.5497129302545452,0.38642874203657096,1
3,1616,VAR_005142,1,0.6375627569076224,0.5702056023697871,0.38642874203657096,1
0,1617,VAR_004636,0,0.4758754954802081,0.5497129302545452,0.38642874203657096,1
2,1618,VAR_005093,1,0.7782394885152173,0.34943893440811213,0.38642874203657096,1
3,1619,VAR_004196,0,0.7644903202350085,0.5702056023697871,0.38642874203657096,1
0,1620,VAR_002508,1,0.8620566284873796,0.5497129302545452,0.38642874203657096,1
0,1621,VAR_005643,1,0.6022112309038758,0.5497129302545452,0.38642874203657096,1
0,1622,VAR_003341,1,0.6251564497868569,0.5497129302545452,0.38642874203657096,1
1,1623,VAR_001997,1,0.8528895743013718,0.38642874203657096,0.38642874203657096,1
3,1625,VAR_003686,0,0.4762870921775341,0.5702056023697871,0.38642874203657096,1
0,1626,VAR_002433,0,0.3508435552188407,0.5497129302545452,0.38642874203657096,0
2,1627,VAR_000736,1,0.9133154992446206,0.34943893440811213,0.38642874203657096,1
0,1628,VAR_000045,1,0.7765404686127232,0.5497129302545452,0.38642874203657096,1
4,1631,VAR_000159,0,0.8254933987837895,0.3707043291625692,0.38642874203657096,1
3,1632,VAR_000782,1,0.8010951047721078,0.5702056023697871,0.38642874203657096,1
4,1633,VAR_003257,1,0.6908574789615098,0.3707043291625692,0.38642874203657096,1
2,1634,VAR_000751,0,0.265007807119878,0.34943893440811213,0.38642874203657096,0
0,1635,VAR_003548,0,0.548285692041754,0.5497129302545452,0.38642874203657096,1
4,1636,VAR_002166,1,0.907151034252248,0.3707043291625692,0.38642874203657096,1
3,1637,VAR_005079,1,0.48031619367049083,0.5702056023697871,0.38642874203657096,1
0,1638,VAR_003956,0,0.4164104616052406,0.5497129302545452,0.38642874203657096,1
0,1640,VAR_004329,1,0.5127211179270369,0.5497129302545452,0.38642874203657096,1
4,1641,VAR_004743,1,0.2859853260354181,0.3707043291625692,0.38642874203657096,0
3,1642,VAR_000330,1,0.8095751403409535,0.5702056023697871,0.38642874203657096,1
2,1643,VAR_000268,1,0.4109282018057332,0.34943893440811213,0.38642874203657096,1
1,1644,VAR_005970,0,0.9102359960751658,0.38642874203657096,0.38642874203657096,1
3,1647,VAR_005188,1,0.44005107037101776,0.5702056023697871,0.38642874203657096,1
0,1648,VAR_004635,0,0.42403051916031664,0.5497129302545452,0.38642874203657096,1
1,1650,VAR_000716,1,0.7077560568907868,0.38642874203657096,0.38642874203657096,1
0,1651,VAR_004165,0,0.3708509990583753,0.5497129302545452,0.38642874203657096,0
0,1652,VAR_000058,1,0.7167300100332608,0.5497129302545452,0.38642874203657096,1
0,1653,VAR_002530,1,0.6990490753175219,0.5497129302545452,0.38642874203657096,1
0,1654,VAR_001175,1,0.7067459396256229,0.5497129302545452,0.38642874203657096,1
2,1655,VAR_000425,0,0.3551824436034029,0.34943893440811213,0.38642874203657096,0
3,1656,VAR_005206,1,0.6835591717375905,0.5702056023697871,0.38642874203657096,1
1,1657,VAR_003347,1,0.7110633428868514,0.38642874203657096,0.38642874203657096,1
1,1658,VAR_005879,1,0.4090716706310624,0.38642874203657096,0.38642874203657096,1
0,1659,VAR_003344,1,0.737488545864863,0.5497129302545452,0.38642874203657096,1
4,1660,VAR_002546,0,0.6506538602351856,0.3707043291625692,0.38642874203657096,1
0,1661,VAR_006026,0,0.4959021453697619,0.5497129302545452,0.38642874203657096,1
1,1662,VAR_003776,1,0.9296688585868659,0.38642874203657096,0.38642874203657096,1
0,1663,VAR_000409,1,0.5497129302545452,0.5497129302545452,0.38642874203657096,1
1,1664,VAR_002923,1,0.6764656272202282,0.38642874203657096,0.38642874203657096,1
3,1666,VAR_000563,0,0.36594686852790914,0.5702056023697871,0.38642874203657096,0
1,1667,VAR_006105,1,0.8921515479509659,0.38642874203657096,0.38642874203657096,1
1,1669,VAR_003358,1,0.8404068609710352,0.38642874203657096,0.38642874203657096,1
2,1670,VAR_004759,1,0.4070612718058131,0.34943893440811213,0.38642874203657096,1
0,1672,VAR_001765,1,0.4744397736990923,0.5497129302545452,0.38642874203657096,1
2,1676,VAR_003063,1,0.9462204352510328,0.34943893440811213,0.38642874203657096,1
2,1678,VAR_000831,0,0.7367495122539645,0.34943893440811213,0.38642874203657096,1
0,1679,VAR_006044,1,0.7971107513970489,0.5497129302545452,0.38642874203657096,1
3,1681,VAR_003777,1,0.8195295595927454,0.5702056023697871,0.38642874203657096,1
3,1682,VAR_005519,1,0.48046286567792434,0.5702056023697871,0.38642874203657096,1
1,1683,VAR_003763,1,0.5765984843019839,0.38642874203657096,0.38642874203657096,1
3,1684,VAR_003588,0,0.4133955140100212,0.5702056023697871,0.38642874203657096,1
3,1686,VAR_004968,1,0.7802776180756937,0.5702056023697871,0.38642874203657096,1
3,1687,VAR_002453,1,0.6949568259868071,0.5702056023697871,0.38642874203657096,1
4,1688,VAR_002434,1,0.8800448945104961,0.3707043291625692,0.38642874203657096,1
3,1689,VAR_001217,0,0.3816479078742818,0.5702056023697871,0.38642874203657096,0
4,1690,VAR_000085,1,0.6058764454774612,0.3707043291625692,0.38642874203657096,1
0,1692,VAR_003673,1,0.6870655305650395,0.5497129302545452,0.38642874203657096,1
1,1693,VAR_005096,1,0.9362620026334446,0.38642874203657096,0.38642874203657096,1
3,1694,VAR_000120,1,0.7707738996213919,0.5702056023697871,0.38642874203657096,1
1,1695,VAR_001700,1,0.44584237684606814,0.38642874203657096,0.38642874203657096,1
3,1696,VAR_004909,1,0.7397311621398787,0.5702056023697871,0.38642874203657096,1
1,1698,VAR_005329,0,0.18902335123543754,0.38642874203657096,0.38642874203657096,0
1,1699,VAR_005398,1,0.698986435602943,0.38642874203657096,0.38642874203657096,1
4,1700,VAR_006055,1,0.6126965907046085,0.3707043291625692,0.38642874203657096,1
1,1701,VAR_004124,0,0.12527059810285843,0.38642874203657096,0.38642874203657096,0
3,1703,VAR_005453,1,0.6041825914247458,0.5702056023697871,0.38642874203657096,1
0,1704,VAR_000818,1,0.7334777788839123,0.5497129302545452,0.38642874203657096,1
0,1705,VAR_001411,0,0.49500179707046227,0.5497129302545452,0.38642874203657096,1
1,1706,VAR_000778,0,0.15807497567454276,0.38642874203657096,0.38642874203657096,0
0,1708,VAR_003496,0,0.4260995184100358,0.5497129302545452,0.38642874203657096,1
0,1710,VAR_003372,1,0.7466469781573126,0.5497129302545452,0.38642874203657096,1
0,1711,VAR_002543,0,0.40139037482815393,0.5497129302545452,0.38642874203657096,1
1,1712,VAR_001682,1,0.519528521756531,0.38642874203657096,0.38642874203657096,1
3,1713,VAR_000886,0,0.5232313370623431,0.5702056023697871,0.38642874203657096,1
4,1715,VAR_005792,1,0.7845666558800214,0.3707043291625692,0.38642874203657096,1
0,1716,VAR_001800,1,0.849063426420151,0.5497129302545452,0.38642874203657096,1
1,1717,VAR_003928,0,0.1189776708515283,0.38642874203657096,0.38642874203657096,0
3,1718,VAR_003123,0,0.40154075433322933,0.5702056023697871,0.38642874203657096,1
3,1719,VAR_004014,1,0.8499651589111741,0.5702056023697871,0.38642874203657096,1
0,1720,VAR_002247,1,0.821206564096409,0.5497129302545452,0.38642874203657096,1
3,1721,VAR_005670,0,0.42230078388484227,0.5702056023697871,0.38642874203657096,1
2,1722,VAR_004008,1,0.8815143321282849,0.34943893440811213,0.38642874203657096,1
3,1723,VAR_000918,0,0.5585766921625521,0.5702056023697871,0.38642874203657096,1
1,1725,VAR_004429,1,0.6205711023324836,0.38642874203657096,0.38642874203657096,1
2,1726,VAR_005348,1,0.9495213670377471,0.34943893440811213,0.38642874203657096,1
3,1727,VAR_000471,0,0.5695047008071767,0.5702056023697871,0.38642874203657096,1
0,1729,VAR_006374,1,0.7459645988355144,0.5497129302545452,0.38642874203657096,1
3,1730,VAR_001196,0,0.3790742544437626,0.5702056023697871,0.38642874203657096,0
0,1731,VAR_005370,1,0.582791437138366,0.5497129302545452,0.38642874203657096,1
0,1732,VAR_005939,1,0.5569812553187435,0.5497129302545452,0.38642874203657096,1
0,1733,VAR_001478,1,0.5742324440945048,0.5497129302545452,0.38642874203657096,1
0,1734,VAR_005396,1,0.6042503708037729,0.5497129302545452,0.38642874203657096,1
1,1735,VAR_000942,1,0.4090716706310624,0.38642874203657096,0.38642874203657096,1
0,1736,VAR_000367,1,0.7920271608914599,0.5497129302545452,0.38642874203657096,1
2,1737,VAR_005460,1,0.9521086753871739,0.34943893440811213,0.38642874203657096,1
4,1738,VAR_001570,1,0.4837123104822847,0.3707043291625692,0.38642874203657096,1
0,1739,VAR_000307,1,0.7907420546039399,0.5497129302545452,0.38642874203657096,1
0,1740,VAR_005146,1,0.5362386464346532,0.5497129302545452,0.38642874203657096,1
3,1741,VAR_004372,0,0.600396065951727,0.5702056023697871,0.38642874203657096,1
2,1742,VAR_005182,1,0.8028210762402688,0.34943893440811213,0.38642874203657096,1
2,1744,VAR_001170,0,0.11340568411017916,0.34943893440811213,0.38642874203657096,0
0,1745,VAR_005430,1,0.792041196360029,0.5497129302545452,0.38642874203657096,1
1,1747,VAR_004772,0,0.2880137134777131,0.38642874203657096,0.38642874203657096,0
4,1749,VAR_001721,0,0.1646157560231083,0.3707043291625692,0.38642874203657096,0
4,1750,VAR_001530,1,0.4089631794493346,0.3707043291625692,0.38642874203657096,1
4,1751,VAR_004952,0,0.5861234196450746,0.3707043291625692,0.38642874203657096,1
1,1752,VAR_004270,1,0.4090716706310624,0.38642874203657096,0.38642874203657096,1
4,1753,VAR_005405,1,0.9331354261887359,0.3707043291625692,0.38642874203657096,1
0,1755,VAR_002333,1,0.7585734124357296,0.5497129302545452,0.38642874203657096,1
0,1756,VAR_005686,1,0.6856086425075197,0.5497129302545452,0.38642874203657096,1
4,1757,VAR_005037,0,0.5481059346039219,0.3707043291625692,0.38642874203657096,1
2,1758,VAR_006041,0,0.7750907938600439,0.34943893440811213,0.38642874203657096,1
3,1760,VAR_004689,0,0.5695047008071767,0.5702056023697871,0.38642874203657096,1
1,1761,VAR_004320,1,0.2923808977825478,0.38642874203657096,0.38642874203657096,0
1,1763,VAR_000108,1,0.8967495841124019,0.38642874203657096,0.38642874203657096,1
4,1764,VAR_003414,1,0.8288732475991679,0.3707043291625692,0.38642874203657096,1
4,1766,VAR_006480,0,0.13285482593821005,0.3707043291625692,0.38642874203657096,0
1,1767,VAR_001338,1,0.5447591540788498,0.38642874203657096,0.38642874203657096,1
1,1768,VAR_006037,1,0.6554632388517122,0.38642874203657096,0.38642874203657096,1
3,1769,VAR_002051,1,0.5318207778880324,0.5702056023697871,0.38642874203657096,1
0,1770,VAR_004836,1,0.6596951359253181,0.5497129302545452,0.38642874203657096,1
4,1773,VAR_003520,1,0.10640885403510673,0.3707043291625692,0.38642874203657096,0
1,1774,VAR_000791,0,0.30621695050027214,0.38642874203657096,0.38642874203657096,0
3,1776,VAR_000257,1,0.6385440592184267,0.5702056023697871,0.38642874203657096,1
2,1777,VAR_003258,1,0.7134991154612187,0.34943893440811213,0.38642874203657096,1
2,1778,VAR_005801,1,0.7767931850570988,0.34943893440811213,0.38642874203657096,1
0,1780,VAR_000879,0,0.7431200972373322,0.5497129302545452,0.38642874203657096,1
4,1782,VAR_000276,1,0.581673597188581,0.3707043291625692,0.38642874203657096,1
0,1783,VAR_000776,0,0.7856911567399568,0.5497129302545452,0.38642874203657096,1
2,1784,VAR_002997,0,0.12084439390623973,0.34943893440811213,0.38642874203657096,0
1,1785,VAR_004530,1,0.8840194834853231,0.38642874203657096,0.38642874203657096,1
2,1786,VAR_005987,1,0.2357033832435024,0.34943893440811213,0.38642874203657096,0
2,1788,VAR_003305,0,0.39012308284207176,0.34943893440811213,0.38642874203657096,1
3,1790,VAR_005603,1,0.7659071573389109,0.5702056023697871,0.38642874203657096,1
0,1791,VAR_005479,1,0.8350833690368409,0.5497129302545452,0.38642874203657096,1
0,1793,VAR_005774,1,0.7427540542333799,0.5497129302545452,0.38642874203657096,1
0,1796,VAR_002224,1,0.660405071776547,0.5497129302545452,0.38642874203657096,1
3,1797,VAR_002217,1,0.8188604018004302,0.5702056023697871,0.38642874203657096,1
0,1799,VAR_006488,1,0.7696724160883188,0.5497129302545452,0.38642874203657096,1
4,1800,VAR_001855,0,0.21618146650599632,0.3707043291625692,0.38642874203657096,0
0,1801,VAR_000439,1,0.7915286509421644,0.5497129302545452,0.38642874203657096,1
2,1802,VAR_005202,0,0.6047972551757558,0.34943893440811213,0.38642874203657096,1
3,1803,VAR_000339,1,0.7647411297827733,0.5702056023697871,0.38642874203657096,1
4,1804,VAR_000746,1,0.8889858622256414,0.3707043291625692,0.38642874203657096,1
4,1805,VAR_001011,0,0.1841347141994075,0.3707043291625692,0.38642874203657096,0
1,1807,VAR_000857,1,0.903969671240105,0.38642874203657096,0.38642874203657096,1
4,1808,VAR_000237,1,0.7585977148995995,0.3707043291625692,0.38642874203657096,1
4,1809,VAR_005531,1,0.6629897731682716,0.3707043291625692,0.38642874203657096,1
0,1810,VAR_004482,1,0.7524192278969465,0.5497129302545452,0.38642874203657096,1
0,1811,VAR_003528,0,0.5455023119202023,0.5497129302545452,0.38642874203657096,1
3,1812,VAR_000706,1,0.42648941584882866,0.5702056023697871,0.38642874203657096,1
2,1814,VAR_000780,1,0.5661379943626752,0.34943893440811213,0.38642874203657096,1
3,1815,VAR_001935,0,0.43263683507096407,0.5702056023697871,0.38642874203657096,1
3,1816,VAR_005400,1,0.8073243352885149,0.5702056023697871,0.38642874203657096,1
0,1817,VAR_006497,1,0.7352633247202581,0.5497129302545452,0.38642874203657096,1
1,1819,VAR_003880,1,0.9122321184759822,0.38642874203657096,0.38642874203657096,1
3,1820,VAR_005712,1,0.7223115362177038,0.5702056023697871,0.38642874203657096,1
2,1821,VAR_000182,1,0.572579130632895,0.34943893440811213,0.38642874203657096,1
3,1822,VAR_000346,0,0.39974435999340313,0.5702056023697871,0.38642874203657096,1
1,1823,VAR_000482,1,0.3035993750902872,0.38642874203657096,0.38642874203657096,0
3,1825,VAR_006586,1,0.5200394091150203,0.5702056023697871,0.38642874203657096,1
4,1826,VAR_006218,0,0.1985862558694589,0.3707043291625692,0.38642874203657096,0
1,1827,VAR_003480,0,0.4090716706310624,0.38642874203657096,0.38642874203657096,1
4,1828,VAR_004092,1,0.6493005483510115,0.3707043291625692,0.38642874203657096,1
3,1829,VAR_000639,1,0.855202626384276,0.5702056023697871,0.38642874203657096,1
0,1830,VAR_005569,1,0.7053469847891957,0.5497129302545452,0.38642874203657096,1
4,1831,VAR_003533,1,0.27590144829074925,0.3707043291625692,0.38642874203657096,0
3,1832,VAR_006304,0,0.386677072071579,0.5702056023697871,0.38642874203657096,1
3,1833,VAR_005419,1,0.8505912258083738,0.5702056023697871,0.38642874203657096,1
0,1835,VAR_000484,1,0.4703159995568703,0.5497129302545452,0.38642874203657096,1
1,1836,VAR_001641,1,0.4090716706310624,0.38642874203657096,0.38642874203657096,1
3,1838,VAR_002346,0,0.8285552760050433,0.5702056023697871,0.38642874203657096,1
4,1839,VAR_001302,1,0.5666232435383549,0.3707043291625692,0.38642874203657096,1
1,1841,VAR_000246,1,0.45698584729565506,0.38642874203657096,0.38642874203657096,1
2,1843,VAR_006307,1,0.7530839000368168,0.34943893440811213,0.38642874203657096,1
0,1845,VAR_005257,0,0.5062036332246483,0.5497129302545452,0.38642874203657096,1
0,1846,VAR_002097,0,0.5118208276620159,0.5497129302545452,0.38642874203657096,1
1,1847,VAR_005274,0,0.20340457922809094,0.38642874203657096,0.38642874203657096,0
4,1848,VAR_003447,0,0.09933385700658962,0.3707043291625692,0.38642874203657096,0
3,1849,VAR_005155,1,0.688554728932996,0.5702056023697871,0.38642874203657096,1
0,1850,VAR_006400,0,0.42754531262167017,0.5497129302545452,0.38642874203657096,1
1,1851,VAR_001134,1,0.9007189978471448,0.38642874203657096,0.38642874203657096,1
4,1852,VAR_000104,0,0.20850798034428497,0.3707043291625692,0.38642874203657096,0
4,1853,VAR_000718,1,0.7533875772135586,0.3707043291625692,0.38642874203657096,1
2,1854,VAR_003920,1,0.9274123754640042,0.34943893440811213,0.38642874203657096,1
3,1855,VAR_000487,0,0.45136803582873863,0.5702056023697871,0.38642874203657096,1
0,1856,VAR_005598,0,0.7615241310869175,0.5497129302545452,0.38642874203657096,1
0,1857,VAR_005366,1,0.5497129302545452,0.5497129302545452,0.38642874203657096,1
0,1858,VAR_006201,1,0.7484158111206876,0.5497129302545452,0.38642874203657096,1
2,1859,VAR_000175,1,0.7551318654962601,0.34943893440811213,0.38642874203657096,1
0,1860,VAR_003767,1,0.773244324678599,0.5497129302545452,0.38642874203657096,1
3,1861,VAR_003422,0,0.6283353536926501,0.5702056023697871,0.38642874203657096,1
3,1862,VAR_002845,1,0.6829628408132722,0.5702056023697871,0.38642874203657096,1
2,1863,VAR_004067,1,0.8730347722230222,0.34943893440811213,0.38642874203657096,1
4,1864,VAR_005673,1,0.7501270343141585,0.3707043291625692,0.38642874203657096,1
4,1865,VAR_000254,1,0.9044889726834296,0.3707043291625692,0.38642874203657096,1
2,1866,VAR_001974,1,0.9294916765232534,0.34943893440811213,0.38642874203657096,1
3,1868,VAR_001027,0,0.7797008387682623,0.5702056023697871,0.38642874203657096,1
4,1869,VAR_000509,1,0.31109990612245214,0.3707043291625692,0.38642874203657096,0
1,1871,VAR_006302,0,0.13843302675731003,0.38642874203657096,0.38642874203657096,0
0,1872,VAR_003139,0,0.39309786659576357,0.5497129302545452,0.38642874203657096,1
1,1874,VAR_004247,1,0.9332000034877739,0.38642874203657096,0.38642874203657096,1
1,1875,VAR_006261,1,0.9185412423343636,0.38642874203657096,0.38642874203657096,1
0,1876,VAR_006129,1,0.7931644912441174,0.5497129302545452,0.38642874203657096,1
3,1879,VAR_004853,1,0.8157797535335,0.5702056023697871,0.38642874203657096,1
2,1880,VAR_003748,1,0.8300372657696866,0.34943893440811213,0.38642874203657096,1
2,1881,VAR_005369,1,0.4109282018057332,0.34943893440811213,0.38642874203657096,1
4,1882,VAR_003251,1,0.6871712833550034,0.3707043291625692,0.38642874203657096,1
3,1883,VAR_006328,1,0.7597728039382172,0.5702056023697871,0.38642874203657096,1
1,1884,VAR_000564,0,0.2131846100799754,0.38642874203657096,0.38642874203657096,0
1,1885,VAR_004507,1,0.8398010550108063,0.38642874203657096,0.38642874203657096,1
3,1886,VAR_000291,1,0.7740196737834013,0.5702056023697871,0.38642874203657096,1
4,1887,VAR_000417,0,0.43124679719226366,0.3707043291625692,0.38642874203657096,1
3,1888,VAR_006225,0,0.6206357113054382,0.5702056023697871,0.38642874203657096,1
4,1889,VAR_005602,1,0.7905010680869372,0.3707043291625692,0.38642874203657096,1
2,1890,VAR_001527,1,0.5768277053061724,0.34943893440811213,0.38642874203657096,1
1,1893,VAR_004275,1,0.4090716706310624,0.38642874203657096,0.38642874203657096,1
0,1894,VAR_002938,1,0.8161892935689269,0.5497129302545452,0.38642874203657096,1
2,1895,VAR_002634,1,0.68135204878464,0.34943893440811213,0.38642874203657096,1
1,1896,VAR_005896,1,0.8609467365815542,0.38642874203657096,0.38642874203657096,1
0,1897,VAR_006136,0,0.7668796258931266,0.5497129302545452,0.38642874203657096,1
1,1898,VAR_000856,1,0.9014749308872191,0.38642874203657096,0.38642874203657096,1
1,1899,VAR_004086,0,0.8990783415756702,0.38642874203657096,0.38642874203657096,1
1,1902,VAR_002268,1,0.7516976819341704,0.38642874203657096,0.38642874203657096,1
1,1903,VAR_005638,0,0.3721076252980216,0.38642874203657096,0.38642874203657096,0
2,1904,VAR_001687,0,0.8646669236096689,0.34943893440811213,0.38642874203657096,1
3,1906,VAR_002028,1,0.8283709712828817,0.5702056023697871,0.38642874203657096,1
3,1907,VAR_005554,1,0.7191738154395457,0.5702056023697871,0.38642874203657096,1
4,1908,VAR_003841,0,0.6827707520899309,0.3707043291625692,0.38642874203657096,1
4,1909,VAR_005210,1,0.6463811777124718,0.3707043291625692,0.38642874203657096,1
3,1910,VAR_003445,0,0.43263683507096407,0.5702056023697871,0.38642874203657096,1
2,1912,VAR_001385,1,0.4109282018057332,0.34943893440811213,0.38642874203657096,1
0,1913,VAR_004104,1,0.7768404123068897,0.5497129302545452,0.38642874203657096,1
1,1914,VAR_005991,1,0.39178907152853526,0.38642874203657096,0.38642874203657096,1
4,1915,VAR_000341,1,0.7651748106097228,0.3707043291625692,0.38642874203657096,1
0,1916,VAR_003408,1,0.7680477369431347,0.5497129302545452,0.38642874203657096,1
2,1917,VAR_000161,1,0.8449702616880946,0.34943893440811213,0.38642874203657096,1
1,1918,VAR_001616,1,0.4090716706310624,0.38642874203657096,0.38642874203657096,1
1,1919,VAR_003639,0,0.08192583877701598,0.38642874203657096,0.38642874203657096,0
1,1920,VAR_004469,1,0.7538090734290963,0.38642874203657096,0.38642874203657096,1
3,1921,VAR_006502,1,0.7539812185220222,0.5702056023697871,0.38642874203657096,1
1,1923,VAR_001752,0,0.2010856785332171,0.38642874203657096,0.38642874203657096,0
2,1924,VAR_004125,1,0.8454706145641491,0.34943893440811213,0.38642874203657096,1
4,1925,VAR_003040,1,0.9026806565086349,0.3707043291625692,0.38642874203657096,1
4,1926,VAR_002475,1,0.1759691504752983,0.3707043291625692,0.38642874203657096,0
2,1927,VAR_006297,0,0.19474705379302884,0.34943893440811213,0.38642874203657096,0
4,1928,VAR_002313,1,0.7219617160535681,0.3707043291625692,0.38642874203657096,1
2,1929,VAR_000229,0,0.14956297521445444,0.34943893440811213,0.38642874203657096,0
4,1930,VAR_005919,1,0.4690675096528506,0.3707043291625692,0.38642874203657096,1
4,1931,VAR_000768,1,0.685024605069073,0.3707043291625692,0.38642874203657096,1
3,1932,VAR_001406,1,0.6134950382904154,0.5702056023697871,0.38642874203657096,1
3,1933,VAR_000483,1,0.5341085370085134,0.5702056023697871,0.38642874203657096,1
3,1934,VAR_000206,1,0.7842246607527217,0.5702056023697871,0.38642874203657096,1
3,1935,VAR_003725,0,0.39318029409857275,0.5702056023697871,0.38642874203657096,1
4,1936,VAR_004939,1,0.7061963153285217,0.3707043291625692,0.38642874203657096,1
4,1938,VAR_004297,1,0.32661750460318184,0.3707043291625692,0.38642874203657096,0
4,1939,VAR_004075,1,0.6546378536494043,0.3707043291625692,0.38642874203657096,1
1,1940,VAR_000084,0,0.25368406289321066,0.38642874203657096,0.38642874203657096,0
3,1941,VAR_004561,0,0.7230017275627334,0.5702056023697871,0.38642874203657096,1
0,1942,VAR_003547,0,0.3641226912680421,0.5497129302545452,0.38642874203657096,0
0,1945,VAR_005420,1,0.7727255274372871,0.5497129302545452,0.38642874203657096,1
1,1947,VAR_006388,1,0.8841060504617319,0.38642874203657096,0.38642874203657096,1
3,1948,VAR_000146,1,0.7092071026737785,0.5702056023697871,0.38642874203657096,1
4,1949,VAR_003381,0,0.748125838688981,0.3707043291625692,0.38642874203657096,1
1,1950,VAR_002762,1,0.8956064576321026,0.38642874203657096,0.38642874203657096,1
4,1951,VAR_003284,1,0.7927160394811236,0.3707043291625692,0.38642874203657096,1
0,1952,VAR_005857,1,0.7563768614302495,0.5497129302545452,0.38642874203657096,1
0,1953,VAR_005291,1,0.4904578611317773,0.5497129302545452,0.38642874203657096,1
4,1954,VAR_003914,0,0.6514936771670294,0.3707043291625692,0.38642874203657096,1
1,1955,VAR_005777,0,0.15804603632193098,0.38642874203657096,0.38642874203657096,0
2,1957,VAR_003926,1,0.8413083035538965,0.34943893440811213,0.38642874203657096,1
4,1958,VAR_004535,0,0.2070190446314549,0.3707043291625692,0.38642874203657096,0
4,1959,VAR_003366,1,0.6659460085847028,0.3707043291625692,0.38642874203657096,1
2,1960,VAR_005214,0,0.16240774970154037,0.34943893440811213,0.38642874203657096,0
3,1962,VAR_001144,1,0.8486018750978095,0.5702056023697871,0.38642874203657096,1
3,1963,VAR_005737,1,0.7504088785103722,0.5702056023697871,0.38642874203657096,1
2,1964,VAR_004919,1,0.7478829226501192,0.34943893440811213,0.38642874203657096,1
3,1965,VAR_003643,0,0.38866259667242564,0.5702056023697871,0.38642874203657096,1
1,1966,VAR_000098,1,0.6888617841094163,0.38642874203657096,0.38642874203657096,1
4,1967,VAR_001808,1,0.9177314767939193,0.3707043291625692,0.38642874203657096,1
0,1969,VAR_002058,1,0.7920366786399902,0.5497129302545452,0.38642874203657096,1
2,1970,VAR_000405,1,0.742896440333395,0.34943893440811213,0.38642874203657096,1
3,1971,VAR_004106,1,0.8073254707057894,0.5702056023697871,0.38642874203657096,1
2,1972,VAR_000033,1,0.904766662003096,0.34943893440811213,0.38642874203657096,1
1,1973,VAR_004074,1,0.8575147701242414,0.38642874203657096,0.38642874203657096,1
1,1975,VAR_001599,1,0.43298774921936894,0.38642874203657096,0.38642874203657096,1
3,1976,VAR_002507,1,0.7581604939946787,0.5702056023697871,0.38642874203657096,1
3,1977,VAR_001461,1,0.6153903731257502,0.5702056023697871,0.38642874203657096,1
4,1978,VAR_006050,1,0.7836221738746941,0.3707043291625692,0.38642874203657096,1
1,1979,VAR_000545,1,0.9464757668623426,0.38642874203657096,0.38642874203657096,1
0,1980,VAR_002862,1,0.8165971844332012,0.5497129302545452,0.38642874203657096,1
0,1981,VAR_006278,0,0.5023295174215006,0.5497129302545452,0.38642874203657096,1
0,1982,VAR_006224,0,0.4140735906363377,0.5497129302545452,0.38642874203657096,1
2,1983,VAR_005750,0,0.12354324756488652,0.34943893440811213,0.38642874203657096,0
2,1984,VAR_001371,1,0.5577930518080695,0.34943893440811213,0.38642874203657096,1
2,1985,VAR_006209,0,0.4321579575293933,0.34943893440811213,0.38642874203657096,1
0,1986,VAR_002076,1,0.715623083992045,0.5497129302545452,0.38642874203657096,1
1,1987,VAR_000828,1,0.9486534060958469,0.38642874203657096,0.38642874203657096,1
0,1988,VAR_003778,1,0.7954616967873083,0.5497129302545452,0.38642874203657096,1
0,1990,VAR_002615,0,0.6763932047125681,0.5497129302545452,0.38642874203657096,1
2,1991,VAR_005338,1,0.918223164488778,0.34943893440811213,0.38642874203657096,1
2,1992,VAR_000838,1,0.9098175487393315,0.34943893440811213,0.38642874203657096,1
4,1993,VAR_006097,1,0.43124679719226366,0.3707043291625692,0.38642874203657096,1
4,1994,VAR_006593,0,0.27584499997477213,0.3707043291625692,0.38642874203657096,0
2,1995,VAR_002419,0,0.27971819202901405,0.34943893440811213,0.38642874203657096,0
4,1997,VAR_005962,1,0.8662167389348463,0.3707043291625692,0.38642874203657096,1
2,1998,VAR_005780,1,0.7404207976028008,0.34943893440811213,0.38642874203657096,1
2,1999,VAR_004017,1,0.34943893440811213,0.34943893440811213,0.38642874203657096,0
3,2000,VAR_004240,1,0.8021803555390873,0.5702056023697871,0.38642874203657096,1
3,2001,VAR_005719,1,0.8334720324186562,0.5702056023697871,0.38642874203657096,1
1,2003,VAR_000715,1,0.3152861462021255,0.38642874203657096,0.38642874203657096,0
1,2005,VAR_004139,1,0.8958545618538644,0.38642874203657096,0.38642874203657096,1
3,2006,VAR_004822,0,0.7894058841891987,0.5702056023697871,0.38642874203657096,1
4,2007,VAR_006293,1,0.43124679719226366,0.3707043291625692,0.38642874203657096,1
4,2008,VAR_000007,0,0.21276792648388174,0.3707043291625692,0.38642874203657096,0
4,2009,VAR_003810,1,0.4253818771301399,0.3707043291625692,0.38642874203657096,1
0,2010,VAR_003056,1,0.7059636359119753,0.5497129302545452,0.38642874203657096,1
2,2012,VAR_000207,1,0.8575727038248855,0.34943893440811213,0.38642874203657096,1
4,2013,VAR_002155,0,0.837624033533449,0.3707043291625692,0.38642874203657096,1
2,2015,VAR_002213,1,0.852621880208036,0.34943893440811213,0.38642874203657096,1
3,2016,VAR_004064,1,0.8279308836282909,0.5702056023697871,0.38642874203657096,1
2,2018,VAR_004741,0,0.11658977763364724,0.34943893440811213,0.38642874203657096,0
2,2019,VAR_000156,1,0.5741334091000561,0.34943893440811213,0.38642874203657096,1
4,2020,VAR_002229,0,0.34950296877229564,0.3707043291625692,0.38642874203657096,0
0,2022,VAR_005799,1,0.7906128678159974,0.5497129302545452,0.38642874203657096,1
3,2023,VAR_000529,1,0.7375084088699806,0.5702056023697871,0.38642874203657096,1
2,2024,VAR_006104,1,0.8899810439306457,0.34943893440811213,0.38642874203657096,1
2,2025,VAR_006002,1,0.2079090432869951,0.34943893440811213,0.38642874203657096,0
3,2027,VAR_003913,0,0.6124779109531773,0.5702056023697871,0.38642874203657096,1
2,2028,VAR_001362,1,0.542860775954065,0.34943893440811213,0.38642874203657096,1
1,2029,VAR_005947,1,0.806263668071336,0.38642874203657096,0.38642874203657096,1
4,2030,VAR_000871,0,0.1317105630121086,0.3707043291625692,0.38642874203657096,0
2,2031,VAR_006249,1,0.8875390506723306,0.34943893440811213,0.38642874203657096,1
2,2033,VAR_005584,1,0.6694755996611388,0.34943893440811213,0.38642874203657096,1
0,2034,VAR_001416,0,0.5497129302545452,0.5497129302545452,0.38642874203657096,1
1,2035,VAR_006291,1,0.4090716706310624,0.38642874203657096,0.38642874203657096,1
2,2036,VAR_001957,0,0.2523241338631068,0.34943893440811213,0.38642874203657096,0
1,2037,VAR_001212,1,0.7625171778648194,0.38642874203657096,0.38642874203657096,1
2,2039,VAR_005020,0,0.1862295037484903,0.34943893440811213,0.38642874203657096,0
1,2041,VAR_000068,1,0.7122293652393157,0.38642874203657096,0.38642874203657096,1
3,2042,VAR_005751,0,0.46060022479796775,0.5702056023697871,0.38642874203657096,1
3,2043,VAR_001422,0,0.610881830968626,0.5702056023697871,0.38642874203657096,1
4,2044,VAR_001535,1,0.43124679719226366,0.3707043291625692,0.38642874203657096,1
4,2045,VAR_001565,1,0.39722445566319176,0.3707043291625692,0.38642874203657096,1
2,2046,VAR_002505,1,0.8765259565227462,0.34943893440811213,0.38642874203657096,1
0,2047,VAR_005650,0,0.6248840838835137,0.5497129302545452,0.38642874203657096,1
3,2048,VAR_005474,1,0.8051383008702105,0.5702056023697871,0.38642874203657096,1
0,2049,VAR_003449,0,0.7704433972084914,0.5497129302545452,0.38642874203657096,1
4,2050,VAR_005259,0,0.8490557438816868,0.3707043291625692,0.38642874203657096,1
3,2051,VAR_005166,1,0.8373880603758649,0.5702056023697871,0.38642874203657096,1
4,2052,VAR_006038,1,0.6433520834234409,0.3707043291625692,0.38642874203657096,1
2,2053,VAR_005454,1,0.8557000067260553,0.34943893440811213,0.38642874203657096,1
1,2054,VAR_000336,0,0.3986509085718691,0.38642874203657096,0.38642874203657096,1
2,2055,VAR_002139,1,0.7622050637972618,0.34943893440811213,0.38642874203657096,1
2,2056,VAR_001533,1,0.4109282018057332,0.34943893440811213,0.38642874203657096,1
4,2058,VAR_004211,1,0.7640204408024923,0.3707043291625692,0.38642874203657096,1
0,2059,VAR_004229,0,0.589353651564808,0.5497129302545452,0.38642874203657096,1
3,2060,VAR_004957,0,0.432804191979841,0.5702056023697871,0.38642874203657096,1
1,2061,VAR_003249,1,0.9472858450993653,0.38642874203657096,0.38642874203657096,1
2,2062,VAR_001314,1,0.4109282018057332,0.34943893440811213,0.38642874203657096,1
2,2063,VAR_003047,0,0.5934964490606416,0.34943893440811213,0.38642874203657096,1
2,2064,VAR_001966,1,0.7686832966306122,0.34943893440811213,0.38642874203657096,1
3,2065,VAR_002330,0,0.4899024149538642,0.5702056023697871,0.38642874203657096,1
0,2066,VAR_002969,0,0.6670149078281936,0.5497129302545452,0.38642874203657096,1
3,2068,VAR_003802,1,0.8085333279388429,0.5702056023697871,0.38642874203657096,1
0,2070,VAR_004142,0,0.5303300560884707,0.5497129302545452,0.38642874203657096,1
2,2071,VAR_000594,1,0.9367204045230768,0.34943893440811213,0.38642874203657096,1
2,2072,VAR_003915,1,0.8277170669698596,0.34943893440811213,0.38642874203657096,1
4,2075,VAR_000442,0,0.20544298036697328,0.3707043291625692,0.38642874203657096,0
3,2076,VAR_002980,1,0.673569109969288,0.5702056023697871,0.38642874203657096,1
2,2077,VAR_002194,1,0.9021574745942894,0.34943893440811213,0.38642874203657096,1
4,2078,VAR_005942,1,0.7775587744449206,0.3707043291625692,0.38642874203657096,1
4,2079,VAR_001952,1,0.9363798176099303,0.3707043291625692,0.38642874203657096,1
1,2080,VAR_004782,1,0.8159379505273682,0.38642874203657096,0.38642874203657096,1
3,2081,VAR_003834,1,0.7530065322030328,0.5702056023697871,0.38642874203657096,1
1,2082,VAR_000016,1,0.9561866103399599,0.38642874203657096,0.38642874203657096,1
1,2083,VAR_005705,1,0.4514287838122048,0.38642874203657096,0.38642874203657096,1
1,2084,VAR_006274,1,0.580714036285015,0.38642874203657096,0.38642874203657096,1
0,2085,VAR_000754,1,0.5083657629445995,0.5497129302545452,0.38642874203657096,1
0,2087,VAR_005500,1,0.7860620231755769,0.5497129302545452,0.38642874203657096,1
4,2088,VAR_004885,1,0.7934248501135399,0.3707043291625692,0.38642874203657096,1
1,2089,VAR_004299,1,0.3560635512314637,0.38642874203657096,0.38642874203657096,0
0,2090,VAR_002366,1,0.4810749153556921,0.5497129302545452,0.38642874203657096,1
4,2092,VAR_003505,0,0.23788865168073522,0.3707043291625692,0.38642874203657096,0
1,2093,VAR_005873,0,0.11887389365543187,0.38642874203657096,0.38642874203657096,0
2,2094,VAR_001147,1,0.8771141632373364,0.34943893440811213,0.38642874203657096,1
2,2095,VAR_002215,0,0.24803409597154638,0.34943893440811213,0.38642874203657096,0
4,2096,VAR_005156,1,0.4073458898110129,0.3707043291625692,0.38642874203657096,1
0,2097,VAR_005379,0,0.48632075233382777,0.5497129302545452,0.38642874203657096,1
3,2098,VAR_004111,1,0.789018760623124,0.5702056023697871,0.38642874203657096,1
3,2099,VAR_006098,1,0.741851147903824,0.5702056023697871,0.38642874203657096,1
3,2100,VAR_003843,1,0.8028847426469605,0.5702056023697871,0.38642874203657096,1
1,2101,VAR_005313,1,0.8113287721953937,0.38642874203657096,0.38642874203657096,1
0,2102,VAR_005154,1,0.5689155250131115,0.5497129302545452,0.38642874203657096,1
3,2103,VAR_000269,1,0.6139791571559904,0.5702056023697871,0.38642874203657096,1
2,2104,VAR_002220,1,0.8531309037431073,0.34943893440811213,0.38642874203657096,1
3,2105,VAR_003260,1,0.6548125387901681,0.5702056023697871,0.38642874203657096,1
0,2106,VAR_001423,1,0.5805185693338147,0.5497129302545452,0.38642874203657096,1
0,2107,VAR_005798,1,0.7749768024838042,0.5497129302545452,0.38642874203657096,1
0,2109,VAR_005576,1,0.7755190478823519,0.5497129302545452,0.38642874203657096,1
3,2110,VAR_001666,1,0.6824115345852212,0.5702056023697871,0.38642874203657096,1
1,2111,VAR_000368,1,0.3152049088280367,0.38642874203657096,0.38642874203657096,0
4,2112,VAR_000747,1,0.6109681815938243,0.3707043291625692,0.38642874203657096,1
4,2113,VAR_002182,1,0.7753520735602557,0.3707043291625692,0.38642874203657096,1
2,2114,VAR_006589,1,0.5613671924184481,0.34943893440811213,0.38642874203657096,1
4,2115,VAR_003783,1,0.8886626461263525,0.3707043291625692,0.38642874203657096,1
1,2116,VAR_004977,1,0.7359852206597185,0.38642874203657096,0.38642874203657096,1
0,2117,VAR_002095,0,0.5046531763713953,0.5497129302545452,0.38642874203657096,1
1,2119,VAR_003591,0,0.31499199105486675,0.38642874203657096,0.38642874203657096,0
2,2120,VAR_002370,1,0.5529487734563547,0.34943893440811213,0.38642874203657096,1
1,2121,VAR_001598,1,0.5636087268988469,0.38642874203657096,0.38642874203657096,1
1,2122,VAR_002473,0,0.41530844949746015,0.38642874203657096,0.38642874203657096,1
1,2123,VAR_000351,0,0.8767649398810365,0.38642874203657096,0.38642874203657096,1
3,2124,VAR_002016,0,0.4238927196803469,0.5702056023697871,0.38642874203657096,1
3,2125,VAR_005791,1,0.6330552007847122,0.5702056023697871,0.38642874203657096,1
1,2126,VAR_002337,0,0.1655548166725271,0.38642874203657096,0.38642874203657096,0
1,2127,VAR_001403,1,0.5850210569000271,0.38642874203657096,0.38642874203657096,1
1,2128,VAR_001375,1,0.5808588887903494,0.38642874203657096,0.38642874203657096,1
4,2129,VAR_000285,1,0.88092216542856,0.3707043291625692,0.38642874203657096,1
1,2132,VAR_006130,0,0.17947647843348216,0.38642874203657096,0.38642874203657096,0
4,2133,VAR_006063,1,0.7724597786911566,0.3707043291625692,0.38642874203657096,1
3,2134,VAR_002936,1,0.5702056023697871,0.5702056023697871,0.38642874203657096,1
2,2136,VAR_006568,1,0.6528593236726012,0.34943893440811213,0.38642874203657096,1
3,2137,VAR_001677,1,0.6777109744341963,0.5702056023697871,0.38642874203657096,1
3,2138,VAR_001424,0,0.5695047008071767,0.5702056023697871,0.38642874203657096,1
3,2139,VAR_005729,1,0.430330940243417,0.5702056023697871,0.38642874203657096,1
1,2140,VAR_003376,1,0.8792572408638734,0.38642874203657096,0.38642874203657096,1
4,2141,VAR_004988,1,0.942061573299691,0.3707043291625692,0.38642874203657096,1
1,2142,VAR_003438,1,0.6743372608514999,0.38642874203657096,0.38642874203657096,1
0,2143,VAR_000542,1,0.7836475897397956,0.5497129302545452,0.38642874203657096,1
4,2144,VAR_005482,0,0.22883769378577767,0.3707043291625692,0.38642874203657096,0
0,2145,VAR_003322,1,0.6937558789299184,0.5497129302545452,0.38642874203657096,1
2,2146,VAR_005886,0,0.2432002619344901,0.34943893440811213,0.38642874203657096,0
2,2147,VAR_000118,0,0.6995752001450681,0.34943893440811213,0.38642874203657096,1
4,2148,VAR_004538,1,0.43124679719226366,0.3707043291625692,0.38642874203657096,1
2,2149,VAR_006049,1,0.8330935424182888,0.34943893440811213,0.38642874203657096,1
4,2151,VAR_002885,0,0.7465468214883059,0.3707043291625692,0.38642874203657096,1
3,2152,VAR_000580,0,0.4087415437921939,0.5702056023697871,0.38642874203657096,1
0,2153,VAR_003731,0,0.47279248733280044,0.5497129302545452,0.38642874203657096,1
4,2154,VAR_001894,1,0.4159672069072985,0.3707043291625692,0.38642874203657096,1
0,2155,VAR_005920,1,0.7189701307603824,0.5497129302545452,0.38642874203657096,1
1,2156,VAR_000481,1,0.29028694100192337,0.38642874203657096,0.38642874203657096,0
4,2157,VAR_004915,1,0.6380939057751606,0.3707043291625692,0.38642874203657096,1
4,2158,VAR_000172,1,0.7925223972141404,0.3707043291625692,0.38642874203657096,1
1,2159,VAR_000309,1,0.7801052205411131,0.38642874203657096,0.38642874203657096,1
4,2161,VAR_000019,0,0.14514848130852373,0.3707043291625692,0.38642874203657096,0
3,2163,VAR_001627,1,0.5695047008071767,0.5702056023697871,0.38642874203657096,1
0,2164,VAR_004818,1,0.6477727020255285,0.5497129302545452,0.38642874203657096,1
0,2165,VAR_002022,1,0.7918749598810552,0.5497129302545452,0.38642874203657096,1
4,2167,VAR_005644,1,0.23729450299398158,0.3707043291625692,0.38642874203657096,0
2,2168,VAR_002810,1,0.7978147291101216,0.34943893440811213,0.38642874203657096,1
2,2169,VAR_005785,1,0.7978861691076345,0.34943893440811213,0.38642874203657096,1
0,2171,VAR_002339,0,0.4940552747243281,0.5497129302545452,0.38642874203657096,1
4,2172,VAR_002354,1,0.6349976761719331,0.3707043291625692,0.38642874203657096,1
2,2173,VAR_006473,0,0.22277269583551035,0.34943893440811213,0.38642874203657096,0
3,2174,VAR_002874,1,0.5305154501656275,0.5702056023697871,0.38642874203657096,1
1,2175,VAR_001877,1,0.7539829955138497,0.38642874203657096,0.38642874203657096,1
4,2176,VAR_003759,1,0.2942542683427094,0.3707043291625692,0.38642874203657096,0
3,2177,VAR_003529,1,0.41079039274214196,0.5702056023697871,0.38642874203657096,1
4,2178,VAR_004892,1,0.17354155740797597,0.3707043291625692,0.38642874203657096,0
1,2179,VAR_001114,1,0.9438433351205807,0.38642874203657096,0.38642874203657096,1
1,2180,VAR_006292,1,0.4090716706310624,0.38642874203657096,0.38642874203657096,1
2,2184,VAR_001223,1,0.7127305655151414,0.34943893440811213,0.38642874203657096,1
4,2185,VAR_005399,1,0.8816222523764183,0.3707043291625692,0.38642874203657096,1
0,2186,VAR_000462,1,0.7913305490425693,0.5497129302545452,0.38642874203657096,1
0,2187,VAR_001558,1,0.5913426705062854,0.5497129302545452,0.38642874203657096,1
2,2189,VAR_005131,1,0.9448324983436235,0.34943893440811213,0.38642874203657096,1
1,2190,VAR_003696,0,0.1082672290027717,0.38642874203657096,0.38642874203657096,0
1,2191,VAR_004277,1,0.5623774643488751,0.38642874203657096,0.38642874203657096,1
3,2192,VAR_004745,1,0.729377862335838,0.5702056023697871,0.38642874203657096,1
2,2193,VAR_001991,0,0.8339317787639061,0.34943893440811213,0.38642874203657096,1
2,2194,VAR_006032,1,0.689360081731581,0.34943893440811213,0.38642874203657096,1
0,2195,VAR_001643,0,0.581262191397731,0.5497129302545452,0.38642874203657096,1
1,2196,VAR_000632,1,0.9531847348618883,0.38642874203657096,0.38642874203657096,1
4,2197,VAR_004742,1,0.6629907460068893,0.3707043291625692,0.38642874203657096,1
1,2198,VAR_000194,1,0.3703754102569085,0.38642874203657096,0.38642874203657096,0
2,2200,VAR_006504,1,0.7165625273902709,0.34943893440811213,0.38642874203657096,1
3,2201,VAR_006213,1,0.8081632669848913,0.5702056023697871,0.38642874203657096,1
2,2202,VAR_001664,1,0.7876465514443654,0.34943893440811213,0.38642874203657096,1
0,2205,VAR_004893,1,0.5939197891535657,0.5497129302545452,0.38642874203657096,1
4,2206,VAR_001047,0,0.12048354313052885,0.3707043291625692,0.38642874203657096,0
2,2207,VAR_005247,1,0.907251394999115,0.34943893440811213,0.38642874203657096,1
1,2208,VAR_001728,0,0.17221313103116168,0.38642874203657096,0.38642874203657096,0
4,2209,VAR_003508,0,0.14218886934696318,0.3707043291625692,0.38642874203657096,0
3,2210,VAR_006556,1,0.3978750870329021,0.5702056023697871,0.38642874203657096,1
3,2211,VAR_004035,0,0.4600228458470802,0.5702056023697871,0.38642874203657096,1
0,2213,VAR_000308,1,0.7795624983423741,0.5497129302545452,0.38642874203657096,1
1,2214,VAR_006214,1,0.9379478047434608,0.38642874203657096,0.38642874203657096,1
0,2216,VAR_003099,1,0.726472525402247,0.5497129302545452,0.38642874203657096,1
1,2217,VAR_002440,0,0.21036953586749674,0.38642874203657096,0.38642874203657096,0
0,2220,VAR_003562,0,0.3683765677350628,0.5497129302545452,0.38642874203657096,0
2,2222,VAR_000403,1,0.8534741148336706,0.34943893440811213,0.38642874203657096,1
2,2223,VAR_000506,1,0.11056219045486498,0.34943893440811213,0.38642874203657096,0
0,2224,VAR_006312,1,0.7708264340545421,0.5497129302545452,0.38642874203657096,1
2,2225,VAR_001286,0,0.14856145922073136,0.34943893440811213,0.38642874203657096,0
2,2227,VAR_000418,1,0.7574300951078581,0.34943893440811213,0.38642874203657096,1
2,2228,VAR_003288,1,0.5734534996404164,0.34943893440811213,0.38642874203657096,1
4,2229,VAR_004912,1,0.7628769141888183,0.3707043291625692,0.38642874203657096,1
3,2230,VAR_004285,1,0.4824821685833193,0.5702056023697871,0.38642874203657096,1
1,2231,VAR_006141,1,0.8972204971495535,0.38642874203657096,0.38642874203657096,1
2,2233,VAR_003936,1,0.41824787417281273,0.34943893440811213,0.38642874203657096,1
4,2234,VAR_001635,0,0.43124679719226366,0.3707043291625692,0.38642874203657096,1
0,2235,VAR_004775,0,0.467162852860861,0.5497129302545452,0.38642874203657096,1
3,2236,VAR_003243,1,0.8254768410398355,0.5702056023697871,0.38642874203657096,1
3,2239,VAR_000498,0,0.4239739155590449,0.5702056023697871,0.38642874203657096,1
4,2241,VAR_005487,1,0.8435436370923755,0.3707043291625692,0.38642874203657096,1
1,2243,VAR_004071,1,0.8710746516894712,0.38642874203657096,0.38642874203657096,1
1,2244,VAR_002138,1,0.8873424928081731,0.38642874203657096,0.38642874203657096,1
1,2245,VAR_002432,0,0.10605754604245496,0.38642874203657096,0.38642874203657096,0
3,2246,VAR_001637,1,0.5695047008071767,0.5702056023697871,0.38642874203657096,1
1,2247,VAR_000468,1,0.8145188303888525,0.38642874203657096,0.38642874203657096,1
2,2248,VAR_003132,1,0.8644920452432932,0.34943893440811213,0.38642874203657096,1
4,2249,VAR_003683,0,0.3996098862019813,0.3707043291625692,0.38642874203657096,1
3,2250,VAR_006564,1,0.5637066946565249,0.5702056023697871,0.38642874203657096,1
4,2251,VAR_006048,1,0.7886500703245348,0.3707043291625692,0.38642874203657096,1
2,2252,VAR_005781,1,0.8073061701631187,0.34943893440811213,0.38642874203657096,1
2,2253,VAR_004391,0,0.7702975941204271,0.34943893440811213,0.38642874203657096,1
1,2254,VAR_003392,1,0.7807377962993001,0.38642874203657096,0.38642874203657096,1
3,2255,VAR_000183,1,0.4292715912169403,0.5702056023697871,0.38642874203657096,1
1,2256,VAR_003905,1,0.4090716706310624,0.38642874203657096,0.38642874203657096,1
1,2257,VAR_001715,0,0.09354249502237931,0.38642874203657096,0.38642874203657096,0
2,2258,VAR_002492,0,0.2846342926967208,0.34943893440811213,0.38642874203657096,0
1,2259,VAR_002922,0,0.3504747691200133,0.38642874203657096,0.38642874203657096,0
4,2261,VAR_002199,1,0.9159584925592371,0.3707043291625692,0.38642874203657096,1
2,2262,VAR_004852,1,0.556745945474168,0.34943893440811213,0.38642874203657096,1
2,2263,VAR_005264,0,0.46422608277199345,0.34943893440811213,0.38642874203657096,1
2,2264,VAR_000663,0,0.10948512545760257,0.34943893440811213,0.38642874203657096,0
1,2266,VAR_005008,1,0.8409221250479313,0.38642874203657096,0.38642874203657096,1
4,2268,VAR_001100,1,0.9410658621964926,0.3707043291625692,0.38642874203657096,1
2,2269,VAR_001325,0,0.4109282018057332,0.34943893440811213,0.38642874203657096,1
4,2271,VAR_001192,1,0.8019605980198834,0.3707043291625692,0.38642874203657096,1
4,2272,VAR_002042,1,0.1313980937106063,0.3707043291625692,0.38642874203657096,0
2,2273,VAR_002049,1,0.6066513136622943,0.34943893440811213,0.38642874203657096,1
1,2274,VAR_002195,1,0.8719878285061619,0.38642874203657096,0.38642874203657096,1
0,2275,VAR_005497,1,0.7601429110811735,0.5497129302545452,0.38642874203657096,1
3,2276,VAR_002429,1,0.7984711067251711,0.5702056023697871,0.38642874203657096,1
1,2277,VAR_004813,1,0.5282801918328586,0.38642874203657096,0.38642874203657096,1
0,2279,VAR_005306,0,0.45840606887631424,0.5497129302545452,0.38642874203657096,1
4,2280,VAR_002441,1,0.6666665254581922,0.3707043291625692,0.38642874203657096,1
3,2281,VAR_002567,0,0.41038496519399315,0.5702056023697871,0.38642874203657096,1
3,2283,VAR_004011,1,0.8328021372046278,0.5702056023697871,0.38642874203657096,1
0,2285,VAR_000219,1,0.7296714681442492,0.5497129302545452,0.38642874203657096,1
4,2286,VAR_001084,0,0.43124679719226366,0.3707043291625692,0.38642874203657096,1
3,2287,VAR_001585,0,0.5695047008071767,0.5702056023697871,0.38642874203657096,1
1,2288,VAR_003354,1,0.7953572873867555,0.38642874203657096,0.38642874203657096,1
4,2289,VAR_003417,1,0.7403822983535048,0.3707043291625692,0.38642874203657096,1
3,2290,VAR_006585,0,0.8110580104860928,0.5702056023697871,0.38642874203657096,1
4,2291,VAR_002145,1,0.6033123225686738,0.3707043291625692,0.38642874203657096,1
1,2292,VAR_003786,1,0.29571590313555657,0.38642874203657096,0.38642874203657096,0
2,2293,VAR_003111,0,0.13997000842136154,0.34943893440811213,0.38642874203657096,0
1,2294,VAR_001861,0,0.3586325232882989,0.38642874203657096,0.38642874203657096,0
2,2295,VAR_003197,0,0.4241177922020032,0.34943893440811213,0.38642874203657096,1
2,2296,VAR_004018,0,0.1380863770726865,0.34943893440811213,0.38642874203657096,0
0,2297,VAR_006281,1,0.5497129302545452,0.5497129302545452,0.38642874203657096,1
0,2298,VAR_002520,1,0.6712268386254023,0.5497129302545452,0.38642874203657096,1
1,2299,VAR_002551,1,0.6159268420906853,0.38642874203657096,0.38642874203657096,1
0,2303,VAR_005441,1,0.8227496580669981,0.5497129302545452,0.38642874203657096,1
3,2304,VAR_004947,1,0.7191452387488135,0.5702056023697871,0.38642874203657096,1
4,2305,VAR_004004,1,0.9362536104946814,0.3707043291625692,0.38642874203657096,1
2,2306,VAR_005768,1,0.8887618710479144,0.34943893440811213,0.38642874203657096,1
4,2307,VAR_006527,0,0.3056525093820306,0.3707043291625692,0.38642874203657096,0
1,2309,VAR_003716,1,0.9436133777631074,0.38642874203657096,0.38642874203657096,1
2,2310,VAR_002187,1,0.726362999287587,0.34943893440811213,0.38642874203657096,1
0,2312,VAR_003535,1,0.7708635357193896,0.5497129302545452,0.38642874203657096,1
4,2313,VAR_006315,1,0.5750086532039371,0.3707043291625692,0.38642874203657096,1
4,2314,VAR_003210,0,0.3255812557640503,0.3707043291625692,0.38642874203657096,0
4,2316,VAR_006319,1,0.6566999909473508,0.3707043291625692,0.38642874203657096,1
0,2318,VAR_001287,1,0.4725384592650416,0.5497129302545452,0.38642874203657096,1
4,2319,VAR_005302,1,0.5907599450452458,0.3707043291625692,0.38642874203657096,1
1,2320,VAR_006088,1,0.42693969328352394,0.38642874203657096,0.38642874203657096,1
1,2321,VAR_000031,1,0.9716230219191283,0.38642874203657096,0.38642874203657096,1
2,2322,VAR_000173,1,0.8098326730429805,0.34943893440811213,0.38642874203657096,1
2,2323,VAR_006146,1,0.8859699799814329,0.34943893440811213,0.38642874203657096,1
4,2325,VAR_004972,1,0.3528315246186322,0.3707043291625692,0.38642874203657096,0
1,2326,VAR_005312,0,0.2680820907548553,0.38642874203657096,0.38642874203657096,0
0,2327,VAR_000474,1,0.496484019243886,0.5497129302545452,0.38642874203657096,1
4,2329,VAR_005929,1,0.7728539297050934,0.3707043291625692,0.38642874203657096,1
2,2331,VAR_000272,0,0.2079090432869951,0.34943893440811213,0.38642874203657096,0
0,2332,VAR_000845,1,0.5325193767197277,0.5497129302545452,0.38642874203657096,1
2,2333,VAR_000937,1,0.6370887842384625,0.34943893440811213,0.38642874203657096,1
2,2334,VAR_001760,1,0.3864459999126766,0.34943893440811213,0.38642874203657096,1
2,2335,VAR_003774,0,0.1116477986087779,0.34943893440811213,0.38642874203657096,0
1,2336,VAR_003353,1,0.8243619841299774,0.38642874203657096,0.38642874203657096,1
4,2337,VAR_006103,1,0.9142574996353531,0.3707043291625692,0.38642874203657096,1
3,2338,VAR_003723,1,0.7423865301053508,0.5702056023697871,0.38642874203657096,1
0,2339,VAR_004944,1,0.8175071876449232,0.5497129302545452,0.38642874203657096,1
1,2340,VAR_004778,0,0.5612372639778174,0.38642874203657096,0.38642874203657096,1
4,2341,VAR_003592,0,0.31754640223270436,0.3707043291625692,0.38642874203657096,0
4,2342,VAR_004382,1,0.8679652805754681,0.3707043291625692,0.38642874203657096,1
1,2343,VAR_004043,1,0.9003317857180331,0.38642874203657096,0.38642874203657096,1
1,2344,VAR_001184,1,0.6163388883882082,0.38642874203657096,0.38642874203657096,1
3,2345,VAR_000037,1,0.8080481637031202,0.5702056023697871,0.38642874203657096,1
2,2347,VAR_004985,1,0.4947432323160968,0.34943893440811213,0.38642874203657096,1
2,2349,VAR_005645,1,0.8976885306537242,0.34943893440811213,0.38642874203657096,1
1,2350,VAR_006283,1,0.4090716706310624,0.38642874203657096,0.38642874203657096,1
0,2351,VAR_001108,0,0.727189641762471,0.5497129302545452,0.38642874203657096,1
1,2353,VAR_002612,1,0.3207986808693214,0.38642874203657096,0.38642874203657096,0
0,2354,VAR_001716,1,0.8148041046327235,0.5497129302545452,0.38642874203657096,1
2,2357,VAR_003435,0,0.13591720501706114,0.34943893440811213,0.38642874203657096,0
0,2358,VAR_002135,1,0.6790275506084114,0.5497129302545452,0.38642874203657096,1
1,2359,VAR_003324,0,0.7984506204817284,0.38642874203657096,0.38642874203657096,1
1,2360,VAR_004358,0,0.14100102420109994,0.38642874203657096,0.38642874203657096,0
3,2361,VAR_004459,0,0.40242044182028774,0.5702056023697871,0.38642874203657096,1
2,2362,VAR_005243,1,0.9341398112025667,0.34943893440811213,0.38642874203657096,1
4,2363,VAR_005530,1,0.217895044992471,0.3707043291625692,0.38642874203657096,0
1,2364,VAR_005770,1,0.2629000828668477,0.38642874203657096,0.38642874203657096,0
3,2365,VAR_005036,0,0.393787159844929,0.5702056023697871,0.38642874203657096,1
4,2366,VAR_002791,1,0.7230122261927237,0.3707043291625692,0.38642874203657096,1
0,2367,VAR_000171,1,0.6662722910402056,0.5497129302545452,0.38642874203657096,1
2,2368,VAR_005960,0,0.8432135979750058,0.34943893440811213,0.38642874203657096,1
2,2369,VAR_005409,1,0.4249562621825915,0.34943893440811213,0.38642874203657096,1
0,2370,VAR_004344,0,0.5967865259970523,0.5497129302545452,0.38642874203657096,1
1,2371,VAR_001561,1,0.4090716706310624,0.38642874203657096,0.38642874203657096,1
1,2372,VAR_001313,1,0.526106554968658,0.38642874203657096,0.38642874203657096,1
3,2373,VAR_006508,1,0.8044679361722276,0.5702056023697871,0.38642874203657096,1
2,2375,VAR_004180,1,0.5598995897752912,0.34943893440811213,0.38642874203657096,1
0,2378,VAR_001557,0,0.5497129302545452,0.5497129302545452,0.38642874203657096,1
2,2380,VAR_003904,1,0.4109282018057332,0.34943893440811213,0.38642874203657096,1
1,2381,VAR_005118,1,0.4955497265269727,0.38642874203657096,0.38642874203657096,1
4,2383,VAR_002725,1,0.9021151757252002,0.3707043291625692,0.38642874203657096,1
0,2385,VAR_006587,1,0.8268616752614454,0.5497129302545452,0.38642874203657096,1
3,2386,VAR_004774,1,0.7682029874815903,0.5702056023697871,0.38642874203657096,1
3,2387,VAR_005730,0,0.43582157091776347,0.5702056023697871,0.38642874203657096,1
1,2388,VAR_002293,0,0.49806369939421286,0.38642874203657096,0.38642874203657096,1
2,2389,VAR_002271,1,0.8111103104701173,0.34943893440811213,0.38642874203657096,1
3,2390,VAR_005211,1,0.4673370366574731,0.5702056023697871,0.38642874203657096,1
1,2391,VAR_006340,1,0.874837584621446,0.38642874203657096,0.38642874203657096,1
3,2392,VAR_005861,1,0.7281864664899881,0.5702056023697871,0.38642874203657096,1
1,2393,VAR_006029,1,0.9252509914726703,0.38642874203657096,0.38642874203657096,1
1,2394,VAR_004790,1,0.6889033081357824,0.38642874203657096,0.38642874203657096,1
1,2396,VAR_004147,0,0.6399458416569082,0.38642874203657096,0.38642874203657096,1
1,2397,VAR_000788,1,0.5307272428260221,0.38642874203657096,0.38642874203657096,1
1,2398,VAR_001710,0,0.7715071544441734,0.38642874203657096,0.38642874203657096,1
1,2399,VAR_000139,1,0.3633544528073103,0.38642874203657096,0.38642874203657096,0
4,2400,VAR_002591,1,0.3838693347688005,0.3707043291625692,0.38642874203657096,0
1,2401,VAR_003147,0,0.168818957895623,0.38642874203657096,0.38642874203657096,0
0,2403,VAR_005181,1,0.7027138937400579,0.5497129302545452,0.38642874203657096,1
3,2405,VAR_004355,0,0.7530391569317565,0.5702056023697871,0.38642874203657096,1
2,2406,VAR_000851,1,0.7220269168259824,0.34943893440811213,0.38642874203657096,1
4,2407,VAR_003135,1,0.9231244151957205,0.3707043291625692,0.38642874203657096,1
2,2408,VAR_001139,0,0.4250305887298209,0.34943893440811213,0.38642874203657096,1
2,2409,VAR_003990,1,0.9004029351582045,0.34943893440811213,0.38642874203657096,1
2,2410,VAR_004271,1,0.5687709866375321,0.34943893440811213,0.38642874203657096,1
3,2411,VAR_001741,0,0.36926428382870036,0.5702056023697871,0.38642874203657096,0
0,2413,VAR_002636,1,0.46479607262655265,0.5497129302545452,0.38642874203657096,1
2,2414,VAR_006143,1,0.8498080839024812,0.34943893440811213,0.38642874203657096,1
2,2415,VAR_003317,0,0.23403336422470847,0.34943893440811213,0.38642874203657096,0
1,2416,VAR_006430,0,0.8735538447112212,0.38642874203657096,0.38642874203657096,1
0,2417,VAR_006353,0,0.42243078578534216,0.5497129302545452,0.38642874203657096,1
2,2418,VAR_001210,1,0.6947374684368515,0.34943893440811213,0.38642874203657096,1
1,2419,VAR_000911,1,0.7796157970727432,0.38642874203657096,0.38642874203657096,1
3,2420,VAR_000535,0,0.5177507574426381,0.5702056023697871,0.38642874203657096,1
1,2422,VAR_002519,1,0.8264430574953379,0.38642874203657096,0.38642874203657096,1
0,2423,VAR_000860,1,0.842395931885715,0.5497129302545452,0.38642874203657096,1
0,2424,VAR_002231,1,0.8174748630388087,0.5497129302545452,0.38642874203657096,1
1,2425,VAR_001330,1,0.5616292775427529,0.38642874203657096,0.38642874203657096,1
4,2426,VAR_005133,1,0.8181854637943684,0.3707043291625692,0.38642874203657096,1
2,2427,VAR_003092,0,0.1410897241794301,0.34943893440811213,0.38642874203657096,0
1,2428,VAR_004029,0,0.1170227125871772,0.38642874203657096,0.38642874203657096,0
4,2429,VAR_004922,1,0.7360265562502085,0.3707043291625692,0.38642874203657096,1
3,2431,VAR_002529,0,0.3721244783244617,0.5702056023697871,0.38642874203657096,0
4,2433,VAR_000423,0,0.8481101479744341,0.3707043291625692,0.38642874203657096,1
4,2434,VAR_000233,1,0.6731922364390016,0.3707043291625692,0.38642874203657096,1
1,2435,VAR_005445,1,0.6925180520219075,0.38642874203657096,0.38642874203657096,1
3,2436,VAR_006581,1,0.8139847290278556,0.5702056023697871,0.38642874203657096,1
0,2437,VAR_003732,0,0.3690788018791487,0.5497129302545452,0.38642874203657096,0
2,2438,VAR_000295,1,0.9163918040815258,0.34943893440811213,0.38642874203657096,1
0,2440,VAR_004481,1,0.6764687431239605,0.5497129302545452,0.38642874203657096,1
2,2441,VAR_002140,1,0.5088358461446758,0.34943893440811213,0.38642874203657096,1
0,2443,VAR_005717,1,0.7156798502010505,0.5497129302545452,0.38642874203657096,1
3,2444,VAR_004380,1,0.7941038566570254,0.5702056023697871,0.38642874203657096,1
2,2445,VAR_005351,1,0.9407220251568034,0.34943893440811213,0.38642874203657096,1
2,2449,VAR_001276,0,0.07978118759397512,0.34943893440811213,0.38642874203657096,0
1,2450,VAR_002152,1,0.6608280769325942,0.38642874203657096,0.38642874203657096,1
4,2451,VAR_004830,1,0.8267039902261668,0.3707043291625692,0.38642874203657096,1
4,2453,VAR_002160,1,0.9079147198402061,0.3707043291625692,0.38642874203657096,1
3,2454,VAR_000361,1,0.6658905857399362,0.5702056023697871,0.38642874203657096,1
1,2455,VAR_005236,0,0.06751853762848693,0.38642874203657096,0.38642874203657096,0
2,2456,VAR_004457,1,0.5314497112729599,0.34943893440811213,0.38642874203657096,1
4,2457,VAR_000191,1,0.89957016391084,0.3707043291625692,0.38642874203657096,1
0,2458,VAR_004140,1,0.7297592916283817,0.5497129302545452,0.38642874203657096,1
3,2459,VAR_000149,1,0.8178301364800801,0.5702056023697871,0.38642874203657096,1
0,2460,VAR_006071,0,0.5011156870075346,0.5497129302545452,0.38642874203657096,1
2,2461,VAR_005115,0,0.7181299106477642,0.34943893440811213,0.38642874203657096,1
0,2462,VAR_001779,0,0.3781668604407814,0.5497129302545452,0.38642874203657096,0
1,2465,VAR_004638,0,0.17904795767866805,0.38642874203657096,0.38642874203657096,0
4,2466,VAR_001396,1,0.5208544578305591,0.3707043291625692,0.38642874203657096,1
0,2468,VAR_005999,0,0.3512336495199854,0.5497129302545452,0.38642874203657096,0
0,2469,VAR_000725,1,0.6629091846731988,0.5497129302545452,0.38642874203657096,1
4,2471,VAR_006363,0,0.281784209808648,0.3707043291625692,0.38642874203657096,0
4,2472,VAR_005903,1,0.7849907827577709,0.3707043291625692,0.38642874203657096,1
1,2473,VAR_002262,1,0.6591157911274799,0.38642874203657096,0.38642874203657096,1
4,2474,VAR_002968,1,0.8454795582028224,0.3707043291625692,0.38642874203657096,1
3,2475,VAR_005593,1,0.820896174319874,0.5702056023697871,0.38642874203657096,1
0,2476,VAR_000198,1,0.7023956312068245,0.5497129302545452,0.38642874203657096,1
4,2477,VAR_000610,0,0.14751018208480632,0.3707043291625692,0.38642874203657096,0
0,2478,VAR_003901,1,0.5497129302545452,0.5497129302545452,0.38642874203657096,1
3,2479,VAR_000362,1,0.6646604140335304,0.5702056023697871,0.38642874203657096,1
1,2480,VAR_003282,1,0.8591889735880683,0.38642874203657096,0.38642874203657096,1
2,2481,VAR_002274,1,0.31734182788537246,0.34943893440811213,0.38642874203657096,0
2,2482,VAR_003984,0,0.31177977636393434,0.34943893440811213,0.38642874203657096,0
3,2483,VAR_005789,1,0.7372754633538467,0.5702056023697871,0.38642874203657096,1
1,2484,VAR_002428,1,0.7623982294426465,0.38642874203657096,0.38642874203657096,1
4,2485,VAR_002314,1,0.7364396582933757,0.3707043291625692,0.38642874203657096,1
3,2486,VAR_002974,0,0.6336165165841376,0.5702056023697871,0.38642874203657096,1
4,2487,VAR_005814,0,0.17825746323047345,0.3707043291625692,0.38642874203657096,0
4,2488,VAR_002943,0,0.8971577826176733,0.3707043291625692,0.38642874203657096,1
4,2489,VAR_003793,1,0.2992286749695248,0.3707043291625692,0.38642874203657096,0
2,2490,VAR_001112,0,0.21910619456623495,0.34943893440811213,0.38642874203657096,0
1,2491,VAR_002027,1,0.9484018328294261,0.38642874203657096,0.38642874203657096,1
2,2492,VAR_002190,1,0.8828581525957624,0.34943893440811213,0.38642874203657096,1
1,2493,VAR_006033,1,0.8861267073374629,0.38642874203657096,0.38642874203657096,1
4,2494,VAR_001002,1,0.9573809995874413,0.3707043291625692,0.38642874203657096,1
2,2495,VAR_005787,1,0.784977390095281,0.34943893440811213,0.38642874203657096,1
0,2496,VAR_003876,0,0.44439978775424815,0.5497129302545452,0.38642874203657096,1
2,2497,VAR_006054,1,0.648037876475785,0.34943893440811213,0.38642874203657096,1
3,2498,VAR_005176,1,0.6287176174836494,0.5702056023697871,0.38642874203657096,1
3,2499,VAR_005268,1,0.6301898070844747,0.5702056023697871,0.38642874203657096,1
4,2500,VAR_001683,0,0.8070155390926053,0.3707043291625692,0.38642874203657096,1
4,2501,VAR_006035,1,0.7872096231177396,0.3707043291625692,0.38642874203657096,1
4,2503,VAR_003266,1,0.79732689736486,0.3707043291625692,0.38642874203657096,1
3,2505,VAR_005480,1,0.7674563238486299,0.5702056023697871,0.38642874203657096,1
0,2506,VAR_002181,1,0.6759412003885263,0.5497129302545452,0.38642874203657096,1
3,2507,VAR_005428,1,0.7743022339000254,0.5702056023697871,0.38642874203657096,1
2,2508,VAR_002532,1,0.838492662985352,0.34943893440811213,0.38642874203657096,1
1,2511,VAR_001197,1,0.8256300693958359,0.38642874203657096,0.38642874203657096,1
4,2512,VAR_003888,0,0.7250180254497576,0.3707043291625692,0.38642874203657096,1
4,2513,VAR_001513,1,0.43124679719226366,0.3707043291625692,0.38642874203657096,1
4,2514,VAR_005516,1,0.8560009752584422,0.3707043291625692,0.38642874203657096,1
2,2515,VAR_001161,1,0.7398275598398288,0.34943893440811213,0.38642874203657096,1
2,2516,VAR_005918,1,0.882278772368874,0.34943893440811213,0.38642874203657096,1
0,2517,VAR_003889,0,0.5524435292987675,0.5497129302545452,0.38642874203657096,1
0,2518,VAR_000938,1,0.7999088887380025,0.5497129302545452,0.38642874203657096,1
0,2519,VAR_001631,1,0.5497129302545452,0.5497129302545452,0.38642874203657096,1
2,2520,VAR_006422,0,0.5260821886601247,0.34943893440811213,0.38642874203657096,1
4,2521,VAR_005580,1,0.8153013759883594,0.3707043291625692,0.38642874203657096,1
2,2523,VAR_000717,1,0.8858981208730154,0.34943893440811213,0.38642874203657096,1
4,2525,VAR_006334,1,0.8879731827500706,0.3707043291625692,0.38642874203657096,1
4,2527,VAR_004888,0,0.16857558698591227,0.3707043291625692,0.38642874203657096,0
3,2528,VAR_004156,0,0.5895403370087892,0.5702056023697871,0.38642874203657096,1
4,2529,VAR_005762,0,0.15619796708139774,0.3707043291625692,0.38642874203657096,0
3,2531,VAR_000214,1,0.6601354317802915,0.5702056023697871,0.38642874203657096,1
4,2532,VAR_004264,1,0.19788034784452027,0.3707043291625692,0.38642874203657096,0
1,2533,VAR_002517,1,0.8934469149194001,0.38642874203657096,0.38642874203657096,1
4,2534,VAR_004023,1,0.9125756439738708,0.3707043291625692,0.38642874203657096,1
0,2538,VAR_002074,1,0.7294205777428973,0.5497129302545452,0.38642874203657096,1
0,2539,VAR_004109,1,0.7588890813870331,0.5497129302545452,0.38642874203657096,1
2,2540,VAR_004033,1,0.8792899911875139,0.34943893440811213,0.38642874203657096,1
1,2541,VAR_003560,0,0.31420970246818375,0.38642874203657096,0.38642874203657096,0
4,2542,VAR_004664,0,0.22998329339238424,0.3707043291625692,0.38642874203657096,0
0,2543,VAR_004894,1,0.5506714580035618,0.5497129302545452,0.38642874203657096,1
3,2545,VAR_004063,1,0.8354854934175636,0.5702056023697871,0.38642874203657096,1
0,2547,VAR_003378,0,0.42271317904541883,0.5497129302545452,0.38642874203657096,1
1,2548,VAR_004694,0,0.3295805869952744,0.38642874203657096,0.38642874203657096,0
4,2549,VAR_006528,0,0.3471538718741378,0.3707043291625692,0.38642874203657096,0
4,2550,VAR_004038,1,0.9281420121220489,0.3707043291625692,0.38642874203657096,1
0,2551,VAR_003663,1,0.755470811728619,0.5497129302545452,0.38642874203657096,1
2,2552,VAR_000469,1,0.8344484398220368,0.34943893440811213,0.38642874203657096,1
2,2554,VAR_000151,1,0.8547919023337018,0.34943893440811213,0.38642874203657096,1
3,2556,VAR_000508,1,0.5848958487949241,0.5702056023697871,0.38642874203657096,1
0,2557,VAR_002376,1,0.34980270761241694,0.5497129302545452,0.38642874203657096,0
3,2558,VAR_005074,1,0.8374843079551011,0.5702056023697871,0.38642874203657096,1
4,2559,VAR_000493,0,0.13597219701622756,0.3707043291625692,0.38642874203657096,0
2,2560,VAR_006184,1,0.8464935073705615,0.34943893440811213,0.38642874203657096,1
2,2562,VAR_004927,1,0.8433652811538901,0.34943893440811213,0.38642874203657096,1
1,2563,VAR_001430,0,0.5135841993849661,0.38642874203657096,0.38642874203657096,1
1,2564,VAR_005066,0,0.37739232706713033,0.38642874203657096,0.38642874203657096,0
3,2565,VAR_002325,1,0.6826924191243793,0.5702056023697871,0.38642874203657096,1
4,2566,VAR_005938,1,0.858517255009859,0.3707043291625692,0.38642874203657096,1
4,2568,VAR_005301,0,0.43124679719226366,0.3707043291625692,0.38642874203657096,1
0,2569,VAR_006507,1,0.7867308644594757,0.5497129302545452,0.38642874203657096,1
4,2570,VAR_000758,0,0.5160195625681078,0.3707043291625692,0.38642874203657096,1
4,2571,VAR_004993,1,0.8420841314405673,0.3707043291625692,0.38642874203657096,1
4,2572,VAR_002176,1,0.7335564995794347,0.3707043291625692,0.38642874203657096,1
4,2576,VAR_005913,0,0.7439618066346956,0.3707043291625692,0.38642874203657096,1
0,2578,VAR_004309,1,0.5029875017792483,0.5497129302545452,0.38642874203657096,1
1,2579,VAR_004478,1,0.7759952471431396,0.38642874203657096,0.38642874203657096,1
2,2580,VAR_004117,0,0.7484872097385669,0.34943893440811213,0.38642874203657096,1
1,2582,VAR_003418,1,0.9388357787032041,0.38642874203657096,0.38642874203657096,1
2,2583,VAR_004711,1,0.846570635242523,0.34943893440811213,0.38642874203657096,1
3,2584,VAR_005100,0,0.3584462510983166,0.5702056023697871,0.38642874203657096,0
4,2587,VAR_002944,1,0.876927721931375,0.3707043291625692,0.38642874203657096,1
2,2588,VAR_005793,1,0.7685576671044864,0.34943893440811213,0.38642874203657096,1
1,2589,VAR_003661,1,0.6905567228075821,0.38642874203657096,0.38642874203657096,1
4,2590,VAR_001120,1,0.6778408904984145,0.3707043291625692,0.38642874203657096,1
4,2591,VAR_003166,0,0.7114706998562874,0.3707043291625692,0.38642874203657096,1
4,2592,VAR_004823,1,0.45282344538043384,0.3707043291625692,0.38642874203657096,1
4,2593,VAR_001697,1,0.4954235132869164,0.3707043291625692,0.38642874203657096,1
3,2594,VAR_006333,0,0.6470857659980187,0.5702056023697871,0.38642874203657096,1
2,2595,VAR_002162,1,0.9582489496326346,0.34943893440811213,0.38642874203657096,1
4,2601,VAR_005550,1,0.7909804221087579,0.3707043291625692,0.38642874203657096,1
4,2602,VAR_002918,0,0.1900816760388535,0.3707043291625692,0.38642874203657096,0
2,2603,VAR_004832,0,0.17445045386793095,0.34943893440811213,0.38642874203657096,0
1,2605,VAR_005175,0,0.3812245500126402,0.38642874203657096,0.38642874203657096,0
2,2606,VAR_001303,0,0.4109282018057332,0.34943893440811213,0.38642874203657096,1
3,2607,VAR_006060,0,0.8089061922581549,0.5702056023697871,0.38642874203657096,1
4,2608,VAR_000054,1,0.9185335633595775,0.3707043291625692,0.38642874203657096,1
3,2610,VAR_006157,0,0.7503485560910207,0.5702056023697871,0.38642874203657096,1
3,2611,VAR_000014,1,0.6851614360787862,0.5702056023697871,0.38642874203657096,1
1,2612,VAR_000518,1,0.9519881009143769,0.38642874203657096,0.38642874203657096,1
3,2614,VAR_006517,1,0.8360547576727002,0.5702056023697871,0.38642874203657096,1
3,2616,VAR_000870,0,0.6235560744115464,0.5702056023697871,0.38642874203657096,1
1,2617,VAR_000810,0,0.1571731517387777,0.38642874203657096,0.38642874203657096,0
2,2618,VAR_003722,1,0.6626767961758773,0.34943893440811213,0.38642874203657096,1
2,2619,VAR_005193,1,0.5635977099202283,0.34943893440811213,0.38642874203657096,1
2,2620,VAR_000393,0,0.2557266645680299,0.34943893440811213,0.38642874203657096,0
1,2623,VAR_004932,1,0.8795403514545851,0.38642874203657096,0.38642874203657096,1
3,2624,VAR_005140,1,0.687984790493398,0.5702056023697871,0.38642874203657096,1
2,2625,VAR_004324,0,0.2591133806293045,0.34943893440811213,0.38642874203657096,0
4,2626,VAR_001040,0,0.8667420887522931,0.3707043291625692,0.38642874203657096,1
2,2627,VAR_001484,0,0.4109282018057332,0.34943893440811213,0.38642874203657096,1
4,2628,VAR_000910,1,0.8922847724944507,0.3707043291625692,0.38642874203657096,1
2,2629,VAR_005511,1,0.7687553846583179,0.34943893440811213,0.38642874203657096,1
0,2630,VAR_001164,1,0.7276836354927028,0.5497129302545452,0.38642874203657096,1
3,2631,VAR_005189,1,0.6557664695325102,0.5702056023697871,0.38642874203657096,1
4,2633,VAR_005675,0,0.12860694962831973,0.3707043291625692,0.38642874203657096,0
4,2634,VAR_003811,1,0.6376532031268068,0.3707043291625692,0.38642874203657096,1
4,2635,VAR_003015,0,0.0985680714677592,0.3707043291625692,0.38642874203657096,0
0,2636,VAR_005349,1,0.774449102058997,0.5497129302545452,0.38642874203657096,1
0,2637,VAR_005473,1,0.6233074812915501,0.5497129302545452,0.38642874203657096,1
1,2638,VAR_004491,1,0.5843152990177358,0.38642874203657096,0.38642874203657096,1
4,2639,VAR_002163,0,0.9332648702164643,0.3707043291625692,0.38642874203657096,1
0,2640,VAR_001103,1,0.8389141506790195,0.5497129302545452,0.38642874203657096,1
4,2641,VAR_006424,0,0.2797345852420044,0.3707043291625692,0.38642874203657096,0
0,2642,VAR_001390,1,0.5497129302545452,0.5497129302545452,0.38642874203657096,1
1,2643,VAR_003463,0,0.32045569280433106,0.38642874203657096,0.38642874203657096,0
2,2644,VAR_002317,1,0.26147123167158504,0.34943893440811213,0.38642874203657096,0
0,2645,VAR_003242,1,0.5776108249920234,0.5497129302545452,0.38642874203657096,1
3,2646,VAR_003964,1,0.8509783919090265,0.5702056023697871,0.38642874203657096,1
4,2648,VAR_004586,0,0.1371604412295257,0.3707043291625692,0.38642874203657096,0
0,2649,VAR_003762,1,0.7999725727491201,0.5497129302545452,0.38642874203657096,1
3,2650,VAR_002476,1,0.821372809783925,0.5702056023697871,0.38642874203657096,1
4,2651,VAR_000239,1,0.7922163243432722,0.3707043291625692,0.38642874203657096,1
3,2652,VAR_001193,0,0.4193076834465119,0.5702056023697871,0.38642874203657096,1
4,2653,VAR_000913,1,0.7461199545654634,0.3707043291625692,0.38642874203657096,1
3,2654,VAR_005299,0,0.5349891411597965,0.5702056023697871,0.38642874203657096,1
4,2655,VAR_003945,0,0.181731709068613,0.3707043291625692,0.38642874203657096,0
1,2656,VAR_000310,1,0.8471906199935996,0.38642874203657096,0.38642874203657096,1
3,2657,VAR_004729,1,0.7330731443174842,0.5702056023697871,0.38642874203657096,1
4,2658,VAR_002919,1,0.6832622318758742,0.3707043291625692,0.38642874203657096,1
2,2659,VAR_005001,1,0.15363789089387855,0.34943893440811213,0.38642874203657096,0
3,2661,VAR_000150,1,0.6697958388976483,0.5702056023697871,0.38642874203657096,1
0,2662,VAR_002044,1,0.7149541313528296,0.5497129302545452,0.38642874203657096,1
4,2663,VAR_004312,1,0.4421472357818714,0.3707043291625692,0.38642874203657096,1
4,2664,VAR_005568,1,0.6230087974669123,0.3707043291625692,0.38642874203657096,1
3,2665,VAR_006287,0,0.502485522253915,0.5702056023697871,0.38642874203657096,1
3,2667,VAR_005766,1,0.8374662187134544,0.5702056023697871,0.38642874203657096,1
1,2668,VAR_006321,0,0.10587922266430683,0.38642874203657096,0.38642874203657096,0
0,2669,VAR_004287,1,0.46331266924410375,0.5497129302545452,0.38642874203657096,1
1,2670,VAR_000858,1,0.9395329455174216,0.38642874203657096,0.38642874203657096,1
2,2671,VAR_002415,0,0.32337518529426024,0.34943893440811213,0.38642874203657096,0
0,2672,VAR_004065,1,0.8205860849987313,0.5497129302545452,0.38642874203657096,1
4,2673,VAR_001787,0,0.1786204203756908,0.3707043291625692,0.38642874203657096,0
0,2674,VAR_004408,1,0.7249358373601595,0.5497129302545452,0.38642874203657096,1
1,2675,VAR_006342,1,0.9341649989612055,0.38642874203657096,0.38642874203657096,1
2,2676,VAR_004833,1,0.8091603505697164,0.34943893440811213,0.38642874203657096,1
0,2677,VAR_000145,0,0.4248293396249747,0.5497129302545452,0.38642874203657096,1
1,2679,VAR_003849,0,0.09612334977634228,0.38642874203657096,0.38642874203657096,0
1,2680,VAR_006244,0,0.06855676375253515,0.38642874203657096,0.38642874203657096,0
3,2681,VAR_000579,1,0.786892171270307,0.5702056023697871,0.38642874203657096,1
3,2682,VAR_003405,1,0.7880393547317801,0.5702056023697871,0.38642874203657096,1
4,2683,VAR_000793,1,0.3553605689658258,0.3707043291625692,0.38642874203657096,0
0,2685,VAR_001376,0,0.5497129302545452,0.5497129302545452,0.38642874203657096,1
3,2686,VAR_003409,1,0.8454666828735028,0.5702056023697871,0.38642874203657096,1
3,2687,VAR_003714,0,0.4559959354516256,0.5702056023697871,0.38642874203657096,1
4,2688,VAR_000290,1,0.8377684927638774,0.3707043291625692,0.38642874203657096,1
3,2689,VAR_002409,1,0.8006161233932017,0.5702056023697871,0.38642874203657096,1
3,2690,VAR_004857,0,0.45783012119603433,0.5702056023697871,0.38642874203657096,1
4,2691,VAR_002573,0,0.326711657346791,0.3707043291625692,0.38642874203657096,0
0,2692,VAR_005627,0,0.4756998772124336,0.5497129302545452,0.38642874203657096,1
3,2693,VAR_005132,1,0.7048875073238803,0.5702056023697871,0.38642874203657096,1
4,2694,VAR_002026,1,0.7714307063576276,0.3707043291625692,0.38642874203657096,1
4,2697,VAR_006040,1,0.8242801623528904,0.3707043291625692,0.38642874203657096,1
2,2698,VAR_000044,1,0.834987870841322,0.34943893440811213,0.38642874203657096,1
3,2699,VAR_001625,1,0.5695047008071767,0.5702056023697871,0.38642874203657096,1
2,2700,VAR_003374,1,0.8674795113791888,0.34943893440811213,0.38642874203657096,1
3,2701,VAR_005507,0,0.47158025924610725,0.5702056023697871,0.38642874203657096,1
1,2702,VAR_001679,0,0.13647967482756346,0.38642874203657096,0.38642874203657096,0
4,2703,VAR_003406,1,0.7279414394777952,0.3707043291625692,0.38642874203657096,1
3,2704,VAR_005963,1,0.8029034852785115,0.5702056023697871,0.38642874203657096,1
0,2705,VAR_005688,0,0.7127335959717613,0.5497129302545452,0.38642874203657096,1
3,2706,VAR_002444,1,0.713597637292411,0.5702056023697871,0.38642874203657096,1
3,2707,VAR_003271,1,0.6343383655329969,0.5702056023697871,0.38642874203657096,1
4,2708,VAR_005057,1,0.6683217892637252,0.3707043291625692,0.38642874203657096,1
0,2709,VAR_000287,0,0.38150964189760533,0.5497129302545452,0.38642874203657096,0
1,2711,VAR_004846,1,0.6147612076363849,0.38642874203657096,0.38642874203657096,1
4,2712,VAR_006313,0,0.22726093614998413,0.3707043291625692,0.38642874203657096,0
2,2713,VAR_005470,1,0.44798442770784186,0.34943893440811213,0.38642874203657096,1
4,2714,VAR_003941,1,0.401869852071945,0.3707043291625692,0.38642874203657096,1
4,2715,VAR_006043,1,0.8285338650171884,0.3707043291625692,0.38642874203657096,1
3,2716,VAR_004814,1,0.7233241764844545,0.5702056023697871,0.38642874203657096,1
0,2717,VAR_000366,1,0.4915789981406269,0.5497129302545452,0.38642874203657096,1
0,2719,VAR_004578,0,0.7502657328492004,0.5497129302545452,0.38642874203657096,1
3,2720,VAR_005703,1,0.8031136339768769,0.5702056023697871,0.38642874203657096,1
3,2721,VAR_001458,1,0.5695047008071767,0.5702056023697871,0.38642874203657096,1
1,2722,VAR_002644,1,0.6786929568363851,0.38642874203657096,0.38642874203657096,1
3,2723,VAR_003391,1,0.7209590043533849,0.5702056023697871,0.38642874203657096,1
3,2724,VAR_005172,0,0.5073442019713279,0.5702056023697871,0.38642874203657096,1
4,2727,VAR_003277,0,0.2066257800876353,0.3707043291625692,0.38642874203657096,0
2,2728,VAR_005527,1,0.5603773796348135,0.34943893440811213,0.38642874203657096,1
1,2730,VAR_006518,1,0.8214320601638381,0.38642874203657096,0.38642874203657096,1
4,2731,VAR_002912,0,0.17891354983831398,0.3707043291625692,0.38642874203657096,0
4,2732,VAR_003779,1,0.2715739024221727,0.3707043291625692,0.38642874203657096,0
3,2733,VAR_002086,1,0.6026997795376869,0.5702056023697871,0.38642874203657096,1
4,2734,VAR_006128,0,0.3295450270345587,0.3707043291625692,0.38642874203657096,0
3,2735,VAR_004827,1,0.7676368135552448,0.5702056023697871,0.38642874203657096,1
3,2736,VAR_003296,1,0.8061287537515767,0.5702056023697871,0.38642874203657096,1
2,2738,VAR_005486,0,0.17172576047168395,0.34943893440811213,0.38642874203657096,0
0,2739,VAR_004364,0,0.5721646122961345,0.5497129302545452,0.38642874203657096,1
2,2741,VAR_003395,1,0.7638536814964372,0.34943893440811213,0.38642874203657096,1
3,2743,VAR_003573,0,0.5691313199985364,0.5702056023697871,0.38642874203657096,1
3,2744,VAR_006541,1,0.3989846000537318,0.5702056023697871,0.38642874203657096,1
3,2745,VAR_005706,1,0.7927990065650418,0.5702056023697871,0.38642874203657096,1
3,2747,VAR_000764,1,0.7790070897817948,0.5702056023697871,0.38642874203657096,1
4,2748,VAR_004910,1,0.5361341795637152,0.3707043291625692,0.38642874203657096,1
4,2750,VAR_002075,1,0.8483365874928237,0.3707043291625692,0.38642874203657096,1
4,2751,VAR_006516,1,0.5152090818991577,0.3707043291625692,0.38642874203657096,1
1,2754,VAR_002365,1,0.5228170351265248,0.38642874203657096,0.38642874203657096,1
1,2755,VAR_003742,1,0.6621335125878204,0.38642874203657096,0.38642874203657096,1
2,2756,VAR_002326,1,0.5940046637398567,0.34943893440811213,0.38642874203657096,1
0,2757,VAR_000050,0,0.37569840211978006,0.5497129302545452,0.38642874203657096,0
1,2758,VAR_005618,0,0.12454953572449276,0.38642874203657096,0.38642874203657096,0
4,2759,VAR_001525,1,0.43124679719226366,0.3707043291625692,0.38642874203657096,1
3,2760,VAR_005244,1,0.8228320645981742,0.5702056023697871,0.38642874203657096,1
1,2761,VAR_002506,1,0.9151716197254955,0.38642874203657096,0.38642874203657096,1
4,2762,VAR_006160,0,0.5682356875536445,0.3707043291625692,0.38642874203657096,1
1,2763,VAR_004009,1,0.9128124931676748,0.38642874203657096,0.38642874203657096,1
1,2764,VAR_000565,1,0.9006460056481241,0.38642874203657096,0.38642874203657096,1
4,2765,VAR_002443,1,0.29791270854357,0.3707043291625692,0.38642874203657096,0
2,2766,VAR_001864,1,0.4708892546452643,0.34943893440811213,0.38642874203657096,1
2,2767,VAR_005514,1,0.775649008096664,0.34943893440811213,0.38642874203657096,1
1,2768,VAR_004505,0,0.23664492644583968,0.38642874203657096,0.38642874203657096,0
0,2769,VAR_003847,0,0.6730392669892824,0.5497129302545452,0.38642874203657096,1
4,2770,VAR_005499,1,0.919646217444943,0.3707043291625692,0.38642874203657096,1
2,2772,VAR_000447,1,0.7454429169632931,0.34943893440811213,0.38642874203657096,1
4,2773,VAR_003134,0,0.10332089930735487,0.3707043291625692,0.38642874203657096,0
1,2774,VAR_005577,1,0.8207131389506127,0.38642874203657096,0.38642874203657096,1
3,2775,VAR_000553,0,0.37630613138404395,0.5702056023697871,0.38642874203657096,0
2,2776,VAR_000180,0,0.19669958951455513,0.34943893440811213,0.38642874203657096,0
4,2777,VAR_000051,0,0.19116573549820556,0.3707043291625692,0.38642874203657096,0
2,2778,VAR_000416,1,0.4109282018057332,0.34943893440811213,0.38642874203657096,1
1,2779,VAR_006107,1,0.9209340391517967,0.38642874203657096,0.38642874203657096,1
2,2780,VAR_004066,1,0.9267593314676534,0.34943893440811213,0.38642874203657096,1
2,2781,VAR_003231,0,0.4109282018057332,0.34943893440811213,0.38642874203657096,1
3,2782,VAR_000455,1,0.7199208542208544,0.5702056023697871,0.38642874203657096,1
1,2783,VAR_004506,1,0.5811373881796396,0.38642874203657096,0.38642874203657096,1
0,2784,VAR_005226,1,0.6775843088894106,0.5497129302545452,0.38642874203657096,1
1,2785,VAR_003049,0,0.4090716706310624,0.38642874203657096,0.38642874203657096,1
3,2787,VAR_004430,1,0.7024807959495565,0.5702056023697871,0.38642874203657096,1
1,2788,VAR_005463,1,0.38642874203657096,0.38642874203657096,0.38642874203657096,1
4,2790,VAR_004464,1,0.8633407159144533,0.3707043291625692,0.38642874203657096,1
0,2791,VAR_002967,1,0.7811813769033222,0.5497129302545452,0.38642874203657096,1
2,2792,VAR_004030,0,0.16766039391302492,0.34943893440811213,0.38642874203657096,0
2,2793,VAR_006494,1,0.8496431013547268,0.34943893440811213,0.38642874203657096,1
2,2795,VAR_000503,1,0.8563739184376238,0.34943893440811213,0.38642874203657096,1
4,2797,VAR_001172,1,0.8451793485370012,0.3707043291625692,0.38642874203657096,1
0,2801,VAR_001895,0,0.5325291446591487,0.5497129302545452,0.38642874203657096,1
2,2802,VAR_005803,1,0.8419670384175371,0.34943893440811213,0.38642874203657096,1
1,2805,VAR_000796,0,0.12204302840280284,0.38642874203657096,0.38642874203657096,0
4,2806,VAR_006534,1,0.8903811575527915,0.3707043291625692,0.38642874203657096,1
2,2807,VAR_005068,1,0.7504599396887226,0.34943893440811213,0.38642874203657096,1
2,2808,VAR_004597,0,0.12193928602779823,0.34943893440811213,0.38642874203657096,0
3,2809,VAR_004845,1,0.7482477021955618,0.5702056023697871,0.38642874203657096,1
1,2810,VAR_000441,0,0.8350103250233306,0.38642874203657096,0.38642874203657096,1
2,2811,VAR_005613,1,0.40316033617239905,0.34943893440811213,0.38642874203657096,1
3,2812,VAR_005439,1,0.7239107221097788,0.5702056023697871,0.38642874203657096,1
1,2814,VAR_003895,0,0.27326506615176993,0.38642874203657096,0.38642874203657096,0
1,2815,VAR_005201,1,0.922571284399499,0.38642874203657096,0.38642874203657096,1
4,2816,VAR_000622,1,0.9223558786613012,0.3707043291625692,0.38642874203657096,1
1,2818,VAR_005709,1,0.9415734826721709,0.38642874203657096,0.38642874203657096,1
3,2819,VAR_006119,0,0.5309304873373167,0.5702056023697871,0.38642874203657096,1
4,2820,VAR_003794,1,0.47035723775105714,0.3707043291625692,0.38642874203657096,1
1,2821,VAR_003635,0,0.8335466865106284,0.38642874203657096,0.38642874203657096,1
4,2823,VAR_005815,1,0.7983177444816408,0.3707043291625692,0.38642874203657096,1
0,2824,VAR_005726,0,0.37024638306754304,0.5497129302545452,0.38642874203657096,0
0,2825,VAR_003290,1,0.6942918746296267,0.5497129302545452,0.38642874203657096,1
0,2826,VAR_000329,1,0.6862632995754187,0.5497129302545452,0.38642874203657096,1
3,2827,VAR_005842,1,0.7242839986163768,0.5702056023697871,0.38642874203657096,1
3,2828,VAR_004492,0,0.4134700723853279,0.5702056023697871,0.38642874203657096,1
0,2829,VAR_004315,1,0.45742055120241865,0.5497129302545452,0.38642874203657096,1
3,2830,VAR_001761,1,0.6213155416367456,0.5702056023697871,0.38642874203657096,1
2,2831,VAR_004802,1,0.6464582354582699,0.34943893440811213,0.38642874203657096,1
3,2833,VAR_000280,1,0.3788984823166871,0.5702056023697871,0.38642874203657096,0
4,2834,VAR_005841,1,0.52852945657787,0.3707043291625692,0.38642874203657096,1
2,2836,VAR_003828,0,0.1879651955976732,0.34943893440811213,0.38642874203657096,0
3,2837,VAR_000209,1,0.4440970171104144,0.5702056023697871,0.38642874203657096,1
0,2838,VAR_000961,1,0.7903813131418967,0.5497129302545452,0.38642874203657096,1
4,2839,VAR_004920,1,0.883903765795385,0.3707043291625692,0.38642874203657096,1
1,2841,VAR_005003,1,0.569501486444696,0.38642874203657096,0.38642874203657096,1
1,2842,VAR_006332,0,0.870486913370018,0.38642874203657096,0.38642874203657096,1
2,2844,VAR_001455,0,0.29926908295673765,0.34943893440811213,0.38642874203657096,0
1,2845,VAR_003537,1,0.8110812819263811,0.38642874203657096,0.38642874203657096,1
1,2846,VAR_006308,1,0.5945988878884358,0.38642874203657096,0.38642874203657096,1
2,2847,VAR_005431,1,0.895068785098212,0.34943893440811213,0.38642874203657096,1
2,2848,VAR_005389,1,0.20771958601663504,0.34943893440811213,0.38642874203657096,0
2,2849,VAR_001992,0,0.7679425034350591,0.34943893440811213,0.38642874203657096,1
2,2850,VAR_000785,0,0.1213111322284236,0.34943893440811213,0.38642874203657096,0
0,2851,VAR_001704,1,0.8587022008518874,0.5497129302545452,0.38642874203657096,1
2,2852,VAR_005636,1,0.16832969131581046,0.34943893440811213,0.38642874203657096,0
2,2853,VAR_002542,1,0.8915258187540962,0.34943893440811213,0.38642874203657096,1
1,2854,VAR_004239,1,0.9518309910615967,0.38642874203657096,0.38642874203657096,1
0,2855,VAR_005395,0,0.5314966462023977,0.5497129302545452,0.38642874203657096,1
1,2856,VAR_004282,1,0.35126582968272085,0.38642874203657096,0.38642874203657096,0
2,2857,VAR_005335,1,0.9516615784201317,0.34943893440811213,0.38642874203657096,1
0,2859,VAR_003850,1,0.7118862124307835,0.5497129302545452,0.38642874203657096,1
0,2860,VAR_003760,1,0.7005715889098667,0.5497129302545452,0.38642874203657096,1
4,2861,VAR_003001,0,0.8761600958023928,0.3707043291625692,0.38642874203657096,1
3,2862,VAR_006575,0,0.8175903973835192,0.5702056023697871,0.38642874203657096,1
1,2864,VAR_004966,1,0.8647733472635285,0.38642874203657096,0.38642874203657096,1
3,2865,VAR_002988,1,0.45970967814984354,0.5702056023697871,0.38642874203657096,1
0,2866,VAR_000074,0,0.6216301095311033,0.5497129302545452,0.38642874203657096,1
2,2868,VAR_005788,1,0.8799260131448176,0.34943893440811213,0.38642874203657096,1
3,2869,VAR_005564,1,0.59201069606093,0.5702056023697871,0.38642874203657096,1
4,2870,VAR_002678,0,0.17724937171642355,0.3707043291625692,0.38642874203657096,0
0,2872,VAR_004041,1,0.7142233831682716,0.5497129302545452,0.38642874203657096,1
4,2873,VAR_003512,0,0.7493531582720507,0.3707043291625692,0.38642874203657096,1
3,2875,VAR_001766,1,0.5008533739479353,0.5702056023697871,0.38642874203657096,1
3,2876,VAR_003985,1,0.8271443085407906,0.5702056023697871,0.38642874203657096,1
2,2878,VAR_004453,0,0.3457732215529577,0.34943893440811213,0.38642874203657096,0
0,2879,VAR_004093,0,0.7196135216456565,0.5497129302545452,0.38642874203657096,1
0,2881,VAR_000359,1,0.6545250888230953,0.5497129302545452,0.38642874203657096,1
0,2883,VAR_004799,0,0.43366576906805165,0.5497129302545452,0.38642874203657096,1
1,2884,VAR_005281,1,0.44979803006385094,0.38642874203657096,0.38642874203657096,1
4,2885,VAR_005294,0,0.43124679719226366,0.3707043291625692,0.38642874203657096,1
3,2886,VAR_000835,1,0.7955681972237445,0.5702056023697871,0.38642874203657096,1
1,2887,VAR_001522,0,0.4090716706310624,0.38642874203657096,0.38642874203657096,1
4,2888,VAR_005871,1,0.26351213080514635,0.3707043291625692,0.38642874203657096,0
1,2889,VAR_001473,1,0.5067146530074839,0.38642874203657096,0.38642874203657096,1
3,2890,VAR_006499,1,0.837550439436954,0.5702056023697871,0.38642874203657096,1
0,2891,VAR_006173,0,0.4697265437553333,0.5497129302545452,0.38642874203657096,1
4,2893,VAR_005397,1,0.9406034048415186,0.3707043291625692,0.38642874203657096,1
1,2894,VAR_006501,1,0.8692355644136165,0.38642874203657096,0.38642874203657096,1
4,2895,VAR_005845,0,0.25302702639760016,0.3707043291625692,0.38642874203657096,0
0,2896,VAR_001589,1,0.6024252295753587,0.5497129302545452,0.38642874203657096,1
4,2897,VAR_001802,1,0.8972365386873493,0.3707043291625692,0.38642874203657096,1
4,2899,VAR_005231,0,0.22698523417334276,0.3707043291625692,0.38642874203657096,0
4,2900,VAR_000215,1,0.1819346836616337,0.3707043291625692,0.38642874203657096,0
3,2901,VAR_003972,0,0.37880698540724833,0.5702056023697871,0.38642874203657096,0
1,2903,VAR_003955,1,0.26893878280319894,0.38642874203657096,0.38642874203657096,0
1,2904,VAR_001546,1,0.5541601752926752,0.38642874203657096,0.38642874203657096,1
3,2905,VAR_004883,0,0.3584462510983166,0.5702056023697871,0.38642874203657096,0
0,2906,VAR_003987,1,0.7430762086720633,0.5497129302545452,0.38642874203657096,1
1,2907,VAR_005693,1,0.955483431837355,0.38642874203657096,0.38642874203657096,1
2,2908,VAR_000360,1,0.11707913734498052,0.34943893440811213,0.38642874203657096,0
3,2909,VAR_002029,0,0.719573458843866,0.5702056023697871,0.38642874203657096,1
2,2910,VAR_002078,1,0.8571684878320699,0.34943893440811213,0.38642874203657096,1
2,2911,VAR_003758,1,0.937450370270716,0.34943893440811213,0.38642874203657096,1
2,2912,VAR_004148,0,0.5349975139733227,0.34943893440811213,0.38642874203657096,1
2,2913,VAR_002849,0,0.6819046983576239,0.34943893440811213,0.38642874203657096,1
3,2914,VAR_003294,1,0.7590276202213277,0.5702056023697871,0.38642874203657096,1
3,2915,VAR_000397,0,0.7169932645926398,0.5702056023697871,0.38642874203657096,1
3,2917,VAR_001136,1,0.7505568763157817,0.5702056023697871,0.38642874203657096,1
0,2918,VAR_005336,1,0.8350828962277014,0.5497129302545452,0.38642874203657096,1
0,2919,VAR_001903,0,0.3880913776834343,0.5497129302545452,0.38642874203657096,1
4,2920,VAR_005071,1,0.795259305786546,0.3707043291625692,0.38642874203657096,1
3,2921,VAR_000396,1,0.4047619045397016,0.5702056023697871,0.38642874203657096,1
0,2922,VAR_000727,1,0.6731886254367511,0.5497129302545452,0.38642874203657096,1
1,2924,VAR_002384,1,0.7033954484399083,0.38642874203657096,0.38642874203657096,1
2,2925,VAR_005424,0,0.6809334869419688,0.34943893440811213,0.38642874203657096,1
3,2926,VAR_002007,1,0.8465598009912819,0.5702056023697871,0.38642874203657096,1
2,2927,VAR_005116,1,0.3816783621710432,0.34943893440811213,0.38642874203657096,0
2,2928,VAR_004820,1,0.8211963190903787,0.34943893440811213,0.38642874203657096,1
3,2929,VAR_004058,1,0.7958428978580461,0.5702056023697871,0.38642874203657096,1
