fold,source_row_index,Variant_ID,Label,score,fold_selected_threshold,threshold,prediction,evaluation_split,dataset,error_type,distance_to_threshold,confidence_band
0.0,1.0,VAR_004387,0,0.0673602017175217,0.4552237562989291,0.4381502900787569,0,MASTER_ONLY_CV,,correct,0.37079008836123517,high
1.0,2.0,VAR_001540,0,0.5764945068458546,0.4676065299723352,0.4381502900787569,1,MASTER_ONLY_CV,,false_positive,0.13834421676709768,moderate
1.0,3.0,VAR_000808,1,0.9743749009999502,0.4676065299723352,0.4381502900787569,1,MASTER_ONLY_CV,,correct,0.5362246109211932,high
3.0,4.0,VAR_000082,1,0.8114085918119084,0.4381502900787569,0.4381502900787569,1,MASTER_ONLY_CV,,correct,0.3732583017331515,high
2.0,5.0,VAR_002119,0,0.3313854523483142,0.3589974365481315,0.4381502900787569,0,MASTER_ONLY_CV,,correct,0.10676483773044271,moderate
3.0,6.0,VAR_006245,0,0.1012173006214232,0.4381502900787569,0.4381502900787569,0,MASTER_ONLY_CV,,correct,0.3369329894573337,high
3.0,7.0,VAR_000163,1,0.7381862850870318,0.4381502900787569,0.4381502900787569,1,MASTER_ONLY_CV,,correct,0.3000359950082749,high
0.0,8.0,VAR_005692,1,0.914114701540504,0.4552237562989291,0.4381502900787569,1,MASTER_ONLY_CV,,correct,0.4759644114617471,high
1.0,9.0,VAR_006030,1,0.6709698267174908,0.4676065299723352,0.4381502900787569,1,MASTER_ONLY_CV,,correct,0.23281953663873395,high
2.0,10.0,VAR_004890,0,0.1949078050445255,0.3589974365481315,0.4381502900787569,0,MASTER_ONLY_CV,,correct,0.24324248503423138,high
4.0,11.0,VAR_000584,0,0.8352942910493796,0.2888357696077288,0.4381502900787569,1,MASTER_ONLY_CV,,false_positive,0.3971440009706227,high
0.0,12.0,VAR_003833,0,0.0296042082674649,0.4552237562989291,0.4381502900787569,0,MASTER_ONLY_CV,,correct,0.408546081811292,high
0.0,14.0,VAR_002625,1,0.7603380932665034,0.4552237562989291,0.4381502900787569,1,MASTER_ONLY_CV,,correct,0.3221878031877465,high
4.0,15.0,VAR_001845,0,0.417269499223534,0.2888357696077288,0.4381502900787569,0,MASTER_ONLY_CV,,correct,0.020880790855222875,borderline
1.0,18.0,VAR_005011,1,0.0988371219922819,0.4676065299723352,0.4381502900787569,0,MASTER_ONLY_CV,,false_negative,0.339313168086475,high
3.0,19.0,VAR_005563,1,0.928108037797435,0.4381502900787569,0.4381502900787569,1,MASTER_ONLY_CV,,correct,0.4899577477186781,high
1.0,20.0,VAR_002538,1,0.956124579406868,0.4676065299723352,0.4381502900787569,1,MASTER_ONLY_CV,,correct,0.5179742893281112,high
0.0,21.0,VAR_002184,1,0.840141374289809,0.4552237562989291,0.4381502900787569,1,MASTER_ONLY_CV,,correct,0.40199108421105206,high
0.0,22.0,VAR_005553,1,0.758842427216866,0.4552237562989291,0.4381502900787569,1,MASTER_ONLY_CV,,correct,0.3206921371381091,high
3.0,23.0,VAR_006223,0,0.3141554948625397,0.4381502900787569,0.4381502900787569,0,MASTER_ONLY_CV,,correct,0.1239947952162172,moderate
1.0,24.0,VAR_003782,1,0.8323142191703973,0.4676065299723352,0.4381502900787569,1,MASTER_ONLY_CV,,correct,0.3941639290916404,high
1.0,25.0,VAR_000884,1,0.5549355178203529,0.4676065299723352,0.4381502900787569,1,MASTER_ONLY_CV,,correct,0.116785227741596,moderate
2.0,26.0,VAR_001654,0,0.3374946423330536,0.3589974365481315,0.4381502900787569,0,MASTER_ONLY_CV,,correct,0.10065564774570329,moderate
2.0,27.0,VAR_005367,1,0.3374946423330536,0.3589974365481315,0.4381502900787569,0,MASTER_ONLY_CV,,false_negative,0.10065564774570329,moderate
3.0,28.0,VAR_004860,1,0.8592240047637996,0.4381502900787569,0.4381502900787569,1,MASTER_ONLY_CV,,correct,0.4210737146850427,high
0.0,30.0,VAR_000023,1,0.988361127250842,0.4552237562989291,0.4381502900787569,1,MASTER_ONLY_CV,,correct,0.5502108371720851,high
1.0,31.0,VAR_005772,1,0.8021925226076863,0.4676065299723352,0.4381502900787569,1,MASTER_ONLY_CV,,correct,0.36404223252892937,high
3.0,32.0,VAR_002449,1,0.8026350453105646,0.4381502900787569,0.4381502900787569,1,MASTER_ONLY_CV,,correct,0.36448475523180773,high
4.0,33.0,VAR_004889,1,0.5055646891228819,0.2888357696077288,0.4381502900787569,1,MASTER_ONLY_CV,,correct,0.067414399044125,moderate
2.0,34.0,VAR_002343,1,0.8628304452792086,0.3589974365481315,0.4381502900787569,1,MASTER_ONLY_CV,,correct,0.4246801552004517,high
2.0,35.0,VAR_004330,0,0.0684684136041771,0.3589974365481315,0.4381502900787569,0,MASTER_ONLY_CV,,correct,0.3696818764745798,high
3.0,36.0,VAR_000637,1,0.981258882979652,0.4381502900787569,0.4381502900787569,1,MASTER_ONLY_CV,,correct,0.5431085929008952,high
0.0,37.0,VAR_001186,1,0.7814076117947382,0.4552237562989291,0.4381502900787569,1,MASTER_ONLY_CV,,correct,0.3432573217159813,high
2.0,38.0,VAR_005545,0,0.029889374494771,0.3589974365481315,0.4381502900787569,0,MASTER_ONLY_CV,,correct,0.4082609155839859,high
4.0,40.0,VAR_005018,0,0.0294204127174133,0.2888357696077288,0.4381502900787569,0,MASTER_ONLY_CV,,correct,0.4087298773613436,high
1.0,42.0,VAR_005647,1,0.96947325276865,0.4676065299723352,0.4381502900787569,1,MASTER_ONLY_CV,,correct,0.5313229626898932,high
2.0,43.0,VAR_004634,0,0.11633952424072,0.3589974365481315,0.4381502900787569,0,MASTER_ONLY_CV,,correct,0.3218107658380369,high
4.0,44.0,VAR_002020,1,0.7682296898733039,0.2888357696077288,0.4381502900787569,1,MASTER_ONLY_CV,,correct,0.330079399794547,high
1.0,45.0,VAR_001239,1,0.9117229722476838,0.4676065299723352,0.4381502900787569,1,MASTER_ONLY_CV,,correct,0.47357268216892695,high
3.0,47.0,VAR_004829,1,0.817253652349639,0.4381502900787569,0.4381502900787569,1,MASTER_ONLY_CV,,correct,0.3791033622708821,high
0.0,48.0,VAR_001582,0,0.2957874744380034,0.4552237562989291,0.4381502900787569,0,MASTER_ONLY_CV,,correct,0.14236281564075348,moderate
2.0,50.0,VAR_004209,0,0.0869623492903019,0.3589974365481315,0.4381502900787569,0,MASTER_ONLY_CV,,correct,0.351187940788455,high
4.0,51.0,VAR_001548,1,0.2592702586569738,0.2888357696077288,0.4381502900787569,0,MASTER_ONLY_CV,,false_negative,0.1788800314217831,moderate
0.0,53.0,VAR_004466,1,0.9746691893643252,0.4552237562989291,0.4381502900787569,1,MASTER_ONLY_CV,,correct,0.5365188992855683,high
3.0,54.0,VAR_004873,1,0.83856781883421,0.4381502900787569,0.4381502900787569,1,MASTER_ONLY_CV,,correct,0.40041752875545317,high
3.0,56.0,VAR_005839,1,0.9290677512940386,0.4381502900787569,0.4381502900787569,1,MASTER_ONLY_CV,,correct,0.49091746121528174,high
0.0,58.0,VAR_000344,0,0.2829320951612438,0.4552237562989291,0.4381502900787569,0,MASTER_ONLY_CV,,correct,0.1552181949175131,moderate
1.0,59.0,VAR_000741,0,0.0139820007977472,0.4676065299723352,0.4381502900787569,0,MASTER_ONLY_CV,,correct,0.4241682892810097,high
4.0,60.0,VAR_000752,1,0.738833249715934,0.2888357696077288,0.4381502900787569,1,MASTER_ONLY_CV,,correct,0.3006829596371771,high
0.0,62.0,VAR_000132,0,0.1397860710737232,0.4552237562989291,0.4381502900787569,0,MASTER_ONLY_CV,,correct,0.2983642190050337,high
0.0,63.0,VAR_005138,1,0.6192142576801861,0.4552237562989291,0.4381502900787569,1,MASTER_ONLY_CV,,correct,0.18106396760142923,moderate
1.0,64.0,VAR_005771,1,0.8506952984235151,0.4676065299723352,0.4381502900787569,1,MASTER_ONLY_CV,,correct,0.4125450083447582,high
0.0,67.0,VAR_003641,0,0.4187113602497893,0.4552237562989291,0.4381502900787569,0,MASTER_ONLY_CV,,correct,0.01943892982896761,borderline
3.0,68.0,VAR_000438,0,0.7145869299076367,0.4381502900787569,0.4381502900787569,1,MASTER_ONLY_CV,,false_positive,0.27643663982887984,high
1.0,70.0,VAR_000853,1,0.8468507741207572,0.4676065299723352,0.4381502900787569,1,MASTER_ONLY_CV,,correct,0.40870048404200027,high
0.0,71.0,VAR_002211,1,0.6612566399078191,0.4552237562989291,0.4381502900787569,1,MASTER_ONLY_CV,,correct,0.22310634982906224,high
2.0,72.0,VAR_002235,0,0.6774787633781644,0.3589974365481315,0.4381502900787569,1,MASTER_ONLY_CV,,false_positive,0.23932847329940748,high
1.0,74.0,VAR_001432,0,0.2779710932888287,0.4676065299723352,0.4381502900787569,0,MASTER_ONLY_CV,,correct,0.1601791967899282,moderate
0.0,75.0,VAR_003334,1,0.9234851277236806,0.4552237562989291,0.4381502900787569,1,MASTER_ONLY_CV,,correct,0.48533483764492374,high
3.0,76.0,VAR_005614,1,0.9296261900748332,0.4381502900787569,0.4381502900787569,1,MASTER_ONLY_CV,,correct,0.49147589999607627,high
1.0,77.0,VAR_000414,1,0.2779710932888287,0.4676065299723352,0.4381502900787569,0,MASTER_ONLY_CV,,false_negative,0.1601791967899282,moderate
3.0,78.0,VAR_005881,0,0.6378295093770184,0.4381502900787569,0.4381502900787569,1,MASTER_ONLY_CV,,false_positive,0.19967921929826155,moderate
1.0,81.0,VAR_000086,1,0.692784496029491,0.4676065299723352,0.4381502900787569,1,MASTER_ONLY_CV,,correct,0.2546342059507341,high
1.0,82.0,VAR_000732,1,0.9704086830459504,0.4676065299723352,0.4381502900787569,1,MASTER_ONLY_CV,,correct,0.5322583929671936,high
3.0,83.0,VAR_004760,1,0.8421121186651609,0.4381502900787569,0.4381502900787569,1,MASTER_ONLY_CV,,correct,0.403961828586404,high
4.0,84.0,VAR_002218,1,0.9892925945133376,0.2888357696077288,0.4381502900787569,1,MASTER_ONLY_CV,,correct,0.5511423044345807,high
1.0,85.0,VAR_006065,1,0.839826543902872,0.4676065299723352,0.4381502900787569,1,MASTER_ONLY_CV,,correct,0.40167625382411515,high
4.0,86.0,VAR_005989,1,0.2955645450744821,0.2888357696077288,0.4381502900787569,0,MASTER_ONLY_CV,,false_negative,0.1425857450042748,moderate
4.0,87.0,VAR_006413,0,0.0741295470886175,0.2888357696077288,0.4381502900787569,0,MASTER_ONLY_CV,,correct,0.36402074299013937,high
2.0,88.0,VAR_001425,0,0.3374946423330536,0.3589974365481315,0.4381502900787569,0,MASTER_ONLY_CV,,correct,0.10065564774570329,moderate
1.0,89.0,VAR_000053,0,0.0501971979946957,0.4676065299723352,0.4381502900787569,0,MASTER_ONLY_CV,,correct,0.3879530920840612,high
1.0,91.0,VAR_006300,0,0.1790411764494756,0.4676065299723352,0.4381502900787569,0,MASTER_ONLY_CV,,correct,0.2591091136292813,high
3.0,92.0,VAR_000540,0,0.0483015319174063,0.4381502900787569,0.4381502900787569,0,MASTER_ONLY_CV,,correct,0.38984875816135056,high
3.0,93.0,VAR_004040,1,0.7087272650345182,0.4381502900787569,0.4381502900787569,1,MASTER_ONLY_CV,,correct,0.27057697495576133,high
3.0,95.0,VAR_003541,1,0.1993109318738488,0.4381502900787569,0.4381502900787569,0,MASTER_ONLY_CV,,false_negative,0.2388393582049081,high
4.0,96.0,VAR_005702,1,0.9833185328129914,0.2888357696077288,0.4381502900787569,1,MASTER_ONLY_CV,,correct,0.5451682427342346,high
4.0,97.0,VAR_003522,0,0.1014316775639104,0.2888357696077288,0.4381502900787569,0,MASTER_ONLY_CV,,correct,0.33671861251484647,high
0.0,100.0,VAR_004687,0,0.4480751456978855,0.4552237562989291,0.4381502900787569,1,MASTER_ONLY_CV,,false_positive,0.009924855619128592,borderline
3.0,101.0,VAR_005060,1,0.4281635838273097,0.4381502900787569,0.4381502900787569,0,MASTER_ONLY_CV,,false_negative,0.009986706251447208,borderline
1.0,105.0,VAR_002048,0,0.0212368734111639,0.4676065299723352,0.4381502900787569,0,MASTER_ONLY_CV,,correct,0.41691341666759296,high
3.0,106.0,VAR_005699,1,0.9761172859369311,0.4381502900787569,0.4381502900787569,1,MASTER_ONLY_CV,,correct,0.5379669958581743,high
0.0,107.0,VAR_005255,1,0.8921864636077543,0.4552237562989291,0.4381502900787569,1,MASTER_ONLY_CV,,correct,0.45403617352899744,high
3.0,108.0,VAR_004795,1,0.68832948438518,0.4381502900787569,0.4381502900787569,1,MASTER_ONLY_CV,,correct,0.25017919430642316,high
1.0,109.0,VAR_000800,0,0.00809688330205,0.4676065299723352,0.4381502900787569,0,MASTER_ONLY_CV,,correct,0.4300534067767069,high
2.0,111.0,VAR_003421,0,0.9851773451600446,0.3589974365481315,0.4381502900787569,1,MASTER_ONLY_CV,,false_positive,0.5470270550812877,high
1.0,113.0,VAR_000081,1,0.6236476438984128,0.4676065299723352,0.4381502900787569,1,MASTER_ONLY_CV,,correct,0.18549735381965587,moderate
4.0,114.0,VAR_000850,1,0.5071285656140455,0.2888357696077288,0.4381502900787569,1,MASTER_ONLY_CV,,correct,0.06897827553528862,moderate
4.0,115.0,VAR_003325,1,0.7646349366755497,0.2888357696077288,0.4381502900787569,1,MASTER_ONLY_CV,,correct,0.3264846465967928,high
0.0,116.0,VAR_005416,0,0.0268889114660846,0.4552237562989291,0.4381502900787569,0,MASTER_ONLY_CV,,correct,0.4112613786126723,high
0.0,117.0,VAR_006407,0,0.2767664091690879,0.4552237562989291,0.4381502900787569,0,MASTER_ONLY_CV,,correct,0.161383880909669,moderate
1.0,118.0,VAR_006584,1,0.882403567530812,0.4676065299723352,0.4381502900787569,1,MASTER_ONLY_CV,,correct,0.44425327745205506,high
2.0,119.0,VAR_005443,1,0.9334637847481332,0.3589974365481315,0.4381502900787569,1,MASTER_ONLY_CV,,correct,0.4953134946693763,high
0.0,120.0,VAR_003252,1,0.8914221022605885,0.4552237562989291,0.4381502900787569,1,MASTER_ONLY_CV,,correct,0.4532718121818316,high
2.0,122.0,VAR_005097,0,0.1292069942785753,0.3589974365481315,0.4381502900787569,0,MASTER_ONLY_CV,,correct,0.3089432958001816,high
1.0,123.0,VAR_003331,0,0.6547661706528711,0.4676065299723352,0.4381502900787569,1,MASTER_ONLY_CV,,false_positive,0.21661588057411424,high
1.0,124.0,VAR_000259,1,0.9107684445997176,0.4676065299723352,0.4381502900787569,1,MASTER_ONLY_CV,,correct,0.47261815452096073,high
3.0,125.0,VAR_001754,0,0.4324703636608598,0.4381502900787569,0.4381502900787569,0,MASTER_ONLY_CV,,correct,0.005679926417897108,borderline
2.0,128.0,VAR_003389,1,0.6181166696967025,0.3589974365481315,0.4381502900787569,1,MASTER_ONLY_CV,,correct,0.17996637961794565,moderate
2.0,130.0,VAR_004467,1,0.5044811984677842,0.3589974365481315,0.4381502900787569,1,MASTER_ONLY_CV,,correct,0.06633090838902728,moderate
4.0,131.0,VAR_000200,1,0.7082709584857608,0.2888357696077288,0.4381502900787569,1,MASTER_ONLY_CV,,correct,0.27012066840700394,high
0.0,132.0,VAR_005242,1,0.9249324679774746,0.4552237562989291,0.4381502900787569,1,MASTER_ONLY_CV,,correct,0.48678217789871775,high
3.0,133.0,VAR_005501,1,0.970814636180818,0.4381502900787569,0.4381502900787569,1,MASTER_ONLY_CV,,correct,0.532664346102061,high
4.0,135.0,VAR_005498,1,0.9741516434199162,0.2888357696077288,0.4381502900787569,1,MASTER_ONLY_CV,,correct,0.5360013533411594,high
2.0,136.0,VAR_005069,1,0.9653249217469968,0.3589974365481315,0.4381502900787569,1,MASTER_ONLY_CV,,correct,0.52717463166824,high
0.0,137.0,VAR_002092,0,0.1964811590036354,0.4552237562989291,0.4381502900787569,0,MASTER_ONLY_CV,,correct,0.24166913107512147,high
1.0,139.0,VAR_000790,1,0.811553216277294,0.4676065299723352,0.4381502900787569,1,MASTER_ONLY_CV,,correct,0.37340292619853716,high
0.0,140.0,VAR_002426,1,0.9677010605762522,0.4552237562989291,0.4381502900787569,1,MASTER_ONLY_CV,,correct,0.5295507704974953,high
2.0,141.0,VAR_006155,1,0.7081116948348207,0.3589974365481315,0.4381502900787569,1,MASTER_ONLY_CV,,correct,0.26996140475606384,high
2.0,142.0,VAR_004509,1,0.8482734528301611,0.3589974365481315,0.4381502900787569,1,MASTER_ONLY_CV,,correct,0.4101231627514042,high
4.0,143.0,VAR_000116,0,0.0214452405234789,0.2888357696077288,0.4381502900787569,0,MASTER_ONLY_CV,,correct,0.416705049555278,high
2.0,145.0,VAR_003013,0,0.0798186246825718,0.3589974365481315,0.4381502900787569,0,MASTER_ONLY_CV,,correct,0.3583316653961851,high
4.0,146.0,VAR_006532,0,0.3296734107970361,0.2888357696077288,0.4381502900787569,0,MASTER_ONLY_CV,,correct,0.10847687928172078,moderate
4.0,147.0,VAR_001690,0,0.5278943973432552,0.2888357696077288,0.4381502900787569,1,MASTER_ONLY_CV,,false_positive,0.08974410726449827,moderate
1.0,148.0,VAR_004258,0,0.0655639326029621,0.4676065299723352,0.4381502900787569,0,MASTER_ONLY_CV,,correct,0.37258635747579477,high
1.0,149.0,VAR_003384,1,0.9321449075447904,0.4676065299723352,0.4381502900787569,1,MASTER_ONLY_CV,,correct,0.4939946174660335,high
0.0,150.0,VAR_000981,1,0.7176631897597349,0.4552237562989291,0.4381502900787569,1,MASTER_ONLY_CV,,correct,0.279512899680978,high
4.0,151.0,VAR_003771,1,0.985468307280052,0.2888357696077288,0.4381502900787569,1,MASTER_ONLY_CV,,correct,0.547318017201295,high
4.0,153.0,VAR_001497,0,0.2592702586569738,0.2888357696077288,0.4381502900787569,0,MASTER_ONLY_CV,,correct,0.1788800314217831,moderate
0.0,157.0,VAR_000784,1,0.7440715687545618,0.4552237562989291,0.4381502900787569,1,MASTER_ONLY_CV,,correct,0.30592127867580493,high
4.0,158.0,VAR_000153,1,0.8357420335521899,0.2888357696077288,0.4381502900787569,1,MASTER_ONLY_CV,,correct,0.397591743473433,high
3.0,159.0,VAR_005152,0,0.1011316338887857,0.4381502900787569,0.4381502900787569,0,MASTER_ONLY_CV,,correct,0.3370186561899712,high
0.0,161.0,VAR_002798,0,0.0679004929228692,0.4552237562989291,0.4381502900787569,0,MASTER_ONLY_CV,,correct,0.3702497971558877,high
4.0,162.0,VAR_002180,1,0.979710875173126,0.2888357696077288,0.4381502900787569,1,MASTER_ONLY_CV,,correct,0.5415605850943692,high
3.0,163.0,VAR_004291,1,0.0993520300458512,0.4381502900787569,0.4381502900787569,0,MASTER_ONLY_CV,,false_negative,0.3387982600329057,high
2.0,164.0,VAR_006072,0,0.2359187797649855,0.3589974365481315,0.4381502900787569,0,MASTER_ONLY_CV,,correct,0.2022315103137714,high
0.0,165.0,VAR_001204,1,0.9133951672831914,0.4552237562989291,0.4381502900787569,1,MASTER_ONLY_CV,,correct,0.4752448772044345,high
2.0,166.0,VAR_002277,1,0.5072783402310139,0.3589974365481315,0.4381502900787569,1,MASTER_ONLY_CV,,correct,0.06912805015225704,moderate
2.0,171.0,VAR_000914,1,0.9751632158561768,0.3589974365481315,0.4381502900787569,1,MASTER_ONLY_CV,,correct,0.5370129257774199,high
1.0,172.0,VAR_002457,1,0.7732076650863846,0.4676065299723352,0.4381502900787569,1,MASTER_ONLY_CV,,correct,0.3350573750076277,high
0.0,173.0,VAR_006382,1,0.9147403342231866,0.4552237562989291,0.4381502900787569,1,MASTER_ONLY_CV,,correct,0.4765900441444297,high
1.0,174.0,VAR_006330,1,0.8188986306061495,0.4676065299723352,0.4381502900787569,1,MASTER_ONLY_CV,,correct,0.38074834052739265,high
4.0,175.0,VAR_006100,1,0.7780988325019839,0.2888357696077288,0.4381502900787569,1,MASTER_ONLY_CV,,correct,0.339948542423227,high
2.0,176.0,VAR_000382,1,0.1941056035942913,0.3589974365481315,0.4381502900787569,0,MASTER_ONLY_CV,,false_negative,0.2440446864844656,high
0.0,178.0,VAR_006429,0,0.680353905720816,0.4552237562989291,0.4381502900787569,1,MASTER_ONLY_CV,,false_positive,0.2422036156420591,high
1.0,179.0,VAR_001649,1,0.5425796713949016,0.4676065299723352,0.4381502900787569,1,MASTER_ONLY_CV,,correct,0.10442938131614471,moderate
3.0,180.0,VAR_006525,1,0.183832550840552,0.4381502900787569,0.4381502900787569,0,MASTER_ONLY_CV,,false_negative,0.2543177392382049,high
0.0,181.0,VAR_003086,0,0.6949522682148226,0.4552237562989291,0.4381502900787569,1,MASTER_ONLY_CV,,false_positive,0.2568019781360657,high
2.0,183.0,VAR_006115,0,0.9848932925505076,0.3589974365481315,0.4381502900787569,1,MASTER_ONLY_CV,,false_positive,0.5467430024717508,high
3.0,184.0,VAR_004598,0,0.1186395579428354,0.4381502900787569,0.4381502900787569,0,MASTER_ONLY_CV,,correct,0.3195107321359215,high
0.0,185.0,VAR_004511,1,0.6534583189059505,0.4552237562989291,0.4381502900787569,1,MASTER_ONLY_CV,,correct,0.21530802882719363,high
4.0,186.0,VAR_001359,1,0.5725967174053616,0.2888357696077288,0.4381502900787569,1,MASTER_ONLY_CV,,correct,0.13444642732660467,moderate
1.0,187.0,VAR_005952,1,0.8262905829111641,0.4676065299723352,0.4381502900787569,1,MASTER_ONLY_CV,,correct,0.3881402928324072,high
1.0,188.0,VAR_002024,1,0.8998390366988109,0.4676065299723352,0.4381502900787569,1,MASTER_ONLY_CV,,correct,0.46168874662005405,high
0.0,189.0,VAR_000558,0,0.7742869669563511,0.4552237562989291,0.4381502900787569,1,MASTER_ONLY_CV,,false_positive,0.33613667687759424,high
1.0,190.0,VAR_005438,1,0.94666099469846,0.4676065299723352,0.4381502900787569,1,MASTER_ONLY_CV,,correct,0.508510704619703,high
4.0,191.0,VAR_002158,1,0.9372899678896688,0.2888357696077288,0.4381502900787569,1,MASTER_ONLY_CV,,correct,0.4991396778109119,high
4.0,192.0,VAR_003318,1,0.8105933431454394,0.2888357696077288,0.4381502900787569,1,MASTER_ONLY_CV,,correct,0.3724430530666825,high
2.0,193.0,VAR_000404,0,0.9207443646994103,0.3589974365481315,0.4381502900787569,1,MASTER_ONLY_CV,,false_positive,0.48259407462065346,high
0.0,194.0,VAR_001746,0,0.157667172764458,0.4552237562989291,0.4381502900787569,0,MASTER_ONLY_CV,,correct,0.28048311731429887,high
3.0,195.0,VAR_002150,1,0.7889508615098146,0.4381502900787569,0.4381502900787569,1,MASTER_ONLY_CV,,correct,0.35080057143105775,high
3.0,196.0,VAR_001426,0,0.3189731170201724,0.4381502900787569,0.4381502900787569,0,MASTER_ONLY_CV,,correct,0.1191771730585845,moderate
3.0,198.0,VAR_002189,1,0.8490654843846914,0.4381502900787569,0.4381502900787569,1,MASTER_ONLY_CV,,correct,0.41091519430593454,high
2.0,200.0,VAR_006077,0,0.1251598922034911,0.3589974365481315,0.4381502900787569,0,MASTER_ONLY_CV,,correct,0.3129903978752658,high
1.0,201.0,VAR_006496,1,0.8938842804245274,0.4676065299723352,0.4381502900787569,1,MASTER_ONLY_CV,,correct,0.4557339903457705,high
4.0,202.0,VAR_001495,0,0.3477750422957074,0.2888357696077288,0.4381502900787569,0,MASTER_ONLY_CV,,correct,0.0903752477830495,moderate
4.0,207.0,VAR_006133,0,0.7366841279456466,0.2888357696077288,0.4381502900787569,1,MASTER_ONLY_CV,,false_positive,0.29853383786688975,high
2.0,211.0,VAR_000777,1,0.4500570568784255,0.3589974365481315,0.4381502900787569,1,MASTER_ONLY_CV,,correct,0.011906766799668622,borderline
4.0,212.0,VAR_002038,1,0.9370290746323078,0.2888357696077288,0.4381502900787569,1,MASTER_ONLY_CV,,correct,0.4988787845535509,high
1.0,213.0,VAR_003287,1,0.6321981529490761,0.4676065299723352,0.4381502900787569,1,MASTER_ONLY_CV,,correct,0.19404786287031922,moderate
1.0,215.0,VAR_002077,1,0.7459422037006457,0.4676065299723352,0.4381502900787569,1,MASTER_ONLY_CV,,correct,0.3077919136218888,high
4.0,216.0,VAR_000385,0,0.0410443942061584,0.2888357696077288,0.4381502900787569,0,MASTER_ONLY_CV,,correct,0.3971058958725985,high
2.0,217.0,VAR_004868,1,0.9581694678682496,0.3589974365481315,0.4381502900787569,1,MASTER_ONLY_CV,,correct,0.5200191777894927,high
4.0,218.0,VAR_001297,1,0.4425113075270324,0.2888357696077288,0.4381502900787569,1,MASTER_ONLY_CV,,correct,0.004361017448275495,borderline
1.0,219.0,VAR_000032,1,0.7769363185883367,0.4676065299723352,0.4381502900787569,1,MASTER_ONLY_CV,,correct,0.3387860285095798,high
2.0,221.0,VAR_001581,1,0.8024349022489424,0.3589974365481315,0.4381502900787569,1,MASTER_ONLY_CV,,correct,0.36428461217018554,high
1.0,222.0,VAR_002539,1,0.9274152126340992,0.4676065299723352,0.4381502900787569,1,MASTER_ONLY_CV,,correct,0.4892649225553423,high
4.0,223.0,VAR_000358,1,0.9406575741321268,0.2888357696077288,0.4381502900787569,1,MASTER_ONLY_CV,,correct,0.50250728405337,high
0.0,224.0,VAR_006379,1,0.9238153740607078,0.4552237562989291,0.4381502900787569,1,MASTER_ONLY_CV,,correct,0.4856650839819509,high
0.0,225.0,VAR_005885,0,0.1929037061210304,0.4552237562989291,0.4381502900787569,0,MASTER_ONLY_CV,,correct,0.2452465839577265,high
1.0,228.0,VAR_001996,1,0.8840773861868445,0.4676065299723352,0.4381502900787569,1,MASTER_ONLY_CV,,correct,0.4459270961080876,high
3.0,229.0,VAR_004116,0,0.1155904092244517,0.4381502900787569,0.4381502900787569,0,MASTER_ONLY_CV,,correct,0.3225598808543052,high
4.0,231.0,VAR_000714,1,0.9199986638124816,0.2888357696077288,0.4381502900787569,1,MASTER_ONLY_CV,,correct,0.48184837373372474,high
4.0,233.0,VAR_003420,1,0.5336002722538127,0.2888357696077288,0.4381502900787569,1,MASTER_ONLY_CV,,correct,0.09544998217505579,moderate
1.0,235.0,VAR_000114,1,0.5313945968421866,0.4676065299723352,0.4381502900787569,1,MASTER_ONLY_CV,,correct,0.09324430676342971,moderate
3.0,237.0,VAR_003253,0,0.6749692732008651,0.4381502900787569,0.4381502900787569,1,MASTER_ONLY_CV,,false_positive,0.2368189831221082,high
1.0,238.0,VAR_005950,0,0.2272948136477273,0.4676065299723352,0.4381502900787569,0,MASTER_ONLY_CV,,correct,0.2108554764310296,high
1.0,239.0,VAR_006284,1,0.5002844309098077,0.4676065299723352,0.4381502900787569,1,MASTER_ONLY_CV,,correct,0.06213414083105079,moderate
2.0,240.0,VAR_001662,0,0.6755384761038081,0.3589974365481315,0.4381502900787569,1,MASTER_ONLY_CV,,false_positive,0.23738818602505124,high
2.0,244.0,VAR_000325,0,0.1292668079790519,0.3589974365481315,0.4381502900787569,0,MASTER_ONLY_CV,,correct,0.30888348209970495,high
0.0,245.0,VAR_001571,1,0.2957874744380034,0.4552237562989291,0.4381502900787569,0,MASTER_ONLY_CV,,false_negative,0.14236281564075348,moderate
2.0,247.0,VAR_005698,1,0.9940000425202752,0.3589974365481315,0.4381502900787569,1,MASTER_ONLY_CV,,correct,0.5558497524415182,high
2.0,248.0,VAR_005964,1,0.7838851691032144,0.3589974365481315,0.4381502900787569,1,MASTER_ONLY_CV,,correct,0.3457348790244575,high
2.0,249.0,VAR_006082,1,0.8706028134337922,0.3589974365481315,0.4381502900787569,1,MASTER_ONLY_CV,,correct,0.4324525233550353,high
2.0,250.0,VAR_005164,1,0.896492646346117,0.3589974365481315,0.4381502900787569,1,MASTER_ONLY_CV,,correct,0.45834235626736014,high
0.0,252.0,VAR_000284,1,0.948553505182187,0.4552237562989291,0.4381502900787569,1,MASTER_ONLY_CV,,correct,0.5104032151034301,high
4.0,253.0,VAR_001336,1,0.5689084527843287,0.2888357696077288,0.4381502900787569,1,MASTER_ONLY_CV,,correct,0.13075816270557178,moderate
3.0,254.0,VAR_005219,0,0.1402811533180168,0.4381502900787569,0.4381502900787569,0,MASTER_ONLY_CV,,correct,0.2978691367607401,high
0.0,255.0,VAR_000186,1,0.9292631835271716,0.4552237562989291,0.4381502900787569,1,MASTER_ONLY_CV,,correct,0.49111289344841474,high
2.0,256.0,VAR_002278,1,0.9681882528932766,0.3589974365481315,0.4381502900787569,1,MASTER_ONLY_CV,,correct,0.5300379628145198,high
2.0,257.0,VAR_005718,1,0.2921604451458997,0.3589974365481315,0.4381502900787569,0,MASTER_ONLY_CV,,false_negative,0.14598984493285716,moderate
0.0,260.0,VAR_003450,1,0.9286383281162294,0.4552237562989291,0.4381502900787569,1,MASTER_ONLY_CV,,correct,0.4904880380374725,high
2.0,262.0,VAR_001346,1,0.5399266826870645,0.3589974365481315,0.4381502900787569,1,MASTER_ONLY_CV,,correct,0.10177639260830756,moderate
3.0,263.0,VAR_005921,1,0.8736581870510931,0.4381502900787569,0.4381502900787569,1,MASTER_ONLY_CV,,correct,0.4355078969723362,high
3.0,265.0,VAR_005212,1,0.9041178929584848,0.4381502900787569,0.4381502900787569,1,MASTER_ONLY_CV,,correct,0.4659676028797279,high
2.0,266.0,VAR_006051,1,0.9525860581675824,0.3589974365481315,0.4381502900787569,1,MASTER_ONLY_CV,,correct,0.5144357680888254,high
1.0,267.0,VAR_000435,1,0.5942848270847985,0.4676065299723352,0.4381502900787569,1,MASTER_ONLY_CV,,correct,0.15613453700604157,moderate
2.0,268.0,VAR_006012,0,0.193150462825016,0.3589974365481315,0.4381502900787569,0,MASTER_ONLY_CV,,correct,0.2449998272537409,high
2.0,269.0,VAR_000138,1,0.8768467930864852,0.3589974365481315,0.4381502900787569,1,MASTER_ONLY_CV,,correct,0.4386965030077283,high
2.0,270.0,VAR_000389,1,0.2049434309898187,0.3589974365481315,0.4381502900787569,0,MASTER_ONLY_CV,,false_negative,0.23320685908893818,high
1.0,272.0,VAR_003530,1,0.1519892765221421,0.4676065299723352,0.4381502900787569,0,MASTER_ONLY_CV,,false_negative,0.2861610135566148,high
3.0,273.0,VAR_001284,1,0.3524337899278683,0.4381502900787569,0.4381502900787569,0,MASTER_ONLY_CV,,false_negative,0.08571650015088861,moderate
4.0,274.0,VAR_004844,1,0.861173495507612,0.2888357696077288,0.4381502900787569,1,MASTER_ONLY_CV,,correct,0.42302320542885513,high
2.0,275.0,VAR_003995,1,0.9350371530334608,0.3589974365481315,0.4381502900787569,1,MASTER_ONLY_CV,,correct,0.4968868629547039,high
4.0,276.0,VAR_003268,1,0.8562447937573638,0.2888357696077288,0.4381502900787569,1,MASTER_ONLY_CV,,correct,0.41809450367860695,high
3.0,277.0,VAR_002310,1,0.0313262747821269,0.4381502900787569,0.4381502900787569,0,MASTER_ONLY_CV,,false_negative,0.40682401529663,high
1.0,278.0,VAR_000982,0,0.9818571326370422,0.4676065299723352,0.4381502900787569,1,MASTER_ONLY_CV,,false_positive,0.5437068425582854,high
1.0,279.0,VAR_003403,1,0.7500861842658884,0.4676065299723352,0.4381502900787569,1,MASTER_ONLY_CV,,correct,0.31193589418713147,high
1.0,280.0,VAR_000311,0,0.5346233586549521,0.4676065299723352,0.4381502900787569,1,MASTER_ONLY_CV,,false_positive,0.09647306857619525,moderate
2.0,281.0,VAR_003507,0,0.1607917771011789,0.3589974365481315,0.4381502900787569,0,MASTER_ONLY_CV,,correct,0.27735851297757796,high
0.0,282.0,VAR_005386,0,0.191064813848402,0.4552237562989291,0.4381502900787569,0,MASTER_ONLY_CV,,correct,0.2470854762303549,high
1.0,284.0,VAR_005980,0,0.1197204007205774,0.4676065299723352,0.4381502900787569,0,MASTER_ONLY_CV,,correct,0.3184298893581795,high
2.0,285.0,VAR_005425,0,0.3559414899068486,0.3589974365481315,0.4381502900787569,0,MASTER_ONLY_CV,,correct,0.08220880017190829,moderate
2.0,286.0,VAR_004983,1,0.9897779648069144,0.3589974365481315,0.4381502900787569,1,MASTER_ONLY_CV,,correct,0.5516276747281574,high
3.0,287.0,VAR_002480,1,0.9398549307163908,0.4381502900787569,0.4381502900787569,1,MASTER_ONLY_CV,,correct,0.501704640637634,high
2.0,289.0,VAR_005415,1,0.990585959110892,0.3589974365481315,0.4381502900787569,1,MASTER_ONLY_CV,,correct,0.552435669032135,high
4.0,290.0,VAR_003863,1,0.9089756526730248,0.2888357696077288,0.4381502900787569,1,MASTER_ONLY_CV,,correct,0.47082536259426794,high
1.0,291.0,VAR_005969,0,0.4651136635547996,0.4676065299723352,0.4381502900787569,1,MASTER_ONLY_CV,,false_positive,0.026963373476042718,borderline
1.0,293.0,VAR_001178,1,0.9449906718156404,0.4676065299723352,0.4381502900787569,1,MASTER_ONLY_CV,,correct,0.5068403817368836,high
3.0,294.0,VAR_003333,1,0.8185550365242791,0.4381502900787569,0.4381502900787569,1,MASTER_ONLY_CV,,correct,0.3804047464455222,high
1.0,295.0,VAR_006337,1,0.2948873027335139,0.4676065299723352,0.4381502900787569,0,MASTER_ONLY_CV,,false_negative,0.143262987345243,moderate
3.0,296.0,VAR_004899,1,0.9060870207333817,0.4381502900787569,0.4381502900787569,1,MASTER_ONLY_CV,,correct,0.46793673065462477,high
4.0,297.0,VAR_001177,1,0.9707753709217404,0.2888357696077288,0.4381502900787569,1,MASTER_ONLY_CV,,correct,0.5326250808429835,high
4.0,298.0,VAR_005169,1,0.795205694313338,0.2888357696077288,0.4381502900787569,1,MASTER_ONLY_CV,,correct,0.3570554042345811,high
0.0,299.0,VAR_000123,0,0.0896959229130208,0.4552237562989291,0.4381502900787569,0,MASTER_ONLY_CV,,correct,0.3484543671657361,high
0.0,300.0,VAR_005609,1,0.9905166627262282,0.4552237562989291,0.4381502900787569,1,MASTER_ONLY_CV,,correct,0.5523663726474712,high
4.0,301.0,VAR_002315,1,0.5652121867924816,0.2888357696077288,0.4381502900787569,1,MASTER_ONLY_CV,,correct,0.12706189671372475,moderate
4.0,302.0,VAR_003818,0,0.1802710550769423,0.2888357696077288,0.4381502900787569,0,MASTER_ONLY_CV,,correct,0.2578792350018146,high
1.0,303.0,VAR_003626,0,0.2932251103266386,0.4676065299723352,0.4381502900787569,0,MASTER_ONLY_CV,,correct,0.14492517975211827,moderate
0.0,304.0,VAR_005821,0,0.0879915698259659,0.4552237562989291,0.4381502900787569,0,MASTER_ONLY_CV,,correct,0.350158720252791,high
1.0,305.0,VAR_004079,1,0.9783631602481184,0.4676065299723352,0.4381502900787569,1,MASTER_ONLY_CV,,correct,0.5402128701693616,high
1.0,306.0,VAR_005607,1,0.158985904797704,0.4676065299723352,0.4381502900787569,0,MASTER_ONLY_CV,,false_negative,0.2791643852810529,high
3.0,307.0,VAR_000356,0,0.0218055449722232,0.4381502900787569,0.4381502900787569,0,MASTER_ONLY_CV,,correct,0.4163447451065337,high
2.0,308.0,VAR_000064,1,0.6658852975707628,0.3589974365481315,0.4381502900787569,1,MASTER_ONLY_CV,,correct,0.22773500749200587,high
2.0,312.0,VAR_003671,1,0.986070081666449,0.3589974365481315,0.4381502900787569,1,MASTER_ONLY_CV,,correct,0.5479197915876921,high
0.0,313.0,VAR_000345,1,0.9317906114175456,0.4552237562989291,0.4381502900787569,1,MASTER_ONLY_CV,,correct,0.4936403213387887,high
3.0,314.0,VAR_005714,1,0.801832195039499,0.4381502900787569,0.4381502900787569,1,MASTER_ONLY_CV,,correct,0.3636819049607421,high
1.0,315.0,VAR_002843,1,0.6443552908896354,0.4676065299723352,0.4381502900787569,1,MASTER_ONLY_CV,,correct,0.2062050008108785,high
2.0,316.0,VAR_001373,0,0.3374946423330536,0.3589974365481315,0.4381502900787569,0,MASTER_ONLY_CV,,correct,0.10065564774570329,moderate
4.0,317.0,VAR_000072,1,0.9089660329138156,0.2888357696077288,0.4381502900787569,1,MASTER_ONLY_CV,,correct,0.4708157428350587,high
2.0,318.0,VAR_006001,1,0.1501328070692084,0.3589974365481315,0.4381502900787569,0,MASTER_ONLY_CV,,false_negative,0.2880174830095485,high
0.0,320.0,VAR_001837,1,0.2235765133296146,0.4552237562989291,0.4381502900787569,0,MASTER_ONLY_CV,,false_negative,0.2145737767491423,high
3.0,321.0,VAR_003051,0,0.5348203609765353,0.4381502900787569,0.4381502900787569,1,MASTER_ONLY_CV,,false_positive,0.0966700708977784,moderate
0.0,322.0,VAR_006255,0,0.0099431910034369,0.4552237562989291,0.4381502900787569,0,MASTER_ONLY_CV,,correct,0.42820709907532,high
2.0,324.0,VAR_005191,1,0.7327116998992949,0.3589974365481315,0.4381502900787569,1,MASTER_ONLY_CV,,correct,0.29456140982053797,high
4.0,325.0,VAR_002568,0,0.1247595392532736,0.2888357696077288,0.4381502900787569,0,MASTER_ONLY_CV,,correct,0.3133907508254833,high
1.0,326.0,VAR_006460,1,0.9847186503264772,0.4676065299723352,0.4381502900787569,1,MASTER_ONLY_CV,,correct,0.5465683602477203,high
2.0,327.0,VAR_000840,1,0.9389699221777632,0.3589974365481315,0.4381502900787569,1,MASTER_ONLY_CV,,correct,0.5008196320990064,high
1.0,328.0,VAR_001329,0,0.2858776585068276,0.4676065299723352,0.4381502900787569,0,MASTER_ONLY_CV,,correct,0.15227263157192927,moderate
0.0,329.0,VAR_000755,0,0.6004156784645629,0.4552237562989291,0.4381502900787569,1,MASTER_ONLY_CV,,false_positive,0.162265388385806,moderate
0.0,330.0,VAR_004900,1,0.9055542067754224,0.4552237562989291,0.4381502900787569,1,MASTER_ONLY_CV,,correct,0.46740391669666553,high
0.0,331.0,VAR_005837,1,0.1922001179998699,0.4552237562989291,0.4381502900787569,0,MASTER_ONLY_CV,,false_negative,0.24595017207888697,high
1.0,332.0,VAR_003766,1,0.9860117555172574,0.4676065299723352,0.4381502900787569,1,MASTER_ONLY_CV,,correct,0.5478614654385006,high
2.0,333.0,VAR_003515,1,0.8955477760519931,0.3589974365481315,0.4381502900787569,1,MASTER_ONLY_CV,,correct,0.4573974859732362,high
0.0,334.0,VAR_006348,1,0.9775619846714614,0.4552237562989291,0.4381502900787569,1,MASTER_ONLY_CV,,correct,0.5394116945927045,high
1.0,335.0,VAR_003927,1,0.8697261453896579,0.4676065299723352,0.4381502900787569,1,MASTER_ONLY_CV,,correct,0.431575855310901,high
1.0,336.0,VAR_005850,0,0.3983762401446457,0.4676065299723352,0.4381502900787569,0,MASTER_ONLY_CV,,correct,0.03977404993411121,borderline
0.0,338.0,VAR_005540,1,0.9093013005163918,0.4552237562989291,0.4381502900787569,1,MASTER_ONLY_CV,,correct,0.4711510104376349,high
2.0,339.0,VAR_000847,1,0.9953794923754476,0.3589974365481315,0.4381502900787569,1,MASTER_ONLY_CV,,correct,0.5572292022966907,high
2.0,340.0,VAR_003854,1,0.5946591852652722,0.3589974365481315,0.4381502900787569,1,MASTER_ONLY_CV,,correct,0.15650889518651528,moderate
3.0,341.0,VAR_006338,1,0.9621082875584128,0.4381502900787569,0.4381502900787569,1,MASTER_ONLY_CV,,correct,0.523957997479656,high
4.0,342.0,VAR_001051,0,0.5777718704629901,0.2888357696077288,0.4381502900787569,1,MASTER_ONLY_CV,,false_positive,0.13962158038423317,moderate
1.0,343.0,VAR_005337,1,0.9312127074949892,0.4676065299723352,0.4381502900787569,1,MASTER_ONLY_CV,,correct,0.4930624174162323,high
3.0,344.0,VAR_000753,1,0.9321844884190956,0.4381502900787569,0.4381502900787569,1,MASTER_ONLY_CV,,correct,0.49403419834033874,high
3.0,345.0,VAR_002043,1,0.6998859366409901,0.4381502900787569,0.4381502900787569,1,MASTER_ONLY_CV,,correct,0.2617356465622332,high
1.0,346.0,VAR_002726,0,0.9213180128870836,0.4676065299723352,0.4381502900787569,1,MASTER_ONLY_CV,,false_positive,0.4831677228083267,high
1.0,347.0,VAR_002185,1,0.9435786719199992,0.4676065299723352,0.4381502900787569,1,MASTER_ONLY_CV,,correct,0.5054283818412424,high
4.0,348.0,VAR_001391,1,0.2611480643415332,0.2888357696077288,0.4381502900787569,0,MASTER_ONLY_CV,,false_negative,0.17700222573722368,moderate
2.0,349.0,VAR_005345,0,0.1269816358881147,0.3589974365481315,0.4381502900787569,0,MASTER_ONLY_CV,,correct,0.3111686541906422,high
1.0,351.0,VAR_004445,0,0.5720898452762796,0.4676065299723352,0.4381502900787569,1,MASTER_ONLY_CV,,false_positive,0.1339395551975227,moderate
1.0,352.0,VAR_000369,0,0.3201550732223449,0.4676065299723352,0.4381502900787569,0,MASTER_ONLY_CV,,correct,0.11799521685641201,moderate
3.0,353.0,VAR_005440,1,0.8604824811131041,0.4381502900787569,0.4381502900787569,1,MASTER_ONLY_CV,,correct,0.4223321910343472,high
0.0,354.0,VAR_005794,1,0.9140670553929152,0.4552237562989291,0.4381502900787569,1,MASTER_ONLY_CV,,correct,0.47591676531415833,high
0.0,355.0,VAR_006466,1,0.1113439582726204,0.4552237562989291,0.4381502900787569,0,MASTER_ONLY_CV,,false_negative,0.3268063318061365,high
1.0,356.0,VAR_000512,1,0.9328310767277376,0.4676065299723352,0.4381502900787569,1,MASTER_ONLY_CV,,correct,0.4946807866489807,high
2.0,357.0,VAR_001508,0,0.3374946423330536,0.3589974365481315,0.4381502900787569,0,MASTER_ONLY_CV,,correct,0.10065564774570329,moderate
1.0,358.0,VAR_003510,1,0.0806441768293685,0.4676065299723352,0.4381502900787569,0,MASTER_ONLY_CV,,false_negative,0.3575061132493884,high
1.0,359.0,VAR_002136,1,0.9761681147570768,0.4676065299723352,0.4381502900787569,1,MASTER_ONLY_CV,,correct,0.5380178246783198,high
3.0,360.0,VAR_006198,1,0.859058911082505,0.4381502900787569,0.4381502900787569,1,MASTER_ONLY_CV,,correct,0.4209086210037481,high
2.0,361.0,VAR_000115,1,0.916359236702001,0.3589974365481315,0.4381502900787569,1,MASTER_ONLY_CV,,correct,0.47820894662324415,high
0.0,362.0,VAR_000056,0,0.1437608668505859,0.4552237562989291,0.4381502900787569,0,MASTER_ONLY_CV,,correct,0.29438942322817097,high
0.0,365.0,VAR_004808,1,0.8890369042174394,0.4552237562989291,0.4381502900787569,1,MASTER_ONLY_CV,,correct,0.45088661413868253,high
0.0,366.0,VAR_005711,1,0.6633612989311026,0.4552237562989291,0.4381502900787569,1,MASTER_ONLY_CV,,correct,0.22521100885234574,high
4.0,367.0,VAR_002789,1,0.5637216178154809,0.2888357696077288,0.4381502900787569,1,MASTER_ONLY_CV,,correct,0.12557132773672403,moderate
1.0,368.0,VAR_000449,1,0.681842182520973,0.4676065299723352,0.4381502900787569,1,MASTER_ONLY_CV,,correct,0.24369189244221606,high
3.0,370.0,VAR_004308,1,0.1997559747254044,0.4381502900787569,0.4381502900787569,0,MASTER_ONLY_CV,,false_negative,0.23839431535335248,high
4.0,371.0,VAR_001447,0,0.7054326861036402,0.2888357696077288,0.4381502900787569,1,MASTER_ONLY_CV,,false_positive,0.2672823960248833,high
0.0,373.0,VAR_003509,0,0.083175956673051,0.4552237562989291,0.4381502900787569,0,MASTER_ONLY_CV,,correct,0.3549743334057059,high
3.0,374.0,VAR_005477,1,0.908704217823428,0.4381502900787569,0.4381502900787569,1,MASTER_ONLY_CV,,correct,0.47055392774467114,high
2.0,375.0,VAR_004049,0,0.082811178738916,0.3589974365481315,0.4381502900787569,0,MASTER_ONLY_CV,,correct,0.35533911133984086,high
3.0,376.0,VAR_002203,1,0.9572753016471044,0.4381502900787569,0.4381502900787569,1,MASTER_ONLY_CV,,correct,0.5191250115683474,high
0.0,378.0,VAR_004089,1,0.9446967361414464,0.4552237562989291,0.4381502900787569,1,MASTER_ONLY_CV,,correct,0.5065464460626896,high
4.0,379.0,VAR_005728,0,0.2389592436675949,0.2888357696077288,0.4381502900787569,0,MASTER_ONLY_CV,,correct,0.19919104641116198,moderate
1.0,382.0,VAR_003020,1,0.7084471732207331,0.4676065299723352,0.4381502900787569,1,MASTER_ONLY_CV,,correct,0.27029688314197625,high
0.0,383.0,VAR_002085,0,0.028491324225683,0.4552237562989291,0.4381502900787569,0,MASTER_ONLY_CV,,correct,0.4096589658530739,high
1.0,384.0,VAR_005315,1,0.9464521986416008,0.4676065299723352,0.4381502900787569,1,MASTER_ONLY_CV,,correct,0.508301908562844,high
3.0,385.0,VAR_001794,1,0.8176895853066122,0.4381502900787569,0.4381502900787569,1,MASTER_ONLY_CV,,correct,0.3795392952278553,high
4.0,386.0,VAR_000759,0,0.5714544577710082,0.2888357696077288,0.4381502900787569,1,MASTER_ONLY_CV,,false_positive,0.13330416769225134,moderate
4.0,389.0,VAR_004945,1,0.8851016583261806,0.2888357696077288,0.4381502900787569,1,MASTER_ONLY_CV,,correct,0.4469513682474237,high
1.0,391.0,VAR_005310,1,0.5027759135808968,0.4676065299723352,0.4381502900787569,1,MASTER_ONLY_CV,,correct,0.0646256235021399,moderate
1.0,392.0,VAR_003769,1,0.8310306066076238,0.4676065299723352,0.4381502900787569,1,MASTER_ONLY_CV,,correct,0.39288031652886696,high
2.0,393.0,VAR_002019,1,0.9916979795665746,0.3589974365481315,0.4381502900787569,1,MASTER_ONLY_CV,,correct,0.5535476894878177,high
4.0,394.0,VAR_000060,1,0.6821046289421655,0.2888357696077288,0.4381502900787569,1,MASTER_ONLY_CV,,correct,0.24395433886340862,high
3.0,396.0,VAR_003513,1,0.7983860193857248,0.4381502900787569,0.4381502900787569,1,MASTER_ONLY_CV,,correct,0.36023572930696796,high
4.0,397.0,VAR_004015,1,0.8328836836772517,0.2888357696077288,0.4381502900787569,1,MASTER_ONLY_CV,,correct,0.39473339359849485,high
1.0,398.0,VAR_005797,1,0.7345998948578709,0.4676065299723352,0.4381502900787569,1,MASTER_ONLY_CV,,correct,0.29644960477911403,high
0.0,401.0,VAR_006034,1,0.9127579072615696,0.4552237562989291,0.4381502900787569,1,MASTER_ONLY_CV,,correct,0.4746076171828127,high
3.0,402.0,VAR_005763,1,0.7563309002326277,0.4381502900787569,0.4381502900787569,1,MASTER_ONLY_CV,,correct,0.31818061015387084,high
4.0,403.0,VAR_005478,0,0.2064210506062739,0.2888357696077288,0.4381502900787569,0,MASTER_ONLY_CV,,correct,0.231729239472483,high
3.0,404.0,VAR_005708,0,0.0067214825338098,0.4381502900787569,0.4381502900787569,0,MASTER_ONLY_CV,,correct,0.4314288075449471,high
1.0,405.0,VAR_004069,1,0.8098685131830562,0.4676065299723352,0.4381502900787569,1,MASTER_ONLY_CV,,correct,0.3717182231042993,high
3.0,406.0,VAR_004026,1,0.956312980162534,0.4381502900787569,0.4381502900787569,1,MASTER_ONLY_CV,,correct,0.518162690083777,high
4.0,407.0,VAR_005436,1,0.9896615491282494,0.2888357696077288,0.4381502900787569,1,MASTER_ONLY_CV,,correct,0.5515112590494926,high
3.0,408.0,VAR_006576,1,0.9499638701007834,0.4381502900787569,0.4381502900787569,1,MASTER_ONLY_CV,,correct,0.5118135800220265,high
1.0,410.0,VAR_004059,1,0.9407768719681066,0.4676065299723352,0.4381502900787569,1,MASTER_ONLY_CV,,correct,0.5026265818893496,high
3.0,411.0,VAR_004005,1,0.9478208844462164,0.4381502900787569,0.4381502900787569,1,MASTER_ONLY_CV,,correct,0.5096705943674595,high
4.0,412.0,VAR_001227,1,0.4231258997609891,0.2888357696077288,0.4381502900787569,0,MASTER_ONLY_CV,,false_negative,0.01502439031776781,borderline
3.0,413.0,VAR_005555,1,0.9846175384754556,0.4381502900787569,0.4381502900787569,1,MASTER_ONLY_CV,,correct,0.5464672483966988,high
4.0,414.0,VAR_005216,1,0.8993846175770533,0.2888357696077288,0.4381502900787569,1,MASTER_ONLY_CV,,correct,0.46123432749829646,high
1.0,415.0,VAR_000461,1,0.8574569200620779,0.4676065299723352,0.4381502900787569,1,MASTER_ONLY_CV,,correct,0.41930662998332097,high
3.0,416.0,VAR_003584,0,0.023030932937559,0.4381502900787569,0.4381502900787569,0,MASTER_ONLY_CV,,correct,0.4151193571411979,high
4.0,417.0,VAR_001604,1,0.7002726490539152,0.2888357696077288,0.4381502900787569,1,MASTER_ONLY_CV,,correct,0.2621223589751583,high
1.0,418.0,VAR_002533,1,0.4809601455742524,0.4676065299723352,0.4381502900787569,1,MASTER_ONLY_CV,,correct,0.042809855495495486,borderline
3.0,419.0,VAR_004136,1,0.7063685580090793,0.4381502900787569,0.4381502900787569,1,MASTER_ONLY_CV,,correct,0.2682182679303224,high
1.0,420.0,VAR_005485,1,0.9584937380186176,0.4676065299723352,0.4381502900787569,1,MASTER_ONLY_CV,,correct,0.5203434479398608,high
4.0,422.0,VAR_005836,1,0.91572902900921,0.2888357696077288,0.4381502900787569,1,MASTER_ONLY_CV,,correct,0.47757873893045316,high
2.0,424.0,VAR_005483,0,0.1887055842126611,0.3589974365481315,0.4381502900787569,0,MASTER_ONLY_CV,,correct,0.2494447058660958,high
4.0,425.0,VAR_002767,1,0.990859721954796,0.2888357696077288,0.4381502900787569,1,MASTER_ONLY_CV,,correct,0.552709431876039,high
0.0,426.0,VAR_000035,1,0.968306558045672,0.4552237562989291,0.4381502900787569,1,MASTER_ONLY_CV,,correct,0.5301562679669152,high
1.0,428.0,VAR_001813,0,0.4011774111671384,0.4676065299723352,0.4381502900787569,0,MASTER_ONLY_CV,,correct,0.03697287891161849,borderline
4.0,429.0,VAR_000648,0,0.1083003319204921,0.2888357696077288,0.4381502900787569,0,MASTER_ONLY_CV,,correct,0.3298499581582648,high
0.0,430.0,VAR_005721,1,0.1693452053994298,0.4552237562989291,0.4381502900787569,0,MASTER_ONLY_CV,,false_negative,0.26880508467932707,high
3.0,431.0,VAR_006140,1,0.8497526128212973,0.4381502900787569,0.4381502900787569,1,MASTER_ONLY_CV,,correct,0.41160232274254044,high
2.0,432.0,VAR_004490,1,0.982003487185133,0.3589974365481315,0.4381502900787569,1,MASTER_ONLY_CV,,correct,0.543853197106376,high
3.0,433.0,VAR_004001,1,0.9849091786856632,0.4381502900787569,0.4381502900787569,1,MASTER_ONLY_CV,,correct,0.5467588886069064,high
2.0,434.0,VAR_006106,1,0.9849814356262508,0.3589974365481315,0.4381502900787569,1,MASTER_ONLY_CV,,correct,0.5468311455474939,high
3.0,435.0,VAR_006403,0,0.1856028712557137,0.4381502900787569,0.4381502900787569,0,MASTER_ONLY_CV,,correct,0.2525474188230432,high
3.0,436.0,VAR_002004,1,0.9357975078194708,0.4381502900787569,0.4381502900787569,1,MASTER_ONLY_CV,,correct,0.4976472177407139,high
2.0,437.0,VAR_000749,0,0.975854130801446,0.3589974365481315,0.4381502900787569,1,MASTER_ONLY_CV,,false_positive,0.5377038407226891,high
2.0,438.0,VAR_003269,1,0.9201835067012144,0.3589974365481315,0.4381502900787569,1,MASTER_ONLY_CV,,correct,0.4820332166224575,high
0.0,439.0,VAR_002478,1,0.8698106271140285,0.4552237562989291,0.4381502900787569,1,MASTER_ONLY_CV,,correct,0.43166033703527157,high
3.0,440.0,VAR_004031,1,0.8560099563402224,0.4381502900787569,0.4381502900787569,1,MASTER_ONLY_CV,,correct,0.4178596662614655,high
2.0,441.0,VAR_006416,0,0.020291697317251,0.3589974365481315,0.4381502900787569,0,MASTER_ONLY_CV,,correct,0.4178585927615059,high
3.0,442.0,VAR_000583,0,0.9834953791834512,0.4381502900787569,0.4381502900787569,1,MASTER_ONLY_CV,,false_positive,0.5453450891046943,high
3.0,443.0,VAR_000113,1,0.9581821263806904,0.4381502900787569,0.4381502900787569,1,MASTER_ONLY_CV,,correct,0.5200318363019336,high
3.0,444.0,VAR_003883,0,0.3294932340410582,0.4381502900787569,0.4381502900787569,0,MASTER_ONLY_CV,,correct,0.10865705603769871,moderate
3.0,445.0,VAR_004862,1,0.8213143409174762,0.4381502900787569,0.4381502900787569,1,MASTER_ONLY_CV,,correct,0.38316405083871935,high
0.0,447.0,VAR_000525,0,0.1154095716261283,0.4552237562989291,0.4381502900787569,0,MASTER_ONLY_CV,,correct,0.3227407184526286,high
2.0,448.0,VAR_005546,1,0.9840674801309448,0.3589974365481315,0.4381502900787569,1,MASTER_ONLY_CV,,correct,0.545917190052188,high
2.0,449.0,VAR_004169,1,0.9870332964129548,0.3589974365481315,0.4381502900787569,1,MASTER_ONLY_CV,,correct,0.5488830063341978,high
3.0,452.0,VAR_002202,1,0.9703638407725697,0.4381502900787569,0.4381502900787569,1,MASTER_ONLY_CV,,correct,0.5322135506938128,high
3.0,453.0,VAR_002712,1,0.7586467264711895,0.4381502900787569,0.4381502900787569,1,MASTER_ONLY_CV,,correct,0.3204964363924326,high
0.0,454.0,VAR_001614,0,0.1948369204111595,0.4552237562989291,0.4381502900787569,0,MASTER_ONLY_CV,,correct,0.2433133696675974,high
3.0,455.0,VAR_001431,0,0.3294932340410582,0.4381502900787569,0.4381502900787569,0,MASTER_ONLY_CV,,correct,0.10865705603769871,moderate
0.0,456.0,VAR_004461,1,0.0282860212484357,0.4552237562989291,0.4381502900787569,0,MASTER_ONLY_CV,,false_negative,0.4098642688303212,high
1.0,457.0,VAR_002161,1,0.8193783354002582,0.4676065299723352,0.4381502900787569,1,MASTER_ONLY_CV,,correct,0.3812280453215013,high
4.0,458.0,VAR_004306,0,0.4555518981577537,0.2888357696077288,0.4381502900787569,1,MASTER_ONLY_CV,,false_positive,0.017401608078996822,borderline
4.0,459.0,VAR_004207,0,0.2662250270305345,0.2888357696077288,0.4381502900787569,0,MASTER_ONLY_CV,,correct,0.17192526304822237,moderate
3.0,460.0,VAR_000830,1,0.7937143801170696,0.4381502900787569,0.4381502900787569,1,MASTER_ONLY_CV,,correct,0.35556409003831274,high
1.0,461.0,VAR_001288,0,0.0687578666508776,0.4676065299723352,0.4381502900787569,0,MASTER_ONLY_CV,,correct,0.36939242342787926,high
0.0,462.0,VAR_003394,1,0.9525154275402382,0.4552237562989291,0.4381502900787569,1,MASTER_ONLY_CV,,correct,0.5143651374614813,high
0.0,463.0,VAR_002357,0,0.2135019101702069,0.4552237562989291,0.4381502900787569,0,MASTER_ONLY_CV,,correct,0.22464837990855,high
2.0,464.0,VAR_001296,1,0.5400325435211093,0.3589974365481315,0.4381502900787569,1,MASTER_ONLY_CV,,correct,0.10188225344235241,moderate
1.0,465.0,VAR_002041,1,0.5161657100311564,0.4676065299723352,0.4381502900787569,1,MASTER_ONLY_CV,,correct,0.07801541995239952,moderate
3.0,466.0,VAR_001412,0,0.3322130952210103,0.4381502900787569,0.4381502900787569,0,MASTER_ONLY_CV,,correct,0.10593719485774661,moderate
1.0,467.0,VAR_000502,0,0.1125474227582437,0.4676065299723352,0.4381502900787569,0,MASTER_ONLY_CV,,correct,0.3256028673205132,high
2.0,469.0,VAR_001987,0,0.2230474847343944,0.3589974365481315,0.4381502900787569,0,MASTER_ONLY_CV,,correct,0.2151028053443625,high
3.0,470.0,VAR_003750,1,0.9298770042810012,0.4381502900787569,0.4381502900787569,1,MASTER_ONLY_CV,,correct,0.4917267142022443,high
2.0,471.0,VAR_002927,0,0.0235569810279996,0.3589974365481315,0.4381502900787569,0,MASTER_ONLY_CV,,correct,0.4145933090507573,high
1.0,472.0,VAR_004604,0,0.2468950576047819,0.4676065299723352,0.4381502900787569,0,MASTER_ONLY_CV,,correct,0.191255232473975,moderate
0.0,475.0,VAR_001198,1,0.9788023147959432,0.4552237562989291,0.4381502900787569,1,MASTER_ONLY_CV,,correct,0.5406520247171862,high
4.0,476.0,VAR_002555,0,0.1065735143343413,0.2888357696077288,0.4381502900787569,0,MASTER_ONLY_CV,,correct,0.3315767757444156,high
0.0,478.0,VAR_006561,1,0.2604574594743196,0.4552237562989291,0.4381502900787569,0,MASTER_ONLY_CV,,false_negative,0.1776928306044373,moderate
0.0,479.0,VAR_003734,1,0.8948333684185524,0.4552237562989291,0.4381502900787569,1,MASTER_ONLY_CV,,correct,0.45668307833979555,high
2.0,480.0,VAR_003259,1,0.9802461227633718,0.3589974365481315,0.4381502900787569,1,MASTER_ONLY_CV,,correct,0.5420958326846148,high
1.0,482.0,VAR_000547,0,0.0454455788397433,0.4676065299723352,0.4381502900787569,0,MASTER_ONLY_CV,,correct,0.39270471123901357,high
0.0,483.0,VAR_000127,0,0.0432000376603612,0.4552237562989291,0.4381502900787569,0,MASTER_ONLY_CV,,correct,0.3949502524183957,high
0.0,484.0,VAR_006500,1,0.990092771960466,0.4552237562989291,0.4381502900787569,1,MASTER_ONLY_CV,,correct,0.5519424818817091,high
1.0,486.0,VAR_005572,0,0.1881552591319333,0.4676065299723352,0.4381502900787569,0,MASTER_ONLY_CV,,correct,0.2499950309468236,high
2.0,487.0,VAR_001236,1,0.2352422426490583,0.3589974365481315,0.4381502900787569,0,MASTER_ONLY_CV,,false_negative,0.2029080474296986,high
3.0,488.0,VAR_000075,0,0.6735378312710127,0.4381502900787569,0.4381502900787569,1,MASTER_ONLY_CV,,false_positive,0.23538754119225586,high
0.0,489.0,VAR_002491,1,0.7289014858296664,0.4552237562989291,0.4381502900787569,1,MASTER_ONLY_CV,,correct,0.2907511957509095,high
4.0,490.0,VAR_005012,1,0.0547800442982306,0.2888357696077288,0.4381502900787569,0,MASTER_ONLY_CV,,false_negative,0.3833702457805263,high
2.0,492.0,VAR_000710,0,0.0611742956513475,0.3589974365481315,0.4381502900787569,0,MASTER_ONLY_CV,,correct,0.37697599442740937,high
3.0,493.0,VAR_005149,0,0.1143771580140096,0.4381502900787569,0.4381502900787569,0,MASTER_ONLY_CV,,correct,0.3237731320647473,high
4.0,494.0,VAR_002371,0,0.019791638487928,0.2888357696077288,0.4381502900787569,0,MASTER_ONLY_CV,,correct,0.4183586515908289,high
1.0,495.0,VAR_005642,1,0.9492398504464789,0.4676065299723352,0.4381502900787569,1,MASTER_ONLY_CV,,correct,0.5110895603677219,high
1.0,496.0,VAR_000470,1,0.863512957640713,0.4676065299723352,0.4381502900787569,1,MASTER_ONLY_CV,,correct,0.4253626675619561,high
2.0,497.0,VAR_002153,1,0.920183212994179,0.3589974365481315,0.4381502900787569,1,MASTER_ONLY_CV,,correct,0.48203292291542216,high
1.0,498.0,VAR_003215,0,0.1449001829831282,0.4676065299723352,0.4381502900787569,0,MASTER_ONLY_CV,,correct,0.2932501070956287,high
0.0,500.0,VAR_004801,1,0.6327224787924408,0.4552237562989291,0.4381502900787569,1,MASTER_ONLY_CV,,correct,0.19457218871368392,moderate
1.0,502.0,VAR_004770,1,0.7820241756343869,0.4676065299723352,0.4381502900787569,1,MASTER_ONLY_CV,,correct,0.34387388555563,high
4.0,503.0,VAR_000672,1,0.8280014134305056,0.2888357696077288,0.4381502900787569,1,MASTER_ONLY_CV,,correct,0.3898511233517487,high
4.0,504.0,VAR_003142,1,0.8855676818468531,0.2888357696077288,0.4381502900787569,1,MASTER_ONLY_CV,,correct,0.4474173917680962,high
4.0,505.0,VAR_002382,0,0.7640584308809302,0.2888357696077288,0.4381502900787569,1,MASTER_ONLY_CV,,false_positive,0.3259081408021733,high
4.0,506.0,VAR_002467,1,0.906840543578397,0.2888357696077288,0.4381502900787569,1,MASTER_ONLY_CV,,correct,0.46869025349964016,high
1.0,508.0,VAR_005782,1,0.8621577214538446,0.4676065299723352,0.4381502900787569,1,MASTER_ONLY_CV,,correct,0.42400743137508773,high
2.0,509.0,VAR_002272,1,0.8616257546403979,0.3589974365481315,0.4381502900787569,1,MASTER_ONLY_CV,,correct,0.42347546456164104,high
1.0,511.0,VAR_004816,1,0.6271615758751492,0.4676065299723352,0.4381502900787569,1,MASTER_ONLY_CV,,correct,0.18901128579639231,moderate
1.0,512.0,VAR_005583,1,0.8202518106948307,0.4676065299723352,0.4381502900787569,1,MASTER_ONLY_CV,,correct,0.3821015206160738,high
2.0,513.0,VAR_003367,1,0.9442542326111194,0.3589974365481315,0.4381502900787569,1,MASTER_ONLY_CV,,correct,0.5061039425323626,high
4.0,514.0,VAR_005239,1,0.9207782741807938,0.2888357696077288,0.4381502900787569,1,MASTER_ONLY_CV,,correct,0.48262798410203694,high
3.0,515.0,VAR_001327,1,0.3322130952210103,0.4381502900787569,0.4381502900787569,0,MASTER_ONLY_CV,,false_negative,0.10593719485774661,moderate
2.0,516.0,VAR_006047,1,0.9668310160066452,0.3589974365481315,0.4381502900787569,1,MASTER_ONLY_CV,,correct,0.5286807259278883,high
0.0,518.0,VAR_006316,0,0.1028846608263241,0.4552237562989291,0.4381502900787569,0,MASTER_ONLY_CV,,correct,0.3352656292524328,high
1.0,519.0,VAR_003483,0,0.1749383501342655,0.4676065299723352,0.4381502900787569,0,MASTER_ONLY_CV,,correct,0.2632119399444914,high
2.0,520.0,VAR_005130,1,0.8003987194748614,0.3589974365481315,0.4381502900787569,1,MASTER_ONLY_CV,,correct,0.3622484293961045,high
0.0,521.0,VAR_004786,1,0.7026809546570034,0.4552237562989291,0.4381502900787569,1,MASTER_ONLY_CV,,correct,0.26453066457824653,high
1.0,522.0,VAR_006373,0,0.5833434890316814,0.4676065299723352,0.4381502900787569,1,MASTER_ONLY_CV,,false_positive,0.14519319895292454,moderate
2.0,523.0,VAR_003896,0,0.86859726475614,0.3589974365481315,0.4381502900787569,1,MASTER_ONLY_CV,,false_positive,0.4304469746773831,high
0.0,524.0,VAR_003321,1,0.9560316011932076,0.4552237562989291,0.4381502900787569,1,MASTER_ONLY_CV,,correct,0.5178813111144507,high
0.0,525.0,VAR_001477,1,0.6274542440460297,0.4552237562989291,0.4381502900787569,1,MASTER_ONLY_CV,,correct,0.1893039539672728,moderate
1.0,526.0,VAR_002638,1,0.9772065875782316,0.4676065299723352,0.4381502900787569,1,MASTER_ONLY_CV,,correct,0.5390562974994748,high
1.0,527.0,VAR_000644,1,0.8542732591577303,0.4676065299723352,0.4381502900787569,1,MASTER_ONLY_CV,,correct,0.41612296907897345,high
2.0,528.0,VAR_000465,0,0.1003725581778994,0.3589974365481315,0.4381502900787569,0,MASTER_ONLY_CV,,correct,0.33777773190085747,high
0.0,529.0,VAR_000816,1,0.944959265186082,0.4552237562989291,0.4381502900787569,1,MASTER_ONLY_CV,,correct,0.506808975107325,high
1.0,530.0,VAR_002264,1,0.6126194357139855,0.4676065299723352,0.4381502900787569,1,MASTER_ONLY_CV,,correct,0.17446914563522858,moderate
0.0,532.0,VAR_000275,1,0.6534791331057246,0.4552237562989291,0.4381502900787569,1,MASTER_ONLY_CV,,correct,0.2153288430269677,high
2.0,533.0,VAR_002846,1,0.8186706901938698,0.3589974365481315,0.4381502900787569,1,MASTER_ONLY_CV,,correct,0.38052040011511296,high
1.0,534.0,VAR_006490,1,0.8003709634457787,0.4676065299723352,0.4381502900787569,1,MASTER_ONLY_CV,,correct,0.36222067336702185,high
2.0,536.0,VAR_002362,1,0.9383256238248044,0.3589974365481315,0.4381502900787569,1,MASTER_ONLY_CV,,correct,0.5001753337460475,high
1.0,537.0,VAR_000221,1,0.7761665800047098,0.4676065299723352,0.4381502900787569,1,MASTER_ONLY_CV,,correct,0.33801628992595295,high
2.0,538.0,VAR_000009,1,0.2229596503740712,0.3589974365481315,0.4381502900787569,0,MASTER_ONLY_CV,,false_negative,0.2151906397046857,high
3.0,539.0,VAR_005898,0,0.3253726552838873,0.4381502900787569,0.4381502900787569,0,MASTER_ONLY_CV,,correct,0.11277763479486957,moderate
0.0,540.0,VAR_000332,1,0.9530016881012774,0.4552237562989291,0.4381502900787569,1,MASTER_ONLY_CV,,correct,0.5148513980225204,high
4.0,542.0,VAR_004022,1,0.882060790197727,0.2888357696077288,0.4381502900787569,1,MASTER_ONLY_CV,,correct,0.4439105001189701,high
0.0,543.0,VAR_004819,1,0.8266693658671506,0.4552237562989291,0.4381502900787569,1,MASTER_ONLY_CV,,correct,0.3885190757883937,high
3.0,544.0,VAR_000882,1,0.920306885423924,0.4381502900787569,0.4381502900787569,1,MASTER_ONLY_CV,,correct,0.48215659534516714,high
2.0,546.0,VAR_002802,1,0.988833432301914,0.3589974365481315,0.4381502900787569,1,MASTER_ONLY_CV,,correct,0.5506831422231571,high
2.0,548.0,VAR_003800,1,0.9464464570997202,0.3589974365481315,0.4381502900787569,1,MASTER_ONLY_CV,,correct,0.5082961670209634,high
1.0,549.0,VAR_002773,0,0.4517671168167972,0.4676065299723352,0.4381502900787569,1,MASTER_ONLY_CV,,false_positive,0.013616826738040322,borderline
0.0,550.0,VAR_003761,0,0.8469348434495232,0.4552237562989291,0.4381502900787569,1,MASTER_ONLY_CV,,false_positive,0.4087845533707663,high
2.0,551.0,VAR_005276,0,0.3264285459295316,0.3589974365481315,0.4381502900787569,0,MASTER_ONLY_CV,,correct,0.11172174414922531,moderate
3.0,552.0,VAR_005143,1,0.826794929900807,0.4381502900787569,0.4381502900787569,1,MASTER_ONLY_CV,,correct,0.38864463982205016,high
3.0,554.0,VAR_002106,0,0.475276581259858,0.4381502900787569,0.4381502900787569,1,MASTER_ONLY_CV,,false_positive,0.03712629118110111,borderline
2.0,555.0,VAR_003246,1,0.941244335197456,0.3589974365481315,0.4381502900787569,1,MASTER_ONLY_CV,,correct,0.5030940451186992,high
0.0,556.0,VAR_004940,1,0.7598235723325758,0.4552237562989291,0.4381502900787569,1,MASTER_ONLY_CV,,correct,0.3216732822538189,high
0.0,557.0,VAR_000099,0,0.0169854583975238,0.4552237562989291,0.4381502900787569,0,MASTER_ONLY_CV,,correct,0.4211648316812331,high
2.0,558.0,VAR_005611,1,0.8627284705614777,0.3589974365481315,0.4381502900787569,1,MASTER_ONLY_CV,,correct,0.42457818048272083,high
3.0,561.0,VAR_000505,1,0.9124467952629332,0.4381502900787569,0.4381502900787569,1,MASTER_ONLY_CV,,correct,0.47429650518417626,high
1.0,562.0,VAR_003585,0,0.0113460174712118,0.4676065299723352,0.4381502900787569,0,MASTER_ONLY_CV,,correct,0.4268042726075451,high
2.0,563.0,VAR_004761,1,0.7321006625090818,0.3589974365481315,0.4381502900787569,1,MASTER_ONLY_CV,,correct,0.2939503724303249,high
4.0,564.0,VAR_005227,1,0.981521890654408,0.2888357696077288,0.4381502900787569,1,MASTER_ONLY_CV,,correct,0.543371600575651,high
0.0,565.0,VAR_004155,0,0.6584101636332989,0.4552237562989291,0.4381502900787569,1,MASTER_ONLY_CV,,false_positive,0.22025987355454196,high
4.0,566.0,VAR_005858,1,0.9444608152075552,0.2888357696077288,0.4381502900787569,1,MASTER_ONLY_CV,,correct,0.5063105251287983,high
0.0,567.0,VAR_004369,0,0.8101147760936654,0.4552237562989291,0.4381502900787569,1,MASTER_ONLY_CV,,false_positive,0.37196448601490856,high
3.0,568.0,VAR_004037,1,0.9653972052284436,0.4381502900787569,0.4381502900787569,1,MASTER_ONLY_CV,,correct,0.5272469151496868,high
0.0,569.0,VAR_004913,0,0.8792216756055451,0.4552237562989291,0.4381502900787569,1,MASTER_ONLY_CV,,false_positive,0.4410713855267882,high
3.0,570.0,VAR_005941,0,0.3509472639214103,0.4381502900787569,0.4381502900787569,0,MASTER_ONLY_CV,,correct,0.0872030261573466,moderate
1.0,572.0,VAR_003557,0,0.0826993652703776,0.4676065299723352,0.4381502900787569,0,MASTER_ONLY_CV,,correct,0.35545092480837925,high
2.0,573.0,VAR_001749,0,0.0638584187236018,0.3589974365481315,0.4381502900787569,0,MASTER_ONLY_CV,,correct,0.37429187135515507,high
0.0,575.0,VAR_001133,1,0.9117531225488535,0.4552237562989291,0.4381502900787569,1,MASTER_ONLY_CV,,correct,0.47360283247009666,high
1.0,576.0,VAR_000197,0,0.6302473843223396,0.4676065299723352,0.4381502900787569,1,MASTER_ONLY_CV,,false_positive,0.19209709424358273,moderate
0.0,577.0,VAR_004317,1,0.6410095692765118,0.4552237562989291,0.4381502900787569,1,MASTER_ONLY_CV,,correct,0.20285927919775487,high
4.0,579.0,VAR_005616,1,0.6693600894061059,0.2888357696077288,0.4381502900787569,1,MASTER_ONLY_CV,,correct,0.23120979932734903,high
0.0,581.0,VAR_003697,0,0.287191549450132,0.4552237562989291,0.4381502900787569,0,MASTER_ONLY_CV,,correct,0.1509587406286249,moderate
3.0,582.0,VAR_005290,1,0.0932005886971311,0.4381502900787569,0.4381502900787569,0,MASTER_ONLY_CV,,false_negative,0.3449497013816258,high
2.0,583.0,VAR_004806,1,0.5892693942911051,0.3589974365481315,0.4381502900787569,1,MASTER_ONLY_CV,,correct,0.15111910421234825,moderate
1.0,584.0,VAR_003262,0,0.6116852400414893,0.4676065299723352,0.4381502900787569,1,MASTER_ONLY_CV,,false_positive,0.1735349499627324,moderate
4.0,587.0,VAR_004980,1,0.9281903376922312,0.2888357696077288,0.4381502900787569,1,MASTER_ONLY_CV,,correct,0.49004004761347436,high
1.0,589.0,VAR_005358,1,0.8990770045297521,0.4676065299723352,0.4381502900787569,1,MASTER_ONLY_CV,,correct,0.46092671445099526,high
2.0,590.0,VAR_005957,1,0.8806927049066744,0.3589974365481315,0.4381502900787569,1,MASTER_ONLY_CV,,correct,0.4425424148279175,high
1.0,591.0,VAR_005591,1,0.5473974560876266,0.4676065299723352,0.4381502900787569,1,MASTER_ONLY_CV,,correct,0.10924716600886969,moderate
0.0,592.0,VAR_000251,0,0.0382391102419833,0.4552237562989291,0.4381502900787569,0,MASTER_ONLY_CV,,correct,0.3999111798367736,high
3.0,593.0,VAR_003825,0,0.3534334917438942,0.4381502900787569,0.4381502900787569,0,MASTER_ONLY_CV,,correct,0.08471679833486268,moderate
4.0,595.0,VAR_001410,1,0.2727197219715848,0.2888357696077288,0.4381502900787569,0,MASTER_ONLY_CV,,false_negative,0.1654305681071721,moderate
4.0,596.0,VAR_001268,0,0.593307755989005,0.2888357696077288,0.4381502900787569,1,MASTER_ONLY_CV,,false_positive,0.1551574659102481,moderate
3.0,597.0,VAR_001000,0,0.0870834923077254,0.4381502900787569,0.4381502900787569,0,MASTER_ONLY_CV,,correct,0.3510667977710315,high
0.0,600.0,VAR_002064,0,0.4281480953614551,0.4552237562989291,0.4381502900787569,0,MASTER_ONLY_CV,,correct,0.010002194717301793,borderline
3.0,601.0,VAR_004216,0,0.9031468662140496,0.4381502900787569,0.4381502900787569,1,MASTER_ONLY_CV,,false_positive,0.4649965761352927,high
0.0,603.0,VAR_005007,0,0.7476421849303202,0.4552237562989291,0.4381502900787569,1,MASTER_ONLY_CV,,false_positive,0.3094918948515633,high
4.0,604.0,VAR_004252,1,0.9633304196248316,0.2888357696077288,0.4381502900787569,1,MASTER_ONLY_CV,,correct,0.5251801295460747,high
4.0,606.0,VAR_006463,1,0.8732910624717647,0.2888357696077288,0.4381502900787569,1,MASTER_ONLY_CV,,correct,0.4351407723930078,high
2.0,607.0,VAR_000846,0,0.8049302405346603,0.3589974365481315,0.4381502900787569,1,MASTER_ONLY_CV,,false_positive,0.36677995045590345,high
0.0,608.0,VAR_002188,1,0.9883940690464418,0.4552237562989291,0.4381502900787569,1,MASTER_ONLY_CV,,correct,0.5502437789676848,high
3.0,609.0,VAR_002664,1,0.2993163501312907,0.4381502900787569,0.4381502900787569,0,MASTER_ONLY_CV,,false_negative,0.13883393994746618,moderate
0.0,611.0,VAR_003155,0,0.7227131853654767,0.4552237562989291,0.4381502900787569,1,MASTER_ONLY_CV,,false_positive,0.2845628952867198,high
3.0,612.0,VAR_005106,1,0.7715063598106952,0.4381502900787569,0.4381502900787569,1,MASTER_ONLY_CV,,correct,0.33335606973193826,high
3.0,613.0,VAR_004989,0,0.0710156135232294,0.4381502900787569,0.4381502900787569,0,MASTER_ONLY_CV,,correct,0.3671346765555275,high
1.0,614.0,VAR_005526,1,0.6662859339816377,0.4676065299723352,0.4381502900787569,1,MASTER_ONLY_CV,,correct,0.22813564390288082,high
3.0,616.0,VAR_004789,1,0.8694955849833211,0.4381502900787569,0.4381502900787569,1,MASTER_ONLY_CV,,correct,0.43134529490456425,high
1.0,617.0,VAR_006370,1,0.9723641832676364,0.4676065299723352,0.4381502900787569,1,MASTER_ONLY_CV,,correct,0.5342138931888796,high
3.0,620.0,VAR_001148,1,0.5088622456791031,0.4381502900787569,0.4381502900787569,1,MASTER_ONLY_CV,,correct,0.07071195560034621,moderate
0.0,621.0,VAR_005854,1,0.9794191917426588,0.4552237562989291,0.4381502900787569,1,MASTER_ONLY_CV,,correct,0.5412689016639018,high
4.0,622.0,VAR_001380,1,0.7009220126595876,0.2888357696077288,0.4381502900787569,1,MASTER_ONLY_CV,,correct,0.26277172258083076,high
1.0,624.0,VAR_003538,1,0.6794117210966366,0.4676065299723352,0.4381502900787569,1,MASTER_ONLY_CV,,correct,0.24126143101787972,high
3.0,625.0,VAR_002334,1,0.3850967880319386,0.4381502900787569,0.4381502900787569,0,MASTER_ONLY_CV,,false_negative,0.0530535020468183,moderate
3.0,628.0,VAR_006383,0,0.9333451578502964,0.4381502900787569,0.4381502900787569,1,MASTER_ONLY_CV,,false_positive,0.4951948677715395,high
0.0,629.0,VAR_000903,1,0.3814370176276596,0.4552237562989291,0.4381502900787569,0,MASTER_ONLY_CV,,false_negative,0.05671327245109731,moderate
4.0,630.0,VAR_002159,1,0.6816750502168757,0.2888357696077288,0.4381502900787569,1,MASTER_ONLY_CV,,correct,0.2435247601381188,high
0.0,631.0,VAR_003946,1,0.8390127213891035,0.4552237562989291,0.4381502900787569,1,MASTER_ONLY_CV,,correct,0.40086243131034666,high
0.0,632.0,VAR_001995,1,0.9437485478125338,0.4552237562989291,0.4381502900787569,1,MASTER_ONLY_CV,,correct,0.505598257733777,high
0.0,633.0,VAR_001340,0,0.8163284002632589,0.4552237562989291,0.4381502900787569,1,MASTER_ONLY_CV,,false_positive,0.37817811018450204,high
2.0,635.0,VAR_004460,0,0.0495196268636917,0.3589974365481315,0.4381502900787569,0,MASTER_ONLY_CV,,correct,0.3886306632150652,high
3.0,636.0,VAR_006066,1,0.5497239438339274,0.4381502900787569,0.4381502900787569,1,MASTER_ONLY_CV,,correct,0.11157365375517053,moderate
3.0,637.0,VAR_000245,1,0.1053126021380243,0.4381502900787569,0.4381502900787569,0,MASTER_ONLY_CV,,false_negative,0.3328376879407326,high
3.0,638.0,VAR_003500,0,0.0200296583635673,0.4381502900787569,0.4381502900787569,0,MASTER_ONLY_CV,,correct,0.4181206317151896,high
0.0,639.0,VAR_002146,1,0.9335024037227092,0.4552237562989291,0.4381502900787569,1,MASTER_ONLY_CV,,correct,0.4953521136439523,high
2.0,640.0,VAR_004199,1,0.95545343983944,0.3589974365481315,0.4381502900787569,1,MASTER_ONLY_CV,,correct,0.517303149760683,high
1.0,641.0,VAR_002340,1,0.6096495608001067,0.4676065299723352,0.4381502900787569,1,MASTER_ONLY_CV,,correct,0.1714992707213498,moderate
1.0,643.0,VAR_003764,1,0.3683713087475352,0.4676065299723352,0.4381502900787569,0,MASTER_ONLY_CV,,false_negative,0.06977898133122168,moderate
3.0,644.0,VAR_004838,1,0.5111168673239967,0.4381502900787569,0.4381502900787569,1,MASTER_ONLY_CV,,correct,0.07296657724523986,moderate
4.0,646.0,VAR_000244,1,0.5707359912983845,0.2888357696077288,0.4381502900787569,1,MASTER_ONLY_CV,,correct,0.1325857012196276,moderate
2.0,647.0,VAR_001543,1,0.3358808527907218,0.3589974365481315,0.4381502900787569,0,MASTER_ONLY_CV,,false_negative,0.10226943728803511,moderate
2.0,648.0,VAR_004524,1,0.6996924884251573,0.3589974365481315,0.4381502900787569,1,MASTER_ONLY_CV,,correct,0.2615421983464004,high
0.0,649.0,VAR_004177,1,0.9705013728300236,0.4552237562989291,0.4381502900787569,1,MASTER_ONLY_CV,,correct,0.5323510827512667,high
0.0,652.0,VAR_005433,0,0.8152742155160884,0.4552237562989291,0.4381502900787569,1,MASTER_ONLY_CV,,false_positive,0.3771239254373315,high
1.0,653.0,VAR_002718,1,0.974486352705068,0.4676065299723352,0.4381502900787569,1,MASTER_ONLY_CV,,correct,0.5363360626263112,high
0.0,654.0,VAR_005088,1,0.9292975930354752,0.4552237562989291,0.4381502900787569,1,MASTER_ONLY_CV,,correct,0.4911473029567183,high
2.0,656.0,VAR_004123,1,0.8364637767269754,0.3589974365481315,0.4381502900787569,1,MASTER_ONLY_CV,,correct,0.3983134866482185,high
2.0,657.0,VAR_002514,0,0.097820374116942,0.3589974365481315,0.4381502900787569,0,MASTER_ONLY_CV,,correct,0.3403299159618149,high
2.0,658.0,VAR_004085,0,0.0274424403847062,0.3589974365481315,0.4381502900787569,0,MASTER_ONLY_CV,,correct,0.41070784969405066,high
1.0,659.0,VAR_003154,1,0.2840399675089329,0.4676065299723352,0.4381502900787569,0,MASTER_ONLY_CV,,false_negative,0.154110322569824,moderate
1.0,660.0,VAR_005296,1,0.3017589664358031,0.4676065299723352,0.4381502900787569,0,MASTER_ONLY_CV,,false_negative,0.1363913236429538,moderate
1.0,661.0,VAR_001215,1,0.6384431205219578,0.4676065299723352,0.4381502900787569,1,MASTER_ONLY_CV,,correct,0.20029283044320095,high
4.0,664.0,VAR_005880,0,0.5211903303094473,0.2888357696077288,0.4381502900787569,1,MASTER_ONLY_CV,,false_positive,0.08304004023069039,moderate
0.0,665.0,VAR_005934,0,0.9641706106734752,0.4552237562989291,0.4381502900787569,1,MASTER_ONLY_CV,,false_positive,0.5260203205947183,high
0.0,666.0,VAR_002744,0,0.9607607463838704,0.4552237562989291,0.4381502900787569,1,MASTER_ONLY_CV,,false_positive,0.5226104563051135,high
1.0,667.0,VAR_004044,0,0.0719811437361824,0.4676065299723352,0.4381502900787569,0,MASTER_ONLY_CV,,correct,0.36616914634257447,high
3.0,668.0,VAR_002841,1,0.9204225909460576,0.4381502900787569,0.4381502900787569,1,MASTER_ONLY_CV,,correct,0.4822723008673007,high
0.0,669.0,VAR_000904,0,0.065945083134483,0.4552237562989291,0.4381502900787569,0,MASTER_ONLY_CV,,correct,0.3722052069442739,high
0.0,670.0,VAR_000833,1,0.8869011308821901,0.4552237562989291,0.4381502900787569,1,MASTER_ONLY_CV,,correct,0.44875084080343325,high
2.0,671.0,VAR_002408,1,0.915513052322484,0.3589974365481315,0.4381502900787569,1,MASTER_ONLY_CV,,correct,0.47736276224372715,high
0.0,672.0,VAR_003175,1,0.8992078804007687,0.4552237562989291,0.4381502900787569,1,MASTER_ONLY_CV,,correct,0.4610575903220118,high
3.0,674.0,VAR_001438,1,0.1517341681241835,0.4381502900787569,0.4381502900787569,0,MASTER_ONLY_CV,,false_negative,0.2864161219545734,high
2.0,675.0,VAR_005949,0,0.0626649121613511,0.3589974365481315,0.4381502900787569,0,MASTER_ONLY_CV,,correct,0.37548537791740577,high
4.0,676.0,VAR_003784,1,0.8773779438489461,0.2888357696077288,0.4381502900787569,1,MASTER_ONLY_CV,,correct,0.4392276537701892,high
3.0,678.0,VAR_000109,1,0.7008064378154304,0.4381502900787569,0.4381502900787569,1,MASTER_ONLY_CV,,correct,0.2626561477366735,high
4.0,679.0,VAR_006462,1,0.7026918434597111,0.2888357696077288,0.4381502900787569,1,MASTER_ONLY_CV,,correct,0.26454155338095425,high
4.0,680.0,VAR_000111,1,0.5362748447799105,0.2888357696077288,0.4381502900787569,1,MASTER_ONLY_CV,,correct,0.09812455470115361,moderate
3.0,681.0,VAR_000119,1,0.8983526722858246,0.4381502900787569,0.4381502900787569,1,MASTER_ONLY_CV,,correct,0.4602023822070677,high
0.0,682.0,VAR_006489,1,0.7299813946786111,0.4552237562989291,0.4381502900787569,1,MASTER_ONLY_CV,,correct,0.29183110459985423,high
3.0,685.0,VAR_004363,0,0.1134412525339815,0.4381502900787569,0.4381502900787569,0,MASTER_ONLY_CV,,correct,0.32470903754477537,high
1.0,686.0,VAR_000643,1,0.981028998155953,0.4676065299723352,0.4381502900787569,1,MASTER_ONLY_CV,,correct,0.5428787080771962,high
2.0,687.0,VAR_002067,0,0.1011540200970586,0.3589974365481315,0.4381502900787569,0,MASTER_ONLY_CV,,correct,0.3369962699816983,high
3.0,688.0,VAR_005944,1,0.911944612571328,0.4381502900787569,0.4381502900787569,1,MASTER_ONLY_CV,,correct,0.4737943224925711,high
3.0,689.0,VAR_003312,0,0.8530875110099364,0.4381502900787569,0.4381502900787569,1,MASTER_ONLY_CV,,false_positive,0.4149372209311795,high
3.0,690.0,VAR_002193,0,0.401020519704148,0.4381502900787569,0.4381502900787569,0,MASTER_ONLY_CV,,correct,0.037129770374608906,borderline
0.0,691.0,VAR_003410,1,0.733650953180956,0.4552237562989291,0.4381502900787569,1,MASTER_ONLY_CV,,correct,0.2955006631021991,high
4.0,692.0,VAR_002355,1,0.3628770255149012,0.2888357696077288,0.4381502900787569,0,MASTER_ONLY_CV,,false_negative,0.07527326456385569,moderate
4.0,694.0,VAR_002279,1,0.2995286234919825,0.2888357696077288,0.4381502900787569,0,MASTER_ONLY_CV,,false_negative,0.13862166658677438,moderate
0.0,695.0,VAR_005495,1,0.4874816964956861,0.4552237562989291,0.4381502900787569,1,MASTER_ONLY_CV,,correct,0.049331406416929235,borderline
0.0,697.0,VAR_001233,0,0.0220517748085773,0.4552237562989291,0.4381502900787569,0,MASTER_ONLY_CV,,correct,0.4160985152701796,high
1.0,698.0,VAR_000260,1,0.5502853277247655,0.4676065299723352,0.4381502900787569,1,MASTER_ONLY_CV,,correct,0.11213503764600857,moderate
3.0,700.0,VAR_006061,1,0.8997267297909292,0.4381502900787569,0.4381502900787569,1,MASTER_ONLY_CV,,correct,0.46157643971217227,high
3.0,701.0,VAR_000721,1,0.984419436010363,0.4381502900787569,0.4381502900787569,1,MASTER_ONLY_CV,,correct,0.546269145931606,high
3.0,702.0,VAR_004817,0,0.4370711603003354,0.4381502900787569,0.4381502900787569,0,MASTER_ONLY_CV,,correct,0.001079129778421506,borderline
4.0,703.0,VAR_003969,1,0.9699117478176944,0.2888357696077288,0.4381502900787569,1,MASTER_ONLY_CV,,correct,0.5317614577389376,high
1.0,705.0,VAR_001619,0,0.3493545969576805,0.4676065299723352,0.4381502900787569,0,MASTER_ONLY_CV,,correct,0.08879569312107638,moderate
0.0,706.0,VAR_005357,1,0.986246378968402,0.4552237562989291,0.4381502900787569,1,MASTER_ONLY_CV,,correct,0.5480960888896451,high
4.0,707.0,VAR_004107,1,0.967158472807563,0.2888357696077288,0.4381502900787569,1,MASTER_ONLY_CV,,correct,0.529008182728806,high
3.0,708.0,VAR_000865,1,0.2434961087229713,0.4381502900787569,0.4381502900787569,0,MASTER_ONLY_CV,,false_negative,0.19465418135578558,moderate
3.0,709.0,VAR_002689,1,0.5790100699223169,0.4381502900787569,0.4381502900787569,1,MASTER_ONLY_CV,,correct,0.14085977984355996,moderate
0.0,712.0,VAR_006174,1,0.4782842984961827,0.4552237562989291,0.4381502900787569,1,MASTER_ONLY_CV,,correct,0.040134008417425815,borderline
4.0,713.0,VAR_004924,1,0.7894182172736024,0.2888357696077288,0.4381502900787569,1,MASTER_ONLY_CV,,correct,0.3512679271948455,high
2.0,714.0,VAR_005513,1,0.9862534739928756,0.3589974365481315,0.4381502900787569,1,MASTER_ONLY_CV,,correct,0.5481031839141186,high
1.0,715.0,VAR_000047,0,0.2350832941391812,0.4676065299723352,0.4381502900787569,0,MASTER_ONLY_CV,,correct,0.2030669959395757,high
1.0,716.0,VAR_002510,1,0.5009180298790048,0.4676065299723352,0.4381502900787569,1,MASTER_ONLY_CV,,correct,0.06276773980024791,moderate
4.0,717.0,VAR_001414,1,0.1947052909641163,0.2888357696077288,0.4381502900787569,0,MASTER_ONLY_CV,,false_negative,0.2434449991146406,high
1.0,718.0,VAR_005552,1,0.8545510264510566,0.4676065299723352,0.4381502900787569,1,MASTER_ONLY_CV,,correct,0.41640073637229974,high
2.0,720.0,VAR_000142,1,0.8907654157091244,0.3589974365481315,0.4381502900787569,1,MASTER_ONLY_CV,,correct,0.4526151256303675,high
3.0,722.0,VAR_004996,1,0.8947779294647921,0.4381502900787569,0.4381502900787569,1,MASTER_ONLY_CV,,correct,0.4566276393860352,high
1.0,723.0,VAR_004302,1,0.0960955473462501,0.4676065299723352,0.4381502900787569,0,MASTER_ONLY_CV,,false_negative,0.3420547427325068,high
3.0,726.0,VAR_004081,1,0.8966811291874861,0.4381502900787569,0.4381502900787569,1,MASTER_ONLY_CV,,correct,0.4585308391087292,high
2.0,727.0,VAR_004060,0,0.994952043399638,0.3589974365481315,0.4381502900787569,1,MASTER_ONLY_CV,,false_positive,0.5568017533208811,high
2.0,728.0,VAR_005462,0,0.2470957828815234,0.3589974365481315,0.4381502900787569,0,MASTER_ONLY_CV,,correct,0.1910545071972335,moderate
0.0,729.0,VAR_005573,1,0.8426606791066024,0.4552237562989291,0.4381502900787569,1,MASTER_ONLY_CV,,correct,0.4045103890278455,high
1.0,730.0,VAR_000240,1,0.6537204612348331,0.4676065299723352,0.4381502900787569,1,MASTER_ONLY_CV,,correct,0.21557017115607618,high
0.0,731.0,VAR_005996,1,0.3437001036715829,0.4552237562989291,0.4381502900787569,0,MASTER_ONLY_CV,,false_negative,0.09445018640717401,moderate
1.0,732.0,VAR_002137,1,0.7513670754794031,0.4676065299723352,0.4381502900787569,1,MASTER_ONLY_CV,,correct,0.3132167854006462,high
0.0,733.0,VAR_000841,1,0.3920308571451708,0.4552237562989291,0.4381502900787569,0,MASTER_ONLY_CV,,false_negative,0.04611943293358611,borderline
0.0,734.0,VAR_002516,0,0.9469879638011416,0.4552237562989291,0.4381502900787569,1,MASTER_ONLY_CV,,false_positive,0.5088376737223848,high
0.0,735.0,VAR_002127,0,0.4355289398666698,0.4552237562989291,0.4381502900787569,0,MASTER_ONLY_CV,,correct,0.0026213502120870924,borderline
0.0,736.0,VAR_005536,1,0.972733585043282,0.4552237562989291,0.4381502900787569,1,MASTER_ONLY_CV,,correct,0.5345832949645251,high
0.0,737.0,VAR_004480,0,0.3561520938097612,0.4552237562989291,0.4381502900787569,0,MASTER_ONLY_CV,,correct,0.08199819626899568,moderate
4.0,738.0,VAR_000783,1,0.7355150874252525,0.2888357696077288,0.4381502900787569,1,MASTER_ONLY_CV,,correct,0.2973647973464956,high
2.0,739.0,VAR_003902,1,0.3787350202074732,0.3589974365481315,0.4381502900787569,0,MASTER_ONLY_CV,,false_negative,0.059415269871283705,moderate
2.0,740.0,VAR_001653,1,0.61146901199217,0.3589974365481315,0.4381502900787569,1,MASTER_ONLY_CV,,correct,0.17331872191341308,moderate
2.0,741.0,VAR_000513,0,0.4977116894560989,0.3589974365481315,0.4381502900787569,1,MASTER_ONLY_CV,,false_positive,0.059561399377342006,moderate
3.0,742.0,VAR_001554,1,0.6004218793434776,0.4381502900787569,0.4381502900787569,1,MASTER_ONLY_CV,,correct,0.16227158926472068,moderate
2.0,743.0,VAR_001379,1,0.7571216249588195,0.3589974365481315,0.4381502900787569,1,MASTER_ONLY_CV,,correct,0.31897133488006263,high
4.0,744.0,VAR_004800,0,0.0314867658548994,0.2888357696077288,0.4381502900787569,0,MASTER_ONLY_CV,,correct,0.4066635242238575,high
0.0,745.0,VAR_001174,1,0.3019786081768056,0.4552237562989291,0.4381502900787569,0,MASTER_ONLY_CV,,false_negative,0.13617168190195128,moderate
0.0,746.0,VAR_000069,1,0.9095283252724392,0.4552237562989291,0.4381502900787569,1,MASTER_ONLY_CV,,correct,0.4713780351936823,high
3.0,747.0,VAR_004027,1,0.8358156437156975,0.4381502900787569,0.4381502900787569,1,MASTER_ONLY_CV,,correct,0.3976653536369406,high
2.0,749.0,VAR_000729,1,0.948993982175212,0.3589974365481315,0.4381502900787569,1,MASTER_ONLY_CV,,correct,0.5108436920964552,high
4.0,750.0,VAR_003961,1,0.9904441891609808,0.2888357696077288,0.4381502900787569,1,MASTER_ONLY_CV,,correct,0.5522938990822239,high
1.0,751.0,VAR_005455,1,0.9858889570744356,0.4676065299723352,0.4381502900787569,1,MASTER_ONLY_CV,,correct,0.5477386669956787,high
3.0,753.0,VAR_002403,0,0.0420605955199326,0.4381502900787569,0.4381502900787569,0,MASTER_ONLY_CV,,correct,0.39608969455882426,high
3.0,754.0,VAR_004881,1,0.8688507601811001,0.4381502900787569,0.4381502900787569,1,MASTER_ONLY_CV,,correct,0.4307004701023432,high
4.0,755.0,VAR_005859,1,0.7608173726680244,0.2888357696077288,0.4381502900787569,1,MASTER_ONLY_CV,,correct,0.3226670825892675,high
3.0,756.0,VAR_005282,1,0.2544126512885284,0.4381502900787569,0.4381502900787569,0,MASTER_ONLY_CV,,false_negative,0.18373763879022847,moderate
0.0,757.0,VAR_001143,1,0.9835620435702292,0.4552237562989291,0.4381502900787569,1,MASTER_ONLY_CV,,correct,0.5454117534914724,high
2.0,758.0,VAR_003067,0,0.8458944454576454,0.3589974365481315,0.4381502900787569,1,MASTER_ONLY_CV,,false_positive,0.4077441553788885,high
1.0,760.0,VAR_003411,1,0.7674914388900337,0.4676065299723352,0.4381502900787569,1,MASTER_ONLY_CV,,correct,0.3293411488112768,high
4.0,762.0,VAR_000289,1,0.7859433852057477,0.2888357696077288,0.4381502900787569,1,MASTER_ONLY_CV,,correct,0.3477930951269908,high
3.0,764.0,VAR_002265,1,0.9027714338258834,0.4381502900787569,0.4381502900787569,1,MASTER_ONLY_CV,,correct,0.46462114374712654,high
3.0,765.0,VAR_004348,0,0.6344841788268863,0.4381502900787569,0.4381502900787569,1,MASTER_ONLY_CV,,false_positive,0.19633388874812946,moderate
4.0,766.0,VAR_005185,1,0.8938126169032053,0.2888357696077288,0.4381502900787569,1,MASTER_ONLY_CV,,correct,0.45566232682444846,high
0.0,767.0,VAR_003910,1,0.6392766384211629,0.4552237562989291,0.4381502900787569,1,MASTER_ONLY_CV,,correct,0.201126348342406,high
4.0,769.0,VAR_001343,0,0.469798060220963,0.2888357696077288,0.4381502900787569,1,MASTER_ONLY_CV,,false_positive,0.0316477701422061,borderline
2.0,770.0,VAR_000196,1,0.3589974365481315,0.3589974365481315,0.4381502900787569,0,MASTER_ONLY_CV,,false_negative,0.0791528535306254,moderate
0.0,771.0,VAR_000303,1,0.967594517468727,0.4552237562989291,0.4381502900787569,1,MASTER_ONLY_CV,,correct,0.5294442273899702,high
2.0,772.0,VAR_005350,1,0.8315861011421853,0.3589974365481315,0.4381502900787569,1,MASTER_ONLY_CV,,correct,0.39343581106342845,high
1.0,773.0,VAR_005995,1,0.5207697395379113,0.4676065299723352,0.4381502900787569,1,MASTER_ONLY_CV,,correct,0.08261944945915439,moderate
1.0,775.0,VAR_006149,1,0.9324526258526696,0.4676065299723352,0.4381502900787569,1,MASTER_ONLY_CV,,correct,0.49430233577391275,high
3.0,777.0,VAR_002047,1,0.8156620694922713,0.4381502900787569,0.4381502900787569,1,MASTER_ONLY_CV,,correct,0.3775117794135144,high
4.0,778.0,VAR_003248,1,0.963653476764003,0.2888357696077288,0.4381502900787569,1,MASTER_ONLY_CV,,correct,0.5255031866852462,high
0.0,779.0,VAR_002920,0,0.6443877905548463,0.4552237562989291,0.4381502900787569,1,MASTER_ONLY_CV,,false_positive,0.2062375004760894,high
0.0,780.0,VAR_002178,1,0.6816899579353899,0.4552237562989291,0.4381502900787569,1,MASTER_ONLY_CV,,correct,0.243539667856633,high
2.0,781.0,VAR_002581,1,0.2795340453745362,0.3589974365481315,0.4381502900787569,0,MASTER_ONLY_CV,,false_negative,0.1586162447042207,moderate
1.0,783.0,VAR_004179,0,0.4095427912452621,0.4676065299723352,0.4381502900787569,0,MASTER_ONLY_CV,,correct,0.028607498833494782,borderline
0.0,785.0,VAR_001950,1,0.9577118741381112,0.4552237562989291,0.4381502900787569,1,MASTER_ONLY_CV,,correct,0.5195615840593544,high
4.0,786.0,VAR_005354,1,0.9581434009590138,0.2888357696077288,0.4381502900787569,1,MASTER_ONLY_CV,,correct,0.5199931108802569,high
4.0,787.0,VAR_003536,1,0.906207141724176,0.2888357696077288,0.4381502900787569,1,MASTER_ONLY_CV,,correct,0.46805685164541916,high
4.0,789.0,VAR_002464,1,0.9543449781777446,0.2888357696077288,0.4381502900787569,1,MASTER_ONLY_CV,,correct,0.5161946880989876,high
3.0,791.0,VAR_002252,0,0.158204188176386,0.4381502900787569,0.4381502900787569,0,MASTER_ONLY_CV,,correct,0.2799461019023709,high
0.0,792.0,VAR_000041,1,0.7878227331278727,0.4552237562989291,0.4381502900787569,1,MASTER_ONLY_CV,,correct,0.34967244304911577,high
0.0,793.0,VAR_004929,0,0.5814133614228296,0.4552237562989291,0.4381502900787569,1,MASTER_ONLY_CV,,false_positive,0.14326307134407273,moderate
1.0,795.0,VAR_005283,1,0.594365833123253,0.4676065299723352,0.4381502900787569,1,MASTER_ONLY_CV,,correct,0.15621554304449609,moderate
3.0,796.0,VAR_005517,1,0.9301473882627443,0.4381502900787569,0.4381502900787569,1,MASTER_ONLY_CV,,correct,0.49199709818398746,high
4.0,798.0,VAR_001518,0,0.4691179045033329,0.2888357696077288,0.4381502900787569,1,MASTER_ONLY_CV,,false_positive,0.030967614424576018,borderline
0.0,799.0,VAR_002536,1,0.9213243494090688,0.4552237562989291,0.4381502900787569,1,MASTER_ONLY_CV,,correct,0.48317405933031193,high
4.0,800.0,VAR_001941,1,0.3618154838123899,0.2888357696077288,0.4381502900787569,0,MASTER_ONLY_CV,,false_negative,0.07633480626636696,moderate
0.0,801.0,VAR_001094,1,0.7901198308289648,0.4552237562989291,0.4381502900787569,1,MASTER_ONLY_CV,,correct,0.35196954075020787,high
2.0,802.0,VAR_000282,1,0.976663366347162,0.3589974365481315,0.4381502900787569,1,MASTER_ONLY_CV,,correct,0.5385130762684052,high
0.0,803.0,VAR_001420,0,0.5514435568173107,0.4552237562989291,0.4381502900787569,1,MASTER_ONLY_CV,,false_positive,0.11329326673855383,moderate
3.0,804.0,VAR_004251,1,0.9354075261992776,0.4381502900787569,0.4381502900787569,1,MASTER_ONLY_CV,,correct,0.4972572361205207,high
1.0,805.0,VAR_002445,1,0.9455007848069318,0.4676065299723352,0.4381502900787569,1,MASTER_ONLY_CV,,correct,0.5073504947281748,high
0.0,806.0,VAR_004126,1,0.8026655922942718,0.4552237562989291,0.4381502900787569,1,MASTER_ONLY_CV,,correct,0.3645153022155149,high
1.0,811.0,VAR_005248,1,0.8723164021079955,0.4676065299723352,0.4381502900787569,1,MASTER_ONLY_CV,,correct,0.43416611202923866,high
1.0,814.0,VAR_003836,1,0.8592752684918744,0.4676065299723352,0.4381502900787569,1,MASTER_ONLY_CV,,correct,0.4211249784131175,high
1.0,815.0,VAR_006099,1,0.836003696849501,0.4676065299723352,0.4381502900787569,1,MASTER_ONLY_CV,,correct,0.39785340677074416,high
2.0,816.0,VAR_000383,0,0.0275127231540736,0.3589974365481315,0.4381502900787569,0,MASTER_ONLY_CV,,correct,0.4106375669246833,high
0.0,818.0,VAR_004289,1,0.0925398820189998,0.4552237562989291,0.4381502900787569,0,MASTER_ONLY_CV,,false_negative,0.34561040805975707,high
2.0,819.0,VAR_000296,1,0.7004622195190148,0.3589974365481315,0.4381502900787569,1,MASTER_ONLY_CV,,correct,0.2623119294402579,high
3.0,820.0,VAR_002498,0,0.0309544519204941,0.4381502900787569,0.4381502900787569,0,MASTER_ONLY_CV,,correct,0.40719583815826277,high
1.0,821.0,VAR_004722,1,0.8720913128004874,0.4676065299723352,0.4381502900787569,1,MASTER_ONLY_CV,,correct,0.43394102272173046,high
2.0,822.0,VAR_002200,1,0.9046708460862568,0.3589974365481315,0.4381502900787569,1,MASTER_ONLY_CV,,correct,0.4665205560074999,high
3.0,823.0,VAR_003254,1,0.3813728440399401,0.4381502900787569,0.4381502900787569,0,MASTER_ONLY_CV,,false_negative,0.05677744603881679,moderate
0.0,824.0,VAR_000350,0,0.0816002159728845,0.4552237562989291,0.4381502900787569,0,MASTER_ONLY_CV,,correct,0.35655007410587236,high
4.0,825.0,VAR_000962,1,0.9653698603076178,0.2888357696077288,0.4381502900787569,1,MASTER_ONLY_CV,,correct,0.5272195702288609,high
4.0,826.0,VAR_000915,1,0.9579529959595128,0.2888357696077288,0.4381502900787569,1,MASTER_ONLY_CV,,correct,0.5198027058807559,high
0.0,827.0,VAR_000262,0,0.0816129842296957,0.4552237562989291,0.4381502900787569,0,MASTER_ONLY_CV,,correct,0.3565373058490612,high
1.0,828.0,VAR_005220,0,0.0148659018967601,0.4676065299723352,0.4381502900787569,0,MASTER_ONLY_CV,,correct,0.42328438818199676,high
0.0,830.0,VAR_006491,1,0.9885968935686588,0.4552237562989291,0.4381502900787569,1,MASTER_ONLY_CV,,correct,0.5504466034899018,high
4.0,831.0,VAR_003887,0,0.5457938287705291,0.2888357696077288,0.4381502900787569,1,MASTER_ONLY_CV,,false_positive,0.10764353869177218,moderate
4.0,832.0,VAR_003289,1,0.7580031725675456,0.2888357696077288,0.4381502900787569,1,MASTER_ONLY_CV,,correct,0.3198528824887887,high
2.0,833.0,VAR_005685,1,0.8612588421277517,0.3589974365481315,0.4381502900787569,1,MASTER_ONLY_CV,,correct,0.42310855204899483,high
0.0,834.0,VAR_000809,1,0.9393428880046376,0.4552237562989291,0.4381502900787569,1,MASTER_ONLY_CV,,correct,0.5011925979258807,high
0.0,835.0,VAR_000467,0,0.2031810891892954,0.4552237562989291,0.4381502900787569,0,MASTER_ONLY_CV,,correct,0.2349692008894615,high
2.0,836.0,VAR_000952,1,0.798805200017807,0.3589974365481315,0.4381502900787569,1,MASTER_ONLY_CV,,correct,0.3606549099390501,high
2.0,839.0,VAR_005165,1,0.8066428001996327,0.3589974365481315,0.4381502900787569,1,MASTER_ONLY_CV,,correct,0.36849251012087586,high
1.0,840.0,VAR_000799,0,0.0746589337641874,0.4676065299723352,0.4381502900787569,0,MASTER_ONLY_CV,,correct,0.36349135631456947,high
3.0,841.0,VAR_004608,0,0.385308152743624,0.4381502900787569,0.4381502900787569,0,MASTER_ONLY_CV,,correct,0.05284213733513288,moderate
3.0,842.0,VAR_006431,0,0.841963802042052,0.4381502900787569,0.4381502900787569,1,MASTER_ONLY_CV,,false_positive,0.4038135119632951,high
3.0,843.0,VAR_006404,0,0.8487896367880637,0.4381502900787569,0.4381502900787569,1,MASTER_ONLY_CV,,false_positive,0.41063934670930685,high
2.0,844.0,VAR_005534,1,0.9674315776124042,0.3589974365481315,0.4381502900787569,1,MASTER_ONLY_CV,,correct,0.5292812875336472,high
3.0,845.0,VAR_004416,1,0.707194980432861,0.4381502900787569,0.4381502900787569,1,MASTER_ONLY_CV,,correct,0.2690446903541041,high
2.0,846.0,VAR_000408,1,0.9906282119193448,0.3589974365481315,0.4381502900787569,1,MASTER_ONLY_CV,,correct,0.552477921840588,high
4.0,847.0,VAR_002982,1,0.7006007855305137,0.2888357696077288,0.4381502900787569,1,MASTER_ONLY_CV,,correct,0.26245049545175686,high
1.0,848.0,VAR_002226,0,0.7545849791757113,0.4676065299723352,0.4381502900787569,1,MASTER_ONLY_CV,,false_positive,0.31643468909695444,high
4.0,849.0,VAR_000147,1,0.9025997429239764,0.2888357696077288,0.4381502900787569,1,MASTER_ONLY_CV,,correct,0.4644494528452195,high
3.0,850.0,VAR_003806,1,0.8891042426245253,0.4381502900787569,0.4381502900787569,1,MASTER_ONLY_CV,,correct,0.45095395254576837,high
3.0,851.0,VAR_002597,0,0.4961372487899421,0.4381502900787569,0.4381502900787569,1,MASTER_ONLY_CV,,false_positive,0.0579869587111852,moderate
1.0,852.0,VAR_000222,0,0.0236307673954297,0.4676065299723352,0.4381502900787569,0,MASTER_ONLY_CV,,correct,0.4145195226833272,high
2.0,853.0,VAR_003780,1,0.8027567220549373,0.3589974365481315,0.4381502900787569,1,MASTER_ONLY_CV,,correct,0.3646064319761804,high
4.0,854.0,VAR_002320,0,0.2864849996430801,0.2888357696077288,0.4381502900787569,0,MASTER_ONLY_CV,,correct,0.15166529043567678,moderate
2.0,856.0,VAR_004489,0,0.9605799312979012,0.3589974365481315,0.4381502900787569,1,MASTER_ONLY_CV,,false_positive,0.5224296412191443,high
2.0,857.0,VAR_000823,1,0.9721321149462592,0.3589974365481315,0.4381502900787569,1,MASTER_ONLY_CV,,correct,0.5339818248675023,high
1.0,858.0,VAR_000827,1,0.981668040787323,0.4676065299723352,0.4381502900787569,1,MASTER_ONLY_CV,,correct,0.543517750708566,high
1.0,859.0,VAR_004926,1,0.8706009724478385,0.4676065299723352,0.4381502900787569,1,MASTER_ONLY_CV,,correct,0.43245068236908163,high
2.0,860.0,VAR_005917,0,0.2566037201710146,0.3589974365481315,0.4381502900787569,0,MASTER_ONLY_CV,,correct,0.18154656990774226,moderate
2.0,861.0,VAR_001021,0,0.9752782486575994,0.3589974365481315,0.4381502900787569,1,MASTER_ONLY_CV,,false_positive,0.5371279585788424,high
3.0,863.0,VAR_003798,1,0.980199230642826,0.4381502900787569,0.4381502900787569,1,MASTER_ONLY_CV,,correct,0.5420489405640692,high
3.0,864.0,VAR_002316,1,0.8935745163644813,0.4381502900787569,0.4381502900787569,1,MASTER_ONLY_CV,,correct,0.4554242262857244,high
0.0,865.0,VAR_002257,1,0.6881975261825645,0.4552237562989291,0.4381502900787569,1,MASTER_ONLY_CV,,correct,0.2500472361038076,high
2.0,866.0,VAR_002496,1,0.4278614331110603,0.3589974365481315,0.4381502900787569,0,MASTER_ONLY_CV,,false_negative,0.010288856967696602,borderline
2.0,867.0,VAR_002509,1,0.8942267869062764,0.3589974365481315,0.4381502900787569,1,MASTER_ONLY_CV,,correct,0.45607649682751955,high
3.0,868.0,VAR_001998,1,0.9881776088448232,0.4381502900787569,0.4381502900787569,1,MASTER_ONLY_CV,,correct,0.5500273187660663,high
0.0,869.0,VAR_002142,1,0.3442450747938079,0.4552237562989291,0.4381502900787569,0,MASTER_ONLY_CV,,false_negative,0.093905215284949,moderate
0.0,870.0,VAR_006039,1,0.6130062823052143,0.4552237562989291,0.4381502900787569,1,MASTER_ONLY_CV,,correct,0.17485599222645737,moderate
1.0,871.0,VAR_003369,1,0.932399344781021,0.4676065299723352,0.4381502900787569,1,MASTER_ONLY_CV,,correct,0.49424905470226416,high
3.0,872.0,VAR_005622,0,0.0644002284540423,0.4381502900787569,0.4381502900787569,0,MASTER_ONLY_CV,,correct,0.3737500616247146,high
1.0,874.0,VAR_001669,0,0.0450531179708895,0.4676065299723352,0.4381502900787569,0,MASTER_ONLY_CV,,correct,0.3930971721078674,high
2.0,875.0,VAR_002000,1,0.8657087658771896,0.3589974365481315,0.4381502900787569,1,MASTER_ONLY_CV,,correct,0.4275584757984327,high
2.0,876.0,VAR_000088,0,0.0601748511948352,0.3589974365481315,0.4381502900787569,0,MASTER_ONLY_CV,,correct,0.3779754388839217,high
0.0,878.0,VAR_003858,1,0.7761796948425513,0.4552237562989291,0.4381502900787569,1,MASTER_ONLY_CV,,correct,0.33802940476379445,high
3.0,879.0,VAR_003765,0,0.2208816359834453,0.4381502900787569,0.4381502900787569,0,MASTER_ONLY_CV,,correct,0.2172686540953116,high
0.0,880.0,VAR_005048,1,0.9151874392303831,0.4552237562989291,0.4381502900787569,1,MASTER_ONLY_CV,,correct,0.47703714915162626,high
1.0,881.0,VAR_001479,0,0.4361594169514112,0.4676065299723352,0.4381502900787569,0,MASTER_ONLY_CV,,correct,0.0019908731273456937,borderline
3.0,882.0,VAR_002481,1,0.9040200570830572,0.4381502900787569,0.4381502900787569,1,MASTER_ONLY_CV,,correct,0.46586976700430033,high
3.0,883.0,VAR_004646,0,0.1811723062768467,0.4381502900787569,0.4381502900787569,0,MASTER_ONLY_CV,,correct,0.25697798380191017,high
3.0,884.0,VAR_003416,1,0.9645778516989044,0.4381502900787569,0.4381502900787569,1,MASTER_ONLY_CV,,correct,0.5264275616201475,high
4.0,885.0,VAR_004950,0,0.0891668874823393,0.2888357696077288,0.4381502900787569,0,MASTER_ONLY_CV,,correct,0.3489834025964176,high
3.0,886.0,VAR_002050,1,0.9316156729042538,0.4381502900787569,0.4381502900787569,1,MASTER_ONLY_CV,,correct,0.49346538282549696,high
4.0,887.0,VAR_001758,0,0.169683310150034,0.2888357696077288,0.4381502900787569,0,MASTER_ONLY_CV,,correct,0.2684669799287229,high
4.0,889.0,VAR_002466,1,0.9712997535464208,0.2888357696077288,0.4381502900787569,1,MASTER_ONLY_CV,,correct,0.5331494634676639,high
3.0,890.0,VAR_003240,1,0.3421892705731489,0.4381502900787569,0.4381502900787569,0,MASTER_ONLY_CV,,false_negative,0.09596101950560798,moderate
3.0,891.0,VAR_003285,1,0.880094417722929,0.4381502900787569,0.4381502900787569,1,MASTER_ONLY_CV,,correct,0.44194412764417207,high
3.0,894.0,VAR_005994,1,0.2399898801279681,0.4381502900787569,0.4381502900787569,0,MASTER_ONLY_CV,,false_negative,0.1981604099507888,moderate
0.0,895.0,VAR_003045,1,0.6813928750117826,0.4552237562989291,0.4381502900787569,1,MASTER_ONLY_CV,,correct,0.2432425849330257,high
4.0,896.0,VAR_004392,1,0.6760877467052543,0.2888357696077288,0.4381502900787569,1,MASTER_ONLY_CV,,correct,0.2379374566264974,high
3.0,897.0,VAR_005387,0,0.075710882263916,0.4381502900787569,0.4381502900787569,0,MASTER_ONLY_CV,,correct,0.3624394078148409,high
2.0,898.0,VAR_002179,1,0.9375881193024012,0.3589974365481315,0.4381502900787569,1,MASTER_ONLY_CV,,correct,0.49943782922364427,high
1.0,899.0,VAR_002308,1,0.8963759499188785,0.4676065299723352,0.4381502900787569,1,MASTER_ONLY_CV,,correct,0.4582256598401216,high
4.0,900.0,VAR_005908,1,0.8574343530402362,0.2888357696077288,0.4381502900787569,1,MASTER_ONLY_CV,,correct,0.4192840629614793,high
1.0,902.0,VAR_005200,1,0.7883733228784868,0.4676065299723352,0.4381502900787569,1,MASTER_ONLY_CV,,correct,0.35022303279972994,high
2.0,903.0,VAR_000095,1,0.5279544402349992,0.3589974365481315,0.4381502900787569,1,MASTER_ONLY_CV,,correct,0.08980415015624227,moderate
4.0,904.0,VAR_003383,1,0.9657740786678496,0.2888357696077288,0.4381502900787569,1,MASTER_ONLY_CV,,correct,0.5276237885890926,high
1.0,906.0,VAR_000426,1,0.881621593034867,0.4676065299723352,0.4381502900787569,1,MASTER_ONLY_CV,,correct,0.4434713029561101,high
0.0,907.0,VAR_005864,1,0.8394638159790981,0.4552237562989291,0.4381502900787569,1,MASTER_ONLY_CV,,correct,0.40131352590034125,high
3.0,908.0,VAR_001402,1,0.9037550727835012,0.4381502900787569,0.4381502900787569,1,MASTER_ONLY_CV,,correct,0.4656047827047443,high
4.0,909.0,VAR_002221,1,0.973773592428279,0.2888357696077288,0.4381502900787569,1,MASTER_ONLY_CV,,correct,0.535623302349522,high
2.0,910.0,VAR_000813,1,0.6082064952068709,0.3589974365481315,0.4381502900787569,1,MASTER_ONLY_CV,,correct,0.17005620512811398,moderate
4.0,911.0,VAR_005605,1,0.9214027426184508,0.2888357696077288,0.4381502900787569,1,MASTER_ONLY_CV,,correct,0.4832524525396939,high
1.0,912.0,VAR_003893,0,0.8783988111039137,0.4676065299723352,0.4381502900787569,1,MASTER_ONLY_CV,,false_positive,0.4402485210251568,high
1.0,913.0,VAR_001633,1,0.5106983410057944,0.4676065299723352,0.4381502900787569,1,MASTER_ONLY_CV,,correct,0.07254805092703748,moderate
0.0,914.0,VAR_004202,0,0.1242248024417811,0.4552237562989291,0.4381502900787569,0,MASTER_ONLY_CV,,correct,0.3139254876369758,high
1.0,915.0,VAR_001699,0,0.1437677635450573,0.4676065299723352,0.4381502900787569,0,MASTER_ONLY_CV,,correct,0.29438252653369956,high
0.0,916.0,VAR_004843,1,0.0746114837142511,0.4552237562989291,0.4381502900787569,0,MASTER_ONLY_CV,,false_negative,0.3635388063645058,high
2.0,917.0,VAR_005092,1,0.5439760943247175,0.3589974365481315,0.4381502900787569,1,MASTER_ONLY_CV,,correct,0.10582580424596061,moderate
4.0,918.0,VAR_005700,0,0.816600598646207,0.2888357696077288,0.4381502900787569,1,MASTER_ONLY_CV,,false_positive,0.37845030856745016,high
1.0,920.0,VAR_005503,1,0.993937885663971,0.4676065299723352,0.4381502900787569,1,MASTER_ONLY_CV,,correct,0.5557875955852141,high
4.0,922.0,VAR_004644,0,0.4421984590188459,0.2888357696077288,0.4381502900787569,1,MASTER_ONLY_CV,,false_positive,0.004048168940089025,borderline
1.0,923.0,VAR_001459,0,0.5106983410057944,0.4676065299723352,0.4381502900787569,1,MASTER_ONLY_CV,,false_positive,0.07254805092703748,moderate
2.0,924.0,VAR_004978,1,0.8292749060356503,0.3589974365481315,0.4381502900787569,1,MASTER_ONLY_CV,,correct,0.39112461595689346,high
0.0,925.0,VAR_004938,1,0.5824382737126441,0.4552237562989291,0.4381502900787569,1,MASTER_ONLY_CV,,correct,0.14428798363388723,moderate
2.0,926.0,VAR_004062,1,0.8485343600627506,0.3589974365481315,0.4381502900787569,1,MASTER_ONLY_CV,,correct,0.41038406998399374,high
2.0,927.0,VAR_006436,0,0.1520173164272904,0.3589974365481315,0.4381502900787569,0,MASTER_ONLY_CV,,correct,0.2861329736514665,high
2.0,929.0,VAR_000538,1,0.8227973276759538,0.3589974365481315,0.4381502900787569,1,MASTER_ONLY_CV,,correct,0.38464703759719693,high
4.0,930.0,VAR_005055,0,0.0247340764709898,0.2888357696077288,0.4381502900787569,0,MASTER_ONLY_CV,,correct,0.4134162136077671,high
1.0,931.0,VAR_003377,1,0.8409482019330735,0.4676065299723352,0.4381502900787569,1,MASTER_ONLY_CV,,correct,0.4027979118543166,high
1.0,932.0,VAR_000532,1,0.5149475097406094,0.4676065299723352,0.4381502900787569,1,MASTER_ONLY_CV,,correct,0.07679721966185254,moderate
2.0,933.0,VAR_000265,1,0.4628522561744818,0.3589974365481315,0.4381502900787569,1,MASTER_ONLY_CV,,correct,0.024701966095724892,borderline
4.0,934.0,VAR_000038,1,0.8610471956427906,0.2888357696077288,0.4381502900787569,1,MASTER_ONLY_CV,,correct,0.42289690556403375,high
4.0,935.0,VAR_001347,1,0.6919293893788068,0.2888357696077288,0.4381502900787569,1,MASTER_ONLY_CV,,correct,0.2537790993000499,high
4.0,936.0,VAR_000371,0,0.0218027211986318,0.2888357696077288,0.4381502900787569,0,MASTER_ONLY_CV,,correct,0.4163475688801251,high
0.0,937.0,VAR_000162,1,0.9185011665732488,0.4552237562989291,0.4381502900787569,1,MASTER_ONLY_CV,,correct,0.4803508764944919,high
4.0,938.0,VAR_005905,1,0.8600452792531855,0.2888357696077288,0.4381502900787569,1,MASTER_ONLY_CV,,correct,0.42189498917442864,high
2.0,939.0,VAR_001038,0,0.9691168205337826,0.3589974365481315,0.4381502900787569,1,MASTER_ONLY_CV,,false_positive,0.5309665304550257,high
3.0,941.0,VAR_004144,0,0.97882681045815,0.4381502900787569,0.4381502900787569,1,MASTER_ONLY_CV,,false_positive,0.5406765203793931,high
3.0,942.0,VAR_002814,1,0.9685597183367162,0.4381502900787569,0.4381502900787569,1,MASTER_ONLY_CV,,correct,0.5304094282579592,high
1.0,943.0,VAR_000852,1,0.9377807929277914,0.4676065299723352,0.4381502900787569,1,MASTER_ONLY_CV,,correct,0.4996305028490345,high
2.0,944.0,VAR_006566,1,0.2540766472785344,0.3589974365481315,0.4381502900787569,0,MASTER_ONLY_CV,,false_negative,0.18407364280022248,moderate
2.0,946.0,VAR_002454,1,0.9520740375069178,0.3589974365481315,0.4381502900787569,1,MASTER_ONLY_CV,,correct,0.5139237474281608,high
1.0,947.0,VAR_001584,1,0.4368342892524848,0.4676065299723352,0.4381502900787569,0,MASTER_ONLY_CV,,false_negative,0.0013160008262720901,borderline
2.0,948.0,VAR_004150,0,0.6901888411386132,0.3589974365481315,0.4381502900787569,1,MASTER_ONLY_CV,,false_positive,0.25203855105985634,high
4.0,949.0,VAR_005733,0,0.092902288588512,0.2888357696077288,0.4381502900787569,0,MASTER_ONLY_CV,,correct,0.34524800149024487,high
2.0,950.0,VAR_003270,1,0.9186673659541172,0.3589974365481315,0.4381502900787569,1,MASTER_ONLY_CV,,correct,0.48051707587536036,high
2.0,951.0,VAR_002877,1,0.8404498085749855,0.3589974365481315,0.4381502900787569,1,MASTER_ONLY_CV,,correct,0.40229951849622864,high
1.0,952.0,VAR_004112,1,0.9814106292973296,0.4676065299723352,0.4381502900787569,1,MASTER_ONLY_CV,,correct,0.5432603392185726,high
0.0,953.0,VAR_004321,1,0.1396445137050428,0.4552237562989291,0.4381502900787569,0,MASTER_ONLY_CV,,false_negative,0.2985057763737141,high
4.0,954.0,VAR_003293,1,0.9552591361235906,0.2888357696077288,0.4381502900787569,1,MASTER_ONLY_CV,,correct,0.5171088460448336,high
3.0,955.0,VAR_002234,1,0.8608062394447163,0.4381502900787569,0.4381502900787569,1,MASTER_ONLY_CV,,correct,0.42265594936595946,high
2.0,956.0,VAR_002630,1,0.8925873685531707,0.3589974365481315,0.4381502900787569,1,MASTER_ONLY_CV,,correct,0.4544370784744138,high
4.0,958.0,VAR_000923,0,0.0550688916650002,0.2888357696077288,0.4381502900787569,0,MASTER_ONLY_CV,,correct,0.38308139841375666,high
0.0,959.0,VAR_005640,0,0.0685106656123452,0.4552237562989291,0.4381502900787569,0,MASTER_ONLY_CV,,correct,0.3696396244664117,high
3.0,960.0,VAR_002515,1,0.8358759367464584,0.4381502900787569,0.4381502900787569,1,MASTER_ONLY_CV,,correct,0.39772564666770155,high
3.0,961.0,VAR_001586,1,0.7088241946290703,0.4381502900787569,0.4381502900787569,1,MASTER_ONLY_CV,,correct,0.2706739045503134,high
1.0,962.0,VAR_005401,1,0.9849552421382995,0.4676065299723352,0.4381502900787569,1,MASTER_ONLY_CV,,correct,0.5468049520595426,high
0.0,963.0,VAR_005476,0,0.0901562731114802,0.4552237562989291,0.4381502900787569,0,MASTER_ONLY_CV,,correct,0.3479940169672767,high
2.0,964.0,VAR_005765,1,0.8994010998933467,0.3589974365481315,0.4381502900787569,1,MASTER_ONLY_CV,,correct,0.4612508098145898,high
1.0,965.0,VAR_005795,1,0.990097391800136,0.4676065299723352,0.4381502900787569,1,MASTER_ONLY_CV,,correct,0.5519471017213791,high
2.0,966.0,VAR_001774,1,0.9243028438880968,0.3589974365481315,0.4381502900787569,1,MASTER_ONLY_CV,,correct,0.4861525538093399,high
4.0,967.0,VAR_000010,0,0.0827256556832523,0.2888357696077288,0.4381502900787569,0,MASTER_ONLY_CV,,correct,0.3554246343955046,high
4.0,968.0,VAR_004777,1,0.5019172166968188,0.2888357696077288,0.4381502900787569,1,MASTER_ONLY_CV,,correct,0.06376692661806188,moderate
0.0,969.0,VAR_004418,1,0.9702719924987108,0.4552237562989291,0.4381502900787569,1,MASTER_ONLY_CV,,correct,0.5321217024199538,high
4.0,970.0,VAR_000912,1,0.922838843903502,0.2888357696077288,0.4381502900787569,1,MASTER_ONLY_CV,,correct,0.4846885538247451,high
3.0,971.0,VAR_004096,0,0.0109352515559948,0.4381502900787569,0.4381502900787569,0,MASTER_ONLY_CV,,correct,0.4272150385227621,high
0.0,972.0,VAR_000167,1,0.9223158777142604,0.4552237562989291,0.4381502900787569,1,MASTER_ONLY_CV,,correct,0.4841655876355035,high
4.0,973.0,VAR_002486,0,0.033836728862297,0.2888357696077288,0.4381502900787569,0,MASTER_ONLY_CV,,correct,0.4043135612164599,high
3.0,974.0,VAR_002488,1,0.0831138632282855,0.4381502900787569,0.4381502900787569,0,MASTER_ONLY_CV,,false_negative,0.3550364268504714,high
2.0,975.0,VAR_004072,1,0.9345006976365754,0.3589974365481315,0.4381502900787569,1,MASTER_ONLY_CV,,correct,0.4963504075578185,high
3.0,976.0,VAR_005715,1,0.8902123035278585,0.4381502900787569,0.4381502900787569,1,MASTER_ONLY_CV,,correct,0.45206201344910163,high
3.0,977.0,VAR_005072,1,0.9466674700481412,0.4381502900787569,0.4381502900787569,1,MASTER_ONLY_CV,,correct,0.5085171799693844,high
0.0,978.0,VAR_004962,1,0.9272363625419756,0.4552237562989291,0.4381502900787569,1,MASTER_ONLY_CV,,correct,0.4890860724632187,high
2.0,979.0,VAR_003442,0,0.0165240030955847,0.3589974365481315,0.4381502900787569,0,MASTER_ONLY_CV,,correct,0.42162628698317217,high
0.0,980.0,VAR_005992,1,0.3068335068589237,0.4552237562989291,0.4381502900787569,0,MASTER_ONLY_CV,,false_negative,0.1313167832198332,moderate
3.0,981.0,VAR_005128,1,0.9621093228692238,0.4381502900787569,0.4381502900787569,1,MASTER_ONLY_CV,,correct,0.5239590327904668,high
2.0,983.0,VAR_004779,1,0.9009178686067968,0.3589974365481315,0.4381502900787569,1,MASTER_ONLY_CV,,correct,0.4627675785280399,high
0.0,984.0,VAR_002482,0,0.0454359256151771,0.4552237562989291,0.4381502900787569,0,MASTER_ONLY_CV,,correct,0.39271436446357977,high
3.0,985.0,VAR_005177,1,0.7974637243575456,0.4381502900787569,0.4381502900787569,1,MASTER_ONLY_CV,,correct,0.35931343427878876,high
0.0,986.0,VAR_006197,0,0.979661198464062,0.4552237562989291,0.4381502900787569,1,MASTER_ONLY_CV,,false_positive,0.5415109083853051,high
3.0,988.0,VAR_001486,1,0.5018512733259006,0.4381502900787569,0.4381502900787569,1,MASTER_ONLY_CV,,correct,0.06370098324714374,moderate
0.0,989.0,VAR_003313,0,0.96313525231077,0.4552237562989291,0.4381502900787569,1,MASTER_ONLY_CV,,false_positive,0.5249849622320131,high
1.0,990.0,VAR_005017,1,0.9413812066412294,0.4676065299723352,0.4381502900787569,1,MASTER_ONLY_CV,,correct,0.5032309165624724,high
1.0,991.0,VAR_006178,1,0.8669394075339583,0.4676065299723352,0.4381502900787569,1,MASTER_ONLY_CV,,correct,0.4287891174552014,high
3.0,993.0,VAR_002154,1,0.9869313060786284,0.4381502900787569,0.4381502900787569,1,MASTER_ONLY_CV,,correct,0.5487810159998716,high
3.0,994.0,VAR_000331,1,0.9685463164673896,0.4381502900787569,0.4381502900787569,1,MASTER_ONLY_CV,,correct,0.5303960263886327,high
3.0,995.0,VAR_004331,0,0.3956121435980587,0.4381502900787569,0.4381502900787569,0,MASTER_ONLY_CV,,correct,0.0425381464806982,borderline
3.0,996.0,VAR_006153,1,0.8755209352870611,0.4381502900787569,0.4381502900787569,1,MASTER_ONLY_CV,,correct,0.4373706452083042,high
4.0,997.0,VAR_005061,1,0.2352434456745267,0.2888357696077288,0.4381502900787569,0,MASTER_ONLY_CV,,false_negative,0.20290684440423018,high
2.0,998.0,VAR_006091,1,0.4139399659973636,0.3589974365481315,0.4381502900787569,0,MASTER_ONLY_CV,,false_negative,0.024210324081393286,borderline
3.0,999.0,VAR_006263,1,0.926630333233458,0.4381502900787569,0.4381502900787569,1,MASTER_ONLY_CV,,correct,0.4884800431547011,high
2.0,1000.0,VAR_004842,1,0.6020495187060617,0.3589974365481315,0.4381502900787569,1,MASTER_ONLY_CV,,correct,0.16389922862730483,moderate
1.0,1001.0,VAR_004824,1,0.8970756964189515,0.4676065299723352,0.4381502900787569,1,MASTER_ONLY_CV,,correct,0.4589254063401946,high
0.0,1002.0,VAR_003865,1,0.9049887320607828,0.4552237562989291,0.4381502900787569,1,MASTER_ONLY_CV,,correct,0.4668384419820259,high
2.0,1003.0,VAR_002601,0,0.0987503268640557,0.3589974365481315,0.4381502900787569,0,MASTER_ONLY_CV,,correct,0.3393999632147012,high
2.0,1004.0,VAR_001092,0,0.8412536644750148,0.3589974365481315,0.4381502900787569,1,MASTER_ONLY_CV,,false_positive,0.40310337439625793,high
3.0,1006.0,VAR_003804,1,0.6561864751973532,0.4381502900787569,0.4381502900787569,1,MASTER_ONLY_CV,,correct,0.2180361851185963,high
2.0,1007.0,VAR_000638,1,0.955845512824913,0.3589974365481315,0.4381502900787569,1,MASTER_ONLY_CV,,correct,0.5176952227461562,high
2.0,1009.0,VAR_000292,1,0.8206910491188919,0.3589974365481315,0.4381502900787569,1,MASTER_ONLY_CV,,correct,0.382540759040135,high
0.0,1010.0,VAR_003281,1,0.9103643699956848,0.4552237562989291,0.4381502900787569,1,MASTER_ONLY_CV,,correct,0.47221407991692793,high
4.0,1011.0,VAR_001283,0,0.0194221691599521,0.2888357696077288,0.4381502900787569,0,MASTER_ONLY_CV,,correct,0.4187281209188048,high
4.0,1012.0,VAR_004113,1,0.9478219982087844,0.2888357696077288,0.4381502900787569,1,MASTER_ONLY_CV,,correct,0.5096717081300275,high
1.0,1013.0,VAR_000283,1,0.9885469990849513,0.4676065299723352,0.4381502900787569,1,MASTER_ONLY_CV,,correct,0.5503967090061943,high
0.0,1014.0,VAR_001383,1,0.8297308456015111,0.4552237562989291,0.4381502900787569,1,MASTER_ONLY_CV,,correct,0.3915805555227542,high
3.0,1015.0,VAR_006582,1,0.5339009020623103,0.4381502900787569,0.4381502900787569,1,MASTER_ONLY_CV,,correct,0.09575061198355345,moderate
2.0,1016.0,VAR_000862,0,0.2797948991412268,0.3589974365481315,0.4381502900787569,0,MASTER_ONLY_CV,,correct,0.1583553909375301,moderate
0.0,1017.0,VAR_001388,1,0.5733079215304288,0.4552237562989291,0.4381502900787569,1,MASTER_ONLY_CV,,correct,0.13515763145167187,moderate
2.0,1018.0,VAR_004454,0,0.0533627882138327,0.3589974365481315,0.4381502900787569,0,MASTER_ONLY_CV,,correct,0.38478750186492416,high
1.0,1019.0,VAR_001405,1,0.5233745966768438,0.4676065299723352,0.4381502900787569,1,MASTER_ONLY_CV,,correct,0.08522430659808694,moderate
1.0,1020.0,VAR_005710,1,0.9817286080717142,0.4676065299723352,0.4381502900787569,1,MASTER_ONLY_CV,,correct,0.5435783179929574,high
0.0,1021.0,VAR_004051,1,0.9856634304143794,0.4552237562989291,0.4381502900787569,1,MASTER_ONLY_CV,,correct,0.5475131403356226,high
0.0,1022.0,VAR_001401,0,0.5733079215304288,0.4552237562989291,0.4381502900787569,1,MASTER_ONLY_CV,,false_positive,0.13515763145167187,moderate
0.0,1023.0,VAR_004167,0,0.1177171996806503,0.4552237562989291,0.4381502900787569,0,MASTER_ONLY_CV,,correct,0.3204330903981066,high
3.0,1024.0,VAR_006045,1,0.9566623126409214,0.4381502900787569,0.4381502900787569,1,MASTER_ONLY_CV,,correct,0.5185120225621644,high
2.0,1025.0,VAR_005764,1,0.4168211076444779,0.3589974365481315,0.4381502900787569,0,MASTER_ONLY_CV,,false_negative,0.021329182434279004,borderline
3.0,1027.0,VAR_001366,1,0.5018512733259006,0.4381502900787569,0.4381502900787569,1,MASTER_ONLY_CV,,correct,0.06370098324714374,moderate
2.0,1028.0,VAR_005784,1,0.8368904603632119,0.3589974365481315,0.4381502900787569,1,MASTER_ONLY_CV,,correct,0.398740170284455,high
0.0,1029.0,VAR_004758,0,0.0243935425221763,0.4552237562989291,0.4381502900787569,0,MASTER_ONLY_CV,,correct,0.4137567475565806,high
1.0,1030.0,VAR_000241,1,0.97686648944315,0.4676065299723352,0.4381502900787569,1,MASTER_ONLY_CV,,correct,0.5387161993643932,high
2.0,1031.0,VAR_000429,1,0.8942834779085506,0.3589974365481315,0.4381502900787569,1,MASTER_ONLY_CV,,correct,0.4561331878297937,high
1.0,1032.0,VAR_002292,0,0.0690187976128344,0.4676065299723352,0.4381502900787569,0,MASTER_ONLY_CV,,correct,0.3691314924659225,high
1.0,1033.0,VAR_004468,1,0.3643878243659668,0.4676065299723352,0.4381502900787569,0,MASTER_ONLY_CV,,false_negative,0.0737624657127901,moderate
3.0,1034.0,VAR_002223,1,0.935352273756351,0.4381502900787569,0.4381502900787569,1,MASTER_ONLY_CV,,correct,0.4972019836775941,high
4.0,1035.0,VAR_002527,0,0.0921691868973877,0.2888357696077288,0.4381502900787569,0,MASTER_ONLY_CV,,correct,0.3459811031813692,high
3.0,1036.0,VAR_006521,1,0.9320791787950304,0.4381502900787569,0.4381502900787569,1,MASTER_ONLY_CV,,correct,0.49392888871627355,high
3.0,1037.0,VAR_006253,1,0.9217943828445452,0.4381502900787569,0.4381502900787569,1,MASTER_ONLY_CV,,correct,0.4836440927657883,high
2.0,1038.0,VAR_005090,0,0.0218133756786516,0.3589974365481315,0.4381502900787569,0,MASTER_ONLY_CV,,correct,0.4163369144001053,high
3.0,1040.0,VAR_000022,1,0.950717337837252,0.4381502900787569,0.4381502900787569,1,MASTER_ONLY_CV,,correct,0.5125670477584952,high
0.0,1041.0,VAR_000231,1,0.5973786961359262,0.4552237562989291,0.4381502900787569,1,MASTER_ONLY_CV,,correct,0.1592284060571693,moderate
3.0,1042.0,VAR_000278,1,0.8368283194409389,0.4381502900787569,0.4381502900787569,1,MASTER_ONLY_CV,,correct,0.39867802936218205,high
1.0,1043.0,VAR_004848,0,0.1929121011579375,0.4676065299723352,0.4381502900787569,0,MASTER_ONLY_CV,,correct,0.2452381889208194,high
3.0,1044.0,VAR_003016,0,0.2730344537899867,0.4381502900787569,0.4381502900787569,0,MASTER_ONLY_CV,,correct,0.1651158362887702,moderate
1.0,1046.0,VAR_000844,1,0.8995207615286,0.4676065299723352,0.4381502900787569,1,MASTER_ONLY_CV,,correct,0.46137047144984317,high
4.0,1047.0,VAR_002610,0,0.1041032541355638,0.2888357696077288,0.4381502900787569,0,MASTER_ONLY_CV,,correct,0.33404703594319307,high
1.0,1048.0,VAR_001319,0,0.6554005755436727,0.4676065299723352,0.4381502900787569,1,MASTER_ONLY_CV,,false_positive,0.21725028546491582,high
1.0,1049.0,VAR_001994,1,0.9178965456990807,0.4676065299723352,0.4381502900787569,1,MASTER_ONLY_CV,,correct,0.47974625562032386,high
2.0,1050.0,VAR_000811,1,0.9355719988000548,0.3589974365481315,0.4381502900787569,1,MASTER_ONLY_CV,,correct,0.49742170872129793,high
0.0,1051.0,VAR_000530,1,0.914237218988436,0.4552237562989291,0.4381502900787569,1,MASTER_ONLY_CV,,correct,0.47608692890967913,high
1.0,1052.0,VAR_004042,1,0.8750675670954138,0.4676065299723352,0.4381502900787569,1,MASTER_ONLY_CV,,correct,0.4369172770166569,high
2.0,1053.0,VAR_006165,1,0.9760455748586356,0.3589974365481315,0.4381502900787569,1,MASTER_ONLY_CV,,correct,0.5378952847798788,high
1.0,1054.0,VAR_005406,1,0.9336348059143524,0.4676065299723352,0.4381502900787569,1,MASTER_ONLY_CV,,correct,0.49548451583559555,high
3.0,1055.0,VAR_001363,1,0.510129672152861,0.4381502900787569,0.4381502900787569,1,MASTER_ONLY_CV,,correct,0.07197938207410409,moderate
4.0,1056.0,VAR_002452,1,0.8922985403503036,0.2888357696077288,0.4381502900787569,1,MASTER_ONLY_CV,,correct,0.45414825027154676,high
3.0,1057.0,VAR_000320,0,0.2370429251579131,0.4381502900787569,0.4381502900787569,0,MASTER_ONLY_CV,,correct,0.2011073649208438,high
1.0,1059.0,VAR_002168,1,0.8695929512754282,0.4676065299723352,0.4381502900787569,1,MASTER_ONLY_CV,,correct,0.43144266119667135,high
3.0,1060.0,VAR_006199,0,0.8896592533431863,0.4381502900787569,0.4381502900787569,1,MASTER_ONLY_CV,,false_positive,0.4515089632644294,high
2.0,1061.0,VAR_001418,1,0.4760035937934805,0.3589974365481315,0.4381502900787569,1,MASTER_ONLY_CV,,correct,0.03785330371472362,borderline
1.0,1062.0,VAR_004084,0,0.1118634365817569,0.4676065299723352,0.4381502900787569,0,MASTER_ONLY_CV,,correct,0.326286853497,high
4.0,1063.0,VAR_000059,1,0.9818879324767884,0.2888357696077288,0.4381502900787569,1,MASTER_ONLY_CV,,correct,0.5437376423980316,high
1.0,1066.0,VAR_005843,1,0.8844851210461271,0.4676065299723352,0.4381502900787569,1,MASTER_ONLY_CV,,correct,0.4463348309673702,high
3.0,1067.0,VAR_002948,1,0.960561088136851,0.4381502900787569,0.4381502900787569,1,MASTER_ONLY_CV,,correct,0.5224107980580941,high
2.0,1068.0,VAR_003678,1,0.9565848871144094,0.3589974365481315,0.4381502900787569,1,MASTER_ONLY_CV,,correct,0.5184345970356525,high
0.0,1071.0,VAR_004016,1,0.9437575349633884,0.4552237562989291,0.4381502900787569,1,MASTER_ONLY_CV,,correct,0.5056072448846316,high
1.0,1073.0,VAR_003036,1,0.9127466021059224,0.4676065299723352,0.4381502900787569,1,MASTER_ONLY_CV,,correct,0.4745963120271655,high
4.0,1074.0,VAR_005184,1,0.4404356798049355,0.2888357696077288,0.4381502900787569,1,MASTER_ONLY_CV,,correct,0.0022853897261785883,borderline
2.0,1075.0,VAR_004070,1,0.9471782008284264,0.3589974365481315,0.4381502900787569,1,MASTER_ONLY_CV,,correct,0.5090279107496696,high
2.0,1076.0,VAR_006070,0,0.4078064735723702,0.3589974365481315,0.4381502900787569,0,MASTER_ONLY_CV,,correct,0.03034381650638668,borderline
2.0,1077.0,VAR_005578,1,0.6843305380581223,0.3589974365481315,0.4381502900787569,1,MASTER_ONLY_CV,,correct,0.24618024797936539,high
2.0,1078.0,VAR_003861,1,0.9854885115491104,0.3589974365481315,0.4381502900787569,1,MASTER_ONLY_CV,,correct,0.5473382214703535,high
4.0,1079.0,VAR_002208,1,0.940875150927627,0.2888357696077288,0.4381502900787569,1,MASTER_ONLY_CV,,correct,0.5027248608488701,high
0.0,1080.0,VAR_000211,1,0.8955534085410803,0.4552237562989291,0.4381502900787569,1,MASTER_ONLY_CV,,correct,0.45740311846232345,high
0.0,1081.0,VAR_005246,1,0.9773211078287104,0.4552237562989291,0.4381502900787569,1,MASTER_ONLY_CV,,correct,0.5391708177499535,high
0.0,1082.0,VAR_000174,1,0.9103949514181164,0.4552237562989291,0.4381502900787569,1,MASTER_ONLY_CV,,correct,0.47224466133935955,high
1.0,1083.0,VAR_004110,1,0.8291573872398358,0.4676065299723352,0.4381502900787569,1,MASTER_ONLY_CV,,correct,0.3910070971610789,high
0.0,1084.0,VAR_004508,1,0.9675674605562694,0.4552237562989291,0.4381502900787569,1,MASTER_ONLY_CV,,correct,0.5294171704775126,high
4.0,1085.0,VAR_003419,1,0.8726643144433569,0.2888357696077288,0.4381502900787569,1,MASTER_ONLY_CV,,correct,0.4345140243646,high
0.0,1087.0,VAR_002299,1,0.4552237562989291,0.4552237562989291,0.4381502900787569,1,MASTER_ONLY_CV,,correct,0.017073466220172195,borderline
4.0,1088.0,VAR_005145,1,0.5686112275513484,0.2888357696077288,0.4381502900787569,1,MASTER_ONLY_CV,,correct,0.13046093747259152,moderate
0.0,1090.0,VAR_004208,0,0.5781205676078343,0.4552237562989291,0.4381502900787569,1,MASTER_ONLY_CV,,false_positive,0.13997027752907737,moderate
4.0,1092.0,VAR_003375,1,0.9011591466897604,0.2888357696077288,0.4381502900787569,1,MASTER_ONLY_CV,,correct,0.4630088566110035,high
3.0,1094.0,VAR_004268,0,0.0692458890801764,0.4381502900787569,0.4381502900787569,0,MASTER_ONLY_CV,,correct,0.36890440099858046,high
3.0,1096.0,VAR_004766,1,0.4383273818961236,0.4381502900787569,0.4381502900787569,1,MASTER_ONLY_CV,,correct,0.00017709181736669244,borderline
4.0,1097.0,VAR_005032,1,0.8883350372383114,0.2888357696077288,0.4381502900787569,1,MASTER_ONLY_CV,,correct,0.45018474715955453,high
0.0,1101.0,VAR_006182,1,0.8042028657563574,0.4552237562989291,0.4381502900787569,1,MASTER_ONLY_CV,,correct,0.36605257567760047,high
1.0,1103.0,VAR_004583,0,0.4060234512262248,0.4676065299723352,0.4381502900787569,0,MASTER_ONLY_CV,,correct,0.03212683885253209,borderline
2.0,1104.0,VAR_003345,1,0.7594924878823511,0.3589974365481315,0.4381502900787569,1,MASTER_ONLY_CV,,correct,0.32134219780359424,high
2.0,1105.0,VAR_002003,0,0.4225626196071714,0.3589974365481315,0.4381502900787569,0,MASTER_ONLY_CV,,correct,0.01558767047158549,borderline
4.0,1106.0,VAR_000266,1,0.7090024535414838,0.2888357696077288,0.4381502900787569,1,MASTER_ONLY_CV,,correct,0.27085216346272695,high
0.0,1107.0,VAR_000328,1,0.6962107764278446,0.4552237562989291,0.4381502900787569,1,MASTER_ONLY_CV,,correct,0.2580604863490877,high
4.0,1108.0,VAR_000697,1,0.423865062586898,0.2888357696077288,0.4381502900787569,0,MASTER_ONLY_CV,,false_negative,0.014285227491858898,borderline
2.0,1109.0,VAR_005157,1,0.7729821841517144,0.3589974365481315,0.4381502900787569,1,MASTER_ONLY_CV,,correct,0.3348318940729575,high
3.0,1110.0,VAR_002423,1,0.9799777969574432,0.4381502900787569,0.4381502900787569,1,MASTER_ONLY_CV,,correct,0.5418275068786864,high
2.0,1111.0,VAR_001037,1,0.9590509366682972,0.3589974365481315,0.4381502900787569,1,MASTER_ONLY_CV,,correct,0.5209006465895403,high
2.0,1112.0,VAR_003908,0,0.2108132218234518,0.3589974365481315,0.4381502900787569,0,MASTER_ONLY_CV,,correct,0.22733706825530509,high
1.0,1113.0,VAR_006596,1,0.3532372228611271,0.4676065299723352,0.4381502900787569,0,MASTER_ONLY_CV,,false_negative,0.08491306721762981,moderate
2.0,1114.0,VAR_000517,0,0.0870844312503457,0.3589974365481315,0.4381502900787569,0,MASTER_ONLY_CV,,correct,0.3510658588284112,high
2.0,1115.0,VAR_001908,0,0.0214226534356734,0.3589974365481315,0.4381502900787569,0,MASTER_ONLY_CV,,correct,0.4167276366430835,high
3.0,1116.0,VAR_003756,1,0.2424333013038232,0.4381502900787569,0.4381502900787569,0,MASTER_ONLY_CV,,false_negative,0.19571698877493368,moderate
2.0,1117.0,VAR_001306,0,0.6404603623901914,0.3589974365481315,0.4381502900787569,1,MASTER_ONLY_CV,,false_positive,0.20231007231143455,high
3.0,1118.0,VAR_000957,1,0.4419806581768638,0.4381502900787569,0.4381502900787569,1,MASTER_ONLY_CV,,correct,0.00383036809810694,borderline
3.0,1119.0,VAR_000497,1,0.7349114185513737,0.4381502900787569,0.4381502900787569,1,MASTER_ONLY_CV,,correct,0.29676112847261676,high
2.0,1120.0,VAR_000169,1,0.8216751835204753,0.3589974365481315,0.4381502900787569,1,MASTER_ONLY_CV,,correct,0.3835248934417184,high
1.0,1121.0,VAR_002204,1,0.9188914340155632,0.4676065299723352,0.4381502900787569,1,MASTER_ONLY_CV,,correct,0.4807411439368063,high
0.0,1123.0,VAR_002201,1,0.757925748705267,0.4552237562989291,0.4381502900787569,1,MASTER_ONLY_CV,,correct,0.3197754586265101,high
4.0,1124.0,VAR_004923,1,0.9287192564654014,0.2888357696077288,0.4381502900787569,1,MASTER_ONLY_CV,,correct,0.49056896638664454,high
1.0,1125.0,VAR_001555,1,0.5280670997603266,0.4676065299723352,0.4381502900787569,1,MASTER_ONLY_CV,,correct,0.08991680968156973,moderate
4.0,1126.0,VAR_001575,1,0.5508862273641084,0.2888357696077288,0.4381502900787569,1,MASTER_ONLY_CV,,correct,0.11273593728535153,moderate
3.0,1127.0,VAR_000373,0,0.307482622129984,0.4381502900787569,0.4381502900787569,0,MASTER_ONLY_CV,,correct,0.13066766794877288,moderate
4.0,1128.0,VAR_004847,1,0.9311545316072116,0.2888357696077288,0.4381502900787569,1,MASTER_ONLY_CV,,correct,0.49300424152845473,high
2.0,1129.0,VAR_002680,1,0.6166744214405531,0.3589974365481315,0.4381502900787569,1,MASTER_ONLY_CV,,correct,0.17852413136179618,moderate
2.0,1130.0,VAR_001226,1,0.9669346987582964,0.3589974365481315,0.4381502900787569,1,MASTER_ONLY_CV,,correct,0.5287844086795395,high
1.0,1131.0,VAR_002360,1,0.8054626600555348,0.4676065299723352,0.4381502900787569,1,MASTER_ONLY_CV,,correct,0.3673123699767779,high
3.0,1132.0,VAR_001789,0,0.06246164800703,0.4381502900787569,0.4381502900787569,0,MASTER_ONLY_CV,,correct,0.37568864207172686,high
4.0,1133.0,VAR_003525,1,0.702770398109808,0.2888357696077288,0.4381502900787569,1,MASTER_ONLY_CV,,correct,0.2646201080310511,high
0.0,1134.0,VAR_005342,0,0.0380215006587778,0.4552237562989291,0.4381502900787569,0,MASTER_ONLY_CV,,correct,0.4001287894199791,high
1.0,1135.0,VAR_002309,1,0.8646178285220795,0.4676065299723352,0.4381502900787569,1,MASTER_ONLY_CV,,correct,0.4264675384433226,high
1.0,1136.0,VAR_005245,1,0.9922611218996256,0.4676065299723352,0.4381502900787569,1,MASTER_ONLY_CV,,correct,0.5541108318208687,high
3.0,1137.0,VAR_001124,1,0.6903664479243472,0.4381502900787569,0.4381502900787569,1,MASTER_ONLY_CV,,correct,0.2522161578455903,high
1.0,1138.0,VAR_000812,1,0.804619876460178,0.4676065299723352,0.4381502900787569,1,MASTER_ONLY_CV,,correct,0.3664695863814211,high
4.0,1139.0,VAR_000779,1,0.92761211266679,0.2888357696077288,0.4381502900787569,1,MASTER_ONLY_CV,,correct,0.4894618225880331,high
1.0,1140.0,VAR_002571,0,0.0351283096007856,0.4676065299723352,0.4381502900787569,0,MASTER_ONLY_CV,,correct,0.4030219804779713,high
4.0,1141.0,VAR_004298,1,0.2995527917330616,0.2888357696077288,0.4381502900787569,0,MASTER_ONLY_CV,,false_negative,0.1385974983456953,moderate
0.0,1142.0,VAR_006356,0,0.5903369469967892,0.4552237562989291,0.4381502900787569,1,MASTER_ONLY_CV,,false_positive,0.1521866569180323,moderate
1.0,1143.0,VAR_004152,0,0.1913830076947375,0.4676065299723352,0.4381502900787569,0,MASTER_ONLY_CV,,correct,0.24676728238401938,high
0.0,1146.0,VAR_003459,1,0.9930422956880466,0.4552237562989291,0.4381502900787569,1,MASTER_ONLY_CV,,correct,0.5548920056092896,high
0.0,1147.0,VAR_003041,1,0.9073038801078768,0.4552237562989291,0.4381502900787569,1,MASTER_ONLY_CV,,correct,0.4691535900291199,high
3.0,1148.0,VAR_005518,1,0.94892992352482,0.4381502900787569,0.4381502900787569,1,MASTER_ONLY_CV,,correct,0.510779633446063,high
3.0,1149.0,VAR_004185,0,0.006977203191316,0.4381502900787569,0.4381502900787569,0,MASTER_ONLY_CV,,correct,0.4311730868874409,high
4.0,1151.0,VAR_002006,1,0.5024111340266866,0.2888357696077288,0.4381502900787569,1,MASTER_ONLY_CV,,correct,0.06426084394792969,moderate
2.0,1153.0,VAR_001417,1,0.4901444677845955,0.3589974365481315,0.4381502900787569,1,MASTER_ONLY_CV,,correct,0.051994177705838585,moderate
4.0,1154.0,VAR_005159,1,0.9741338305556334,0.2888357696077288,0.4381502900787569,1,MASTER_ONLY_CV,,correct,0.5359835404768765,high
3.0,1156.0,VAR_005410,0,0.6462095921288747,0.4381502900787569,0.4381502900787569,1,MASTER_ONLY_CV,,false_positive,0.20805930205011786,high
3.0,1158.0,VAR_005707,1,0.9722676787022748,0.4381502900787569,0.4381502900787569,1,MASTER_ONLY_CV,,correct,0.534117388623518,high
1.0,1159.0,VAR_000135,1,0.3579787621756294,0.4676065299723352,0.4381502900787569,0,MASTER_ONLY_CV,,false_negative,0.08017152790312748,moderate
3.0,1160.0,VAR_005481,1,0.8783789875673672,0.4381502900787569,0.4381502900787569,1,MASTER_ONLY_CV,,correct,0.4402286974886103,high
4.0,1162.0,VAR_003370,1,0.3363948160988391,0.2888357696077288,0.4381502900787569,0,MASTER_ONLY_CV,,false_negative,0.1017554739799178,moderate
3.0,1163.0,VAR_000476,1,0.6277808839330872,0.4381502900787569,0.4381502900787569,1,MASTER_ONLY_CV,,correct,0.1896305938543303,moderate
2.0,1164.0,VAR_005187,1,0.3136159960341182,0.3589974365481315,0.4381502900787569,0,MASTER_ONLY_CV,,false_negative,0.12453429404463867,moderate
4.0,1166.0,VAR_004791,0,0.1467539066784924,0.2888357696077288,0.4381502900787569,0,MASTER_ONLY_CV,,correct,0.2913963834002645,high
4.0,1167.0,VAR_001317,0,0.6368487888086459,0.2888357696077288,0.4381502900787569,1,MASTER_ONLY_CV,,false_positive,0.19869849872988904,moderate
0.0,1168.0,VAR_005853,1,0.9495993074752423,0.4552237562989291,0.4381502900787569,1,MASTER_ONLY_CV,,correct,0.5114490173964854,high
4.0,1169.0,VAR_001517,0,0.8481069732916383,0.2888357696077288,0.4381502900787569,1,MASTER_ONLY_CV,,false_positive,0.4099566832128814,high
4.0,1170.0,VAR_006166,1,0.9415114034385548,0.2888357696077288,0.4381502900787569,1,MASTER_ONLY_CV,,correct,0.5033611133597979,high
2.0,1171.0,VAR_006339,1,0.7850441509339011,0.3589974365481315,0.4381502900787569,1,MASTER_ONLY_CV,,correct,0.34689386085514423,high
1.0,1172.0,VAR_002803,1,0.8360715782244362,0.4676065299723352,0.4381502900787569,1,MASTER_ONLY_CV,,correct,0.39792128814567934,high
1.0,1173.0,VAR_001836,0,0.0192285224820739,0.4676065299723352,0.4381502900787569,0,MASTER_ONLY_CV,,correct,0.418921767596683,high
1.0,1174.0,VAR_001701,1,0.9615574452606984,0.4676065299723352,0.4381502900787569,1,MASTER_ONLY_CV,,correct,0.5234071551819415,high
4.0,1175.0,VAR_006239,0,0.0402882201106244,0.2888357696077288,0.4381502900787569,0,MASTER_ONLY_CV,,correct,0.3978620699681325,high
0.0,1176.0,VAR_001736,0,0.0499510893745843,0.4552237562989291,0.4381502900787569,0,MASTER_ONLY_CV,,correct,0.3881992007041726,high
1.0,1177.0,VAR_005016,1,0.7799534604986621,0.4676065299723352,0.4381502900787569,1,MASTER_ONLY_CV,,correct,0.3418031704199052,high
2.0,1178.0,VAR_006560,0,0.0417530712112728,0.3589974365481315,0.4381502900787569,0,MASTER_ONLY_CV,,correct,0.3963972188674841,high
4.0,1180.0,VAR_006498,1,0.9780516783221068,0.2888357696077288,0.4381502900787569,1,MASTER_ONLY_CV,,correct,0.5399013882433499,high
2.0,1181.0,VAR_000411,0,0.3800023563896439,0.3589974365481315,0.4381502900787569,0,MASTER_ONLY_CV,,correct,0.058147933689112974,moderate
2.0,1182.0,VAR_006264,1,0.9791467580266466,0.3589974365481315,0.4381502900787569,1,MASTER_ONLY_CV,,correct,0.5409964679478898,high
4.0,1183.0,VAR_005051,0,0.573374004675368,0.2888357696077288,0.4381502900787569,1,MASTER_ONLY_CV,,false_positive,0.13522371459661114,moderate
1.0,1185.0,VAR_001709,0,0.8580923080488595,0.4676065299723352,0.4381502900787569,1,MASTER_ONLY_CV,,false_positive,0.4199420179701026,high
0.0,1188.0,VAR_003017,1,0.9124803608763952,0.4552237562989291,0.4381502900787569,1,MASTER_ONLY_CV,,correct,0.4743300707976383,high
1.0,1189.0,VAR_006573,0,0.916572322660732,0.4676065299723352,0.4381502900787569,1,MASTER_ONLY_CV,,false_positive,0.4784220325819751,high
1.0,1190.0,VAR_000374,1,0.6612694822488376,0.4676065299723352,0.4381502900787569,1,MASTER_ONLY_CV,,correct,0.22311919217008075,high
3.0,1191.0,VAR_001335,1,0.7237515190179813,0.4381502900787569,0.4381502900787569,1,MASTER_ONLY_CV,,correct,0.2856012289392244,high
4.0,1192.0,VAR_003568,0,0.7790836667805482,0.2888357696077288,0.4381502900787569,1,MASTER_ONLY_CV,,false_positive,0.3409333767017913,high
1.0,1193.0,VAR_000236,1,0.8493655455081333,0.4676065299723352,0.4381502900787569,1,MASTER_ONLY_CV,,correct,0.41121525542937637,high
2.0,1194.0,VAR_006277,0,0.1832506377883959,0.3589974365481315,0.4381502900787569,0,MASTER_ONLY_CV,,correct,0.254899652290361,high
1.0,1195.0,VAR_004098,0,0.1576808891781759,0.4676065299723352,0.4381502900787569,0,MASTER_ONLY_CV,,correct,0.280469400900581,high
0.0,1196.0,VAR_000306,0,0.0927567667551635,0.4552237562989291,0.4381502900787569,0,MASTER_ONLY_CV,,correct,0.3453935233235934,high
1.0,1197.0,VAR_005617,1,0.9917372070755618,0.4676065299723352,0.4381502900787569,1,MASTER_ONLY_CV,,correct,0.5535869169968048,high
0.0,1198.0,VAR_000792,1,0.7626195941072329,0.4552237562989291,0.4381502900787569,1,MASTER_ONLY_CV,,correct,0.324469304028476,high
4.0,1199.0,VAR_002407,0,0.0322065131505188,0.2888357696077288,0.4381502900787569,0,MASTER_ONLY_CV,,correct,0.4059437769282381,high
1.0,1200.0,VAR_006350,1,0.8241294848194813,0.4676065299723352,0.4381502900787569,1,MASTER_ONLY_CV,,correct,0.38597919474072445,high
2.0,1201.0,VAR_004250,1,0.7271734275722869,0.3589974365481315,0.4381502900787569,1,MASTER_ONLY_CV,,correct,0.28902313749353,high
2.0,1203.0,VAR_005010,1,0.1974828995663634,0.3589974365481315,0.4381502900787569,0,MASTER_ONLY_CV,,false_negative,0.2406673905123935,high
0.0,1204.0,VAR_001711,1,0.377503851284646,0.4552237562989291,0.4381502900787569,0,MASTER_ONLY_CV,,false_negative,0.06064643879411091,moderate
3.0,1206.0,VAR_004854,1,0.5225146910959086,0.4381502900787569,0.4381502900787569,1,MASTER_ONLY_CV,,correct,0.08436440101715176,moderate
1.0,1207.0,VAR_004994,0,0.264603298288677,0.4676065299723352,0.4381502900787569,0,MASTER_ONLY_CV,,correct,0.17354699179007987,moderate
0.0,1208.0,VAR_004707,0,0.1358983660061842,0.4552237562989291,0.4381502900787569,0,MASTER_ONLY_CV,,correct,0.3022519240725727,high
2.0,1209.0,VAR_005641,0,0.2390555640942732,0.3589974365481315,0.4381502900787569,0,MASTER_ONLY_CV,,correct,0.1990947259844837,moderate
1.0,1210.0,VAR_003245,0,0.2646327241611725,0.4676065299723352,0.4381502900787569,0,MASTER_ONLY_CV,,correct,0.17351756591758438,moderate
4.0,1212.0,VAR_005183,1,0.9566189047442764,0.2888357696077288,0.4381502900787569,1,MASTER_ONLY_CV,,correct,0.5184686146655195,high
0.0,1213.0,VAR_000415,1,0.5924469955304247,0.4552237562989291,0.4381502900787569,1,MASTER_ONLY_CV,,correct,0.1542967054516678,moderate
1.0,1214.0,VAR_000528,1,0.9553710279022328,0.4676065299723352,0.4381502900787569,1,MASTER_ONLY_CV,,correct,0.5172207378234759,high
4.0,1215.0,VAR_005162,1,0.9553299605100278,0.2888357696077288,0.4381502900787569,1,MASTER_ONLY_CV,,correct,0.517179670431271,high
3.0,1216.0,VAR_001440,1,0.7398450719590263,0.4381502900787569,0.4381502900787569,1,MASTER_ONLY_CV,,correct,0.3016947818802694,high
0.0,1217.0,VAR_004809,1,0.9233017754119516,0.4552237562989291,0.4381502900787569,1,MASTER_ONLY_CV,,correct,0.4851514853331947,high
3.0,1219.0,VAR_004901,1,0.8519708065389765,0.4381502900787569,0.4381502900787569,1,MASTER_ONLY_CV,,correct,0.4138205164602196,high
1.0,1220.0,VAR_005985,0,0.1367498698749963,0.4676065299723352,0.4381502900787569,0,MASTER_ONLY_CV,,correct,0.30140042020376057,high
3.0,1221.0,VAR_006503,1,0.635498513735469,0.4381502900787569,0.4381502900787569,1,MASTER_ONLY_CV,,correct,0.19734822365671206,moderate
4.0,1223.0,VAR_000531,1,0.9815105930291268,0.2888357696077288,0.4381502900787569,1,MASTER_ONLY_CV,,correct,0.54336030295037,high
0.0,1224.0,VAR_005769,1,0.9798538551615372,0.4552237562989291,0.4381502900787569,1,MASTER_ONLY_CV,,correct,0.5417035650827804,high
1.0,1225.0,VAR_005551,1,0.9927220879167212,0.4676065299723352,0.4381502900787569,1,MASTER_ONLY_CV,,correct,0.5545717978379643,high
1.0,1226.0,VAR_005365,1,0.5443285481187824,0.4676065299723352,0.4381502900787569,1,MASTER_ONLY_CV,,correct,0.10617825804002551,moderate
1.0,1227.0,VAR_002985,1,0.7820409066425777,0.4676065299723352,0.4381502900787569,1,MASTER_ONLY_CV,,correct,0.34389061656382086,high
2.0,1228.0,VAR_003960,1,0.9624069707839926,0.3589974365481315,0.4381502900787569,1,MASTER_ONLY_CV,,correct,0.5242566807052358,high
2.0,1229.0,VAR_005695,1,0.9341239505686662,0.3589974365481315,0.4381502900787569,1,MASTER_ONLY_CV,,correct,0.49597366048990926,high
4.0,1230.0,VAR_002259,1,0.5670335341665019,0.2888357696077288,0.4381502900787569,1,MASTER_ONLY_CV,,correct,0.12888324408774504,moderate
0.0,1231.0,VAR_003986,1,0.9639736349100638,0.4552237562989291,0.4381502900787569,1,MASTER_ONLY_CV,,correct,0.525823344831307,high
1.0,1232.0,VAR_001723,0,0.5196035931768301,0.4676065299723352,0.4381502900787569,1,MASTER_ONLY_CV,,false_positive,0.08145330309807325,moderate
3.0,1233.0,VAR_003860,1,0.9171031069415068,0.4381502900787569,0.4381502900787569,1,MASTER_ONLY_CV,,correct,0.4789528168627499,high
2.0,1234.0,VAR_003857,1,0.9391057107400136,0.3589974365481315,0.4381502900787569,1,MASTER_ONLY_CV,,correct,0.5009554206612568,high
1.0,1237.0,VAR_000288,1,0.4911468246305464,0.4676065299723352,0.4381502900787569,1,MASTER_ONLY_CV,,correct,0.05299653455178949,moderate
1.0,1239.0,VAR_003412,1,0.8711547481432949,0.4676065299723352,0.4381502900787569,1,MASTER_ONLY_CV,,correct,0.43300445806453797,high
0.0,1240.0,VAR_005234,0,0.1288789708422222,0.4552237562989291,0.4381502900787569,0,MASTER_ONLY_CV,,correct,0.3092713192365347,high
4.0,1241.0,VAR_000795,0,0.5826157596518217,0.2888357696077288,0.4381502900787569,1,MASTER_ONLY_CV,,false_positive,0.14446546957306478,moderate
4.0,1243.0,VAR_000141,1,0.8983111347489293,0.2888357696077288,0.4381502900787569,1,MASTER_ONLY_CV,,correct,0.46016084467017243,high
2.0,1245.0,VAR_005492,1,0.9938624057650564,0.3589974365481315,0.4381502900787569,1,MASTER_ONLY_CV,,correct,0.5557121156862994,high
0.0,1246.0,VAR_003502,0,0.3788548260146019,0.4552237562989291,0.4381502900787569,0,MASTER_ONLY_CV,,correct,0.05929546406415498,moderate
0.0,1247.0,VAR_000527,1,0.7588840729036442,0.4552237562989291,0.4381502900787569,1,MASTER_ONLY_CV,,correct,0.32073378282488735,high
3.0,1248.0,VAR_003859,1,0.855041384503,0.4381502900787569,0.4381502900787569,1,MASTER_ONLY_CV,,correct,0.41689109442424316,high
0.0,1249.0,VAR_000299,0,0.0580078077603757,0.4552237562989291,0.4381502900787569,0,MASTER_ONLY_CV,,correct,0.3801424823183812,high
3.0,1250.0,VAR_004281,1,0.4754728289143866,0.4381502900787569,0.4381502900787569,1,MASTER_ONLY_CV,,correct,0.03732253883562969,borderline
4.0,1251.0,VAR_001698,1,0.9767693118572724,0.2888357696077288,0.4381502900787569,1,MASTER_ONLY_CV,,correct,0.5386190217785156,high
0.0,1252.0,VAR_004815,1,0.8895562393622138,0.4552237562989291,0.4381502900787569,1,MASTER_ONLY_CV,,correct,0.45140594928345695,high
4.0,1253.0,VAR_002494,0,0.0259625829954045,0.2888357696077288,0.4381502900787569,0,MASTER_ONLY_CV,,correct,0.4121877070833524,high
3.0,1254.0,VAR_001818,1,0.8611328450232828,0.4381502900787569,0.4381502900787569,1,MASTER_ONLY_CV,,correct,0.4229825549445259,high
1.0,1256.0,VAR_006305,0,0.3956831357345679,0.4676065299723352,0.4381502900787569,0,MASTER_ONLY_CV,,correct,0.04246715434418896,borderline
3.0,1257.0,VAR_005135,1,0.8304756039557047,0.4381502900787569,0.4381502900787569,1,MASTER_ONLY_CV,,correct,0.39232531387694786,high
1.0,1258.0,VAR_004736,0,0.0393068465431846,0.4676065299723352,0.4381502900787569,0,MASTER_ONLY_CV,,correct,0.3988434435355723,high
2.0,1259.0,VAR_004012,1,0.9775544017499588,0.3589974365481315,0.4381502900787569,1,MASTER_ONLY_CV,,correct,0.5394041116712018,high
0.0,1260.0,VAR_003708,0,0.3440603212720026,0.4552237562989291,0.4381502900787569,0,MASTER_ONLY_CV,,correct,0.0940899688067543,moderate
4.0,1261.0,VAR_004230,1,0.7623363447650409,0.2888357696077288,0.4381502900787569,1,MASTER_ONLY_CV,,correct,0.324186054686284,high
2.0,1262.0,VAR_002175,1,0.5533671280034106,0.3589974365481315,0.4381502900787569,1,MASTER_ONLY_CV,,correct,0.1152168379246537,moderate
4.0,1263.0,VAR_000905,1,0.494469698026196,0.2888357696077288,0.4381502900787569,1,MASTER_ONLY_CV,,correct,0.056319407947439115,moderate
4.0,1264.0,VAR_000412,0,0.5670335341665019,0.2888357696077288,0.4381502900787569,1,MASTER_ONLY_CV,,false_positive,0.12888324408774504,moderate
1.0,1265.0,VAR_001146,1,0.9762784059918064,0.4676065299723352,0.4381502900787569,1,MASTER_ONLY_CV,,correct,0.5381281159130495,high
4.0,1267.0,VAR_002263,1,0.875819426655199,0.2888357696077288,0.4381502900787569,1,MASTER_ONLY_CV,,correct,0.4376691365764421,high
2.0,1268.0,VAR_001738,0,0.0874358709041109,0.3589974365481315,0.4381502900787569,0,MASTER_ONLY_CV,,correct,0.35071441917464596,high
4.0,1269.0,VAR_001225,0,0.4251812365087216,0.2888357696077288,0.4381502900787569,0,MASTER_ONLY_CV,,correct,0.012969053570035305,borderline
3.0,1270.0,VAR_004585,1,0.9716280195651614,0.4381502900787569,0.4381502900787569,1,MASTER_ONLY_CV,,correct,0.5334777294864046,high
1.0,1271.0,VAR_004080,1,0.9490924841964328,0.4676065299723352,0.4381502900787569,1,MASTER_ONLY_CV,,correct,0.5109421941176759,high
1.0,1272.0,VAR_005544,1,0.8604190480437958,0.4676065299723352,0.4381502900787569,1,MASTER_ONLY_CV,,correct,0.4222687579650389,high
2.0,1273.0,VAR_003977,0,0.4891876257850563,0.3589974365481315,0.4381502900787569,1,MASTER_ONLY_CV,,false_positive,0.051037335706299425,moderate
0.0,1275.0,VAR_000489,1,0.8243834975683272,0.4552237562989291,0.4381502900787569,1,MASTER_ONLY_CV,,correct,0.3862332074895703,high
1.0,1277.0,VAR_004097,0,0.2919730223500275,0.4676065299723352,0.4381502900787569,0,MASTER_ONLY_CV,,correct,0.1461772677287294,moderate
3.0,1278.0,VAR_004279,1,0.5697265286474998,0.4381502900787569,0.4381502900787569,1,MASTER_ONLY_CV,,correct,0.13157623856874295,moderate
0.0,1279.0,VAR_000485,1,0.2773619634983107,0.4552237562989291,0.4381502900787569,0,MASTER_ONLY_CV,,false_negative,0.16078832658044617,moderate
3.0,1280.0,VAR_004821,0,0.0084044650443233,0.4381502900787569,0.4381502900787569,0,MASTER_ONLY_CV,,correct,0.4297458250344336,high
0.0,1281.0,VAR_004615,0,0.7786855931192931,0.4552237562989291,0.4381502900787569,1,MASTER_ONLY_CV,,false_positive,0.3405353030405362,high
1.0,1282.0,VAR_006159,0,0.1710241804241229,0.4676065299723352,0.4381502900787569,0,MASTER_ONLY_CV,,correct,0.267126109654634,high
4.0,1283.0,VAR_002183,1,0.978430676633812,0.2888357696077288,0.4381502900787569,1,MASTER_ONLY_CV,,correct,0.5402803865550552,high
2.0,1284.0,VAR_003247,1,0.6575647792546001,0.3589974365481315,0.4381502900787569,1,MASTER_ONLY_CV,,correct,0.21941448917584322,high
3.0,1285.0,VAR_001651,0,0.5493491530475967,0.4381502900787569,0.4381502900787569,1,MASTER_ONLY_CV,,false_positive,0.1111988629688398,moderate
1.0,1286.0,VAR_001528,1,0.5443285481187824,0.4676065299723352,0.4381502900787569,1,MASTER_ONLY_CV,,correct,0.10617825804002551,moderate
1.0,1288.0,VAR_005496,1,0.9798075498250384,0.4676065299723352,0.4381502900787569,1,MASTER_ONLY_CV,,correct,0.5416572597462814,high
0.0,1290.0,VAR_005586,1,0.9925422294202472,0.4552237562989291,0.4381502900787569,1,MASTER_ONLY_CV,,correct,0.5543919393414902,high
3.0,1291.0,VAR_004748,1,0.8883359961534493,0.4381502900787569,0.4381502900787569,1,MASTER_ONLY_CV,,correct,0.4501857060746924,high
4.0,1293.0,VAR_001751,1,0.3004883809922745,0.2888357696077288,0.4381502900787569,0,MASTER_ONLY_CV,,false_negative,0.1376619090864824,moderate
2.0,1294.0,VAR_001056,0,0.1663377214559823,0.3589974365481315,0.4381502900787569,0,MASTER_ONLY_CV,,correct,0.2718125686227746,high
2.0,1295.0,VAR_002210,1,0.8928217089808973,0.3589974365481315,0.4381502900787569,1,MASTER_ONLY_CV,,correct,0.4546714189021404,high
2.0,1296.0,VAR_000250,1,0.2343318327815354,0.3589974365481315,0.4381502900787569,0,MASTER_ONLY_CV,,false_negative,0.20381845729722148,high
4.0,1297.0,VAR_006509,1,0.4343486153858927,0.2888357696077288,0.4381502900787569,0,MASTER_ONLY_CV,,false_negative,0.0038016746928641876,borderline
0.0,1298.0,VAR_003923,1,0.267228951093256,0.4552237562989291,0.4381502900787569,0,MASTER_ONLY_CV,,false_negative,0.17092133898550088,moderate
0.0,1299.0,VAR_005346,1,0.9901067038407146,0.4552237562989291,0.4381502900787569,1,MASTER_ONLY_CV,,correct,0.5519564137619577,high
4.0,1300.0,VAR_001149,1,0.7687119358587688,0.2888357696077288,0.4381502900787569,1,MASTER_ONLY_CV,,correct,0.33056164578001196,high
1.0,1302.0,VAR_002186,0,0.8169533125371623,0.4676065299723352,0.4381502900787569,1,MASTER_ONLY_CV,,false_positive,0.3788030224584054,high
4.0,1303.0,VAR_003911,1,0.5680451380775206,0.2888357696077288,0.4381502900787569,1,MASTER_ONLY_CV,,correct,0.12989484799876366,moderate
0.0,1304.0,VAR_000355,1,0.4751120525145655,0.4552237562989291,0.4381502900787569,1,MASTER_ONLY_CV,,correct,0.03696176243580862,borderline
2.0,1305.0,VAR_000195,1,0.7320759706502948,0.3589974365481315,0.4381502900787569,1,MASTER_ONLY_CV,,correct,0.29392568057153795,high
2.0,1306.0,VAR_000001,0,0.0825843637122856,0.3589974365481315,0.4381502900787569,0,MASTER_ONLY_CV,,correct,0.3555659263664713,high
3.0,1307.0,VAR_004872,1,0.859244659241156,0.4381502900787569,0.4381502900787569,1,MASTER_ONLY_CV,,correct,0.4210943691623991,high
4.0,1309.0,VAR_000460,0,0.0814892464846721,0.2888357696077288,0.4381502900787569,0,MASTER_ONLY_CV,,correct,0.3566610435940848,high
3.0,1313.0,VAR_002842,1,0.9513148693301932,0.4381502900787569,0.4381502900787569,1,MASTER_ONLY_CV,,correct,0.5131645792514363,high
0.0,1314.0,VAR_001044,0,0.9461606099828722,0.4552237562989291,0.4381502900787569,1,MASTER_ONLY_CV,,false_positive,0.5080103199041153,high
3.0,1315.0,VAR_005538,0,0.2315123841778055,0.4381502900787569,0.4381502900787569,0,MASTER_ONLY_CV,,correct,0.20663790590095138,high
2.0,1316.0,VAR_006511,0,0.8599206806235526,0.3589974365481315,0.4381502900787569,1,MASTER_ONLY_CV,,false_positive,0.42177039054479576,high
4.0,1317.0,VAR_000026,0,0.0522162491323935,0.2888357696077288,0.4381502900787569,0,MASTER_ONLY_CV,,correct,0.3859340409463634,high
3.0,1319.0,VAR_005258,0,0.0726165966323914,0.4381502900787569,0.4381502900787569,0,MASTER_ONLY_CV,,correct,0.3655336934463655,high
2.0,1320.0,VAR_006360,1,0.5312203701690597,0.3589974365481315,0.4381502900787569,1,MASTER_ONLY_CV,,correct,0.09307008009030276,moderate
0.0,1321.0,VAR_001395,1,0.6220969710127164,0.4552237562989291,0.4381502900787569,1,MASTER_ONLY_CV,,correct,0.18394668093395955,moderate
2.0,1322.0,VAR_000126,1,0.8397784407403669,0.3589974365481315,0.4381502900787569,1,MASTER_ONLY_CV,,correct,0.40162815066161,high
0.0,1323.0,VAR_000399,1,0.822930625853768,0.4552237562989291,0.4381502900787569,1,MASTER_ONLY_CV,,correct,0.3847803357750111,high
1.0,1324.0,VAR_003992,0,0.3858048361310996,0.4676065299723352,0.4381502900787569,0,MASTER_ONLY_CV,,correct,0.05234545394765727,moderate
1.0,1325.0,VAR_002439,1,0.9367261518738708,0.4676065299723352,0.4381502900787569,1,MASTER_ONLY_CV,,correct,0.4985758617951139,high
4.0,1327.0,VAR_001726,0,0.0695804471653181,0.2888357696077288,0.4381502900787569,0,MASTER_ONLY_CV,,correct,0.3685698429134388,high
4.0,1329.0,VAR_002469,1,0.9068561939223078,0.2888357696077288,0.4381502900787569,1,MASTER_ONLY_CV,,correct,0.4687059038435509,high
0.0,1330.0,VAR_002524,1,0.8842998378394984,0.4552237562989291,0.4381502900787569,1,MASTER_ONLY_CV,,correct,0.4461495477607415,high
2.0,1331.0,VAR_005094,1,0.8313118703775093,0.3589974365481315,0.4381502900787569,1,MASTER_ONLY_CV,,correct,0.3931615802987524,high
2.0,1332.0,VAR_003340,0,0.8120433617473691,0.3589974365481315,0.4381502900787569,1,MASTER_ONLY_CV,,false_positive,0.37389307166861224,high
0.0,1334.0,VAR_005691,1,0.7840075889372141,0.4552237562989291,0.4381502900787569,1,MASTER_ONLY_CV,,correct,0.34585729885845723,high
2.0,1335.0,VAR_001034,0,0.6055127383220114,0.3589974365481315,0.4381502900787569,1,MASTER_ONLY_CV,,false_positive,0.16736244824325447,moderate
3.0,1337.0,VAR_000400,1,0.5023255288702841,0.4381502900787569,0.4381502900787569,1,MASTER_ONLY_CV,,correct,0.06417523879152726,moderate
0.0,1338.0,VAR_003702,0,0.0085793855024044,0.4552237562989291,0.4381502900787569,0,MASTER_ONLY_CV,,correct,0.4295709045763525,high
1.0,1339.0,VAR_004138,1,0.931041769314376,0.4676065299723352,0.4381502900787569,1,MASTER_ONLY_CV,,correct,0.4928914792356191,high
1.0,1341.0,VAR_001636,1,0.5137216949683282,0.4676065299723352,0.4381502900787569,1,MASTER_ONLY_CV,,correct,0.07557140488957131,moderate
2.0,1342.0,VAR_000181,1,0.9789744964409556,0.3589974365481315,0.4381502900787569,1,MASTER_ONLY_CV,,correct,0.5408242063621986,high
2.0,1343.0,VAR_003982,1,0.9750185189969482,0.3589974365481315,0.4381502900787569,1,MASTER_ONLY_CV,,correct,0.5368682289181914,high
1.0,1344.0,VAR_003594,0,0.9065924503483552,0.4676065299723352,0.4381502900787569,1,MASTER_ONLY_CV,,false_positive,0.46844216026959834,high
1.0,1345.0,VAR_000177,1,0.717000669930316,0.4676065299723352,0.4381502900787569,1,MASTER_ONLY_CV,,correct,0.2788503798515591,high
1.0,1348.0,VAR_000836,0,0.8728746646253925,0.4676065299723352,0.4381502900787569,1,MASTER_ONLY_CV,,false_positive,0.43472437454663565,high
4.0,1349.0,VAR_000658,0,0.0565814541353446,0.2888357696077288,0.4381502900787569,0,MASTER_ONLY_CV,,correct,0.3815688359434123,high
3.0,1350.0,VAR_005404,1,0.9863831982539276,0.4381502900787569,0.4381502900787569,1,MASTER_ONLY_CV,,correct,0.5482329081751707,high
2.0,1351.0,VAR_000293,1,0.9608893227734272,0.3589974365481315,0.4381502900787569,1,MASTER_ONLY_CV,,correct,0.5227390326946704,high
4.0,1353.0,VAR_000770,0,0.1245731859450759,0.2888357696077288,0.4381502900787569,0,MASTER_ONLY_CV,,correct,0.313577104133681,high
0.0,1354.0,VAR_006188,0,0.3829102243969488,0.4552237562989291,0.4381502900787569,0,MASTER_ONLY_CV,,correct,0.055240065681808115,moderate
0.0,1355.0,VAR_001600,0,0.8157496827510998,0.4552237562989291,0.4381502900787569,1,MASTER_ONLY_CV,,false_positive,0.37759939267234294,high
1.0,1356.0,VAR_002206,1,0.972447022542258,0.4676065299723352,0.4381502900787569,1,MASTER_ONLY_CV,,correct,0.5342967324635011,high
4.0,1357.0,VAR_005292,1,0.6978246687347357,0.2888357696077288,0.4381502900787569,1,MASTER_ONLY_CV,,correct,0.2596743786559788,high
4.0,1358.0,VAR_003368,0,0.6698728855698864,0.2888357696077288,0.4381502900787569,1,MASTER_ONLY_CV,,false_positive,0.23172259549112956,high
2.0,1359.0,VAR_003757,1,0.9444572864580992,0.3589974365481315,0.4381502900787569,1,MASTER_ONLY_CV,,correct,0.5063069963793423,high
3.0,1361.0,VAR_005595,0,0.0804903982465605,0.4381502900787569,0.4381502900787569,0,MASTER_ONLY_CV,,correct,0.3576598918321964,high
0.0,1362.0,VAR_002207,0,0.9579792589109088,0.4552237562989291,0.4381502900787569,1,MASTER_ONLY_CV,,false_positive,0.519828968832152,high
3.0,1364.0,VAR_006320,1,0.97045055447994,0.4381502900787569,0.4381502900787569,1,MASTER_ONLY_CV,,correct,0.5323002644011832,high
1.0,1365.0,VAR_006175,1,0.9213276067453764,0.4676065299723352,0.4381502900787569,1,MASTER_ONLY_CV,,correct,0.4831773166666195,high
3.0,1366.0,VAR_004475,1,0.9600223990681336,0.4381502900787569,0.4381502900787569,1,MASTER_ONLY_CV,,correct,0.5218721089893767,high
2.0,1367.0,VAR_003571,0,0.0820214958427476,0.3589974365481315,0.4381502900787569,0,MASTER_ONLY_CV,,correct,0.3561287942360093,high
4.0,1368.0,VAR_005849,0,0.2667102496525927,0.2888357696077288,0.4381502900787569,0,MASTER_ONLY_CV,,correct,0.17144004042616418,moderate
3.0,1369.0,VAR_000223,1,0.8431072426478347,0.4381502900787569,0.4381502900787569,1,MASTER_ONLY_CV,,correct,0.40495695256907777,high
3.0,1370.0,VAR_003164,0,0.0959357695523479,0.4381502900787569,0.4381502900787569,0,MASTER_ONLY_CV,,correct,0.342214520526409,high
4.0,1371.0,VAR_005870,1,0.5904383277511973,0.2888357696077288,0.4381502900787569,1,MASTER_ONLY_CV,,correct,0.15228803767244042,moderate
0.0,1373.0,VAR_005289,1,0.3323584700908472,0.4552237562989291,0.4381502900787569,0,MASTER_ONLY_CV,,false_negative,0.10579181998790971,moderate
2.0,1375.0,VAR_003539,0,0.9152637834047036,0.3589974365481315,0.4381502900787569,1,MASTER_ONLY_CV,,false_positive,0.4771134933259467,high
4.0,1376.0,VAR_002531,1,0.9270077335462552,0.2888357696077288,0.4381502900787569,1,MASTER_ONLY_CV,,correct,0.4888574434674983,high
1.0,1378.0,VAR_004762,0,0.0108915107155106,0.4676065299723352,0.4381502900787569,0,MASTER_ONLY_CV,,correct,0.4272587793632463,high
4.0,1379.0,VAR_004560,1,0.9376229449938271,0.2888357696077288,0.4381502900787569,1,MASTER_ONLY_CV,,correct,0.49947265491507026,high
4.0,1382.0,VAR_006110,1,0.9738879643171908,0.2888357696077288,0.4381502900787569,1,MASTER_ONLY_CV,,correct,0.5357376742384339,high
0.0,1383.0,VAR_005153,1,0.9538674360117176,0.4552237562989291,0.4381502900787569,1,MASTER_ONLY_CV,,correct,0.5157171459329608,high
1.0,1384.0,VAR_001494,1,0.5816018210054085,0.4676065299723352,0.4381502900787569,1,MASTER_ONLY_CV,,correct,0.14345153092665158,moderate
4.0,1385.0,VAR_005083,1,0.9112981547474476,0.2888357696077288,0.4381502900787569,1,MASTER_ONLY_CV,,correct,0.4731478646686907,high
0.0,1386.0,VAR_006282,1,0.6320447099616281,0.4552237562989291,0.4381502900787569,1,MASTER_ONLY_CV,,correct,0.1938944198828712,moderate
3.0,1387.0,VAR_006565,1,0.8452087051280895,0.4381502900787569,0.4381502900787569,1,MASTER_ONLY_CV,,correct,0.40705841504933266,high
1.0,1388.0,VAR_003286,1,0.8587465178904489,0.4676065299723352,0.4381502900787569,1,MASTER_ONLY_CV,,correct,0.420596227811692,high
2.0,1389.0,VAR_000679,0,0.0812315360511863,0.3589974365481315,0.4381502900787569,0,MASTER_ONLY_CV,,correct,0.35691875402757056,high
2.0,1390.0,VAR_001702,1,0.756453890418789,0.3589974365481315,0.4381502900787569,1,MASTER_ONLY_CV,,correct,0.3183036003400321,high
0.0,1391.0,VAR_001753,1,0.6772770730348218,0.4552237562989291,0.4381502900787569,1,MASTER_ONLY_CV,,correct,0.23912678295606488,high
2.0,1392.0,VAR_005391,0,0.0888312720111407,0.3589974365481315,0.4381502900787569,0,MASTER_ONLY_CV,,correct,0.34931901806761617,high
3.0,1393.0,VAR_000154,1,0.8602143797874571,0.4381502900787569,0.4381502900787569,1,MASTER_ONLY_CV,,correct,0.4220640897087002,high
3.0,1395.0,VAR_000304,1,0.9128235313615458,0.4381502900787569,0.4381502900787569,1,MASTER_ONLY_CV,,correct,0.4746732412827889,high
1.0,1396.0,VAR_003493,1,0.0231559148232087,0.4676065299723352,0.4381502900787569,0,MASTER_ONLY_CV,,false_negative,0.41499437525554816,high
3.0,1397.0,VAR_002258,1,0.6010922882496215,0.4381502900787569,0.4381502900787569,1,MASTER_ONLY_CV,,correct,0.16294199817086458,moderate
1.0,1398.0,VAR_002378,1,0.9768227177217448,0.4676065299723352,0.4381502900787569,1,MASTER_ONLY_CV,,correct,0.538672427642988,high
2.0,1399.0,VAR_004073,1,0.9326116750646593,0.3589974365481315,0.4381502900787569,1,MASTER_ONLY_CV,,correct,0.49446138498590236,high
4.0,1400.0,VAR_005352,1,0.8093037707822935,0.2888357696077288,0.4381502900787569,1,MASTER_ONLY_CV,,correct,0.37115348070353665,high
1.0,1401.0,VAR_005612,1,0.9762590096118744,0.4676065299723352,0.4381502900787569,1,MASTER_ONLY_CV,,correct,0.5381087195331176,high
3.0,1402.0,VAR_000076,1,0.8494255119552745,0.4381502900787569,0.4381502900787569,1,MASTER_ONLY_CV,,correct,0.4112752218765176,high
1.0,1404.0,VAR_005194,1,0.9161794510732464,0.4676065299723352,0.4381502900787569,1,MASTER_ONLY_CV,,correct,0.4780291609944895,high
0.0,1406.0,VAR_001940,1,0.996823665610232,0.4552237562989291,0.4381502900787569,1,MASTER_ONLY_CV,,correct,0.558673375531475,high
3.0,1407.0,VAR_001397,1,0.6010922882496215,0.4381502900787569,0.4381502900787569,1,MASTER_ONLY_CV,,correct,0.16294199817086458,moderate
2.0,1408.0,VAR_000189,1,0.8355738213800721,0.3589974365481315,0.4381502900787569,1,MASTER_ONLY_CV,,correct,0.3974235313013152,high
3.0,1409.0,VAR_000587,0,0.7766585308498879,0.4381502900787569,0.4381502900787569,1,MASTER_ONLY_CV,,false_positive,0.338508240771131,high
2.0,1410.0,VAR_000452,1,0.8913498545538716,0.3589974365481315,0.4381502900787569,1,MASTER_ONLY_CV,,correct,0.4531995644751147,high
4.0,1411.0,VAR_003436,0,0.3569297726713787,0.2888357696077288,0.4381502900787569,0,MASTER_ONLY_CV,,correct,0.08122051740737818,moderate
4.0,1412.0,VAR_005582,1,0.9427111560536218,0.2888357696077288,0.4381502900787569,1,MASTER_ONLY_CV,,correct,0.5045608659748648,high
3.0,1413.0,VAR_002243,1,0.7940300153577935,0.4381502900787569,0.4381502900787569,1,MASTER_ONLY_CV,,correct,0.3558797252790366,high
3.0,1414.0,VAR_005604,1,0.9505691406072456,0.4381502900787569,0.4381502900787569,1,MASTER_ONLY_CV,,correct,0.5124188505284888,high
4.0,1416.0,VAR_001398,1,0.8995463412006047,0.2888357696077288,0.4381502900787569,1,MASTER_ONLY_CV,,correct,0.46139605112184784,high
4.0,1417.0,VAR_006326,1,0.9533270335605472,0.2888357696077288,0.4381502900787569,1,MASTER_ONLY_CV,,correct,0.5151767434817902,high
0.0,1418.0,VAR_000380,1,0.8700668434225564,0.4552237562989291,0.4381502900787569,1,MASTER_ONLY_CV,,correct,0.43191655334379947,high
3.0,1420.0,VAR_005682,1,0.9977129703170616,0.4381502900787569,0.4381502900787569,1,MASTER_ONLY_CV,,correct,0.5595626802383047,high
2.0,1421.0,VAR_004837,1,0.6695243031137563,0.3589974365481315,0.4381502900787569,1,MASTER_ONLY_CV,,correct,0.23137401303499944,high
3.0,1422.0,VAR_001235,1,0.6793910281364173,0.4381502900787569,0.4381502900787569,1,MASTER_ONLY_CV,,correct,0.2412407380576604,high
1.0,1423.0,VAR_004703,0,0.2019991861003298,0.4676065299723352,0.4381502900787569,0,MASTER_ONLY_CV,,correct,0.2361511039784271,high
1.0,1425.0,VAR_006139,1,0.9415798610924556,0.4676065299723352,0.4381502900787569,1,MASTER_ONLY_CV,,correct,0.5034295710136987,high
0.0,1427.0,VAR_000822,0,0.6504461016832045,0.4552237562989291,0.4381502900787569,1,MASTER_ONLY_CV,,false_positive,0.2122958116044476,high
1.0,1428.0,VAR_006475,1,0.928458323545465,0.4676065299723352,0.4381502900787569,1,MASTER_ONLY_CV,,correct,0.4903080334667081,high
3.0,1429.0,VAR_005800,1,0.3874745878491982,0.4381502900787569,0.4381502900787569,0,MASTER_ONLY_CV,,false_negative,0.050675702229558695,moderate
3.0,1430.0,VAR_004967,0,0.0264267989287748,0.4381502900787569,0.4381502900787569,0,MASTER_ONLY_CV,,correct,0.4117234911499821,high
2.0,1431.0,VAR_003957,1,0.6950716121007794,0.3589974365481315,0.4381502900787569,1,MASTER_ONLY_CV,,correct,0.2569213220220225,high
4.0,1432.0,VAR_004215,0,0.1251016061099998,0.2888357696077288,0.4381502900787569,0,MASTER_ONLY_CV,,correct,0.31304868396875707,high
2.0,1433.0,VAR_006314,1,0.8891088176697046,0.3589974365481315,0.4381502900787569,1,MASTER_ONLY_CV,,correct,0.45095852759094773,high
2.0,1434.0,VAR_006217,1,0.552041647396445,0.3589974365481315,0.4381502900787569,1,MASTER_ONLY_CV,,correct,0.11389135731768812,moderate
2.0,1436.0,VAR_005075,1,0.9456324601833564,0.3589974365481315,0.4381502900787569,1,MASTER_ONLY_CV,,correct,0.5074821701045995,high
1.0,1437.0,VAR_005520,1,0.9389367530564392,0.4676065299723352,0.4381502900787569,1,MASTER_ONLY_CV,,correct,0.5007864629776824,high
1.0,1440.0,VAR_000839,0,0.1788531654162238,0.4676065299723352,0.4381502900787569,0,MASTER_ONLY_CV,,correct,0.2592971246625331,high
0.0,1441.0,VAR_005786,1,0.9557644918772596,0.4552237562989291,0.4381502900787569,1,MASTER_ONLY_CV,,correct,0.5176142017985028,high
3.0,1442.0,VAR_002254,1,0.6010922882496215,0.4381502900787569,0.4381502900787569,1,MASTER_ONLY_CV,,correct,0.16294199817086458,moderate
4.0,1443.0,VAR_000546,0,0.1878951670570796,0.2888357696077288,0.4381502900787569,0,MASTER_ONLY_CV,,correct,0.2502551230216773,high
1.0,1444.0,VAR_005434,1,0.7935909325344436,0.4676065299723352,0.4381502900787569,1,MASTER_ONLY_CV,,correct,0.3554406424556867,high
3.0,1445.0,VAR_000486,1,0.5958079002791147,0.4381502900787569,0.4381502900787569,1,MASTER_ONLY_CV,,correct,0.1576576102003578,moderate
4.0,1446.0,VAR_000102,0,0.8397138400255556,0.2888357696077288,0.4381502900787569,1,MASTER_ONLY_CV,,false_positive,0.4015635499467987,high
3.0,1449.0,VAR_003733,1,0.8726192438429765,0.4381502900787569,0.4381502900787569,1,MASTER_ONLY_CV,,correct,0.4344689537642196,high
0.0,1451.0,VAR_005285,1,0.6320447099616281,0.4552237562989291,0.4381502900787569,1,MASTER_ONLY_CV,,correct,0.1938944198828712,moderate
4.0,1453.0,VAR_001963,1,0.2571097102800818,0.2888357696077288,0.4381502900787569,0,MASTER_ONLY_CV,,false_negative,0.1810405797986751,moderate
2.0,1455.0,VAR_000473,1,0.6574971495849867,0.3589974365481315,0.4381502900787569,1,MASTER_ONLY_CV,,correct,0.21934685950622984,high
3.0,1456.0,VAR_005373,0,0.3750548978703099,0.4381502900787569,0.4381502900787569,0,MASTER_ONLY_CV,,correct,0.06309539220844701,moderate
2.0,1458.0,VAR_002880,1,0.6239681589481585,0.3589974365481315,0.4381502900787569,1,MASTER_ONLY_CV,,correct,0.1858178688694016,moderate
2.0,1459.0,VAR_000826,1,0.5871139731522526,0.3589974365481315,0.4381502900787569,1,MASTER_ONLY_CV,,correct,0.14896368307349567,moderate
4.0,1461.0,VAR_004744,0,0.0152149389862066,0.2888357696077288,0.4381502900787569,0,MASTER_ONLY_CV,,correct,0.4229353510925503,high
1.0,1462.0,VAR_004903,1,0.9021359449391374,0.4676065299723352,0.4381502900787569,1,MASTER_ONLY_CV,,correct,0.4639856548603805,high
3.0,1463.0,VAR_002611,0,0.7574747587051416,0.4381502900787569,0.4381502900787569,1,MASTER_ONLY_CV,,false_positive,0.3193244686263847,high
4.0,1464.0,VAR_001686,1,0.896248645327944,0.2888357696077288,0.4381502900787569,1,MASTER_ONLY_CV,,correct,0.45809835524918713,high
2.0,1465.0,VAR_002350,1,0.4469194820775755,0.3589974365481315,0.4381502900787569,1,MASTER_ONLY_CV,,correct,0.008769191998818593,borderline
0.0,1467.0,VAR_005472,1,0.9828584903508591,0.4552237562989291,0.4381502900787569,1,MASTER_ONLY_CV,,correct,0.5447082002721022,high
2.0,1468.0,VAR_004197,0,0.2141260511321231,0.3589974365481315,0.4381502900787569,0,MASTER_ONLY_CV,,correct,0.22402423894663379,high
2.0,1469.0,VAR_005099,1,0.9326418526981056,0.3589974365481315,0.4381502900787569,1,MASTER_ONLY_CV,,correct,0.49449156261934873,high
3.0,1470.0,VAR_003521,1,0.1690048977438648,0.4381502900787569,0.4381502900787569,0,MASTER_ONLY_CV,,false_negative,0.2691453923348921,high
0.0,1471.0,VAR_006458,1,0.7418957534563088,0.4552237562989291,0.4381502900787569,1,MASTER_ONLY_CV,,correct,0.30374546337755187,high
2.0,1472.0,VAR_005694,0,0.3171984468966914,0.3589974365481315,0.4381502900787569,0,MASTER_ONLY_CV,,correct,0.12095184318206548,moderate
0.0,1473.0,VAR_000916,1,0.9516537077449622,0.4552237562989291,0.4381502900787569,1,MASTER_ONLY_CV,,correct,0.5135034176662052,high
4.0,1476.0,VAR_004000,0,0.0831925205105036,0.2888357696077288,0.4381502900787569,0,MASTER_ONLY_CV,,correct,0.3549577695682533,high
2.0,1477.0,VAR_002448,1,0.9012522364574214,0.3589974365481315,0.4381502900787569,1,MASTER_ONLY_CV,,correct,0.4631019463786645,high
3.0,1479.0,VAR_004007,1,0.9789285532272258,0.4381502900787569,0.4381502900787569,1,MASTER_ONLY_CV,,correct,0.540778263148469,high
0.0,1480.0,VAR_003300,0,0.1033575584108541,0.4552237562989291,0.4381502900787569,0,MASTER_ONLY_CV,,correct,0.3347927316679028,high
3.0,1481.0,VAR_001854,0,0.535928835867339,0.4381502900787569,0.4381502900787569,1,MASTER_ONLY_CV,,false_positive,0.09777854578858208,moderate
3.0,1482.0,VAR_003256,1,0.4785442433319357,0.4381502900787569,0.4381502900787569,1,MASTER_ONLY_CV,,correct,0.040393953253178794,borderline
2.0,1483.0,VAR_006569,1,0.8702540612361658,0.3589974365481315,0.4381502900787569,1,MASTER_ONLY_CV,,correct,0.4321037711574089,high
3.0,1484.0,VAR_004225,1,0.5984659954232012,0.4381502900787569,0.4381502900787569,1,MASTER_ONLY_CV,,correct,0.16031570534444434,moderate
0.0,1486.0,VAR_006346,1,0.97298890869128,0.4552237562989291,0.4381502900787569,1,MASTER_ONLY_CV,,correct,0.5348386186125231,high
0.0,1487.0,VAR_002167,1,0.9348318872812974,0.4552237562989291,0.4381502900787569,1,MASTER_ONLY_CV,,correct,0.4966815972025405,high
1.0,1488.0,VAR_005147,1,0.5574249948944254,0.4676065299723352,0.4381502900787569,1,MASTER_ONLY_CV,,correct,0.11927470481566854,moderate
1.0,1489.0,VAR_004500,1,0.5656333063187845,0.4676065299723352,0.4381502900787569,1,MASTER_ONLY_CV,,correct,0.1274830162400276,moderate
0.0,1490.0,VAR_000855,1,0.9025282528169718,0.4552237562989291,0.4381502900787569,1,MASTER_ONLY_CV,,correct,0.4643779627382149,high
4.0,1491.0,VAR_002080,1,0.4421495960252939,0.2888357696077288,0.4381502900787569,1,MASTER_ONLY_CV,,correct,0.003999305946537024,borderline
4.0,1492.0,VAR_005755,1,0.6951455022441864,0.2888357696077288,0.4381502900787569,1,MASTER_ONLY_CV,,correct,0.2569952121654295,high
0.0,1493.0,VAR_006042,1,0.9087576423927538,0.4552237562989291,0.4381502900787569,1,MASTER_ONLY_CV,,correct,0.4706073523139969,high
0.0,1494.0,VAR_001735,0,0.1282290674056142,0.4552237562989291,0.4381502900787569,0,MASTER_ONLY_CV,,correct,0.3099212226731427,high
0.0,1496.0,VAR_000534,1,0.974007212657394,0.4552237562989291,0.4381502900787569,1,MASTER_ONLY_CV,,correct,0.5358569225786372,high
4.0,1497.0,VAR_000765,1,0.8461269028249637,0.2888357696077288,0.4381502900787569,1,MASTER_ONLY_CV,,correct,0.40797661274620683,high
3.0,1499.0,VAR_003209,0,0.0240867437044947,0.4381502900787569,0.4381502900787569,0,MASTER_ONLY_CV,,correct,0.4140635463742622,high
1.0,1500.0,VAR_004472,1,0.2846406760386045,0.4676065299723352,0.4381502900787569,0,MASTER_ONLY_CV,,false_negative,0.1535096140401524,moderate
3.0,1501.0,VAR_006090,1,0.5392280839596716,0.4381502900787569,0.4381502900787569,1,MASTER_ONLY_CV,,correct,0.1010777938809147,moderate
2.0,1502.0,VAR_000017,0,0.0182575807691595,0.3589974365481315,0.4381502900787569,0,MASTER_ONLY_CV,,correct,0.4198927093095974,high
0.0,1503.0,VAR_001615,0,0.906432562270429,0.4552237562989291,0.4381502900787569,1,MASTER_ONLY_CV,,false_positive,0.4682822721916721,high
3.0,1506.0,VAR_003840,1,0.854867906380042,0.4381502900787569,0.4381502900787569,1,MASTER_ONLY_CV,,correct,0.41671761630128507,high
0.0,1507.0,VAR_000225,1,0.3761116560978654,0.4552237562989291,0.4381502900787569,0,MASTER_ONLY_CV,,false_negative,0.06203863398089149,moderate
1.0,1508.0,VAR_001489,1,0.7114494228869623,0.4676065299723352,0.4381502900787569,1,MASTER_ONLY_CV,,correct,0.27329913280820545,high
2.0,1509.0,VAR_003320,1,0.9232760448966538,0.3589974365481315,0.4381502900787569,1,MASTER_ONLY_CV,,correct,0.48512575481789694,high
1.0,1511.0,VAR_005757,0,0.0476090824384905,0.4676065299723352,0.4381502900787569,0,MASTER_ONLY_CV,,correct,0.3905412076402664,high
4.0,1514.0,VAR_004835,1,0.6967090897752048,0.2888357696077288,0.4381502900787569,1,MASTER_ONLY_CV,,correct,0.25855879969644796,high
4.0,1515.0,VAR_006228,0,0.4671664957134109,0.2888357696077288,0.4381502900787569,1,MASTER_ONLY_CV,,false_positive,0.029016205634654013,borderline
1.0,1516.0,VAR_002198,1,0.952614921339384,0.4676065299723352,0.4381502900787569,1,MASTER_ONLY_CV,,correct,0.5144646312606271,high
4.0,1517.0,VAR_001156,1,0.8842829000597837,0.2888357696077288,0.4381502900787569,1,MASTER_ONLY_CV,,correct,0.44613260998102683,high
0.0,1518.0,VAR_001983,1,0.9468657832041046,0.4552237562989291,0.4381502900787569,1,MASTER_ONLY_CV,,correct,0.5087154931253477,high
2.0,1521.0,VAR_000188,1,0.8987646081859038,0.3589974365481315,0.4381502900787569,1,MASTER_ONLY_CV,,correct,0.46061431810714687,high
1.0,1522.0,VAR_001202,1,0.9615565327294296,0.4676065299723352,0.4381502900787569,1,MASTER_ONLY_CV,,correct,0.5234062426506727,high
1.0,1523.0,VAR_002463,1,0.8778868749640866,0.4676065299723352,0.4381502900787569,1,MASTER_ONLY_CV,,correct,0.4397365848853297,high
1.0,1524.0,VAR_002144,1,0.9339572753252586,0.4676065299723352,0.4381502900787569,1,MASTER_ONLY_CV,,correct,0.49580698524650174,high
1.0,1525.0,VAR_005171,1,0.3534361049165798,0.4676065299723352,0.4381502900787569,0,MASTER_ONLY_CV,,false_negative,0.0847141851621771,moderate
0.0,1526.0,VAR_005217,1,0.9482881064995694,0.4552237562989291,0.4381502900787569,1,MASTER_ONLY_CV,,correct,0.5101378164208126,high
3.0,1527.0,VAR_004914,1,0.8144995569948642,0.4381502900787569,0.4381502900787569,1,MASTER_ONLY_CV,,correct,0.3763492669161073,high
1.0,1528.0,VAR_005107,1,0.990658370149971,0.4676065299723352,0.4381502900787569,1,MASTER_ONLY_CV,,correct,0.5525080800712141,high
2.0,1529.0,VAR_001890,0,0.0749461736688661,0.3589974365481315,0.4381502900787569,0,MASTER_ONLY_CV,,correct,0.3632041164098908,high
1.0,1530.0,VAR_002010,1,0.94639014251825,0.4676065299723352,0.4381502900787569,1,MASTER_ONLY_CV,,correct,0.5082398524394931,high
4.0,1531.0,VAR_000337,1,0.9894739826213004,0.2888357696077288,0.4381502900787569,1,MASTER_ONLY_CV,,correct,0.5513236925425435,high
3.0,1532.0,VAR_006080,1,0.6547401517699926,0.4381502900787569,0.4381502900787569,1,MASTER_ONLY_CV,,correct,0.21658986169123567,high
4.0,1534.0,VAR_003316,0,0.9836011841024392,0.2888357696077288,0.4381502900787569,1,MASTER_ONLY_CV,,false_positive,0.5454508940236824,high
0.0,1535.0,VAR_001173,1,0.8802156475678562,0.4552237562989291,0.4381502900787569,1,MASTER_ONLY_CV,,correct,0.4420653574890993,high
2.0,1536.0,VAR_005804,1,0.9725203574666926,0.3589974365481315,0.4381502900787569,1,MASTER_ONLY_CV,,correct,0.5343700673879357,high
2.0,1537.0,VAR_001681,1,0.5075801852752747,0.3589974365481315,0.4381502900787569,1,MASTER_ONLY_CV,,correct,0.06942989519651782,moderate
0.0,1539.0,VAR_004654,0,0.1269761382200282,0.4552237562989291,0.4381502900787569,0,MASTER_ONLY_CV,,correct,0.31117415185872865,high
0.0,1540.0,VAR_003735,1,0.8278724732473203,0.4552237562989291,0.4381502900787569,1,MASTER_ONLY_CV,,correct,0.3897221831685634,high
2.0,1541.0,VAR_002336,0,0.061473410451024,0.3589974365481315,0.4381502900787569,0,MASTER_ONLY_CV,,correct,0.3766768796277329,high
4.0,1544.0,VAR_006535,1,0.4106320495476923,0.2888357696077288,0.4381502900787569,0,MASTER_ONLY_CV,,false_negative,0.02751824053106461,borderline
4.0,1545.0,VAR_000720,1,0.9809797804467094,0.2888357696077288,0.4381502900787569,1,MASTER_ONLY_CV,,correct,0.5428294903679525,high
4.0,1546.0,VAR_005575,1,0.7598049923223048,0.2888357696077288,0.4381502900787569,1,MASTER_ONLY_CV,,correct,0.3216547022435479,high
2.0,1549.0,VAR_003614,0,0.1433381705299739,0.3589974365481315,0.4381502900787569,0,MASTER_ONLY_CV,,correct,0.29481211954878295,high
4.0,1550.0,VAR_001065,1,0.9941734388623688,0.2888357696077288,0.4381502900787569,1,MASTER_ONLY_CV,,correct,0.5560231487836118,high
2.0,1553.0,VAR_004902,1,0.9864804978706004,0.3589974365481315,0.4381502900787569,1,MASTER_ONLY_CV,,correct,0.5483302077918435,high
0.0,1554.0,VAR_003073,0,0.8848659106718189,0.4552237562989291,0.4381502900787569,1,MASTER_ONLY_CV,,false_positive,0.44671562059306197,high
4.0,1555.0,VAR_000655,0,0.8624245270020947,0.2888357696077288,0.4381502900787569,1,MASTER_ONLY_CV,,false_positive,0.4242742369233378,high
4.0,1556.0,VAR_003146,1,0.4006343848158667,0.2888357696077288,0.4381502900787569,0,MASTER_ONLY_CV,,false_negative,0.03751590526289017,borderline
1.0,1557.0,VAR_002823,1,0.9645126054062476,0.4676065299723352,0.4381502900787569,1,MASTER_ONLY_CV,,correct,0.5263623153274908,high
3.0,1558.0,VAR_005778,1,0.9659204275089274,0.4381502900787569,0.4381502900787569,1,MASTER_ONLY_CV,,correct,0.5277701374301704,high
1.0,1561.0,VAR_005867,1,0.8643574691403404,0.4676065299723352,0.4381502900787569,1,MASTER_ONLY_CV,,correct,0.4262071790615835,high
1.0,1562.0,VAR_003460,0,0.0573354167177409,0.4676065299723352,0.4381502900787569,0,MASTER_ONLY_CV,,correct,0.380814873361016,high
0.0,1563.0,VAR_005689,0,0.064989644891107,0.4552237562989291,0.4381502900787569,0,MASTER_ONLY_CV,,correct,0.3731606451876499,high
2.0,1564.0,VAR_005160,1,0.96899145744853,0.3589974365481315,0.4381502900787569,1,MASTER_ONLY_CV,,correct,0.530841167369773,high
0.0,1565.0,VAR_003477,1,0.3576212164545935,0.4552237562989291,0.4381502900787569,0,MASTER_ONLY_CV,,false_negative,0.0805290736241634,moderate
4.0,1566.0,VAR_003999,0,0.0583403820171236,0.2888357696077288,0.4381502900787569,0,MASTER_ONLY_CV,,correct,0.3798099080616333,high
0.0,1567.0,VAR_002479,1,0.9688248670320856,0.4552237562989291,0.4381502900787569,1,MASTER_ONLY_CV,,correct,0.5306745769533288,high
3.0,1568.0,VAR_005137,1,0.8109283316867109,0.4381502900787569,0.4381502900787569,1,MASTER_ONLY_CV,,correct,0.37277804160795397,high
4.0,1569.0,VAR_005141,1,0.9103306529788296,0.2888357696077288,0.4381502900787569,1,MASTER_ONLY_CV,,correct,0.47218036290007276,high
1.0,1570.0,VAR_002713,0,0.6721031743556335,0.4676065299723352,0.4381502900787569,1,MASTER_ONLY_CV,,false_positive,0.2339528842768766,high
3.0,1571.0,VAR_003755,1,0.9691816583860768,0.4381502900787569,0.4381502900787569,1,MASTER_ONLY_CV,,correct,0.53103136830732,high
3.0,1573.0,VAR_000719,1,0.9823598248403262,0.4381502900787569,0.4381502900787569,1,MASTER_ONLY_CV,,correct,0.5442095347615694,high
0.0,1574.0,VAR_000488,1,0.0787113990752212,0.4552237562989291,0.4381502900787569,0,MASTER_ONLY_CV,,false_negative,0.35943889100353565,high
2.0,1576.0,VAR_002165,1,0.8865485700949098,0.3589974365481315,0.4381502900787569,1,MASTER_ONLY_CV,,correct,0.44839828001615295,high
2.0,1577.0,VAR_000338,0,0.0895172076461951,0.3589974365481315,0.4381502900787569,0,MASTER_ONLY_CV,,correct,0.3486330824325618,high
4.0,1579.0,VAR_002125,0,0.2365658308941711,0.2888357696077288,0.4381502900787569,0,MASTER_ONLY_CV,,correct,0.20158445918458578,high
3.0,1580.0,VAR_001358,0,0.5317521510663332,0.4381502900787569,0.4381502900787569,1,MASTER_ONLY_CV,,false_positive,0.09360186098757634,moderate
4.0,1581.0,VAR_002001,1,0.96651800651268,0.2888357696077288,0.4381502900787569,1,MASTER_ONLY_CV,,correct,0.5283677164339231,high
1.0,1582.0,VAR_004753,0,0.011133668457777,0.4676065299723352,0.4381502900787569,0,MASTER_ONLY_CV,,correct,0.42701662162097986,high
2.0,1583.0,VAR_000854,1,0.7534623344081355,0.3589974365481315,0.4381502900787569,1,MASTER_ONLY_CV,,correct,0.3153120443293786,high
4.0,1584.0,VAR_000726,0,0.0968695378105913,0.2888357696077288,0.4381502900787569,0,MASTER_ONLY_CV,,correct,0.34128075226816557,high
4.0,1586.0,VAR_001179,1,0.8515612069464645,0.2888357696077288,0.4381502900787569,1,MASTER_ONLY_CV,,correct,0.41341091686770765,high
1.0,1588.0,VAR_001400,1,0.815543369637137,0.4676065299723352,0.4381502900787569,1,MASTER_ONLY_CV,,correct,0.37739307955838014,high
2.0,1589.0,VAR_001750,1,0.161387620546581,0.3589974365481315,0.4381502900787569,0,MASTER_ONLY_CV,,false_negative,0.2767626695321759,high
1.0,1590.0,VAR_003180,0,0.0597302644916388,0.4676065299723352,0.4381502900787569,0,MASTER_ONLY_CV,,correct,0.37842002558711807,high
0.0,1591.0,VAR_006323,0,0.0874442059524724,0.4552237562989291,0.4381502900787569,0,MASTER_ONLY_CV,,correct,0.35070608412628446,high
3.0,1592.0,VAR_005720,0,0.5432179352306066,0.4381502900787569,0.4381502900787569,1,MASTER_ONLY_CV,,false_positive,0.10506764515184969,moderate
2.0,1593.0,VAR_005392,0,0.0209029909915878,0.3589974365481315,0.4381502900787569,0,MASTER_ONLY_CV,,correct,0.41724729908716907,high
3.0,1594.0,VAR_005186,1,0.0756425729530489,0.4381502900787569,0.4381502900787569,0,MASTER_ONLY_CV,,false_negative,0.362507717125708,high
1.0,1595.0,VAR_002065,0,0.132221726938458,0.4676065299723352,0.4381502900787569,0,MASTER_ONLY_CV,,correct,0.3059285631402989,high
0.0,1597.0,VAR_006537,0,0.9045664321721444,0.4552237562989291,0.4381502900787569,1,MASTER_ONLY_CV,,false_positive,0.4664161420933875,high
4.0,1598.0,VAR_006381,1,0.9769509103085322,0.2888357696077288,0.4381502900787569,1,MASTER_ONLY_CV,,correct,0.5388006202297753,high
2.0,1599.0,VAR_001719,0,0.0232640856637076,0.3589974365481315,0.4381502900787569,0,MASTER_ONLY_CV,,correct,0.4148862044150493,high
4.0,1600.0,VAR_002631,1,0.6426734061593657,0.2888357696077288,0.4381502900787569,1,MASTER_ONLY_CV,,correct,0.20452311608060886,high
4.0,1601.0,VAR_006145,1,0.9574299016334888,0.2888357696077288,0.4381502900787569,1,MASTER_ONLY_CV,,correct,0.519279611554732,high
1.0,1602.0,VAR_001915,0,0.7133268383687028,0.4676065299723352,0.4381502900787569,1,MASTER_ONLY_CV,,false_positive,0.2751765482899459,high
3.0,1603.0,VAR_001612,1,0.6742770567280469,0.4381502900787569,0.4381502900787569,1,MASTER_ONLY_CV,,correct,0.23612676664929005,high
1.0,1604.0,VAR_006076,1,0.7370384926499132,0.4676065299723352,0.4381502900787569,1,MASTER_ONLY_CV,,correct,0.2988882025711563,high
3.0,1606.0,VAR_000025,1,0.7924570225843413,0.4381502900787569,0.4381502900787569,1,MASTER_ONLY_CV,,correct,0.35430673250558437,high
4.0,1607.0,VAR_003329,1,0.9881437253917909,0.2888357696077288,0.4381502900787569,1,MASTER_ONLY_CV,,correct,0.549993435313034,high
0.0,1608.0,VAR_004726,1,0.9899329431150548,0.4552237562989291,0.4381502900787569,1,MASTER_ONLY_CV,,correct,0.5517826530362979,high
3.0,1609.0,VAR_005402,1,0.52145453843269,0.4381502900787569,0.4381502900787569,1,MASTER_ONLY_CV,,correct,0.08330424835393307,moderate
2.0,1613.0,VAR_005456,1,0.9608858678349644,0.3589974365481315,0.4381502900787569,1,MASTER_ONLY_CV,,correct,0.5227355777562075,high
2.0,1614.0,VAR_002034,0,0.1605567206340613,0.3589974365481315,0.4381502900787569,0,MASTER_ONLY_CV,,correct,0.2775935694446956,high
2.0,1616.0,VAR_005142,1,0.4163944902789175,0.3589974365481315,0.4381502900787569,0,MASTER_ONLY_CV,,false_negative,0.02175579979983938,borderline
4.0,1617.0,VAR_004636,0,0.7574979747587901,0.2888357696077288,0.4381502900787569,1,MASTER_ONLY_CV,,false_positive,0.3193476846800332,high
1.0,1618.0,VAR_005093,1,0.9249138852892322,0.4676065299723352,0.4381502900787569,1,MASTER_ONLY_CV,,correct,0.48676359521047535,high
0.0,1619.0,VAR_004196,0,0.8757595886005729,0.4552237562989291,0.4381502900787569,1,MASTER_ONLY_CV,,false_positive,0.437609298521816,high
4.0,1620.0,VAR_002508,1,0.9545671894109928,0.2888357696077288,0.4381502900787569,1,MASTER_ONLY_CV,,correct,0.516416899332236,high
2.0,1621.0,VAR_005643,1,0.6896428530352364,0.3589974365481315,0.4381502900787569,1,MASTER_ONLY_CV,,correct,0.25149256295647954,high
1.0,1622.0,VAR_003341,1,0.3438670998773915,0.4676065299723352,0.4381502900787569,0,MASTER_ONLY_CV,,false_negative,0.09428319020136539,moderate
3.0,1623.0,VAR_001997,1,0.8548407540530579,0.4381502900787569,0.4381502900787569,1,MASTER_ONLY_CV,,correct,0.41669046397430104,high
3.0,1625.0,VAR_003686,0,0.6190511468071838,0.4381502900787569,0.4381502900787569,1,MASTER_ONLY_CV,,false_positive,0.18090085672842687,moderate
1.0,1626.0,VAR_002433,0,0.027841894324512,0.4676065299723352,0.4381502900787569,0,MASTER_ONLY_CV,,correct,0.4103083957542449,high
0.0,1627.0,VAR_000736,1,0.9606368455460832,0.4552237562989291,0.4381502900787569,1,MASTER_ONLY_CV,,correct,0.5224865554673264,high
0.0,1628.0,VAR_000045,1,0.9385249119823256,0.4552237562989291,0.4381502900787569,1,MASTER_ONLY_CV,,correct,0.5003746219035687,high
1.0,1631.0,VAR_000159,0,0.9181946478458556,0.4676065299723352,0.4381502900787569,1,MASTER_ONLY_CV,,false_positive,0.4800443577670987,high
4.0,1632.0,VAR_000782,1,0.9625257644145954,0.2888357696077288,0.4381502900787569,1,MASTER_ONLY_CV,,correct,0.5243754743358384,high
0.0,1633.0,VAR_003257,1,0.9331271938073098,0.4552237562989291,0.4381502900787569,1,MASTER_ONLY_CV,,correct,0.4949769037285529,high
0.0,1634.0,VAR_000751,0,0.4873607530528495,0.4552237562989291,0.4381502900787569,1,MASTER_ONLY_CV,,false_positive,0.049210462974092595,borderline
3.0,1635.0,VAR_003548,0,0.3289527011330816,0.4381502900787569,0.4381502900787569,0,MASTER_ONLY_CV,,correct,0.10919758894567527,moderate
3.0,1636.0,VAR_002166,1,0.9407738749423324,0.4381502900787569,0.4381502900787569,1,MASTER_ONLY_CV,,correct,0.5026235848635756,high
2.0,1637.0,VAR_005079,1,0.6763686832539492,0.3589974365481315,0.4381502900787569,1,MASTER_ONLY_CV,,correct,0.23821839317519228,high
2.0,1638.0,VAR_003956,0,0.2488776430049425,0.3589974365481315,0.4381502900787569,0,MASTER_ONLY_CV,,correct,0.1892726470738144,moderate
3.0,1640.0,VAR_004329,1,0.7170410098907748,0.4381502900787569,0.4381502900787569,1,MASTER_ONLY_CV,,correct,0.2788907198120179,high
0.0,1641.0,VAR_004743,1,0.6056276201674176,0.4552237562989291,0.4381502900787569,1,MASTER_ONLY_CV,,correct,0.16747733008866067,moderate
2.0,1642.0,VAR_000330,1,0.9158812608328468,0.3589974365481315,0.4381502900787569,1,MASTER_ONLY_CV,,correct,0.47773097075408993,high
3.0,1643.0,VAR_000268,1,0.5145628600260229,0.4381502900787569,0.4381502900787569,1,MASTER_ONLY_CV,,correct,0.07641256994726603,moderate
1.0,1644.0,VAR_005970,0,0.8457899688736953,0.4676065299723352,0.4381502900787569,1,MASTER_ONLY_CV,,false_positive,0.4076396787949384,high
3.0,1647.0,VAR_005188,1,0.2348187865039855,0.4381502900787569,0.4381502900787569,0,MASTER_ONLY_CV,,false_negative,0.2033315035747714,high
3.0,1648.0,VAR_004635,0,0.222794710172588,0.4381502900787569,0.4381502900787569,0,MASTER_ONLY_CV,,correct,0.21535557990616888,high
1.0,1650.0,VAR_000716,1,0.7504327928950838,0.4676065299723352,0.4381502900787569,1,MASTER_ONLY_CV,,correct,0.3122825028163269,high
3.0,1651.0,VAR_004165,0,0.0135601948001865,0.4381502900787569,0.4381502900787569,0,MASTER_ONLY_CV,,correct,0.4245900952785704,high
3.0,1652.0,VAR_000058,1,0.5327765541333944,0.4381502900787569,0.4381502900787569,1,MASTER_ONLY_CV,,correct,0.09462626405463753,moderate
3.0,1653.0,VAR_002530,1,0.7748646525122134,0.4381502900787569,0.4381502900787569,1,MASTER_ONLY_CV,,correct,0.3367143624334565,high
4.0,1654.0,VAR_001175,1,0.7911215576543006,0.2888357696077288,0.4381502900787569,1,MASTER_ONLY_CV,,correct,0.3529712675755437,high
4.0,1655.0,VAR_000425,0,0.3221349527181954,0.2888357696077288,0.4381502900787569,0,MASTER_ONLY_CV,,correct,0.11601533736056147,moderate
4.0,1656.0,VAR_005206,1,0.9214879558772016,0.2888357696077288,0.4381502900787569,1,MASTER_ONLY_CV,,correct,0.48333766579844467,high
1.0,1657.0,VAR_003347,1,0.4108809642897745,0.4676065299723352,0.4381502900787569,0,MASTER_ONLY_CV,,false_negative,0.02726932578898239,borderline
2.0,1658.0,VAR_005879,1,0.4539986040567794,0.3589974365481315,0.4381502900787569,1,MASTER_ONLY_CV,,correct,0.0158483139780225,borderline
3.0,1659.0,VAR_003344,1,0.5091616845798351,0.4381502900787569,0.4381502900787569,1,MASTER_ONLY_CV,,correct,0.07101139450107824,moderate
1.0,1660.0,VAR_002546,0,0.9585999689289808,0.4676065299723352,0.4381502900787569,1,MASTER_ONLY_CV,,false_positive,0.520449678850224,high
3.0,1661.0,VAR_006026,0,0.2650971703505496,0.4381502900787569,0.4381502900787569,0,MASTER_ONLY_CV,,correct,0.1730531197282073,moderate
1.0,1662.0,VAR_003776,1,0.9761692948072428,0.4676065299723352,0.4381502900787569,1,MASTER_ONLY_CV,,correct,0.5380190047284859,high
1.0,1663.0,VAR_000409,1,0.5162964150779517,0.4676065299723352,0.4381502900787569,1,MASTER_ONLY_CV,,correct,0.07814612499919477,moderate
2.0,1664.0,VAR_002923,1,0.9082667512644906,0.3589974365481315,0.4381502900787569,1,MASTER_ONLY_CV,,correct,0.47011646118573375,high
4.0,1666.0,VAR_000563,0,0.0437402319021499,0.2888357696077288,0.4381502900787569,0,MASTER_ONLY_CV,,correct,0.394410058176607,high
1.0,1667.0,VAR_006105,1,0.9240623551388704,0.4676065299723352,0.4381502900787569,1,MASTER_ONLY_CV,,correct,0.4859120650601135,high
4.0,1669.0,VAR_003358,1,0.8313256238175977,0.2888357696077288,0.4381502900787569,1,MASTER_ONLY_CV,,correct,0.3931753337388408,high
0.0,1670.0,VAR_004759,1,0.8866987253823131,0.4552237562989291,0.4381502900787569,1,MASTER_ONLY_CV,,correct,0.4485484353035562,high
0.0,1672.0,VAR_001765,1,0.2233945015193103,0.4552237562989291,0.4381502900787569,0,MASTER_ONLY_CV,,false_negative,0.21475578855944658,high
4.0,1676.0,VAR_003063,1,0.9906477991956562,0.2888357696077288,0.4381502900787569,1,MASTER_ONLY_CV,,correct,0.5524975091168993,high
2.0,1678.0,VAR_000831,0,0.6763075689292499,0.3589974365481315,0.4381502900787569,1,MASTER_ONLY_CV,,false_positive,0.23815727885049304,high
3.0,1679.0,VAR_006044,1,0.9066763796243392,0.4381502900787569,0.4381502900787569,1,MASTER_ONLY_CV,,correct,0.46852608954558234,high
4.0,1681.0,VAR_003777,1,0.9794107730987704,0.2888357696077288,0.4381502900787569,1,MASTER_ONLY_CV,,correct,0.5412604830200136,high
0.0,1682.0,VAR_005519,1,0.5841966784689531,0.4552237562989291,0.4381502900787569,1,MASTER_ONLY_CV,,correct,0.14604638839019618,moderate
3.0,1683.0,VAR_003763,1,0.9504295512998252,0.4381502900787569,0.4381502900787569,1,MASTER_ONLY_CV,,correct,0.5122792612210683,high
0.0,1684.0,VAR_003588,0,0.1268998918921208,0.4552237562989291,0.4381502900787569,0,MASTER_ONLY_CV,,correct,0.3112503981866361,high
0.0,1686.0,VAR_004968,1,0.9872977052002814,0.4552237562989291,0.4381502900787569,1,MASTER_ONLY_CV,,correct,0.5491474151215245,high
3.0,1687.0,VAR_002453,1,0.4971040448839856,0.4381502900787569,0.4381502900787569,1,MASTER_ONLY_CV,,correct,0.058953754805228686,moderate
1.0,1688.0,VAR_002434,1,0.9521612819374152,0.4676065299723352,0.4381502900787569,1,MASTER_ONLY_CV,,correct,0.5140109918586584,high
1.0,1689.0,VAR_001217,0,0.0340231637748857,0.4676065299723352,0.4381502900787569,0,MASTER_ONLY_CV,,correct,0.4041271263038712,high
4.0,1690.0,VAR_000085,1,0.4128019977115177,0.2888357696077288,0.4381502900787569,0,MASTER_ONLY_CV,,false_negative,0.025348292367239178,borderline
1.0,1692.0,VAR_003673,1,0.9503067116589138,0.4676065299723352,0.4381502900787569,1,MASTER_ONLY_CV,,correct,0.5121564215801568,high
1.0,1693.0,VAR_005096,1,0.9853989691050652,0.4676065299723352,0.4381502900787569,1,MASTER_ONLY_CV,,correct,0.5472486790263082,high
2.0,1694.0,VAR_000120,1,0.9684934907736406,0.3589974365481315,0.4381502900787569,1,MASTER_ONLY_CV,,correct,0.5303432006948836,high
0.0,1695.0,VAR_001700,1,0.5372240666597478,0.4552237562989291,0.4381502900787569,1,MASTER_ONLY_CV,,correct,0.09907377658099087,moderate
1.0,1696.0,VAR_004909,1,0.8557236198401207,0.4676065299723352,0.4381502900787569,1,MASTER_ONLY_CV,,correct,0.4175733297613638,high
2.0,1698.0,VAR_005329,0,0.2480191369829429,0.3589974365481315,0.4381502900787569,0,MASTER_ONLY_CV,,correct,0.190131153095814,moderate
4.0,1699.0,VAR_005398,1,0.7328708506477013,0.2888357696077288,0.4381502900787569,1,MASTER_ONLY_CV,,correct,0.2947205605689444,high
2.0,1700.0,VAR_006055,1,0.5694684726975238,0.3589974365481315,0.4381502900787569,1,MASTER_ONLY_CV,,correct,0.13131818261876688,moderate
4.0,1701.0,VAR_004124,0,0.0814215376173005,0.2888357696077288,0.4381502900787569,0,MASTER_ONLY_CV,,correct,0.3567287524614564,high
1.0,1703.0,VAR_005453,1,0.9608051217169522,0.4676065299723352,0.4381502900787569,1,MASTER_ONLY_CV,,correct,0.5226548316381954,high
0.0,1704.0,VAR_000818,1,0.8253913366022323,0.4552237562989291,0.4381502900787569,1,MASTER_ONLY_CV,,correct,0.3872410465234754,high
4.0,1705.0,VAR_001411,0,0.7774195146885673,0.2888357696077288,0.4381502900787569,1,MASTER_ONLY_CV,,false_positive,0.3392692246098104,high
3.0,1706.0,VAR_000778,0,0.2739827665725673,0.4381502900787569,0.4381502900787569,0,MASTER_ONLY_CV,,correct,0.16416752350618957,moderate
3.0,1708.0,VAR_003496,0,0.1197809533130016,0.4381502900787569,0.4381502900787569,0,MASTER_ONLY_CV,,correct,0.3183693367657553,high
2.0,1710.0,VAR_003372,1,0.840190581992205,0.3589974365481315,0.4381502900787569,1,MASTER_ONLY_CV,,correct,0.4020402919134481,high
4.0,1711.0,VAR_002543,0,0.0497313166041922,0.2888357696077288,0.4381502900787569,0,MASTER_ONLY_CV,,correct,0.38841897347456467,high
4.0,1712.0,VAR_001682,1,0.4952113107928159,0.2888357696077288,0.4381502900787569,1,MASTER_ONLY_CV,,correct,0.057061020714058996,moderate
3.0,1713.0,VAR_000886,0,0.4877865115026404,0.4381502900787569,0.4381502900787569,1,MASTER_ONLY_CV,,false_positive,0.04963622142388352,borderline
0.0,1715.0,VAR_005792,1,0.6464257371802314,0.4552237562989291,0.4381502900787569,1,MASTER_ONLY_CV,,correct,0.20827544710147455,high
4.0,1716.0,VAR_001800,1,0.9904612413092756,0.2888357696077288,0.4381502900787569,1,MASTER_ONLY_CV,,correct,0.5523109512305187,high
0.0,1717.0,VAR_003928,0,0.0534296940958837,0.4552237562989291,0.4381502900787569,0,MASTER_ONLY_CV,,correct,0.38472059598287317,high
4.0,1718.0,VAR_003123,0,0.0168849184427783,0.2888357696077288,0.4381502900787569,0,MASTER_ONLY_CV,,correct,0.4212653716359786,high
3.0,1719.0,VAR_004014,1,0.9871256613709098,0.4381502900787569,0.4381502900787569,1,MASTER_ONLY_CV,,correct,0.548975371292153,high
4.0,1720.0,VAR_002247,1,0.9756700698739424,0.2888357696077288,0.4381502900787569,1,MASTER_ONLY_CV,,correct,0.5375197797951856,high
0.0,1721.0,VAR_005670,0,0.3228324935489182,0.4552237562989291,0.4381502900787569,0,MASTER_ONLY_CV,,correct,0.1153177965298387,moderate
3.0,1722.0,VAR_004008,1,0.9311415342674636,0.4381502900787569,0.4381502900787569,1,MASTER_ONLY_CV,,correct,0.4929912441887067,high
3.0,1723.0,VAR_000918,0,0.3465075789953297,0.4381502900787569,0.4381502900787569,0,MASTER_ONLY_CV,,correct,0.0916427110834272,moderate
3.0,1725.0,VAR_004429,1,0.8191998205933932,0.4381502900787569,0.4381502900787569,1,MASTER_ONLY_CV,,correct,0.38104953051463636,high
2.0,1726.0,VAR_005348,1,0.9871834680007668,0.3589974365481315,0.4381502900787569,1,MASTER_ONLY_CV,,correct,0.5490331779220099,high
4.0,1727.0,VAR_000471,0,0.5965071523728536,0.2888357696077288,0.4381502900787569,1,MASTER_ONLY_CV,,false_positive,0.15835686229409668,moderate
3.0,1729.0,VAR_006374,1,0.9711822444247116,0.4381502900787569,0.4381502900787569,1,MASTER_ONLY_CV,,correct,0.5330319543459547,high
1.0,1730.0,VAR_001196,0,0.0200228796264484,0.4676065299723352,0.4381502900787569,0,MASTER_ONLY_CV,,correct,0.4181274104523085,high
1.0,1731.0,VAR_005370,1,0.2585142963207013,0.4676065299723352,0.4381502900787569,0,MASTER_ONLY_CV,,false_negative,0.1796359937580556,moderate
1.0,1732.0,VAR_005939,1,0.5432621675396099,0.4676065299723352,0.4381502900787569,1,MASTER_ONLY_CV,,correct,0.10511187746085299,moderate
0.0,1733.0,VAR_001478,1,0.6184204410513778,0.4552237562989291,0.4381502900787569,1,MASTER_ONLY_CV,,correct,0.18027015097262095,moderate
3.0,1734.0,VAR_005396,1,0.4820668498532758,0.4381502900787569,0.4381502900787569,1,MASTER_ONLY_CV,,correct,0.043916559774518915,borderline
2.0,1735.0,VAR_000942,1,0.3991240620036047,0.3589974365481315,0.4381502900787569,0,MASTER_ONLY_CV,,false_negative,0.039026228075152214,borderline
3.0,1736.0,VAR_000367,1,0.9392857731582543,0.4381502900787569,0.4381502900787569,1,MASTER_ONLY_CV,,correct,0.5011354830794974,high
0.0,1737.0,VAR_005460,1,0.9888870726409996,0.4552237562989291,0.4381502900787569,1,MASTER_ONLY_CV,,correct,0.5507367825622427,high
1.0,1738.0,VAR_001570,1,0.4118043581609839,0.4676065299723352,0.4381502900787569,0,MASTER_ONLY_CV,,false_negative,0.026345931917773013,borderline
4.0,1739.0,VAR_000307,1,0.9163293954706327,0.2888357696077288,0.4381502900787569,1,MASTER_ONLY_CV,,correct,0.47817910539187586,high
0.0,1740.0,VAR_005146,1,0.2466961923352862,0.4552237562989291,0.4381502900787569,0,MASTER_ONLY_CV,,false_negative,0.1914540977434707,moderate
0.0,1741.0,VAR_004372,0,0.6505809998964821,0.4552237562989291,0.4381502900787569,1,MASTER_ONLY_CV,,false_positive,0.21243070981772522,high
4.0,1742.0,VAR_005182,1,0.9183233826044828,0.2888357696077288,0.4381502900787569,1,MASTER_ONLY_CV,,correct,0.4801730925257259,high
0.0,1744.0,VAR_001170,0,0.0704487876343154,0.4552237562989291,0.4381502900787569,0,MASTER_ONLY_CV,,correct,0.3677015024444415,high
0.0,1745.0,VAR_005430,1,0.977325099834975,0.4552237562989291,0.4381502900787569,1,MASTER_ONLY_CV,,correct,0.5391748097562181,high
4.0,1747.0,VAR_004772,0,0.0188297269987058,0.2888357696077288,0.4381502900787569,0,MASTER_ONLY_CV,,correct,0.4193205630800511,high
4.0,1749.0,VAR_001721,0,0.0572318832777562,0.2888357696077288,0.4381502900787569,0,MASTER_ONLY_CV,,correct,0.3809184068010007,high
1.0,1750.0,VAR_001530,1,0.6910738958165002,0.4676065299723352,0.4381502900787569,1,MASTER_ONLY_CV,,correct,0.25292360573774336,high
0.0,1751.0,VAR_004952,0,0.6448145800258398,0.4552237562989291,0.4381502900787569,1,MASTER_ONLY_CV,,false_positive,0.2066642899470829,high
2.0,1752.0,VAR_004270,1,0.4286108556207636,0.3589974365481315,0.4381502900787569,0,MASTER_ONLY_CV,,false_negative,0.009539434457993268,borderline
4.0,1753.0,VAR_005405,1,0.9924184657071328,0.2888357696077288,0.4381502900787569,1,MASTER_ONLY_CV,,correct,0.5542681756283758,high
1.0,1755.0,VAR_002333,1,0.94824704417215,0.4676065299723352,0.4381502900787569,1,MASTER_ONLY_CV,,correct,0.5100967540933932,high
1.0,1756.0,VAR_005686,1,0.9059322556782272,0.4676065299723352,0.4381502900787569,1,MASTER_ONLY_CV,,correct,0.46778196559947033,high
3.0,1757.0,VAR_005037,0,0.25087535563611,0.4381502900787569,0.4381502900787569,0,MASTER_ONLY_CV,,correct,0.18727493444264687,moderate
4.0,1758.0,VAR_006041,0,0.8589049488753658,0.2888357696077288,0.4381502900787569,1,MASTER_ONLY_CV,,false_positive,0.42075465879660895,high
2.0,1760.0,VAR_004689,0,0.424486341383376,0.3589974365481315,0.4381502900787569,0,MASTER_ONLY_CV,,correct,0.0136639486953809,borderline
3.0,1761.0,VAR_004320,1,0.3134516993306125,0.4381502900787569,0.4381502900787569,0,MASTER_ONLY_CV,,false_negative,0.12469859074814438,moderate
0.0,1763.0,VAR_000108,1,0.975311452165258,0.4552237562989291,0.4381502900787569,1,MASTER_ONLY_CV,,correct,0.5371611620865011,high
2.0,1764.0,VAR_003414,1,0.9048038015531472,0.3589974365481315,0.4381502900787569,1,MASTER_ONLY_CV,,correct,0.4666535114743903,high
4.0,1766.0,VAR_006480,0,0.0985392942411768,0.2888357696077288,0.4381502900787569,0,MASTER_ONLY_CV,,correct,0.3396109958375801,high
1.0,1767.0,VAR_001338,1,0.7591722061079637,0.4676065299723352,0.4381502900787569,1,MASTER_ONLY_CV,,correct,0.32102191602920677,high
2.0,1768.0,VAR_006037,1,0.7491742425565322,0.3589974365481315,0.4381502900787569,1,MASTER_ONLY_CV,,correct,0.3110239524777753,high
1.0,1769.0,VAR_002051,1,0.5633301085267552,0.4676065299723352,0.4381502900787569,1,MASTER_ONLY_CV,,correct,0.12517981844799836,moderate
4.0,1770.0,VAR_004836,1,0.3932407759613668,0.2888357696077288,0.4381502900787569,0,MASTER_ONLY_CV,,false_negative,0.04490951411739008,borderline
1.0,1773.0,VAR_003520,1,0.0148494352662195,0.4676065299723352,0.4381502900787569,0,MASTER_ONLY_CV,,false_negative,0.4233008548125374,high
1.0,1774.0,VAR_000791,0,0.3890093934579909,0.4676065299723352,0.4381502900787569,0,MASTER_ONLY_CV,,correct,0.049140896620765984,borderline
3.0,1776.0,VAR_000257,1,0.774538029555584,0.4381502900787569,0.4381502900787569,1,MASTER_ONLY_CV,,correct,0.33638773947682715,high
1.0,1777.0,VAR_003258,1,0.8488139322296259,0.4676065299723352,0.4381502900787569,1,MASTER_ONLY_CV,,correct,0.410663642150869,high
0.0,1778.0,VAR_005801,1,0.7627472296223479,0.4552237562989291,0.4381502900787569,1,MASTER_ONLY_CV,,correct,0.324596939543591,high
0.0,1780.0,VAR_000879,0,0.7985706010027723,0.4552237562989291,0.4381502900787569,1,MASTER_ONLY_CV,,false_positive,0.36042031092401544,high
1.0,1782.0,VAR_000276,1,0.5060775042226549,0.4676065299723352,0.4381502900787569,1,MASTER_ONLY_CV,,correct,0.06792721414389796,moderate
1.0,1783.0,VAR_000776,0,0.9376610742998652,0.4676065299723352,0.4381502900787569,1,MASTER_ONLY_CV,,false_positive,0.49951078422110834,high
4.0,1784.0,VAR_002997,0,0.0428575744784835,0.2888357696077288,0.4381502900787569,0,MASTER_ONLY_CV,,correct,0.3952927156002734,high
0.0,1785.0,VAR_004530,1,0.9008800934115344,0.4552237562989291,0.4381502900787569,1,MASTER_ONLY_CV,,correct,0.4627298033327775,high
3.0,1786.0,VAR_005987,1,0.2428613699726269,0.4381502900787569,0.4381502900787569,0,MASTER_ONLY_CV,,false_negative,0.19528892010613,moderate
1.0,1788.0,VAR_003305,0,0.3330911947743393,0.4676065299723352,0.4381502900787569,0,MASTER_ONLY_CV,,correct,0.1050590953044176,moderate
0.0,1790.0,VAR_005603,1,0.7662030491427295,0.4552237562989291,0.4381502900787569,1,MASTER_ONLY_CV,,correct,0.32805275906397263,high
3.0,1791.0,VAR_005479,1,0.9898920906895564,0.4381502900787569,0.4381502900787569,1,MASTER_ONLY_CV,,correct,0.5517418006107995,high
3.0,1793.0,VAR_005774,1,0.8476527079972959,0.4381502900787569,0.4381502900787569,1,MASTER_ONLY_CV,,correct,0.409502417918539,high
4.0,1796.0,VAR_002224,1,0.7040606050696611,0.2888357696077288,0.4381502900787569,1,MASTER_ONLY_CV,,correct,0.2659103149909042,high
2.0,1797.0,VAR_002217,1,0.842374749915408,0.3589974365481315,0.4381502900787569,1,MASTER_ONLY_CV,,correct,0.40422445983665106,high
0.0,1799.0,VAR_006488,1,0.8912392777813859,0.4552237562989291,0.4381502900787569,1,MASTER_ONLY_CV,,correct,0.453088987702629,high
0.0,1800.0,VAR_001855,0,0.4125167254273018,0.4552237562989291,0.4381502900787569,0,MASTER_ONLY_CV,,correct,0.02563356465145511,borderline
1.0,1801.0,VAR_000439,1,0.876171968377422,0.4676065299723352,0.4381502900787569,1,MASTER_ONLY_CV,,correct,0.43802167829866506,high
3.0,1802.0,VAR_005202,0,0.7760097104937831,0.4381502900787569,0.4381502900787569,1,MASTER_ONLY_CV,,false_positive,0.3378594204150262,high
0.0,1803.0,VAR_000339,1,0.8479152932699943,0.4552237562989291,0.4381502900787569,1,MASTER_ONLY_CV,,correct,0.4097650031912374,high
0.0,1804.0,VAR_000746,1,0.9136509490880196,0.4552237562989291,0.4381502900787569,1,MASTER_ONLY_CV,,correct,0.4755006590092627,high
1.0,1805.0,VAR_001011,0,0.0632905972123495,0.4676065299723352,0.4381502900787569,0,MASTER_ONLY_CV,,correct,0.3748596928664074,high
3.0,1807.0,VAR_000857,1,0.955931429575204,0.4381502900787569,0.4381502900787569,1,MASTER_ONLY_CV,,correct,0.5177811394964471,high
0.0,1808.0,VAR_000237,1,0.909427477676745,0.4552237562989291,0.4381502900787569,1,MASTER_ONLY_CV,,correct,0.47127718759798815,high
1.0,1809.0,VAR_005531,1,0.8828119782112059,0.4676065299723352,0.4381502900787569,1,MASTER_ONLY_CV,,correct,0.44466168813244905,high
1.0,1810.0,VAR_004482,1,0.8739117722279309,0.4676065299723352,0.4381502900787569,1,MASTER_ONLY_CV,,correct,0.43576148214917404,high
2.0,1811.0,VAR_003528,0,0.4522941098535059,0.3589974365481315,0.4381502900787569,1,MASTER_ONLY_CV,,false_positive,0.014143819774748989,borderline
3.0,1812.0,VAR_000706,1,0.3078449341193207,0.4381502900787569,0.4381502900787569,0,MASTER_ONLY_CV,,false_negative,0.1303053559594362,moderate
4.0,1814.0,VAR_000780,1,0.7204110470876798,0.2888357696077288,0.4381502900787569,1,MASTER_ONLY_CV,,correct,0.2822607570089229,high
0.0,1815.0,VAR_001935,0,0.0944246476258236,0.4552237562989291,0.4381502900787569,0,MASTER_ONLY_CV,,correct,0.3437256424529333,high
2.0,1816.0,VAR_005400,1,0.9071371632391566,0.3589974365481315,0.4381502900787569,1,MASTER_ONLY_CV,,correct,0.4689868731603997,high
1.0,1817.0,VAR_006497,1,0.7390210096758524,0.4676065299723352,0.4381502900787569,1,MASTER_ONLY_CV,,correct,0.3008707195970955,high
3.0,1819.0,VAR_003880,1,0.6818933894488499,0.4381502900787569,0.4381502900787569,1,MASTER_ONLY_CV,,correct,0.24374309937009303,high
0.0,1820.0,VAR_005712,1,0.9495934802563188,0.4552237562989291,0.4381502900787569,1,MASTER_ONLY_CV,,correct,0.511443190177562,high
1.0,1821.0,VAR_000182,1,0.7534126018440594,0.4676065299723352,0.4381502900787569,1,MASTER_ONLY_CV,,correct,0.31526231176530256,high
2.0,1822.0,VAR_000346,0,0.0264032793907655,0.3589974365481315,0.4381502900787569,0,MASTER_ONLY_CV,,correct,0.4117470106879914,high
1.0,1823.0,VAR_000482,1,0.2712520351206767,0.4676065299723352,0.4381502900787569,0,MASTER_ONLY_CV,,false_negative,0.1668982549580802,moderate
2.0,1825.0,VAR_006586,1,0.095453293278769,0.3589974365481315,0.4381502900787569,0,MASTER_ONLY_CV,,false_negative,0.3426969967999879,high
1.0,1826.0,VAR_006218,0,0.118153822892493,0.4676065299723352,0.4381502900787569,0,MASTER_ONLY_CV,,correct,0.3199964671862639,high
0.0,1827.0,VAR_003480,0,0.5490268548784744,0.4552237562989291,0.4381502900787569,1,MASTER_ONLY_CV,,false_positive,0.11087656479971747,moderate
2.0,1828.0,VAR_004092,1,0.5243530072344109,0.3589974365481315,0.4381502900787569,1,MASTER_ONLY_CV,,correct,0.08620271715565403,moderate
1.0,1829.0,VAR_000639,1,0.9811835322012716,0.4676065299723352,0.4381502900787569,1,MASTER_ONLY_CV,,correct,0.5430332421225148,high
2.0,1830.0,VAR_005569,1,0.8066879901510797,0.3589974365481315,0.4381502900787569,1,MASTER_ONLY_CV,,correct,0.36853770007232284,high
2.0,1831.0,VAR_003533,1,0.4222210263799186,0.3589974365481315,0.4381502900787569,0,MASTER_ONLY_CV,,false_negative,0.015929263698838292,borderline
1.0,1832.0,VAR_006304,0,0.0255517798625468,0.4676065299723352,0.4381502900787569,0,MASTER_ONLY_CV,,correct,0.4125985102162101,high
4.0,1833.0,VAR_005419,1,0.9870900956067512,0.2888357696077288,0.4381502900787569,1,MASTER_ONLY_CV,,correct,0.5489398055279944,high
0.0,1835.0,VAR_000484,1,0.2149467515494534,0.4552237562989291,0.4381502900787569,0,MASTER_ONLY_CV,,false_negative,0.2232035385293035,high
1.0,1836.0,VAR_001641,1,0.4695126029707137,0.4676065299723352,0.4381502900787569,1,MASTER_ONLY_CV,,correct,0.03136231289195679,borderline
1.0,1838.0,VAR_002346,0,0.9795946789667724,0.4676065299723352,0.4381502900787569,1,MASTER_ONLY_CV,,false_positive,0.5414443888880156,high
1.0,1839.0,VAR_001302,1,0.6041880154999713,0.4676065299723352,0.4381502900787569,1,MASTER_ONLY_CV,,correct,0.16603772542121437,moderate
1.0,1841.0,VAR_000246,1,0.6670148091196838,0.4676065299723352,0.4381502900787569,1,MASTER_ONLY_CV,,correct,0.22886451904092692,high
2.0,1843.0,VAR_006307,1,0.6713219093924752,0.3589974365481315,0.4381502900787569,1,MASTER_ONLY_CV,,correct,0.23317161931371827,high
4.0,1845.0,VAR_005257,0,0.2591005225764086,0.2888357696077288,0.4381502900787569,0,MASTER_ONLY_CV,,correct,0.1790497675023483,moderate
2.0,1846.0,VAR_002097,0,0.5464277025856893,0.3589974365481315,0.4381502900787569,1,MASTER_ONLY_CV,,false_positive,0.1082774125069324,moderate
2.0,1847.0,VAR_005274,0,0.1721112627411996,0.3589974365481315,0.4381502900787569,0,MASTER_ONLY_CV,,correct,0.2660390273375573,high
2.0,1848.0,VAR_003447,0,0.0401647716077982,0.3589974365481315,0.4381502900787569,0,MASTER_ONLY_CV,,correct,0.3979855184709587,high
4.0,1849.0,VAR_005155,1,0.7110368023633395,0.2888357696077288,0.4381502900787569,1,MASTER_ONLY_CV,,correct,0.27288651228458266,high
4.0,1850.0,VAR_006400,0,0.0799427737508206,0.2888357696077288,0.4381502900787569,0,MASTER_ONLY_CV,,correct,0.3582075163279363,high
0.0,1851.0,VAR_001134,1,0.857239248217934,0.4552237562989291,0.4381502900787569,1,MASTER_ONLY_CV,,correct,0.41908895813917707,high
1.0,1852.0,VAR_000104,0,0.2433561160760634,0.4676065299723352,0.4381502900787569,0,MASTER_ONLY_CV,,correct,0.1947941740026935,moderate
4.0,1853.0,VAR_000718,1,0.8422479530158884,0.2888357696077288,0.4381502900787569,1,MASTER_ONLY_CV,,correct,0.4040976629371315,high
3.0,1854.0,VAR_003920,1,0.9908488336357106,0.4381502900787569,0.4381502900787569,1,MASTER_ONLY_CV,,correct,0.5526985435569538,high
4.0,1855.0,VAR_000487,0,0.1678617327802972,0.2888357696077288,0.4381502900787569,0,MASTER_ONLY_CV,,correct,0.2702885572984597,high
0.0,1856.0,VAR_005598,0,0.9522920067692784,0.4552237562989291,0.4381502900787569,1,MASTER_ONLY_CV,,false_positive,0.5141417166905216,high
3.0,1857.0,VAR_005366,1,0.4742545989013076,0.4381502900787569,0.4381502900787569,1,MASTER_ONLY_CV,,correct,0.036104308822550724,borderline
4.0,1858.0,VAR_006201,1,0.890483078818039,0.2888357696077288,0.4381502900787569,1,MASTER_ONLY_CV,,correct,0.4523327887392821,high
4.0,1859.0,VAR_000175,1,0.7524686825384943,0.2888357696077288,0.4381502900787569,1,MASTER_ONLY_CV,,correct,0.3143183924597374,high
2.0,1860.0,VAR_003767,1,0.9549881226181196,0.3589974365481315,0.4381502900787569,1,MASTER_ONLY_CV,,correct,0.5168378325393628,high
3.0,1861.0,VAR_003422,0,0.7588817298118585,0.4381502900787569,0.4381502900787569,1,MASTER_ONLY_CV,,false_positive,0.32073143973310164,high
0.0,1862.0,VAR_002845,1,0.7575133230269515,0.4552237562989291,0.4381502900787569,1,MASTER_ONLY_CV,,correct,0.3193630329481946,high
4.0,1863.0,VAR_004067,1,0.9229656198850692,0.2888357696077288,0.4381502900787569,1,MASTER_ONLY_CV,,correct,0.4848153298063123,high
0.0,1864.0,VAR_005673,1,0.9254117163306342,0.4552237562989291,0.4381502900787569,1,MASTER_ONLY_CV,,correct,0.48726142625187735,high
4.0,1865.0,VAR_000254,1,0.8812572793680482,0.2888357696077288,0.4381502900787569,1,MASTER_ONLY_CV,,correct,0.4431069892892913,high
1.0,1866.0,VAR_001974,1,0.9947729460790624,0.4676065299723352,0.4381502900787569,1,MASTER_ONLY_CV,,correct,0.5566226560003056,high
1.0,1868.0,VAR_001027,0,0.8652115765391079,0.4676065299723352,0.4381502900787569,1,MASTER_ONLY_CV,,false_positive,0.42706128646035096,high
4.0,1869.0,VAR_000509,1,0.209939720255788,0.2888357696077288,0.4381502900787569,0,MASTER_ONLY_CV,,false_negative,0.2282105698229689,high
4.0,1871.0,VAR_006302,0,0.0665083370448317,0.2888357696077288,0.4381502900787569,0,MASTER_ONLY_CV,,correct,0.3716419530339252,high
4.0,1872.0,VAR_003139,0,0.0158661166532007,0.2888357696077288,0.4381502900787569,0,MASTER_ONLY_CV,,correct,0.4222841734255562,high
1.0,1874.0,VAR_004247,1,0.977374553238878,0.4676065299723352,0.4381502900787569,1,MASTER_ONLY_CV,,correct,0.5392242631601212,high
3.0,1875.0,VAR_006261,1,0.9668990557584756,0.4381502900787569,0.4381502900787569,1,MASTER_ONLY_CV,,correct,0.5287487656797187,high
1.0,1876.0,VAR_006129,1,0.9701804974518816,0.4676065299723352,0.4381502900787569,1,MASTER_ONLY_CV,,correct,0.5320302073731247,high
2.0,1879.0,VAR_004853,1,0.9157892202914654,0.3589974365481315,0.4381502900787569,1,MASTER_ONLY_CV,,correct,0.4776389302127085,high
3.0,1880.0,VAR_003748,1,0.9347686734707604,0.4381502900787569,0.4381502900787569,1,MASTER_ONLY_CV,,correct,0.49661838339200354,high
4.0,1881.0,VAR_005369,1,0.5174321168474465,0.2888357696077288,0.4381502900787569,1,MASTER_ONLY_CV,,correct,0.07928182676868961,moderate
1.0,1882.0,VAR_003251,1,0.5669193271135785,0.4676065299723352,0.4381502900787569,1,MASTER_ONLY_CV,,correct,0.12876903703482162,moderate
3.0,1883.0,VAR_006328,1,0.8049290514315174,0.4381502900787569,0.4381502900787569,1,MASTER_ONLY_CV,,correct,0.3667787613527605,high
4.0,1884.0,VAR_000564,0,0.1286889725354106,0.2888357696077288,0.4381502900787569,0,MASTER_ONLY_CV,,correct,0.30946131754334627,high
3.0,1885.0,VAR_004507,1,0.7527924397246504,0.4381502900787569,0.4381502900787569,1,MASTER_ONLY_CV,,correct,0.3146421496458935,high
1.0,1886.0,VAR_000291,1,0.9041939616657232,0.4676065299723352,0.4381502900787569,1,MASTER_ONLY_CV,,correct,0.4660436715869663,high
3.0,1887.0,VAR_000417,0,0.4800075770506726,0.4381502900787569,0.4381502900787569,1,MASTER_ONLY_CV,,false_positive,0.04185728697191571,borderline
3.0,1888.0,VAR_006225,0,0.7564388707453094,0.4381502900787569,0.4381502900787569,1,MASTER_ONLY_CV,,false_positive,0.31828858066655247,high
3.0,1889.0,VAR_005602,1,0.8021225746058468,0.4381502900787569,0.4381502900787569,1,MASTER_ONLY_CV,,correct,0.3639722845270899,high
1.0,1890.0,VAR_001527,1,0.7037016727270027,0.4676065299723352,0.4381502900787569,1,MASTER_ONLY_CV,,correct,0.2655513826482458,high
4.0,1893.0,VAR_004275,1,0.5095950556453057,0.2888357696077288,0.4381502900787569,1,MASTER_ONLY_CV,,correct,0.07144476556654883,moderate
0.0,1894.0,VAR_002938,1,0.9623025818576628,0.4552237562989291,0.4381502900787569,1,MASTER_ONLY_CV,,correct,0.5241522917789059,high
3.0,1895.0,VAR_002634,1,0.679525044226537,0.4381502900787569,0.4381502900787569,1,MASTER_ONLY_CV,,correct,0.24137475414778015,high
2.0,1896.0,VAR_005896,1,0.9689414084172892,0.3589974365481315,0.4381502900787569,1,MASTER_ONLY_CV,,correct,0.5307911183385323,high
4.0,1897.0,VAR_006136,0,0.8868294876983595,0.2888357696077288,0.4381502900787569,1,MASTER_ONLY_CV,,false_positive,0.44867919761960257,high
2.0,1898.0,VAR_000856,1,0.9487238246891718,0.3589974365481315,0.4381502900787569,1,MASTER_ONLY_CV,,correct,0.510573534610415,high
4.0,1899.0,VAR_004086,0,0.9312371180990652,0.2888357696077288,0.4381502900787569,1,MASTER_ONLY_CV,,false_positive,0.4930868280203083,high
0.0,1902.0,VAR_002268,1,0.8245947657520967,0.4552237562989291,0.4381502900787569,1,MASTER_ONLY_CV,,correct,0.3864444756733398,high
4.0,1903.0,VAR_005638,0,0.5739580947143744,0.2888357696077288,0.4381502900787569,1,MASTER_ONLY_CV,,false_positive,0.13580780463561754,moderate
0.0,1904.0,VAR_001687,0,0.8348568452023575,0.4552237562989291,0.4381502900787569,1,MASTER_ONLY_CV,,false_positive,0.3967065551236006,high
4.0,1906.0,VAR_002028,1,0.9817765435925698,0.2888357696077288,0.4381502900787569,1,MASTER_ONLY_CV,,correct,0.543626253513813,high
2.0,1907.0,VAR_005554,1,0.931596841461103,0.3589974365481315,0.4381502900787569,1,MASTER_ONLY_CV,,correct,0.4934465513823461,high
3.0,1908.0,VAR_003841,0,0.7218795433847857,0.4381502900787569,0.4381502900787569,1,MASTER_ONLY_CV,,false_positive,0.2837292533060288,high
0.0,1909.0,VAR_005210,1,0.2969416396633056,0.4552237562989291,0.4381502900787569,0,MASTER_ONLY_CV,,false_negative,0.14120865041545128,moderate
1.0,1910.0,VAR_003445,0,0.1643449092921124,0.4676065299723352,0.4381502900787569,0,MASTER_ONLY_CV,,correct,0.2738053807866445,high
4.0,1912.0,VAR_001385,1,0.5105884213653257,0.2888357696077288,0.4381502900787569,1,MASTER_ONLY_CV,,correct,0.07243813128656879,moderate
0.0,1913.0,VAR_004104,1,0.9059357815038224,0.4552237562989291,0.4381502900787569,1,MASTER_ONLY_CV,,correct,0.4677854914250655,high
0.0,1914.0,VAR_005991,1,0.5279416632236151,0.4552237562989291,0.4381502900787569,1,MASTER_ONLY_CV,,correct,0.08979137314485824,moderate
4.0,1915.0,VAR_000341,1,0.8784028362020029,0.2888357696077288,0.4381502900787569,1,MASTER_ONLY_CV,,correct,0.440252546123246,high
3.0,1916.0,VAR_003408,1,0.922822672296278,0.4381502900787569,0.4381502900787569,1,MASTER_ONLY_CV,,correct,0.4846723822175211,high
3.0,1917.0,VAR_000161,1,0.8456602762414247,0.4381502900787569,0.4381502900787569,1,MASTER_ONLY_CV,,correct,0.4075099861626678,high
4.0,1918.0,VAR_001616,1,0.5105884213653257,0.2888357696077288,0.4381502900787569,1,MASTER_ONLY_CV,,correct,0.07243813128656879,moderate
2.0,1919.0,VAR_003639,0,0.0039105523237586,0.3589974365481315,0.4381502900787569,0,MASTER_ONLY_CV,,correct,0.4342397377549983,high
3.0,1920.0,VAR_004469,1,0.822373165150627,0.4381502900787569,0.4381502900787569,1,MASTER_ONLY_CV,,correct,0.3842228750718701,high
4.0,1921.0,VAR_006502,1,0.7570457392698771,0.2888357696077288,0.4381502900787569,1,MASTER_ONLY_CV,,correct,0.3188954491911202,high
3.0,1923.0,VAR_001752,0,0.0696494367133611,0.4381502900787569,0.4381502900787569,0,MASTER_ONLY_CV,,correct,0.3685008533653958,high
2.0,1924.0,VAR_004125,1,0.9653259516718296,0.3589974365481315,0.4381502900787569,1,MASTER_ONLY_CV,,correct,0.5271756615930727,high
0.0,1925.0,VAR_003040,1,0.897783144362627,0.4552237562989291,0.4381502900787569,1,MASTER_ONLY_CV,,correct,0.4596328542838701,high
0.0,1926.0,VAR_002475,1,0.2420908836652198,0.4552237562989291,0.4381502900787569,0,MASTER_ONLY_CV,,false_negative,0.19605940641353709,moderate
1.0,1927.0,VAR_006297,0,0.150770399467277,0.4676065299723352,0.4381502900787569,0,MASTER_ONLY_CV,,correct,0.2873798906114799,high
0.0,1928.0,VAR_002313,1,0.8013809366601019,0.4552237562989291,0.4381502900787569,1,MASTER_ONLY_CV,,correct,0.363230646581345,high
2.0,1929.0,VAR_000229,0,0.0652460244407747,0.3589974365481315,0.4381502900787569,0,MASTER_ONLY_CV,,correct,0.3729042656379822,high
1.0,1930.0,VAR_005919,1,0.4741815575387192,0.4676065299723352,0.4381502900787569,1,MASTER_ONLY_CV,,correct,0.036031267459962324,borderline
4.0,1931.0,VAR_000768,1,0.6250541621931083,0.2888357696077288,0.4381502900787569,1,MASTER_ONLY_CV,,correct,0.1869038721143514,moderate
3.0,1932.0,VAR_001406,1,0.8171064803335446,0.4381502900787569,0.4381502900787569,1,MASTER_ONLY_CV,,correct,0.3789561902547877,high
2.0,1933.0,VAR_000483,1,0.4461744192236926,0.3589974365481315,0.4381502900787569,1,MASTER_ONLY_CV,,correct,0.008024129144935721,borderline
4.0,1934.0,VAR_000206,1,0.95251874021034,0.2888357696077288,0.4381502900787569,1,MASTER_ONLY_CV,,correct,0.514368450131583,high
1.0,1935.0,VAR_003725,0,0.040170785966236,0.4676065299723352,0.4381502900787569,0,MASTER_ONLY_CV,,correct,0.39797950411252087,high
1.0,1936.0,VAR_004939,1,0.8107647190896088,0.4676065299723352,0.4381502900787569,1,MASTER_ONLY_CV,,correct,0.3726144290108519,high
2.0,1938.0,VAR_004297,1,0.2922488486717952,0.3589974365481315,0.4381502900787569,0,MASTER_ONLY_CV,,false_negative,0.1459014414069617,moderate
3.0,1939.0,VAR_004075,1,0.8188990762650046,0.4381502900787569,0.4381502900787569,1,MASTER_ONLY_CV,,correct,0.3807487861862477,high
3.0,1940.0,VAR_000084,0,0.2352787395117126,0.4381502900787569,0.4381502900787569,0,MASTER_ONLY_CV,,correct,0.20287155056704428,high
2.0,1941.0,VAR_004561,0,0.6072115612050493,0.3589974365481315,0.4381502900787569,1,MASTER_ONLY_CV,,false_positive,0.16906127112629238,moderate
2.0,1942.0,VAR_003547,0,0.0078275798265706,0.3589974365481315,0.4381502900787569,0,MASTER_ONLY_CV,,correct,0.43032271025218627,high
4.0,1945.0,VAR_005420,1,0.8662939192566435,0.2888357696077288,0.4381502900787569,1,MASTER_ONLY_CV,,correct,0.42814362917788656,high
3.0,1947.0,VAR_006388,1,0.9909217736711692,0.4381502900787569,0.4381502900787569,1,MASTER_ONLY_CV,,correct,0.5527714835924122,high
4.0,1948.0,VAR_000146,1,0.6741238892215594,0.2888357696077288,0.4381502900787569,1,MASTER_ONLY_CV,,correct,0.23597359914280253,high
4.0,1949.0,VAR_003381,0,0.9275574269929197,0.2888357696077288,0.4381502900787569,1,MASTER_ONLY_CV,,false_positive,0.48940713691416277,high
2.0,1950.0,VAR_002762,1,0.7465671764084165,0.3589974365481315,0.4381502900787569,1,MASTER_ONLY_CV,,correct,0.30841688632965963,high
2.0,1951.0,VAR_003284,1,0.9151603045716123,0.3589974365481315,0.4381502900787569,1,MASTER_ONLY_CV,,correct,0.47701001449285546,high
0.0,1952.0,VAR_005857,1,0.9200091622207762,0.4552237562989291,0.4381502900787569,1,MASTER_ONLY_CV,,correct,0.48185887214201933,high
2.0,1953.0,VAR_005291,1,0.4531521333320422,0.3589974365481315,0.4381502900787569,1,MASTER_ONLY_CV,,correct,0.015001843253285296,borderline
3.0,1954.0,VAR_003914,0,0.3565971067126642,0.4381502900787569,0.4381502900787569,0,MASTER_ONLY_CV,,correct,0.08155318336609269,moderate
1.0,1955.0,VAR_005777,0,0.099108487208149,0.4676065299723352,0.4381502900787569,0,MASTER_ONLY_CV,,correct,0.3390418028706079,high
3.0,1957.0,VAR_003926,1,0.9614684434372188,0.4381502900787569,0.4381502900787569,1,MASTER_ONLY_CV,,correct,0.5233181533584619,high
3.0,1958.0,VAR_004535,0,0.1326991955988959,0.4381502900787569,0.4381502900787569,0,MASTER_ONLY_CV,,correct,0.30545109447986096,high
0.0,1959.0,VAR_003366,1,0.7479954622803893,0.4552237562989291,0.4381502900787569,1,MASTER_ONLY_CV,,correct,0.3098451722016324,high
3.0,1960.0,VAR_005214,0,0.0642688478140178,0.4381502900787569,0.4381502900787569,0,MASTER_ONLY_CV,,correct,0.3738814422647391,high
3.0,1962.0,VAR_001144,1,0.9593402104596,0.4381502900787569,0.4381502900787569,1,MASTER_ONLY_CV,,correct,0.5211899203808432,high
3.0,1963.0,VAR_005737,1,0.9598494245668276,0.4381502900787569,0.4381502900787569,1,MASTER_ONLY_CV,,correct,0.5216991344880708,high
2.0,1964.0,VAR_004919,1,0.7951680896780569,0.3589974365481315,0.4381502900787569,1,MASTER_ONLY_CV,,correct,0.35701779959929997,high
0.0,1965.0,VAR_003643,0,0.0545540032022238,0.4552237562989291,0.4381502900787569,0,MASTER_ONLY_CV,,correct,0.3835962868765331,high
2.0,1966.0,VAR_000098,1,0.5835668366467428,0.3589974365481315,0.4381502900787569,1,MASTER_ONLY_CV,,correct,0.14541654656798592,moderate
4.0,1967.0,VAR_001808,1,0.9583451315593532,0.2888357696077288,0.4381502900787569,1,MASTER_ONLY_CV,,correct,0.5201948414805964,high
4.0,1969.0,VAR_002058,1,0.9534547466477464,0.2888357696077288,0.4381502900787569,1,MASTER_ONLY_CV,,correct,0.5153044565689895,high
4.0,1970.0,VAR_000405,1,0.8435055525493358,0.2888357696077288,0.4381502900787569,1,MASTER_ONLY_CV,,correct,0.4053552624705789,high
2.0,1971.0,VAR_004106,1,0.9836583842634652,0.3589974365481315,0.4381502900787569,1,MASTER_ONLY_CV,,correct,0.5455080941847084,high
3.0,1972.0,VAR_000033,1,0.9428437082163988,0.4381502900787569,0.4381502900787569,1,MASTER_ONLY_CV,,correct,0.5046934181376419,high
2.0,1973.0,VAR_004074,1,0.8556350227508115,0.3589974365481315,0.4381502900787569,1,MASTER_ONLY_CV,,correct,0.4174847326720546,high
2.0,1975.0,VAR_001599,1,0.6738511904041431,0.3589974365481315,0.4381502900787569,1,MASTER_ONLY_CV,,correct,0.2357009003253862,high
1.0,1976.0,VAR_002507,1,0.6850719517282298,0.4676065299723352,0.4381502900787569,1,MASTER_ONLY_CV,,correct,0.24692166164947288,high
4.0,1977.0,VAR_001461,1,0.5409548136062524,0.2888357696077288,0.4381502900787569,1,MASTER_ONLY_CV,,correct,0.10280452352749553,moderate
4.0,1978.0,VAR_006050,1,0.878916833426555,0.2888357696077288,0.4381502900787569,1,MASTER_ONLY_CV,,correct,0.44076654334779813,high
3.0,1979.0,VAR_000545,1,0.9882173266935852,0.4381502900787569,0.4381502900787569,1,MASTER_ONLY_CV,,correct,0.5500670366148284,high
0.0,1980.0,VAR_002862,1,0.9247880606654512,0.4552237562989291,0.4381502900787569,1,MASTER_ONLY_CV,,correct,0.4866377705866943,high
1.0,1981.0,VAR_006278,0,0.6808973024551758,0.4676065299723352,0.4381502900787569,1,MASTER_ONLY_CV,,false_positive,0.24274701237641888,high
4.0,1982.0,VAR_006224,0,0.0626458022604031,0.2888357696077288,0.4381502900787569,0,MASTER_ONLY_CV,,correct,0.37550448781835377,high
3.0,1983.0,VAR_005750,0,0.0265948970808337,0.4381502900787569,0.4381502900787569,0,MASTER_ONLY_CV,,correct,0.4115553929979232,high
2.0,1984.0,VAR_001371,1,0.778426235941782,0.3589974365481315,0.4381502900787569,1,MASTER_ONLY_CV,,correct,0.34027594586302506,high
0.0,1985.0,VAR_006209,0,0.1176761955189518,0.4552237562989291,0.4381502900787569,0,MASTER_ONLY_CV,,correct,0.3204740945598051,high
4.0,1986.0,VAR_002076,1,0.099512937552167,0.2888357696077288,0.4381502900787569,0,MASTER_ONLY_CV,,false_negative,0.3386373525265899,high
0.0,1987.0,VAR_000828,1,0.9743544458303948,0.4552237562989291,0.4381502900787569,1,MASTER_ONLY_CV,,correct,0.5362041557516379,high
3.0,1988.0,VAR_003778,1,0.9623206503281772,0.4381502900787569,0.4381502900787569,1,MASTER_ONLY_CV,,correct,0.5241703602494203,high
2.0,1990.0,VAR_002615,0,0.1469322536303286,0.3589974365481315,0.4381502900787569,0,MASTER_ONLY_CV,,correct,0.29121803644842825,high
4.0,1991.0,VAR_005338,1,0.9762543626064064,0.2888357696077288,0.4381502900787569,1,MASTER_ONLY_CV,,correct,0.5381040725276496,high
3.0,1992.0,VAR_000838,1,0.9575971964403774,0.4381502900787569,0.4381502900787569,1,MASTER_ONLY_CV,,correct,0.5194469063616205,high
3.0,1993.0,VAR_006097,1,0.4738900520942236,0.4381502900787569,0.4381502900787569,1,MASTER_ONLY_CV,,correct,0.03573976201546669,borderline
2.0,1994.0,VAR_006593,0,0.0793030811245824,0.3589974365481315,0.4381502900787569,0,MASTER_ONLY_CV,,correct,0.3588472089541745,high
3.0,1995.0,VAR_002419,0,0.0972444374893908,0.4381502900787569,0.4381502900787569,0,MASTER_ONLY_CV,,correct,0.3409058525893661,high
4.0,1997.0,VAR_005962,1,0.7933278637478858,0.2888357696077288,0.4381502900787569,1,MASTER_ONLY_CV,,correct,0.3551775736691289,high
3.0,1998.0,VAR_005780,1,0.7696863602568931,0.4381502900787569,0.4381502900787569,1,MASTER_ONLY_CV,,correct,0.3315360701781362,high
0.0,1999.0,VAR_004017,1,0.6036604644490373,0.4552237562989291,0.4381502900787569,1,MASTER_ONLY_CV,,correct,0.16551017437028043,moderate
0.0,2000.0,VAR_004240,1,0.9474371781427308,0.4552237562989291,0.4381502900787569,1,MASTER_ONLY_CV,,correct,0.5092868880639738,high
3.0,2001.0,VAR_005719,1,0.9901721271657676,0.4381502900787569,0.4381502900787569,1,MASTER_ONLY_CV,,correct,0.5520218370870107,high
4.0,2003.0,VAR_000715,1,0.4096952722218251,0.2888357696077288,0.4381502900787569,0,MASTER_ONLY_CV,,false_negative,0.028455017856931775,borderline
3.0,2005.0,VAR_004139,1,0.8755170198499391,0.4381502900787569,0.4381502900787569,1,MASTER_ONLY_CV,,correct,0.43736672977118224,high
4.0,2006.0,VAR_004822,0,0.9414775630981208,0.2888357696077288,0.4381502900787569,1,MASTER_ONLY_CV,,false_positive,0.5033272730193639,high
3.0,2007.0,VAR_006293,1,0.4738900520942236,0.4381502900787569,0.4381502900787569,1,MASTER_ONLY_CV,,correct,0.03573976201546669,borderline
0.0,2008.0,VAR_000007,0,0.0362839769958531,0.4552237562989291,0.4381502900787569,0,MASTER_ONLY_CV,,correct,0.40186631308290377,high
1.0,2009.0,VAR_003810,1,0.5356213084535073,0.4676065299723352,0.4381502900787569,1,MASTER_ONLY_CV,,correct,0.09747101837475042,moderate
0.0,2010.0,VAR_003056,1,0.8139921691776718,0.4552237562989291,0.4381502900787569,1,MASTER_ONLY_CV,,correct,0.3758418790989149,high
1.0,2012.0,VAR_000207,1,0.9325605750645652,0.4676065299723352,0.4381502900787569,1,MASTER_ONLY_CV,,correct,0.49441028498580836,high
0.0,2013.0,VAR_002155,0,0.6811556362112734,0.4552237562989291,0.4381502900787569,1,MASTER_ONLY_CV,,false_positive,0.2430053461325165,high
3.0,2015.0,VAR_002213,1,0.8825079004475853,0.4381502900787569,0.4381502900787569,1,MASTER_ONLY_CV,,correct,0.4443576103688284,high
4.0,2016.0,VAR_004064,1,0.9501099822416592,0.2888357696077288,0.4381502900787569,1,MASTER_ONLY_CV,,correct,0.5119596921629024,high
2.0,2018.0,VAR_004741,0,0.0219395293834012,0.3589974365481315,0.4381502900787569,0,MASTER_ONLY_CV,,correct,0.4162107606953557,high
1.0,2019.0,VAR_000156,1,0.8555458149263578,0.4676065299723352,0.4381502900787569,1,MASTER_ONLY_CV,,correct,0.41739552484760095,high
4.0,2020.0,VAR_002229,0,0.9053011261362076,0.2888357696077288,0.4381502900787569,1,MASTER_ONLY_CV,,false_positive,0.4671508360574507,high
0.0,2022.0,VAR_005799,1,0.9665072020912768,0.4552237562989291,0.4381502900787569,1,MASTER_ONLY_CV,,correct,0.52835691201252,high
1.0,2023.0,VAR_000529,1,0.8883971585635662,0.4676065299723352,0.4381502900787569,1,MASTER_ONLY_CV,,correct,0.45024686848480927,high
1.0,2024.0,VAR_006104,1,0.8490454318640821,0.4676065299723352,0.4381502900787569,1,MASTER_ONLY_CV,,correct,0.4108951417853252,high
4.0,2025.0,VAR_006002,1,0.0774181587730352,0.2888357696077288,0.4381502900787569,0,MASTER_ONLY_CV,,false_negative,0.3607321313057217,high
0.0,2027.0,VAR_003913,0,0.6010504373416211,0.4552237562989291,0.4381502900787569,1,MASTER_ONLY_CV,,false_positive,0.16290014726286423,moderate
2.0,2028.0,VAR_001362,1,0.7479838446436934,0.3589974365481315,0.4381502900787569,1,MASTER_ONLY_CV,,correct,0.3098335545649365,high
2.0,2029.0,VAR_005947,1,0.8542589959858248,0.3589974365481315,0.4381502900787569,1,MASTER_ONLY_CV,,correct,0.4161087059070679,high
0.0,2030.0,VAR_000871,0,0.2041387633066662,0.4552237562989291,0.4381502900787569,0,MASTER_ONLY_CV,,correct,0.2340115267720907,high
0.0,2031.0,VAR_006249,1,0.9890694943275083,0.4552237562989291,0.4381502900787569,1,MASTER_ONLY_CV,,correct,0.5509192042487514,high
0.0,2033.0,VAR_005584,1,0.5704576731177959,0.4552237562989291,0.4381502900787569,1,MASTER_ONLY_CV,,correct,0.13230738303903905,moderate
1.0,2034.0,VAR_001416,0,0.4908533027118187,0.4676065299723352,0.4381502900787569,1,MASTER_ONLY_CV,,false_positive,0.05270301263306182,moderate
1.0,2035.0,VAR_006291,1,0.4908533027118187,0.4676065299723352,0.4381502900787569,1,MASTER_ONLY_CV,,correct,0.05270301263306182,moderate
2.0,2036.0,VAR_001957,0,0.1419114000783132,0.3589974365481315,0.4381502900787569,0,MASTER_ONLY_CV,,correct,0.2962388900004437,high
4.0,2037.0,VAR_001212,1,0.9703606743211068,0.2888357696077288,0.4381502900787569,1,MASTER_ONLY_CV,,correct,0.53221038424235,high
4.0,2039.0,VAR_005020,0,0.146581304943224,0.2888357696077288,0.4381502900787569,0,MASTER_ONLY_CV,,correct,0.29156898513553287,high
1.0,2041.0,VAR_000068,1,0.8226887352942045,0.4676065299723352,0.4381502900787569,1,MASTER_ONLY_CV,,correct,0.3845384452154476,high
1.0,2042.0,VAR_005751,0,0.0961596419837447,0.4676065299723352,0.4381502900787569,0,MASTER_ONLY_CV,,correct,0.3419906480950122,high
4.0,2043.0,VAR_001422,0,0.6199835238493837,0.2888357696077288,0.4381502900787569,1,MASTER_ONLY_CV,,false_positive,0.18183323377062682,moderate
2.0,2044.0,VAR_001535,1,0.4063301544685351,0.3589974365481315,0.4381502900787569,0,MASTER_ONLY_CV,,false_negative,0.03182013561022179,borderline
2.0,2045.0,VAR_001565,1,0.3524025736918822,0.3589974365481315,0.4381502900787569,0,MASTER_ONLY_CV,,false_negative,0.08574771638687467,moderate
3.0,2046.0,VAR_002505,1,0.946099649817317,0.4381502900787569,0.4381502900787569,1,MASTER_ONLY_CV,,correct,0.50794935973856,high
4.0,2047.0,VAR_005650,0,0.7375711019570587,0.2888357696077288,0.4381502900787569,1,MASTER_ONLY_CV,,false_positive,0.2994208118783018,high
2.0,2048.0,VAR_005474,1,0.9772862170990316,0.3589974365481315,0.4381502900787569,1,MASTER_ONLY_CV,,correct,0.5391359270202747,high
0.0,2049.0,VAR_003449,0,0.8226687044759208,0.4552237562989291,0.4381502900787569,1,MASTER_ONLY_CV,,false_positive,0.3845184143971639,high
4.0,2050.0,VAR_005259,0,0.7833613369805307,0.2888357696077288,0.4381502900787569,1,MASTER_ONLY_CV,,false_positive,0.3452110469017738,high
2.0,2051.0,VAR_005166,1,0.9718816683446836,0.3589974365481315,0.4381502900787569,1,MASTER_ONLY_CV,,correct,0.5337313782659268,high
2.0,2052.0,VAR_006038,1,0.6026396592623097,0.3589974365481315,0.4381502900787569,1,MASTER_ONLY_CV,,correct,0.16448936918355278,moderate
4.0,2053.0,VAR_005454,1,0.95024045769906,0.2888357696077288,0.4381502900787569,1,MASTER_ONLY_CV,,correct,0.5120901676203031,high
0.0,2054.0,VAR_000336,0,0.4550932364143189,0.4552237562989291,0.4381502900787569,1,MASTER_ONLY_CV,,false_positive,0.016942946335562037,borderline
3.0,2055.0,VAR_002139,1,0.697564868429913,0.4381502900787569,0.4381502900787569,1,MASTER_ONLY_CV,,correct,0.25941457835115617,high
1.0,2056.0,VAR_001533,1,0.489493267822928,0.4676065299723352,0.4381502900787569,1,MASTER_ONLY_CV,,correct,0.051342977744171125,moderate
2.0,2058.0,VAR_004211,1,0.9185639161980548,0.3589974365481315,0.4381502900787569,1,MASTER_ONLY_CV,,correct,0.4804136261192979,high
3.0,2059.0,VAR_004229,0,0.7968296888431313,0.4381502900787569,0.4381502900787569,1,MASTER_ONLY_CV,,false_positive,0.35867939876437444,high
1.0,2060.0,VAR_004957,0,0.2051476657442102,0.4676065299723352,0.4381502900787569,0,MASTER_ONLY_CV,,correct,0.2330026243345467,high
3.0,2061.0,VAR_003249,1,0.975836206254952,0.4381502900787569,0.4381502900787569,1,MASTER_ONLY_CV,,correct,0.5376859161761951,high
2.0,2062.0,VAR_001314,1,0.4153825433734067,0.3589974365481315,0.4381502900787569,0,MASTER_ONLY_CV,,false_negative,0.0227677467053502,borderline
2.0,2063.0,VAR_003047,0,0.818689400755814,0.3589974365481315,0.4381502900787569,1,MASTER_ONLY_CV,,false_positive,0.3805391106770571,high
2.0,2064.0,VAR_001966,1,0.8829319663759433,0.3589974365481315,0.4381502900787569,1,MASTER_ONLY_CV,,correct,0.4447816762971864,high
4.0,2065.0,VAR_002330,0,0.2881510932099639,0.2888357696077288,0.4381502900787569,0,MASTER_ONLY_CV,,correct,0.14999919686879298,moderate
3.0,2066.0,VAR_002969,0,0.5621614628626805,0.4381502900787569,0.4381502900787569,1,MASTER_ONLY_CV,,false_positive,0.12401117278392365,moderate
4.0,2068.0,VAR_003802,1,0.9936170747308356,0.2888357696077288,0.4381502900787569,1,MASTER_ONLY_CV,,correct,0.5554667846520787,high
3.0,2070.0,VAR_004142,0,0.3692759687576253,0.4381502900787569,0.4381502900787569,0,MASTER_ONLY_CV,,correct,0.06887432132113158,moderate
1.0,2071.0,VAR_000594,1,0.9780692497234934,0.4676065299723352,0.4381502900787569,1,MASTER_ONLY_CV,,correct,0.5399189596447365,high
0.0,2072.0,VAR_003915,1,0.6795472992659403,0.4552237562989291,0.4381502900787569,1,MASTER_ONLY_CV,,correct,0.24139700918718338,high
1.0,2075.0,VAR_000442,0,0.174051514264445,0.4676065299723352,0.4381502900787569,0,MASTER_ONLY_CV,,correct,0.26409877581431185,high
2.0,2076.0,VAR_002980,1,0.6654969982750476,0.3589974365481315,0.4381502900787569,1,MASTER_ONLY_CV,,correct,0.22734670819629071,high
2.0,2077.0,VAR_002194,1,0.8795499506745078,0.3589974365481315,0.4381502900787569,1,MASTER_ONLY_CV,,correct,0.4413996605957509,high
0.0,2078.0,VAR_005942,1,0.9736545106256544,0.4552237562989291,0.4381502900787569,1,MASTER_ONLY_CV,,correct,0.5355042205468976,high
3.0,2079.0,VAR_001952,1,0.9505511954796524,0.4381502900787569,0.4381502900787569,1,MASTER_ONLY_CV,,correct,0.5124009054008956,high
0.0,2080.0,VAR_004782,1,0.5682407091786251,0.4552237562989291,0.4381502900787569,1,MASTER_ONLY_CV,,correct,0.13009041909986824,moderate
2.0,2081.0,VAR_003834,1,0.8097079824609928,0.3589974365481315,0.4381502900787569,1,MASTER_ONLY_CV,,correct,0.37155769238223596,high
1.0,2082.0,VAR_000016,1,0.9849854630635032,0.4676065299723352,0.4381502900787569,1,MASTER_ONLY_CV,,correct,0.5468351729847463,high
0.0,2083.0,VAR_005705,1,0.7258020991583718,0.4552237562989291,0.4381502900787569,1,MASTER_ONLY_CV,,correct,0.2876518090796149,high
2.0,2084.0,VAR_006274,1,0.7144475663932023,0.3589974365481315,0.4381502900787569,1,MASTER_ONLY_CV,,correct,0.2762972763144454,high
4.0,2085.0,VAR_000754,1,0.6442612939321858,0.2888357696077288,0.4381502900787569,1,MASTER_ONLY_CV,,correct,0.2061110038534289,high
2.0,2087.0,VAR_005500,1,0.9802051720552478,0.3589974365481315,0.4381502900787569,1,MASTER_ONLY_CV,,correct,0.542054881976491,high
2.0,2088.0,VAR_004885,1,0.6867399946664646,0.3589974365481315,0.4381502900787569,1,MASTER_ONLY_CV,,correct,0.24858970458770774,high
1.0,2089.0,VAR_004299,1,0.5378603620217155,0.4676065299723352,0.4381502900787569,1,MASTER_ONLY_CV,,correct,0.09971007194295861,moderate
0.0,2090.0,VAR_002366,1,0.4706887391755837,0.4552237562989291,0.4381502900787569,1,MASTER_ONLY_CV,,correct,0.032538449096826794,borderline
1.0,2092.0,VAR_003505,0,0.0353795415020601,0.4676065299723352,0.4381502900787569,0,MASTER_ONLY_CV,,correct,0.4027707485766968,high
2.0,2093.0,VAR_005873,0,0.0275160192988965,0.3589974365481315,0.4381502900787569,0,MASTER_ONLY_CV,,correct,0.41063427077986037,high
0.0,2094.0,VAR_001147,1,0.9554416235220629,0.4552237562989291,0.4381502900787569,1,MASTER_ONLY_CV,,correct,0.517291333443306,high
1.0,2095.0,VAR_002215,0,0.0625260261495207,0.4676065299723352,0.4381502900787569,0,MASTER_ONLY_CV,,correct,0.3756242639292362,high
1.0,2096.0,VAR_005156,1,0.2887979753429132,0.4676065299723352,0.4381502900787569,0,MASTER_ONLY_CV,,false_negative,0.1493523147358437,moderate
3.0,2097.0,VAR_005379,0,0.4556896704316804,0.4381502900787569,0.4381502900787569,1,MASTER_ONLY_CV,,false_positive,0.017539380352923517,borderline
1.0,2098.0,VAR_004111,1,0.893204552172554,0.4676065299723352,0.4381502900787569,1,MASTER_ONLY_CV,,correct,0.4550542620937971,high
3.0,2099.0,VAR_006098,1,0.6625930980705135,0.4381502900787569,0.4381502900787569,1,MASTER_ONLY_CV,,correct,0.2244428079917566,high
3.0,2100.0,VAR_003843,1,0.8935446375203059,0.4381502900787569,0.4381502900787569,1,MASTER_ONLY_CV,,correct,0.455394347441549,high
4.0,2101.0,VAR_005313,1,0.8375078520456308,0.2888357696077288,0.4381502900787569,1,MASTER_ONLY_CV,,correct,0.39935756196687394,high
3.0,2102.0,VAR_005154,1,0.3233399536309628,0.4381502900787569,0.4381502900787569,0,MASTER_ONLY_CV,,false_negative,0.11481033644779409,moderate
0.0,2103.0,VAR_000269,1,0.8593714510311528,0.4552237562989291,0.4381502900787569,1,MASTER_ONLY_CV,,correct,0.42122116095239587,high
4.0,2104.0,VAR_002220,1,0.8505387859919614,0.2888357696077288,0.4381502900787569,1,MASTER_ONLY_CV,,correct,0.41238849591320453,high
4.0,2105.0,VAR_003260,1,0.5631104385981406,0.2888357696077288,0.4381502900787569,1,MASTER_ONLY_CV,,correct,0.1249601485193837,moderate
4.0,2106.0,VAR_001423,1,0.7622236077318867,0.2888357696077288,0.4381502900787569,1,MASTER_ONLY_CV,,correct,0.3240733176531298,high
4.0,2107.0,VAR_005798,1,0.9254126915522978,0.2888357696077288,0.4381502900787569,1,MASTER_ONLY_CV,,correct,0.4872624014735409,high
4.0,2109.0,VAR_005576,1,0.9281501165518888,0.2888357696077288,0.4381502900787569,1,MASTER_ONLY_CV,,correct,0.48999982647313195,high
1.0,2110.0,VAR_001666,1,0.6102177479942844,0.4676065299723352,0.4381502900787569,1,MASTER_ONLY_CV,,correct,0.17206745791552752,moderate
1.0,2111.0,VAR_000368,1,0.3555120540187923,0.4676065299723352,0.4381502900787569,0,MASTER_ONLY_CV,,false_negative,0.08263823605996456,moderate
4.0,2112.0,VAR_000747,1,0.8404456262140406,0.2888357696077288,0.4381502900787569,1,MASTER_ONLY_CV,,correct,0.40229533613528373,high
3.0,2113.0,VAR_002182,1,0.59347038553919,0.4381502900787569,0.4381502900787569,1,MASTER_ONLY_CV,,correct,0.15532009546043307,moderate
2.0,2114.0,VAR_006589,1,0.4780773766530354,0.3589974365481315,0.4381502900787569,1,MASTER_ONLY_CV,,correct,0.039927086574278514,borderline
3.0,2115.0,VAR_003783,1,0.9456366782197212,0.4381502900787569,0.4381502900787569,1,MASTER_ONLY_CV,,correct,0.5074863881409644,high
3.0,2116.0,VAR_004977,1,0.6523940855217774,0.4381502900787569,0.4381502900787569,1,MASTER_ONLY_CV,,correct,0.21424379544302047,high
4.0,2117.0,VAR_002095,0,0.2821903918357655,0.2888357696077288,0.4381502900787569,0,MASTER_ONLY_CV,,correct,0.1559598982429914,moderate
3.0,2119.0,VAR_003591,0,0.1003371206743673,0.4381502900787569,0.4381502900787569,0,MASTER_ONLY_CV,,correct,0.3378131694043896,high
0.0,2120.0,VAR_002370,1,0.5770982431211141,0.4552237562989291,0.4381502900787569,1,MASTER_ONLY_CV,,correct,0.13894795304235724,moderate
0.0,2121.0,VAR_001598,1,0.8311106709610224,0.4552237562989291,0.4381502900787569,1,MASTER_ONLY_CV,,correct,0.39296038088226554,high
0.0,2122.0,VAR_002473,0,0.175240883762189,0.4552237562989291,0.4381502900787569,0,MASTER_ONLY_CV,,correct,0.2629094063165679,high
0.0,2123.0,VAR_000351,0,0.881899538087434,0.4552237562989291,0.4381502900787569,1,MASTER_ONLY_CV,,false_positive,0.44374924800867716,high
3.0,2124.0,VAR_002016,0,0.0308972252472903,0.4381502900787569,0.4381502900787569,0,MASTER_ONLY_CV,,correct,0.4072530648314666,high
2.0,2125.0,VAR_005791,1,0.6572534939921522,0.3589974365481315,0.4381502900787569,1,MASTER_ONLY_CV,,correct,0.21910320391339527,high
4.0,2126.0,VAR_002337,0,0.2083849433617141,0.2888357696077288,0.4381502900787569,0,MASTER_ONLY_CV,,correct,0.2297653467170428,high
4.0,2127.0,VAR_001403,1,0.9021597364895556,0.2888357696077288,0.4381502900787569,1,MASTER_ONLY_CV,,correct,0.4640094464107987,high
0.0,2128.0,VAR_001375,1,0.9272429855949756,0.4552237562989291,0.4381502900787569,1,MASTER_ONLY_CV,,correct,0.48909269551621876,high
2.0,2129.0,VAR_000285,1,0.8993518506479373,0.3589974365481315,0.4381502900787569,1,MASTER_ONLY_CV,,correct,0.46120156056918044,high
3.0,2132.0,VAR_006130,0,0.0764696925000012,0.4381502900787569,0.4381502900787569,0,MASTER_ONLY_CV,,correct,0.3616805975787557,high
4.0,2133.0,VAR_006063,1,0.8863159674218793,0.2888357696077288,0.4381502900787569,1,MASTER_ONLY_CV,,correct,0.44816567734312246,high
4.0,2134.0,VAR_002936,1,0.333434263358775,0.2888357696077288,0.4381502900787569,0,MASTER_ONLY_CV,,false_negative,0.10471602671998187,moderate
0.0,2136.0,VAR_006568,1,0.8569303767247392,0.4552237562989291,0.4381502900787569,1,MASTER_ONLY_CV,,correct,0.41878008664598226,high
3.0,2137.0,VAR_001677,1,0.9426093668509536,0.4381502900787569,0.4381502900787569,1,MASTER_ONLY_CV,,correct,0.5044590767721968,high
2.0,2138.0,VAR_001424,0,0.4237592808931361,0.3589974365481315,0.4381502900787569,0,MASTER_ONLY_CV,,correct,0.014391009185620807,borderline
3.0,2139.0,VAR_005729,1,0.2397293169785055,0.4381502900787569,0.4381502900787569,0,MASTER_ONLY_CV,,false_negative,0.1984209731002514,moderate
1.0,2140.0,VAR_003376,1,0.7410424706797193,0.4676065299723352,0.4381502900787569,1,MASTER_ONLY_CV,,correct,0.3028921806009624,high
4.0,2141.0,VAR_004988,1,0.964587467901529,0.2888357696077288,0.4381502900787569,1,MASTER_ONLY_CV,,correct,0.5264371778227721,high
3.0,2142.0,VAR_003438,1,0.854163073736777,0.4381502900787569,0.4381502900787569,1,MASTER_ONLY_CV,,correct,0.41601278365802014,high
1.0,2143.0,VAR_000542,1,0.9632444231280216,0.4676065299723352,0.4381502900787569,1,MASTER_ONLY_CV,,correct,0.5250941330492647,high
3.0,2144.0,VAR_005482,0,0.258013116864749,0.4381502900787569,0.4381502900787569,0,MASTER_ONLY_CV,,correct,0.1801371732140079,moderate
2.0,2145.0,VAR_003322,1,0.8733096975824345,0.3589974365481315,0.4381502900787569,1,MASTER_ONLY_CV,,correct,0.4351594075036776,high
2.0,2146.0,VAR_005886,0,0.1466930203445234,0.3589974365481315,0.4381502900787569,0,MASTER_ONLY_CV,,correct,0.29145726973423347,high
1.0,2147.0,VAR_000118,0,0.6471961775613866,0.4676065299723352,0.4381502900787569,1,MASTER_ONLY_CV,,false_positive,0.2090458874826297,high
0.0,2148.0,VAR_004538,1,0.4678988162767808,0.4552237562989291,0.4381502900787569,1,MASTER_ONLY_CV,,correct,0.029748526198023928,borderline
3.0,2149.0,VAR_006049,1,0.9371764183373488,0.4381502900787569,0.4381502900787569,1,MASTER_ONLY_CV,,correct,0.4990261282585919,high
0.0,2151.0,VAR_002885,0,0.733932373290277,0.4552237562989291,0.4381502900787569,1,MASTER_ONLY_CV,,false_positive,0.29578208321152016,high
4.0,2152.0,VAR_000580,0,0.0739146223450354,0.2888357696077288,0.4381502900787569,0,MASTER_ONLY_CV,,correct,0.3642356677337215,high
0.0,2153.0,VAR_003731,0,0.0313482871429565,0.4552237562989291,0.4381502900787569,0,MASTER_ONLY_CV,,correct,0.4068020029358004,high
3.0,2154.0,VAR_001894,1,0.3118444553232935,0.4381502900787569,0.4381502900787569,0,MASTER_ONLY_CV,,false_negative,0.12630583475546336,moderate
0.0,2155.0,VAR_005920,1,0.9600480598988228,0.4552237562989291,0.4381502900787569,1,MASTER_ONLY_CV,,correct,0.521897769820066,high
1.0,2156.0,VAR_000481,1,0.401082617996581,0.4676065299723352,0.4381502900787569,0,MASTER_ONLY_CV,,false_negative,0.03706767208217587,borderline
3.0,2157.0,VAR_004915,1,0.385199907733852,0.4381502900787569,0.4381502900787569,0,MASTER_ONLY_CV,,false_negative,0.0529503823449049,moderate
2.0,2158.0,VAR_000172,1,0.9466299593175996,0.3589974365481315,0.4381502900787569,1,MASTER_ONLY_CV,,correct,0.5084796692388427,high
0.0,2159.0,VAR_000309,1,0.4353761895748268,0.4552237562989291,0.4381502900787569,0,MASTER_ONLY_CV,,false_negative,0.002774100503930066,borderline
4.0,2161.0,VAR_000019,0,0.1073790245349439,0.2888357696077288,0.4381502900787569,0,MASTER_ONLY_CV,,correct,0.330771265543813,high
2.0,2163.0,VAR_001627,1,0.4242550683851864,0.3589974365481315,0.4381502900787569,0,MASTER_ONLY_CV,,false_negative,0.013895221693570492,borderline
2.0,2164.0,VAR_004818,1,0.5461638800344046,0.3589974365481315,0.4381502900787569,1,MASTER_ONLY_CV,,correct,0.10801358995564775,moderate
4.0,2165.0,VAR_002022,1,0.8929830668075113,0.2888357696077288,0.4381502900787569,1,MASTER_ONLY_CV,,correct,0.4548327767287544,high
0.0,2167.0,VAR_005644,1,0.1262293344927447,0.4552237562989291,0.4381502900787569,0,MASTER_ONLY_CV,,false_negative,0.3119209555860122,high
4.0,2168.0,VAR_002810,1,0.9505599452145412,0.2888357696077288,0.4381502900787569,1,MASTER_ONLY_CV,,correct,0.5124096551357844,high
3.0,2169.0,VAR_005785,1,0.9629747747378892,0.4381502900787569,0.4381502900787569,1,MASTER_ONLY_CV,,correct,0.5248244846591323,high
1.0,2171.0,VAR_002339,0,0.4262473787697119,0.4676065299723352,0.4381502900787569,0,MASTER_ONLY_CV,,correct,0.011902911309044972,borderline
1.0,2172.0,VAR_002354,1,0.9014288747713504,0.4676065299723352,0.4381502900787569,1,MASTER_ONLY_CV,,correct,0.4632785846925935,high
1.0,2173.0,VAR_006473,0,0.1367911412323142,0.4676065299723352,0.4381502900787569,0,MASTER_ONLY_CV,,correct,0.30135914884644266,high
1.0,2174.0,VAR_002874,1,0.8138683552181024,0.4676065299723352,0.4381502900787569,1,MASTER_ONLY_CV,,correct,0.3757180651393455,high
3.0,2175.0,VAR_001877,1,0.6862965285791699,0.4381502900787569,0.4381502900787569,1,MASTER_ONLY_CV,,correct,0.248146238500413,high
1.0,2176.0,VAR_003759,1,0.6124472137001884,0.4676065299723352,0.4381502900787569,1,MASTER_ONLY_CV,,correct,0.1742969236214315,moderate
1.0,2177.0,VAR_003529,1,0.0143549464605709,0.4676065299723352,0.4381502900787569,0,MASTER_ONLY_CV,,false_negative,0.423795343618186,high
0.0,2178.0,VAR_004892,1,0.1600922410781079,0.4552237562989291,0.4381502900787569,0,MASTER_ONLY_CV,,false_negative,0.278058049000649,high
2.0,2179.0,VAR_001114,1,0.9843061010174208,0.3589974365481315,0.4381502900787569,1,MASTER_ONLY_CV,,correct,0.5461558109386639,high
3.0,2180.0,VAR_006292,1,0.4470435171123487,0.4381502900787569,0.4381502900787569,1,MASTER_ONLY_CV,,correct,0.0088932270335918,borderline
2.0,2184.0,VAR_001223,1,0.5185061626168771,0.3589974365481315,0.4381502900787569,1,MASTER_ONLY_CV,,correct,0.08035587253812021,moderate
2.0,2185.0,VAR_005399,1,0.9651768940693216,0.3589974365481315,0.4381502900787569,1,MASTER_ONLY_CV,,correct,0.5270266039905647,high
3.0,2186.0,VAR_000462,1,0.9157022809005618,0.4381502900787569,0.4381502900787569,1,MASTER_ONLY_CV,,correct,0.47755199082180494,high
0.0,2187.0,VAR_001558,1,0.5072345187920005,0.4552237562989291,0.4381502900787569,1,MASTER_ONLY_CV,,correct,0.06908422871324366,moderate
4.0,2189.0,VAR_005131,1,0.9711589419149912,0.2888357696077288,0.4381502900787569,1,MASTER_ONLY_CV,,correct,0.5330086518362342,high
1.0,2190.0,VAR_003696,0,0.0949022742733061,0.4676065299723352,0.4381502900787569,0,MASTER_ONLY_CV,,correct,0.3432480158054508,high
4.0,2191.0,VAR_004277,1,0.7988333705925866,0.2888357696077288,0.4381502900787569,1,MASTER_ONLY_CV,,correct,0.36068308051382975,high
3.0,2192.0,VAR_004745,1,0.6410405069924082,0.4381502900787569,0.4381502900787569,1,MASTER_ONLY_CV,,correct,0.20289021691365133,high
2.0,2193.0,VAR_001991,0,0.9039292037984854,0.3589974365481315,0.4381502900787569,1,MASTER_ONLY_CV,,false_positive,0.4657789137197285,high
0.0,2194.0,VAR_006032,1,0.7706621757797606,0.4552237562989291,0.4381502900787569,1,MASTER_ONLY_CV,,correct,0.3325118857010037,high
0.0,2195.0,VAR_001643,0,0.415346193713249,0.4552237562989291,0.4381502900787569,0,MASTER_ONLY_CV,,correct,0.022804096365507898,borderline
0.0,2196.0,VAR_000632,1,0.9932229743426148,0.4552237562989291,0.4381502900787569,1,MASTER_ONLY_CV,,correct,0.5550726842638578,high
0.0,2197.0,VAR_004742,1,0.953964480097449,0.4552237562989291,0.4381502900787569,1,MASTER_ONLY_CV,,correct,0.5158141900186921,high
3.0,2198.0,VAR_000194,1,0.4381502900787569,0.4381502900787569,0.4381502900787569,1,MASTER_ONLY_CV,,correct,0.0,borderline
2.0,2200.0,VAR_006504,1,0.6064338255992732,0.3589974365481315,0.4381502900787569,1,MASTER_ONLY_CV,,correct,0.16828353552051628,moderate
3.0,2201.0,VAR_006213,1,0.9514415367281548,0.4381502900787569,0.4381502900787569,1,MASTER_ONLY_CV,,correct,0.513291246649398,high
4.0,2202.0,VAR_001664,1,0.799630430364977,0.2888357696077288,0.4381502900787569,1,MASTER_ONLY_CV,,correct,0.36148014028622016,high
2.0,2205.0,VAR_004893,1,0.8869445761339619,0.3589974365481315,0.4381502900787569,1,MASTER_ONLY_CV,,correct,0.44879428605520505,high
1.0,2206.0,VAR_001047,0,0.0633122238496427,0.4676065299723352,0.4381502900787569,0,MASTER_ONLY_CV,,correct,0.3748380662291142,high
4.0,2207.0,VAR_005247,1,0.9542689702073208,0.2888357696077288,0.4381502900787569,1,MASTER_ONLY_CV,,correct,0.516118680128564,high
1.0,2208.0,VAR_001728,0,0.2301507382451498,0.4676065299723352,0.4381502900787569,0,MASTER_ONLY_CV,,correct,0.20799955183360708,high
2.0,2209.0,VAR_003508,0,0.013794018208878,0.3589974365481315,0.4381502900787569,0,MASTER_ONLY_CV,,correct,0.4243562718698789,high
4.0,2210.0,VAR_006556,1,0.0204965555691123,0.2888357696077288,0.4381502900787569,0,MASTER_ONLY_CV,,false_negative,0.4176537345096446,high
1.0,2211.0,VAR_004035,0,0.7426813458652101,0.4676065299723352,0.4381502900787569,1,MASTER_ONLY_CV,,false_positive,0.3045310557864532,high
4.0,2213.0,VAR_000308,1,0.9808566136455914,0.2888357696077288,0.4381502900787569,1,MASTER_ONLY_CV,,correct,0.5427063235668346,high
2.0,2214.0,VAR_006214,1,0.9746278576632688,0.3589974365481315,0.4381502900787569,1,MASTER_ONLY_CV,,correct,0.5364775675845119,high
2.0,2216.0,VAR_003099,1,0.9130099624273104,0.3589974365481315,0.4381502900787569,1,MASTER_ONLY_CV,,correct,0.4748596723485535,high
2.0,2217.0,VAR_002440,0,0.150328241548706,0.3589974365481315,0.4381502900787569,0,MASTER_ONLY_CV,,correct,0.2878220485300509,high
4.0,2220.0,VAR_003562,0,0.0674918657745103,0.2888357696077288,0.4381502900787569,0,MASTER_ONLY_CV,,correct,0.37065842430424656,high
2.0,2222.0,VAR_000403,1,0.9607462107609156,0.3589974365481315,0.4381502900787569,1,MASTER_ONLY_CV,,correct,0.5225959206821587,high
1.0,2223.0,VAR_000506,1,0.0264653451862248,0.4676065299723352,0.4381502900787569,0,MASTER_ONLY_CV,,false_negative,0.4116849448925321,high
1.0,2224.0,VAR_006312,1,0.9006598047457834,0.4676065299723352,0.4381502900787569,1,MASTER_ONLY_CV,,correct,0.46250951466702656,high
0.0,2225.0,VAR_001286,0,0.0731726740674728,0.4552237562989291,0.4381502900787569,0,MASTER_ONLY_CV,,correct,0.3649776160112841,high
1.0,2227.0,VAR_000418,1,0.684450448541179,0.4676065299723352,0.4381502900787569,1,MASTER_ONLY_CV,,correct,0.2463001584624221,high
1.0,2228.0,VAR_003288,1,0.3440982643165923,0.4676065299723352,0.4381502900787569,0,MASTER_ONLY_CV,,false_negative,0.09405202576216459,moderate
1.0,2229.0,VAR_004912,1,0.90507763964328,0.4676065299723352,0.4381502900787569,1,MASTER_ONLY_CV,,correct,0.46692734956452314,high
4.0,2230.0,VAR_004285,1,0.3885806052927832,0.2888357696077288,0.4381502900787569,0,MASTER_ONLY_CV,,false_negative,0.04956968478597368,borderline
4.0,2231.0,VAR_006141,1,0.9125086242531564,0.2888357696077288,0.4381502900787569,1,MASTER_ONLY_CV,,correct,0.4743583341743995,high
0.0,2233.0,VAR_003936,1,0.6997746964402937,0.4552237562989291,0.4381502900787569,1,MASTER_ONLY_CV,,correct,0.2616244063615368,high
2.0,2234.0,VAR_001635,0,0.4219318952205064,0.3589974365481315,0.4381502900787569,0,MASTER_ONLY_CV,,correct,0.016218394858250496,borderline
3.0,2235.0,VAR_004775,0,0.0870959290661466,0.4381502900787569,0.4381502900787569,0,MASTER_ONLY_CV,,correct,0.3510543610126103,high
4.0,2236.0,VAR_003243,1,0.976492850922962,0.2888357696077288,0.4381502900787569,1,MASTER_ONLY_CV,,correct,0.5383425608442052,high
4.0,2239.0,VAR_000498,0,0.2512063094904857,0.2888357696077288,0.4381502900787569,0,MASTER_ONLY_CV,,correct,0.18694398058827116,moderate
2.0,2241.0,VAR_005487,1,0.9875808487580237,0.3589974365481315,0.4381502900787569,1,MASTER_ONLY_CV,,correct,0.5494305586792667,high
0.0,2243.0,VAR_004071,1,0.8510536868931307,0.4552237562989291,0.4381502900787569,1,MASTER_ONLY_CV,,correct,0.41290339681437377,high
0.0,2244.0,VAR_002138,1,0.7447098373684994,0.4552237562989291,0.4381502900787569,1,MASTER_ONLY_CV,,correct,0.3065595472897425,high
1.0,2245.0,VAR_002432,0,0.0153972495913176,0.4676065299723352,0.4381502900787569,0,MASTER_ONLY_CV,,correct,0.4227530404874393,high
0.0,2246.0,VAR_001637,1,0.4595522890002911,0.4552237562989291,0.4381502900787569,1,MASTER_ONLY_CV,,correct,0.021401998921534215,borderline
4.0,2247.0,VAR_000468,1,0.5797316949996832,0.2888357696077288,0.4381502900787569,1,MASTER_ONLY_CV,,correct,0.14158140492092636,moderate
3.0,2248.0,VAR_003132,1,0.8857867070823694,0.4381502900787569,0.4381502900787569,1,MASTER_ONLY_CV,,correct,0.4476364170036125,high
4.0,2249.0,VAR_003683,0,0.617177565668037,0.2888357696077288,0.4381502900787569,1,MASTER_ONLY_CV,,false_positive,0.17902727558928017,moderate
2.0,2250.0,VAR_006564,1,0.6626076443620524,0.3589974365481315,0.4381502900787569,1,MASTER_ONLY_CV,,correct,0.22445735428329555,high
2.0,2251.0,VAR_006048,1,0.937766249323986,0.3589974365481315,0.4381502900787569,1,MASTER_ONLY_CV,,correct,0.4996159592452291,high
1.0,2252.0,VAR_005781,1,0.9456707275393276,0.4676065299723352,0.4381502900787569,1,MASTER_ONLY_CV,,correct,0.5075204374605706,high
4.0,2253.0,VAR_004391,0,0.7183499504429018,0.2888357696077288,0.4381502900787569,1,MASTER_ONLY_CV,,false_positive,0.28019966036414495,high
1.0,2254.0,VAR_003392,1,0.6601022693945836,0.4676065299723352,0.4381502900787569,1,MASTER_ONLY_CV,,correct,0.22195197931582672,high
3.0,2255.0,VAR_000183,1,0.59631557526481,0.4381502900787569,0.4381502900787569,1,MASTER_ONLY_CV,,correct,0.15816528518605316,moderate
2.0,2256.0,VAR_003905,1,0.413825904650438,0.3589974365481315,0.4381502900787569,0,MASTER_ONLY_CV,,false_negative,0.024324385428318884,borderline
4.0,2257.0,VAR_001715,0,0.0581774618057261,0.2888357696077288,0.4381502900787569,0,MASTER_ONLY_CV,,correct,0.3799728282730308,high
3.0,2258.0,VAR_002492,0,0.6646773598585735,0.4381502900787569,0.4381502900787569,1,MASTER_ONLY_CV,,false_positive,0.22652706977981657,high
2.0,2259.0,VAR_002922,0,0.3097323219918484,0.3589974365481315,0.4381502900787569,0,MASTER_ONLY_CV,,correct,0.12841796808690847,moderate
3.0,2261.0,VAR_002199,1,0.9501752096629832,0.4381502900787569,0.4381502900787569,1,MASTER_ONLY_CV,,correct,0.5120249195842264,high
3.0,2262.0,VAR_004852,1,0.7053280900324819,0.4381502900787569,0.4381502900787569,1,MASTER_ONLY_CV,,correct,0.267177799953725,high
4.0,2263.0,VAR_005264,0,0.7825583084110629,0.2888357696077288,0.4381502900787569,1,MASTER_ONLY_CV,,false_positive,0.344408018332306,high
3.0,2264.0,VAR_000663,0,0.1328678349923162,0.4381502900787569,0.4381502900787569,0,MASTER_ONLY_CV,,correct,0.3052824550864407,high
4.0,2266.0,VAR_005008,1,0.9299715965770896,0.2888357696077288,0.4381502900787569,1,MASTER_ONLY_CV,,correct,0.4918213064983327,high
2.0,2268.0,VAR_001100,1,0.9908883205880812,0.3589974365481315,0.4381502900787569,1,MASTER_ONLY_CV,,correct,0.5527380305093244,high
1.0,2269.0,VAR_001325,0,0.4871252929390364,0.4676065299723352,0.4381502900787569,1,MASTER_ONLY_CV,,false_positive,0.048975002860279504,borderline
2.0,2271.0,VAR_001192,1,0.7147565096889835,0.3589974365481315,0.4381502900787569,1,MASTER_ONLY_CV,,correct,0.27660621961022663,high
3.0,2272.0,VAR_002042,1,0.1078791477717176,0.4381502900787569,0.4381502900787569,0,MASTER_ONLY_CV,,false_negative,0.3302711423070393,high
0.0,2273.0,VAR_002049,1,0.5622219468823894,0.4552237562989291,0.4381502900787569,1,MASTER_ONLY_CV,,correct,0.12407165680363247,moderate
3.0,2274.0,VAR_002195,1,0.8883830484604667,0.4381502900787569,0.4381502900787569,1,MASTER_ONLY_CV,,correct,0.4502327583817098,high
4.0,2275.0,VAR_005497,1,0.8645806420949218,0.2888357696077288,0.4381502900787569,1,MASTER_ONLY_CV,,correct,0.4264303520161649,high
3.0,2276.0,VAR_002429,1,0.9804405145937222,0.4381502900787569,0.4381502900787569,1,MASTER_ONLY_CV,,correct,0.5422902245149652,high
4.0,2277.0,VAR_004813,1,0.6857972291996669,0.2888357696077288,0.4381502900787569,1,MASTER_ONLY_CV,,correct,0.24764693912091001,high
4.0,2279.0,VAR_005306,0,0.5406912427975652,0.2888357696077288,0.4381502900787569,1,MASTER_ONLY_CV,,false_positive,0.10254095271880831,moderate
0.0,2280.0,VAR_002441,1,0.9021828951515316,0.4552237562989291,0.4381502900787569,1,MASTER_ONLY_CV,,correct,0.4640326050727747,high
2.0,2281.0,VAR_002567,0,0.1120104307043162,0.3589974365481315,0.4381502900787569,0,MASTER_ONLY_CV,,correct,0.3261398593744407,high
2.0,2283.0,VAR_004011,1,0.9653143540881928,0.3589974365481315,0.4381502900787569,1,MASTER_ONLY_CV,,correct,0.5271640640094359,high
3.0,2285.0,VAR_000219,1,0.9781670689841684,0.4381502900787569,0.4381502900787569,1,MASTER_ONLY_CV,,correct,0.5400167789054116,high
3.0,2286.0,VAR_001084,0,0.4221084003566999,0.4381502900787569,0.4381502900787569,0,MASTER_ONLY_CV,,correct,0.016041889722057,borderline
0.0,2287.0,VAR_001585,0,0.44941953662215,0.4552237562989291,0.4381502900787569,1,MASTER_ONLY_CV,,false_positive,0.011269246543393119,borderline
3.0,2288.0,VAR_003354,1,0.9081846177667416,0.4381502900787569,0.4381502900787569,1,MASTER_ONLY_CV,,correct,0.47003432768798475,high
1.0,2289.0,VAR_003417,1,0.8490223035164584,0.4676065299723352,0.4381502900787569,1,MASTER_ONLY_CV,,correct,0.41087201343770147,high
1.0,2290.0,VAR_006585,0,0.975151125165741,0.4676065299723352,0.4381502900787569,1,MASTER_ONLY_CV,,false_positive,0.5370008350869842,high
3.0,2291.0,VAR_002145,1,0.6556649400827256,0.4381502900787569,0.4381502900787569,1,MASTER_ONLY_CV,,correct,0.2175146500039687,high
2.0,2292.0,VAR_003786,1,0.6974497505801995,0.3589974365481315,0.4381502900787569,1,MASTER_ONLY_CV,,correct,0.25929946050144265,high
4.0,2293.0,VAR_003111,0,0.0924924584064591,0.2888357696077288,0.4381502900787569,0,MASTER_ONLY_CV,,correct,0.3456578316722978,high
2.0,2294.0,VAR_001861,0,0.4270851193043266,0.3589974365481315,0.4381502900787569,0,MASTER_ONLY_CV,,correct,0.01106517077443031,borderline
1.0,2295.0,VAR_003197,0,0.406888068625441,0.4676065299723352,0.4381502900787569,0,MASTER_ONLY_CV,,correct,0.031262221453315864,borderline
3.0,2296.0,VAR_004018,0,0.0436584810996647,0.4381502900787569,0.4381502900787569,0,MASTER_ONLY_CV,,correct,0.3944918089790922,high
2.0,2297.0,VAR_006281,1,0.4096169606680379,0.3589974365481315,0.4381502900787569,0,MASTER_ONLY_CV,,false_negative,0.02853332941071901,borderline
4.0,2298.0,VAR_002520,1,0.5553389968448242,0.2888357696077288,0.4381502900787569,1,MASTER_ONLY_CV,,correct,0.11718870676606735,moderate
3.0,2299.0,VAR_002551,1,0.3086596173731002,0.4381502900787569,0.4381502900787569,0,MASTER_ONLY_CV,,false_negative,0.12949067270565667,moderate
3.0,2303.0,VAR_005441,1,0.9870025967357472,0.4381502900787569,0.4381502900787569,1,MASTER_ONLY_CV,,correct,0.5488523066569904,high
2.0,2304.0,VAR_004947,1,0.7752197298012977,0.3589974365481315,0.4381502900787569,1,MASTER_ONLY_CV,,correct,0.33706943972254083,high
0.0,2305.0,VAR_004004,1,0.9574239108161448,0.4552237562989291,0.4381502900787569,1,MASTER_ONLY_CV,,correct,0.5192736207373878,high
0.0,2306.0,VAR_005768,1,0.9766526129339882,0.4552237562989291,0.4381502900787569,1,MASTER_ONLY_CV,,correct,0.5385023228552313,high
2.0,2307.0,VAR_006527,0,0.4944805618420739,0.3589974365481315,0.4381502900787569,1,MASTER_ONLY_CV,,false_positive,0.05633027176331701,moderate
1.0,2309.0,VAR_003716,1,0.9770900639109013,0.4676065299723352,0.4381502900787569,1,MASTER_ONLY_CV,,correct,0.5389397738321444,high
4.0,2310.0,VAR_002187,1,0.7631909465720067,0.2888357696077288,0.4381502900787569,1,MASTER_ONLY_CV,,correct,0.3250406564932498,high
0.0,2312.0,VAR_003535,1,0.9211819292570398,0.4552237562989291,0.4381502900787569,1,MASTER_ONLY_CV,,correct,0.4830316391782829,high
4.0,2313.0,VAR_006315,1,0.5500359154560278,0.2888357696077288,0.4381502900787569,1,MASTER_ONLY_CV,,correct,0.11188562537727093,moderate
2.0,2314.0,VAR_003210,0,0.1716623966570643,0.3589974365481315,0.4381502900787569,0,MASTER_ONLY_CV,,correct,0.2664878934216926,high
4.0,2316.0,VAR_006319,1,0.641492795305617,0.2888357696077288,0.4381502900787569,1,MASTER_ONLY_CV,,correct,0.2033425052268601,high
0.0,2318.0,VAR_001287,1,0.2130443887246536,0.4552237562989291,0.4381502900787569,0,MASTER_ONLY_CV,,false_negative,0.2251059013541033,high
2.0,2319.0,VAR_005302,1,0.8384095540289777,0.3589974365481315,0.4381502900787569,1,MASTER_ONLY_CV,,correct,0.40025926395022077,high
3.0,2320.0,VAR_006088,1,0.7657134651260489,0.4381502900787569,0.4381502900787569,1,MASTER_ONLY_CV,,correct,0.327563175047292,high
4.0,2321.0,VAR_000031,1,0.9930455213480346,0.2888357696077288,0.4381502900787569,1,MASTER_ONLY_CV,,correct,0.5548952312692776,high
2.0,2322.0,VAR_000173,1,0.8864762644756972,0.3589974365481315,0.4381502900787569,1,MASTER_ONLY_CV,,correct,0.4483259743969403,high
4.0,2323.0,VAR_006146,1,0.9286702420113002,0.2888357696077288,0.4381502900787569,1,MASTER_ONLY_CV,,correct,0.49051995193254333,high
0.0,2325.0,VAR_004972,1,0.5053338759527253,0.4552237562989291,0.4381502900787569,1,MASTER_ONLY_CV,,correct,0.06718358587396839,moderate
4.0,2326.0,VAR_005312,0,0.2279900991151142,0.2888357696077288,0.4381502900787569,0,MASTER_ONLY_CV,,correct,0.2101601909636427,high
4.0,2327.0,VAR_000474,1,0.347519324994624,0.2888357696077288,0.4381502900787569,0,MASTER_ONLY_CV,,false_negative,0.09063096508413288,moderate
4.0,2329.0,VAR_005929,1,0.6831654128336065,0.2888357696077288,0.4381502900787569,1,MASTER_ONLY_CV,,correct,0.24501512275484966,high
2.0,2331.0,VAR_000272,0,0.1358621884278974,0.3589974365481315,0.4381502900787569,0,MASTER_ONLY_CV,,correct,0.3022881016508595,high
2.0,2332.0,VAR_000845,1,0.3863471158975177,0.3589974365481315,0.4381502900787569,0,MASTER_ONLY_CV,,false_negative,0.0518031741812392,moderate
1.0,2333.0,VAR_000937,1,0.7755022414636746,0.4676065299723352,0.4381502900787569,1,MASTER_ONLY_CV,,correct,0.33735195138491775,high
4.0,2334.0,VAR_001760,1,0.6630582719152334,0.2888357696077288,0.4381502900787569,1,MASTER_ONLY_CV,,correct,0.22490798183647648,high
1.0,2335.0,VAR_003774,0,0.0654286143131266,0.4676065299723352,0.4381502900787569,0,MASTER_ONLY_CV,,correct,0.3727216757656303,high
0.0,2336.0,VAR_003353,1,0.9208526138951728,0.4552237562989291,0.4381502900787569,1,MASTER_ONLY_CV,,correct,0.4827023238164159,high
2.0,2337.0,VAR_006103,1,0.9633792220104,0.3589974365481315,0.4381502900787569,1,MASTER_ONLY_CV,,correct,0.5252289319316432,high
1.0,2338.0,VAR_003723,1,0.9773753745763648,0.4676065299723352,0.4381502900787569,1,MASTER_ONLY_CV,,correct,0.5392250844976079,high
4.0,2339.0,VAR_004944,1,0.9842579538785642,0.2888357696077288,0.4381502900787569,1,MASTER_ONLY_CV,,correct,0.5461076637998072,high
1.0,2340.0,VAR_004778,0,0.366539227859327,0.4676065299723352,0.4381502900787569,0,MASTER_ONLY_CV,,correct,0.07161106221942987,moderate
2.0,2341.0,VAR_003592,0,0.0417194367304621,0.3589974365481315,0.4381502900787569,0,MASTER_ONLY_CV,,correct,0.3964308533482948,high
4.0,2342.0,VAR_004382,1,0.9803054234072998,0.2888357696077288,0.4381502900787569,1,MASTER_ONLY_CV,,correct,0.5421551333285428,high
3.0,2343.0,VAR_004043,1,0.675924715172925,0.4381502900787569,0.4381502900787569,1,MASTER_ONLY_CV,,correct,0.23777442509416807,high
3.0,2344.0,VAR_001184,1,0.6997137437559365,0.4381502900787569,0.4381502900787569,1,MASTER_ONLY_CV,,correct,0.26156345367717965,high
0.0,2345.0,VAR_000037,1,0.9372537868103278,0.4552237562989291,0.4381502900787569,1,MASTER_ONLY_CV,,correct,0.4991034967315709,high
2.0,2347.0,VAR_004985,1,0.5887246712189154,0.3589974365481315,0.4381502900787569,1,MASTER_ONLY_CV,,correct,0.15057438114015848,moderate
0.0,2349.0,VAR_005645,1,0.926304210640854,0.4552237562989291,0.4381502900787569,1,MASTER_ONLY_CV,,correct,0.4881539205620971,high
4.0,2350.0,VAR_006283,1,0.4734940403600031,0.2888357696077288,0.4381502900787569,1,MASTER_ONLY_CV,,correct,0.0353437502812462,borderline
2.0,2351.0,VAR_001108,0,0.2836332235968274,0.3589974365481315,0.4381502900787569,0,MASTER_ONLY_CV,,correct,0.15451706648192948,moderate
2.0,2353.0,VAR_002612,1,0.1650151790723599,0.3589974365481315,0.4381502900787569,0,MASTER_ONLY_CV,,false_negative,0.273135111006397,high
3.0,2354.0,VAR_001716,1,0.9504329009953968,0.4381502900787569,0.4381502900787569,1,MASTER_ONLY_CV,,correct,0.5122826109166398,high
1.0,2357.0,VAR_003435,0,0.04903952657943,0.4676065299723352,0.4381502900787569,0,MASTER_ONLY_CV,,correct,0.3891107634993269,high
4.0,2358.0,VAR_002135,1,0.9156181098159242,0.2888357696077288,0.4381502900787569,1,MASTER_ONLY_CV,,correct,0.4774678197371673,high
4.0,2359.0,VAR_003324,0,0.8168922710233181,0.2888357696077288,0.4381502900787569,1,MASTER_ONLY_CV,,false_positive,0.3787419809445612,high
4.0,2360.0,VAR_004358,0,0.1526189785555334,0.2888357696077288,0.4381502900787569,0,MASTER_ONLY_CV,,correct,0.2855313115232235,high
3.0,2361.0,VAR_004459,0,0.147924031118578,0.4381502900787569,0.4381502900787569,0,MASTER_ONLY_CV,,correct,0.2902262589601789,high
4.0,2362.0,VAR_005243,1,0.9840967862213356,0.2888357696077288,0.4381502900787569,1,MASTER_ONLY_CV,,correct,0.5459464961425786,high
2.0,2363.0,VAR_005530,1,0.2324852974566204,0.3589974365481315,0.4381502900787569,0,MASTER_ONLY_CV,,false_negative,0.2056649926221365,high
1.0,2364.0,VAR_005770,1,0.3174116898028578,0.4676065299723352,0.4381502900787569,0,MASTER_ONLY_CV,,false_negative,0.12073860027589911,moderate
2.0,2365.0,VAR_005036,0,0.1345970160770972,0.3589974365481315,0.4381502900787569,0,MASTER_ONLY_CV,,correct,0.30355327400165966,high
1.0,2366.0,VAR_002791,1,0.959786098874108,0.4676065299723352,0.4381502900787569,1,MASTER_ONLY_CV,,correct,0.5216358087953512,high
0.0,2367.0,VAR_000171,1,0.2956109732139569,0.4552237562989291,0.4381502900787569,0,MASTER_ONLY_CV,,false_negative,0.14253931686479998,moderate
3.0,2368.0,VAR_005960,0,0.8924409281262945,0.4381502900787569,0.4381502900787569,1,MASTER_ONLY_CV,,false_positive,0.4542906380475376,high
3.0,2369.0,VAR_005409,1,0.6845671648726133,0.4381502900787569,0.4381502900787569,1,MASTER_ONLY_CV,,correct,0.24641687479385638,high
4.0,2370.0,VAR_004344,0,0.3129840651333397,0.2888357696077288,0.4381502900787569,0,MASTER_ONLY_CV,,correct,0.12516622494541718,moderate
0.0,2371.0,VAR_001561,1,0.4505784366538026,0.4552237562989291,0.4381502900787569,1,MASTER_ONLY_CV,,correct,0.012428146575045707,borderline
2.0,2372.0,VAR_001313,1,0.8042090996265846,0.3589974365481315,0.4381502900787569,1,MASTER_ONLY_CV,,correct,0.3660588095478277,high
3.0,2373.0,VAR_006508,1,0.8941859426963144,0.4381502900787569,0.4381502900787569,1,MASTER_ONLY_CV,,correct,0.45603565261755746,high
3.0,2375.0,VAR_004180,1,0.5149950055975289,0.4381502900787569,0.4381502900787569,1,MASTER_ONLY_CV,,correct,0.07684471551877198,moderate
4.0,2378.0,VAR_001557,0,0.4734940403600031,0.2888357696077288,0.4381502900787569,1,MASTER_ONLY_CV,,false_positive,0.0353437502812462,borderline
3.0,2380.0,VAR_003904,1,0.4478702783813297,0.4381502900787569,0.4381502900787569,1,MASTER_ONLY_CV,,correct,0.009719988302572813,borderline
1.0,2381.0,VAR_005118,1,0.3147525541847516,0.4676065299723352,0.4381502900787569,0,MASTER_ONLY_CV,,false_negative,0.12339773589400527,moderate
0.0,2383.0,VAR_002725,1,0.9876229503473596,0.4552237562989291,0.4381502900787569,1,MASTER_ONLY_CV,,correct,0.5494726602686026,high
1.0,2385.0,VAR_006587,1,0.9893742115318552,0.4676065299723352,0.4381502900787569,1,MASTER_ONLY_CV,,correct,0.5512239214530983,high
2.0,2386.0,VAR_004774,1,0.8825815257799834,0.3589974365481315,0.4381502900787569,1,MASTER_ONLY_CV,,correct,0.4444312357012265,high
4.0,2387.0,VAR_005730,0,0.1215844377312002,0.2888357696077288,0.4381502900787569,0,MASTER_ONLY_CV,,correct,0.3165658523475567,high
4.0,2388.0,VAR_002293,0,0.4390318556994488,0.2888357696077288,0.4381502900787569,1,MASTER_ONLY_CV,,false_positive,0.0008815656206919154,borderline
4.0,2389.0,VAR_002271,1,0.8325644678248466,0.2888357696077288,0.4381502900787569,1,MASTER_ONLY_CV,,correct,0.3944141777460897,high
1.0,2390.0,VAR_005211,1,0.765823808161414,0.4676065299723352,0.4381502900787569,1,MASTER_ONLY_CV,,correct,0.32767351808265716,high
4.0,2391.0,VAR_006340,1,0.9310178561278208,0.2888357696077288,0.4381502900787569,1,MASTER_ONLY_CV,,correct,0.49286756604906395,high
4.0,2392.0,VAR_005861,1,0.723483395611355,0.2888357696077288,0.4381502900787569,1,MASTER_ONLY_CV,,correct,0.2853331055325981,high
1.0,2393.0,VAR_006029,1,0.971269994351756,0.4676065299723352,0.4381502900787569,1,MASTER_ONLY_CV,,correct,0.5331197042729992,high
3.0,2394.0,VAR_004790,1,0.8257147840272793,0.4381502900787569,0.4381502900787569,1,MASTER_ONLY_CV,,correct,0.3875644939485224,high
4.0,2396.0,VAR_004147,0,0.7214344609607635,0.2888357696077288,0.4381502900787569,1,MASTER_ONLY_CV,,false_positive,0.2832841708820066,high
1.0,2397.0,VAR_000788,1,0.7929660749051258,0.4676065299723352,0.4381502900787569,1,MASTER_ONLY_CV,,correct,0.35481578482636894,high
3.0,2398.0,VAR_001710,0,0.9247466792926596,0.4381502900787569,0.4381502900787569,1,MASTER_ONLY_CV,,false_positive,0.48659638921390275,high
1.0,2399.0,VAR_000139,1,0.2909606996357839,0.4676065299723352,0.4381502900787569,0,MASTER_ONLY_CV,,false_negative,0.14718959044297297,moderate
0.0,2400.0,VAR_002591,1,0.5999270165468834,0.4552237562989291,0.4381502900787569,1,MASTER_ONLY_CV,,correct,0.16177672646812652,moderate
3.0,2401.0,VAR_003147,0,0.1430334049839605,0.4381502900787569,0.4381502900787569,0,MASTER_ONLY_CV,,correct,0.2951168850947964,high
4.0,2403.0,VAR_005181,1,0.8479322783542709,0.2888357696077288,0.4381502900787569,1,MASTER_ONLY_CV,,correct,0.409781988275514,high
0.0,2405.0,VAR_004355,0,0.9032523155145028,0.4552237562989291,0.4381502900787569,1,MASTER_ONLY_CV,,false_positive,0.4651020254357459,high
0.0,2406.0,VAR_000851,1,0.905335909886855,0.4552237562989291,0.4381502900787569,1,MASTER_ONLY_CV,,correct,0.4671856198080981,high
2.0,2407.0,VAR_003135,1,0.8298010678287561,0.3589974365481315,0.4381502900787569,1,MASTER_ONLY_CV,,correct,0.3916507777499992,high
1.0,2408.0,VAR_001139,0,0.1480608363605154,0.4676065299723352,0.4381502900787569,0,MASTER_ONLY_CV,,correct,0.29008945371824146,high
1.0,2409.0,VAR_003990,1,0.9205547303764724,0.4676065299723352,0.4381502900787569,1,MASTER_ONLY_CV,,correct,0.4824044402977155,high
3.0,2410.0,VAR_004271,1,0.762549232650948,0.4381502900787569,0.4381502900787569,1,MASTER_ONLY_CV,,correct,0.3243989425721911,high
1.0,2411.0,VAR_001741,0,0.0068272659756946,0.4676065299723352,0.4381502900787569,0,MASTER_ONLY_CV,,correct,0.4313230241030623,high
3.0,2413.0,VAR_002636,1,0.1827697472897822,0.4381502900787569,0.4381502900787569,0,MASTER_ONLY_CV,,false_negative,0.2553805427889747,high
4.0,2414.0,VAR_006143,1,0.9188584167186552,0.2888357696077288,0.4381502900787569,1,MASTER_ONLY_CV,,correct,0.4807081266398983,high
3.0,2415.0,VAR_003317,0,0.3834152653645492,0.4381502900787569,0.4381502900787569,0,MASTER_ONLY_CV,,correct,0.054735024714207714,moderate
0.0,2416.0,VAR_006430,0,0.926143992299426,0.4552237562989291,0.4381502900787569,1,MASTER_ONLY_CV,,false_positive,0.4879937022206691,high
3.0,2417.0,VAR_006353,0,0.0678081602673472,0.4381502900787569,0.4381502900787569,0,MASTER_ONLY_CV,,correct,0.3703421298114097,high
2.0,2418.0,VAR_001210,1,0.8268610972601105,0.3589974365481315,0.4381502900787569,1,MASTER_ONLY_CV,,correct,0.3887108071813536,high
3.0,2419.0,VAR_000911,1,0.842581221002704,0.4381502900787569,0.4381502900787569,1,MASTER_ONLY_CV,,correct,0.40443093092394716,high
1.0,2420.0,VAR_000535,0,0.1866577277225787,0.4676065299723352,0.4381502900787569,0,MASTER_ONLY_CV,,correct,0.25149256235617823,high
0.0,2422.0,VAR_002519,1,0.8787182454070945,0.4552237562989291,0.4381502900787569,1,MASTER_ONLY_CV,,correct,0.44056795532833765,high
1.0,2423.0,VAR_000860,1,0.9895765357774188,0.4676065299723352,0.4381502900787569,1,MASTER_ONLY_CV,,correct,0.5514262456986618,high
3.0,2424.0,VAR_002231,1,0.809365701656252,0.4381502900787569,0.4381502900787569,1,MASTER_ONLY_CV,,correct,0.3712154115774951,high
1.0,2425.0,VAR_001330,1,0.8509663743633414,0.4676065299723352,0.4381502900787569,1,MASTER_ONLY_CV,,correct,0.41281608428458455,high
2.0,2426.0,VAR_005133,1,0.9758221189906344,0.3589974365481315,0.4381502900787569,1,MASTER_ONLY_CV,,correct,0.5376718289118776,high
4.0,2427.0,VAR_003092,0,0.0263000638639106,0.2888357696077288,0.4381502900787569,0,MASTER_ONLY_CV,,correct,0.4118502262148463,high
4.0,2428.0,VAR_004029,0,0.0470908781239598,0.2888357696077288,0.4381502900787569,0,MASTER_ONLY_CV,,correct,0.3910594119547971,high
1.0,2429.0,VAR_004922,1,0.6865359775902233,0.4676065299723352,0.4381502900787569,1,MASTER_ONLY_CV,,correct,0.24838568751146645,high
4.0,2431.0,VAR_002529,0,0.012449054299667,0.2888357696077288,0.4381502900787569,0,MASTER_ONLY_CV,,correct,0.4257012357790899,high
0.0,2433.0,VAR_000423,0,0.9643067473841228,0.4552237562989291,0.4381502900787569,1,MASTER_ONLY_CV,,false_positive,0.5261564573053659,high
4.0,2434.0,VAR_000233,1,0.7238807235273594,0.2888357696077288,0.4381502900787569,1,MASTER_ONLY_CV,,correct,0.28573043344860255,high
0.0,2435.0,VAR_005445,1,0.7840265839867,0.4552237562989291,0.4381502900787569,1,MASTER_ONLY_CV,,correct,0.3458762939079431,high
1.0,2436.0,VAR_006581,1,0.9533353615923332,0.4676065299723352,0.4381502900787569,1,MASTER_ONLY_CV,,correct,0.5151850715135764,high
3.0,2437.0,VAR_003732,0,0.0183376976541732,0.4381502900787569,0.4381502900787569,0,MASTER_ONLY_CV,,correct,0.4198125924245837,high
0.0,2438.0,VAR_000295,1,0.9870666384321936,0.4552237562989291,0.4381502900787569,1,MASTER_ONLY_CV,,correct,0.5489163483534367,high
3.0,2440.0,VAR_004481,1,0.8012904625076726,0.4381502900787569,0.4381502900787569,1,MASTER_ONLY_CV,,correct,0.36314017242891566,high
1.0,2441.0,VAR_002140,1,0.3633168036329298,0.4676065299723352,0.4381502900787569,0,MASTER_ONLY_CV,,false_negative,0.0748334864458271,moderate
0.0,2443.0,VAR_005717,1,0.8992778848794692,0.4552237562989291,0.4381502900787569,1,MASTER_ONLY_CV,,correct,0.46112759480071236,high
4.0,2444.0,VAR_004380,1,0.9568537391342063,0.2888357696077288,0.4381502900787569,1,MASTER_ONLY_CV,,correct,0.5187034490554494,high
4.0,2445.0,VAR_005351,1,0.996482662352454,0.2888357696077288,0.4381502900787569,1,MASTER_ONLY_CV,,correct,0.558332372273697,high
1.0,2449.0,VAR_001276,0,0.0051939390161915,0.4676065299723352,0.4381502900787569,0,MASTER_ONLY_CV,,correct,0.4329563510625654,high
2.0,2450.0,VAR_002152,1,0.5321601964397521,0.3589974365481315,0.4381502900787569,1,MASTER_ONLY_CV,,correct,0.09400990636099521,moderate
0.0,2451.0,VAR_004830,1,0.8303210440867071,0.4552237562989291,0.4381502900787569,1,MASTER_ONLY_CV,,correct,0.39217075400795026,high
3.0,2453.0,VAR_002160,1,0.9489450947660476,0.4381502900787569,0.4381502900787569,1,MASTER_ONLY_CV,,correct,0.5107948046872908,high
2.0,2454.0,VAR_000361,1,0.6749480780942739,0.3589974365481315,0.4381502900787569,1,MASTER_ONLY_CV,,correct,0.23679778801551704,high
3.0,2455.0,VAR_005236,0,0.012937597708589,0.4381502900787569,0.4381502900787569,0,MASTER_ONLY_CV,,correct,0.4252126923701679,high
4.0,2456.0,VAR_004457,1,0.6392089860377587,0.2888357696077288,0.4381502900787569,1,MASTER_ONLY_CV,,correct,0.20105869595900178,high
4.0,2457.0,VAR_000191,1,0.9003859389186778,0.2888357696077288,0.4381502900787569,1,MASTER_ONLY_CV,,correct,0.4622356488399209,high
0.0,2458.0,VAR_004140,1,0.9615728035661498,0.4552237562989291,0.4381502900787569,1,MASTER_ONLY_CV,,correct,0.5234225134873929,high
4.0,2459.0,VAR_000149,1,0.8317310522169024,0.2888357696077288,0.4381502900787569,1,MASTER_ONLY_CV,,correct,0.39358076213814547,high
3.0,2460.0,VAR_006071,0,0.0866937017516239,0.4381502900787569,0.4381502900787569,0,MASTER_ONLY_CV,,correct,0.351456588327133,high
3.0,2461.0,VAR_005115,0,0.8526326075274582,0.4381502900787569,0.4381502900787569,1,MASTER_ONLY_CV,,false_positive,0.4144823174487013,high
4.0,2462.0,VAR_001779,0,0.0081360965446438,0.2888357696077288,0.4381502900787569,0,MASTER_ONLY_CV,,correct,0.4300141935341131,high
1.0,2465.0,VAR_004638,0,0.2351184706690611,0.4676065299723352,0.4381502900787569,0,MASTER_ONLY_CV,,correct,0.20303181940969578,high
2.0,2466.0,VAR_001396,1,0.7913658571853927,0.3589974365481315,0.4381502900787569,1,MASTER_ONLY_CV,,correct,0.35321556710663576,high
2.0,2468.0,VAR_005999,0,0.0394457231610556,0.3589974365481315,0.4381502900787569,0,MASTER_ONLY_CV,,correct,0.3987045669177013,high
2.0,2469.0,VAR_000725,1,0.7525554638244268,0.3589974365481315,0.4381502900787569,1,MASTER_ONLY_CV,,correct,0.31440517374566995,high
2.0,2471.0,VAR_006363,0,0.2174462360322731,0.3589974365481315,0.4381502900787569,0,MASTER_ONLY_CV,,correct,0.2207040540464838,high
4.0,2472.0,VAR_005903,1,0.9033289249987716,0.2888357696077288,0.4381502900787569,1,MASTER_ONLY_CV,,correct,0.4651786349200147,high
4.0,2473.0,VAR_002262,1,0.9508085919030426,0.2888357696077288,0.4381502900787569,1,MASTER_ONLY_CV,,correct,0.5126583018242856,high
1.0,2474.0,VAR_002968,1,0.8460350040927689,0.4676065299723352,0.4381502900787569,1,MASTER_ONLY_CV,,correct,0.407884714014012,high
1.0,2475.0,VAR_005593,1,0.9379656527615948,0.4676065299723352,0.4381502900787569,1,MASTER_ONLY_CV,,correct,0.49981536268283794,high
4.0,2476.0,VAR_000198,1,0.805349171379409,0.2888357696077288,0.4381502900787569,1,MASTER_ONLY_CV,,correct,0.3671988813006521,high
4.0,2477.0,VAR_000610,0,0.0783170802093306,0.2888357696077288,0.4381502900787569,0,MASTER_ONLY_CV,,correct,0.3598332098694263,high
1.0,2478.0,VAR_003901,1,0.4845397195352871,0.4676065299723352,0.4381502900787569,1,MASTER_ONLY_CV,,correct,0.046389429456530185,borderline
1.0,2479.0,VAR_000362,1,0.5599354103636177,0.4676065299723352,0.4381502900787569,1,MASTER_ONLY_CV,,correct,0.12178512028486083,moderate
4.0,2480.0,VAR_003282,1,0.8698033827613705,0.2888357696077288,0.4381502900787569,1,MASTER_ONLY_CV,,correct,0.4316530926826136,high
0.0,2481.0,VAR_002274,1,0.577753219405443,0.4552237562989291,0.4381502900787569,1,MASTER_ONLY_CV,,correct,0.1396029293266861,moderate
1.0,2482.0,VAR_003984,0,0.3222925027533922,0.4676065299723352,0.4381502900787569,0,MASTER_ONLY_CV,,correct,0.11585778732536467,moderate
3.0,2483.0,VAR_005789,1,0.8301499596793831,0.4381502900787569,0.4381502900787569,1,MASTER_ONLY_CV,,correct,0.3919996696006262,high
2.0,2484.0,VAR_002428,1,0.6491069755372685,0.3589974365481315,0.4381502900787569,1,MASTER_ONLY_CV,,correct,0.2109566854585116,high
2.0,2485.0,VAR_002314,1,0.8980921462616115,0.3589974365481315,0.4381502900787569,1,MASTER_ONLY_CV,,correct,0.4599418561828546,high
0.0,2486.0,VAR_002974,0,0.7043357115992452,0.4552237562989291,0.4381502900787569,1,MASTER_ONLY_CV,,false_positive,0.26618542152048835,high
4.0,2487.0,VAR_005814,0,0.1393876380517666,0.2888357696077288,0.4381502900787569,0,MASTER_ONLY_CV,,correct,0.29876265202699026,high
4.0,2488.0,VAR_002943,0,0.8806321139425579,0.2888357696077288,0.4381502900787569,1,MASTER_ONLY_CV,,false_positive,0.442481823863801,high
4.0,2489.0,VAR_003793,1,0.78598440946819,0.2888357696077288,0.4381502900787569,1,MASTER_ONLY_CV,,correct,0.34783411938943315,high
3.0,2490.0,VAR_001112,0,0.0522713760710816,0.4381502900787569,0.4381502900787569,0,MASTER_ONLY_CV,,correct,0.38587891400767527,high
1.0,2491.0,VAR_002027,1,0.9708495261440468,0.4676065299723352,0.4381502900787569,1,MASTER_ONLY_CV,,correct,0.53269923606529,high
4.0,2492.0,VAR_002190,1,0.8801484074502244,0.2888357696077288,0.4381502900787569,1,MASTER_ONLY_CV,,correct,0.4419981173714675,high
0.0,2493.0,VAR_006033,1,0.7557775776881466,0.4552237562989291,0.4381502900787569,1,MASTER_ONLY_CV,,correct,0.3176272876093897,high
3.0,2494.0,VAR_001002,1,0.997335451762323,0.4381502900787569,0.4381502900787569,1,MASTER_ONLY_CV,,correct,0.5591851616835661,high
0.0,2495.0,VAR_005787,1,0.9547526626719952,0.4552237562989291,0.4381502900787569,1,MASTER_ONLY_CV,,correct,0.5166023725932383,high
0.0,2496.0,VAR_003876,0,0.1371657101973454,0.4552237562989291,0.4381502900787569,0,MASTER_ONLY_CV,,correct,0.3009845798814115,high
2.0,2497.0,VAR_006054,1,0.7463915438183851,0.3589974365481315,0.4381502900787569,1,MASTER_ONLY_CV,,correct,0.30824125373962824,high
0.0,2498.0,VAR_005176,1,0.7697960203800372,0.4552237562989291,0.4381502900787569,1,MASTER_ONLY_CV,,correct,0.33164573030128036,high
0.0,2499.0,VAR_005268,1,0.764107859431829,0.4552237562989291,0.4381502900787569,1,MASTER_ONLY_CV,,correct,0.32595756935307213,high
3.0,2500.0,VAR_001683,0,0.7707279884651885,0.4381502900787569,0.4381502900787569,1,MASTER_ONLY_CV,,false_positive,0.33257769838643164,high
0.0,2501.0,VAR_006035,1,0.8308548009357761,0.4552237562989291,0.4381502900787569,1,MASTER_ONLY_CV,,correct,0.39270451085701924,high
2.0,2503.0,VAR_003266,1,0.827438886491542,0.3589974365481315,0.4381502900787569,1,MASTER_ONLY_CV,,correct,0.38928859641278507,high
2.0,2505.0,VAR_005480,1,0.9308503789540536,0.3589974365481315,0.4381502900787569,1,MASTER_ONLY_CV,,correct,0.49270008887529676,high
0.0,2506.0,VAR_002181,1,0.813758582836365,0.4552237562989291,0.4381502900787569,1,MASTER_ONLY_CV,,correct,0.37560829275760815,high
2.0,2507.0,VAR_005428,1,0.6050377776214964,0.3589974365481315,0.4381502900787569,1,MASTER_ONLY_CV,,correct,0.16688748754273947,moderate
0.0,2508.0,VAR_002532,1,0.8637803526013499,0.4552237562989291,0.4381502900787569,1,MASTER_ONLY_CV,,correct,0.425630062522593,high
0.0,2511.0,VAR_001197,1,0.9632589640347728,0.4552237562989291,0.4381502900787569,1,MASTER_ONLY_CV,,correct,0.525108673956016,high
2.0,2512.0,VAR_003888,0,0.1582046263036385,0.3589974365481315,0.4381502900787569,0,MASTER_ONLY_CV,,correct,0.2799456637751184,high
2.0,2513.0,VAR_001513,1,0.3865323187196418,0.3589974365481315,0.4381502900787569,0,MASTER_ONLY_CV,,false_negative,0.05161797135911511,moderate
0.0,2514.0,VAR_005516,1,0.964279257256659,0.4552237562989291,0.4381502900787569,1,MASTER_ONLY_CV,,correct,0.5261289671779021,high
0.0,2515.0,VAR_001161,1,0.8535926098520836,0.4552237562989291,0.4381502900787569,1,MASTER_ONLY_CV,,correct,0.41544231977332674,high
1.0,2516.0,VAR_005918,1,0.9710539832608917,0.4676065299723352,0.4381502900787569,1,MASTER_ONLY_CV,,correct,0.5329036931821347,high
3.0,2517.0,VAR_003889,0,0.0852512195855185,0.4381502900787569,0.4381502900787569,0,MASTER_ONLY_CV,,correct,0.3528990704932384,high
0.0,2518.0,VAR_000938,1,0.9492382754055496,0.4552237562989291,0.4381502900787569,1,MASTER_ONLY_CV,,correct,0.5110879853267927,high
0.0,2519.0,VAR_001631,1,0.4228638898189881,0.4552237562989291,0.4381502900787569,0,MASTER_ONLY_CV,,false_negative,0.015286400259768795,borderline
0.0,2520.0,VAR_006422,0,0.4217282460514862,0.4552237562989291,0.4381502900787569,0,MASTER_ONLY_CV,,correct,0.01642204402727071,borderline
1.0,2521.0,VAR_005580,1,0.9526172875089202,0.4676065299723352,0.4381502900787569,1,MASTER_ONLY_CV,,correct,0.5144669974301632,high
0.0,2523.0,VAR_000717,1,0.960230762718825,0.4552237562989291,0.4381502900787569,1,MASTER_ONLY_CV,,correct,0.5220804726400681,high
2.0,2525.0,VAR_006334,1,0.9475052076895468,0.3589974365481315,0.4381502900787569,1,MASTER_ONLY_CV,,correct,0.5093549176107899,high
0.0,2527.0,VAR_004888,0,0.0680794351437974,0.4552237562989291,0.4381502900787569,0,MASTER_ONLY_CV,,correct,0.3700708549349595,high
1.0,2528.0,VAR_004156,0,0.3419198343136558,0.4676065299723352,0.4381502900787569,0,MASTER_ONLY_CV,,correct,0.09623045576510109,moderate
0.0,2529.0,VAR_005762,0,0.1856415222022618,0.4552237562989291,0.4381502900787569,0,MASTER_ONLY_CV,,correct,0.2525087678764951,high
2.0,2531.0,VAR_000214,1,0.7563431338055815,0.3589974365481315,0.4381502900787569,1,MASTER_ONLY_CV,,correct,0.3181928437268246,high
3.0,2532.0,VAR_004264,1,0.1431447390206329,0.4381502900787569,0.4381502900787569,0,MASTER_ONLY_CV,,false_negative,0.295005551058124,high
1.0,2533.0,VAR_002517,1,0.9487199778048858,0.4676065299723352,0.4381502900787569,1,MASTER_ONLY_CV,,correct,0.510569687726129,high
4.0,2534.0,VAR_004023,1,0.9069146121995072,0.2888357696077288,0.4381502900787569,1,MASTER_ONLY_CV,,correct,0.4687643221207503,high
0.0,2538.0,VAR_002074,1,0.6342618050895973,0.4552237562989291,0.4381502900787569,1,MASTER_ONLY_CV,,correct,0.1961115150108404,moderate
4.0,2539.0,VAR_004109,1,0.923357805144548,0.2888357696077288,0.4381502900787569,1,MASTER_ONLY_CV,,correct,0.48520751506579113,high
2.0,2540.0,VAR_004033,1,0.9645742170470384,0.3589974365481315,0.4381502900787569,1,MASTER_ONLY_CV,,correct,0.5264239269682816,high
0.0,2541.0,VAR_003560,0,0.1591065805210469,0.4552237562989291,0.4381502900787569,0,MASTER_ONLY_CV,,correct,0.27904370955770996,high
4.0,2542.0,VAR_004664,0,0.1055350195337383,0.2888357696077288,0.4381502900787569,0,MASTER_ONLY_CV,,correct,0.3326152705450186,high
2.0,2543.0,VAR_004894,1,0.5535973210166214,0.3589974365481315,0.4381502900787569,1,MASTER_ONLY_CV,,correct,0.11544703093786451,moderate
0.0,2545.0,VAR_004063,1,0.935072396037482,0.4552237562989291,0.4381502900787569,1,MASTER_ONLY_CV,,correct,0.49692210595872516,high
1.0,2547.0,VAR_003378,0,0.0304396730864482,0.4676065299723352,0.4381502900787569,0,MASTER_ONLY_CV,,correct,0.4077106169923087,high
3.0,2548.0,VAR_004694,0,0.4230053110557378,0.4381502900787569,0.4381502900787569,0,MASTER_ONLY_CV,,correct,0.01514497902301909,borderline
2.0,2549.0,VAR_006528,0,0.3880766985459375,0.3589974365481315,0.4381502900787569,0,MASTER_ONLY_CV,,correct,0.05007359153281937,moderate
1.0,2550.0,VAR_004038,1,0.9411350673522724,0.4676065299723352,0.4381502900787569,1,MASTER_ONLY_CV,,correct,0.5029847772735154,high
2.0,2551.0,VAR_003663,1,0.6834826431218255,0.3589974365481315,0.4381502900787569,1,MASTER_ONLY_CV,,correct,0.2453323530430686,high
1.0,2552.0,VAR_000469,1,0.803908387273106,0.4676065299723352,0.4381502900787569,1,MASTER_ONLY_CV,,correct,0.3657580971943491,high
2.0,2554.0,VAR_000151,1,0.8030158428481753,0.3589974365481315,0.4381502900787569,1,MASTER_ONLY_CV,,correct,0.3648655527694184,high
4.0,2556.0,VAR_000508,1,0.5141750517494686,0.2888357696077288,0.4381502900787569,1,MASTER_ONLY_CV,,correct,0.07602476167071176,moderate
2.0,2557.0,VAR_002376,1,0.0225145343857321,0.3589974365481315,0.4381502900787569,0,MASTER_ONLY_CV,,false_negative,0.4156357556930248,high
0.0,2558.0,VAR_005074,1,0.995942626492864,0.4552237562989291,0.4381502900787569,1,MASTER_ONLY_CV,,correct,0.5577923364141071,high
1.0,2559.0,VAR_000493,0,0.0570249797933523,0.4676065299723352,0.4381502900787569,0,MASTER_ONLY_CV,,correct,0.3811253102854046,high
4.0,2560.0,VAR_006184,1,0.8189175554912035,0.2888357696077288,0.4381502900787569,1,MASTER_ONLY_CV,,correct,0.3807672654124466,high
1.0,2562.0,VAR_004927,1,0.8259671812978575,0.4676065299723352,0.4381502900787569,1,MASTER_ONLY_CV,,correct,0.3878168912191006,high
2.0,2563.0,VAR_001430,0,0.7411150300290371,0.3589974365481315,0.4381502900787569,1,MASTER_ONLY_CV,,false_positive,0.3029647399502802,high
2.0,2564.0,VAR_005066,0,0.2436202354076319,0.3589974365481315,0.4381502900787569,0,MASTER_ONLY_CV,,correct,0.194530054671125,moderate
4.0,2565.0,VAR_002325,1,0.7586886408978754,0.2888357696077288,0.4381502900787569,1,MASTER_ONLY_CV,,correct,0.32053835081911847,high
0.0,2566.0,VAR_005938,1,0.916980166242108,0.4552237562989291,0.4381502900787569,1,MASTER_ONLY_CV,,correct,0.4788298761633511,high
3.0,2568.0,VAR_005301,0,0.4086016937603504,0.4381502900787569,0.4381502900787569,0,MASTER_ONLY_CV,,correct,0.029548596318406506,borderline
3.0,2569.0,VAR_006507,1,0.8316756979069305,0.4381502900787569,0.4381502900787569,1,MASTER_ONLY_CV,,correct,0.39352540782817363,high
3.0,2570.0,VAR_000758,0,0.7378365861551136,0.4381502900787569,0.4381502900787569,1,MASTER_ONLY_CV,,false_positive,0.2996862960763567,high
2.0,2571.0,VAR_004993,1,0.7205531629804054,0.3589974365481315,0.4381502900787569,1,MASTER_ONLY_CV,,correct,0.2824028729016485,high
1.0,2572.0,VAR_002176,1,0.7383416816045872,0.4676065299723352,0.4381502900787569,1,MASTER_ONLY_CV,,correct,0.30019139152583035,high
0.0,2576.0,VAR_005913,0,0.6235115197227795,0.4552237562989291,0.4381502900787569,1,MASTER_ONLY_CV,,false_positive,0.18536122964402263,moderate
0.0,2578.0,VAR_004309,1,0.5266445019207665,0.4552237562989291,0.4381502900787569,1,MASTER_ONLY_CV,,correct,0.08849421184200962,moderate
3.0,2579.0,VAR_004478,1,0.8132356335027894,0.4381502900787569,0.4381502900787569,1,MASTER_ONLY_CV,,correct,0.3750853434240325,high
0.0,2580.0,VAR_004117,0,0.2990962681612265,0.4552237562989291,0.4381502900787569,0,MASTER_ONLY_CV,,correct,0.1390540219175304,moderate
1.0,2582.0,VAR_003418,1,0.979896697325782,0.4676065299723352,0.4381502900787569,1,MASTER_ONLY_CV,,correct,0.541746407247025,high
0.0,2583.0,VAR_004711,1,0.872842555173686,0.4552237562989291,0.4381502900787569,1,MASTER_ONLY_CV,,correct,0.43469226509492914,high
3.0,2584.0,VAR_005100,0,0.0322312008192614,0.4381502900787569,0.4381502900787569,0,MASTER_ONLY_CV,,correct,0.4059190892594955,high
2.0,2587.0,VAR_002944,1,0.6018695766185437,0.3589974365481315,0.4381502900787569,1,MASTER_ONLY_CV,,correct,0.1637192865397868,moderate
4.0,2588.0,VAR_005793,1,0.8908572548009199,0.2888357696077288,0.4381502900787569,1,MASTER_ONLY_CV,,correct,0.45270696472216304,high
3.0,2589.0,VAR_003661,1,0.5904971402465629,0.4381502900787569,0.4381502900787569,1,MASTER_ONLY_CV,,correct,0.15234685016780597,moderate
2.0,2590.0,VAR_001120,1,0.7682713467149012,0.3589974365481315,0.4381502900787569,1,MASTER_ONLY_CV,,correct,0.33012105663614427,high
0.0,2591.0,VAR_003166,0,0.8473863965737477,0.4552237562989291,0.4381502900787569,1,MASTER_ONLY_CV,,false_positive,0.4092361064949908,high
4.0,2592.0,VAR_004823,1,0.6044044455556031,0.2888357696077288,0.4381502900787569,1,MASTER_ONLY_CV,,correct,0.16625415547684624,moderate
2.0,2593.0,VAR_001697,1,0.5685081600114104,0.3589974365481315,0.4381502900787569,1,MASTER_ONLY_CV,,correct,0.13035786993265347,moderate
4.0,2594.0,VAR_006333,0,0.5574819507906296,0.2888357696077288,0.4381502900787569,1,MASTER_ONLY_CV,,false_positive,0.11933166071187268,moderate
4.0,2595.0,VAR_002162,1,0.9860811091745112,0.2888357696077288,0.4381502900787569,1,MASTER_ONLY_CV,,correct,0.5479308190957544,high
1.0,2601.0,VAR_005550,1,0.9559359148180804,0.4676065299723352,0.4381502900787569,1,MASTER_ONLY_CV,,correct,0.5177856247393235,high
3.0,2602.0,VAR_002918,0,0.0832674144792777,0.4381502900787569,0.4381502900787569,0,MASTER_ONLY_CV,,correct,0.3548828755994792,high
0.0,2603.0,VAR_004832,0,0.1010732848956615,0.4552237562989291,0.4381502900787569,0,MASTER_ONLY_CV,,correct,0.33707700518309536,high
0.0,2605.0,VAR_005175,0,0.4509639428901184,0.4552237562989291,0.4381502900787569,1,MASTER_ONLY_CV,,false_positive,0.012813652811361487,borderline
1.0,2606.0,VAR_001303,0,0.4518144646147521,0.4676065299723352,0.4381502900787569,1,MASTER_ONLY_CV,,false_positive,0.013664174535995222,borderline
0.0,2607.0,VAR_006060,0,0.9019027376491296,0.4552237562989291,0.4381502900787569,1,MASTER_ONLY_CV,,false_positive,0.46375244757037276,high
4.0,2608.0,VAR_000054,1,0.9374475474259564,0.2888357696077288,0.4381502900787569,1,MASTER_ONLY_CV,,correct,0.4992972573471995,high
3.0,2610.0,VAR_006157,0,0.5241786389631331,0.4381502900787569,0.4381502900787569,1,MASTER_ONLY_CV,,false_positive,0.08602834888437622,moderate
0.0,2611.0,VAR_000014,1,0.2469262673305311,0.4552237562989291,0.4381502900787569,0,MASTER_ONLY_CV,,false_negative,0.19122402274822578,moderate
2.0,2612.0,VAR_000518,1,0.9852572880249478,0.3589974365481315,0.4381502900787569,1,MASTER_ONLY_CV,,correct,0.5471069979461909,high
4.0,2614.0,VAR_006517,1,0.967112855581442,0.2888357696077288,0.4381502900787569,1,MASTER_ONLY_CV,,correct,0.5289625655026851,high
2.0,2616.0,VAR_000870,0,0.5387444051384772,0.3589974365481315,0.4381502900787569,1,MASTER_ONLY_CV,,false_positive,0.10059411505972032,moderate
1.0,2617.0,VAR_000810,0,0.0313459345033857,0.4676065299723352,0.4381502900787569,0,MASTER_ONLY_CV,,correct,0.4068043555753712,high
4.0,2618.0,VAR_003722,1,0.7501979253408833,0.2888357696077288,0.4381502900787569,1,MASTER_ONLY_CV,,correct,0.31204763526212637,high
2.0,2619.0,VAR_005193,1,0.6620316155140149,0.3589974365481315,0.4381502900787569,1,MASTER_ONLY_CV,,correct,0.22388132543525802,high
1.0,2620.0,VAR_000393,0,0.1695506371778721,0.4676065299723352,0.4381502900787569,0,MASTER_ONLY_CV,,correct,0.2685996529008848,high
0.0,2623.0,VAR_004932,1,0.9348584117304136,0.4552237562989291,0.4381502900787569,1,MASTER_ONLY_CV,,correct,0.49670812165165673,high
4.0,2624.0,VAR_005140,1,0.5989970207297421,0.2888357696077288,0.4381502900787569,1,MASTER_ONLY_CV,,correct,0.16084673065098526,moderate
0.0,2625.0,VAR_004324,0,0.1337613273278059,0.4552237562989291,0.4381502900787569,0,MASTER_ONLY_CV,,correct,0.30438896275095095,high
2.0,2626.0,VAR_001040,0,0.9691227722648372,0.3589974365481315,0.4381502900787569,1,MASTER_ONLY_CV,,false_positive,0.5309724821860804,high
1.0,2627.0,VAR_001484,0,0.4518144646147521,0.4676065299723352,0.4381502900787569,1,MASTER_ONLY_CV,,false_positive,0.013664174535995222,borderline
4.0,2628.0,VAR_000910,1,0.9114994790087771,0.2888357696077288,0.4381502900787569,1,MASTER_ONLY_CV,,correct,0.47334918893002026,high
2.0,2629.0,VAR_005511,1,0.5772891790709194,0.3589974365481315,0.4381502900787569,1,MASTER_ONLY_CV,,correct,0.13913888899216248,moderate
1.0,2630.0,VAR_001164,1,0.9216693851379238,0.4676065299723352,0.4381502900787569,1,MASTER_ONLY_CV,,correct,0.48351909505916696,high
1.0,2631.0,VAR_005189,1,0.3562357359970304,0.4676065299723352,0.4381502900787569,0,MASTER_ONLY_CV,,false_negative,0.08191455408172649,moderate
1.0,2633.0,VAR_005675,0,0.0563770953608653,0.4676065299723352,0.4381502900787569,0,MASTER_ONLY_CV,,correct,0.3817731947178916,high
1.0,2634.0,VAR_003811,1,0.7771759198519633,0.4676065299723352,0.4381502900787569,1,MASTER_ONLY_CV,,correct,0.33902562977320644,high
3.0,2635.0,VAR_003015,0,0.0098463447084528,0.4381502900787569,0.4381502900787569,0,MASTER_ONLY_CV,,correct,0.4283039453703041,high
2.0,2636.0,VAR_005349,1,0.9535210843012702,0.3589974365481315,0.4381502900787569,1,MASTER_ONLY_CV,,correct,0.5153707942225134,high
4.0,2637.0,VAR_005473,1,0.8114436621490273,0.2888357696077288,0.4381502900787569,1,MASTER_ONLY_CV,,correct,0.3732933720702704,high
1.0,2638.0,VAR_004491,1,0.4676065299723352,0.4676065299723352,0.4381502900787569,1,MASTER_ONLY_CV,,correct,0.029456239893578318,borderline
3.0,2639.0,VAR_002163,0,0.9428638826077096,0.4381502900787569,0.4381502900787569,1,MASTER_ONLY_CV,,false_positive,0.5047135925289528,high
0.0,2640.0,VAR_001103,1,0.9783083303538268,0.4552237562989291,0.4381502900787569,1,MASTER_ONLY_CV,,correct,0.5401580402750699,high
4.0,2641.0,VAR_006424,0,0.2015392991066625,0.2888357696077288,0.4381502900787569,0,MASTER_ONLY_CV,,correct,0.2366109909720944,high
4.0,2642.0,VAR_001390,1,0.3315604558994783,0.2888357696077288,0.4381502900787569,0,MASTER_ONLY_CV,,false_negative,0.10658983417927859,moderate
1.0,2643.0,VAR_003463,0,0.3216084737018272,0.4676065299723352,0.4381502900787569,0,MASTER_ONLY_CV,,correct,0.11654181637692967,moderate
0.0,2644.0,VAR_002317,1,0.3098271705277489,0.4552237562989291,0.4381502900787569,0,MASTER_ONLY_CV,,false_negative,0.128323119551008,moderate
4.0,2645.0,VAR_003242,1,0.5463395203838763,0.2888357696077288,0.4381502900787569,1,MASTER_ONLY_CV,,correct,0.10818923030511945,moderate
3.0,2646.0,VAR_003964,1,0.9522216716731584,0.4381502900787569,0.4381502900787569,1,MASTER_ONLY_CV,,correct,0.5140713815944016,high
1.0,2648.0,VAR_004586,0,0.07321066163039,0.4676065299723352,0.4381502900787569,0,MASTER_ONLY_CV,,correct,0.3649396284483669,high
0.0,2649.0,VAR_003762,1,0.7665549074695804,0.4552237562989291,0.4381502900787569,1,MASTER_ONLY_CV,,correct,0.32840461739082355,high
4.0,2650.0,VAR_002476,1,0.9169412012780096,0.2888357696077288,0.4381502900787569,1,MASTER_ONLY_CV,,correct,0.4787909111992527,high
0.0,2651.0,VAR_000239,1,0.977923065548578,0.4552237562989291,0.4381502900787569,1,MASTER_ONLY_CV,,correct,0.5397727754698212,high
1.0,2652.0,VAR_001193,0,0.1268707832504426,0.4676065299723352,0.4381502900787569,0,MASTER_ONLY_CV,,correct,0.3112795068283143,high
4.0,2653.0,VAR_000913,1,0.5476894176298496,0.2888357696077288,0.4381502900787569,1,MASTER_ONLY_CV,,correct,0.10953912755109269,moderate
3.0,2654.0,VAR_005299,0,0.2912654660614877,0.4381502900787569,0.4381502900787569,0,MASTER_ONLY_CV,,correct,0.1468848240172692,moderate
2.0,2655.0,VAR_003945,0,0.0652069102348616,0.3589974365481315,0.4381502900787569,0,MASTER_ONLY_CV,,correct,0.3729433798438953,high
0.0,2656.0,VAR_000310,1,0.9626897119514805,0.4552237562989291,0.4381502900787569,1,MASTER_ONLY_CV,,correct,0.5245394218727235,high
3.0,2657.0,VAR_004729,1,0.6951752490586521,0.4381502900787569,0.4381502900787569,1,MASTER_ONLY_CV,,correct,0.25702495897989525,high
0.0,2658.0,VAR_002919,1,0.8353617812572912,0.4552237562989291,0.4381502900787569,1,MASTER_ONLY_CV,,correct,0.3972114911785343,high
1.0,2659.0,VAR_005001,1,0.4442288562839956,0.4676065299723352,0.4381502900787569,1,MASTER_ONLY_CV,,correct,0.006078566205238722,borderline
2.0,2661.0,VAR_000150,1,0.6864756839576379,0.3589974365481315,0.4381502900787569,1,MASTER_ONLY_CV,,correct,0.24832539387888103,high
4.0,2662.0,VAR_002044,1,0.889832218689306,0.2888357696077288,0.4381502900787569,1,MASTER_ONLY_CV,,correct,0.45168192861054907,high
0.0,2663.0,VAR_004312,1,0.5964484314960752,0.4552237562989291,0.4381502900787569,1,MASTER_ONLY_CV,,correct,0.1582981414173183,moderate
3.0,2664.0,VAR_005568,1,0.9230892938594408,0.4381502900787569,0.4381502900787569,1,MASTER_ONLY_CV,,correct,0.48493900378068394,high
3.0,2665.0,VAR_006287,0,0.3088608266941123,0.4381502900787569,0.4381502900787569,0,MASTER_ONLY_CV,,correct,0.1292894633846446,moderate
4.0,2667.0,VAR_005766,1,0.9856235158974744,0.2888357696077288,0.4381502900787569,1,MASTER_ONLY_CV,,correct,0.5474732258187176,high
0.0,2668.0,VAR_006321,0,0.0297924796135763,0.4552237562989291,0.4381502900787569,0,MASTER_ONLY_CV,,correct,0.4083578104651806,high
3.0,2669.0,VAR_004287,1,0.2486499887430236,0.4381502900787569,0.4381502900787569,0,MASTER_ONLY_CV,,false_negative,0.18950030133573328,moderate
2.0,2670.0,VAR_000858,1,0.9915178909836624,0.3589974365481315,0.4381502900787569,1,MASTER_ONLY_CV,,correct,0.5533676009049056,high
3.0,2671.0,VAR_002415,0,0.1289056835892508,0.4381502900787569,0.4381502900787569,0,MASTER_ONLY_CV,,correct,0.3092446064895061,high
4.0,2672.0,VAR_004065,1,0.9570744937992004,0.2888357696077288,0.4381502900787569,1,MASTER_ONLY_CV,,correct,0.5189242037204436,high
2.0,2673.0,VAR_001787,0,0.3500511025659254,0.3589974365481315,0.4381502900787569,0,MASTER_ONLY_CV,,correct,0.08809918751283147,moderate
1.0,2674.0,VAR_004408,1,0.9281019102968892,0.4676065299723352,0.4381502900787569,1,MASTER_ONLY_CV,,correct,0.48995162021813227,high
3.0,2675.0,VAR_006342,1,0.9610148433505252,0.4381502900787569,0.4381502900787569,1,MASTER_ONLY_CV,,correct,0.5228645532717684,high
3.0,2676.0,VAR_004833,1,0.8097016057765175,0.4381502900787569,0.4381502900787569,1,MASTER_ONLY_CV,,correct,0.3715513156977606,high
0.0,2677.0,VAR_000145,0,0.0284912086991511,0.4552237562989291,0.4381502900787569,0,MASTER_ONLY_CV,,correct,0.40965908137960577,high
4.0,2679.0,VAR_003849,0,0.0208644767821168,0.2888357696077288,0.4381502900787569,0,MASTER_ONLY_CV,,correct,0.4172858132966401,high
3.0,2680.0,VAR_006244,0,0.0093132973383354,0.4381502900787569,0.4381502900787569,0,MASTER_ONLY_CV,,correct,0.4288369927404215,high
2.0,2681.0,VAR_000579,1,0.7152319314975267,0.3589974365481315,0.4381502900787569,1,MASTER_ONLY_CV,,correct,0.27708164141876984,high
4.0,2682.0,VAR_003405,1,0.9490187302415976,0.2888357696077288,0.4381502900787569,1,MASTER_ONLY_CV,,correct,0.5108684401628407,high
4.0,2683.0,VAR_000793,1,0.3241108661291569,0.2888357696077288,0.4381502900787569,0,MASTER_ONLY_CV,,false_negative,0.11403942394959998,moderate
0.0,2685.0,VAR_001376,0,0.3670885785227502,0.4552237562989291,0.4381502900787569,0,MASTER_ONLY_CV,,correct,0.07106171155600671,moderate
1.0,2686.0,VAR_003409,1,0.9563605940002814,0.4676065299723352,0.4381502900787569,1,MASTER_ONLY_CV,,correct,0.5182103039215245,high
1.0,2687.0,VAR_003714,0,0.1684545294428858,0.4676065299723352,0.4381502900787569,0,MASTER_ONLY_CV,,correct,0.2696957606358711,high
2.0,2688.0,VAR_000290,1,0.8122746993270333,0.3589974365481315,0.4381502900787569,1,MASTER_ONLY_CV,,correct,0.37412440924827645,high
4.0,2689.0,VAR_002409,1,0.8404035364594066,0.2888357696077288,0.4381502900787569,1,MASTER_ONLY_CV,,correct,0.4022532463806497,high
0.0,2690.0,VAR_004857,0,0.1611298428107592,0.4552237562989291,0.4381502900787569,0,MASTER_ONLY_CV,,correct,0.2770204472679977,high
3.0,2691.0,VAR_002573,0,0.2266893523534582,0.4381502900787569,0.4381502900787569,0,MASTER_ONLY_CV,,correct,0.2114609377252987,high
2.0,2692.0,VAR_005627,0,0.612232833976326,0.3589974365481315,0.4381502900787569,1,MASTER_ONLY_CV,,false_positive,0.1740825438975691,moderate
3.0,2693.0,VAR_005132,1,0.8402999863685633,0.4381502900787569,0.4381502900787569,1,MASTER_ONLY_CV,,correct,0.4021496962898064,high
3.0,2694.0,VAR_002026,1,0.7515361163998613,0.4381502900787569,0.4381502900787569,1,MASTER_ONLY_CV,,correct,0.3133858263211044,high
2.0,2697.0,VAR_006040,1,0.8984541131021626,0.3589974365481315,0.4381502900787569,1,MASTER_ONLY_CV,,correct,0.4603038230234057,high
4.0,2698.0,VAR_000044,1,0.8052855817125627,0.2888357696077288,0.4381502900787569,1,MASTER_ONLY_CV,,correct,0.3671352916338058,high
2.0,2699.0,VAR_001625,1,0.3432883622168574,0.3589974365481315,0.4381502900787569,0,MASTER_ONLY_CV,,false_negative,0.09486192786189951,moderate
4.0,2700.0,VAR_003374,1,0.939427997155806,0.2888357696077288,0.4381502900787569,1,MASTER_ONLY_CV,,correct,0.5012777070770491,high
3.0,2701.0,VAR_005507,0,0.5268372873340529,0.4381502900787569,0.4381502900787569,1,MASTER_ONLY_CV,,false_positive,0.088686997255296,moderate
2.0,2702.0,VAR_001679,0,0.1091799112918506,0.3589974365481315,0.4381502900787569,0,MASTER_ONLY_CV,,correct,0.32897037878690627,high
2.0,2703.0,VAR_003406,1,0.8321447878281129,0.3589974365481315,0.4381502900787569,1,MASTER_ONLY_CV,,correct,0.39399449774935597,high
1.0,2704.0,VAR_005963,1,0.9746626779662088,0.4676065299723352,0.4381502900787569,1,MASTER_ONLY_CV,,correct,0.5365123878874518,high
0.0,2705.0,VAR_005688,0,0.9655740515106204,0.4552237562989291,0.4381502900787569,1,MASTER_ONLY_CV,,false_positive,0.5274237614318635,high
4.0,2706.0,VAR_002444,1,0.8478425409029856,0.2888357696077288,0.4381502900787569,1,MASTER_ONLY_CV,,correct,0.4096922508242287,high
3.0,2707.0,VAR_003271,1,0.5244994134075567,0.4381502900787569,0.4381502900787569,1,MASTER_ONLY_CV,,correct,0.08634912332879979,moderate
0.0,2708.0,VAR_005057,1,0.570804915983297,0.4552237562989291,0.4381502900787569,1,MASTER_ONLY_CV,,correct,0.13265462590454008,moderate
2.0,2709.0,VAR_000287,0,0.0645914381307065,0.3589974365481315,0.4381502900787569,0,MASTER_ONLY_CV,,correct,0.3735588519480504,high
0.0,2711.0,VAR_004846,1,0.897246426106018,0.4552237562989291,0.4381502900787569,1,MASTER_ONLY_CV,,correct,0.4590961360272611,high
3.0,2712.0,VAR_006313,0,0.1667675791272833,0.4381502900787569,0.4381502900787569,0,MASTER_ONLY_CV,,correct,0.2713827109514736,high
1.0,2713.0,VAR_005470,1,0.5858985460698972,0.4676065299723352,0.4381502900787569,1,MASTER_ONLY_CV,,correct,0.14774825599114033,moderate
1.0,2714.0,VAR_003941,1,0.4359856826184715,0.4676065299723352,0.4381502900787569,0,MASTER_ONLY_CV,,false_negative,0.002164607460285406,borderline
2.0,2715.0,VAR_006043,1,0.9152363299382812,0.3589974365481315,0.4381502900787569,1,MASTER_ONLY_CV,,correct,0.4770860398595243,high
0.0,2716.0,VAR_004814,1,0.7947577882060146,0.4552237562989291,0.4381502900787569,1,MASTER_ONLY_CV,,correct,0.3566074981272577,high
1.0,2717.0,VAR_000366,1,0.1740133750145656,0.4676065299723352,0.4381502900787569,0,MASTER_ONLY_CV,,false_negative,0.2641369150641913,high
2.0,2719.0,VAR_004578,0,0.6937366170531581,0.3589974365481315,0.4381502900787569,1,MASTER_ONLY_CV,,false_positive,0.25558632697440126,high
0.0,2720.0,VAR_005703,1,0.899212401821411,0.4552237562989291,0.4381502900787569,1,MASTER_ONLY_CV,,correct,0.46106211174265416,high
2.0,2721.0,VAR_001458,1,0.3448193048231748,0.3589974365481315,0.4381502900787569,0,MASTER_ONLY_CV,,false_negative,0.09333098525558209,moderate
3.0,2722.0,VAR_002644,1,0.3204595738580346,0.4381502900787569,0.4381502900787569,0,MASTER_ONLY_CV,,false_negative,0.1176907162207223,moderate
1.0,2723.0,VAR_003391,1,0.7029617587869523,0.4676065299723352,0.4381502900787569,1,MASTER_ONLY_CV,,correct,0.26481146870819544,high
1.0,2724.0,VAR_005172,0,0.738986761893304,0.4676065299723352,0.4381502900787569,1,MASTER_ONLY_CV,,false_positive,0.30083647181454715,high
0.0,2727.0,VAR_003277,0,0.115000545647243,0.4552237562989291,0.4381502900787569,0,MASTER_ONLY_CV,,correct,0.3231497444315139,high
0.0,2728.0,VAR_005527,1,0.6964397832565854,0.4552237562989291,0.4381502900787569,1,MASTER_ONLY_CV,,correct,0.2582894931778285,high
3.0,2730.0,VAR_006518,1,0.8870813009778257,0.4381502900787569,0.4381502900787569,1,MASTER_ONLY_CV,,correct,0.4489310108990688,high
2.0,2731.0,VAR_002912,0,0.0480769019914353,0.3589974365481315,0.4381502900787569,0,MASTER_ONLY_CV,,correct,0.3900733880873216,high
2.0,2732.0,VAR_003779,1,0.4035198555971661,0.3589974365481315,0.4381502900787569,0,MASTER_ONLY_CV,,false_negative,0.03463043448159081,borderline
3.0,2733.0,VAR_002086,1,0.5773790170235644,0.4381502900787569,0.4381502900787569,1,MASTER_ONLY_CV,,correct,0.13922872694480753,moderate
4.0,2734.0,VAR_006128,0,0.1367985207065591,0.2888357696077288,0.4381502900787569,0,MASTER_ONLY_CV,,correct,0.30135176937219776,high
1.0,2735.0,VAR_004827,1,0.7941277062356517,0.4676065299723352,0.4381502900787569,1,MASTER_ONLY_CV,,correct,0.35597741615689477,high
0.0,2736.0,VAR_003296,1,0.9421783236500298,0.4552237562989291,0.4381502900787569,1,MASTER_ONLY_CV,,correct,0.504028033571273,high
2.0,2738.0,VAR_005486,0,0.1258872285769892,0.3589974365481315,0.4381502900787569,0,MASTER_ONLY_CV,,correct,0.3122630615017677,high
1.0,2739.0,VAR_004364,0,0.864777908051264,0.4676065299723352,0.4381502900787569,1,MASTER_ONLY_CV,,false_positive,0.4266276179725071,high
2.0,2741.0,VAR_003395,1,0.8744633925800324,0.3589974365481315,0.4381502900787569,1,MASTER_ONLY_CV,,correct,0.4363131025012755,high
1.0,2743.0,VAR_003573,0,0.0707774993271831,0.4676065299723352,0.4381502900787569,0,MASTER_ONLY_CV,,correct,0.3673727907515738,high
0.0,2744.0,VAR_006541,1,0.0277864993048742,0.4552237562989291,0.4381502900787569,0,MASTER_ONLY_CV,,false_negative,0.4103637907738827,high
1.0,2745.0,VAR_005706,1,0.9276733898441228,0.4676065299723352,0.4381502900787569,1,MASTER_ONLY_CV,,correct,0.48952309976536595,high
3.0,2747.0,VAR_000764,1,0.9653687961223452,0.4381502900787569,0.4381502900787569,1,MASTER_ONLY_CV,,correct,0.5272185060435883,high
0.0,2748.0,VAR_004910,1,0.5663613065538452,0.4552237562989291,0.4381502900787569,1,MASTER_ONLY_CV,,correct,0.1282110164750883,moderate
0.0,2750.0,VAR_002075,1,0.9421106621006786,0.4552237562989291,0.4381502900787569,1,MASTER_ONLY_CV,,correct,0.5039603720219217,high
3.0,2751.0,VAR_006516,1,0.4900154322150975,0.4381502900787569,0.4381502900787569,1,MASTER_ONLY_CV,,correct,0.051865142136340636,moderate
0.0,2754.0,VAR_002365,1,0.6202838469041932,0.4552237562989291,0.4381502900787569,1,MASTER_ONLY_CV,,correct,0.18213355682543636,moderate
4.0,2755.0,VAR_003742,1,0.825277049191184,0.2888357696077288,0.4381502900787569,1,MASTER_ONLY_CV,,correct,0.38712675911242717,high
2.0,2756.0,VAR_002326,1,0.8065828178466533,0.3589974365481315,0.4381502900787569,1,MASTER_ONLY_CV,,correct,0.3684325277678964,high
4.0,2757.0,VAR_000050,0,0.0206601693492977,0.2888357696077288,0.4381502900787569,0,MASTER_ONLY_CV,,correct,0.4174901207294592,high
4.0,2758.0,VAR_005618,0,0.0404119362904588,0.2888357696077288,0.4381502900787569,0,MASTER_ONLY_CV,,correct,0.3977383537882981,high
3.0,2759.0,VAR_001525,1,0.4058152667496171,0.4381502900787569,0.4381502900787569,0,MASTER_ONLY_CV,,false_negative,0.03233502332913979,borderline
3.0,2760.0,VAR_005244,1,0.9878205052477048,0.4381502900787569,0.4381502900787569,1,MASTER_ONLY_CV,,correct,0.5496702151689479,high
4.0,2761.0,VAR_002506,1,0.8254537340436543,0.2888357696077288,0.4381502900787569,1,MASTER_ONLY_CV,,correct,0.3873034439648974,high
3.0,2762.0,VAR_006160,0,0.7043282682085805,0.4381502900787569,0.4381502900787569,1,MASTER_ONLY_CV,,false_positive,0.26617797812982363,high
3.0,2763.0,VAR_004009,1,0.9126344414309768,0.4381502900787569,0.4381502900787569,1,MASTER_ONLY_CV,,correct,0.47448415135221994,high
1.0,2764.0,VAR_000565,1,0.7733240833365149,0.4676065299723352,0.4381502900787569,1,MASTER_ONLY_CV,,correct,0.33517379325775803,high
1.0,2765.0,VAR_002443,1,0.2704513751548032,0.4676065299723352,0.4381502900787569,0,MASTER_ONLY_CV,,false_negative,0.16769891492395367,moderate
0.0,2766.0,VAR_001864,1,0.2805901281400754,0.4552237562989291,0.4381502900787569,0,MASTER_ONLY_CV,,false_negative,0.1575601619386815,moderate
2.0,2767.0,VAR_005514,1,0.8776952939285501,0.3589974365481315,0.4381502900787569,1,MASTER_ONLY_CV,,correct,0.43954500384979317,high
4.0,2768.0,VAR_004505,0,0.2584923793567302,0.2888357696077288,0.4381502900787569,0,MASTER_ONLY_CV,,correct,0.1796579107220267,moderate
3.0,2769.0,VAR_003847,0,0.7692757341047226,0.4381502900787569,0.4381502900787569,1,MASTER_ONLY_CV,,false_positive,0.3311254440259657,high
2.0,2770.0,VAR_005499,1,0.9525725265152084,0.3589974365481315,0.4381502900787569,1,MASTER_ONLY_CV,,correct,0.5144222364364515,high
4.0,2772.0,VAR_000447,1,0.6487979900081621,0.2888357696077288,0.4381502900787569,1,MASTER_ONLY_CV,,correct,0.21064769992940519,high
1.0,2773.0,VAR_003134,0,0.0142516272676827,0.4676065299723352,0.4381502900787569,0,MASTER_ONLY_CV,,correct,0.4238986628110742,high
1.0,2774.0,VAR_005577,1,0.7638804912413835,0.4676065299723352,0.4381502900787569,1,MASTER_ONLY_CV,,correct,0.3257302011626266,high
3.0,2775.0,VAR_000553,0,0.0250738439707567,0.4381502900787569,0.4381502900787569,0,MASTER_ONLY_CV,,correct,0.4130764461080002,high
3.0,2776.0,VAR_000180,0,0.1552971679243857,0.4381502900787569,0.4381502900787569,0,MASTER_ONLY_CV,,correct,0.2828531221543712,high
4.0,2777.0,VAR_000051,0,0.1681994857263082,0.2888357696077288,0.4381502900787569,0,MASTER_ONLY_CV,,correct,0.26995080435244867,high
2.0,2778.0,VAR_000416,1,0.3448193048231748,0.3589974365481315,0.4381502900787569,0,MASTER_ONLY_CV,,false_negative,0.09333098525558209,moderate
1.0,2779.0,VAR_006107,1,0.82513681509725,0.4676065299723352,0.4381502900787569,1,MASTER_ONLY_CV,,correct,0.3869865250184931,high
4.0,2780.0,VAR_004066,1,0.9911164948669094,0.2888357696077288,0.4381502900787569,1,MASTER_ONLY_CV,,correct,0.5529662047881525,high
1.0,2781.0,VAR_003231,0,0.4560375914741565,0.4676065299723352,0.4381502900787569,1,MASTER_ONLY_CV,,false_positive,0.017887301395399624,borderline
3.0,2782.0,VAR_000455,1,0.9486024326302416,0.4381502900787569,0.4381502900787569,1,MASTER_ONLY_CV,,correct,0.5104521425514847,high
4.0,2783.0,VAR_004506,1,0.6866103267171039,0.2888357696077288,0.4381502900787569,1,MASTER_ONLY_CV,,correct,0.24846003663834698,high
3.0,2784.0,VAR_005226,1,0.9203885725890196,0.4381502900787569,0.4381502900787569,1,MASTER_ONLY_CV,,correct,0.48223828251026274,high
4.0,2785.0,VAR_003049,0,0.3332069911346289,0.2888357696077288,0.4381502900787569,0,MASTER_ONLY_CV,,correct,0.10494329894412796,moderate
1.0,2787.0,VAR_004430,1,0.8612805921343526,0.4676065299723352,0.4381502900787569,1,MASTER_ONLY_CV,,correct,0.4231303020555957,high
0.0,2788.0,VAR_005463,1,0.6093375211623454,0.4552237562989291,0.4381502900787569,1,MASTER_ONLY_CV,,correct,0.17118723108358852,moderate
2.0,2790.0,VAR_004464,1,0.7347220618464204,0.3589974365481315,0.4381502900787569,1,MASTER_ONLY_CV,,correct,0.29657177176766353,high
0.0,2791.0,VAR_002967,1,0.8688466281673175,0.4552237562989291,0.4381502900787569,1,MASTER_ONLY_CV,,correct,0.4306963380885606,high
3.0,2792.0,VAR_004030,0,0.0402571983434231,0.4381502900787569,0.4381502900787569,0,MASTER_ONLY_CV,,correct,0.39789309173533377,high
2.0,2793.0,VAR_006494,1,0.8411479243399296,0.3589974365481315,0.4381502900787569,1,MASTER_ONLY_CV,,correct,0.4029976342611727,high
4.0,2795.0,VAR_000503,1,0.9536438381801542,0.2888357696077288,0.4381502900787569,1,MASTER_ONLY_CV,,correct,0.5154935481013974,high
3.0,2797.0,VAR_001172,1,0.9716261056150072,0.4381502900787569,0.4381502900787569,1,MASTER_ONLY_CV,,correct,0.5334758155362502,high
4.0,2801.0,VAR_001895,0,0.4221203498105945,0.2888357696077288,0.4381502900787569,0,MASTER_ONLY_CV,,correct,0.0160299402681624,borderline
0.0,2802.0,VAR_005803,1,0.9823860734561456,0.4552237562989291,0.4381502900787569,1,MASTER_ONLY_CV,,correct,0.5442357833773888,high
3.0,2805.0,VAR_000796,0,0.0507955044342316,0.4381502900787569,0.4381502900787569,0,MASTER_ONLY_CV,,correct,0.3873547856445253,high
4.0,2806.0,VAR_006534,1,0.9807446247167108,0.2888357696077288,0.4381502900787569,1,MASTER_ONLY_CV,,correct,0.5425943346379538,high
1.0,2807.0,VAR_005068,1,0.296792591200054,0.4676065299723352,0.4381502900787569,0,MASTER_ONLY_CV,,false_negative,0.14135769887870286,moderate
0.0,2808.0,VAR_004597,0,0.0163800314037291,0.4552237562989291,0.4381502900787569,0,MASTER_ONLY_CV,,correct,0.42177025867502776,high
4.0,2809.0,VAR_004845,1,0.9200307478230346,0.2888357696077288,0.4381502900787569,1,MASTER_ONLY_CV,,correct,0.48188045774427773,high
3.0,2810.0,VAR_000441,0,0.7919448427750555,0.4381502900787569,0.4381502900787569,1,MASTER_ONLY_CV,,false_positive,0.3537945526962986,high
4.0,2811.0,VAR_005613,1,0.7150524487640514,0.2888357696077288,0.4381502900787569,1,MASTER_ONLY_CV,,correct,0.2769021586852945,high
4.0,2812.0,VAR_005439,1,0.9329080977536796,0.2888357696077288,0.4381502900787569,1,MASTER_ONLY_CV,,correct,0.49475780767492267,high
3.0,2814.0,VAR_003895,0,0.1745435889344737,0.4381502900787569,0.4381502900787569,0,MASTER_ONLY_CV,,correct,0.2636067011442832,high
0.0,2815.0,VAR_005201,1,0.9600377849296046,0.4552237562989291,0.4381502900787569,1,MASTER_ONLY_CV,,correct,0.5218874948508476,high
2.0,2816.0,VAR_000622,1,0.9542958515119612,0.3589974365481315,0.4381502900787569,1,MASTER_ONLY_CV,,correct,0.5161455614332042,high
3.0,2818.0,VAR_005709,1,0.9871113696252856,0.4381502900787569,0.4381502900787569,1,MASTER_ONLY_CV,,correct,0.5489610795465287,high
1.0,2819.0,VAR_006119,0,0.809183348996349,0.4676065299723352,0.4381502900787569,1,MASTER_ONLY_CV,,false_positive,0.37103305891759214,high
2.0,2820.0,VAR_003794,1,0.7394011813056794,0.3589974365481315,0.4381502900787569,1,MASTER_ONLY_CV,,correct,0.30125089122692256,high
0.0,2821.0,VAR_003635,0,0.830753961296375,0.4552237562989291,0.4381502900787569,1,MASTER_ONLY_CV,,false_positive,0.39260367121761813,high
0.0,2823.0,VAR_005815,1,0.8945672974172151,0.4552237562989291,0.4381502900787569,1,MASTER_ONLY_CV,,correct,0.4564170073384582,high
2.0,2824.0,VAR_005726,0,0.081969253196153,0.3589974365481315,0.4381502900787569,0,MASTER_ONLY_CV,,correct,0.3561810368826039,high
0.0,2825.0,VAR_003290,1,0.96447341006344,0.4552237562989291,0.4381502900787569,1,MASTER_ONLY_CV,,correct,0.5263231199846832,high
0.0,2826.0,VAR_000329,1,0.4845390616267372,0.4552237562989291,0.4381502900787569,1,MASTER_ONLY_CV,,correct,0.04638877154798032,borderline
0.0,2827.0,VAR_005842,1,0.5917519909726268,0.4552237562989291,0.4381502900787569,1,MASTER_ONLY_CV,,correct,0.15360170089386987,moderate
3.0,2828.0,VAR_004492,0,0.088135875757508,0.4381502900787569,0.4381502900787569,0,MASTER_ONLY_CV,,correct,0.3500144143212489,high
4.0,2829.0,VAR_004315,1,0.2888357696077288,0.2888357696077288,0.4381502900787569,0,MASTER_ONLY_CV,,false_negative,0.1493145204710281,moderate
0.0,2830.0,VAR_001761,1,0.6655772082108578,0.4552237562989291,0.4381502900787569,1,MASTER_ONLY_CV,,correct,0.22742691813210086,high
1.0,2831.0,VAR_004802,1,0.8208230594867042,0.4676065299723352,0.4381502900787569,1,MASTER_ONLY_CV,,correct,0.3826727694079473,high
0.0,2833.0,VAR_000280,1,0.0400492330718536,0.4552237562989291,0.4381502900787569,0,MASTER_ONLY_CV,,false_negative,0.3981010570069033,high
4.0,2834.0,VAR_005841,1,0.8182159485831051,0.2888357696077288,0.4381502900787569,1,MASTER_ONLY_CV,,correct,0.3800656585043482,high
1.0,2836.0,VAR_003828,0,0.0942242775962344,0.4676065299723352,0.4381502900787569,0,MASTER_ONLY_CV,,correct,0.34392601248252247,high
4.0,2837.0,VAR_000209,1,0.2940830980929025,0.2888357696077288,0.4381502900787569,0,MASTER_ONLY_CV,,false_negative,0.14406719198585438,moderate
2.0,2838.0,VAR_000961,1,0.9782431229898664,0.3589974365481315,0.4381502900787569,1,MASTER_ONLY_CV,,correct,0.5400928329111094,high
4.0,2839.0,VAR_004920,1,0.9609324628756616,0.2888357696077288,0.4381502900787569,1,MASTER_ONLY_CV,,correct,0.5227821727969046,high
4.0,2841.0,VAR_005003,1,0.7373311763904781,0.2888357696077288,0.4381502900787569,1,MASTER_ONLY_CV,,correct,0.2991808863117212,high
1.0,2842.0,VAR_006332,0,0.7623811168950005,0.4676065299723352,0.4381502900787569,1,MASTER_ONLY_CV,,false_positive,0.32423082681624366,high
1.0,2844.0,VAR_001455,0,0.3452678267660055,0.4676065299723352,0.4381502900787569,0,MASTER_ONLY_CV,,correct,0.0928824633127514,moderate
0.0,2845.0,VAR_003537,1,0.9410321680339022,0.4552237562989291,0.4381502900787569,1,MASTER_ONLY_CV,,correct,0.5028818779551454,high
0.0,2846.0,VAR_006308,1,0.3204791593197334,0.4552237562989291,0.4381502900787569,0,MASTER_ONLY_CV,,false_negative,0.11767113075902347,moderate
2.0,2847.0,VAR_005431,1,0.9441705887551848,0.3589974365481315,0.4381502900787569,1,MASTER_ONLY_CV,,correct,0.506020298676428,high
2.0,2848.0,VAR_005389,1,0.2262102530251012,0.3589974365481315,0.4381502900787569,0,MASTER_ONLY_CV,,false_negative,0.2119400370536557,high
2.0,2849.0,VAR_001992,0,0.873055574413911,0.3589974365481315,0.4381502900787569,1,MASTER_ONLY_CV,,false_positive,0.43490528433515413,high
2.0,2850.0,VAR_000785,0,0.1851997124766502,0.3589974365481315,0.4381502900787569,0,MASTER_ONLY_CV,,correct,0.2529505776021067,high
0.0,2851.0,VAR_001704,1,0.96230884149409,0.4552237562989291,0.4381502900787569,1,MASTER_ONLY_CV,,correct,0.5241585514153331,high
0.0,2852.0,VAR_005636,1,0.1138983855943308,0.4552237562989291,0.4381502900787569,0,MASTER_ONLY_CV,,false_negative,0.3242519044844261,high
3.0,2853.0,VAR_002542,1,0.949677944736561,0.4381502900787569,0.4381502900787569,1,MASTER_ONLY_CV,,correct,0.511527654657804,high
2.0,2854.0,VAR_004239,1,0.991340498376648,0.3589974365481315,0.4381502900787569,1,MASTER_ONLY_CV,,correct,0.553190208297891,high
3.0,2855.0,VAR_005395,0,0.7034418580948708,0.4381502900787569,0.4381502900787569,1,MASTER_ONLY_CV,,false_positive,0.2652915680161139,high
1.0,2856.0,VAR_004282,1,0.5519878119500121,0.4676065299723352,0.4381502900787569,1,MASTER_ONLY_CV,,correct,0.11383752187125523,moderate
3.0,2857.0,VAR_005335,1,0.989840725187263,0.4381502900787569,0.4381502900787569,1,MASTER_ONLY_CV,,correct,0.5516904351085061,high
4.0,2859.0,VAR_003850,1,0.7593255756944381,0.2888357696077288,0.4381502900787569,1,MASTER_ONLY_CV,,correct,0.32117528561568126,high
3.0,2860.0,VAR_003760,1,0.9536844080572086,0.4381502900787569,0.4381502900787569,1,MASTER_ONLY_CV,,correct,0.5155341179784516,high
2.0,2861.0,VAR_003001,0,0.9172849072987476,0.3589974365481315,0.4381502900787569,1,MASTER_ONLY_CV,,false_positive,0.4791346172199907,high
2.0,2862.0,VAR_006575,0,0.9720049395554956,0.3589974365481315,0.4381502900787569,1,MASTER_ONLY_CV,,false_positive,0.5338546494767387,high
4.0,2864.0,VAR_004966,1,0.8665569317662164,0.2888357696077288,0.4381502900787569,1,MASTER_ONLY_CV,,correct,0.4284066416874595,high
0.0,2865.0,VAR_002988,1,0.1445586615890741,0.4552237562989291,0.4381502900787569,0,MASTER_ONLY_CV,,false_negative,0.2935916284896828,high
4.0,2866.0,VAR_000074,0,0.448353644505979,0.2888357696077288,0.4381502900787569,1,MASTER_ONLY_CV,,false_positive,0.010203354427222089,borderline
0.0,2868.0,VAR_005788,1,0.912821764221996,0.4552237562989291,0.4381502900787569,1,MASTER_ONLY_CV,,correct,0.4746714741432391,high
4.0,2869.0,VAR_005564,1,0.7114560902434482,0.2888357696077288,0.4381502900787569,1,MASTER_ONLY_CV,,correct,0.27330580016469136,high
0.0,2870.0,VAR_002678,0,0.0260722046970897,0.4552237562989291,0.4381502900787569,0,MASTER_ONLY_CV,,correct,0.4120780853816672,high
1.0,2872.0,VAR_004041,1,0.61617851204859,0.4676065299723352,0.4381502900787569,1,MASTER_ONLY_CV,,correct,0.1780282219698331,moderate
4.0,2873.0,VAR_003512,0,0.8313966388552785,0.2888357696077288,0.4381502900787569,1,MASTER_ONLY_CV,,false_positive,0.3932463487765216,high
4.0,2875.0,VAR_001766,1,0.1643402664631131,0.2888357696077288,0.4381502900787569,0,MASTER_ONLY_CV,,false_negative,0.27381002361564377,high
2.0,2876.0,VAR_003985,1,0.8740575598606749,0.3589974365481315,0.4381502900787569,1,MASTER_ONLY_CV,,correct,0.435907269781918,high
0.0,2878.0,VAR_004453,0,0.3810228009769226,0.4552237562989291,0.4381502900787569,0,MASTER_ONLY_CV,,correct,0.057127489101834295,moderate
2.0,2879.0,VAR_004093,0,0.5482210086720004,0.3589974365481315,0.4381502900787569,1,MASTER_ONLY_CV,,false_positive,0.11007071859324352,moderate
4.0,2881.0,VAR_000359,1,0.5404462438921586,0.2888357696077288,0.4381502900787569,1,MASTER_ONLY_CV,,correct,0.10229595381340167,moderate
0.0,2883.0,VAR_004799,0,0.1537463995217699,0.4552237562989291,0.4381502900787569,0,MASTER_ONLY_CV,,correct,0.284403890556987,high
2.0,2884.0,VAR_005281,1,0.7758196898901171,0.3589974365481315,0.4381502900787569,1,MASTER_ONLY_CV,,correct,0.3376693998113602,high
3.0,2885.0,VAR_005294,0,0.4058152667496171,0.4381502900787569,0.4381502900787569,0,MASTER_ONLY_CV,,correct,0.03233502332913979,borderline
0.0,2886.0,VAR_000835,1,0.9147167060260049,0.4552237562989291,0.4381502900787569,1,MASTER_ONLY_CV,,correct,0.47656641594724797,high
2.0,2887.0,VAR_001522,0,0.3448193048231748,0.3589974365481315,0.4381502900787569,0,MASTER_ONLY_CV,,correct,0.09333098525558209,moderate
4.0,2888.0,VAR_005871,1,0.3582020153586594,0.2888357696077288,0.4381502900787569,0,MASTER_ONLY_CV,,false_negative,0.07994827472009747,moderate
2.0,2889.0,VAR_001473,1,0.6753266850810583,0.3589974365481315,0.4381502900787569,1,MASTER_ONLY_CV,,correct,0.23717639500230142,high
2.0,2890.0,VAR_006499,1,0.9574004478463398,0.3589974365481315,0.4381502900787569,1,MASTER_ONLY_CV,,correct,0.519250157767583,high
1.0,2891.0,VAR_006173,0,0.5438056317961876,0.4676065299723352,0.4381502900787569,1,MASTER_ONLY_CV,,false_positive,0.10565534171743068,moderate
2.0,2893.0,VAR_005397,1,0.9969814383350352,0.3589974365481315,0.4381502900787569,1,MASTER_ONLY_CV,,correct,0.5588311482562782,high
4.0,2894.0,VAR_006501,1,0.6093263278416021,0.2888357696077288,0.4381502900787569,1,MASTER_ONLY_CV,,correct,0.17117603776284523,moderate
3.0,2895.0,VAR_005845,0,0.1462847249093002,0.4381502900787569,0.4381502900787569,0,MASTER_ONLY_CV,,correct,0.2918655651694567,high
0.0,2896.0,VAR_001589,1,0.9008300420410058,0.4552237562989291,0.4381502900787569,1,MASTER_ONLY_CV,,correct,0.4626797519622489,high
1.0,2897.0,VAR_001802,1,0.9727567376300108,0.4676065299723352,0.4381502900787569,1,MASTER_ONLY_CV,,correct,0.534606447551254,high
0.0,2899.0,VAR_005231,0,0.09778719911417,0.4552237562989291,0.4381502900787569,0,MASTER_ONLY_CV,,correct,0.3403630909645869,high
0.0,2900.0,VAR_000215,1,0.2366937473595373,0.4552237562989291,0.4381502900787569,0,MASTER_ONLY_CV,,false_negative,0.2014565427192196,high
4.0,2901.0,VAR_003972,0,0.0693419167563809,0.2888357696077288,0.4381502900787569,0,MASTER_ONLY_CV,,correct,0.368808373322376,high
1.0,2903.0,VAR_003955,1,0.4867559008800761,0.4676065299723352,0.4381502900787569,1,MASTER_ONLY_CV,,correct,0.0486056108013192,borderline
2.0,2904.0,VAR_001546,1,0.7473927245646533,0.3589974365481315,0.4381502900787569,1,MASTER_ONLY_CV,,correct,0.30924243448589644,high
0.0,2905.0,VAR_004883,0,0.0107054093093292,0.4552237562989291,0.4381502900787569,0,MASTER_ONLY_CV,,correct,0.42744488076942766,high
3.0,2906.0,VAR_003987,1,0.8622610364103906,0.4381502900787569,0.4381502900787569,1,MASTER_ONLY_CV,,correct,0.42411074633163376,high
3.0,2907.0,VAR_005693,1,0.9945358901422404,0.4381502900787569,0.4381502900787569,1,MASTER_ONLY_CV,,correct,0.5563856000634835,high
2.0,2908.0,VAR_000360,1,0.0163994125079339,0.3589974365481315,0.4381502900787569,0,MASTER_ONLY_CV,,false_negative,0.42175087757082297,high
4.0,2909.0,VAR_002029,0,0.8443712773305493,0.2888357696077288,0.4381502900787569,1,MASTER_ONLY_CV,,false_positive,0.4062209872517924,high
4.0,2910.0,VAR_002078,1,0.9383573362847464,0.2888357696077288,0.4381502900787569,1,MASTER_ONLY_CV,,correct,0.5002070462059895,high
2.0,2911.0,VAR_003758,1,0.9228427393139468,0.3589974365481315,0.4381502900787569,1,MASTER_ONLY_CV,,correct,0.4846924492351899,high
0.0,2912.0,VAR_004148,0,0.6421684591119894,0.4552237562989291,0.4381502900787569,1,MASTER_ONLY_CV,,false_positive,0.2040181690332325,high
0.0,2913.0,VAR_002849,0,0.713382100463645,0.4552237562989291,0.4381502900787569,1,MASTER_ONLY_CV,,false_positive,0.27523181038488814,high
1.0,2914.0,VAR_003294,1,0.8622284152837799,0.4676065299723352,0.4381502900787569,1,MASTER_ONLY_CV,,correct,0.424078125205023,high
1.0,2915.0,VAR_000397,0,0.8303352757781853,0.4676065299723352,0.4381502900787569,1,MASTER_ONLY_CV,,false_positive,0.39218498569942845,high
1.0,2917.0,VAR_001136,1,0.7654820084323055,0.4676065299723352,0.4381502900787569,1,MASTER_ONLY_CV,,correct,0.32733171835354863,high
2.0,2918.0,VAR_005336,1,0.985659251246434,0.3589974365481315,0.4381502900787569,1,MASTER_ONLY_CV,,correct,0.5475089611676771,high
2.0,2919.0,VAR_001903,0,0.1439121081727868,0.3589974365481315,0.4381502900787569,0,MASTER_ONLY_CV,,correct,0.29423818190597006,high
3.0,2920.0,VAR_005071,1,0.8501274373506355,0.4381502900787569,0.4381502900787569,1,MASTER_ONLY_CV,,correct,0.41197714727187856,high
1.0,2921.0,VAR_000396,1,0.117804395929577,0.4676065299723352,0.4381502900787569,0,MASTER_ONLY_CV,,false_negative,0.3203458941491799,high
0.0,2922.0,VAR_000727,1,0.9457007017839794,0.4552237562989291,0.4381502900787569,1,MASTER_ONLY_CV,,correct,0.5075504117052225,high
3.0,2924.0,VAR_002384,1,0.716778221298192,0.4381502900787569,0.4381502900787569,1,MASTER_ONLY_CV,,correct,0.27862793121943513,high
0.0,2925.0,VAR_005424,0,0.9440379546333404,0.4552237562989291,0.4381502900787569,1,MASTER_ONLY_CV,,false_positive,0.5058876645545836,high
0.0,2926.0,VAR_002007,1,0.9762364416170468,0.4552237562989291,0.4381502900787569,1,MASTER_ONLY_CV,,correct,0.53808615153829,high
4.0,2927.0,VAR_005116,1,0.4536403824908888,0.2888357696077288,0.4381502900787569,1,MASTER_ONLY_CV,,correct,0.015490092412131895,borderline
2.0,2928.0,VAR_004820,1,0.7561267298704913,0.3589974365481315,0.4381502900787569,1,MASTER_ONLY_CV,,correct,0.31797643979173446,high
0.0,2929.0,VAR_004058,1,0.8536917043748075,0.4552237562989291,0.4381502900787569,1,MASTER_ONLY_CV,,correct,0.41554141429605057,high
,,VAR_000892,0,0.0193340809665807,,0.4381502900787569,0,KANSER_UNIQUE,KANSER,correct,0.4188162091121762,high
,,VAR_004425,0,0.92408166944693,,0.4381502900787569,1,KANSER_UNIQUE,KANSER,false_positive,0.48593137936817316,high
,,VAR_004540,1,0.8959927752421039,,0.4381502900787569,1,KANSER_UNIQUE,KANSER,correct,0.45784248516334697,high
,,VAR_003586,0,0.0444075792929659,,0.4381502900787569,0,KANSER_UNIQUE,KANSER,correct,0.393742710785791,high
,,VAR_003658,1,0.8668118616868624,,0.4381502900787569,1,KANSER_UNIQUE,KANSER,correct,0.42866157160810553,high
,,VAR_003676,0,0.0140307293176626,,0.4381502900787569,0,KANSER_UNIQUE,KANSER,correct,0.4241195607610943,high
,,VAR_001101,1,0.9762954606450298,,0.4381502900787569,1,KANSER_UNIQUE,KANSER,correct,0.538145170566273,high
,,VAR_003563,0,0.155062022311093,,0.4381502900787569,0,KANSER_UNIQUE,KANSER,correct,0.2830882677676639,high
,,VAR_001083,0,0.2624820010830209,,0.4381502900787569,0,KANSER_UNIQUE,KANSER,correct,0.175668288995736,moderate
,,VAR_004669,0,0.2723438441842793,,0.4381502900787569,0,KANSER_UNIQUE,KANSER,correct,0.16580644589447757,moderate
,,VAR_004606,0,0.036177040127576,,0.4381502900787569,0,KANSER_UNIQUE,KANSER,correct,0.4019732499511809,high
,,VAR_004521,1,0.9680561308677806,,0.4381502900787569,1,KANSER_UNIQUE,KANSER,correct,0.5299058407890238,high
,,VAR_001074,1,0.989708762849291,,0.4381502900787569,1,KANSER_UNIQUE,KANSER,correct,0.551558472770534,high
,,VAR_003575,0,0.0177498210577544,,0.4381502900787569,0,KANSER_UNIQUE,KANSER,correct,0.4204004690210025,high
,,VAR_001003,0,0.7536177247089058,,0.4381502900787569,1,KANSER_UNIQUE,KANSER,false_positive,0.31546743463014887,high
,,VAR_001097,1,0.9702350691720374,,0.4381502900787569,1,KANSER_UNIQUE,KANSER,correct,0.5320847790932806,high
,,VAR_004601,0,0.1468114796595214,,0.4381502900787569,0,KANSER_UNIQUE,KANSER,correct,0.2913388104192355,high
,,VAR_000635,1,0.6724400214154187,,0.4381502900787569,1,KANSER_UNIQUE,KANSER,correct,0.2342897313366618,high
,,VAR_004704,0,0.1170815958970058,,0.4381502900787569,0,KANSER_UNIQUE,KANSER,correct,0.3210686941817511,high
,,VAR_000955,0,0.1626100868149864,,0.4381502900787569,0,KANSER_UNIQUE,KANSER,correct,0.2755402032637705,high
,,VAR_004385,1,0.7492420607692497,,0.4381502900787569,1,KANSER_UNIQUE,KANSER,correct,0.3110917706904928,high
,,VAR_002374,0,0.0214217756955261,,0.4381502900787569,0,KANSER_UNIQUE,KANSER,correct,0.4167285143832308,high
,,VAR_002395,1,0.9708424107926932,,0.4381502900787569,1,KANSER_UNIQUE,KANSER,correct,0.5326921207139363,high
,,VAR_003684,1,0.8793966857825761,,0.4381502900787569,1,KANSER_UNIQUE,KANSER,correct,0.44124639570381924,high
,,VAR_004562,1,0.856594446494831,,0.4381502900787569,1,KANSER_UNIQUE,KANSER,correct,0.4184441564160741,high
,,VAR_003618,0,0.0241634682155784,,0.4381502900787569,0,KANSER_UNIQUE,KANSER,correct,0.4139868218631785,high
,,VAR_003699,0,0.2885538249394838,,0.4381502900787569,0,KANSER_UNIQUE,KANSER,correct,0.1495964651392731,moderate
,,VAR_001282,1,0.1300509234348675,,0.4381502900787569,0,KANSER_UNIQUE,KANSER,false_negative,0.30809936664388937,high
,,VAR_004618,0,0.3962138327493202,,0.4381502900787569,0,KANSER_UNIQUE,KANSER,correct,0.04193645732943668,borderline
,,VAR_000895,1,0.6688054024434896,,0.4381502900787569,1,KANSER_UNIQUE,KANSER,correct,0.23065511236473274,high
,,VAR_001075,1,0.9133833085481124,,0.4381502900787569,1,KANSER_UNIQUE,KANSER,correct,0.47523301846935556,high
,,VAR_000930,0,0.4294667265589398,,0.4381502900787569,0,KANSER_UNIQUE,KANSER,correct,0.008683563519817084,borderline
,,VAR_003634,0,0.3778751500869236,,0.4381502900787569,0,KANSER_UNIQUE,KANSER,correct,0.060275139991833315,moderate
,,VAR_001085,0,0.0778946932983244,,0.4381502900787569,0,KANSER_UNIQUE,KANSER,correct,0.3602555967804325,high
,,VAR_001053,0,0.506028851948209,,0.4381502900787569,1,KANSER_UNIQUE,KANSER,false_positive,0.06787856186945213,moderate
,,VAR_004709,0,0.598684214895044,,0.4381502900787569,1,KANSER_UNIQUE,KANSER,false_positive,0.1605339248162871,moderate
,,VAR_003546,0,0.1749747026337795,,0.4381502900787569,0,KANSER_UNIQUE,KANSER,correct,0.2631755874449774,high
,,VAR_000984,1,0.84439182482801,,0.4381502900787569,1,KANSER_UNIQUE,KANSER,correct,0.4062415347492531,high
,,VAR_004556,0,0.6685923344861459,,0.4381502900787569,1,KANSER_UNIQUE,KANSER,false_positive,0.23044204440738897,high
,,VAR_000555,0,0.0603751287126783,,0.4381502900787569,0,KANSER_UNIQUE,KANSER,correct,0.3777751613660786,high
,,VAR_001252,0,0.8021554029395711,,0.4381502900787569,1,KANSER_UNIQUE,KANSER,false_positive,0.3640051128608142,high
,,VAR_004438,0,0.1628707301359162,,0.4381502900787569,0,KANSER_UNIQUE,KANSER,correct,0.2752795599428407,high
,,VAR_004370,0,0.7537042331325232,,0.4381502900787569,1,KANSER_UNIQUE,KANSER,false_positive,0.31555394305376633,high
,,VAR_001017,1,0.9053206513180392,,0.4381502900787569,1,KANSER_UNIQUE,KANSER,correct,0.4671703612392823,high
,,VAR_002377,0,0.8706333337606019,,0.4381502900787569,1,KANSER_UNIQUE,KANSER,false_positive,0.43248304368184504,high
,,VAR_004334,0,0.32569354259936,,0.4381502900787569,0,KANSER_UNIQUE,KANSER,correct,0.11245674747939688,moderate
,,VAR_004651,0,0.0690751110418243,,0.4381502900787569,0,KANSER_UNIQUE,KANSER,correct,0.3690751790369326,high
,,VAR_000680,0,0.35629650569986,,0.4381502900787569,0,KANSER_UNIQUE,KANSER,correct,0.0818537843788969,moderate
,,VAR_004336,0,0.9808612373763388,,0.4381502900787569,1,KANSER_UNIQUE,KANSER,false_positive,0.542710947297582,high
,,VAR_004339,0,0.7346242464158861,,0.4381502900787569,1,KANSER_UNIQUE,KANSER,false_positive,0.2964739563371292,high
,,VAR_001259,1,0.9755133898720796,,0.4381502900787569,1,KANSER_UNIQUE,KANSER,correct,0.5373630997933228,high
,,VAR_003556,0,0.0388745842399119,,0.4381502900787569,0,KANSER_UNIQUE,KANSER,correct,0.399275705838845,high
,,VAR_003675,1,0.9703011080544796,,0.4381502900787569,1,KANSER_UNIQUE,KANSER,correct,0.5321508179757226,high
,,VAR_000561,0,0.0710727018782972,,0.4381502900787569,0,KANSER_UNIQUE,KANSER,correct,0.36707758820045966,high
,,VAR_003622,0,0.0122747935477765,,0.4381502900787569,0,KANSER_UNIQUE,KANSER,correct,0.4258754965309804,high
,,VAR_004412,1,0.9603205082292096,,0.4381502900787569,1,KANSER_UNIQUE,KANSER,correct,0.5221702181504526,high
,,VAR_000589,1,0.9784853011536216,,0.4381502900787569,1,KANSER_UNIQUE,KANSER,correct,0.5403350110748648,high
,,VAR_000935,1,0.97744177536816,,0.4381502900787569,1,KANSER_UNIQUE,KANSER,correct,0.5392914852894031,high
,,VAR_000698,0,0.0703125591855715,,0.4381502900787569,0,KANSER_UNIQUE,KANSER,correct,0.3678377308931854,high
,,VAR_000570,1,0.8470239518718852,,0.4381502900787569,1,KANSER_UNIQUE,KANSER,correct,0.4088736617931283,high
,,VAR_002373,0,0.0213835586662724,,0.4381502900787569,0,KANSER_UNIQUE,KANSER,correct,0.4167667314124845,high
,,VAR_003706,1,0.1833765586634121,,0.4381502900787569,0,KANSER_UNIQUE,KANSER,false_negative,0.25477373141534476,high
,,VAR_000991,1,0.9815289443726216,,0.4381502900787569,1,KANSER_UNIQUE,KANSER,correct,0.5433786542938648,high
,,VAR_004397,0,0.9191755140117605,,0.4381502900787569,1,KANSER_UNIQUE,KANSER,false_positive,0.48102522393300357,high
,,VAR_004568,0,0.0592533382985166,,0.4381502900787569,0,KANSER_UNIQUE,KANSER,correct,0.3788969517802403,high
,,VAR_004543,1,0.6068789373598118,,0.4381502900787569,1,KANSER_UNIQUE,KANSER,correct,0.1687286472810549,moderate
,,VAR_001274,0,0.0773569753888079,,0.4381502900787569,0,KANSER_UNIQUE,KANSER,correct,0.360793314689949,high
,,VAR_000934,1,0.8871588629813923,,0.4381502900787569,1,KANSER_UNIQUE,KANSER,correct,0.44900857290263546,high
,,VAR_004395,0,0.6898638918162838,,0.4381502900787569,1,KANSER_UNIQUE,KANSER,false_positive,0.25171360173752694,high
,,VAR_000695,1,0.9558852920033064,,0.4381502900787569,1,KANSER_UNIQUE,KANSER,correct,0.5177350019245495,high
,,VAR_000560,0,0.2922277912422106,,0.4381502900787569,0,KANSER_UNIQUE,KANSER,correct,0.1459224988365463,moderate
,,VAR_004422,0,0.8346932702739934,,0.4381502900787569,1,KANSER_UNIQUE,KANSER,false_positive,0.39654298019523654,high
,,VAR_003689,0,0.2648662011498945,,0.4381502900787569,0,KANSER_UNIQUE,KANSER,correct,0.17328408892886238,moderate
,,VAR_004648,0,0.2712927168041142,,0.4381502900787569,0,KANSER_UNIQUE,KANSER,correct,0.16685757327464268,moderate
,,VAR_001045,0,0.1407809111867621,,0.4381502900787569,0,KANSER_UNIQUE,KANSER,correct,0.2973693788919948,high
,,VAR_004335,0,0.4989441691527446,,0.4381502900787569,1,KANSER_UNIQUE,KANSER,false_positive,0.0607938790739877,moderate
,,VAR_001005,0,0.2260326491781866,,0.4381502900787569,0,KANSER_UNIQUE,KANSER,correct,0.21211764090057028,high
,,VAR_003599,0,0.1104704022867166,,0.4381502900787569,0,KANSER_UNIQUE,KANSER,correct,0.32767988779204027,high
,,VAR_000666,0,0.1503519842998179,,0.4381502900787569,0,KANSER_UNIQUE,KANSER,correct,0.287798305778939,high
,,VAR_000626,1,0.2872938346599067,,0.4381502900787569,0,KANSER_UNIQUE,KANSER,false_negative,0.15085645541885018,moderate
,,VAR_001104,1,0.8246675036850383,,0.4381502900787569,1,KANSER_UNIQUE,KANSER,correct,0.3865172136062814,high
,,VAR_004688,0,0.4592435623865415,,0.4381502900787569,1,KANSER_UNIQUE,KANSER,false_positive,0.021093272307784627,borderline
,,VAR_000896,1,0.927847762689107,,0.4381502900787569,1,KANSER_UNIQUE,KANSER,correct,0.48969747261035007,high
,,VAR_002390,1,0.7283076329197256,,0.4381502900787569,1,KANSER_UNIQUE,KANSER,correct,0.29015734284096867,high
,,VAR_004442,0,0.0919726570956783,,0.4381502900787569,0,KANSER_UNIQUE,KANSER,correct,0.3461776329830786,high
,,VAR_000693,0,0.9655287459464648,,0.4381502900787569,1,KANSER_UNIQUE,KANSER,false_positive,0.5273784558677079,high
,,VAR_003636,1,0.9078165736071736,,0.4381502900787569,1,KANSER_UNIQUE,KANSER,correct,0.4696662835284167,high
,,VAR_000993,0,0.1767070679173457,,0.4381502900787569,0,KANSER_UNIQUE,KANSER,correct,0.2614432221614112,high
,,VAR_004701,0,0.2833943606672348,,0.4381502900787569,0,KANSER_UNIQUE,KANSER,correct,0.1547559294115221,moderate
,,VAR_004730,1,0.8299488039535219,,0.4381502900787569,1,KANSER_UNIQUE,KANSER,correct,0.391798513874765,high
,,VAR_000899,1,0.9751388033918952,,0.4381502900787569,1,KANSER_UNIQUE,KANSER,correct,0.5369885133131382,high
,,VAR_000936,0,0.2691683646450865,,0.4381502900787569,0,KANSER_UNIQUE,KANSER,correct,0.1689819254336704,moderate
,,VAR_002372,0,0.0198917026489001,,0.4381502900787569,0,KANSER_UNIQUE,KANSER,correct,0.4182585874298568,high
,,VAR_004661,0,0.1517072731556994,,0.4381502900787569,0,KANSER_UNIQUE,KANSER,correct,0.2864430169230575,high
,,VAR_004700,0,0.1487004794171857,,0.4381502900787569,0,KANSER_UNIQUE,KANSER,correct,0.28944981066157116,high
,,VAR_004683,0,0.2102458867664096,,0.4381502900787569,0,KANSER_UNIQUE,KANSER,correct,0.2279044033123473,high
,,VAR_000894,1,0.9442085300639202,,0.4381502900787569,1,KANSER_UNIQUE,KANSER,correct,0.5060582399851634,high
,,VAR_000929,0,0.9180533732750292,,0.4381502900787569,1,KANSER_UNIQUE,KANSER,false_positive,0.47990308319627234,high
,,VAR_004668,0,0.5231192912613345,,0.4381502900787569,1,KANSER_UNIQUE,KANSER,false_positive,0.08496900118257761,moderate
,,VAR_004672,0,0.2171962734301256,,0.4381502900787569,0,KANSER_UNIQUE,KANSER,correct,0.2209540166486313,high
,,VAR_004649,0,0.1472815783388619,,0.4381502900787569,0,KANSER_UNIQUE,KANSER,correct,0.290868711739895,high
,,VAR_001026,1,0.8759040573821505,,0.4381502900787569,1,KANSER_UNIQUE,KANSER,correct,0.4377537673033936,high
,,VAR_003553,0,0.0683251616784286,,0.4381502900787569,0,KANSER_UNIQUE,KANSER,correct,0.3698251284003283,high
,,VAR_001267,0,0.8353041702543155,,0.4381502900787569,1,KANSER_UNIQUE,KANSER,false_positive,0.3971538801755586,high
,,VAR_000551,0,0.0594996885998034,,0.4381502900787569,0,KANSER_UNIQUE,KANSER,correct,0.37865060147895346,high
,,VAR_001113,0,0.070053185821869,,0.4381502900787569,0,KANSER_UNIQUE,KANSER,correct,0.3680971042568879,high
,,VAR_004567,1,0.7642704435622174,,0.4381502900787569,1,KANSER_UNIQUE,KANSER,correct,0.3261201534834605,high
,,VAR_004532,1,0.8577137768048032,,0.4381502900787569,1,KANSER_UNIQUE,KANSER,correct,0.4195634867260463,high
,,VAR_001106,1,0.8214527037221476,,0.4381502900787569,1,KANSER_UNIQUE,KANSER,correct,0.38330241364339074,high
,,VAR_001073,0,0.1073143249789941,,0.4381502900787569,0,KANSER_UNIQUE,KANSER,correct,0.33083596509976276,high
,,VAR_003577,0,0.6467998115278162,,0.4381502900787569,1,KANSER_UNIQUE,KANSER,false_positive,0.2086495214490593,high
,,VAR_001020,0,0.6239567562772106,,0.4381502900787569,1,KANSER_UNIQUE,KANSER,false_positive,0.1858064661984537,moderate
,,VAR_004674,0,0.171125075462703,,0.4381502900787569,0,KANSER_UNIQUE,KANSER,correct,0.2670252146160539,high
,,VAR_004426,1,0.988988993555807,,0.4381502900787569,1,KANSER_UNIQUE,KANSER,correct,0.5508387034770501,high
,,VAR_001048,0,0.1180370998266127,,0.4381502900787569,0,KANSER_UNIQUE,KANSER,correct,0.3201131902521442,high
,,VAR_000700,0,0.1480354286856659,,0.4381502900787569,0,KANSER_UNIQUE,KANSER,correct,0.29011486139309095,high
,,VAR_001278,0,0.0315809305298187,,0.4381502900787569,0,KANSER_UNIQUE,KANSER,correct,0.4065693595489382,high
,,VAR_000624,0,0.9130337693300054,,0.4381502900787569,1,KANSER_UNIQUE,KANSER,false_positive,0.47488347925124846,high
,,VAR_004520,0,0.1035968378342209,,0.4381502900787569,0,KANSER_UNIQUE,KANSER,correct,0.334553452244536,high
,,VAR_000603,0,0.0635774677429604,,0.4381502900787569,0,KANSER_UNIQUE,KANSER,correct,0.3745728223357965,high
,,VAR_001272,1,0.7928150432898964,,0.4381502900787569,1,KANSER_UNIQUE,KANSER,correct,0.3546647532111395,high
,,VAR_003602,0,0.0572280025877676,,0.4381502900787569,0,KANSER_UNIQUE,KANSER,correct,0.3809222874909893,high
,,VAR_004697,0,0.588791741034379,,0.4381502900787569,1,KANSER_UNIQUE,KANSER,false_positive,0.15064145095562215,moderate
,,VAR_004446,0,0.0733174181444943,,0.4381502900787569,0,KANSER_UNIQUE,KANSER,correct,0.3648328719342626,high
,,VAR_003656,0,0.894256411959465,,0.4381502900787569,1,KANSER_UNIQUE,KANSER,false_positive,0.45610612188070815,high
,,VAR_003566,0,0.0775540029221954,,0.4381502900787569,0,KANSER_UNIQUE,KANSER,correct,0.3605962871565615,high
,,VAR_000980,1,0.9357301628619864,,0.4381502900787569,1,KANSER_UNIQUE,KANSER,correct,0.4975798727832295,high
,,VAR_003630,0,0.0283621717993631,,0.4381502900787569,0,KANSER_UNIQUE,KANSER,correct,0.40978811827939376,high
,,VAR_001249,0,0.3058701442440901,,0.4381502900787569,0,KANSER_UNIQUE,KANSER,correct,0.1322801458346668,moderate
,,VAR_002394,1,0.4440336973748898,,0.4381502900787569,1,KANSER_UNIQUE,KANSER,correct,0.005883407296132903,borderline
,,VAR_000893,0,0.0457818620771288,,0.4381502900787569,0,KANSER_UNIQUE,KANSER,correct,0.3923684280016281,high
,,VAR_004652,0,0.127133024330712,,0.4381502900787569,0,KANSER_UNIQUE,KANSER,correct,0.3110172657480449,high
,,VAR_004650,0,0.3763218541249649,,0.4381502900787569,0,KANSER_UNIQUE,KANSER,correct,0.061828435953792005,moderate
,,VAR_004132,0,0.0102140389990526,,0.4381502900787569,0,KANSER_UNIQUE,KANSER,correct,0.4279362510797043,high
,,VAR_004659,0,0.6518362022694943,,0.4381502900787569,1,KANSER_UNIQUE,KANSER,false_positive,0.21368591219073746,high
,,VAR_003667,1,0.6887293280755219,,0.4381502900787569,1,KANSER_UNIQUE,KANSER,correct,0.250579037996765,high
,,VAR_000897,0,0.1734921735544203,,0.4381502900787569,0,KANSER_UNIQUE,KANSER,correct,0.2646581165243366,high
,,VAR_003648,0,0.1054541729425183,,0.4381502900787569,0,KANSER_UNIQUE,KANSER,correct,0.3326961171362386,high
,,VAR_004444,0,0.1822022068912937,,0.4381502900787569,0,KANSER_UNIQUE,KANSER,correct,0.2559480831874632,high
,,VAR_000591,1,0.9895316281113696,,0.4381502900787569,1,KANSER_UNIQUE,KANSER,correct,0.5513813380326127,high
,,VAR_004678,0,0.599647619329929,,0.4381502900787569,1,KANSER_UNIQUE,KANSER,false_positive,0.16149732925117216,moderate
,,VAR_003604,0,0.1077241862826065,,0.4381502900787569,0,KANSER_UNIQUE,KANSER,correct,0.3304261037961504,high
,,VAR_002962,0,0.0461346083041167,,0.4381502900787569,0,PAH_UNIQUE,PAH,correct,0.3920156817746402,high
,,VAR_003238,1,0.2872938346599067,,0.4381502900787569,0,PAH_UNIQUE,PAH,false_negative,0.15085645541885018,moderate
,,VAR_002883,1,0.4560734615564207,,0.4381502900787569,1,PAH_UNIQUE,PAH,correct,0.017923171477663813,borderline
,,VAR_003008,0,0.5489568219250617,,0.4381502900787569,1,PAH_UNIQUE,PAH,false_positive,0.11080653184630479,moderate
,,VAR_003054,0,0.6444116923035881,,0.4381502900787569,1,PAH_UNIQUE,PAH,false_positive,0.2062614022248312,high
,,VAR_002675,1,0.9336293085512612,,0.4381502900787569,1,PAH_UNIQUE,PAH,correct,0.49547901847250436,high
,,VAR_002650,1,0.9649556428786266,,0.4381502900787569,1,PAH_UNIQUE,PAH,correct,0.5268053527998697,high
,,VAR_002692,1,0.8624005765954685,,0.4381502900787569,1,PAH_UNIQUE,PAH,correct,0.42425028651671165,high
,,VAR_002729,0,0.8229737632193194,,0.4381502900787569,1,PAH_UNIQUE,PAH,false_positive,0.3848234731405625,high
,,VAR_002970,1,0.9434786381566668,,0.4381502900787569,1,PAH_UNIQUE,PAH,correct,0.5053283480779098,high
,,VAR_003120,1,0.1510480362076192,,0.4381502900787569,0,PAH_UNIQUE,PAH,false_negative,0.2871022538711377,high
,,VAR_002679,1,0.8487753054703506,,0.4381502900787569,1,PAH_UNIQUE,PAH,correct,0.41062501539159374,high
,,VAR_002707,1,0.9372892152440484,,0.4381502900787569,1,PAH_UNIQUE,PAH,correct,0.4991389251652915,high
,,VAR_002833,1,0.6623534971644017,,0.4381502900787569,1,PAH_UNIQUE,PAH,correct,0.22420320708564484,high
,,VAR_003130,0,0.0657183775831638,,0.4381502900787569,0,PAH_UNIQUE,PAH,correct,0.3724319124955931,high
,,VAR_002853,1,0.9600051108032336,,0.4381502900787569,1,PAH_UNIQUE,PAH,correct,0.5218548207244766,high
,,VAR_003216,0,0.2305746376040934,,0.4381502900787569,0,PAH_UNIQUE,PAH,correct,0.20757565247466347,high
,,VAR_002559,1,0.7526597546009242,,0.4381502900787569,1,PAH_UNIQUE,PAH,correct,0.31450946452216727,high
,,VAR_003035,1,0.606160643092051,,0.4381502900787569,1,PAH_UNIQUE,PAH,correct,0.1680103530132941,moderate
,,VAR_002552,0,0.2148940492053973,,0.4381502900787569,0,PAH_UNIQUE,PAH,correct,0.2232562408733596,high
,,VAR_002705,1,0.9488601238102176,,0.4381502900787569,1,PAH_UNIQUE,PAH,correct,0.5107098337314606,high
,,VAR_002747,1,0.9104472095581572,,0.4381502900787569,1,PAH_UNIQUE,PAH,correct,0.4722969194794003,high
,,VAR_002860,0,0.7606891515930571,,0.4381502900787569,1,PAH_UNIQUE,PAH,false_positive,0.32253886151430017,high
,,VAR_002584,1,0.8486814323241849,,0.4381502900787569,1,PAH_UNIQUE,PAH,correct,0.410531142245428,high
,,VAR_002609,1,0.4670516799027873,,0.4381502900787569,1,PAH_UNIQUE,PAH,correct,0.0289013898240304,borderline
,,VAR_003012,1,0.8833062334919812,,0.4381502900787569,1,PAH_UNIQUE,PAH,correct,0.44515594341322434,high
,,VAR_002995,0,0.6146344034253767,,0.4381502900787569,1,PAH_UNIQUE,PAH,false_positive,0.1764841133466198,moderate
,,VAR_003234,0,0.2872938346599067,,0.4381502900787569,0,PAH_UNIQUE,PAH,correct,0.15085645541885018,moderate
,,VAR_002715,1,0.8857818472648299,,0.4381502900787569,1,PAH_UNIQUE,PAH,correct,0.447631557186073,high
,,VAR_002647,0,0.7042095075962052,,0.4381502900787569,1,PAH_UNIQUE,PAH,false_positive,0.26605921751744827,high
,,VAR_002809,1,0.6642908887124382,,0.4381502900787569,1,PAH_UNIQUE,PAH,correct,0.22614059863368136,high
,,VAR_002826,1,0.4614487818895075,,0.4381502900787569,1,PAH_UNIQUE,PAH,correct,0.02329849181075061,borderline
,,VAR_002975,0,0.3973720167038033,,0.4381502900787569,0,PAH_UNIQUE,PAH,correct,0.0407782733749536,borderline
,,VAR_003217,0,0.0198375430393961,,0.4381502900787569,0,PAH_UNIQUE,PAH,correct,0.4183127470393608,high
,,VAR_002754,0,0.0458205992870905,,0.4381502900787569,0,PAH_UNIQUE,PAH,correct,0.3923296907916664,high
,,VAR_003061,0,0.4378451345011428,,0.4381502900787569,0,PAH_UNIQUE,PAH,correct,0.0003051555776140691,borderline
,,VAR_002797,1,0.7871218614684778,,0.4381502900787569,1,PAH_UNIQUE,PAH,correct,0.34897157138972096,high
,,VAR_002560,1,0.9689123217709008,,0.4381502900787569,1,PAH_UNIQUE,PAH,correct,0.530762031692144,high
,,VAR_002761,1,0.4625941227107446,,0.4381502900787569,1,PAH_UNIQUE,PAH,correct,0.02444383263198774,borderline
,,VAR_002550,1,0.96775690651186,,0.4381502900787569,1,PAH_UNIQUE,PAH,correct,0.529606616433103,high
,,VAR_003103,0,0.1033600082027503,,0.4381502900787569,0,PAH_UNIQUE,PAH,correct,0.33479028187600657,high
,,VAR_002913,1,0.7662021408424575,,0.4381502900787569,1,PAH_UNIQUE,PAH,correct,0.32805185076370064,high
,,VAR_003018,0,0.0514880552466206,,0.4381502900787569,0,PAH_UNIQUE,PAH,correct,0.3866622348321363,high
,,VAR_002613,0,0.0334009718266328,,0.4381502900787569,0,PAH_UNIQUE,PAH,correct,0.40474931825212407,high
,,VAR_002659,1,0.7446973028494452,,0.4381502900787569,1,PAH_UNIQUE,PAH,correct,0.30654701277068835,high
,,VAR_002794,1,0.7441578973761204,,0.4381502900787569,1,PAH_UNIQUE,PAH,correct,0.3060076072973635,high
,,VAR_003187,1,0.5722049355105872,,0.4381502900787569,1,PAH_UNIQUE,PAH,correct,0.13405464543183027,moderate
,,VAR_002768,1,0.8007365492013907,,0.4381502900787569,1,PAH_UNIQUE,PAH,correct,0.3625862591226338,high
,,VAR_003225,0,0.2872938346599067,,0.4381502900787569,0,PAH_UNIQUE,PAH,correct,0.15085645541885018,moderate
,,VAR_003133,0,0.2805886983274683,,0.4381502900787569,0,PAH_UNIQUE,PAH,correct,0.1575615917512886,moderate
,,VAR_002796,1,0.2213169043631319,,0.4381502900787569,0,PAH_UNIQUE,PAH,false_negative,0.216833385715625,high
,,VAR_002652,0,0.0103061448662626,,0.4381502900787569,0,PAH_UNIQUE,PAH,correct,0.4278441452124943,high
,,VAR_002776,0,0.7316277428302499,,0.4381502900787569,1,PAH_UNIQUE,PAH,false_positive,0.293477452751493,high
,,VAR_003080,1,0.2825466011740968,,0.4381502900787569,0,PAH_UNIQUE,PAH,false_negative,0.1556036889046601,moderate
,,VAR_002709,1,0.6554123064122844,,0.4381502900787569,1,PAH_UNIQUE,PAH,correct,0.21726201633352754,high
,,VAR_003057,0,0.7336704375532666,,0.4381502900787569,1,PAH_UNIQUE,PAH,false_positive,0.29552014747450966,high
,,VAR_002693,0,0.5369216028724157,,0.4381502900787569,1,PAH_UNIQUE,PAH,false_positive,0.09877131279365886,moderate
,,VAR_003100,0,0.0343622977623817,,0.4381502900787569,0,PAH_UNIQUE,PAH,correct,0.4037879923163752,high
,,VAR_003188,1,0.4890253428641756,,0.4381502900787569,1,PAH_UNIQUE,PAH,correct,0.050875052785418706,moderate
,,VAR_002924,1,0.8685951162624937,,0.4381502900787569,1,PAH_UNIQUE,PAH,correct,0.43044482618373686,high
,,VAR_003000,1,0.7038007442484621,,0.4381502900787569,1,PAH_UNIQUE,PAH,correct,0.2656504541697052,high
,,VAR_003090,1,0.9269295552397048,,0.4381502900787569,1,PAH_UNIQUE,PAH,correct,0.4887792651609479,high
,,VAR_003037,1,0.8916389856142807,,0.4381502900787569,1,PAH_UNIQUE,PAH,correct,0.4534886955355238,high
,,VAR_002670,1,0.9004254098306698,,0.4381502900787569,1,PAH_UNIQUE,PAH,correct,0.4622751197519129,high
,,VAR_002741,0,0.7917092154825021,,0.4381502900787569,1,PAH_UNIQUE,PAH,false_positive,0.3535589254037452,high
,,VAR_003214,0,0.0069758131668558,,0.4381502900787569,0,PAH_UNIQUE,PAH,correct,0.4311744769119011,high
,,VAR_002857,0,0.9520296546218672,,0.4381502900787569,1,PAH_UNIQUE,PAH,false_positive,0.5138793645431103,high
,,VAR_002900,1,0.3485305825958157,,0.4381502900787569,0,PAH_UNIQUE,PAH,false_negative,0.08961970748294118,moderate
,,VAR_003023,0,0.3340731588447693,,0.4381502900787569,0,PAH_UNIQUE,PAH,correct,0.1040771312339876,moderate
,,VAR_003072,0,0.6849979988496945,,0.4381502900787569,1,PAH_UNIQUE,PAH,false_positive,0.2468477087709376,high
,,VAR_002656,1,0.293665084619341,,0.4381502900787569,0,PAH_UNIQUE,PAH,false_negative,0.1444852054594159,moderate
,,VAR_003223,0,0.5851672720460832,,0.4381502900787569,1,PAH_UNIQUE,PAH,false_positive,0.14701698196732632,moderate
,,VAR_002688,1,0.8671910386443447,,0.4381502900787569,1,PAH_UNIQUE,PAH,correct,0.42904074856558777,high
,,VAR_003149,1,0.973092712945604,,0.4381502900787569,1,PAH_UNIQUE,PAH,correct,0.5349424228668471,high
,,VAR_002548,0,0.5706029266740282,,0.4381502900787569,1,PAH_UNIQUE,PAH,false_positive,0.13245263659527134,moderate
,,VAR_002722,1,0.244277456808264,,0.4381502900787569,0,PAH_UNIQUE,PAH,false_negative,0.1938728332704929,moderate
,,VAR_002660,1,0.5819154671689908,,0.4381502900787569,1,PAH_UNIQUE,PAH,correct,0.1437651770902339,moderate
,,VAR_002687,1,0.749088782290548,,0.4381502900787569,1,PAH_UNIQUE,PAH,correct,0.3109384922117911,high
,,VAR_002876,1,0.6594066230419814,,0.4381502900787569,1,PAH_UNIQUE,PAH,correct,0.2212563329632245,high
,,VAR_002790,1,0.8934010078504052,,0.4381502900787569,1,PAH_UNIQUE,PAH,correct,0.45525071777164833,high
,,VAR_002933,0,0.7196882915974615,,0.4381502900787569,1,PAH_UNIQUE,PAH,false_positive,0.2815380015187046,high
,,VAR_002965,1,0.9486906824199516,,0.4381502900787569,1,PAH_UNIQUE,PAH,correct,0.5105403923411946,high
,,VAR_003029,0,0.3628450283236104,,0.4381502900787569,0,PAH_UNIQUE,PAH,correct,0.07530526175514651,moderate
,,VAR_002575,1,0.684048959796609,,0.4381502900787569,1,PAH_UNIQUE,PAH,correct,0.24589866971785207,high
,,VAR_002932,1,0.6212654177438098,,0.4381502900787569,1,PAH_UNIQUE,PAH,correct,0.18311512766505295,moderate
,,VAR_003031,1,0.7803770813133505,,0.4381502900787569,1,PAH_UNIQUE,PAH,correct,0.3422267912345936,high
,,VAR_002702,1,0.7543939864237466,,0.4381502900787569,1,PAH_UNIQUE,PAH,correct,0.31624369634498967,high
,,VAR_002905,1,0.6757479395898492,,0.4381502900787569,1,PAH_UNIQUE,PAH,correct,0.23759764951109236,high
,,VAR_002837,0,0.0226352513980208,,0.4381502900787569,0,PAH_UNIQUE,PAH,correct,0.4155150386807361,high
,,VAR_002583,1,0.6534326130782564,,0.4381502900787569,1,PAH_UNIQUE,PAH,correct,0.2152823229994995,high
,,VAR_003202,0,0.3858469586298609,,0.4381502900787569,0,PAH_UNIQUE,PAH,correct,0.052303331448895984,moderate
,,VAR_003156,0,0.0596795511098079,,0.4381502900787569,0,PAH_UNIQUE,PAH,correct,0.378470738968949,high
,,VAR_002642,1,0.950404806688504,,0.4381502900787569,1,PAH_UNIQUE,PAH,correct,0.5122545166097472,high
,,VAR_002700,0,0.0859179134066312,,0.4381502900787569,0,PAH_UNIQUE,PAH,correct,0.3522323766721257,high
,,VAR_002907,1,0.924665401828061,,0.4381502900787569,1,PAH_UNIQUE,PAH,correct,0.4865151117493041,high
,,VAR_003137,1,0.7869069723398523,,0.4381502900787569,1,PAH_UNIQUE,PAH,correct,0.3487566822610954,high
,,VAR_002782,1,0.2915387811326029,,0.4381502900787569,0,PAH_UNIQUE,PAH,false_negative,0.146611508946154,moderate
,,VAR_002978,0,0.7972694173186031,,0.4381502900787569,1,PAH_UNIQUE,PAH,false_positive,0.35911912723984624,high
,,VAR_003109,0,0.0396723524030096,,0.4381502900787569,0,PAH_UNIQUE,PAH,correct,0.3984779376757473,high
,,VAR_002799,1,0.7144594122011736,,0.4381502900787569,1,PAH_UNIQUE,PAH,correct,0.2763091221224167,high
,,VAR_002554,0,0.6037909365532138,,0.4381502900787569,1,PAH_UNIQUE,PAH,false_positive,0.16564064647445692,moderate
,,VAR_002654,0,0.3334847124932559,,0.4381502900787569,0,PAH_UNIQUE,PAH,correct,0.10466557758550099,moderate
,,VAR_003138,1,0.9096963535888644,,0.4381502900787569,1,PAH_UNIQUE,PAH,correct,0.47154606351010747,high
,,VAR_002751,1,0.6977978644086258,,0.4381502900787569,1,PAH_UNIQUE,PAH,correct,0.2596475743298689,high
,,VAR_003077,0,0.0129955806580177,,0.4381502900787569,0,PAH_UNIQUE,PAH,correct,0.4251547094207392,high
,,VAR_002606,1,0.3109516081067122,,0.4381502900787569,0,PAH_UNIQUE,PAH,false_negative,0.1271986819720447,moderate
,,VAR_002781,0,0.2383448153545655,,0.4381502900787569,0,PAH_UNIQUE,PAH,correct,0.19980547472419138,moderate
,,VAR_002792,1,0.8959667283315363,,0.4381502900787569,1,PAH_UNIQUE,PAH,correct,0.45781643825277946,high
,,VAR_002697,0,0.042080517951277,,0.4381502900787569,0,PAH_UNIQUE,PAH,correct,0.3960697721274799,high
,,VAR_002787,1,0.4787483314357287,,0.4381502900787569,1,PAH_UNIQUE,PAH,correct,0.040598041356971815,borderline
,,VAR_003176,0,0.1980088917885788,,0.4381502900787569,0,PAH_UNIQUE,PAH,correct,0.24014139829017808,high
,,VAR_002589,1,0.9678158650290538,,0.4381502900787569,1,PAH_UNIQUE,PAH,correct,0.529665574950297,high
,,VAR_002723,0,0.0221099751833281,,0.4381502900787569,0,PAH_UNIQUE,PAH,correct,0.4160403148954288,high
,,VAR_003004,1,0.4389749950575383,,0.4381502900787569,1,PAH_UNIQUE,PAH,correct,0.0008247049787813987,borderline
,,VAR_002966,0,0.8523926642426615,,0.4381502900787569,1,PAH_UNIQUE,PAH,false_positive,0.4142423741639046,high
,,VAR_002676,1,0.927561824809472,,0.4381502900787569,1,PAH_UNIQUE,PAH,correct,0.48941153473071514,high
,,VAR_003060,0,0.0463862971137283,,0.4381502900787569,0,PAH_UNIQUE,PAH,correct,0.3917639929650286,high
,,VAR_001953,1,0.683906942884864,,0.4381502900787569,1,CFTR_UNIQUE,CFTR,correct,0.2457566528061071,high
,,VAR_001833,0,0.0990876668901072,,0.4381502900787569,0,CFTR_UNIQUE,CFTR,correct,0.33906262318864966,high
,,VAR_001882,1,0.8221514396720455,,0.4381502900787569,1,CFTR_UNIQUE,CFTR,correct,0.3840011495932886,high
,,VAR_001795,1,0.7911228437739042,,0.4381502900787569,1,CFTR_UNIQUE,CFTR,correct,0.3529725536951473,high
,,VAR_001916,1,0.993605512711623,,0.4381502900787569,1,CFTR_UNIQUE,CFTR,correct,0.5554552226328662,high
,,VAR_001771,1,0.7017363166727981,,0.4381502900787569,1,CFTR_UNIQUE,CFTR,correct,0.26358602659404123,high
,,VAR_001846,0,0.0481628206107732,,0.4381502900787569,0,CFTR_UNIQUE,CFTR,correct,0.3899874694679837,high
,,VAR_001790,1,0.9475557669970532,,0.4381502900787569,1,CFTR_UNIQUE,CFTR,correct,0.5094054769182963,high
,,VAR_001893,1,0.4681210528818791,,0.4381502900787569,1,CFTR_UNIQUE,CFTR,correct,0.02997076280312222,borderline
,,VAR_001847,1,0.8918296521258489,,0.4381502900787569,1,CFTR_UNIQUE,CFTR,correct,0.45367936204709197,high
,,VAR_001930,0,0.2349624096877086,,0.4381502900787569,0,CFTR_UNIQUE,CFTR,correct,0.2031878803910483,high
,,VAR_001951,1,0.8147717349706574,,0.4381502900787569,1,CFTR_UNIQUE,CFTR,correct,0.37662144489190047,high
,,VAR_001838,1,0.9958455816251216,,0.4381502900787569,1,CFTR_UNIQUE,CFTR,correct,0.5576952915463647,high
,,VAR_001901,0,0.020376417700368,,0.4381502900787569,0,CFTR_UNIQUE,CFTR,correct,0.41777387237838887,high
,,VAR_001848,0,0.1544325580158617,,0.4381502900787569,0,CFTR_UNIQUE,CFTR,correct,0.2837177320628952,high
,,VAR_001782,1,0.7738638586214617,,0.4381502900787569,1,CFTR_UNIQUE,CFTR,correct,0.3357135685427048,high
,,VAR_001879,1,0.4605759383995415,,0.4381502900787569,1,CFTR_UNIQUE,CFTR,correct,0.022425648320784586,borderline
,,VAR_001886,1,0.782962372241039,,0.4381502900787569,1,CFTR_UNIQUE,CFTR,correct,0.34481208216228215,high
,,VAR_001815,1,0.4185717859398365,,0.4381502900787569,0,CFTR_UNIQUE,CFTR,false_negative,0.019578504138920372,borderline
,,VAR_001785,0,0.1512663740830778,,0.4381502900787569,0,CFTR_UNIQUE,CFTR,correct,0.2868839159956791,high
,,VAR_001964,0,0.0852663169053306,,0.4381502900787569,0,CFTR_UNIQUE,CFTR,correct,0.3528839731734263,high
,,VAR_001913,0,0.0283272178330706,,0.4381502900787569,0,CFTR_UNIQUE,CFTR,correct,0.40982307224568626,high
,,VAR_001804,0,0.0504255751683046,,0.4381502900787569,0,CFTR_UNIQUE,CFTR,correct,0.3877247149104523,high
,,VAR_001850,0,0.0833870125815415,,0.4381502900787569,0,CFTR_UNIQUE,CFTR,correct,0.35476327749721537,high
,,VAR_001823,0,0.1571805877463969,,0.4381502900787569,0,CFTR_UNIQUE,CFTR,correct,0.28096970233235996,high
,,VAR_001819,1,0.9051022065629264,,0.4381502900787569,1,CFTR_UNIQUE,CFTR,correct,0.4669519164841695,high
,,VAR_001806,0,0.2946430124862498,,0.4381502900787569,0,CFTR_UNIQUE,CFTR,correct,0.1435072775925071,moderate
,,VAR_001885,0,0.0299222252311416,,0.4381502900787569,0,CFTR_UNIQUE,CFTR,correct,0.4082280648476153,high
,,VAR_001772,0,0.033768319299016,,0.4381502900787569,0,CFTR_UNIQUE,CFTR,correct,0.4043819707797409,high
,,VAR_001858,1,0.2401533822257068,,0.4381502900787569,0,CFTR_UNIQUE,CFTR,false_negative,0.19799690785305007,moderate
,,VAR_001977,0,0.5543638260804635,,0.4381502900787569,1,CFTR_UNIQUE,CFTR,false_positive,0.11621353600170664,moderate
,,VAR_001945,1,0.8910494174654853,,0.4381502900787569,1,CFTR_UNIQUE,CFTR,correct,0.4528991273867284,high
,,VAR_001934,0,0.703538183165773,,0.4381502900787569,1,CFTR_UNIQUE,CFTR,false_positive,0.2653878930870161,high
,,VAR_001956,0,0.0140554655543635,,0.4381502900787569,0,CFTR_UNIQUE,CFTR,correct,0.4240948245243934,high
