path,extension,bytes,classification,reason
.codex_backups/final_test_legacy_eval_20260623_015807/artifacts/metrics/experiments/experiment_001_initial/all_evaluation_metrics.csv,.csv,9901,SAFE_DELETE_CANDIDATE,cache or local restoration backup; never delete before confirmation
.codex_backups/final_test_legacy_eval_20260623_015807/artifacts/metrics/experiments/experiment_001_initial/config.json,.json,174,SAFE_DELETE_CANDIDATE,cache or local restoration backup; never delete before confirmation
.codex_backups/final_test_legacy_eval_20260623_015807/artifacts/metrics/experiments/experiment_001_initial/diagnosis.md,.md,212,SAFE_DELETE_CANDIDATE,cache or local restoration backup; never delete before confirmation
.codex_backups/final_test_legacy_eval_20260623_015807/artifacts/metrics/experiments/experiment_001_initial/error_analysis.csv,.csv,4952,SAFE_DELETE_CANDIDATE,cache or local restoration backup; never delete before confirmation
.codex_backups/final_test_legacy_eval_20260623_015807/artifacts/metrics/experiments/experiment_001_initial/feature_importance.csv,.csv,10363,SAFE_DELETE_CANDIDATE,cache or local restoration backup; never delete before confirmation
.codex_backups/final_test_legacy_eval_20260623_015807/artifacts/metrics/experiments/experiment_001_initial/main_model_cv_results.csv,.csv,3750,SAFE_DELETE_CANDIDATE,cache or local restoration backup; never delete before confirmation
.codex_backups/final_test_legacy_eval_20260623_015807/artifacts/metrics/experiments/experiment_001_initial/metrics.csv,.csv,2439,SAFE_DELETE_CANDIDATE,cache or local restoration backup; never delete before confirmation
.codex_backups/final_test_legacy_eval_20260623_015807/artifacts/metrics/experiments/experiment_001_initial/panel_generalization_results.csv,.csv,147,SAFE_DELETE_CANDIDATE,cache or local restoration backup; never delete before confirmation
.codex_backups/final_test_legacy_eval_20260623_015807/artifacts/metrics/experiments/experiment_001_initial/threshold_results.csv,.csv,170,SAFE_DELETE_CANDIDATE,cache or local restoration backup; never delete before confirmation
.codex_backups/final_test_legacy_eval_20260623_015807/artifacts/metrics/experiments/experiment_002_f1_threshold/config.json,.json,188,SAFE_DELETE_CANDIDATE,cache or local restoration backup; never delete before confirmation
.codex_backups/final_test_legacy_eval_20260623_015807/artifacts/metrics/experiments/experiment_002_f1_threshold/diagnosis.md,.md,205,SAFE_DELETE_CANDIDATE,cache or local restoration backup; never delete before confirmation
.codex_backups/final_test_legacy_eval_20260623_015807/artifacts/metrics/experiments/experiment_002_f1_threshold/metrics.csv,.csv,2439,SAFE_DELETE_CANDIDATE,cache or local restoration backup; never delete before confirmation
.codex_backups/final_test_legacy_eval_20260623_015807/artifacts/metrics/experiments/experiment_003_youden_threshold/config.json,.json,189,SAFE_DELETE_CANDIDATE,cache or local restoration backup; never delete before confirmation
.codex_backups/final_test_legacy_eval_20260623_015807/artifacts/metrics/experiments/experiment_003_youden_threshold/diagnosis.md,.md,186,SAFE_DELETE_CANDIDATE,cache or local restoration backup; never delete before confirmation
.codex_backups/final_test_legacy_eval_20260623_015807/artifacts/metrics/experiments/experiment_003_youden_threshold/metrics.csv,.csv,2439,SAFE_DELETE_CANDIDATE,cache or local restoration backup; never delete before confirmation
.codex_backups/final_test_legacy_eval_20260623_015807/artifacts/metrics/experiments/experiment_004_extra_trees/config.json,.json,189,SAFE_DELETE_CANDIDATE,cache or local restoration backup; never delete before confirmation
.codex_backups/final_test_legacy_eval_20260623_015807/artifacts/metrics/experiments/experiment_004_extra_trees/diagnosis.md,.md,148,SAFE_DELETE_CANDIDATE,cache or local restoration backup; never delete before confirmation
.codex_backups/final_test_legacy_eval_20260623_015807/artifacts/metrics/experiments/experiment_004_extra_trees/metrics.csv,.csv,1145,SAFE_DELETE_CANDIDATE,cache or local restoration backup; never delete before confirmation
.codex_backups/final_test_legacy_eval_20260623_015807/artifacts/metrics/experiments/experiment_005_catboost/config.json,.json,189,SAFE_DELETE_CANDIDATE,cache or local restoration backup; never delete before confirmation
.codex_backups/final_test_legacy_eval_20260623_015807/artifacts/metrics/experiments/experiment_005_catboost/diagnosis.md,.md,142,SAFE_DELETE_CANDIDATE,cache or local restoration backup; never delete before confirmation
.codex_backups/final_test_legacy_eval_20260623_015807/artifacts/metrics/experiments/experiment_005_catboost/metrics.csv,.csv,1136,SAFE_DELETE_CANDIDATE,cache or local restoration backup; never delete before confirmation
.codex_backups/final_test_legacy_eval_20260623_015807/artifacts/metrics/experiments/experiment_006_ensemble_stack/config.json,.json,189,SAFE_DELETE_CANDIDATE,cache or local restoration backup; never delete before confirmation
.codex_backups/final_test_legacy_eval_20260623_015807/artifacts/metrics/experiments/experiment_006_ensemble_stack/diagnosis.md,.md,165,SAFE_DELETE_CANDIDATE,cache or local restoration backup; never delete before confirmation
.codex_backups/final_test_legacy_eval_20260623_015807/artifacts/metrics/experiments/experiment_006_ensemble_stack/metrics.csv,.csv,1153,SAFE_DELETE_CANDIDATE,cache or local restoration backup; never delete before confirmation
.codex_backups/final_test_legacy_eval_20260623_015807/artifacts/metrics/experiments/experiment_007_lr_ek_only/config.json,.json,188,SAFE_DELETE_CANDIDATE,cache or local restoration backup; never delete before confirmation
.codex_backups/final_test_legacy_eval_20260623_015807/artifacts/metrics/experiments/experiment_007_lr_ek_only/diagnosis.md,.md,172,SAFE_DELETE_CANDIDATE,cache or local restoration backup; never delete before confirmation
.codex_backups/final_test_legacy_eval_20260623_015807/artifacts/metrics/experiments/experiment_007_lr_ek_only/metrics.csv,.csv,2222,SAFE_DELETE_CANDIDATE,cache or local restoration backup; never delete before confirmation
.codex_backups/final_test_legacy_eval_20260623_015807/artifacts/metrics/experiments/experiment_008_ek_only_features/config.json,.json,177,SAFE_DELETE_CANDIDATE,cache or local restoration backup; never delete before confirmation
.codex_backups/final_test_legacy_eval_20260623_015807/artifacts/metrics/experiments/experiment_008_ek_only_features/diagnosis.md,.md,160,SAFE_DELETE_CANDIDATE,cache or local restoration backup; never delete before confirmation
.codex_backups/final_test_legacy_eval_20260623_015807/artifacts/metrics/experiments/experiment_008_ek_only_features/metrics.csv,.csv,427,SAFE_DELETE_CANDIDATE,cache or local restoration backup; never delete before confirmation
.codex_backups/final_test_legacy_eval_20260623_015807/artifacts/metrics/experiments/experiment_009_al_only_features/config.json,.json,177,SAFE_DELETE_CANDIDATE,cache or local restoration backup; never delete before confirmation
.codex_backups/final_test_legacy_eval_20260623_015807/artifacts/metrics/experiments/experiment_009_al_only_features/diagnosis.md,.md,160,SAFE_DELETE_CANDIDATE,cache or local restoration backup; never delete before confirmation
.codex_backups/final_test_legacy_eval_20260623_015807/artifacts/metrics/experiments/experiment_009_al_only_features/metrics.csv,.csv,427,SAFE_DELETE_CANDIDATE,cache or local restoration backup; never delete before confirmation
.codex_backups/final_test_legacy_eval_20260623_015807/artifacts/metrics/experiments/experiment_010_engineered_only/config.json,.json,177,SAFE_DELETE_CANDIDATE,cache or local restoration backup; never delete before confirmation
.codex_backups/final_test_legacy_eval_20260623_015807/artifacts/metrics/experiments/experiment_010_engineered_only/diagnosis.md,.md,175,SAFE_DELETE_CANDIDATE,cache or local restoration backup; never delete before confirmation
.codex_backups/final_test_legacy_eval_20260623_015807/artifacts/metrics/experiments/experiment_010_engineered_only/metrics.csv,.csv,441,SAFE_DELETE_CANDIDATE,cache or local restoration backup; never delete before confirmation
.codex_backups/final_test_legacy_eval_20260623_015807/artifacts/metrics/experiments/lightgbm_balanced_regularized/config.json,.json,327,SAFE_DELETE_CANDIDATE,cache or local restoration backup; never delete before confirmation
.codex_backups/final_test_legacy_eval_20260623_015807/artifacts/metrics/experiments/lightgbm_balanced_regularized/metrics.csv,.csv,782,SAFE_DELETE_CANDIDATE,cache or local restoration backup; never delete before confirmation
.codex_backups/final_test_legacy_eval_20260623_015807/artifacts/metrics/experiments/lightgbm_conservative_regularized/config.json,.json,327,SAFE_DELETE_CANDIDATE,cache or local restoration backup; never delete before confirmation
.codex_backups/final_test_legacy_eval_20260623_015807/artifacts/metrics/experiments/lightgbm_conservative_regularized/metrics.csv,.csv,806,SAFE_DELETE_CANDIDATE,cache or local restoration backup; never delete before confirmation
.codex_backups/final_test_legacy_eval_20260623_015807/artifacts/metrics/experiments/lightgbm_current_best/config.json,.json,291,SAFE_DELETE_CANDIDATE,cache or local restoration backup; never delete before confirmation
.codex_backups/final_test_legacy_eval_20260623_015807/artifacts/metrics/experiments/lightgbm_current_best/metrics.csv,.csv,736,SAFE_DELETE_CANDIDATE,cache or local restoration backup; never delete before confirmation
.codex_backups/final_test_legacy_eval_20260623_015807/artifacts/metrics/experiments/lightgbm_high_capacity_controlled/config.json,.json,330,SAFE_DELETE_CANDIDATE,cache or local restoration backup; never delete before confirmation
.codex_backups/final_test_legacy_eval_20260623_015807/artifacts/metrics/experiments/lightgbm_high_capacity_controlled/metrics.csv,.csv,793,SAFE_DELETE_CANDIDATE,cache or local restoration backup; never delete before confirmation
.codex_backups/final_test_legacy_eval_20260623_015807/artifacts/metrics/feature_list.json,.json,5696,SAFE_DELETE_CANDIDATE,cache or local restoration backup; never delete before confirmation
.codex_backups/final_test_legacy_eval_20260623_015807/artifacts/metrics/final_config.json,.json,712,SAFE_DELETE_CANDIDATE,cache or local restoration backup; never delete before confirmation
.codex_backups/final_test_legacy_eval_20260623_015807/artifacts/metrics/final_feature_list.json,.json,5696,SAFE_DELETE_CANDIDATE,cache or local restoration backup; never delete before confirmation
.codex_backups/final_test_legacy_eval_20260623_015807/artifacts/metrics/final_metrics.json,.json,1465,SAFE_DELETE_CANDIDATE,cache or local restoration backup; never delete before confirmation
.codex_backups/final_test_legacy_eval_20260623_015807/artifacts/metrics/final_model_decision.json,.json,7382,SAFE_DELETE_CANDIDATE,cache or local restoration backup; never delete before confirmation
.codex_backups/final_test_legacy_eval_20260623_015807/artifacts/metrics/final_threshold.json,.json,250,SAFE_DELETE_CANDIDATE,cache or local restoration backup; never delete before confirmation
.codex_backups/final_test_legacy_eval_20260623_015807/artifacts/metrics/optuna_medical_best_params.json,.json,2766,SAFE_DELETE_CANDIDATE,cache or local restoration backup; never delete before confirmation
.codex_backups/final_test_legacy_eval_20260623_015807/artifacts/models/experiments/experiment_001_initial/README.md,.md,153,SAFE_DELETE_CANDIDATE,cache or local restoration backup; never delete before confirmation
.codex_backups/final_test_legacy_eval_20260623_015807/artifacts/models/experiments/experiment_002_f1_threshold/README.md,.md,153,SAFE_DELETE_CANDIDATE,cache or local restoration backup; never delete before confirmation
.codex_backups/final_test_legacy_eval_20260623_015807/artifacts/models/experiments/experiment_003_youden_threshold/README.md,.md,153,SAFE_DELETE_CANDIDATE,cache or local restoration backup; never delete before confirmation
.codex_backups/final_test_legacy_eval_20260623_015807/artifacts/models/experiments/experiment_004_extra_trees/README.md,.md,153,SAFE_DELETE_CANDIDATE,cache or local restoration backup; never delete before confirmation
.codex_backups/final_test_legacy_eval_20260623_015807/artifacts/models/experiments/experiment_005_catboost/README.md,.md,153,SAFE_DELETE_CANDIDATE,cache or local restoration backup; never delete before confirmation
.codex_backups/final_test_legacy_eval_20260623_015807/artifacts/models/experiments/experiment_006_ensemble_stack/README.md,.md,153,SAFE_DELETE_CANDIDATE,cache or local restoration backup; never delete before confirmation
.codex_backups/final_test_legacy_eval_20260623_015807/artifacts/models/experiments/experiment_007_lr_ek_only/README.md,.md,153,SAFE_DELETE_CANDIDATE,cache or local restoration backup; never delete before confirmation
.codex_backups/final_test_legacy_eval_20260623_015807/artifacts/models/experiments/experiment_008_ek_only_features/README.md,.md,153,SAFE_DELETE_CANDIDATE,cache or local restoration backup; never delete before confirmation
.codex_backups/final_test_legacy_eval_20260623_015807/artifacts/models/experiments/experiment_009_al_only_features/README.md,.md,153,SAFE_DELETE_CANDIDATE,cache or local restoration backup; never delete before confirmation
.codex_backups/final_test_legacy_eval_20260623_015807/artifacts/models/experiments/experiment_010_engineered_only/README.md,.md,153,SAFE_DELETE_CANDIDATE,cache or local restoration backup; never delete before confirmation
.codex_backups/final_test_legacy_eval_20260623_015807/artifacts/models/final_model.pkl,.pkl,1217444,SAFE_DELETE_CANDIDATE,cache or local restoration backup; never delete before confirmation
.codex_backups/final_test_legacy_eval_20260623_015807/artifacts/models/final_model_columns.txt,.txt,3495,SAFE_DELETE_CANDIDATE,cache or local restoration backup; never delete before confirmation
.codex_backups/final_test_legacy_eval_20260623_015807/artifacts/models/lightgbm_final.joblib,.joblib,9797876,SAFE_DELETE_CANDIDATE,cache or local restoration backup; never delete before confirmation
.codex_backups/final_test_legacy_eval_20260623_015807/artifacts/models/model_columns.txt,.txt,3495,SAFE_DELETE_CANDIDATE,cache or local restoration backup; never delete before confirmation
.codex_backups/final_test_legacy_eval_20260623_015807/artifacts/predictions/final_ensemble_oof_predictions.csv,.csv,408134,SAFE_DELETE_CANDIDATE,cache or local restoration backup; never delete before confirmation
.codex_backups/final_test_legacy_eval_20260623_015807/artifacts/predictions/final_ensemble_panel_predictions.csv,.csv,52933,SAFE_DELETE_CANDIDATE,cache or local restoration backup; never delete before confirmation
.codex_backups/final_test_legacy_eval_20260623_015807/artifacts/predictions/final_master_cv_predictions.csv,.csv,220660,SAFE_DELETE_CANDIDATE,cache or local restoration backup; never delete before confirmation
.codex_backups/final_test_legacy_eval_20260623_015807/artifacts/predictions/final_panel_predictions.csv,.csv,29330,SAFE_DELETE_CANDIDATE,cache or local restoration backup; never delete before confirmation
.codex_backups/final_test_legacy_eval_20260623_015807/artifacts/predictions/master_cv_model_predictions_phase9.csv,.csv,1178574,SAFE_DELETE_CANDIDATE,cache or local restoration backup; never delete before confirmation
.codex_backups/final_test_legacy_eval_20260623_015807/artifacts/predictions/model_zoo_folds/fold_0_predictions.csv,.csv,69533,SAFE_DELETE_CANDIDATE,cache or local restoration backup; never delete before confirmation
.codex_backups/final_test_legacy_eval_20260623_015807/artifacts/predictions/model_zoo_folds/fold_1_predictions.csv,.csv,69073,SAFE_DELETE_CANDIDATE,cache or local restoration backup; never delete before confirmation
.codex_backups/final_test_legacy_eval_20260623_015807/artifacts/predictions/model_zoo_folds/fold_2_predictions.csv,.csv,69039,SAFE_DELETE_CANDIDATE,cache or local restoration backup; never delete before confirmation
.codex_backups/final_test_legacy_eval_20260623_015807/artifacts/predictions/model_zoo_folds/fold_3_predictions.csv,.csv,69999,SAFE_DELETE_CANDIDATE,cache or local restoration backup; never delete before confirmation
.codex_backups/final_test_legacy_eval_20260623_015807/artifacts/predictions/model_zoo_folds/fold_4_predictions.csv,.csv,70372,SAFE_DELETE_CANDIDATE,cache or local restoration backup; never delete before confirmation
.codex_backups/final_test_legacy_eval_20260623_015807/artifacts/predictions/model_zoo_oof_predictions.csv,.csv,317968,SAFE_DELETE_CANDIDATE,cache or local restoration backup; never delete before confirmation
.codex_backups/final_test_legacy_eval_20260623_015807/artifacts/predictions/model_zoo_panel_predictions.csv,.csv,41687,SAFE_DELETE_CANDIDATE,cache or local restoration backup; never delete before confirmation
.codex_backups/final_test_legacy_eval_20260623_015807/artifacts/predictions/oof_predictions.csv,.csv,140654,SAFE_DELETE_CANDIDATE,cache or local restoration backup; never delete before confirmation
.codex_backups/final_test_legacy_eval_20260623_015807/artifacts/predictions/optuna_medical_candidate_oof_predictions.csv,.csv,190893,SAFE_DELETE_CANDIDATE,cache or local restoration backup; never delete before confirmation
.codex_backups/final_test_legacy_eval_20260623_015807/artifacts/predictions/optuna_medical_candidate_panel_predictions.csv,.csv,19912,SAFE_DELETE_CANDIDATE,cache or local restoration backup; never delete before confirmation
.codex_backups/final_test_legacy_eval_20260623_015807/artifacts/predictions/panel_unique_model_predictions_phase9.csv,.csv,21316,SAFE_DELETE_CANDIDATE,cache or local restoration backup; never delete before confirmation
.codex_backups/final_test_legacy_eval_20260623_015807/artifacts/predictions/panel_unique_predictions.csv,.csv,19465,SAFE_DELETE_CANDIDATE,cache or local restoration backup; never delete before confirmation
.codex_backups/final_test_legacy_eval_20260623_015807/artifacts/preprocessors/feature_engineer.joblib,.joblib,40787,SAFE_DELETE_CANDIDATE,cache or local restoration backup; never delete before confirmation
.codex_backups/final_test_legacy_eval_20260623_015807/artifacts/preprocessors/final_preprocessor.pkl,.pkl,40787,SAFE_DELETE_CANDIDATE,cache or local restoration backup; never delete before confirmation
.codex_backups/final_test_legacy_eval_20260623_015807/reports/calibration_decision_review.md,.md,2787,SAFE_DELETE_CANDIDATE,cache or local restoration backup; never delete before confirmation
.codex_backups/final_test_legacy_eval_20260623_015807/reports/current_results_verification.md,.md,995,SAFE_DELETE_CANDIDATE,cache or local restoration backup; never delete before confirmation
.codex_backups/final_test_legacy_eval_20260623_015807/reports/eda/EDA_MODEL_BRIDGE.md,.md,8368,SAFE_DELETE_CANDIDATE,cache or local restoration backup; never delete before confirmation
.codex_backups/final_test_legacy_eval_20260623_015807/reports/eda/EDA_REPORT.md,.md,43480,SAFE_DELETE_CANDIDATE,cache or local restoration backup; never delete before confirmation
.codex_backups/final_test_legacy_eval_20260623_015807/reports/eda/TEKNOFEST2026_EDA.ipynb,.ipynb,28779,SAFE_DELETE_CANDIDATE,cache or local restoration backup; never delete before confirmation
.codex_backups/final_test_legacy_eval_20260623_015807/reports/eda/TEKNOFEST2026_EDA_EXECUTED.ipynb,.ipynb,417453,SAFE_DELETE_CANDIDATE,cache or local restoration backup; never delete before confirmation
.codex_backups/final_test_legacy_eval_20260623_015807/reports/eda/figures/al_pca_cumulative_variance.png,.png,58350,SAFE_DELETE_CANDIDATE,cache or local restoration backup; never delete before confirmation
.codex_backups/final_test_legacy_eval_20260623_015807/reports/eda/figures/eda_model_feature_alignment.png,.png,50241,SAFE_DELETE_CANDIDATE,cache or local restoration backup; never delete before confirmation
.codex_backups/final_test_legacy_eval_20260623_015807/reports/eda/figures/ek_spearman_correlation.png,.png,50477,SAFE_DELETE_CANDIDATE,cache or local restoration backup; never delete before confirmation
.codex_backups/final_test_legacy_eval_20260623_015807/reports/eda/figures/missingness_top80.png,.png,128762,SAFE_DELETE_CANDIDATE,cache or local restoration backup; never delete before confirmation
.codex_backups/final_test_legacy_eval_20260623_015807/reports/eda/figures/top10_numeric_boxplots.png,.png,110355,SAFE_DELETE_CANDIDATE,cache or local restoration backup; never delete before confirmation
.codex_backups/final_test_legacy_eval_20260623_015807/reports/eda/tables/eda_model_feature_alignment.csv,.csv,30605,SAFE_DELETE_CANDIDATE,cache or local restoration backup; never delete before confirmation
.codex_backups/final_test_legacy_eval_20260623_015807/reports/eda/tables/eda_panel_model_alignment.csv,.csv,409,SAFE_DELETE_CANDIDATE,cache or local restoration backup; never delete before confirmation
.codex_backups/final_test_legacy_eval_20260623_015807/reports/eda/tables/eda_to_model_decision_bridge.csv,.csv,1639,SAFE_DELETE_CANDIDATE,cache or local restoration backup; never delete before confirmation
.codex_backups/final_test_legacy_eval_20260623_015807/reports/eda/tables/phase1_constant_near_constant.csv,.csv,1721,SAFE_DELETE_CANDIDATE,cache or local restoration backup; never delete before confirmation
.codex_backups/final_test_legacy_eval_20260623_015807/reports/eda/tables/phase1_missingness_bands.csv,.csv,65,SAFE_DELETE_CANDIDATE,cache or local restoration backup; never delete before confirmation
.codex_backups/final_test_legacy_eval_20260623_015807/reports/eda/tables/phase1_missingness_profile.csv,.csv,13688,SAFE_DELETE_CANDIDATE,cache or local restoration backup; never delete before confirmation
.codex_backups/final_test_legacy_eval_20260623_015807/reports/eda/tables/phase1_overlaps.csv,.csv,233,SAFE_DELETE_CANDIDATE,cache or local restoration backup; never delete before confirmation
.codex_backups/final_test_legacy_eval_20260623_015807/reports/eda/tables/phase1_schema_class_balance.csv,.csv,298,SAFE_DELETE_CANDIDATE,cache or local restoration backup; never delete before confirmation
.codex_backups/final_test_legacy_eval_20260623_015807/reports/eda/tables/phase2_aa_frequency.csv,.csv,619,SAFE_DELETE_CANDIDATE,cache or local restoration backup; never delete before confirmation
.codex_backups/final_test_legacy_eval_20260623_015807/reports/eda/tables/phase2_aa_nonstandard_codes.csv,.csv,127,SAFE_DELETE_CANDIDATE,cache or local restoration backup; never delete before confirmation
.codex_backups/final_test_legacy_eval_20260623_015807/reports/eda/tables/phase2_aa_pairs.csv,.csv,1205,SAFE_DELETE_CANDIDATE,cache or local restoration backup; never delete before confirmation
.codex_backups/final_test_legacy_eval_20260623_015807/reports/eda/tables/phase2_al_distribution_summary.csv,.csv,48880,SAFE_DELETE_CANDIDATE,cache or local restoration backup; never delete before confirmation
.codex_backups/final_test_legacy_eval_20260623_015807/reports/eda/tables/phase2_al_groups_by_n_notna.csv,.csv,384,SAFE_DELETE_CANDIDATE,cache or local restoration backup; never delete before confirmation
.codex_backups/final_test_legacy_eval_20260623_015807/reports/eda/tables/phase2_cat_label_rates.csv,.csv,4145,SAFE_DELETE_CANDIDATE,cache or local restoration backup; never delete before confirmation
.codex_backups/final_test_legacy_eval_20260623_015807/reports/eda/tables/phase2_cat_summary.csv,.csv,280,SAFE_DELETE_CANDIDATE,cache or local restoration backup; never delete before confirmation
.codex_backups/final_test_legacy_eval_20260623_015807/reports/eda/tables/phase2_ek_spearman_correlation.csv,.csv,1535,SAFE_DELETE_CANDIDATE,cache or local restoration backup; never delete before confirmation
.codex_backups/final_test_legacy_eval_20260623_015807/reports/eda/tables/phase2_ek_summary.csv,.csv,1364,SAFE_DELETE_CANDIDATE,cache or local restoration backup; never delete before confirmation
.codex_backups/final_test_legacy_eval_20260623_015807/reports/eda/tables/phase3_missingness_as_feature.csv,.csv,36720,SAFE_DELETE_CANDIDATE,cache or local restoration backup; never delete before confirmation
.codex_backups/final_test_legacy_eval_20260623_015807/reports/eda/tables/phase3_numeric_auc_ranked.csv,.csv,28559,SAFE_DELETE_CANDIDATE,cache or local restoration backup; never delete before confirmation
.codex_backups/final_test_legacy_eval_20260623_015807/reports/eda/tables/phase4_al_pca.csv,.csv,974,SAFE_DELETE_CANDIDATE,cache or local restoration backup; never delete before confirmation
.codex_backups/final_test_legacy_eval_20260623_015807/reports/eda/tables/phase4_al_triplet_correlations.csv,.csv,8540,SAFE_DELETE_CANDIDATE,cache or local restoration backup; never delete before confirmation
.codex_backups/final_test_legacy_eval_20260623_015807/reports/eda/tables/phase4_cross_group_spearman.csv,.csv,4537,SAFE_DELETE_CANDIDATE,cache or local restoration backup; never delete before confirmation
.codex_backups/final_test_legacy_eval_20260623_015807/reports/eda/tables/phase4_high_cross_group_correlations.csv,.csv,173,SAFE_DELETE_CANDIDATE,cache or local restoration backup; never delete before confirmation
.codex_backups/final_test_legacy_eval_20260623_015807/reports/eda/tables/phase4_leakage_suspects.csv,.csv,79,SAFE_DELETE_CANDIDATE,cache or local restoration backup; never delete before confirmation
.codex_backups/final_test_legacy_eval_20260623_015807/reports/eda/tables/phase5_panel_unique_vs_shared.csv,.csv,536,SAFE_DELETE_CANDIDATE,cache or local restoration backup; never delete before confirmation
.codex_backups/final_test_legacy_eval_20260623_015807/reports/eda/tables/phase5_top10_cross_dataset_shift.csv,.csv,4119,SAFE_DELETE_CANDIDATE,cache or local restoration backup; never delete before confirmation
.codex_backups/final_test_legacy_eval_20260623_015807/reports/eda/tables/phase6_acmg_interpretation.csv,.csv,3298,SAFE_DELETE_CANDIDATE,cache or local restoration backup; never delete before confirmation
.codex_backups/final_test_legacy_eval_20260623_015807/reports/eda_notebook_outputs/figures/al_pca_cumulative_variance.png,.png,58350,SAFE_DELETE_CANDIDATE,cache or local restoration backup; never delete before confirmation
.codex_backups/final_test_legacy_eval_20260623_015807/reports/eda_notebook_outputs/figures/ek_spearman_correlation.png,.png,50477,SAFE_DELETE_CANDIDATE,cache or local restoration backup; never delete before confirmation
.codex_backups/final_test_legacy_eval_20260623_015807/reports/eda_notebook_outputs/figures/missingness_top80.png,.png,130462,SAFE_DELETE_CANDIDATE,cache or local restoration backup; never delete before confirmation
.codex_backups/final_test_legacy_eval_20260623_015807/reports/eda_notebook_outputs/figures/top10_numeric_boxplots.png,.png,110355,SAFE_DELETE_CANDIDATE,cache or local restoration backup; never delete before confirmation
.codex_backups/final_test_legacy_eval_20260623_015807/reports/eda_notebook_outputs/tables/phase1_constant_near_constant.csv,.csv,1721,SAFE_DELETE_CANDIDATE,cache or local restoration backup; never delete before confirmation
.codex_backups/final_test_legacy_eval_20260623_015807/reports/eda_notebook_outputs/tables/phase1_missingness_profile.csv,.csv,13688,SAFE_DELETE_CANDIDATE,cache or local restoration backup; never delete before confirmation
.codex_backups/final_test_legacy_eval_20260623_015807/reports/eda_notebook_outputs/tables/phase1_overlaps.csv,.csv,233,SAFE_DELETE_CANDIDATE,cache or local restoration backup; never delete before confirmation
.codex_backups/final_test_legacy_eval_20260623_015807/reports/eda_notebook_outputs/tables/phase1_schema_class_balance.csv,.csv,298,SAFE_DELETE_CANDIDATE,cache or local restoration backup; never delete before confirmation
.codex_backups/final_test_legacy_eval_20260623_015807/reports/eda_notebook_outputs/tables/phase2_aa_frequency.csv,.csv,619,SAFE_DELETE_CANDIDATE,cache or local restoration backup; never delete before confirmation
.codex_backups/final_test_legacy_eval_20260623_015807/reports/eda_notebook_outputs/tables/phase2_aa_pairs.csv,.csv,1205,SAFE_DELETE_CANDIDATE,cache or local restoration backup; never delete before confirmation
.codex_backups/final_test_legacy_eval_20260623_015807/reports/eda_notebook_outputs/tables/phase2_al_distribution_summary.csv,.csv,48880,SAFE_DELETE_CANDIDATE,cache or local restoration backup; never delete before confirmation
.codex_backups/final_test_legacy_eval_20260623_015807/reports/eda_notebook_outputs/tables/phase2_al_groups_by_n_notna.csv,.csv,384,SAFE_DELETE_CANDIDATE,cache or local restoration backup; never delete before confirmation
.codex_backups/final_test_legacy_eval_20260623_015807/reports/eda_notebook_outputs/tables/phase2_cat_label_rates.csv,.csv,4145,SAFE_DELETE_CANDIDATE,cache or local restoration backup; never delete before confirmation
.codex_backups/final_test_legacy_eval_20260623_015807/reports/eda_notebook_outputs/tables/phase2_cat_summary.csv,.csv,280,SAFE_DELETE_CANDIDATE,cache or local restoration backup; never delete before confirmation
.codex_backups/final_test_legacy_eval_20260623_015807/reports/eda_notebook_outputs/tables/phase2_ek_spearman_correlation.csv,.csv,1535,SAFE_DELETE_CANDIDATE,cache or local restoration backup; never delete before confirmation
.codex_backups/final_test_legacy_eval_20260623_015807/reports/eda_notebook_outputs/tables/phase2_ek_summary.csv,.csv,1364,SAFE_DELETE_CANDIDATE,cache or local restoration backup; never delete before confirmation
.codex_backups/final_test_legacy_eval_20260623_015807/reports/eda_notebook_outputs/tables/phase3_missingness_as_feature.csv,.csv,29754,SAFE_DELETE_CANDIDATE,cache or local restoration backup; never delete before confirmation
.codex_backups/final_test_legacy_eval_20260623_015807/reports/eda_notebook_outputs/tables/phase3_numeric_auc_ranked.csv,.csv,28559,SAFE_DELETE_CANDIDATE,cache or local restoration backup; never delete before confirmation
.codex_backups/final_test_legacy_eval_20260623_015807/reports/eda_notebook_outputs/tables/phase4_al_pca.csv,.csv,974,SAFE_DELETE_CANDIDATE,cache or local restoration backup; never delete before confirmation
.codex_backups/final_test_legacy_eval_20260623_015807/reports/eda_notebook_outputs/tables/phase4_al_triplet_correlations.csv,.csv,8540,SAFE_DELETE_CANDIDATE,cache or local restoration backup; never delete before confirmation
.codex_backups/final_test_legacy_eval_20260623_015807/reports/eda_notebook_outputs/tables/phase4_cross_group_spearman.csv,.csv,4537,SAFE_DELETE_CANDIDATE,cache or local restoration backup; never delete before confirmation
.codex_backups/final_test_legacy_eval_20260623_015807/reports/eda_notebook_outputs/tables/phase4_high_cross_group_correlations.csv,.csv,173,SAFE_DELETE_CANDIDATE,cache or local restoration backup; never delete before confirmation
.codex_backups/final_test_legacy_eval_20260623_015807/reports/eda_notebook_outputs/tables/phase4_leakage_suspects.csv,.csv,79,SAFE_DELETE_CANDIDATE,cache or local restoration backup; never delete before confirmation
.codex_backups/final_test_legacy_eval_20260623_015807/reports/eda_notebook_outputs/tables/phase5_panel_unique_vs_shared.csv,.csv,536,SAFE_DELETE_CANDIDATE,cache or local restoration backup; never delete before confirmation
.codex_backups/final_test_legacy_eval_20260623_015807/reports/eda_notebook_outputs/tables/phase5_top10_cross_dataset_shift.csv,.csv,4119,SAFE_DELETE_CANDIDATE,cache or local restoration backup; never delete before confirmation
.codex_backups/final_test_legacy_eval_20260623_015807/reports/eda_notebook_outputs/tables/phase6_acmg_interpretation.csv,.csv,3298,SAFE_DELETE_CANDIDATE,cache or local restoration backup; never delete before confirmation
.codex_backups/final_test_legacy_eval_20260623_015807/reports/explainability/acmg_feature_mapping.csv,.csv,616,SAFE_DELETE_CANDIDATE,cache or local restoration backup; never delete before confirmation
.codex_backups/final_test_legacy_eval_20260623_015807/reports/explainability/shap_beeswarm.png,.png,307620,SAFE_DELETE_CANDIDATE,cache or local restoration backup; never delete before confirmation
.codex_backups/final_test_legacy_eval_20260623_015807/reports/explainability/shap_case_confusion_matrix.csv,.csv,46,SAFE_DELETE_CANDIDATE,cache or local restoration backup; never delete before confirmation
.codex_backups/final_test_legacy_eval_20260623_015807/reports/explainability/shap_case_panel_unique_confusion_matrix.csv,.csv,44,SAFE_DELETE_CANDIDATE,cache or local restoration backup; never delete before confirmation
.codex_backups/final_test_legacy_eval_20260623_015807/reports/explainability/shap_dependence_EK7_by_EK9.png,.png,229937,SAFE_DELETE_CANDIDATE,cache or local restoration backup; never delete before confirmation
.codex_backups/final_test_legacy_eval_20260623_015807/reports/explainability/shap_dependence_npops_by_maxAF.png,.png,67010,SAFE_DELETE_CANDIDATE,cache or local restoration backup; never delete before confirmation
.codex_backups/final_test_legacy_eval_20260623_015807/reports/explainability/shap_global_bar.png,.png,62847,SAFE_DELETE_CANDIDATE,cache or local restoration backup; never delete before confirmation
.codex_backups/final_test_legacy_eval_20260623_015807/reports/explainability/shap_global_importance.csv,.csv,10363,SAFE_DELETE_CANDIDATE,cache or local restoration backup; never delete before confirmation
.codex_backups/final_test_legacy_eval_20260623_015807/reports/explainability/shap_group_importance.csv,.csv,249,SAFE_DELETE_CANDIDATE,cache or local restoration backup; never delete before confirmation
.codex_backups/final_test_legacy_eval_20260623_015807/reports/explainability/shap_waterfall_01_TP.png,.png,133876,SAFE_DELETE_CANDIDATE,cache or local restoration backup; never delete before confirmation
.codex_backups/final_test_legacy_eval_20260623_015807/reports/explainability/shap_waterfall_02_TP.png,.png,131617,SAFE_DELETE_CANDIDATE,cache or local restoration backup; never delete before confirmation
.codex_backups/final_test_legacy_eval_20260623_015807/reports/explainability/shap_waterfall_03_TP.png,.png,130778,SAFE_DELETE_CANDIDATE,cache or local restoration backup; never delete before confirmation
.codex_backups/final_test_legacy_eval_20260623_015807/reports/explainability/shap_waterfall_04_TP.png,.png,137533,SAFE_DELETE_CANDIDATE,cache or local restoration backup; never delete before confirmation
.codex_backups/final_test_legacy_eval_20260623_015807/reports/explainability/shap_waterfall_05_TP.png,.png,134504,SAFE_DELETE_CANDIDATE,cache or local restoration backup; never delete before confirmation
.codex_backups/final_test_legacy_eval_20260623_015807/reports/explainability/shap_waterfall_06_TN.png,.png,136261,SAFE_DELETE_CANDIDATE,cache or local restoration backup; never delete before confirmation
.codex_backups/final_test_legacy_eval_20260623_015807/reports/explainability/shap_waterfall_07_TN.png,.png,133897,SAFE_DELETE_CANDIDATE,cache or local restoration backup; never delete before confirmation
.codex_backups/final_test_legacy_eval_20260623_015807/reports/explainability/shap_waterfall_08_TN.png,.png,138396,SAFE_DELETE_CANDIDATE,cache or local restoration backup; never delete before confirmation
.codex_backups/final_test_legacy_eval_20260623_015807/reports/explainability/shap_waterfall_09_TN.png,.png,134452,SAFE_DELETE_CANDIDATE,cache or local restoration backup; never delete before confirmation
.codex_backups/final_test_legacy_eval_20260623_015807/reports/explainability/shap_waterfall_10_TN.png,.png,136567,SAFE_DELETE_CANDIDATE,cache or local restoration backup; never delete before confirmation
.codex_backups/final_test_legacy_eval_20260623_015807/reports/explainability/shap_waterfall_11_FN.png,.png,134323,SAFE_DELETE_CANDIDATE,cache or local restoration backup; never delete before confirmation
.codex_backups/final_test_legacy_eval_20260623_015807/reports/explainability/shap_waterfall_12_FN.png,.png,134323,SAFE_DELETE_CANDIDATE,cache or local restoration backup; never delete before confirmation
.codex_backups/final_test_legacy_eval_20260623_015807/reports/explainability/shap_waterfall_13_FN.png,.png,134323,SAFE_DELETE_CANDIDATE,cache or local restoration backup; never delete before confirmation
.codex_backups/final_test_legacy_eval_20260623_015807/reports/explainability/shap_waterfall_14_FN.png,.png,134323,SAFE_DELETE_CANDIDATE,cache or local restoration backup; never delete before confirmation
.codex_backups/final_test_legacy_eval_20260623_015807/reports/explainability/shap_waterfall_15_FN.png,.png,134323,SAFE_DELETE_CANDIDATE,cache or local restoration backup; never delete before confirmation
.codex_backups/final_test_legacy_eval_20260623_015807/reports/explainability/shap_waterfall_cases.csv,.csv,637,SAFE_DELETE_CANDIDATE,cache or local restoration backup; never delete before confirmation
.codex_backups/final_test_legacy_eval_20260623_015807/reports/explainability/shap_waterfall_panel_unique_01_TP.png,.png,132859,SAFE_DELETE_CANDIDATE,cache or local restoration backup; never delete before confirmation
.codex_backups/final_test_legacy_eval_20260623_015807/reports/explainability/shap_waterfall_panel_unique_02_TP.png,.png,128819,SAFE_DELETE_CANDIDATE,cache or local restoration backup; never delete before confirmation
.codex_backups/final_test_legacy_eval_20260623_015807/reports/explainability/shap_waterfall_panel_unique_03_TP.png,.png,133895,SAFE_DELETE_CANDIDATE,cache or local restoration backup; never delete before confirmation
.codex_backups/final_test_legacy_eval_20260623_015807/reports/explainability/shap_waterfall_panel_unique_04_TP.png,.png,127364,SAFE_DELETE_CANDIDATE,cache or local restoration backup; never delete before confirmation
.codex_backups/final_test_legacy_eval_20260623_015807/reports/explainability/shap_waterfall_panel_unique_05_TP.png,.png,133598,SAFE_DELETE_CANDIDATE,cache or local restoration backup; never delete before confirmation
.codex_backups/final_test_legacy_eval_20260623_015807/reports/explainability/shap_waterfall_panel_unique_06_TN.png,.png,138733,SAFE_DELETE_CANDIDATE,cache or local restoration backup; never delete before confirmation
.codex_backups/final_test_legacy_eval_20260623_015807/reports/explainability/shap_waterfall_panel_unique_07_TN.png,.png,139032,SAFE_DELETE_CANDIDATE,cache or local restoration backup; never delete before confirmation
.codex_backups/final_test_legacy_eval_20260623_015807/reports/explainability/shap_waterfall_panel_unique_08_TN.png,.png,141393,SAFE_DELETE_CANDIDATE,cache or local restoration backup; never delete before confirmation
.codex_backups/final_test_legacy_eval_20260623_015807/reports/explainability/shap_waterfall_panel_unique_09_TN.png,.png,143636,SAFE_DELETE_CANDIDATE,cache or local restoration backup; never delete before confirmation
.codex_backups/final_test_legacy_eval_20260623_015807/reports/explainability/shap_waterfall_panel_unique_10_TN.png,.png,136851,SAFE_DELETE_CANDIDATE,cache or local restoration backup; never delete before confirmation
.codex_backups/final_test_legacy_eval_20260623_015807/reports/explainability/shap_waterfall_panel_unique_11_FP.png,.png,134863,SAFE_DELETE_CANDIDATE,cache or local restoration backup; never delete before confirmation
.codex_backups/final_test_legacy_eval_20260623_015807/reports/explainability/shap_waterfall_panel_unique_12_FP.png,.png,126874,SAFE_DELETE_CANDIDATE,cache or local restoration backup; never delete before confirmation
.codex_backups/final_test_legacy_eval_20260623_015807/reports/explainability/shap_waterfall_panel_unique_13_FP.png,.png,135930,SAFE_DELETE_CANDIDATE,cache or local restoration backup; never delete before confirmation
.codex_backups/final_test_legacy_eval_20260623_015807/reports/explainability/shap_waterfall_panel_unique_14_FP.png,.png,134442,SAFE_DELETE_CANDIDATE,cache or local restoration backup; never delete before confirmation
.codex_backups/final_test_legacy_eval_20260623_015807/reports/explainability/shap_waterfall_panel_unique_15_FP.png,.png,130992,SAFE_DELETE_CANDIDATE,cache or local restoration backup; never delete before confirmation
.codex_backups/final_test_legacy_eval_20260623_015807/reports/explainability/shap_waterfall_panel_unique_16_FN.png,.png,134805,SAFE_DELETE_CANDIDATE,cache or local restoration backup; never delete before confirmation
.codex_backups/final_test_legacy_eval_20260623_015807/reports/explainability/shap_waterfall_panel_unique_17_FN.png,.png,133000,SAFE_DELETE_CANDIDATE,cache or local restoration backup; never delete before confirmation
.codex_backups/final_test_legacy_eval_20260623_015807/reports/explainability/shap_waterfall_panel_unique_18_FN.png,.png,130986,SAFE_DELETE_CANDIDATE,cache or local restoration backup; never delete before confirmation
.codex_backups/final_test_legacy_eval_20260623_015807/reports/explainability/shap_waterfall_panel_unique_19_FN.png,.png,131881,SAFE_DELETE_CANDIDATE,cache or local restoration backup; never delete before confirmation
.codex_backups/final_test_legacy_eval_20260623_015807/reports/explainability/shap_waterfall_panel_unique_20_FN.png,.png,134323,SAFE_DELETE_CANDIDATE,cache or local restoration backup; never delete before confirmation
.codex_backups/final_test_legacy_eval_20260623_015807/reports/explainability/shap_waterfall_panel_unique_cases.csv,.csv,1086,SAFE_DELETE_CANDIDATE,cache or local restoration backup; never delete before confirmation
.codex_backups/final_test_legacy_eval_20260623_015807/reports/figures/advanced_threshold_comparison.png,.png,86591,SAFE_DELETE_CANDIDATE,cache or local restoration backup; never delete before confirmation
.codex_backups/final_test_legacy_eval_20260623_015807/reports/figures/brier_logloss_comparison.png,.png,42803,SAFE_DELETE_CANDIDATE,cache or local restoration backup; never delete before confirmation
.codex_backups/final_test_legacy_eval_20260623_015807/reports/figures/calibration_curves.png,.png,127938,SAFE_DELETE_CANDIDATE,cache or local restoration backup; never delete before confirmation
.codex_backups/final_test_legacy_eval_20260623_015807/reports/figures/class_distribution_by_dataset.png,.png,136109,SAFE_DELETE_CANDIDATE,cache or local restoration backup; never delete before confirmation
.codex_backups/final_test_legacy_eval_20260623_015807/reports/figures/confusion_matrix_cftr_unique.png,.png,84102,SAFE_DELETE_CANDIDATE,cache or local restoration backup; never delete before confirmation
.codex_backups/final_test_legacy_eval_20260623_015807/reports/figures/confusion_matrix_kanser_unique.png,.png,92877,SAFE_DELETE_CANDIDATE,cache or local restoration backup; never delete before confirmation
.codex_backups/final_test_legacy_eval_20260623_015807/reports/figures/confusion_matrix_master.png,.png,108099,SAFE_DELETE_CANDIDATE,cache or local restoration backup; never delete before confirmation
.codex_backups/final_test_legacy_eval_20260623_015807/reports/figures/confusion_matrix_pah_unique.png,.png,89661,SAFE_DELETE_CANDIDATE,cache or local restoration backup; never delete before confirmation
.codex_backups/final_test_legacy_eval_20260623_015807/reports/figures/confusion_matrix_panel_unique_combined.png,.png,95487,SAFE_DELETE_CANDIDATE,cache or local restoration backup; never delete before confirmation
.codex_backups/final_test_legacy_eval_20260623_015807/reports/figures/correlation_matrix_top_features.png,.png,335912,SAFE_DELETE_CANDIDATE,cache or local restoration backup; never delete before confirmation
.codex_backups/final_test_legacy_eval_20260623_015807/reports/figures/error_analysis_key_features.png,.png,184959,SAFE_DELETE_CANDIDATE,cache or local restoration backup; never delete before confirmation
.codex_backups/final_test_legacy_eval_20260623_015807/reports/figures/experiments/experiment_001_initial/advanced_threshold_comparison.png,.png,86591,SAFE_DELETE_CANDIDATE,cache or local restoration backup; never delete before confirmation
.codex_backups/final_test_legacy_eval_20260623_015807/reports/figures/experiments/experiment_001_initial/brier_logloss_comparison.png,.png,42803,SAFE_DELETE_CANDIDATE,cache or local restoration backup; never delete before confirmation
.codex_backups/final_test_legacy_eval_20260623_015807/reports/figures/experiments/experiment_001_initial/calibration_curves.png,.png,127938,SAFE_DELETE_CANDIDATE,cache or local restoration backup; never delete before confirmation
.codex_backups/final_test_legacy_eval_20260623_015807/reports/figures/experiments/experiment_001_initial/class_distribution_by_dataset.png,.png,136109,SAFE_DELETE_CANDIDATE,cache or local restoration backup; never delete before confirmation
.codex_backups/final_test_legacy_eval_20260623_015807/reports/figures/experiments/experiment_001_initial/confusion_matrix_cftr_unique.png,.png,84102,SAFE_DELETE_CANDIDATE,cache or local restoration backup; never delete before confirmation
.codex_backups/final_test_legacy_eval_20260623_015807/reports/figures/experiments/experiment_001_initial/confusion_matrix_kanser_unique.png,.png,92877,SAFE_DELETE_CANDIDATE,cache or local restoration backup; never delete before confirmation
.codex_backups/final_test_legacy_eval_20260623_015807/reports/figures/experiments/experiment_001_initial/confusion_matrix_master.png,.png,108099,SAFE_DELETE_CANDIDATE,cache or local restoration backup; never delete before confirmation
.codex_backups/final_test_legacy_eval_20260623_015807/reports/figures/experiments/experiment_001_initial/confusion_matrix_pah_unique.png,.png,89661,SAFE_DELETE_CANDIDATE,cache or local restoration backup; never delete before confirmation
.codex_backups/final_test_legacy_eval_20260623_015807/reports/figures/experiments/experiment_001_initial/confusion_matrix_panel_unique_combined.png,.png,95487,SAFE_DELETE_CANDIDATE,cache or local restoration backup; never delete before confirmation
.codex_backups/final_test_legacy_eval_20260623_015807/reports/figures/experiments/experiment_001_initial/correlation_matrix_top_features.png,.png,335912,SAFE_DELETE_CANDIDATE,cache or local restoration backup; never delete before confirmation
.codex_backups/final_test_legacy_eval_20260623_015807/reports/figures/experiments/experiment_001_initial/error_analysis_key_features.png,.png,184959,SAFE_DELETE_CANDIDATE,cache or local restoration backup; never delete before confirmation
.codex_backups/final_test_legacy_eval_20260623_015807/reports/figures/experiments/experiment_001_initial/feature_group_ablation_comparison.png,.png,105542,SAFE_DELETE_CANDIDATE,cache or local restoration backup; never delete before confirmation
.codex_backups/final_test_legacy_eval_20260623_015807/reports/figures/experiments/experiment_001_initial/feature_importance.png,.png,62847,SAFE_DELETE_CANDIDATE,cache or local restoration backup; never delete before confirmation
.codex_backups/final_test_legacy_eval_20260623_015807/reports/figures/experiments/experiment_001_initial/feature_importance_top30.png,.png,152299,SAFE_DELETE_CANDIDATE,cache or local restoration backup; never delete before confirmation
.codex_backups/final_test_legacy_eval_20260623_015807/reports/figures/experiments/experiment_001_initial/final_calibration_curve.png,.png,127938,SAFE_DELETE_CANDIDATE,cache or local restoration backup; never delete before confirmation
.codex_backups/final_test_legacy_eval_20260623_015807/reports/figures/experiments/experiment_001_initial/final_calibration_decision_plot.png,.png,57585,SAFE_DELETE_CANDIDATE,cache or local restoration backup; never delete before confirmation
.codex_backups/final_test_legacy_eval_20260623_015807/reports/figures/experiments/experiment_001_initial/final_confusion_matrix_master.png,.png,108099,SAFE_DELETE_CANDIDATE,cache or local restoration backup; never delete before confirmation
.codex_backups/final_test_legacy_eval_20260623_015807/reports/figures/experiments/experiment_001_initial/final_error_group_feature_distributions.png,.png,87133,SAFE_DELETE_CANDIDATE,cache or local restoration backup; never delete before confirmation
.codex_backups/final_test_legacy_eval_20260623_015807/reports/figures/experiments/experiment_001_initial/final_feature_importance.png,.png,62847,SAFE_DELETE_CANDIDATE,cache or local restoration backup; never delete before confirmation
.codex_backups/final_test_legacy_eval_20260623_015807/reports/figures/experiments/experiment_001_initial/final_feature_importance_top30.png,.png,87821,SAFE_DELETE_CANDIDATE,cache or local restoration backup; never delete before confirmation
.codex_backups/final_test_legacy_eval_20260623_015807/reports/figures/experiments/experiment_001_initial/final_fp_fn_feature_contrast.png,.png,61488,SAFE_DELETE_CANDIDATE,cache or local restoration backup; never delete before confirmation
.codex_backups/final_test_legacy_eval_20260623_015807/reports/figures/experiments/experiment_001_initial/final_model_comparison.png,.png,107813,SAFE_DELETE_CANDIDATE,cache or local restoration backup; never delete before confirmation
.codex_backups/final_test_legacy_eval_20260623_015807/reports/figures/experiments/experiment_001_initial/final_panel_specific_confusion_matrices.png,.png,36958,SAFE_DELETE_CANDIDATE,cache or local restoration backup; never delete before confirmation
.codex_backups/final_test_legacy_eval_20260623_015807/reports/figures/experiments/experiment_001_initial/final_panel_specific_metric_comparison.png,.png,61429,SAFE_DELETE_CANDIDATE,cache or local restoration backup; never delete before confirmation
.codex_backups/final_test_legacy_eval_20260623_015807/reports/figures/experiments/experiment_001_initial/final_pr_curve_master.png,.png,114868,SAFE_DELETE_CANDIDATE,cache or local restoration backup; never delete before confirmation
.codex_backups/final_test_legacy_eval_20260623_015807/reports/figures/experiments/experiment_001_initial/final_roc_curve_master.png,.png,129207,SAFE_DELETE_CANDIDATE,cache or local restoration backup; never delete before confirmation
.codex_backups/final_test_legacy_eval_20260623_015807/reports/figures/experiments/experiment_001_initial/final_threshold_analysis.png,.png,119718,SAFE_DELETE_CANDIDATE,cache or local restoration backup; never delete before confirmation
.codex_backups/final_test_legacy_eval_20260623_015807/reports/figures/experiments/experiment_001_initial/fold_threshold_distribution.png,.png,39189,SAFE_DELETE_CANDIDATE,cache or local restoration backup; never delete before confirmation
.codex_backups/final_test_legacy_eval_20260623_015807/reports/figures/experiments/experiment_001_initial/missingness_by_feature_group.png,.png,84214,SAFE_DELETE_CANDIDATE,cache or local restoration backup; never delete before confirmation
.codex_backups/final_test_legacy_eval_20260623_015807/reports/figures/experiments/experiment_001_initial/model_comparison.png,.png,66194,SAFE_DELETE_CANDIDATE,cache or local restoration backup; never delete before confirmation
.codex_backups/final_test_legacy_eval_20260623_015807/reports/figures/experiments/experiment_001_initial/model_comparison_metrics.png,.png,218707,SAFE_DELETE_CANDIDATE,cache or local restoration backup; never delete before confirmation
.codex_backups/final_test_legacy_eval_20260623_015807/reports/figures/experiments/experiment_001_initial/optuna_medical_optimization_history.png,.png,96262,SAFE_DELETE_CANDIDATE,cache or local restoration backup; never delete before confirmation
.codex_backups/final_test_legacy_eval_20260623_015807/reports/figures/experiments/experiment_001_initial/optuna_param_importance.png,.png,53561,SAFE_DELETE_CANDIDATE,cache or local restoration backup; never delete before confirmation
.codex_backups/final_test_legacy_eval_20260623_015807/reports/figures/experiments/experiment_001_initial/panel_confusion_matrices.png,.png,43865,SAFE_DELETE_CANDIDATE,cache or local restoration backup; never delete before confirmation
.codex_backups/final_test_legacy_eval_20260623_015807/reports/figures/experiments/experiment_001_initial/panel_error_feature_distributions.png,.png,124442,SAFE_DELETE_CANDIDATE,cache or local restoration backup; never delete before confirmation
.codex_backups/final_test_legacy_eval_20260623_015807/reports/figures/experiments/experiment_001_initial/phase10_before_after_comparison.png,.png,81403,SAFE_DELETE_CANDIDATE,cache or local restoration backup; never delete before confirmation
.codex_backups/final_test_legacy_eval_20260623_015807/reports/figures/experiments/experiment_001_initial/pr_curve_master.png,.png,114868,SAFE_DELETE_CANDIDATE,cache or local restoration backup; never delete before confirmation
.codex_backups/final_test_legacy_eval_20260623_015807/reports/figures/experiments/experiment_001_initial/pr_curve_panel_unique.png,.png,154268,SAFE_DELETE_CANDIDATE,cache or local restoration backup; never delete before confirmation
.codex_backups/final_test_legacy_eval_20260623_015807/reports/figures/experiments/experiment_001_initial/roc_curve_master.png,.png,129207,SAFE_DELETE_CANDIDATE,cache or local restoration backup; never delete before confirmation
.codex_backups/final_test_legacy_eval_20260623_015807/reports/figures/experiments/experiment_001_initial/roc_curve_panel_unique.png,.png,147580,SAFE_DELETE_CANDIDATE,cache or local restoration backup; never delete before confirmation
.codex_backups/final_test_legacy_eval_20260623_015807/reports/figures/experiments/experiment_001_initial/threshold_comparison.png,.png,25939,SAFE_DELETE_CANDIDATE,cache or local restoration backup; never delete before confirmation
.codex_backups/final_test_legacy_eval_20260623_015807/reports/figures/experiments/experiment_001_initial/threshold_metric_curves.png,.png,119718,SAFE_DELETE_CANDIDATE,cache or local restoration backup; never delete before confirmation
.codex_backups/final_test_legacy_eval_20260623_015807/reports/figures/experiments/experiment_001_initial/threshold_optimization.png,.png,220571,SAFE_DELETE_CANDIDATE,cache or local restoration backup; never delete before confirmation
.codex_backups/final_test_legacy_eval_20260623_015807/reports/figures/experiments/experiment_001_initial/train_vs_validation_metrics.png,.png,106006,SAFE_DELETE_CANDIDATE,cache or local restoration backup; never delete before confirmation
.codex_backups/final_test_legacy_eval_20260623_015807/reports/figures/feature_group_ablation_comparison.png,.png,105542,SAFE_DELETE_CANDIDATE,cache or local restoration backup; never delete before confirmation
.codex_backups/final_test_legacy_eval_20260623_015807/reports/figures/feature_importance.png,.png,62847,SAFE_DELETE_CANDIDATE,cache or local restoration backup; never delete before confirmation
.codex_backups/final_test_legacy_eval_20260623_015807/reports/figures/feature_importance_top30.png,.png,152299,SAFE_DELETE_CANDIDATE,cache or local restoration backup; never delete before confirmation
.codex_backups/final_test_legacy_eval_20260623_015807/reports/figures/final_calibration_curve.png,.png,127938,SAFE_DELETE_CANDIDATE,cache or local restoration backup; never delete before confirmation
.codex_backups/final_test_legacy_eval_20260623_015807/reports/figures/final_calibration_decision_plot.png,.png,57585,SAFE_DELETE_CANDIDATE,cache or local restoration backup; never delete before confirmation
.codex_backups/final_test_legacy_eval_20260623_015807/reports/figures/final_confusion_matrix_master.png,.png,108099,SAFE_DELETE_CANDIDATE,cache or local restoration backup; never delete before confirmation
.codex_backups/final_test_legacy_eval_20260623_015807/reports/figures/final_error_group_feature_distributions.png,.png,87133,SAFE_DELETE_CANDIDATE,cache or local restoration backup; never delete before confirmation
.codex_backups/final_test_legacy_eval_20260623_015807/reports/figures/final_feature_importance.png,.png,62847,SAFE_DELETE_CANDIDATE,cache or local restoration backup; never delete before confirmation
.codex_backups/final_test_legacy_eval_20260623_015807/reports/figures/final_feature_importance_top30.png,.png,87821,SAFE_DELETE_CANDIDATE,cache or local restoration backup; never delete before confirmation
.codex_backups/final_test_legacy_eval_20260623_015807/reports/figures/final_fp_fn_feature_contrast.png,.png,61488,SAFE_DELETE_CANDIDATE,cache or local restoration backup; never delete before confirmation
.codex_backups/final_test_legacy_eval_20260623_015807/reports/figures/final_model_comparison.png,.png,107813,SAFE_DELETE_CANDIDATE,cache or local restoration backup; never delete before confirmation
.codex_backups/final_test_legacy_eval_20260623_015807/reports/figures/final_panel_specific_confusion_matrices.png,.png,36958,SAFE_DELETE_CANDIDATE,cache or local restoration backup; never delete before confirmation
.codex_backups/final_test_legacy_eval_20260623_015807/reports/figures/final_panel_specific_metric_comparison.png,.png,61429,SAFE_DELETE_CANDIDATE,cache or local restoration backup; never delete before confirmation
.codex_backups/final_test_legacy_eval_20260623_015807/reports/figures/final_pr_curve_master.png,.png,114868,SAFE_DELETE_CANDIDATE,cache or local restoration backup; never delete before confirmation
.codex_backups/final_test_legacy_eval_20260623_015807/reports/figures/final_roc_curve_master.png,.png,129207,SAFE_DELETE_CANDIDATE,cache or local restoration backup; never delete before confirmation
.codex_backups/final_test_legacy_eval_20260623_015807/reports/figures/final_threshold_analysis.png,.png,119718,SAFE_DELETE_CANDIDATE,cache or local restoration backup; never delete before confirmation
.codex_backups/final_test_legacy_eval_20260623_015807/reports/figures/fold_threshold_distribution.png,.png,39189,SAFE_DELETE_CANDIDATE,cache or local restoration backup; never delete before confirmation
.codex_backups/final_test_legacy_eval_20260623_015807/reports/figures/missingness_by_feature_group.png,.png,84214,SAFE_DELETE_CANDIDATE,cache or local restoration backup; never delete before confirmation
.codex_backups/final_test_legacy_eval_20260623_015807/reports/figures/model_comparison.png,.png,66194,SAFE_DELETE_CANDIDATE,cache or local restoration backup; never delete before confirmation
.codex_backups/final_test_legacy_eval_20260623_015807/reports/figures/model_comparison_metrics.png,.png,218707,SAFE_DELETE_CANDIDATE,cache or local restoration backup; never delete before confirmation
.codex_backups/final_test_legacy_eval_20260623_015807/reports/figures/optuna_medical_optimization_history.png,.png,96262,SAFE_DELETE_CANDIDATE,cache or local restoration backup; never delete before confirmation
.codex_backups/final_test_legacy_eval_20260623_015807/reports/figures/optuna_param_importance.png,.png,53561,SAFE_DELETE_CANDIDATE,cache or local restoration backup; never delete before confirmation
.codex_backups/final_test_legacy_eval_20260623_015807/reports/figures/panel_confusion_matrices.png,.png,43663,SAFE_DELETE_CANDIDATE,cache or local restoration backup; never delete before confirmation
.codex_backups/final_test_legacy_eval_20260623_015807/reports/figures/panel_error_feature_distributions.png,.png,124442,SAFE_DELETE_CANDIDATE,cache or local restoration backup; never delete before confirmation
.codex_backups/final_test_legacy_eval_20260623_015807/reports/figures/phase10_before_after_comparison.png,.png,81403,SAFE_DELETE_CANDIDATE,cache or local restoration backup; never delete before confirmation
.codex_backups/final_test_legacy_eval_20260623_015807/reports/figures/pr_curve_master.png,.png,114868,SAFE_DELETE_CANDIDATE,cache or local restoration backup; never delete before confirmation
.codex_backups/final_test_legacy_eval_20260623_015807/reports/figures/pr_curve_panel_unique.png,.png,154268,SAFE_DELETE_CANDIDATE,cache or local restoration backup; never delete before confirmation
.codex_backups/final_test_legacy_eval_20260623_015807/reports/figures/roc_curve_master.png,.png,129207,SAFE_DELETE_CANDIDATE,cache or local restoration backup; never delete before confirmation
.codex_backups/final_test_legacy_eval_20260623_015807/reports/figures/roc_curve_panel_unique.png,.png,147580,SAFE_DELETE_CANDIDATE,cache or local restoration backup; never delete before confirmation
.codex_backups/final_test_legacy_eval_20260623_015807/reports/figures/threshold_comparison.png,.png,25939,SAFE_DELETE_CANDIDATE,cache or local restoration backup; never delete before confirmation
.codex_backups/final_test_legacy_eval_20260623_015807/reports/figures/threshold_metric_curves.png,.png,119718,SAFE_DELETE_CANDIDATE,cache or local restoration backup; never delete before confirmation
.codex_backups/final_test_legacy_eval_20260623_015807/reports/figures/threshold_optimization.png,.png,220571,SAFE_DELETE_CANDIDATE,cache or local restoration backup; never delete before confirmation
.codex_backups/final_test_legacy_eval_20260623_015807/reports/figures/train_vs_validation_metrics.png,.png,106006,SAFE_DELETE_CANDIDATE,cache or local restoration backup; never delete before confirmation
.codex_backups/final_test_legacy_eval_20260623_015807/reports/final_competition_repository_audit.md,.md,3199,SAFE_DELETE_CANDIDATE,cache or local restoration backup; never delete before confirmation
.codex_backups/final_test_legacy_eval_20260623_015807/reports/final_ensemble_decision.md,.md,2732,SAFE_DELETE_CANDIDATE,cache or local restoration backup; never delete before confirmation
.codex_backups/final_test_legacy_eval_20260623_015807/reports/final_feature_interpretation.md,.md,705,SAFE_DELETE_CANDIDATE,cache or local restoration backup; never delete before confirmation
.codex_backups/final_test_legacy_eval_20260623_015807/reports/final_inference_audit.md,.md,215,SAFE_DELETE_CANDIDATE,cache or local restoration backup; never delete before confirmation
.codex_backups/final_test_legacy_eval_20260623_015807/reports/final_medical_metric_summary.md,.md,2908,SAFE_DELETE_CANDIDATE,cache or local restoration backup; never delete before confirmation
.codex_backups/final_test_legacy_eval_20260623_015807/reports/final_metric_verification_audit.md,.md,1453,SAFE_DELETE_CANDIDATE,cache or local restoration backup; never delete before confirmation
.codex_backups/final_test_legacy_eval_20260623_015807/reports/final_model_report_summary.md,.md,3708,SAFE_DELETE_CANDIDATE,cache or local restoration backup; never delete before confirmation
.codex_backups/final_test_legacy_eval_20260623_015807/reports/final_model_selection_decision.md,.md,11407,SAFE_DELETE_CANDIDATE,cache or local restoration backup; never delete before confirmation
.codex_backups/final_test_legacy_eval_20260623_015807/reports/final_model_strength_statement.md,.md,753,SAFE_DELETE_CANDIDATE,cache or local restoration backup; never delete before confirmation
.codex_backups/final_test_legacy_eval_20260623_015807/reports/final_performance_analysis.md,.md,3527,SAFE_DELETE_CANDIDATE,cache or local restoration backup; never delete before confirmation
.codex_backups/final_test_legacy_eval_20260623_015807/reports/final_test_performance_report.md,.md,1300,SAFE_DELETE_CANDIDATE,cache or local restoration backup; never delete before confirmation
.codex_backups/final_test_legacy_eval_20260623_015807/reports/implementation_checklist.md,.md,5485,SAFE_DELETE_CANDIDATE,cache or local restoration backup; never delete before confirmation
.codex_backups/final_test_legacy_eval_20260623_015807/reports/master_prompt/CFTR_unique_calibration.csv,.csv,657,SAFE_DELETE_CANDIDATE,cache or local restoration backup; never delete before confirmation
.codex_backups/final_test_legacy_eval_20260623_015807/reports/master_prompt/CFTR_unique_calibration_curve.png,.png,82766,SAFE_DELETE_CANDIDATE,cache or local restoration backup; never delete before confirmation
.codex_backups/final_test_legacy_eval_20260623_015807/reports/master_prompt/KANSER_unique_calibration.csv,.csv,751,SAFE_DELETE_CANDIDATE,cache or local restoration backup; never delete before confirmation
.codex_backups/final_test_legacy_eval_20260623_015807/reports/master_prompt/KANSER_unique_calibration_curve.png,.png,72375,SAFE_DELETE_CANDIDATE,cache or local restoration backup; never delete before confirmation
.codex_backups/final_test_legacy_eval_20260623_015807/reports/master_prompt/MASTER_PROMPT_IMPLEMENTATION_REPORT.md,.md,11076,SAFE_DELETE_CANDIDATE,cache or local restoration backup; never delete before confirmation
.codex_backups/final_test_legacy_eval_20260623_015807/reports/master_prompt/PAH_unique_calibration.csv,.csv,768,SAFE_DELETE_CANDIDATE,cache or local restoration backup; never delete before confirmation
.codex_backups/final_test_legacy_eval_20260623_015807/reports/master_prompt/PAH_unique_calibration_curve.png,.png,78342,SAFE_DELETE_CANDIDATE,cache or local restoration backup; never delete before confirmation
.codex_backups/final_test_legacy_eval_20260623_015807/reports/master_prompt/ablation_fold_results.csv,.csv,11575,SAFE_DELETE_CANDIDATE,cache or local restoration backup; never delete before confirmation
.codex_backups/final_test_legacy_eval_20260623_015807/reports/master_prompt/ablation_summary.csv,.csv,3810,SAFE_DELETE_CANDIDATE,cache or local restoration backup; never delete before confirmation
.codex_backups/final_test_legacy_eval_20260623_015807/reports/master_prompt/critical_implementation_checklist.csv,.csv,1950,SAFE_DELETE_CANDIDATE,cache or local restoration backup; never delete before confirmation
.codex_backups/final_test_legacy_eval_20260623_015807/reports/master_prompt/final_panel_unique_predictions.csv,.csv,19465,SAFE_DELETE_CANDIDATE,cache or local restoration backup; never delete before confirmation
.codex_backups/final_test_legacy_eval_20260623_015807/reports/master_prompt/l0_model_fold_metrics.csv,.csv,1359,SAFE_DELETE_CANDIDATE,cache or local restoration backup; never delete before confirmation
.codex_backups/final_test_legacy_eval_20260623_015807/reports/master_prompt/l0_model_summary.csv,.csv,590,SAFE_DELETE_CANDIDATE,cache or local restoration backup; never delete before confirmation
.codex_backups/final_test_legacy_eval_20260623_015807/reports/master_prompt/l0_stack_oof_predictions.csv,.csv,426464,SAFE_DELETE_CANDIDATE,cache or local restoration backup; never delete before confirmation
.codex_backups/final_test_legacy_eval_20260623_015807/reports/master_prompt/lgbm_best_params_resumable.json,.json,291,SAFE_DELETE_CANDIDATE,cache or local restoration backup; never delete before confirmation
.codex_backups/final_test_legacy_eval_20260623_015807/reports/master_prompt/lgbm_optuna_convergence.png,.png,94800,SAFE_DELETE_CANDIDATE,cache or local restoration backup; never delete before confirmation
.codex_backups/final_test_legacy_eval_20260623_015807/reports/master_prompt/lgbm_optuna_trials_resumable.csv,.csv,16006,SAFE_DELETE_CANDIDATE,cache or local restoration backup; never delete before confirmation
.codex_backups/final_test_legacy_eval_20260623_015807/reports/master_prompt/lightgbm_oof_predictions.csv,.csv,140654,SAFE_DELETE_CANDIDATE,cache or local restoration backup; never delete before confirmation
.codex_backups/final_test_legacy_eval_20260623_015807/reports/master_prompt/optuna_lgbm_study.sqlite3,.sqlite3,454656,SAFE_DELETE_CANDIDATE,cache or local restoration backup; never delete before confirmation
.codex_backups/final_test_legacy_eval_20260623_015807/reports/master_prompt/overlap_summary.csv,.csv,483,SAFE_DELETE_CANDIDATE,cache or local restoration backup; never delete before confirmation
.codex_backups/final_test_legacy_eval_20260623_015807/reports/master_prompt/panel_unique_bootstrap_ci.csv,.csv,1537,SAFE_DELETE_CANDIDATE,cache or local restoration backup; never delete before confirmation
.codex_backups/final_test_legacy_eval_20260623_015807/reports/master_prompt/statistical_tests.csv,.csv,491,SAFE_DELETE_CANDIDATE,cache or local restoration backup; never delete before confirmation
.codex_backups/final_test_legacy_eval_20260623_015807/reports/model_diagnosis.md,.md,393,SAFE_DELETE_CANDIDATE,cache or local restoration backup; never delete before confirmation
.codex_backups/final_test_legacy_eval_20260623_015807/reports/model_performance_audit.md,.md,2735,SAFE_DELETE_CANDIDATE,cache or local restoration backup; never delete before confirmation
.codex_backups/final_test_legacy_eval_20260623_015807/reports/model_performance_improvement_report.md,.md,6204,SAFE_DELETE_CANDIDATE,cache or local restoration backup; never delete before confirmation
.codex_backups/final_test_legacy_eval_20260623_015807/reports/model_zoo_summary.md,.md,1878,SAFE_DELETE_CANDIDATE,cache or local restoration backup; never delete before confirmation
.codex_backups/final_test_legacy_eval_20260623_015807/reports/optuna_medical_optimization_report.md,.md,3682,SAFE_DELETE_CANDIDATE,cache or local restoration backup; never delete before confirmation
.codex_backups/final_test_legacy_eval_20260623_015807/reports/panel_specific_final_interpretation.md,.md,549,SAFE_DELETE_CANDIDATE,cache or local restoration backup; never delete before confirmation
.codex_backups/final_test_legacy_eval_20260623_015807/reports/tables/acmg_feature_mapping.csv,.csv,616,SAFE_DELETE_CANDIDATE,cache or local restoration backup; never delete before confirmation
.codex_backups/final_test_legacy_eval_20260623_015807/reports/tables/advanced_threshold_comparison.csv,.csv,25260,SAFE_DELETE_CANDIDATE,cache or local restoration backup; never delete before confirmation
.codex_backups/final_test_legacy_eval_20260623_015807/reports/tables/all_evaluation_metrics.csv,.csv,9901,SAFE_DELETE_CANDIDATE,cache or local restoration backup; never delete before confirmation
.codex_backups/final_test_legacy_eval_20260623_015807/reports/tables/baseline_results.csv,.csv,1922,SAFE_DELETE_CANDIDATE,cache or local restoration backup; never delete before confirmation
.codex_backups/final_test_legacy_eval_20260623_015807/reports/tables/calibration_comparison.csv,.csv,3183,SAFE_DELETE_CANDIDATE,cache or local restoration backup; never delete before confirmation
.codex_backups/final_test_legacy_eval_20260623_015807/reports/tables/calibration_decision_matrix.csv,.csv,2381,SAFE_DELETE_CANDIDATE,cache or local restoration backup; never delete before confirmation
.codex_backups/final_test_legacy_eval_20260623_015807/reports/tables/class_distribution_by_dataset.csv,.csv,329,SAFE_DELETE_CANDIDATE,cache or local restoration backup; never delete before confirmation
.codex_backups/final_test_legacy_eval_20260623_015807/reports/tables/correlation_matrix_top_features.csv,.csv,20678,SAFE_DELETE_CANDIDATE,cache or local restoration backup; never delete before confirmation
.codex_backups/final_test_legacy_eval_20260623_015807/reports/tables/dataset_summary.csv,.csv,251,SAFE_DELETE_CANDIDATE,cache or local restoration backup; never delete before confirmation
.codex_backups/final_test_legacy_eval_20260623_015807/reports/tables/error_analysis.csv,.csv,4952,SAFE_DELETE_CANDIDATE,cache or local restoration backup; never delete before confirmation
.codex_backups/final_test_legacy_eval_20260623_015807/reports/tables/error_analysis_key_features.csv,.csv,1227,SAFE_DELETE_CANDIDATE,cache or local restoration backup; never delete before confirmation
.codex_backups/final_test_legacy_eval_20260623_015807/reports/tables/experiment_comparison.csv,.csv,2707,SAFE_DELETE_CANDIDATE,cache or local restoration backup; never delete before confirmation
.codex_backups/final_test_legacy_eval_20260623_015807/reports/tables/feature_group_ablation_results.csv,.csv,2075,SAFE_DELETE_CANDIDATE,cache or local restoration backup; never delete before confirmation
.codex_backups/final_test_legacy_eval_20260623_015807/reports/tables/feature_importance.csv,.csv,10363,SAFE_DELETE_CANDIDATE,cache or local restoration backup; never delete before confirmation
.codex_backups/final_test_legacy_eval_20260623_015807/reports/tables/feature_importance_top30.csv,.csv,837,SAFE_DELETE_CANDIDATE,cache or local restoration backup; never delete before confirmation
.codex_backups/final_test_legacy_eval_20260623_015807/reports/tables/final_acmg_feature_mapping.csv,.csv,2341,SAFE_DELETE_CANDIDATE,cache or local restoration backup; never delete before confirmation
.codex_backups/final_test_legacy_eval_20260623_015807/reports/tables/final_ensemble_comparison.csv,.csv,9108,SAFE_DELETE_CANDIDATE,cache or local restoration backup; never delete before confirmation
.codex_backups/final_test_legacy_eval_20260623_015807/reports/tables/final_ensemble_weights.csv,.csv,8258,SAFE_DELETE_CANDIDATE,cache or local restoration backup; never delete before confirmation
.codex_backups/final_test_legacy_eval_20260623_015807/reports/tables/final_error_group_feature_summary.csv,.csv,21766,SAFE_DELETE_CANDIDATE,cache or local restoration backup; never delete before confirmation
.codex_backups/final_test_legacy_eval_20260623_015807/reports/tables/final_evaluation_metrics.csv,.csv,1205,SAFE_DELETE_CANDIDATE,cache or local restoration backup; never delete before confirmation
.codex_backups/final_test_legacy_eval_20260623_015807/reports/tables/final_false_negative_cases.csv,.csv,37625,SAFE_DELETE_CANDIDATE,cache or local restoration backup; never delete before confirmation
.codex_backups/final_test_legacy_eval_20260623_015807/reports/tables/final_false_positive_cases.csv,.csv,61902,SAFE_DELETE_CANDIDATE,cache or local restoration backup; never delete before confirmation
.codex_backups/final_test_legacy_eval_20260623_015807/reports/tables/final_feature_importance_top30.csv,.csv,365,SAFE_DELETE_CANDIDATE,cache or local restoration backup; never delete before confirmation
.codex_backups/final_test_legacy_eval_20260623_015807/reports/tables/final_medical_metric_comparison.csv,.csv,3170,SAFE_DELETE_CANDIDATE,cache or local restoration backup; never delete before confirmation
.codex_backups/final_test_legacy_eval_20260623_015807/reports/tables/final_metric_verification_audit.csv,.csv,596,SAFE_DELETE_CANDIDATE,cache or local restoration backup; never delete before confirmation
.codex_backups/final_test_legacy_eval_20260623_015807/reports/tables/final_model_selection_table.csv,.csv,5985,SAFE_DELETE_CANDIDATE,cache or local restoration backup; never delete before confirmation
.codex_backups/final_test_legacy_eval_20260623_015807/reports/tables/final_panel_specific_metrics.csv,.csv,1129,SAFE_DELETE_CANDIDATE,cache or local restoration backup; never delete before confirmation
.codex_backups/final_test_legacy_eval_20260623_015807/reports/tables/final_selection_board.csv,.csv,17186,SAFE_DELETE_CANDIDATE,cache or local restoration backup; never delete before confirmation
.codex_backups/final_test_legacy_eval_20260623_015807/reports/tables/fold_threshold_stability.csv,.csv,5546,SAFE_DELETE_CANDIDATE,cache or local restoration backup; never delete before confirmation
.codex_backups/final_test_legacy_eval_20260623_015807/reports/tables/main_model_cv_results.csv,.csv,3750,SAFE_DELETE_CANDIDATE,cache or local restoration backup; never delete before confirmation
.codex_backups/final_test_legacy_eval_20260623_015807/reports/tables/missingness_by_feature_group.csv,.csv,541,SAFE_DELETE_CANDIDATE,cache or local restoration backup; never delete before confirmation
.codex_backups/final_test_legacy_eval_20260623_015807/reports/tables/missingness_summary.csv,.csv,45816,SAFE_DELETE_CANDIDATE,cache or local restoration backup; never delete before confirmation
.codex_backups/final_test_legacy_eval_20260623_015807/reports/tables/model_comparison_metrics.csv,.csv,860,SAFE_DELETE_CANDIDATE,cache or local restoration backup; never delete before confirmation
.codex_backups/final_test_legacy_eval_20260623_015807/reports/tables/model_diagnosis_summary.csv,.csv,359,SAFE_DELETE_CANDIDATE,cache or local restoration backup; never delete before confirmation
.codex_backups/final_test_legacy_eval_20260623_015807/reports/tables/model_zoo_fold_metrics.csv,.csv,15198,SAFE_DELETE_CANDIDATE,cache or local restoration backup; never delete before confirmation
.codex_backups/final_test_legacy_eval_20260623_015807/reports/tables/model_zoo_metrics.csv,.csv,6526,SAFE_DELETE_CANDIDATE,cache or local restoration backup; never delete before confirmation
.codex_backups/final_test_legacy_eval_20260623_015807/reports/tables/optuna_before_after_comparison.csv,.csv,1182,SAFE_DELETE_CANDIDATE,cache or local restoration backup; never delete before confirmation
.codex_backups/final_test_legacy_eval_20260623_015807/reports/tables/optuna_medical_best_params.csv,.csv,332,SAFE_DELETE_CANDIDATE,cache or local restoration backup; never delete before confirmation
.codex_backups/final_test_legacy_eval_20260623_015807/reports/tables/optuna_medical_candidate_fold_metrics.csv,.csv,2484,SAFE_DELETE_CANDIDATE,cache or local restoration backup; never delete before confirmation
.codex_backups/final_test_legacy_eval_20260623_015807/reports/tables/optuna_medical_candidate_overfitting_gaps.csv,.csv,356,SAFE_DELETE_CANDIDATE,cache or local restoration backup; never delete before confirmation
.codex_backups/final_test_legacy_eval_20260623_015807/reports/tables/optuna_medical_trials.csv,.csv,34021,SAFE_DELETE_CANDIDATE,cache or local restoration backup; never delete before confirmation
.codex_backups/final_test_legacy_eval_20260623_015807/reports/tables/overfitting_gap_analysis.csv,.csv,5684,SAFE_DELETE_CANDIDATE,cache or local restoration backup; never delete before confirmation
.codex_backups/final_test_legacy_eval_20260623_015807/reports/tables/overlap_summary.csv,.csv,483,SAFE_DELETE_CANDIDATE,cache or local restoration backup; never delete before confirmation
.codex_backups/final_test_legacy_eval_20260623_015807/reports/tables/panel_generalization_results.csv,.csv,147,SAFE_DELETE_CANDIDATE,cache or local restoration backup; never delete before confirmation
.codex_backups/final_test_legacy_eval_20260623_015807/reports/tables/panel_specific_error_analysis.csv,.csv,42275,SAFE_DELETE_CANDIDATE,cache or local restoration backup; never delete before confirmation
.codex_backups/final_test_legacy_eval_20260623_015807/reports/tables/panel_unique_bootstrap_ci.csv,.csv,1513,SAFE_DELETE_CANDIDATE,cache or local restoration backup; never delete before confirmation
.codex_backups/final_test_legacy_eval_20260623_015807/reports/tables/phase10_before_after_comparison.csv,.csv,1717,SAFE_DELETE_CANDIDATE,cache or local restoration backup; never delete before confirmation
.codex_backups/final_test_legacy_eval_20260623_015807/reports/tables/threshold_optimization.csv,.csv,14527,SAFE_DELETE_CANDIDATE,cache or local restoration backup; never delete before confirmation
.codex_backups/final_test_legacy_eval_20260623_015807/reports/tables/threshold_results.csv,.csv,170,SAFE_DELETE_CANDIDATE,cache or local restoration backup; never delete before confirmation
.codex_backups/final_test_legacy_eval_20260623_015807/reports/tables/validation_split_diagnostics.csv,.csv,375,SAFE_DELETE_CANDIDATE,cache or local restoration backup; never delete before confirmation
.codex_backups/final_test_legacy_eval_20260623_015807/reports/test_evaluation/tables/test_schema_audit.csv,.csv,2,SAFE_DELETE_CANDIDATE,cache or local restoration backup; never delete before confirmation
.codex_backups/final_test_legacy_eval_20260623_015807/reports/test_evaluation/test_data_discovery.md,.md,518,SAFE_DELETE_CANDIDATE,cache or local restoration backup; never delete before confirmation
.codex_backups/optuna_legacy_eval_20260623_012155/artifacts/metrics/experiments/experiment_001_initial/all_evaluation_metrics.csv,.csv,9901,SAFE_DELETE_CANDIDATE,cache or local restoration backup; never delete before confirmation
.codex_backups/optuna_legacy_eval_20260623_012155/artifacts/metrics/experiments/experiment_001_initial/config.json,.json,174,SAFE_DELETE_CANDIDATE,cache or local restoration backup; never delete before confirmation
.codex_backups/optuna_legacy_eval_20260623_012155/artifacts/metrics/experiments/experiment_001_initial/diagnosis.md,.md,212,SAFE_DELETE_CANDIDATE,cache or local restoration backup; never delete before confirmation
.codex_backups/optuna_legacy_eval_20260623_012155/artifacts/metrics/experiments/experiment_001_initial/error_analysis.csv,.csv,4952,SAFE_DELETE_CANDIDATE,cache or local restoration backup; never delete before confirmation
.codex_backups/optuna_legacy_eval_20260623_012155/artifacts/metrics/experiments/experiment_001_initial/feature_importance.csv,.csv,10363,SAFE_DELETE_CANDIDATE,cache or local restoration backup; never delete before confirmation
.codex_backups/optuna_legacy_eval_20260623_012155/artifacts/metrics/experiments/experiment_001_initial/main_model_cv_results.csv,.csv,3750,SAFE_DELETE_CANDIDATE,cache or local restoration backup; never delete before confirmation
.codex_backups/optuna_legacy_eval_20260623_012155/artifacts/metrics/experiments/experiment_001_initial/metrics.csv,.csv,2439,SAFE_DELETE_CANDIDATE,cache or local restoration backup; never delete before confirmation
.codex_backups/optuna_legacy_eval_20260623_012155/artifacts/metrics/experiments/experiment_001_initial/panel_generalization_results.csv,.csv,147,SAFE_DELETE_CANDIDATE,cache or local restoration backup; never delete before confirmation
.codex_backups/optuna_legacy_eval_20260623_012155/artifacts/metrics/experiments/experiment_001_initial/threshold_results.csv,.csv,170,SAFE_DELETE_CANDIDATE,cache or local restoration backup; never delete before confirmation
.codex_backups/optuna_legacy_eval_20260623_012155/artifacts/metrics/experiments/experiment_002_f1_threshold/config.json,.json,188,SAFE_DELETE_CANDIDATE,cache or local restoration backup; never delete before confirmation
.codex_backups/optuna_legacy_eval_20260623_012155/artifacts/metrics/experiments/experiment_002_f1_threshold/diagnosis.md,.md,205,SAFE_DELETE_CANDIDATE,cache or local restoration backup; never delete before confirmation
.codex_backups/optuna_legacy_eval_20260623_012155/artifacts/metrics/experiments/experiment_002_f1_threshold/metrics.csv,.csv,2439,SAFE_DELETE_CANDIDATE,cache or local restoration backup; never delete before confirmation
.codex_backups/optuna_legacy_eval_20260623_012155/artifacts/metrics/experiments/experiment_003_youden_threshold/config.json,.json,189,SAFE_DELETE_CANDIDATE,cache or local restoration backup; never delete before confirmation
.codex_backups/optuna_legacy_eval_20260623_012155/artifacts/metrics/experiments/experiment_003_youden_threshold/diagnosis.md,.md,186,SAFE_DELETE_CANDIDATE,cache or local restoration backup; never delete before confirmation
.codex_backups/optuna_legacy_eval_20260623_012155/artifacts/metrics/experiments/experiment_003_youden_threshold/metrics.csv,.csv,2439,SAFE_DELETE_CANDIDATE,cache or local restoration backup; never delete before confirmation
.codex_backups/optuna_legacy_eval_20260623_012155/artifacts/metrics/experiments/experiment_004_extra_trees/config.json,.json,189,SAFE_DELETE_CANDIDATE,cache or local restoration backup; never delete before confirmation
.codex_backups/optuna_legacy_eval_20260623_012155/artifacts/metrics/experiments/experiment_004_extra_trees/diagnosis.md,.md,148,SAFE_DELETE_CANDIDATE,cache or local restoration backup; never delete before confirmation
.codex_backups/optuna_legacy_eval_20260623_012155/artifacts/metrics/experiments/experiment_004_extra_trees/metrics.csv,.csv,1145,SAFE_DELETE_CANDIDATE,cache or local restoration backup; never delete before confirmation
.codex_backups/optuna_legacy_eval_20260623_012155/artifacts/metrics/experiments/experiment_005_catboost/config.json,.json,189,SAFE_DELETE_CANDIDATE,cache or local restoration backup; never delete before confirmation
.codex_backups/optuna_legacy_eval_20260623_012155/artifacts/metrics/experiments/experiment_005_catboost/diagnosis.md,.md,142,SAFE_DELETE_CANDIDATE,cache or local restoration backup; never delete before confirmation
.codex_backups/optuna_legacy_eval_20260623_012155/artifacts/metrics/experiments/experiment_005_catboost/metrics.csv,.csv,1136,SAFE_DELETE_CANDIDATE,cache or local restoration backup; never delete before confirmation
.codex_backups/optuna_legacy_eval_20260623_012155/artifacts/metrics/experiments/experiment_006_ensemble_stack/config.json,.json,189,SAFE_DELETE_CANDIDATE,cache or local restoration backup; never delete before confirmation
.codex_backups/optuna_legacy_eval_20260623_012155/artifacts/metrics/experiments/experiment_006_ensemble_stack/diagnosis.md,.md,165,SAFE_DELETE_CANDIDATE,cache or local restoration backup; never delete before confirmation
.codex_backups/optuna_legacy_eval_20260623_012155/artifacts/metrics/experiments/experiment_006_ensemble_stack/metrics.csv,.csv,1153,SAFE_DELETE_CANDIDATE,cache or local restoration backup; never delete before confirmation
.codex_backups/optuna_legacy_eval_20260623_012155/artifacts/metrics/experiments/experiment_007_lr_ek_only/config.json,.json,188,SAFE_DELETE_CANDIDATE,cache or local restoration backup; never delete before confirmation
.codex_backups/optuna_legacy_eval_20260623_012155/artifacts/metrics/experiments/experiment_007_lr_ek_only/diagnosis.md,.md,172,SAFE_DELETE_CANDIDATE,cache or local restoration backup; never delete before confirmation
.codex_backups/optuna_legacy_eval_20260623_012155/artifacts/metrics/experiments/experiment_007_lr_ek_only/metrics.csv,.csv,2222,SAFE_DELETE_CANDIDATE,cache or local restoration backup; never delete before confirmation
.codex_backups/optuna_legacy_eval_20260623_012155/artifacts/metrics/experiments/experiment_008_ek_only_features/config.json,.json,177,SAFE_DELETE_CANDIDATE,cache or local restoration backup; never delete before confirmation
.codex_backups/optuna_legacy_eval_20260623_012155/artifacts/metrics/experiments/experiment_008_ek_only_features/diagnosis.md,.md,160,SAFE_DELETE_CANDIDATE,cache or local restoration backup; never delete before confirmation
.codex_backups/optuna_legacy_eval_20260623_012155/artifacts/metrics/experiments/experiment_008_ek_only_features/metrics.csv,.csv,427,SAFE_DELETE_CANDIDATE,cache or local restoration backup; never delete before confirmation
.codex_backups/optuna_legacy_eval_20260623_012155/artifacts/metrics/experiments/experiment_009_al_only_features/config.json,.json,177,SAFE_DELETE_CANDIDATE,cache or local restoration backup; never delete before confirmation
.codex_backups/optuna_legacy_eval_20260623_012155/artifacts/metrics/experiments/experiment_009_al_only_features/diagnosis.md,.md,160,SAFE_DELETE_CANDIDATE,cache or local restoration backup; never delete before confirmation
.codex_backups/optuna_legacy_eval_20260623_012155/artifacts/metrics/experiments/experiment_009_al_only_features/metrics.csv,.csv,427,SAFE_DELETE_CANDIDATE,cache or local restoration backup; never delete before confirmation
.codex_backups/optuna_legacy_eval_20260623_012155/artifacts/metrics/experiments/experiment_010_engineered_only/config.json,.json,177,SAFE_DELETE_CANDIDATE,cache or local restoration backup; never delete before confirmation
.codex_backups/optuna_legacy_eval_20260623_012155/artifacts/metrics/experiments/experiment_010_engineered_only/diagnosis.md,.md,175,SAFE_DELETE_CANDIDATE,cache or local restoration backup; never delete before confirmation
.codex_backups/optuna_legacy_eval_20260623_012155/artifacts/metrics/experiments/experiment_010_engineered_only/metrics.csv,.csv,441,SAFE_DELETE_CANDIDATE,cache or local restoration backup; never delete before confirmation
.codex_backups/optuna_legacy_eval_20260623_012155/artifacts/metrics/experiments/lightgbm_balanced_regularized/config.json,.json,327,SAFE_DELETE_CANDIDATE,cache or local restoration backup; never delete before confirmation
.codex_backups/optuna_legacy_eval_20260623_012155/artifacts/metrics/experiments/lightgbm_balanced_regularized/metrics.csv,.csv,782,SAFE_DELETE_CANDIDATE,cache or local restoration backup; never delete before confirmation
.codex_backups/optuna_legacy_eval_20260623_012155/artifacts/metrics/experiments/lightgbm_conservative_regularized/config.json,.json,327,SAFE_DELETE_CANDIDATE,cache or local restoration backup; never delete before confirmation
.codex_backups/optuna_legacy_eval_20260623_012155/artifacts/metrics/experiments/lightgbm_conservative_regularized/metrics.csv,.csv,806,SAFE_DELETE_CANDIDATE,cache or local restoration backup; never delete before confirmation
.codex_backups/optuna_legacy_eval_20260623_012155/artifacts/metrics/experiments/lightgbm_current_best/config.json,.json,291,SAFE_DELETE_CANDIDATE,cache or local restoration backup; never delete before confirmation
.codex_backups/optuna_legacy_eval_20260623_012155/artifacts/metrics/experiments/lightgbm_current_best/metrics.csv,.csv,736,SAFE_DELETE_CANDIDATE,cache or local restoration backup; never delete before confirmation
.codex_backups/optuna_legacy_eval_20260623_012155/artifacts/metrics/experiments/lightgbm_high_capacity_controlled/config.json,.json,330,SAFE_DELETE_CANDIDATE,cache or local restoration backup; never delete before confirmation
.codex_backups/optuna_legacy_eval_20260623_012155/artifacts/metrics/experiments/lightgbm_high_capacity_controlled/metrics.csv,.csv,793,SAFE_DELETE_CANDIDATE,cache or local restoration backup; never delete before confirmation
.codex_backups/optuna_legacy_eval_20260623_012155/artifacts/metrics/feature_list.json,.json,5696,SAFE_DELETE_CANDIDATE,cache or local restoration backup; never delete before confirmation
.codex_backups/optuna_legacy_eval_20260623_012155/artifacts/metrics/final_config.json,.json,712,SAFE_DELETE_CANDIDATE,cache or local restoration backup; never delete before confirmation
.codex_backups/optuna_legacy_eval_20260623_012155/artifacts/metrics/final_feature_list.json,.json,5696,SAFE_DELETE_CANDIDATE,cache or local restoration backup; never delete before confirmation
.codex_backups/optuna_legacy_eval_20260623_012155/artifacts/metrics/final_metrics.json,.json,1465,SAFE_DELETE_CANDIDATE,cache or local restoration backup; never delete before confirmation
.codex_backups/optuna_legacy_eval_20260623_012155/artifacts/metrics/final_model_decision.json,.json,7382,SAFE_DELETE_CANDIDATE,cache or local restoration backup; never delete before confirmation
.codex_backups/optuna_legacy_eval_20260623_012155/artifacts/metrics/final_threshold.json,.json,250,SAFE_DELETE_CANDIDATE,cache or local restoration backup; never delete before confirmation
.codex_backups/optuna_legacy_eval_20260623_012155/artifacts/metrics/optuna_medical_best_params.json,.json,2766,SAFE_DELETE_CANDIDATE,cache or local restoration backup; never delete before confirmation
.codex_backups/optuna_legacy_eval_20260623_012155/artifacts/models/experiments/experiment_001_initial/README.md,.md,153,SAFE_DELETE_CANDIDATE,cache or local restoration backup; never delete before confirmation
.codex_backups/optuna_legacy_eval_20260623_012155/artifacts/models/experiments/experiment_002_f1_threshold/README.md,.md,153,SAFE_DELETE_CANDIDATE,cache or local restoration backup; never delete before confirmation
.codex_backups/optuna_legacy_eval_20260623_012155/artifacts/models/experiments/experiment_003_youden_threshold/README.md,.md,153,SAFE_DELETE_CANDIDATE,cache or local restoration backup; never delete before confirmation
.codex_backups/optuna_legacy_eval_20260623_012155/artifacts/models/experiments/experiment_004_extra_trees/README.md,.md,153,SAFE_DELETE_CANDIDATE,cache or local restoration backup; never delete before confirmation
.codex_backups/optuna_legacy_eval_20260623_012155/artifacts/models/experiments/experiment_005_catboost/README.md,.md,153,SAFE_DELETE_CANDIDATE,cache or local restoration backup; never delete before confirmation
.codex_backups/optuna_legacy_eval_20260623_012155/artifacts/models/experiments/experiment_006_ensemble_stack/README.md,.md,153,SAFE_DELETE_CANDIDATE,cache or local restoration backup; never delete before confirmation
.codex_backups/optuna_legacy_eval_20260623_012155/artifacts/models/experiments/experiment_007_lr_ek_only/README.md,.md,153,SAFE_DELETE_CANDIDATE,cache or local restoration backup; never delete before confirmation
.codex_backups/optuna_legacy_eval_20260623_012155/artifacts/models/experiments/experiment_008_ek_only_features/README.md,.md,153,SAFE_DELETE_CANDIDATE,cache or local restoration backup; never delete before confirmation
.codex_backups/optuna_legacy_eval_20260623_012155/artifacts/models/experiments/experiment_009_al_only_features/README.md,.md,153,SAFE_DELETE_CANDIDATE,cache or local restoration backup; never delete before confirmation
.codex_backups/optuna_legacy_eval_20260623_012155/artifacts/models/experiments/experiment_010_engineered_only/README.md,.md,153,SAFE_DELETE_CANDIDATE,cache or local restoration backup; never delete before confirmation
.codex_backups/optuna_legacy_eval_20260623_012155/artifacts/models/final_model.pkl,.pkl,1217444,SAFE_DELETE_CANDIDATE,cache or local restoration backup; never delete before confirmation
.codex_backups/optuna_legacy_eval_20260623_012155/artifacts/models/final_model_columns.txt,.txt,3495,SAFE_DELETE_CANDIDATE,cache or local restoration backup; never delete before confirmation
.codex_backups/optuna_legacy_eval_20260623_012155/artifacts/models/lightgbm_final.joblib,.joblib,9797876,SAFE_DELETE_CANDIDATE,cache or local restoration backup; never delete before confirmation
.codex_backups/optuna_legacy_eval_20260623_012155/artifacts/models/model_columns.txt,.txt,3495,SAFE_DELETE_CANDIDATE,cache or local restoration backup; never delete before confirmation
.codex_backups/optuna_legacy_eval_20260623_012155/artifacts/predictions/final_ensemble_oof_predictions.csv,.csv,408134,SAFE_DELETE_CANDIDATE,cache or local restoration backup; never delete before confirmation
.codex_backups/optuna_legacy_eval_20260623_012155/artifacts/predictions/final_ensemble_panel_predictions.csv,.csv,52933,SAFE_DELETE_CANDIDATE,cache or local restoration backup; never delete before confirmation
.codex_backups/optuna_legacy_eval_20260623_012155/artifacts/predictions/final_master_cv_predictions.csv,.csv,220660,SAFE_DELETE_CANDIDATE,cache or local restoration backup; never delete before confirmation
.codex_backups/optuna_legacy_eval_20260623_012155/artifacts/predictions/final_panel_predictions.csv,.csv,29330,SAFE_DELETE_CANDIDATE,cache or local restoration backup; never delete before confirmation
.codex_backups/optuna_legacy_eval_20260623_012155/artifacts/predictions/master_cv_model_predictions_phase9.csv,.csv,1178574,SAFE_DELETE_CANDIDATE,cache or local restoration backup; never delete before confirmation
.codex_backups/optuna_legacy_eval_20260623_012155/artifacts/predictions/model_zoo_folds/fold_0_predictions.csv,.csv,69533,SAFE_DELETE_CANDIDATE,cache or local restoration backup; never delete before confirmation
.codex_backups/optuna_legacy_eval_20260623_012155/artifacts/predictions/model_zoo_folds/fold_1_predictions.csv,.csv,69073,SAFE_DELETE_CANDIDATE,cache or local restoration backup; never delete before confirmation
.codex_backups/optuna_legacy_eval_20260623_012155/artifacts/predictions/model_zoo_folds/fold_2_predictions.csv,.csv,69039,SAFE_DELETE_CANDIDATE,cache or local restoration backup; never delete before confirmation
.codex_backups/optuna_legacy_eval_20260623_012155/artifacts/predictions/model_zoo_folds/fold_3_predictions.csv,.csv,69999,SAFE_DELETE_CANDIDATE,cache or local restoration backup; never delete before confirmation
.codex_backups/optuna_legacy_eval_20260623_012155/artifacts/predictions/model_zoo_folds/fold_4_predictions.csv,.csv,70372,SAFE_DELETE_CANDIDATE,cache or local restoration backup; never delete before confirmation
.codex_backups/optuna_legacy_eval_20260623_012155/artifacts/predictions/model_zoo_oof_predictions.csv,.csv,317968,SAFE_DELETE_CANDIDATE,cache or local restoration backup; never delete before confirmation
.codex_backups/optuna_legacy_eval_20260623_012155/artifacts/predictions/model_zoo_panel_predictions.csv,.csv,41687,SAFE_DELETE_CANDIDATE,cache or local restoration backup; never delete before confirmation
.codex_backups/optuna_legacy_eval_20260623_012155/artifacts/predictions/oof_predictions.csv,.csv,140654,SAFE_DELETE_CANDIDATE,cache or local restoration backup; never delete before confirmation
.codex_backups/optuna_legacy_eval_20260623_012155/artifacts/predictions/optuna_medical_candidate_oof_predictions.csv,.csv,190893,SAFE_DELETE_CANDIDATE,cache or local restoration backup; never delete before confirmation
.codex_backups/optuna_legacy_eval_20260623_012155/artifacts/predictions/optuna_medical_candidate_panel_predictions.csv,.csv,19912,SAFE_DELETE_CANDIDATE,cache or local restoration backup; never delete before confirmation
.codex_backups/optuna_legacy_eval_20260623_012155/artifacts/predictions/panel_unique_model_predictions_phase9.csv,.csv,21316,SAFE_DELETE_CANDIDATE,cache or local restoration backup; never delete before confirmation
.codex_backups/optuna_legacy_eval_20260623_012155/artifacts/predictions/panel_unique_predictions.csv,.csv,19465,SAFE_DELETE_CANDIDATE,cache or local restoration backup; never delete before confirmation
.codex_backups/optuna_legacy_eval_20260623_012155/artifacts/preprocessors/feature_engineer.joblib,.joblib,40787,SAFE_DELETE_CANDIDATE,cache or local restoration backup; never delete before confirmation
.codex_backups/optuna_legacy_eval_20260623_012155/artifacts/preprocessors/final_preprocessor.pkl,.pkl,40787,SAFE_DELETE_CANDIDATE,cache or local restoration backup; never delete before confirmation
.codex_backups/optuna_legacy_eval_20260623_012155/reports/calibration_decision_review.md,.md,2787,SAFE_DELETE_CANDIDATE,cache or local restoration backup; never delete before confirmation
.codex_backups/optuna_legacy_eval_20260623_012155/reports/current_results_verification.md,.md,995,SAFE_DELETE_CANDIDATE,cache or local restoration backup; never delete before confirmation
.codex_backups/optuna_legacy_eval_20260623_012155/reports/eda/EDA_MODEL_BRIDGE.md,.md,8368,SAFE_DELETE_CANDIDATE,cache or local restoration backup; never delete before confirmation
.codex_backups/optuna_legacy_eval_20260623_012155/reports/eda/EDA_REPORT.md,.md,43480,SAFE_DELETE_CANDIDATE,cache or local restoration backup; never delete before confirmation
.codex_backups/optuna_legacy_eval_20260623_012155/reports/eda/TEKNOFEST2026_EDA.ipynb,.ipynb,28779,SAFE_DELETE_CANDIDATE,cache or local restoration backup; never delete before confirmation
.codex_backups/optuna_legacy_eval_20260623_012155/reports/eda/TEKNOFEST2026_EDA_EXECUTED.ipynb,.ipynb,417453,SAFE_DELETE_CANDIDATE,cache or local restoration backup; never delete before confirmation
.codex_backups/optuna_legacy_eval_20260623_012155/reports/eda/figures/al_pca_cumulative_variance.png,.png,58350,SAFE_DELETE_CANDIDATE,cache or local restoration backup; never delete before confirmation
.codex_backups/optuna_legacy_eval_20260623_012155/reports/eda/figures/eda_model_feature_alignment.png,.png,50241,SAFE_DELETE_CANDIDATE,cache or local restoration backup; never delete before confirmation
.codex_backups/optuna_legacy_eval_20260623_012155/reports/eda/figures/ek_spearman_correlation.png,.png,50477,SAFE_DELETE_CANDIDATE,cache or local restoration backup; never delete before confirmation
.codex_backups/optuna_legacy_eval_20260623_012155/reports/eda/figures/missingness_top80.png,.png,128762,SAFE_DELETE_CANDIDATE,cache or local restoration backup; never delete before confirmation
.codex_backups/optuna_legacy_eval_20260623_012155/reports/eda/figures/top10_numeric_boxplots.png,.png,110355,SAFE_DELETE_CANDIDATE,cache or local restoration backup; never delete before confirmation
.codex_backups/optuna_legacy_eval_20260623_012155/reports/eda/tables/eda_model_feature_alignment.csv,.csv,30605,SAFE_DELETE_CANDIDATE,cache or local restoration backup; never delete before confirmation
.codex_backups/optuna_legacy_eval_20260623_012155/reports/eda/tables/eda_panel_model_alignment.csv,.csv,409,SAFE_DELETE_CANDIDATE,cache or local restoration backup; never delete before confirmation
.codex_backups/optuna_legacy_eval_20260623_012155/reports/eda/tables/eda_to_model_decision_bridge.csv,.csv,1639,SAFE_DELETE_CANDIDATE,cache or local restoration backup; never delete before confirmation
.codex_backups/optuna_legacy_eval_20260623_012155/reports/eda/tables/phase1_constant_near_constant.csv,.csv,1721,SAFE_DELETE_CANDIDATE,cache or local restoration backup; never delete before confirmation
.codex_backups/optuna_legacy_eval_20260623_012155/reports/eda/tables/phase1_missingness_bands.csv,.csv,65,SAFE_DELETE_CANDIDATE,cache or local restoration backup; never delete before confirmation
.codex_backups/optuna_legacy_eval_20260623_012155/reports/eda/tables/phase1_missingness_profile.csv,.csv,13688,SAFE_DELETE_CANDIDATE,cache or local restoration backup; never delete before confirmation
.codex_backups/optuna_legacy_eval_20260623_012155/reports/eda/tables/phase1_overlaps.csv,.csv,233,SAFE_DELETE_CANDIDATE,cache or local restoration backup; never delete before confirmation
.codex_backups/optuna_legacy_eval_20260623_012155/reports/eda/tables/phase1_schema_class_balance.csv,.csv,298,SAFE_DELETE_CANDIDATE,cache or local restoration backup; never delete before confirmation
.codex_backups/optuna_legacy_eval_20260623_012155/reports/eda/tables/phase2_aa_frequency.csv,.csv,619,SAFE_DELETE_CANDIDATE,cache or local restoration backup; never delete before confirmation
.codex_backups/optuna_legacy_eval_20260623_012155/reports/eda/tables/phase2_aa_nonstandard_codes.csv,.csv,127,SAFE_DELETE_CANDIDATE,cache or local restoration backup; never delete before confirmation
.codex_backups/optuna_legacy_eval_20260623_012155/reports/eda/tables/phase2_aa_pairs.csv,.csv,1205,SAFE_DELETE_CANDIDATE,cache or local restoration backup; never delete before confirmation
.codex_backups/optuna_legacy_eval_20260623_012155/reports/eda/tables/phase2_al_distribution_summary.csv,.csv,48880,SAFE_DELETE_CANDIDATE,cache or local restoration backup; never delete before confirmation
.codex_backups/optuna_legacy_eval_20260623_012155/reports/eda/tables/phase2_al_groups_by_n_notna.csv,.csv,384,SAFE_DELETE_CANDIDATE,cache or local restoration backup; never delete before confirmation
.codex_backups/optuna_legacy_eval_20260623_012155/reports/eda/tables/phase2_cat_label_rates.csv,.csv,4145,SAFE_DELETE_CANDIDATE,cache or local restoration backup; never delete before confirmation
.codex_backups/optuna_legacy_eval_20260623_012155/reports/eda/tables/phase2_cat_summary.csv,.csv,280,SAFE_DELETE_CANDIDATE,cache or local restoration backup; never delete before confirmation
.codex_backups/optuna_legacy_eval_20260623_012155/reports/eda/tables/phase2_ek_spearman_correlation.csv,.csv,1535,SAFE_DELETE_CANDIDATE,cache or local restoration backup; never delete before confirmation
.codex_backups/optuna_legacy_eval_20260623_012155/reports/eda/tables/phase2_ek_summary.csv,.csv,1364,SAFE_DELETE_CANDIDATE,cache or local restoration backup; never delete before confirmation
.codex_backups/optuna_legacy_eval_20260623_012155/reports/eda/tables/phase3_missingness_as_feature.csv,.csv,36720,SAFE_DELETE_CANDIDATE,cache or local restoration backup; never delete before confirmation
.codex_backups/optuna_legacy_eval_20260623_012155/reports/eda/tables/phase3_numeric_auc_ranked.csv,.csv,28559,SAFE_DELETE_CANDIDATE,cache or local restoration backup; never delete before confirmation
.codex_backups/optuna_legacy_eval_20260623_012155/reports/eda/tables/phase4_al_pca.csv,.csv,974,SAFE_DELETE_CANDIDATE,cache or local restoration backup; never delete before confirmation
.codex_backups/optuna_legacy_eval_20260623_012155/reports/eda/tables/phase4_al_triplet_correlations.csv,.csv,8540,SAFE_DELETE_CANDIDATE,cache or local restoration backup; never delete before confirmation
.codex_backups/optuna_legacy_eval_20260623_012155/reports/eda/tables/phase4_cross_group_spearman.csv,.csv,4537,SAFE_DELETE_CANDIDATE,cache or local restoration backup; never delete before confirmation
.codex_backups/optuna_legacy_eval_20260623_012155/reports/eda/tables/phase4_high_cross_group_correlations.csv,.csv,173,SAFE_DELETE_CANDIDATE,cache or local restoration backup; never delete before confirmation
.codex_backups/optuna_legacy_eval_20260623_012155/reports/eda/tables/phase4_leakage_suspects.csv,.csv,79,SAFE_DELETE_CANDIDATE,cache or local restoration backup; never delete before confirmation
.codex_backups/optuna_legacy_eval_20260623_012155/reports/eda/tables/phase5_panel_unique_vs_shared.csv,.csv,536,SAFE_DELETE_CANDIDATE,cache or local restoration backup; never delete before confirmation
.codex_backups/optuna_legacy_eval_20260623_012155/reports/eda/tables/phase5_top10_cross_dataset_shift.csv,.csv,4119,SAFE_DELETE_CANDIDATE,cache or local restoration backup; never delete before confirmation
.codex_backups/optuna_legacy_eval_20260623_012155/reports/eda/tables/phase6_acmg_interpretation.csv,.csv,3298,SAFE_DELETE_CANDIDATE,cache or local restoration backup; never delete before confirmation
.codex_backups/optuna_legacy_eval_20260623_012155/reports/eda_notebook_outputs/figures/al_pca_cumulative_variance.png,.png,58350,SAFE_DELETE_CANDIDATE,cache or local restoration backup; never delete before confirmation
.codex_backups/optuna_legacy_eval_20260623_012155/reports/eda_notebook_outputs/figures/ek_spearman_correlation.png,.png,50477,SAFE_DELETE_CANDIDATE,cache or local restoration backup; never delete before confirmation
.codex_backups/optuna_legacy_eval_20260623_012155/reports/eda_notebook_outputs/figures/missingness_top80.png,.png,130462,SAFE_DELETE_CANDIDATE,cache or local restoration backup; never delete before confirmation
.codex_backups/optuna_legacy_eval_20260623_012155/reports/eda_notebook_outputs/figures/top10_numeric_boxplots.png,.png,110355,SAFE_DELETE_CANDIDATE,cache or local restoration backup; never delete before confirmation
.codex_backups/optuna_legacy_eval_20260623_012155/reports/eda_notebook_outputs/tables/phase1_constant_near_constant.csv,.csv,1721,SAFE_DELETE_CANDIDATE,cache or local restoration backup; never delete before confirmation
.codex_backups/optuna_legacy_eval_20260623_012155/reports/eda_notebook_outputs/tables/phase1_missingness_profile.csv,.csv,13688,SAFE_DELETE_CANDIDATE,cache or local restoration backup; never delete before confirmation
.codex_backups/optuna_legacy_eval_20260623_012155/reports/eda_notebook_outputs/tables/phase1_overlaps.csv,.csv,233,SAFE_DELETE_CANDIDATE,cache or local restoration backup; never delete before confirmation
.codex_backups/optuna_legacy_eval_20260623_012155/reports/eda_notebook_outputs/tables/phase1_schema_class_balance.csv,.csv,298,SAFE_DELETE_CANDIDATE,cache or local restoration backup; never delete before confirmation
.codex_backups/optuna_legacy_eval_20260623_012155/reports/eda_notebook_outputs/tables/phase2_aa_frequency.csv,.csv,619,SAFE_DELETE_CANDIDATE,cache or local restoration backup; never delete before confirmation
.codex_backups/optuna_legacy_eval_20260623_012155/reports/eda_notebook_outputs/tables/phase2_aa_pairs.csv,.csv,1205,SAFE_DELETE_CANDIDATE,cache or local restoration backup; never delete before confirmation
.codex_backups/optuna_legacy_eval_20260623_012155/reports/eda_notebook_outputs/tables/phase2_al_distribution_summary.csv,.csv,48880,SAFE_DELETE_CANDIDATE,cache or local restoration backup; never delete before confirmation
.codex_backups/optuna_legacy_eval_20260623_012155/reports/eda_notebook_outputs/tables/phase2_al_groups_by_n_notna.csv,.csv,384,SAFE_DELETE_CANDIDATE,cache or local restoration backup; never delete before confirmation
.codex_backups/optuna_legacy_eval_20260623_012155/reports/eda_notebook_outputs/tables/phase2_cat_label_rates.csv,.csv,4145,SAFE_DELETE_CANDIDATE,cache or local restoration backup; never delete before confirmation
.codex_backups/optuna_legacy_eval_20260623_012155/reports/eda_notebook_outputs/tables/phase2_cat_summary.csv,.csv,280,SAFE_DELETE_CANDIDATE,cache or local restoration backup; never delete before confirmation
.codex_backups/optuna_legacy_eval_20260623_012155/reports/eda_notebook_outputs/tables/phase2_ek_spearman_correlation.csv,.csv,1535,SAFE_DELETE_CANDIDATE,cache or local restoration backup; never delete before confirmation
.codex_backups/optuna_legacy_eval_20260623_012155/reports/eda_notebook_outputs/tables/phase2_ek_summary.csv,.csv,1364,SAFE_DELETE_CANDIDATE,cache or local restoration backup; never delete before confirmation
.codex_backups/optuna_legacy_eval_20260623_012155/reports/eda_notebook_outputs/tables/phase3_missingness_as_feature.csv,.csv,29754,SAFE_DELETE_CANDIDATE,cache or local restoration backup; never delete before confirmation
.codex_backups/optuna_legacy_eval_20260623_012155/reports/eda_notebook_outputs/tables/phase3_numeric_auc_ranked.csv,.csv,28559,SAFE_DELETE_CANDIDATE,cache or local restoration backup; never delete before confirmation
.codex_backups/optuna_legacy_eval_20260623_012155/reports/eda_notebook_outputs/tables/phase4_al_pca.csv,.csv,974,SAFE_DELETE_CANDIDATE,cache or local restoration backup; never delete before confirmation
.codex_backups/optuna_legacy_eval_20260623_012155/reports/eda_notebook_outputs/tables/phase4_al_triplet_correlations.csv,.csv,8540,SAFE_DELETE_CANDIDATE,cache or local restoration backup; never delete before confirmation
.codex_backups/optuna_legacy_eval_20260623_012155/reports/eda_notebook_outputs/tables/phase4_cross_group_spearman.csv,.csv,4537,SAFE_DELETE_CANDIDATE,cache or local restoration backup; never delete before confirmation
.codex_backups/optuna_legacy_eval_20260623_012155/reports/eda_notebook_outputs/tables/phase4_high_cross_group_correlations.csv,.csv,173,SAFE_DELETE_CANDIDATE,cache or local restoration backup; never delete before confirmation
.codex_backups/optuna_legacy_eval_20260623_012155/reports/eda_notebook_outputs/tables/phase4_leakage_suspects.csv,.csv,79,SAFE_DELETE_CANDIDATE,cache or local restoration backup; never delete before confirmation
.codex_backups/optuna_legacy_eval_20260623_012155/reports/eda_notebook_outputs/tables/phase5_panel_unique_vs_shared.csv,.csv,536,SAFE_DELETE_CANDIDATE,cache or local restoration backup; never delete before confirmation
.codex_backups/optuna_legacy_eval_20260623_012155/reports/eda_notebook_outputs/tables/phase5_top10_cross_dataset_shift.csv,.csv,4119,SAFE_DELETE_CANDIDATE,cache or local restoration backup; never delete before confirmation
.codex_backups/optuna_legacy_eval_20260623_012155/reports/eda_notebook_outputs/tables/phase6_acmg_interpretation.csv,.csv,3298,SAFE_DELETE_CANDIDATE,cache or local restoration backup; never delete before confirmation
.codex_backups/optuna_legacy_eval_20260623_012155/reports/explainability/acmg_feature_mapping.csv,.csv,616,SAFE_DELETE_CANDIDATE,cache or local restoration backup; never delete before confirmation
.codex_backups/optuna_legacy_eval_20260623_012155/reports/explainability/shap_beeswarm.png,.png,307620,SAFE_DELETE_CANDIDATE,cache or local restoration backup; never delete before confirmation
.codex_backups/optuna_legacy_eval_20260623_012155/reports/explainability/shap_case_confusion_matrix.csv,.csv,46,SAFE_DELETE_CANDIDATE,cache or local restoration backup; never delete before confirmation
.codex_backups/optuna_legacy_eval_20260623_012155/reports/explainability/shap_case_panel_unique_confusion_matrix.csv,.csv,44,SAFE_DELETE_CANDIDATE,cache or local restoration backup; never delete before confirmation
.codex_backups/optuna_legacy_eval_20260623_012155/reports/explainability/shap_dependence_EK7_by_EK9.png,.png,229937,SAFE_DELETE_CANDIDATE,cache or local restoration backup; never delete before confirmation
.codex_backups/optuna_legacy_eval_20260623_012155/reports/explainability/shap_dependence_npops_by_maxAF.png,.png,67010,SAFE_DELETE_CANDIDATE,cache or local restoration backup; never delete before confirmation
.codex_backups/optuna_legacy_eval_20260623_012155/reports/explainability/shap_global_bar.png,.png,62847,SAFE_DELETE_CANDIDATE,cache or local restoration backup; never delete before confirmation
.codex_backups/optuna_legacy_eval_20260623_012155/reports/explainability/shap_global_importance.csv,.csv,10363,SAFE_DELETE_CANDIDATE,cache or local restoration backup; never delete before confirmation
.codex_backups/optuna_legacy_eval_20260623_012155/reports/explainability/shap_group_importance.csv,.csv,249,SAFE_DELETE_CANDIDATE,cache or local restoration backup; never delete before confirmation
.codex_backups/optuna_legacy_eval_20260623_012155/reports/explainability/shap_waterfall_01_TP.png,.png,133876,SAFE_DELETE_CANDIDATE,cache or local restoration backup; never delete before confirmation
.codex_backups/optuna_legacy_eval_20260623_012155/reports/explainability/shap_waterfall_02_TP.png,.png,131617,SAFE_DELETE_CANDIDATE,cache or local restoration backup; never delete before confirmation
.codex_backups/optuna_legacy_eval_20260623_012155/reports/explainability/shap_waterfall_03_TP.png,.png,130778,SAFE_DELETE_CANDIDATE,cache or local restoration backup; never delete before confirmation
.codex_backups/optuna_legacy_eval_20260623_012155/reports/explainability/shap_waterfall_04_TP.png,.png,137533,SAFE_DELETE_CANDIDATE,cache or local restoration backup; never delete before confirmation
.codex_backups/optuna_legacy_eval_20260623_012155/reports/explainability/shap_waterfall_05_TP.png,.png,134504,SAFE_DELETE_CANDIDATE,cache or local restoration backup; never delete before confirmation
.codex_backups/optuna_legacy_eval_20260623_012155/reports/explainability/shap_waterfall_06_TN.png,.png,136261,SAFE_DELETE_CANDIDATE,cache or local restoration backup; never delete before confirmation
.codex_backups/optuna_legacy_eval_20260623_012155/reports/explainability/shap_waterfall_07_TN.png,.png,133897,SAFE_DELETE_CANDIDATE,cache or local restoration backup; never delete before confirmation
.codex_backups/optuna_legacy_eval_20260623_012155/reports/explainability/shap_waterfall_08_TN.png,.png,138396,SAFE_DELETE_CANDIDATE,cache or local restoration backup; never delete before confirmation
.codex_backups/optuna_legacy_eval_20260623_012155/reports/explainability/shap_waterfall_09_TN.png,.png,134452,SAFE_DELETE_CANDIDATE,cache or local restoration backup; never delete before confirmation
.codex_backups/optuna_legacy_eval_20260623_012155/reports/explainability/shap_waterfall_10_TN.png,.png,136567,SAFE_DELETE_CANDIDATE,cache or local restoration backup; never delete before confirmation
.codex_backups/optuna_legacy_eval_20260623_012155/reports/explainability/shap_waterfall_11_FN.png,.png,134323,SAFE_DELETE_CANDIDATE,cache or local restoration backup; never delete before confirmation
.codex_backups/optuna_legacy_eval_20260623_012155/reports/explainability/shap_waterfall_12_FN.png,.png,134323,SAFE_DELETE_CANDIDATE,cache or local restoration backup; never delete before confirmation
.codex_backups/optuna_legacy_eval_20260623_012155/reports/explainability/shap_waterfall_13_FN.png,.png,134323,SAFE_DELETE_CANDIDATE,cache or local restoration backup; never delete before confirmation
.codex_backups/optuna_legacy_eval_20260623_012155/reports/explainability/shap_waterfall_14_FN.png,.png,134323,SAFE_DELETE_CANDIDATE,cache or local restoration backup; never delete before confirmation
.codex_backups/optuna_legacy_eval_20260623_012155/reports/explainability/shap_waterfall_15_FN.png,.png,134323,SAFE_DELETE_CANDIDATE,cache or local restoration backup; never delete before confirmation
.codex_backups/optuna_legacy_eval_20260623_012155/reports/explainability/shap_waterfall_cases.csv,.csv,637,SAFE_DELETE_CANDIDATE,cache or local restoration backup; never delete before confirmation
.codex_backups/optuna_legacy_eval_20260623_012155/reports/explainability/shap_waterfall_panel_unique_01_TP.png,.png,132859,SAFE_DELETE_CANDIDATE,cache or local restoration backup; never delete before confirmation
.codex_backups/optuna_legacy_eval_20260623_012155/reports/explainability/shap_waterfall_panel_unique_02_TP.png,.png,128819,SAFE_DELETE_CANDIDATE,cache or local restoration backup; never delete before confirmation
.codex_backups/optuna_legacy_eval_20260623_012155/reports/explainability/shap_waterfall_panel_unique_03_TP.png,.png,133895,SAFE_DELETE_CANDIDATE,cache or local restoration backup; never delete before confirmation
.codex_backups/optuna_legacy_eval_20260623_012155/reports/explainability/shap_waterfall_panel_unique_04_TP.png,.png,127364,SAFE_DELETE_CANDIDATE,cache or local restoration backup; never delete before confirmation
.codex_backups/optuna_legacy_eval_20260623_012155/reports/explainability/shap_waterfall_panel_unique_05_TP.png,.png,133598,SAFE_DELETE_CANDIDATE,cache or local restoration backup; never delete before confirmation
.codex_backups/optuna_legacy_eval_20260623_012155/reports/explainability/shap_waterfall_panel_unique_06_TN.png,.png,138733,SAFE_DELETE_CANDIDATE,cache or local restoration backup; never delete before confirmation
.codex_backups/optuna_legacy_eval_20260623_012155/reports/explainability/shap_waterfall_panel_unique_07_TN.png,.png,139032,SAFE_DELETE_CANDIDATE,cache or local restoration backup; never delete before confirmation
.codex_backups/optuna_legacy_eval_20260623_012155/reports/explainability/shap_waterfall_panel_unique_08_TN.png,.png,141393,SAFE_DELETE_CANDIDATE,cache or local restoration backup; never delete before confirmation
.codex_backups/optuna_legacy_eval_20260623_012155/reports/explainability/shap_waterfall_panel_unique_09_TN.png,.png,143636,SAFE_DELETE_CANDIDATE,cache or local restoration backup; never delete before confirmation
.codex_backups/optuna_legacy_eval_20260623_012155/reports/explainability/shap_waterfall_panel_unique_10_TN.png,.png,136851,SAFE_DELETE_CANDIDATE,cache or local restoration backup; never delete before confirmation
.codex_backups/optuna_legacy_eval_20260623_012155/reports/explainability/shap_waterfall_panel_unique_11_FP.png,.png,134863,SAFE_DELETE_CANDIDATE,cache or local restoration backup; never delete before confirmation
.codex_backups/optuna_legacy_eval_20260623_012155/reports/explainability/shap_waterfall_panel_unique_12_FP.png,.png,126874,SAFE_DELETE_CANDIDATE,cache or local restoration backup; never delete before confirmation
.codex_backups/optuna_legacy_eval_20260623_012155/reports/explainability/shap_waterfall_panel_unique_13_FP.png,.png,135930,SAFE_DELETE_CANDIDATE,cache or local restoration backup; never delete before confirmation
.codex_backups/optuna_legacy_eval_20260623_012155/reports/explainability/shap_waterfall_panel_unique_14_FP.png,.png,134442,SAFE_DELETE_CANDIDATE,cache or local restoration backup; never delete before confirmation
.codex_backups/optuna_legacy_eval_20260623_012155/reports/explainability/shap_waterfall_panel_unique_15_FP.png,.png,130992,SAFE_DELETE_CANDIDATE,cache or local restoration backup; never delete before confirmation
.codex_backups/optuna_legacy_eval_20260623_012155/reports/explainability/shap_waterfall_panel_unique_16_FN.png,.png,134805,SAFE_DELETE_CANDIDATE,cache or local restoration backup; never delete before confirmation
.codex_backups/optuna_legacy_eval_20260623_012155/reports/explainability/shap_waterfall_panel_unique_17_FN.png,.png,133000,SAFE_DELETE_CANDIDATE,cache or local restoration backup; never delete before confirmation
.codex_backups/optuna_legacy_eval_20260623_012155/reports/explainability/shap_waterfall_panel_unique_18_FN.png,.png,130986,SAFE_DELETE_CANDIDATE,cache or local restoration backup; never delete before confirmation
.codex_backups/optuna_legacy_eval_20260623_012155/reports/explainability/shap_waterfall_panel_unique_19_FN.png,.png,131881,SAFE_DELETE_CANDIDATE,cache or local restoration backup; never delete before confirmation
.codex_backups/optuna_legacy_eval_20260623_012155/reports/explainability/shap_waterfall_panel_unique_20_FN.png,.png,134323,SAFE_DELETE_CANDIDATE,cache or local restoration backup; never delete before confirmation
.codex_backups/optuna_legacy_eval_20260623_012155/reports/explainability/shap_waterfall_panel_unique_cases.csv,.csv,1086,SAFE_DELETE_CANDIDATE,cache or local restoration backup; never delete before confirmation
.codex_backups/optuna_legacy_eval_20260623_012155/reports/figures/advanced_threshold_comparison.png,.png,86591,SAFE_DELETE_CANDIDATE,cache or local restoration backup; never delete before confirmation
.codex_backups/optuna_legacy_eval_20260623_012155/reports/figures/brier_logloss_comparison.png,.png,42803,SAFE_DELETE_CANDIDATE,cache or local restoration backup; never delete before confirmation
.codex_backups/optuna_legacy_eval_20260623_012155/reports/figures/calibration_curves.png,.png,127938,SAFE_DELETE_CANDIDATE,cache or local restoration backup; never delete before confirmation
.codex_backups/optuna_legacy_eval_20260623_012155/reports/figures/class_distribution_by_dataset.png,.png,136109,SAFE_DELETE_CANDIDATE,cache or local restoration backup; never delete before confirmation
.codex_backups/optuna_legacy_eval_20260623_012155/reports/figures/confusion_matrix_cftr_unique.png,.png,84102,SAFE_DELETE_CANDIDATE,cache or local restoration backup; never delete before confirmation
.codex_backups/optuna_legacy_eval_20260623_012155/reports/figures/confusion_matrix_kanser_unique.png,.png,92877,SAFE_DELETE_CANDIDATE,cache or local restoration backup; never delete before confirmation
.codex_backups/optuna_legacy_eval_20260623_012155/reports/figures/confusion_matrix_master.png,.png,108099,SAFE_DELETE_CANDIDATE,cache or local restoration backup; never delete before confirmation
.codex_backups/optuna_legacy_eval_20260623_012155/reports/figures/confusion_matrix_pah_unique.png,.png,89661,SAFE_DELETE_CANDIDATE,cache or local restoration backup; never delete before confirmation
.codex_backups/optuna_legacy_eval_20260623_012155/reports/figures/confusion_matrix_panel_unique_combined.png,.png,95487,SAFE_DELETE_CANDIDATE,cache or local restoration backup; never delete before confirmation
.codex_backups/optuna_legacy_eval_20260623_012155/reports/figures/correlation_matrix_top_features.png,.png,335912,SAFE_DELETE_CANDIDATE,cache or local restoration backup; never delete before confirmation
.codex_backups/optuna_legacy_eval_20260623_012155/reports/figures/error_analysis_key_features.png,.png,184959,SAFE_DELETE_CANDIDATE,cache or local restoration backup; never delete before confirmation
.codex_backups/optuna_legacy_eval_20260623_012155/reports/figures/experiments/experiment_001_initial/advanced_threshold_comparison.png,.png,86591,SAFE_DELETE_CANDIDATE,cache or local restoration backup; never delete before confirmation
.codex_backups/optuna_legacy_eval_20260623_012155/reports/figures/experiments/experiment_001_initial/brier_logloss_comparison.png,.png,42803,SAFE_DELETE_CANDIDATE,cache or local restoration backup; never delete before confirmation
.codex_backups/optuna_legacy_eval_20260623_012155/reports/figures/experiments/experiment_001_initial/calibration_curves.png,.png,127938,SAFE_DELETE_CANDIDATE,cache or local restoration backup; never delete before confirmation
.codex_backups/optuna_legacy_eval_20260623_012155/reports/figures/experiments/experiment_001_initial/class_distribution_by_dataset.png,.png,136109,SAFE_DELETE_CANDIDATE,cache or local restoration backup; never delete before confirmation
.codex_backups/optuna_legacy_eval_20260623_012155/reports/figures/experiments/experiment_001_initial/confusion_matrix_cftr_unique.png,.png,84102,SAFE_DELETE_CANDIDATE,cache or local restoration backup; never delete before confirmation
.codex_backups/optuna_legacy_eval_20260623_012155/reports/figures/experiments/experiment_001_initial/confusion_matrix_kanser_unique.png,.png,92877,SAFE_DELETE_CANDIDATE,cache or local restoration backup; never delete before confirmation
.codex_backups/optuna_legacy_eval_20260623_012155/reports/figures/experiments/experiment_001_initial/confusion_matrix_master.png,.png,108099,SAFE_DELETE_CANDIDATE,cache or local restoration backup; never delete before confirmation
.codex_backups/optuna_legacy_eval_20260623_012155/reports/figures/experiments/experiment_001_initial/confusion_matrix_pah_unique.png,.png,89661,SAFE_DELETE_CANDIDATE,cache or local restoration backup; never delete before confirmation
.codex_backups/optuna_legacy_eval_20260623_012155/reports/figures/experiments/experiment_001_initial/confusion_matrix_panel_unique_combined.png,.png,95487,SAFE_DELETE_CANDIDATE,cache or local restoration backup; never delete before confirmation
.codex_backups/optuna_legacy_eval_20260623_012155/reports/figures/experiments/experiment_001_initial/correlation_matrix_top_features.png,.png,335912,SAFE_DELETE_CANDIDATE,cache or local restoration backup; never delete before confirmation
.codex_backups/optuna_legacy_eval_20260623_012155/reports/figures/experiments/experiment_001_initial/error_analysis_key_features.png,.png,184959,SAFE_DELETE_CANDIDATE,cache or local restoration backup; never delete before confirmation
.codex_backups/optuna_legacy_eval_20260623_012155/reports/figures/experiments/experiment_001_initial/feature_group_ablation_comparison.png,.png,105542,SAFE_DELETE_CANDIDATE,cache or local restoration backup; never delete before confirmation
.codex_backups/optuna_legacy_eval_20260623_012155/reports/figures/experiments/experiment_001_initial/feature_importance.png,.png,62847,SAFE_DELETE_CANDIDATE,cache or local restoration backup; never delete before confirmation
.codex_backups/optuna_legacy_eval_20260623_012155/reports/figures/experiments/experiment_001_initial/feature_importance_top30.png,.png,152299,SAFE_DELETE_CANDIDATE,cache or local restoration backup; never delete before confirmation
.codex_backups/optuna_legacy_eval_20260623_012155/reports/figures/experiments/experiment_001_initial/final_calibration_curve.png,.png,127938,SAFE_DELETE_CANDIDATE,cache or local restoration backup; never delete before confirmation
.codex_backups/optuna_legacy_eval_20260623_012155/reports/figures/experiments/experiment_001_initial/final_calibration_decision_plot.png,.png,57585,SAFE_DELETE_CANDIDATE,cache or local restoration backup; never delete before confirmation
.codex_backups/optuna_legacy_eval_20260623_012155/reports/figures/experiments/experiment_001_initial/final_confusion_matrix_master.png,.png,108099,SAFE_DELETE_CANDIDATE,cache or local restoration backup; never delete before confirmation
.codex_backups/optuna_legacy_eval_20260623_012155/reports/figures/experiments/experiment_001_initial/final_error_group_feature_distributions.png,.png,87133,SAFE_DELETE_CANDIDATE,cache or local restoration backup; never delete before confirmation
.codex_backups/optuna_legacy_eval_20260623_012155/reports/figures/experiments/experiment_001_initial/final_feature_importance.png,.png,62847,SAFE_DELETE_CANDIDATE,cache or local restoration backup; never delete before confirmation
.codex_backups/optuna_legacy_eval_20260623_012155/reports/figures/experiments/experiment_001_initial/final_feature_importance_top30.png,.png,87821,SAFE_DELETE_CANDIDATE,cache or local restoration backup; never delete before confirmation
.codex_backups/optuna_legacy_eval_20260623_012155/reports/figures/experiments/experiment_001_initial/final_fp_fn_feature_contrast.png,.png,61488,SAFE_DELETE_CANDIDATE,cache or local restoration backup; never delete before confirmation
.codex_backups/optuna_legacy_eval_20260623_012155/reports/figures/experiments/experiment_001_initial/final_model_comparison.png,.png,107813,SAFE_DELETE_CANDIDATE,cache or local restoration backup; never delete before confirmation
.codex_backups/optuna_legacy_eval_20260623_012155/reports/figures/experiments/experiment_001_initial/final_panel_specific_confusion_matrices.png,.png,36958,SAFE_DELETE_CANDIDATE,cache or local restoration backup; never delete before confirmation
.codex_backups/optuna_legacy_eval_20260623_012155/reports/figures/experiments/experiment_001_initial/final_panel_specific_metric_comparison.png,.png,61429,SAFE_DELETE_CANDIDATE,cache or local restoration backup; never delete before confirmation
.codex_backups/optuna_legacy_eval_20260623_012155/reports/figures/experiments/experiment_001_initial/final_pr_curve_master.png,.png,114868,SAFE_DELETE_CANDIDATE,cache or local restoration backup; never delete before confirmation
.codex_backups/optuna_legacy_eval_20260623_012155/reports/figures/experiments/experiment_001_initial/final_roc_curve_master.png,.png,129207,SAFE_DELETE_CANDIDATE,cache or local restoration backup; never delete before confirmation
.codex_backups/optuna_legacy_eval_20260623_012155/reports/figures/experiments/experiment_001_initial/final_threshold_analysis.png,.png,119718,SAFE_DELETE_CANDIDATE,cache or local restoration backup; never delete before confirmation
.codex_backups/optuna_legacy_eval_20260623_012155/reports/figures/experiments/experiment_001_initial/fold_threshold_distribution.png,.png,39189,SAFE_DELETE_CANDIDATE,cache or local restoration backup; never delete before confirmation
.codex_backups/optuna_legacy_eval_20260623_012155/reports/figures/experiments/experiment_001_initial/missingness_by_feature_group.png,.png,84214,SAFE_DELETE_CANDIDATE,cache or local restoration backup; never delete before confirmation
.codex_backups/optuna_legacy_eval_20260623_012155/reports/figures/experiments/experiment_001_initial/model_comparison.png,.png,66194,SAFE_DELETE_CANDIDATE,cache or local restoration backup; never delete before confirmation
.codex_backups/optuna_legacy_eval_20260623_012155/reports/figures/experiments/experiment_001_initial/model_comparison_metrics.png,.png,218707,SAFE_DELETE_CANDIDATE,cache or local restoration backup; never delete before confirmation
.codex_backups/optuna_legacy_eval_20260623_012155/reports/figures/experiments/experiment_001_initial/panel_confusion_matrices.png,.png,43865,SAFE_DELETE_CANDIDATE,cache or local restoration backup; never delete before confirmation
.codex_backups/optuna_legacy_eval_20260623_012155/reports/figures/experiments/experiment_001_initial/panel_error_feature_distributions.png,.png,124442,SAFE_DELETE_CANDIDATE,cache or local restoration backup; never delete before confirmation
.codex_backups/optuna_legacy_eval_20260623_012155/reports/figures/experiments/experiment_001_initial/phase10_before_after_comparison.png,.png,81403,SAFE_DELETE_CANDIDATE,cache or local restoration backup; never delete before confirmation
.codex_backups/optuna_legacy_eval_20260623_012155/reports/figures/experiments/experiment_001_initial/pr_curve_master.png,.png,114868,SAFE_DELETE_CANDIDATE,cache or local restoration backup; never delete before confirmation
.codex_backups/optuna_legacy_eval_20260623_012155/reports/figures/experiments/experiment_001_initial/pr_curve_panel_unique.png,.png,154268,SAFE_DELETE_CANDIDATE,cache or local restoration backup; never delete before confirmation
.codex_backups/optuna_legacy_eval_20260623_012155/reports/figures/experiments/experiment_001_initial/roc_curve_master.png,.png,129207,SAFE_DELETE_CANDIDATE,cache or local restoration backup; never delete before confirmation
.codex_backups/optuna_legacy_eval_20260623_012155/reports/figures/experiments/experiment_001_initial/roc_curve_panel_unique.png,.png,147580,SAFE_DELETE_CANDIDATE,cache or local restoration backup; never delete before confirmation
.codex_backups/optuna_legacy_eval_20260623_012155/reports/figures/experiments/experiment_001_initial/threshold_comparison.png,.png,25939,SAFE_DELETE_CANDIDATE,cache or local restoration backup; never delete before confirmation
.codex_backups/optuna_legacy_eval_20260623_012155/reports/figures/experiments/experiment_001_initial/threshold_metric_curves.png,.png,119718,SAFE_DELETE_CANDIDATE,cache or local restoration backup; never delete before confirmation
.codex_backups/optuna_legacy_eval_20260623_012155/reports/figures/experiments/experiment_001_initial/threshold_optimization.png,.png,220571,SAFE_DELETE_CANDIDATE,cache or local restoration backup; never delete before confirmation
.codex_backups/optuna_legacy_eval_20260623_012155/reports/figures/experiments/experiment_001_initial/train_vs_validation_metrics.png,.png,106006,SAFE_DELETE_CANDIDATE,cache or local restoration backup; never delete before confirmation
.codex_backups/optuna_legacy_eval_20260623_012155/reports/figures/feature_group_ablation_comparison.png,.png,105542,SAFE_DELETE_CANDIDATE,cache or local restoration backup; never delete before confirmation
.codex_backups/optuna_legacy_eval_20260623_012155/reports/figures/feature_importance.png,.png,62847,SAFE_DELETE_CANDIDATE,cache or local restoration backup; never delete before confirmation
.codex_backups/optuna_legacy_eval_20260623_012155/reports/figures/feature_importance_top30.png,.png,152299,SAFE_DELETE_CANDIDATE,cache or local restoration backup; never delete before confirmation
.codex_backups/optuna_legacy_eval_20260623_012155/reports/figures/final_calibration_curve.png,.png,127938,SAFE_DELETE_CANDIDATE,cache or local restoration backup; never delete before confirmation
.codex_backups/optuna_legacy_eval_20260623_012155/reports/figures/final_calibration_decision_plot.png,.png,57585,SAFE_DELETE_CANDIDATE,cache or local restoration backup; never delete before confirmation
.codex_backups/optuna_legacy_eval_20260623_012155/reports/figures/final_confusion_matrix_master.png,.png,108099,SAFE_DELETE_CANDIDATE,cache or local restoration backup; never delete before confirmation
.codex_backups/optuna_legacy_eval_20260623_012155/reports/figures/final_error_group_feature_distributions.png,.png,87133,SAFE_DELETE_CANDIDATE,cache or local restoration backup; never delete before confirmation
.codex_backups/optuna_legacy_eval_20260623_012155/reports/figures/final_feature_importance.png,.png,62847,SAFE_DELETE_CANDIDATE,cache or local restoration backup; never delete before confirmation
.codex_backups/optuna_legacy_eval_20260623_012155/reports/figures/final_feature_importance_top30.png,.png,87821,SAFE_DELETE_CANDIDATE,cache or local restoration backup; never delete before confirmation
.codex_backups/optuna_legacy_eval_20260623_012155/reports/figures/final_fp_fn_feature_contrast.png,.png,61488,SAFE_DELETE_CANDIDATE,cache or local restoration backup; never delete before confirmation
.codex_backups/optuna_legacy_eval_20260623_012155/reports/figures/final_model_comparison.png,.png,107813,SAFE_DELETE_CANDIDATE,cache or local restoration backup; never delete before confirmation
.codex_backups/optuna_legacy_eval_20260623_012155/reports/figures/final_panel_specific_confusion_matrices.png,.png,36958,SAFE_DELETE_CANDIDATE,cache or local restoration backup; never delete before confirmation
.codex_backups/optuna_legacy_eval_20260623_012155/reports/figures/final_panel_specific_metric_comparison.png,.png,61429,SAFE_DELETE_CANDIDATE,cache or local restoration backup; never delete before confirmation
.codex_backups/optuna_legacy_eval_20260623_012155/reports/figures/final_pr_curve_master.png,.png,114868,SAFE_DELETE_CANDIDATE,cache or local restoration backup; never delete before confirmation
.codex_backups/optuna_legacy_eval_20260623_012155/reports/figures/final_roc_curve_master.png,.png,129207,SAFE_DELETE_CANDIDATE,cache or local restoration backup; never delete before confirmation
.codex_backups/optuna_legacy_eval_20260623_012155/reports/figures/final_threshold_analysis.png,.png,119718,SAFE_DELETE_CANDIDATE,cache or local restoration backup; never delete before confirmation
.codex_backups/optuna_legacy_eval_20260623_012155/reports/figures/fold_threshold_distribution.png,.png,39189,SAFE_DELETE_CANDIDATE,cache or local restoration backup; never delete before confirmation
.codex_backups/optuna_legacy_eval_20260623_012155/reports/figures/missingness_by_feature_group.png,.png,84214,SAFE_DELETE_CANDIDATE,cache or local restoration backup; never delete before confirmation
.codex_backups/optuna_legacy_eval_20260623_012155/reports/figures/model_comparison.png,.png,66194,SAFE_DELETE_CANDIDATE,cache or local restoration backup; never delete before confirmation
.codex_backups/optuna_legacy_eval_20260623_012155/reports/figures/model_comparison_metrics.png,.png,218707,SAFE_DELETE_CANDIDATE,cache or local restoration backup; never delete before confirmation
.codex_backups/optuna_legacy_eval_20260623_012155/reports/figures/optuna_medical_optimization_history.png,.png,96262,SAFE_DELETE_CANDIDATE,cache or local restoration backup; never delete before confirmation
.codex_backups/optuna_legacy_eval_20260623_012155/reports/figures/optuna_param_importance.png,.png,53561,SAFE_DELETE_CANDIDATE,cache or local restoration backup; never delete before confirmation
.codex_backups/optuna_legacy_eval_20260623_012155/reports/figures/panel_confusion_matrices.png,.png,43663,SAFE_DELETE_CANDIDATE,cache or local restoration backup; never delete before confirmation
.codex_backups/optuna_legacy_eval_20260623_012155/reports/figures/panel_error_feature_distributions.png,.png,124442,SAFE_DELETE_CANDIDATE,cache or local restoration backup; never delete before confirmation
.codex_backups/optuna_legacy_eval_20260623_012155/reports/figures/phase10_before_after_comparison.png,.png,81403,SAFE_DELETE_CANDIDATE,cache or local restoration backup; never delete before confirmation
.codex_backups/optuna_legacy_eval_20260623_012155/reports/figures/pr_curve_master.png,.png,114868,SAFE_DELETE_CANDIDATE,cache or local restoration backup; never delete before confirmation
.codex_backups/optuna_legacy_eval_20260623_012155/reports/figures/pr_curve_panel_unique.png,.png,154268,SAFE_DELETE_CANDIDATE,cache or local restoration backup; never delete before confirmation
.codex_backups/optuna_legacy_eval_20260623_012155/reports/figures/roc_curve_master.png,.png,129207,SAFE_DELETE_CANDIDATE,cache or local restoration backup; never delete before confirmation
.codex_backups/optuna_legacy_eval_20260623_012155/reports/figures/roc_curve_panel_unique.png,.png,147580,SAFE_DELETE_CANDIDATE,cache or local restoration backup; never delete before confirmation
.codex_backups/optuna_legacy_eval_20260623_012155/reports/figures/threshold_comparison.png,.png,25939,SAFE_DELETE_CANDIDATE,cache or local restoration backup; never delete before confirmation
.codex_backups/optuna_legacy_eval_20260623_012155/reports/figures/threshold_metric_curves.png,.png,119718,SAFE_DELETE_CANDIDATE,cache or local restoration backup; never delete before confirmation
.codex_backups/optuna_legacy_eval_20260623_012155/reports/figures/threshold_optimization.png,.png,220571,SAFE_DELETE_CANDIDATE,cache or local restoration backup; never delete before confirmation
.codex_backups/optuna_legacy_eval_20260623_012155/reports/figures/train_vs_validation_metrics.png,.png,106006,SAFE_DELETE_CANDIDATE,cache or local restoration backup; never delete before confirmation
.codex_backups/optuna_legacy_eval_20260623_012155/reports/final_competition_repository_audit.md,.md,3199,SAFE_DELETE_CANDIDATE,cache or local restoration backup; never delete before confirmation
.codex_backups/optuna_legacy_eval_20260623_012155/reports/final_ensemble_decision.md,.md,2732,SAFE_DELETE_CANDIDATE,cache or local restoration backup; never delete before confirmation
.codex_backups/optuna_legacy_eval_20260623_012155/reports/final_feature_interpretation.md,.md,705,SAFE_DELETE_CANDIDATE,cache or local restoration backup; never delete before confirmation
.codex_backups/optuna_legacy_eval_20260623_012155/reports/final_inference_audit.md,.md,215,SAFE_DELETE_CANDIDATE,cache or local restoration backup; never delete before confirmation
.codex_backups/optuna_legacy_eval_20260623_012155/reports/final_medical_metric_summary.md,.md,2908,SAFE_DELETE_CANDIDATE,cache or local restoration backup; never delete before confirmation
.codex_backups/optuna_legacy_eval_20260623_012155/reports/final_metric_verification_audit.md,.md,1453,SAFE_DELETE_CANDIDATE,cache or local restoration backup; never delete before confirmation
.codex_backups/optuna_legacy_eval_20260623_012155/reports/final_model_report_summary.md,.md,3708,SAFE_DELETE_CANDIDATE,cache or local restoration backup; never delete before confirmation
.codex_backups/optuna_legacy_eval_20260623_012155/reports/final_model_selection_decision.md,.md,11407,SAFE_DELETE_CANDIDATE,cache or local restoration backup; never delete before confirmation
.codex_backups/optuna_legacy_eval_20260623_012155/reports/final_model_strength_statement.md,.md,753,SAFE_DELETE_CANDIDATE,cache or local restoration backup; never delete before confirmation
.codex_backups/optuna_legacy_eval_20260623_012155/reports/final_performance_analysis.md,.md,3527,SAFE_DELETE_CANDIDATE,cache or local restoration backup; never delete before confirmation
.codex_backups/optuna_legacy_eval_20260623_012155/reports/implementation_checklist.md,.md,5485,SAFE_DELETE_CANDIDATE,cache or local restoration backup; never delete before confirmation
.codex_backups/optuna_legacy_eval_20260623_012155/reports/master_prompt/CFTR_unique_calibration.csv,.csv,657,SAFE_DELETE_CANDIDATE,cache or local restoration backup; never delete before confirmation
.codex_backups/optuna_legacy_eval_20260623_012155/reports/master_prompt/CFTR_unique_calibration_curve.png,.png,82766,SAFE_DELETE_CANDIDATE,cache or local restoration backup; never delete before confirmation
.codex_backups/optuna_legacy_eval_20260623_012155/reports/master_prompt/KANSER_unique_calibration.csv,.csv,751,SAFE_DELETE_CANDIDATE,cache or local restoration backup; never delete before confirmation
.codex_backups/optuna_legacy_eval_20260623_012155/reports/master_prompt/KANSER_unique_calibration_curve.png,.png,72375,SAFE_DELETE_CANDIDATE,cache or local restoration backup; never delete before confirmation
.codex_backups/optuna_legacy_eval_20260623_012155/reports/master_prompt/MASTER_PROMPT_IMPLEMENTATION_REPORT.md,.md,11076,SAFE_DELETE_CANDIDATE,cache or local restoration backup; never delete before confirmation
.codex_backups/optuna_legacy_eval_20260623_012155/reports/master_prompt/PAH_unique_calibration.csv,.csv,768,SAFE_DELETE_CANDIDATE,cache or local restoration backup; never delete before confirmation
.codex_backups/optuna_legacy_eval_20260623_012155/reports/master_prompt/PAH_unique_calibration_curve.png,.png,78342,SAFE_DELETE_CANDIDATE,cache or local restoration backup; never delete before confirmation
.codex_backups/optuna_legacy_eval_20260623_012155/reports/master_prompt/ablation_fold_results.csv,.csv,11575,SAFE_DELETE_CANDIDATE,cache or local restoration backup; never delete before confirmation
.codex_backups/optuna_legacy_eval_20260623_012155/reports/master_prompt/ablation_summary.csv,.csv,3810,SAFE_DELETE_CANDIDATE,cache or local restoration backup; never delete before confirmation
.codex_backups/optuna_legacy_eval_20260623_012155/reports/master_prompt/critical_implementation_checklist.csv,.csv,1950,SAFE_DELETE_CANDIDATE,cache or local restoration backup; never delete before confirmation
.codex_backups/optuna_legacy_eval_20260623_012155/reports/master_prompt/final_panel_unique_predictions.csv,.csv,19465,SAFE_DELETE_CANDIDATE,cache or local restoration backup; never delete before confirmation
.codex_backups/optuna_legacy_eval_20260623_012155/reports/master_prompt/l0_model_fold_metrics.csv,.csv,1359,SAFE_DELETE_CANDIDATE,cache or local restoration backup; never delete before confirmation
.codex_backups/optuna_legacy_eval_20260623_012155/reports/master_prompt/l0_model_summary.csv,.csv,590,SAFE_DELETE_CANDIDATE,cache or local restoration backup; never delete before confirmation
.codex_backups/optuna_legacy_eval_20260623_012155/reports/master_prompt/l0_stack_oof_predictions.csv,.csv,426464,SAFE_DELETE_CANDIDATE,cache or local restoration backup; never delete before confirmation
.codex_backups/optuna_legacy_eval_20260623_012155/reports/master_prompt/lgbm_best_params_resumable.json,.json,291,SAFE_DELETE_CANDIDATE,cache or local restoration backup; never delete before confirmation
.codex_backups/optuna_legacy_eval_20260623_012155/reports/master_prompt/lgbm_optuna_convergence.png,.png,94800,SAFE_DELETE_CANDIDATE,cache or local restoration backup; never delete before confirmation
.codex_backups/optuna_legacy_eval_20260623_012155/reports/master_prompt/lgbm_optuna_trials_resumable.csv,.csv,16006,SAFE_DELETE_CANDIDATE,cache or local restoration backup; never delete before confirmation
.codex_backups/optuna_legacy_eval_20260623_012155/reports/master_prompt/lightgbm_oof_predictions.csv,.csv,140654,SAFE_DELETE_CANDIDATE,cache or local restoration backup; never delete before confirmation
.codex_backups/optuna_legacy_eval_20260623_012155/reports/master_prompt/optuna_lgbm_study.sqlite3,.sqlite3,454656,SAFE_DELETE_CANDIDATE,cache or local restoration backup; never delete before confirmation
.codex_backups/optuna_legacy_eval_20260623_012155/reports/master_prompt/overlap_summary.csv,.csv,483,SAFE_DELETE_CANDIDATE,cache or local restoration backup; never delete before confirmation
.codex_backups/optuna_legacy_eval_20260623_012155/reports/master_prompt/panel_unique_bootstrap_ci.csv,.csv,1537,SAFE_DELETE_CANDIDATE,cache or local restoration backup; never delete before confirmation
.codex_backups/optuna_legacy_eval_20260623_012155/reports/master_prompt/statistical_tests.csv,.csv,491,SAFE_DELETE_CANDIDATE,cache or local restoration backup; never delete before confirmation
.codex_backups/optuna_legacy_eval_20260623_012155/reports/model_diagnosis.md,.md,393,SAFE_DELETE_CANDIDATE,cache or local restoration backup; never delete before confirmation
.codex_backups/optuna_legacy_eval_20260623_012155/reports/model_performance_audit.md,.md,2735,SAFE_DELETE_CANDIDATE,cache or local restoration backup; never delete before confirmation
.codex_backups/optuna_legacy_eval_20260623_012155/reports/model_performance_improvement_report.md,.md,6204,SAFE_DELETE_CANDIDATE,cache or local restoration backup; never delete before confirmation
.codex_backups/optuna_legacy_eval_20260623_012155/reports/model_zoo_summary.md,.md,1878,SAFE_DELETE_CANDIDATE,cache or local restoration backup; never delete before confirmation
.codex_backups/optuna_legacy_eval_20260623_012155/reports/optuna_medical_optimization_report.md,.md,3682,SAFE_DELETE_CANDIDATE,cache or local restoration backup; never delete before confirmation
.codex_backups/optuna_legacy_eval_20260623_012155/reports/panel_specific_final_interpretation.md,.md,549,SAFE_DELETE_CANDIDATE,cache or local restoration backup; never delete before confirmation
.codex_backups/optuna_legacy_eval_20260623_012155/reports/tables/acmg_feature_mapping.csv,.csv,616,SAFE_DELETE_CANDIDATE,cache or local restoration backup; never delete before confirmation
.codex_backups/optuna_legacy_eval_20260623_012155/reports/tables/advanced_threshold_comparison.csv,.csv,25260,SAFE_DELETE_CANDIDATE,cache or local restoration backup; never delete before confirmation
.codex_backups/optuna_legacy_eval_20260623_012155/reports/tables/all_evaluation_metrics.csv,.csv,9901,SAFE_DELETE_CANDIDATE,cache or local restoration backup; never delete before confirmation
.codex_backups/optuna_legacy_eval_20260623_012155/reports/tables/baseline_results.csv,.csv,1922,SAFE_DELETE_CANDIDATE,cache or local restoration backup; never delete before confirmation
.codex_backups/optuna_legacy_eval_20260623_012155/reports/tables/calibration_comparison.csv,.csv,3183,SAFE_DELETE_CANDIDATE,cache or local restoration backup; never delete before confirmation
.codex_backups/optuna_legacy_eval_20260623_012155/reports/tables/calibration_decision_matrix.csv,.csv,2381,SAFE_DELETE_CANDIDATE,cache or local restoration backup; never delete before confirmation
.codex_backups/optuna_legacy_eval_20260623_012155/reports/tables/class_distribution_by_dataset.csv,.csv,329,SAFE_DELETE_CANDIDATE,cache or local restoration backup; never delete before confirmation
.codex_backups/optuna_legacy_eval_20260623_012155/reports/tables/correlation_matrix_top_features.csv,.csv,20678,SAFE_DELETE_CANDIDATE,cache or local restoration backup; never delete before confirmation
.codex_backups/optuna_legacy_eval_20260623_012155/reports/tables/dataset_summary.csv,.csv,251,SAFE_DELETE_CANDIDATE,cache or local restoration backup; never delete before confirmation
.codex_backups/optuna_legacy_eval_20260623_012155/reports/tables/error_analysis.csv,.csv,4952,SAFE_DELETE_CANDIDATE,cache or local restoration backup; never delete before confirmation
.codex_backups/optuna_legacy_eval_20260623_012155/reports/tables/error_analysis_key_features.csv,.csv,1227,SAFE_DELETE_CANDIDATE,cache or local restoration backup; never delete before confirmation
.codex_backups/optuna_legacy_eval_20260623_012155/reports/tables/experiment_comparison.csv,.csv,2707,SAFE_DELETE_CANDIDATE,cache or local restoration backup; never delete before confirmation
.codex_backups/optuna_legacy_eval_20260623_012155/reports/tables/feature_group_ablation_results.csv,.csv,2075,SAFE_DELETE_CANDIDATE,cache or local restoration backup; never delete before confirmation
.codex_backups/optuna_legacy_eval_20260623_012155/reports/tables/feature_importance.csv,.csv,10363,SAFE_DELETE_CANDIDATE,cache or local restoration backup; never delete before confirmation
.codex_backups/optuna_legacy_eval_20260623_012155/reports/tables/feature_importance_top30.csv,.csv,837,SAFE_DELETE_CANDIDATE,cache or local restoration backup; never delete before confirmation
.codex_backups/optuna_legacy_eval_20260623_012155/reports/tables/final_acmg_feature_mapping.csv,.csv,2341,SAFE_DELETE_CANDIDATE,cache or local restoration backup; never delete before confirmation
.codex_backups/optuna_legacy_eval_20260623_012155/reports/tables/final_ensemble_comparison.csv,.csv,9108,SAFE_DELETE_CANDIDATE,cache or local restoration backup; never delete before confirmation
.codex_backups/optuna_legacy_eval_20260623_012155/reports/tables/final_ensemble_weights.csv,.csv,8258,SAFE_DELETE_CANDIDATE,cache or local restoration backup; never delete before confirmation
.codex_backups/optuna_legacy_eval_20260623_012155/reports/tables/final_error_group_feature_summary.csv,.csv,21766,SAFE_DELETE_CANDIDATE,cache or local restoration backup; never delete before confirmation
.codex_backups/optuna_legacy_eval_20260623_012155/reports/tables/final_evaluation_metrics.csv,.csv,1205,SAFE_DELETE_CANDIDATE,cache or local restoration backup; never delete before confirmation
.codex_backups/optuna_legacy_eval_20260623_012155/reports/tables/final_false_negative_cases.csv,.csv,37625,SAFE_DELETE_CANDIDATE,cache or local restoration backup; never delete before confirmation
.codex_backups/optuna_legacy_eval_20260623_012155/reports/tables/final_false_positive_cases.csv,.csv,61902,SAFE_DELETE_CANDIDATE,cache or local restoration backup; never delete before confirmation
.codex_backups/optuna_legacy_eval_20260623_012155/reports/tables/final_feature_importance_top30.csv,.csv,365,SAFE_DELETE_CANDIDATE,cache or local restoration backup; never delete before confirmation
.codex_backups/optuna_legacy_eval_20260623_012155/reports/tables/final_medical_metric_comparison.csv,.csv,3170,SAFE_DELETE_CANDIDATE,cache or local restoration backup; never delete before confirmation
.codex_backups/optuna_legacy_eval_20260623_012155/reports/tables/final_metric_verification_audit.csv,.csv,596,SAFE_DELETE_CANDIDATE,cache or local restoration backup; never delete before confirmation
.codex_backups/optuna_legacy_eval_20260623_012155/reports/tables/final_model_selection_table.csv,.csv,5985,SAFE_DELETE_CANDIDATE,cache or local restoration backup; never delete before confirmation
.codex_backups/optuna_legacy_eval_20260623_012155/reports/tables/final_panel_specific_metrics.csv,.csv,1129,SAFE_DELETE_CANDIDATE,cache or local restoration backup; never delete before confirmation
.codex_backups/optuna_legacy_eval_20260623_012155/reports/tables/final_selection_board.csv,.csv,17186,SAFE_DELETE_CANDIDATE,cache or local restoration backup; never delete before confirmation
.codex_backups/optuna_legacy_eval_20260623_012155/reports/tables/fold_threshold_stability.csv,.csv,5546,SAFE_DELETE_CANDIDATE,cache or local restoration backup; never delete before confirmation
.codex_backups/optuna_legacy_eval_20260623_012155/reports/tables/main_model_cv_results.csv,.csv,3750,SAFE_DELETE_CANDIDATE,cache or local restoration backup; never delete before confirmation
.codex_backups/optuna_legacy_eval_20260623_012155/reports/tables/missingness_by_feature_group.csv,.csv,541,SAFE_DELETE_CANDIDATE,cache or local restoration backup; never delete before confirmation
.codex_backups/optuna_legacy_eval_20260623_012155/reports/tables/missingness_summary.csv,.csv,45816,SAFE_DELETE_CANDIDATE,cache or local restoration backup; never delete before confirmation
.codex_backups/optuna_legacy_eval_20260623_012155/reports/tables/model_comparison_metrics.csv,.csv,860,SAFE_DELETE_CANDIDATE,cache or local restoration backup; never delete before confirmation
.codex_backups/optuna_legacy_eval_20260623_012155/reports/tables/model_diagnosis_summary.csv,.csv,359,SAFE_DELETE_CANDIDATE,cache or local restoration backup; never delete before confirmation
.codex_backups/optuna_legacy_eval_20260623_012155/reports/tables/model_zoo_fold_metrics.csv,.csv,15198,SAFE_DELETE_CANDIDATE,cache or local restoration backup; never delete before confirmation
.codex_backups/optuna_legacy_eval_20260623_012155/reports/tables/model_zoo_metrics.csv,.csv,6526,SAFE_DELETE_CANDIDATE,cache or local restoration backup; never delete before confirmation
.codex_backups/optuna_legacy_eval_20260623_012155/reports/tables/optuna_before_after_comparison.csv,.csv,1182,SAFE_DELETE_CANDIDATE,cache or local restoration backup; never delete before confirmation
.codex_backups/optuna_legacy_eval_20260623_012155/reports/tables/optuna_medical_best_params.csv,.csv,332,SAFE_DELETE_CANDIDATE,cache or local restoration backup; never delete before confirmation
.codex_backups/optuna_legacy_eval_20260623_012155/reports/tables/optuna_medical_candidate_fold_metrics.csv,.csv,2484,SAFE_DELETE_CANDIDATE,cache or local restoration backup; never delete before confirmation
.codex_backups/optuna_legacy_eval_20260623_012155/reports/tables/optuna_medical_candidate_overfitting_gaps.csv,.csv,356,SAFE_DELETE_CANDIDATE,cache or local restoration backup; never delete before confirmation
.codex_backups/optuna_legacy_eval_20260623_012155/reports/tables/optuna_medical_trials.csv,.csv,34021,SAFE_DELETE_CANDIDATE,cache or local restoration backup; never delete before confirmation
.codex_backups/optuna_legacy_eval_20260623_012155/reports/tables/overfitting_gap_analysis.csv,.csv,5684,SAFE_DELETE_CANDIDATE,cache or local restoration backup; never delete before confirmation
.codex_backups/optuna_legacy_eval_20260623_012155/reports/tables/overlap_summary.csv,.csv,483,SAFE_DELETE_CANDIDATE,cache or local restoration backup; never delete before confirmation
.codex_backups/optuna_legacy_eval_20260623_012155/reports/tables/panel_generalization_results.csv,.csv,147,SAFE_DELETE_CANDIDATE,cache or local restoration backup; never delete before confirmation
.codex_backups/optuna_legacy_eval_20260623_012155/reports/tables/panel_specific_error_analysis.csv,.csv,42275,SAFE_DELETE_CANDIDATE,cache or local restoration backup; never delete before confirmation
.codex_backups/optuna_legacy_eval_20260623_012155/reports/tables/panel_unique_bootstrap_ci.csv,.csv,1513,SAFE_DELETE_CANDIDATE,cache or local restoration backup; never delete before confirmation
.codex_backups/optuna_legacy_eval_20260623_012155/reports/tables/phase10_before_after_comparison.csv,.csv,1717,SAFE_DELETE_CANDIDATE,cache or local restoration backup; never delete before confirmation
.codex_backups/optuna_legacy_eval_20260623_012155/reports/tables/threshold_optimization.csv,.csv,14527,SAFE_DELETE_CANDIDATE,cache or local restoration backup; never delete before confirmation
.codex_backups/optuna_legacy_eval_20260623_012155/reports/tables/threshold_results.csv,.csv,170,SAFE_DELETE_CANDIDATE,cache or local restoration backup; never delete before confirmation
.codex_backups/optuna_legacy_eval_20260623_012155/reports/tables/validation_split_diagnostics.csv,.csv,375,SAFE_DELETE_CANDIDATE,cache or local restoration backup; never delete before confirmation
.codex_backups/v3_baseline_freeze_20260624_150902/artifacts/metrics/experiments/experiment_001_initial/all_evaluation_metrics.csv,.csv,9901,SAFE_DELETE_CANDIDATE,cache or local restoration backup; never delete before confirmation
.codex_backups/v3_baseline_freeze_20260624_150902/artifacts/metrics/experiments/experiment_001_initial/config.json,.json,174,SAFE_DELETE_CANDIDATE,cache or local restoration backup; never delete before confirmation
.codex_backups/v3_baseline_freeze_20260624_150902/artifacts/metrics/experiments/experiment_001_initial/diagnosis.md,.md,212,SAFE_DELETE_CANDIDATE,cache or local restoration backup; never delete before confirmation
.codex_backups/v3_baseline_freeze_20260624_150902/artifacts/metrics/experiments/experiment_001_initial/error_analysis.csv,.csv,4952,SAFE_DELETE_CANDIDATE,cache or local restoration backup; never delete before confirmation
.codex_backups/v3_baseline_freeze_20260624_150902/artifacts/metrics/experiments/experiment_001_initial/feature_importance.csv,.csv,10363,SAFE_DELETE_CANDIDATE,cache or local restoration backup; never delete before confirmation
.codex_backups/v3_baseline_freeze_20260624_150902/artifacts/metrics/experiments/experiment_001_initial/main_model_cv_results.csv,.csv,3750,SAFE_DELETE_CANDIDATE,cache or local restoration backup; never delete before confirmation
.codex_backups/v3_baseline_freeze_20260624_150902/artifacts/metrics/experiments/experiment_001_initial/metrics.csv,.csv,2439,SAFE_DELETE_CANDIDATE,cache or local restoration backup; never delete before confirmation
.codex_backups/v3_baseline_freeze_20260624_150902/artifacts/metrics/experiments/experiment_001_initial/panel_generalization_results.csv,.csv,147,SAFE_DELETE_CANDIDATE,cache or local restoration backup; never delete before confirmation
.codex_backups/v3_baseline_freeze_20260624_150902/artifacts/metrics/experiments/experiment_001_initial/threshold_results.csv,.csv,170,SAFE_DELETE_CANDIDATE,cache or local restoration backup; never delete before confirmation
.codex_backups/v3_baseline_freeze_20260624_150902/artifacts/metrics/experiments/experiment_002_f1_threshold/config.json,.json,188,SAFE_DELETE_CANDIDATE,cache or local restoration backup; never delete before confirmation
.codex_backups/v3_baseline_freeze_20260624_150902/artifacts/metrics/experiments/experiment_002_f1_threshold/diagnosis.md,.md,205,SAFE_DELETE_CANDIDATE,cache or local restoration backup; never delete before confirmation
.codex_backups/v3_baseline_freeze_20260624_150902/artifacts/metrics/experiments/experiment_002_f1_threshold/metrics.csv,.csv,2439,SAFE_DELETE_CANDIDATE,cache or local restoration backup; never delete before confirmation
.codex_backups/v3_baseline_freeze_20260624_150902/artifacts/metrics/experiments/experiment_003_youden_threshold/config.json,.json,189,SAFE_DELETE_CANDIDATE,cache or local restoration backup; never delete before confirmation
.codex_backups/v3_baseline_freeze_20260624_150902/artifacts/metrics/experiments/experiment_003_youden_threshold/diagnosis.md,.md,186,SAFE_DELETE_CANDIDATE,cache or local restoration backup; never delete before confirmation
.codex_backups/v3_baseline_freeze_20260624_150902/artifacts/metrics/experiments/experiment_003_youden_threshold/metrics.csv,.csv,2439,SAFE_DELETE_CANDIDATE,cache or local restoration backup; never delete before confirmation
.codex_backups/v3_baseline_freeze_20260624_150902/artifacts/metrics/experiments/experiment_004_extra_trees/config.json,.json,189,SAFE_DELETE_CANDIDATE,cache or local restoration backup; never delete before confirmation
.codex_backups/v3_baseline_freeze_20260624_150902/artifacts/metrics/experiments/experiment_004_extra_trees/diagnosis.md,.md,148,SAFE_DELETE_CANDIDATE,cache or local restoration backup; never delete before confirmation
.codex_backups/v3_baseline_freeze_20260624_150902/artifacts/metrics/experiments/experiment_004_extra_trees/metrics.csv,.csv,1145,SAFE_DELETE_CANDIDATE,cache or local restoration backup; never delete before confirmation
.codex_backups/v3_baseline_freeze_20260624_150902/artifacts/metrics/experiments/experiment_005_catboost/config.json,.json,189,SAFE_DELETE_CANDIDATE,cache or local restoration backup; never delete before confirmation
.codex_backups/v3_baseline_freeze_20260624_150902/artifacts/metrics/experiments/experiment_005_catboost/diagnosis.md,.md,142,SAFE_DELETE_CANDIDATE,cache or local restoration backup; never delete before confirmation
.codex_backups/v3_baseline_freeze_20260624_150902/artifacts/metrics/experiments/experiment_005_catboost/metrics.csv,.csv,1136,SAFE_DELETE_CANDIDATE,cache or local restoration backup; never delete before confirmation
.codex_backups/v3_baseline_freeze_20260624_150902/artifacts/metrics/experiments/experiment_006_ensemble_stack/config.json,.json,189,SAFE_DELETE_CANDIDATE,cache or local restoration backup; never delete before confirmation
.codex_backups/v3_baseline_freeze_20260624_150902/artifacts/metrics/experiments/experiment_006_ensemble_stack/diagnosis.md,.md,165,SAFE_DELETE_CANDIDATE,cache or local restoration backup; never delete before confirmation
.codex_backups/v3_baseline_freeze_20260624_150902/artifacts/metrics/experiments/experiment_006_ensemble_stack/metrics.csv,.csv,1153,SAFE_DELETE_CANDIDATE,cache or local restoration backup; never delete before confirmation
.codex_backups/v3_baseline_freeze_20260624_150902/artifacts/metrics/experiments/experiment_007_lr_ek_only/config.json,.json,188,SAFE_DELETE_CANDIDATE,cache or local restoration backup; never delete before confirmation
.codex_backups/v3_baseline_freeze_20260624_150902/artifacts/metrics/experiments/experiment_007_lr_ek_only/diagnosis.md,.md,172,SAFE_DELETE_CANDIDATE,cache or local restoration backup; never delete before confirmation
.codex_backups/v3_baseline_freeze_20260624_150902/artifacts/metrics/experiments/experiment_007_lr_ek_only/metrics.csv,.csv,2222,SAFE_DELETE_CANDIDATE,cache or local restoration backup; never delete before confirmation
.codex_backups/v3_baseline_freeze_20260624_150902/artifacts/metrics/experiments/experiment_008_ek_only_features/config.json,.json,177,SAFE_DELETE_CANDIDATE,cache or local restoration backup; never delete before confirmation
.codex_backups/v3_baseline_freeze_20260624_150902/artifacts/metrics/experiments/experiment_008_ek_only_features/diagnosis.md,.md,160,SAFE_DELETE_CANDIDATE,cache or local restoration backup; never delete before confirmation
.codex_backups/v3_baseline_freeze_20260624_150902/artifacts/metrics/experiments/experiment_008_ek_only_features/metrics.csv,.csv,427,SAFE_DELETE_CANDIDATE,cache or local restoration backup; never delete before confirmation
.codex_backups/v3_baseline_freeze_20260624_150902/artifacts/metrics/experiments/experiment_009_al_only_features/config.json,.json,177,SAFE_DELETE_CANDIDATE,cache or local restoration backup; never delete before confirmation
.codex_backups/v3_baseline_freeze_20260624_150902/artifacts/metrics/experiments/experiment_009_al_only_features/diagnosis.md,.md,160,SAFE_DELETE_CANDIDATE,cache or local restoration backup; never delete before confirmation
.codex_backups/v3_baseline_freeze_20260624_150902/artifacts/metrics/experiments/experiment_009_al_only_features/metrics.csv,.csv,427,SAFE_DELETE_CANDIDATE,cache or local restoration backup; never delete before confirmation
.codex_backups/v3_baseline_freeze_20260624_150902/artifacts/metrics/experiments/experiment_010_engineered_only/config.json,.json,177,SAFE_DELETE_CANDIDATE,cache or local restoration backup; never delete before confirmation
.codex_backups/v3_baseline_freeze_20260624_150902/artifacts/metrics/experiments/experiment_010_engineered_only/diagnosis.md,.md,175,SAFE_DELETE_CANDIDATE,cache or local restoration backup; never delete before confirmation
.codex_backups/v3_baseline_freeze_20260624_150902/artifacts/metrics/experiments/experiment_010_engineered_only/metrics.csv,.csv,441,SAFE_DELETE_CANDIDATE,cache or local restoration backup; never delete before confirmation
.codex_backups/v3_baseline_freeze_20260624_150902/artifacts/metrics/experiments/lightgbm_balanced_regularized/config.json,.json,327,SAFE_DELETE_CANDIDATE,cache or local restoration backup; never delete before confirmation
.codex_backups/v3_baseline_freeze_20260624_150902/artifacts/metrics/experiments/lightgbm_balanced_regularized/metrics.csv,.csv,782,SAFE_DELETE_CANDIDATE,cache or local restoration backup; never delete before confirmation
.codex_backups/v3_baseline_freeze_20260624_150902/artifacts/metrics/experiments/lightgbm_conservative_regularized/config.json,.json,327,SAFE_DELETE_CANDIDATE,cache or local restoration backup; never delete before confirmation
.codex_backups/v3_baseline_freeze_20260624_150902/artifacts/metrics/experiments/lightgbm_conservative_regularized/metrics.csv,.csv,806,SAFE_DELETE_CANDIDATE,cache or local restoration backup; never delete before confirmation
.codex_backups/v3_baseline_freeze_20260624_150902/artifacts/metrics/experiments/lightgbm_current_best/config.json,.json,291,SAFE_DELETE_CANDIDATE,cache or local restoration backup; never delete before confirmation
.codex_backups/v3_baseline_freeze_20260624_150902/artifacts/metrics/experiments/lightgbm_current_best/metrics.csv,.csv,736,SAFE_DELETE_CANDIDATE,cache or local restoration backup; never delete before confirmation
.codex_backups/v3_baseline_freeze_20260624_150902/artifacts/metrics/experiments/lightgbm_high_capacity_controlled/config.json,.json,330,SAFE_DELETE_CANDIDATE,cache or local restoration backup; never delete before confirmation
.codex_backups/v3_baseline_freeze_20260624_150902/artifacts/metrics/experiments/lightgbm_high_capacity_controlled/metrics.csv,.csv,793,SAFE_DELETE_CANDIDATE,cache or local restoration backup; never delete before confirmation
.codex_backups/v3_baseline_freeze_20260624_150902/artifacts/metrics/feature_list.json,.json,5696,SAFE_DELETE_CANDIDATE,cache or local restoration backup; never delete before confirmation
.codex_backups/v3_baseline_freeze_20260624_150902/artifacts/metrics/final_config.json,.json,712,SAFE_DELETE_CANDIDATE,cache or local restoration backup; never delete before confirmation
.codex_backups/v3_baseline_freeze_20260624_150902/artifacts/metrics/final_feature_list.json,.json,5696,SAFE_DELETE_CANDIDATE,cache or local restoration backup; never delete before confirmation
.codex_backups/v3_baseline_freeze_20260624_150902/artifacts/metrics/final_metrics.json,.json,1465,SAFE_DELETE_CANDIDATE,cache or local restoration backup; never delete before confirmation
.codex_backups/v3_baseline_freeze_20260624_150902/artifacts/metrics/final_model_decision.json,.json,7382,SAFE_DELETE_CANDIDATE,cache or local restoration backup; never delete before confirmation
.codex_backups/v3_baseline_freeze_20260624_150902/artifacts/metrics/final_threshold.json,.json,250,SAFE_DELETE_CANDIDATE,cache or local restoration backup; never delete before confirmation
.codex_backups/v3_baseline_freeze_20260624_150902/artifacts/metrics/optuna_medical_best_params.json,.json,2766,SAFE_DELETE_CANDIDATE,cache or local restoration backup; never delete before confirmation
.codex_backups/v3_baseline_freeze_20260624_150902/artifacts/models/experiments/experiment_001_initial/README.md,.md,153,SAFE_DELETE_CANDIDATE,cache or local restoration backup; never delete before confirmation
.codex_backups/v3_baseline_freeze_20260624_150902/artifacts/models/experiments/experiment_002_f1_threshold/README.md,.md,153,SAFE_DELETE_CANDIDATE,cache or local restoration backup; never delete before confirmation
.codex_backups/v3_baseline_freeze_20260624_150902/artifacts/models/experiments/experiment_003_youden_threshold/README.md,.md,153,SAFE_DELETE_CANDIDATE,cache or local restoration backup; never delete before confirmation
.codex_backups/v3_baseline_freeze_20260624_150902/artifacts/models/experiments/experiment_004_extra_trees/README.md,.md,153,SAFE_DELETE_CANDIDATE,cache or local restoration backup; never delete before confirmation
.codex_backups/v3_baseline_freeze_20260624_150902/artifacts/models/experiments/experiment_005_catboost/README.md,.md,153,SAFE_DELETE_CANDIDATE,cache or local restoration backup; never delete before confirmation
.codex_backups/v3_baseline_freeze_20260624_150902/artifacts/models/experiments/experiment_006_ensemble_stack/README.md,.md,153,SAFE_DELETE_CANDIDATE,cache or local restoration backup; never delete before confirmation
.codex_backups/v3_baseline_freeze_20260624_150902/artifacts/models/experiments/experiment_007_lr_ek_only/README.md,.md,153,SAFE_DELETE_CANDIDATE,cache or local restoration backup; never delete before confirmation
.codex_backups/v3_baseline_freeze_20260624_150902/artifacts/models/experiments/experiment_008_ek_only_features/README.md,.md,153,SAFE_DELETE_CANDIDATE,cache or local restoration backup; never delete before confirmation
.codex_backups/v3_baseline_freeze_20260624_150902/artifacts/models/experiments/experiment_009_al_only_features/README.md,.md,153,SAFE_DELETE_CANDIDATE,cache or local restoration backup; never delete before confirmation
.codex_backups/v3_baseline_freeze_20260624_150902/artifacts/models/experiments/experiment_010_engineered_only/README.md,.md,153,SAFE_DELETE_CANDIDATE,cache or local restoration backup; never delete before confirmation
.codex_backups/v3_baseline_freeze_20260624_150902/artifacts/models/final_model.pkl,.pkl,1217444,SAFE_DELETE_CANDIDATE,cache or local restoration backup; never delete before confirmation
.codex_backups/v3_baseline_freeze_20260624_150902/artifacts/models/final_model_columns.txt,.txt,3495,SAFE_DELETE_CANDIDATE,cache or local restoration backup; never delete before confirmation
.codex_backups/v3_baseline_freeze_20260624_150902/artifacts/models/lightgbm_final.joblib,.joblib,9797876,SAFE_DELETE_CANDIDATE,cache or local restoration backup; never delete before confirmation
.codex_backups/v3_baseline_freeze_20260624_150902/artifacts/models/model_columns.txt,.txt,3495,SAFE_DELETE_CANDIDATE,cache or local restoration backup; never delete before confirmation
.codex_backups/v3_baseline_freeze_20260624_150902/artifacts/predictions/final_ensemble_oof_predictions.csv,.csv,408134,SAFE_DELETE_CANDIDATE,cache or local restoration backup; never delete before confirmation
.codex_backups/v3_baseline_freeze_20260624_150902/artifacts/predictions/final_ensemble_panel_predictions.csv,.csv,52933,SAFE_DELETE_CANDIDATE,cache or local restoration backup; never delete before confirmation
.codex_backups/v3_baseline_freeze_20260624_150902/artifacts/predictions/final_master_cv_predictions.csv,.csv,220660,SAFE_DELETE_CANDIDATE,cache or local restoration backup; never delete before confirmation
.codex_backups/v3_baseline_freeze_20260624_150902/artifacts/predictions/final_panel_predictions.csv,.csv,29330,SAFE_DELETE_CANDIDATE,cache or local restoration backup; never delete before confirmation
.codex_backups/v3_baseline_freeze_20260624_150902/artifacts/predictions/master_cv_model_predictions_phase9.csv,.csv,1178574,SAFE_DELETE_CANDIDATE,cache or local restoration backup; never delete before confirmation
.codex_backups/v3_baseline_freeze_20260624_150902/artifacts/predictions/model_zoo_folds/fold_0_predictions.csv,.csv,69533,SAFE_DELETE_CANDIDATE,cache or local restoration backup; never delete before confirmation
.codex_backups/v3_baseline_freeze_20260624_150902/artifacts/predictions/model_zoo_folds/fold_1_predictions.csv,.csv,69073,SAFE_DELETE_CANDIDATE,cache or local restoration backup; never delete before confirmation
.codex_backups/v3_baseline_freeze_20260624_150902/artifacts/predictions/model_zoo_folds/fold_2_predictions.csv,.csv,69039,SAFE_DELETE_CANDIDATE,cache or local restoration backup; never delete before confirmation
.codex_backups/v3_baseline_freeze_20260624_150902/artifacts/predictions/model_zoo_folds/fold_3_predictions.csv,.csv,69999,SAFE_DELETE_CANDIDATE,cache or local restoration backup; never delete before confirmation
.codex_backups/v3_baseline_freeze_20260624_150902/artifacts/predictions/model_zoo_folds/fold_4_predictions.csv,.csv,70372,SAFE_DELETE_CANDIDATE,cache or local restoration backup; never delete before confirmation
.codex_backups/v3_baseline_freeze_20260624_150902/artifacts/predictions/model_zoo_oof_predictions.csv,.csv,317968,SAFE_DELETE_CANDIDATE,cache or local restoration backup; never delete before confirmation
.codex_backups/v3_baseline_freeze_20260624_150902/artifacts/predictions/model_zoo_panel_predictions.csv,.csv,41687,SAFE_DELETE_CANDIDATE,cache or local restoration backup; never delete before confirmation
.codex_backups/v3_baseline_freeze_20260624_150902/artifacts/predictions/oof_predictions.csv,.csv,140654,SAFE_DELETE_CANDIDATE,cache or local restoration backup; never delete before confirmation
.codex_backups/v3_baseline_freeze_20260624_150902/artifacts/predictions/optuna_medical_candidate_oof_predictions.csv,.csv,190893,SAFE_DELETE_CANDIDATE,cache or local restoration backup; never delete before confirmation
.codex_backups/v3_baseline_freeze_20260624_150902/artifacts/predictions/optuna_medical_candidate_panel_predictions.csv,.csv,19912,SAFE_DELETE_CANDIDATE,cache or local restoration backup; never delete before confirmation
.codex_backups/v3_baseline_freeze_20260624_150902/artifacts/predictions/panel_unique_model_predictions_phase9.csv,.csv,21316,SAFE_DELETE_CANDIDATE,cache or local restoration backup; never delete before confirmation
.codex_backups/v3_baseline_freeze_20260624_150902/artifacts/predictions/panel_unique_predictions.csv,.csv,19465,SAFE_DELETE_CANDIDATE,cache or local restoration backup; never delete before confirmation
.codex_backups/v3_baseline_freeze_20260624_150902/artifacts/preprocessors/feature_engineer.joblib,.joblib,40787,SAFE_DELETE_CANDIDATE,cache or local restoration backup; never delete before confirmation
.codex_backups/v3_baseline_freeze_20260624_150902/artifacts/preprocessors/final_preprocessor.pkl,.pkl,40787,SAFE_DELETE_CANDIDATE,cache or local restoration backup; never delete before confirmation
.codex_backups/v3_baseline_freeze_20260624_150902/reports/calibration_decision_review.md,.md,2787,SAFE_DELETE_CANDIDATE,cache or local restoration backup; never delete before confirmation
.codex_backups/v3_baseline_freeze_20260624_150902/reports/current_results_verification.md,.md,995,SAFE_DELETE_CANDIDATE,cache or local restoration backup; never delete before confirmation
.codex_backups/v3_baseline_freeze_20260624_150902/reports/eda/EDA_MODEL_BRIDGE.md,.md,8368,SAFE_DELETE_CANDIDATE,cache or local restoration backup; never delete before confirmation
.codex_backups/v3_baseline_freeze_20260624_150902/reports/eda/EDA_REPORT.md,.md,43480,SAFE_DELETE_CANDIDATE,cache or local restoration backup; never delete before confirmation
.codex_backups/v3_baseline_freeze_20260624_150902/reports/eda/TEKNOFEST2026_EDA.ipynb,.ipynb,28779,SAFE_DELETE_CANDIDATE,cache or local restoration backup; never delete before confirmation
.codex_backups/v3_baseline_freeze_20260624_150902/reports/eda/TEKNOFEST2026_EDA_EXECUTED.ipynb,.ipynb,417453,SAFE_DELETE_CANDIDATE,cache or local restoration backup; never delete before confirmation
.codex_backups/v3_baseline_freeze_20260624_150902/reports/eda/figures/al_pca_cumulative_variance.png,.png,58350,SAFE_DELETE_CANDIDATE,cache or local restoration backup; never delete before confirmation
.codex_backups/v3_baseline_freeze_20260624_150902/reports/eda/figures/eda_model_feature_alignment.png,.png,50241,SAFE_DELETE_CANDIDATE,cache or local restoration backup; never delete before confirmation
.codex_backups/v3_baseline_freeze_20260624_150902/reports/eda/figures/ek_spearman_correlation.png,.png,50477,SAFE_DELETE_CANDIDATE,cache or local restoration backup; never delete before confirmation
.codex_backups/v3_baseline_freeze_20260624_150902/reports/eda/figures/missingness_top80.png,.png,128762,SAFE_DELETE_CANDIDATE,cache or local restoration backup; never delete before confirmation
.codex_backups/v3_baseline_freeze_20260624_150902/reports/eda/figures/top10_numeric_boxplots.png,.png,110355,SAFE_DELETE_CANDIDATE,cache or local restoration backup; never delete before confirmation
.codex_backups/v3_baseline_freeze_20260624_150902/reports/eda/tables/eda_model_feature_alignment.csv,.csv,30605,SAFE_DELETE_CANDIDATE,cache or local restoration backup; never delete before confirmation
.codex_backups/v3_baseline_freeze_20260624_150902/reports/eda/tables/eda_panel_model_alignment.csv,.csv,409,SAFE_DELETE_CANDIDATE,cache or local restoration backup; never delete before confirmation
.codex_backups/v3_baseline_freeze_20260624_150902/reports/eda/tables/eda_to_model_decision_bridge.csv,.csv,1639,SAFE_DELETE_CANDIDATE,cache or local restoration backup; never delete before confirmation
.codex_backups/v3_baseline_freeze_20260624_150902/reports/eda/tables/phase1_constant_near_constant.csv,.csv,1721,SAFE_DELETE_CANDIDATE,cache or local restoration backup; never delete before confirmation
.codex_backups/v3_baseline_freeze_20260624_150902/reports/eda/tables/phase1_missingness_bands.csv,.csv,65,SAFE_DELETE_CANDIDATE,cache or local restoration backup; never delete before confirmation
.codex_backups/v3_baseline_freeze_20260624_150902/reports/eda/tables/phase1_missingness_profile.csv,.csv,13688,SAFE_DELETE_CANDIDATE,cache or local restoration backup; never delete before confirmation
.codex_backups/v3_baseline_freeze_20260624_150902/reports/eda/tables/phase1_overlaps.csv,.csv,233,SAFE_DELETE_CANDIDATE,cache or local restoration backup; never delete before confirmation
.codex_backups/v3_baseline_freeze_20260624_150902/reports/eda/tables/phase1_schema_class_balance.csv,.csv,298,SAFE_DELETE_CANDIDATE,cache or local restoration backup; never delete before confirmation
.codex_backups/v3_baseline_freeze_20260624_150902/reports/eda/tables/phase2_aa_frequency.csv,.csv,619,SAFE_DELETE_CANDIDATE,cache or local restoration backup; never delete before confirmation
.codex_backups/v3_baseline_freeze_20260624_150902/reports/eda/tables/phase2_aa_nonstandard_codes.csv,.csv,127,SAFE_DELETE_CANDIDATE,cache or local restoration backup; never delete before confirmation
.codex_backups/v3_baseline_freeze_20260624_150902/reports/eda/tables/phase2_aa_pairs.csv,.csv,1205,SAFE_DELETE_CANDIDATE,cache or local restoration backup; never delete before confirmation
.codex_backups/v3_baseline_freeze_20260624_150902/reports/eda/tables/phase2_al_distribution_summary.csv,.csv,48880,SAFE_DELETE_CANDIDATE,cache or local restoration backup; never delete before confirmation
.codex_backups/v3_baseline_freeze_20260624_150902/reports/eda/tables/phase2_al_groups_by_n_notna.csv,.csv,384,SAFE_DELETE_CANDIDATE,cache or local restoration backup; never delete before confirmation
.codex_backups/v3_baseline_freeze_20260624_150902/reports/eda/tables/phase2_cat_label_rates.csv,.csv,4145,SAFE_DELETE_CANDIDATE,cache or local restoration backup; never delete before confirmation
.codex_backups/v3_baseline_freeze_20260624_150902/reports/eda/tables/phase2_cat_summary.csv,.csv,280,SAFE_DELETE_CANDIDATE,cache or local restoration backup; never delete before confirmation
.codex_backups/v3_baseline_freeze_20260624_150902/reports/eda/tables/phase2_ek_spearman_correlation.csv,.csv,1535,SAFE_DELETE_CANDIDATE,cache or local restoration backup; never delete before confirmation
.codex_backups/v3_baseline_freeze_20260624_150902/reports/eda/tables/phase2_ek_summary.csv,.csv,1364,SAFE_DELETE_CANDIDATE,cache or local restoration backup; never delete before confirmation
.codex_backups/v3_baseline_freeze_20260624_150902/reports/eda/tables/phase3_missingness_as_feature.csv,.csv,36720,SAFE_DELETE_CANDIDATE,cache or local restoration backup; never delete before confirmation
.codex_backups/v3_baseline_freeze_20260624_150902/reports/eda/tables/phase3_numeric_auc_ranked.csv,.csv,28559,SAFE_DELETE_CANDIDATE,cache or local restoration backup; never delete before confirmation
.codex_backups/v3_baseline_freeze_20260624_150902/reports/eda/tables/phase4_al_pca.csv,.csv,974,SAFE_DELETE_CANDIDATE,cache or local restoration backup; never delete before confirmation
.codex_backups/v3_baseline_freeze_20260624_150902/reports/eda/tables/phase4_al_triplet_correlations.csv,.csv,8540,SAFE_DELETE_CANDIDATE,cache or local restoration backup; never delete before confirmation
.codex_backups/v3_baseline_freeze_20260624_150902/reports/eda/tables/phase4_cross_group_spearman.csv,.csv,4537,SAFE_DELETE_CANDIDATE,cache or local restoration backup; never delete before confirmation
.codex_backups/v3_baseline_freeze_20260624_150902/reports/eda/tables/phase4_high_cross_group_correlations.csv,.csv,173,SAFE_DELETE_CANDIDATE,cache or local restoration backup; never delete before confirmation
.codex_backups/v3_baseline_freeze_20260624_150902/reports/eda/tables/phase4_leakage_suspects.csv,.csv,79,SAFE_DELETE_CANDIDATE,cache or local restoration backup; never delete before confirmation
.codex_backups/v3_baseline_freeze_20260624_150902/reports/eda/tables/phase5_panel_unique_vs_shared.csv,.csv,536,SAFE_DELETE_CANDIDATE,cache or local restoration backup; never delete before confirmation
.codex_backups/v3_baseline_freeze_20260624_150902/reports/eda/tables/phase5_top10_cross_dataset_shift.csv,.csv,4119,SAFE_DELETE_CANDIDATE,cache or local restoration backup; never delete before confirmation
.codex_backups/v3_baseline_freeze_20260624_150902/reports/eda/tables/phase6_acmg_interpretation.csv,.csv,3298,SAFE_DELETE_CANDIDATE,cache or local restoration backup; never delete before confirmation
.codex_backups/v3_baseline_freeze_20260624_150902/reports/eda_notebook_outputs/figures/al_pca_cumulative_variance.png,.png,58350,SAFE_DELETE_CANDIDATE,cache or local restoration backup; never delete before confirmation
.codex_backups/v3_baseline_freeze_20260624_150902/reports/eda_notebook_outputs/figures/ek_spearman_correlation.png,.png,50477,SAFE_DELETE_CANDIDATE,cache or local restoration backup; never delete before confirmation
.codex_backups/v3_baseline_freeze_20260624_150902/reports/eda_notebook_outputs/figures/missingness_top80.png,.png,130462,SAFE_DELETE_CANDIDATE,cache or local restoration backup; never delete before confirmation
.codex_backups/v3_baseline_freeze_20260624_150902/reports/eda_notebook_outputs/figures/top10_numeric_boxplots.png,.png,110355,SAFE_DELETE_CANDIDATE,cache or local restoration backup; never delete before confirmation
.codex_backups/v3_baseline_freeze_20260624_150902/reports/eda_notebook_outputs/tables/phase1_constant_near_constant.csv,.csv,1721,SAFE_DELETE_CANDIDATE,cache or local restoration backup; never delete before confirmation
.codex_backups/v3_baseline_freeze_20260624_150902/reports/eda_notebook_outputs/tables/phase1_missingness_profile.csv,.csv,13688,SAFE_DELETE_CANDIDATE,cache or local restoration backup; never delete before confirmation
.codex_backups/v3_baseline_freeze_20260624_150902/reports/eda_notebook_outputs/tables/phase1_overlaps.csv,.csv,233,SAFE_DELETE_CANDIDATE,cache or local restoration backup; never delete before confirmation
.codex_backups/v3_baseline_freeze_20260624_150902/reports/eda_notebook_outputs/tables/phase1_schema_class_balance.csv,.csv,298,SAFE_DELETE_CANDIDATE,cache or local restoration backup; never delete before confirmation
.codex_backups/v3_baseline_freeze_20260624_150902/reports/eda_notebook_outputs/tables/phase2_aa_frequency.csv,.csv,619,SAFE_DELETE_CANDIDATE,cache or local restoration backup; never delete before confirmation
.codex_backups/v3_baseline_freeze_20260624_150902/reports/eda_notebook_outputs/tables/phase2_aa_pairs.csv,.csv,1205,SAFE_DELETE_CANDIDATE,cache or local restoration backup; never delete before confirmation
.codex_backups/v3_baseline_freeze_20260624_150902/reports/eda_notebook_outputs/tables/phase2_al_distribution_summary.csv,.csv,48880,SAFE_DELETE_CANDIDATE,cache or local restoration backup; never delete before confirmation
.codex_backups/v3_baseline_freeze_20260624_150902/reports/eda_notebook_outputs/tables/phase2_al_groups_by_n_notna.csv,.csv,384,SAFE_DELETE_CANDIDATE,cache or local restoration backup; never delete before confirmation
.codex_backups/v3_baseline_freeze_20260624_150902/reports/eda_notebook_outputs/tables/phase2_cat_label_rates.csv,.csv,4145,SAFE_DELETE_CANDIDATE,cache or local restoration backup; never delete before confirmation
.codex_backups/v3_baseline_freeze_20260624_150902/reports/eda_notebook_outputs/tables/phase2_cat_summary.csv,.csv,280,SAFE_DELETE_CANDIDATE,cache or local restoration backup; never delete before confirmation
.codex_backups/v3_baseline_freeze_20260624_150902/reports/eda_notebook_outputs/tables/phase2_ek_spearman_correlation.csv,.csv,1535,SAFE_DELETE_CANDIDATE,cache or local restoration backup; never delete before confirmation
.codex_backups/v3_baseline_freeze_20260624_150902/reports/eda_notebook_outputs/tables/phase2_ek_summary.csv,.csv,1364,SAFE_DELETE_CANDIDATE,cache or local restoration backup; never delete before confirmation
.codex_backups/v3_baseline_freeze_20260624_150902/reports/eda_notebook_outputs/tables/phase3_missingness_as_feature.csv,.csv,29754,SAFE_DELETE_CANDIDATE,cache or local restoration backup; never delete before confirmation
.codex_backups/v3_baseline_freeze_20260624_150902/reports/eda_notebook_outputs/tables/phase3_numeric_auc_ranked.csv,.csv,28559,SAFE_DELETE_CANDIDATE,cache or local restoration backup; never delete before confirmation
.codex_backups/v3_baseline_freeze_20260624_150902/reports/eda_notebook_outputs/tables/phase4_al_pca.csv,.csv,974,SAFE_DELETE_CANDIDATE,cache or local restoration backup; never delete before confirmation
.codex_backups/v3_baseline_freeze_20260624_150902/reports/eda_notebook_outputs/tables/phase4_al_triplet_correlations.csv,.csv,8540,SAFE_DELETE_CANDIDATE,cache or local restoration backup; never delete before confirmation
.codex_backups/v3_baseline_freeze_20260624_150902/reports/eda_notebook_outputs/tables/phase4_cross_group_spearman.csv,.csv,4537,SAFE_DELETE_CANDIDATE,cache or local restoration backup; never delete before confirmation
.codex_backups/v3_baseline_freeze_20260624_150902/reports/eda_notebook_outputs/tables/phase4_high_cross_group_correlations.csv,.csv,173,SAFE_DELETE_CANDIDATE,cache or local restoration backup; never delete before confirmation
.codex_backups/v3_baseline_freeze_20260624_150902/reports/eda_notebook_outputs/tables/phase4_leakage_suspects.csv,.csv,79,SAFE_DELETE_CANDIDATE,cache or local restoration backup; never delete before confirmation
.codex_backups/v3_baseline_freeze_20260624_150902/reports/eda_notebook_outputs/tables/phase5_panel_unique_vs_shared.csv,.csv,536,SAFE_DELETE_CANDIDATE,cache or local restoration backup; never delete before confirmation
.codex_backups/v3_baseline_freeze_20260624_150902/reports/eda_notebook_outputs/tables/phase5_top10_cross_dataset_shift.csv,.csv,4119,SAFE_DELETE_CANDIDATE,cache or local restoration backup; never delete before confirmation
.codex_backups/v3_baseline_freeze_20260624_150902/reports/eda_notebook_outputs/tables/phase6_acmg_interpretation.csv,.csv,3298,SAFE_DELETE_CANDIDATE,cache or local restoration backup; never delete before confirmation
.codex_backups/v3_baseline_freeze_20260624_150902/reports/explainability/acmg_feature_mapping.csv,.csv,616,SAFE_DELETE_CANDIDATE,cache or local restoration backup; never delete before confirmation
.codex_backups/v3_baseline_freeze_20260624_150902/reports/explainability/shap_beeswarm.png,.png,307620,SAFE_DELETE_CANDIDATE,cache or local restoration backup; never delete before confirmation
.codex_backups/v3_baseline_freeze_20260624_150902/reports/explainability/shap_case_confusion_matrix.csv,.csv,46,SAFE_DELETE_CANDIDATE,cache or local restoration backup; never delete before confirmation
.codex_backups/v3_baseline_freeze_20260624_150902/reports/explainability/shap_case_panel_unique_confusion_matrix.csv,.csv,44,SAFE_DELETE_CANDIDATE,cache or local restoration backup; never delete before confirmation
.codex_backups/v3_baseline_freeze_20260624_150902/reports/explainability/shap_dependence_EK7_by_EK9.png,.png,229937,SAFE_DELETE_CANDIDATE,cache or local restoration backup; never delete before confirmation
.codex_backups/v3_baseline_freeze_20260624_150902/reports/explainability/shap_dependence_npops_by_maxAF.png,.png,67010,SAFE_DELETE_CANDIDATE,cache or local restoration backup; never delete before confirmation
.codex_backups/v3_baseline_freeze_20260624_150902/reports/explainability/shap_global_bar.png,.png,62847,SAFE_DELETE_CANDIDATE,cache or local restoration backup; never delete before confirmation
.codex_backups/v3_baseline_freeze_20260624_150902/reports/explainability/shap_global_importance.csv,.csv,10363,SAFE_DELETE_CANDIDATE,cache or local restoration backup; never delete before confirmation
.codex_backups/v3_baseline_freeze_20260624_150902/reports/explainability/shap_group_importance.csv,.csv,249,SAFE_DELETE_CANDIDATE,cache or local restoration backup; never delete before confirmation
.codex_backups/v3_baseline_freeze_20260624_150902/reports/explainability/shap_waterfall_01_TP.png,.png,133876,SAFE_DELETE_CANDIDATE,cache or local restoration backup; never delete before confirmation
.codex_backups/v3_baseline_freeze_20260624_150902/reports/explainability/shap_waterfall_02_TP.png,.png,131617,SAFE_DELETE_CANDIDATE,cache or local restoration backup; never delete before confirmation
.codex_backups/v3_baseline_freeze_20260624_150902/reports/explainability/shap_waterfall_03_TP.png,.png,130778,SAFE_DELETE_CANDIDATE,cache or local restoration backup; never delete before confirmation
.codex_backups/v3_baseline_freeze_20260624_150902/reports/explainability/shap_waterfall_04_TP.png,.png,137533,SAFE_DELETE_CANDIDATE,cache or local restoration backup; never delete before confirmation
.codex_backups/v3_baseline_freeze_20260624_150902/reports/explainability/shap_waterfall_05_TP.png,.png,134504,SAFE_DELETE_CANDIDATE,cache or local restoration backup; never delete before confirmation
.codex_backups/v3_baseline_freeze_20260624_150902/reports/explainability/shap_waterfall_06_TN.png,.png,136261,SAFE_DELETE_CANDIDATE,cache or local restoration backup; never delete before confirmation
.codex_backups/v3_baseline_freeze_20260624_150902/reports/explainability/shap_waterfall_07_TN.png,.png,133897,SAFE_DELETE_CANDIDATE,cache or local restoration backup; never delete before confirmation
.codex_backups/v3_baseline_freeze_20260624_150902/reports/explainability/shap_waterfall_08_TN.png,.png,138396,SAFE_DELETE_CANDIDATE,cache or local restoration backup; never delete before confirmation
.codex_backups/v3_baseline_freeze_20260624_150902/reports/explainability/shap_waterfall_09_TN.png,.png,134452,SAFE_DELETE_CANDIDATE,cache or local restoration backup; never delete before confirmation
.codex_backups/v3_baseline_freeze_20260624_150902/reports/explainability/shap_waterfall_10_TN.png,.png,136567,SAFE_DELETE_CANDIDATE,cache or local restoration backup; never delete before confirmation
.codex_backups/v3_baseline_freeze_20260624_150902/reports/explainability/shap_waterfall_11_FN.png,.png,134323,SAFE_DELETE_CANDIDATE,cache or local restoration backup; never delete before confirmation
.codex_backups/v3_baseline_freeze_20260624_150902/reports/explainability/shap_waterfall_12_FN.png,.png,134323,SAFE_DELETE_CANDIDATE,cache or local restoration backup; never delete before confirmation
.codex_backups/v3_baseline_freeze_20260624_150902/reports/explainability/shap_waterfall_13_FN.png,.png,134323,SAFE_DELETE_CANDIDATE,cache or local restoration backup; never delete before confirmation
.codex_backups/v3_baseline_freeze_20260624_150902/reports/explainability/shap_waterfall_14_FN.png,.png,134323,SAFE_DELETE_CANDIDATE,cache or local restoration backup; never delete before confirmation
.codex_backups/v3_baseline_freeze_20260624_150902/reports/explainability/shap_waterfall_15_FN.png,.png,134323,SAFE_DELETE_CANDIDATE,cache or local restoration backup; never delete before confirmation
.codex_backups/v3_baseline_freeze_20260624_150902/reports/explainability/shap_waterfall_cases.csv,.csv,637,SAFE_DELETE_CANDIDATE,cache or local restoration backup; never delete before confirmation
.codex_backups/v3_baseline_freeze_20260624_150902/reports/explainability/shap_waterfall_panel_unique_01_TP.png,.png,132859,SAFE_DELETE_CANDIDATE,cache or local restoration backup; never delete before confirmation
.codex_backups/v3_baseline_freeze_20260624_150902/reports/explainability/shap_waterfall_panel_unique_02_TP.png,.png,128819,SAFE_DELETE_CANDIDATE,cache or local restoration backup; never delete before confirmation
.codex_backups/v3_baseline_freeze_20260624_150902/reports/explainability/shap_waterfall_panel_unique_03_TP.png,.png,133895,SAFE_DELETE_CANDIDATE,cache or local restoration backup; never delete before confirmation
.codex_backups/v3_baseline_freeze_20260624_150902/reports/explainability/shap_waterfall_panel_unique_04_TP.png,.png,127364,SAFE_DELETE_CANDIDATE,cache or local restoration backup; never delete before confirmation
.codex_backups/v3_baseline_freeze_20260624_150902/reports/explainability/shap_waterfall_panel_unique_05_TP.png,.png,133598,SAFE_DELETE_CANDIDATE,cache or local restoration backup; never delete before confirmation
.codex_backups/v3_baseline_freeze_20260624_150902/reports/explainability/shap_waterfall_panel_unique_06_TN.png,.png,138733,SAFE_DELETE_CANDIDATE,cache or local restoration backup; never delete before confirmation
.codex_backups/v3_baseline_freeze_20260624_150902/reports/explainability/shap_waterfall_panel_unique_07_TN.png,.png,139032,SAFE_DELETE_CANDIDATE,cache or local restoration backup; never delete before confirmation
.codex_backups/v3_baseline_freeze_20260624_150902/reports/explainability/shap_waterfall_panel_unique_08_TN.png,.png,141393,SAFE_DELETE_CANDIDATE,cache or local restoration backup; never delete before confirmation
.codex_backups/v3_baseline_freeze_20260624_150902/reports/explainability/shap_waterfall_panel_unique_09_TN.png,.png,143636,SAFE_DELETE_CANDIDATE,cache or local restoration backup; never delete before confirmation
.codex_backups/v3_baseline_freeze_20260624_150902/reports/explainability/shap_waterfall_panel_unique_10_TN.png,.png,136851,SAFE_DELETE_CANDIDATE,cache or local restoration backup; never delete before confirmation
.codex_backups/v3_baseline_freeze_20260624_150902/reports/explainability/shap_waterfall_panel_unique_11_FP.png,.png,134863,SAFE_DELETE_CANDIDATE,cache or local restoration backup; never delete before confirmation
.codex_backups/v3_baseline_freeze_20260624_150902/reports/explainability/shap_waterfall_panel_unique_12_FP.png,.png,126874,SAFE_DELETE_CANDIDATE,cache or local restoration backup; never delete before confirmation
.codex_backups/v3_baseline_freeze_20260624_150902/reports/explainability/shap_waterfall_panel_unique_13_FP.png,.png,135930,SAFE_DELETE_CANDIDATE,cache or local restoration backup; never delete before confirmation
.codex_backups/v3_baseline_freeze_20260624_150902/reports/explainability/shap_waterfall_panel_unique_14_FP.png,.png,134442,SAFE_DELETE_CANDIDATE,cache or local restoration backup; never delete before confirmation
.codex_backups/v3_baseline_freeze_20260624_150902/reports/explainability/shap_waterfall_panel_unique_15_FP.png,.png,130992,SAFE_DELETE_CANDIDATE,cache or local restoration backup; never delete before confirmation
.codex_backups/v3_baseline_freeze_20260624_150902/reports/explainability/shap_waterfall_panel_unique_16_FN.png,.png,134805,SAFE_DELETE_CANDIDATE,cache or local restoration backup; never delete before confirmation
.codex_backups/v3_baseline_freeze_20260624_150902/reports/explainability/shap_waterfall_panel_unique_17_FN.png,.png,133000,SAFE_DELETE_CANDIDATE,cache or local restoration backup; never delete before confirmation
.codex_backups/v3_baseline_freeze_20260624_150902/reports/explainability/shap_waterfall_panel_unique_18_FN.png,.png,130986,SAFE_DELETE_CANDIDATE,cache or local restoration backup; never delete before confirmation
.codex_backups/v3_baseline_freeze_20260624_150902/reports/explainability/shap_waterfall_panel_unique_19_FN.png,.png,131881,SAFE_DELETE_CANDIDATE,cache or local restoration backup; never delete before confirmation
.codex_backups/v3_baseline_freeze_20260624_150902/reports/explainability/shap_waterfall_panel_unique_20_FN.png,.png,134323,SAFE_DELETE_CANDIDATE,cache or local restoration backup; never delete before confirmation
.codex_backups/v3_baseline_freeze_20260624_150902/reports/explainability/shap_waterfall_panel_unique_cases.csv,.csv,1086,SAFE_DELETE_CANDIDATE,cache or local restoration backup; never delete before confirmation
.codex_backups/v3_baseline_freeze_20260624_150902/reports/figures/advanced_threshold_comparison.png,.png,86591,SAFE_DELETE_CANDIDATE,cache or local restoration backup; never delete before confirmation
.codex_backups/v3_baseline_freeze_20260624_150902/reports/figures/brier_logloss_comparison.png,.png,42803,SAFE_DELETE_CANDIDATE,cache or local restoration backup; never delete before confirmation
.codex_backups/v3_baseline_freeze_20260624_150902/reports/figures/calibration_curves.png,.png,127938,SAFE_DELETE_CANDIDATE,cache or local restoration backup; never delete before confirmation
.codex_backups/v3_baseline_freeze_20260624_150902/reports/figures/class_distribution_by_dataset.png,.png,136109,SAFE_DELETE_CANDIDATE,cache or local restoration backup; never delete before confirmation
.codex_backups/v3_baseline_freeze_20260624_150902/reports/figures/confusion_matrix_cftr_unique.png,.png,84102,SAFE_DELETE_CANDIDATE,cache or local restoration backup; never delete before confirmation
.codex_backups/v3_baseline_freeze_20260624_150902/reports/figures/confusion_matrix_kanser_unique.png,.png,92877,SAFE_DELETE_CANDIDATE,cache or local restoration backup; never delete before confirmation
.codex_backups/v3_baseline_freeze_20260624_150902/reports/figures/confusion_matrix_master.png,.png,108099,SAFE_DELETE_CANDIDATE,cache or local restoration backup; never delete before confirmation
.codex_backups/v3_baseline_freeze_20260624_150902/reports/figures/confusion_matrix_pah_unique.png,.png,89661,SAFE_DELETE_CANDIDATE,cache or local restoration backup; never delete before confirmation
.codex_backups/v3_baseline_freeze_20260624_150902/reports/figures/confusion_matrix_panel_unique_combined.png,.png,95487,SAFE_DELETE_CANDIDATE,cache or local restoration backup; never delete before confirmation
.codex_backups/v3_baseline_freeze_20260624_150902/reports/figures/correlation_matrix_top_features.png,.png,335912,SAFE_DELETE_CANDIDATE,cache or local restoration backup; never delete before confirmation
.codex_backups/v3_baseline_freeze_20260624_150902/reports/figures/error_analysis_key_features.png,.png,184959,SAFE_DELETE_CANDIDATE,cache or local restoration backup; never delete before confirmation
.codex_backups/v3_baseline_freeze_20260624_150902/reports/figures/experiments/experiment_001_initial/advanced_threshold_comparison.png,.png,86591,SAFE_DELETE_CANDIDATE,cache or local restoration backup; never delete before confirmation
.codex_backups/v3_baseline_freeze_20260624_150902/reports/figures/experiments/experiment_001_initial/brier_logloss_comparison.png,.png,42803,SAFE_DELETE_CANDIDATE,cache or local restoration backup; never delete before confirmation
.codex_backups/v3_baseline_freeze_20260624_150902/reports/figures/experiments/experiment_001_initial/calibration_curves.png,.png,127938,SAFE_DELETE_CANDIDATE,cache or local restoration backup; never delete before confirmation
.codex_backups/v3_baseline_freeze_20260624_150902/reports/figures/experiments/experiment_001_initial/class_distribution_by_dataset.png,.png,136109,SAFE_DELETE_CANDIDATE,cache or local restoration backup; never delete before confirmation
.codex_backups/v3_baseline_freeze_20260624_150902/reports/figures/experiments/experiment_001_initial/confusion_matrix_cftr_unique.png,.png,84102,SAFE_DELETE_CANDIDATE,cache or local restoration backup; never delete before confirmation
.codex_backups/v3_baseline_freeze_20260624_150902/reports/figures/experiments/experiment_001_initial/confusion_matrix_kanser_unique.png,.png,92877,SAFE_DELETE_CANDIDATE,cache or local restoration backup; never delete before confirmation
.codex_backups/v3_baseline_freeze_20260624_150902/reports/figures/experiments/experiment_001_initial/confusion_matrix_master.png,.png,108099,SAFE_DELETE_CANDIDATE,cache or local restoration backup; never delete before confirmation
.codex_backups/v3_baseline_freeze_20260624_150902/reports/figures/experiments/experiment_001_initial/confusion_matrix_pah_unique.png,.png,89661,SAFE_DELETE_CANDIDATE,cache or local restoration backup; never delete before confirmation
.codex_backups/v3_baseline_freeze_20260624_150902/reports/figures/experiments/experiment_001_initial/confusion_matrix_panel_unique_combined.png,.png,95487,SAFE_DELETE_CANDIDATE,cache or local restoration backup; never delete before confirmation
.codex_backups/v3_baseline_freeze_20260624_150902/reports/figures/experiments/experiment_001_initial/correlation_matrix_top_features.png,.png,335912,SAFE_DELETE_CANDIDATE,cache or local restoration backup; never delete before confirmation
.codex_backups/v3_baseline_freeze_20260624_150902/reports/figures/experiments/experiment_001_initial/error_analysis_key_features.png,.png,184959,SAFE_DELETE_CANDIDATE,cache or local restoration backup; never delete before confirmation
.codex_backups/v3_baseline_freeze_20260624_150902/reports/figures/experiments/experiment_001_initial/feature_group_ablation_comparison.png,.png,105542,SAFE_DELETE_CANDIDATE,cache or local restoration backup; never delete before confirmation
.codex_backups/v3_baseline_freeze_20260624_150902/reports/figures/experiments/experiment_001_initial/feature_importance.png,.png,62847,SAFE_DELETE_CANDIDATE,cache or local restoration backup; never delete before confirmation
.codex_backups/v3_baseline_freeze_20260624_150902/reports/figures/experiments/experiment_001_initial/feature_importance_top30.png,.png,152299,SAFE_DELETE_CANDIDATE,cache or local restoration backup; never delete before confirmation
.codex_backups/v3_baseline_freeze_20260624_150902/reports/figures/experiments/experiment_001_initial/final_calibration_curve.png,.png,127938,SAFE_DELETE_CANDIDATE,cache or local restoration backup; never delete before confirmation
.codex_backups/v3_baseline_freeze_20260624_150902/reports/figures/experiments/experiment_001_initial/final_calibration_decision_plot.png,.png,57585,SAFE_DELETE_CANDIDATE,cache or local restoration backup; never delete before confirmation
.codex_backups/v3_baseline_freeze_20260624_150902/reports/figures/experiments/experiment_001_initial/final_confusion_matrix_master.png,.png,108099,SAFE_DELETE_CANDIDATE,cache or local restoration backup; never delete before confirmation
.codex_backups/v3_baseline_freeze_20260624_150902/reports/figures/experiments/experiment_001_initial/final_error_group_feature_distributions.png,.png,87133,SAFE_DELETE_CANDIDATE,cache or local restoration backup; never delete before confirmation
.codex_backups/v3_baseline_freeze_20260624_150902/reports/figures/experiments/experiment_001_initial/final_feature_importance.png,.png,62847,SAFE_DELETE_CANDIDATE,cache or local restoration backup; never delete before confirmation
.codex_backups/v3_baseline_freeze_20260624_150902/reports/figures/experiments/experiment_001_initial/final_feature_importance_top30.png,.png,87821,SAFE_DELETE_CANDIDATE,cache or local restoration backup; never delete before confirmation
.codex_backups/v3_baseline_freeze_20260624_150902/reports/figures/experiments/experiment_001_initial/final_fp_fn_feature_contrast.png,.png,61488,SAFE_DELETE_CANDIDATE,cache or local restoration backup; never delete before confirmation
.codex_backups/v3_baseline_freeze_20260624_150902/reports/figures/experiments/experiment_001_initial/final_model_comparison.png,.png,107813,SAFE_DELETE_CANDIDATE,cache or local restoration backup; never delete before confirmation
.codex_backups/v3_baseline_freeze_20260624_150902/reports/figures/experiments/experiment_001_initial/final_panel_specific_confusion_matrices.png,.png,36958,SAFE_DELETE_CANDIDATE,cache or local restoration backup; never delete before confirmation
.codex_backups/v3_baseline_freeze_20260624_150902/reports/figures/experiments/experiment_001_initial/final_panel_specific_metric_comparison.png,.png,61429,SAFE_DELETE_CANDIDATE,cache or local restoration backup; never delete before confirmation
.codex_backups/v3_baseline_freeze_20260624_150902/reports/figures/experiments/experiment_001_initial/final_pr_curve_master.png,.png,114868,SAFE_DELETE_CANDIDATE,cache or local restoration backup; never delete before confirmation
.codex_backups/v3_baseline_freeze_20260624_150902/reports/figures/experiments/experiment_001_initial/final_roc_curve_master.png,.png,129207,SAFE_DELETE_CANDIDATE,cache or local restoration backup; never delete before confirmation
.codex_backups/v3_baseline_freeze_20260624_150902/reports/figures/experiments/experiment_001_initial/final_threshold_analysis.png,.png,119718,SAFE_DELETE_CANDIDATE,cache or local restoration backup; never delete before confirmation
.codex_backups/v3_baseline_freeze_20260624_150902/reports/figures/experiments/experiment_001_initial/fold_threshold_distribution.png,.png,39189,SAFE_DELETE_CANDIDATE,cache or local restoration backup; never delete before confirmation
.codex_backups/v3_baseline_freeze_20260624_150902/reports/figures/experiments/experiment_001_initial/missingness_by_feature_group.png,.png,84214,SAFE_DELETE_CANDIDATE,cache or local restoration backup; never delete before confirmation
.codex_backups/v3_baseline_freeze_20260624_150902/reports/figures/experiments/experiment_001_initial/model_comparison.png,.png,66194,SAFE_DELETE_CANDIDATE,cache or local restoration backup; never delete before confirmation
.codex_backups/v3_baseline_freeze_20260624_150902/reports/figures/experiments/experiment_001_initial/model_comparison_metrics.png,.png,218707,SAFE_DELETE_CANDIDATE,cache or local restoration backup; never delete before confirmation
.codex_backups/v3_baseline_freeze_20260624_150902/reports/figures/experiments/experiment_001_initial/optuna_medical_optimization_history.png,.png,96262,SAFE_DELETE_CANDIDATE,cache or local restoration backup; never delete before confirmation
.codex_backups/v3_baseline_freeze_20260624_150902/reports/figures/experiments/experiment_001_initial/optuna_param_importance.png,.png,53561,SAFE_DELETE_CANDIDATE,cache or local restoration backup; never delete before confirmation
.codex_backups/v3_baseline_freeze_20260624_150902/reports/figures/experiments/experiment_001_initial/panel_confusion_matrices.png,.png,43865,SAFE_DELETE_CANDIDATE,cache or local restoration backup; never delete before confirmation
.codex_backups/v3_baseline_freeze_20260624_150902/reports/figures/experiments/experiment_001_initial/panel_error_feature_distributions.png,.png,124442,SAFE_DELETE_CANDIDATE,cache or local restoration backup; never delete before confirmation
.codex_backups/v3_baseline_freeze_20260624_150902/reports/figures/experiments/experiment_001_initial/phase10_before_after_comparison.png,.png,81403,SAFE_DELETE_CANDIDATE,cache or local restoration backup; never delete before confirmation
.codex_backups/v3_baseline_freeze_20260624_150902/reports/figures/experiments/experiment_001_initial/pr_curve_master.png,.png,114868,SAFE_DELETE_CANDIDATE,cache or local restoration backup; never delete before confirmation
.codex_backups/v3_baseline_freeze_20260624_150902/reports/figures/experiments/experiment_001_initial/pr_curve_panel_unique.png,.png,154268,SAFE_DELETE_CANDIDATE,cache or local restoration backup; never delete before confirmation
.codex_backups/v3_baseline_freeze_20260624_150902/reports/figures/experiments/experiment_001_initial/roc_curve_master.png,.png,129207,SAFE_DELETE_CANDIDATE,cache or local restoration backup; never delete before confirmation
.codex_backups/v3_baseline_freeze_20260624_150902/reports/figures/experiments/experiment_001_initial/roc_curve_panel_unique.png,.png,147580,SAFE_DELETE_CANDIDATE,cache or local restoration backup; never delete before confirmation
.codex_backups/v3_baseline_freeze_20260624_150902/reports/figures/experiments/experiment_001_initial/threshold_comparison.png,.png,25939,SAFE_DELETE_CANDIDATE,cache or local restoration backup; never delete before confirmation
.codex_backups/v3_baseline_freeze_20260624_150902/reports/figures/experiments/experiment_001_initial/threshold_metric_curves.png,.png,119718,SAFE_DELETE_CANDIDATE,cache or local restoration backup; never delete before confirmation
.codex_backups/v3_baseline_freeze_20260624_150902/reports/figures/experiments/experiment_001_initial/threshold_optimization.png,.png,220571,SAFE_DELETE_CANDIDATE,cache or local restoration backup; never delete before confirmation
.codex_backups/v3_baseline_freeze_20260624_150902/reports/figures/experiments/experiment_001_initial/train_vs_validation_metrics.png,.png,106006,SAFE_DELETE_CANDIDATE,cache or local restoration backup; never delete before confirmation
.codex_backups/v3_baseline_freeze_20260624_150902/reports/figures/feature_group_ablation_comparison.png,.png,105542,SAFE_DELETE_CANDIDATE,cache or local restoration backup; never delete before confirmation
.codex_backups/v3_baseline_freeze_20260624_150902/reports/figures/feature_importance.png,.png,62847,SAFE_DELETE_CANDIDATE,cache or local restoration backup; never delete before confirmation
.codex_backups/v3_baseline_freeze_20260624_150902/reports/figures/feature_importance_top30.png,.png,152299,SAFE_DELETE_CANDIDATE,cache or local restoration backup; never delete before confirmation
.codex_backups/v3_baseline_freeze_20260624_150902/reports/figures/final_calibration_curve.png,.png,127938,SAFE_DELETE_CANDIDATE,cache or local restoration backup; never delete before confirmation
.codex_backups/v3_baseline_freeze_20260624_150902/reports/figures/final_calibration_decision_plot.png,.png,57585,SAFE_DELETE_CANDIDATE,cache or local restoration backup; never delete before confirmation
.codex_backups/v3_baseline_freeze_20260624_150902/reports/figures/final_confusion_matrix_master.png,.png,108099,SAFE_DELETE_CANDIDATE,cache or local restoration backup; never delete before confirmation
.codex_backups/v3_baseline_freeze_20260624_150902/reports/figures/final_error_group_feature_distributions.png,.png,87133,SAFE_DELETE_CANDIDATE,cache or local restoration backup; never delete before confirmation
.codex_backups/v3_baseline_freeze_20260624_150902/reports/figures/final_feature_importance.png,.png,62847,SAFE_DELETE_CANDIDATE,cache or local restoration backup; never delete before confirmation
.codex_backups/v3_baseline_freeze_20260624_150902/reports/figures/final_feature_importance_top30.png,.png,87821,SAFE_DELETE_CANDIDATE,cache or local restoration backup; never delete before confirmation
.codex_backups/v3_baseline_freeze_20260624_150902/reports/figures/final_fp_fn_feature_contrast.png,.png,61488,SAFE_DELETE_CANDIDATE,cache or local restoration backup; never delete before confirmation
.codex_backups/v3_baseline_freeze_20260624_150902/reports/figures/final_model_comparison.png,.png,107813,SAFE_DELETE_CANDIDATE,cache or local restoration backup; never delete before confirmation
.codex_backups/v3_baseline_freeze_20260624_150902/reports/figures/final_panel_specific_confusion_matrices.png,.png,36958,SAFE_DELETE_CANDIDATE,cache or local restoration backup; never delete before confirmation
.codex_backups/v3_baseline_freeze_20260624_150902/reports/figures/final_panel_specific_metric_comparison.png,.png,61429,SAFE_DELETE_CANDIDATE,cache or local restoration backup; never delete before confirmation
.codex_backups/v3_baseline_freeze_20260624_150902/reports/figures/final_pr_curve_master.png,.png,114868,SAFE_DELETE_CANDIDATE,cache or local restoration backup; never delete before confirmation
.codex_backups/v3_baseline_freeze_20260624_150902/reports/figures/final_roc_curve_master.png,.png,129207,SAFE_DELETE_CANDIDATE,cache or local restoration backup; never delete before confirmation
.codex_backups/v3_baseline_freeze_20260624_150902/reports/figures/final_threshold_analysis.png,.png,119718,SAFE_DELETE_CANDIDATE,cache or local restoration backup; never delete before confirmation
.codex_backups/v3_baseline_freeze_20260624_150902/reports/figures/fold_threshold_distribution.png,.png,39189,SAFE_DELETE_CANDIDATE,cache or local restoration backup; never delete before confirmation
.codex_backups/v3_baseline_freeze_20260624_150902/reports/figures/missingness_by_feature_group.png,.png,84214,SAFE_DELETE_CANDIDATE,cache or local restoration backup; never delete before confirmation
.codex_backups/v3_baseline_freeze_20260624_150902/reports/figures/model_comparison.png,.png,66194,SAFE_DELETE_CANDIDATE,cache or local restoration backup; never delete before confirmation
.codex_backups/v3_baseline_freeze_20260624_150902/reports/figures/model_comparison_metrics.png,.png,218707,SAFE_DELETE_CANDIDATE,cache or local restoration backup; never delete before confirmation
.codex_backups/v3_baseline_freeze_20260624_150902/reports/figures/optuna_medical_optimization_history.png,.png,96262,SAFE_DELETE_CANDIDATE,cache or local restoration backup; never delete before confirmation
.codex_backups/v3_baseline_freeze_20260624_150902/reports/figures/optuna_param_importance.png,.png,53561,SAFE_DELETE_CANDIDATE,cache or local restoration backup; never delete before confirmation
.codex_backups/v3_baseline_freeze_20260624_150902/reports/figures/panel_confusion_matrices.png,.png,43663,SAFE_DELETE_CANDIDATE,cache or local restoration backup; never delete before confirmation
.codex_backups/v3_baseline_freeze_20260624_150902/reports/figures/panel_error_feature_distributions.png,.png,124442,SAFE_DELETE_CANDIDATE,cache or local restoration backup; never delete before confirmation
.codex_backups/v3_baseline_freeze_20260624_150902/reports/figures/phase10_before_after_comparison.png,.png,81403,SAFE_DELETE_CANDIDATE,cache or local restoration backup; never delete before confirmation
.codex_backups/v3_baseline_freeze_20260624_150902/reports/figures/pr_curve_master.png,.png,114868,SAFE_DELETE_CANDIDATE,cache or local restoration backup; never delete before confirmation
.codex_backups/v3_baseline_freeze_20260624_150902/reports/figures/pr_curve_panel_unique.png,.png,154268,SAFE_DELETE_CANDIDATE,cache or local restoration backup; never delete before confirmation
.codex_backups/v3_baseline_freeze_20260624_150902/reports/figures/roc_curve_master.png,.png,129207,SAFE_DELETE_CANDIDATE,cache or local restoration backup; never delete before confirmation
.codex_backups/v3_baseline_freeze_20260624_150902/reports/figures/roc_curve_panel_unique.png,.png,147580,SAFE_DELETE_CANDIDATE,cache or local restoration backup; never delete before confirmation
.codex_backups/v3_baseline_freeze_20260624_150902/reports/figures/threshold_comparison.png,.png,25939,SAFE_DELETE_CANDIDATE,cache or local restoration backup; never delete before confirmation
.codex_backups/v3_baseline_freeze_20260624_150902/reports/figures/threshold_metric_curves.png,.png,119718,SAFE_DELETE_CANDIDATE,cache or local restoration backup; never delete before confirmation
.codex_backups/v3_baseline_freeze_20260624_150902/reports/figures/threshold_optimization.png,.png,220571,SAFE_DELETE_CANDIDATE,cache or local restoration backup; never delete before confirmation
.codex_backups/v3_baseline_freeze_20260624_150902/reports/figures/train_vs_validation_metrics.png,.png,106006,SAFE_DELETE_CANDIDATE,cache or local restoration backup; never delete before confirmation
.codex_backups/v3_baseline_freeze_20260624_150902/reports/final_competition_repository_audit.md,.md,3199,SAFE_DELETE_CANDIDATE,cache or local restoration backup; never delete before confirmation
.codex_backups/v3_baseline_freeze_20260624_150902/reports/final_ensemble_decision.md,.md,2732,SAFE_DELETE_CANDIDATE,cache or local restoration backup; never delete before confirmation
.codex_backups/v3_baseline_freeze_20260624_150902/reports/final_feature_interpretation.md,.md,705,SAFE_DELETE_CANDIDATE,cache or local restoration backup; never delete before confirmation
.codex_backups/v3_baseline_freeze_20260624_150902/reports/final_inference_audit.md,.md,215,SAFE_DELETE_CANDIDATE,cache or local restoration backup; never delete before confirmation
.codex_backups/v3_baseline_freeze_20260624_150902/reports/final_medical_metric_summary.md,.md,2908,SAFE_DELETE_CANDIDATE,cache or local restoration backup; never delete before confirmation
.codex_backups/v3_baseline_freeze_20260624_150902/reports/final_metric_verification_audit.md,.md,1453,SAFE_DELETE_CANDIDATE,cache or local restoration backup; never delete before confirmation
.codex_backups/v3_baseline_freeze_20260624_150902/reports/final_model_report_summary.md,.md,3708,SAFE_DELETE_CANDIDATE,cache or local restoration backup; never delete before confirmation
.codex_backups/v3_baseline_freeze_20260624_150902/reports/final_model_selection_decision.md,.md,11407,SAFE_DELETE_CANDIDATE,cache or local restoration backup; never delete before confirmation
.codex_backups/v3_baseline_freeze_20260624_150902/reports/final_model_strength_statement.md,.md,753,SAFE_DELETE_CANDIDATE,cache or local restoration backup; never delete before confirmation
.codex_backups/v3_baseline_freeze_20260624_150902/reports/final_performance_analysis.md,.md,3527,SAFE_DELETE_CANDIDATE,cache or local restoration backup; never delete before confirmation
.codex_backups/v3_baseline_freeze_20260624_150902/reports/final_test_performance_report.md,.md,1300,SAFE_DELETE_CANDIDATE,cache or local restoration backup; never delete before confirmation
.codex_backups/v3_baseline_freeze_20260624_150902/reports/implementation_checklist.md,.md,5485,SAFE_DELETE_CANDIDATE,cache or local restoration backup; never delete before confirmation
.codex_backups/v3_baseline_freeze_20260624_150902/reports/master_prompt/CFTR_unique_calibration.csv,.csv,657,SAFE_DELETE_CANDIDATE,cache or local restoration backup; never delete before confirmation
.codex_backups/v3_baseline_freeze_20260624_150902/reports/master_prompt/CFTR_unique_calibration_curve.png,.png,82766,SAFE_DELETE_CANDIDATE,cache or local restoration backup; never delete before confirmation
.codex_backups/v3_baseline_freeze_20260624_150902/reports/master_prompt/KANSER_unique_calibration.csv,.csv,751,SAFE_DELETE_CANDIDATE,cache or local restoration backup; never delete before confirmation
.codex_backups/v3_baseline_freeze_20260624_150902/reports/master_prompt/KANSER_unique_calibration_curve.png,.png,72375,SAFE_DELETE_CANDIDATE,cache or local restoration backup; never delete before confirmation
.codex_backups/v3_baseline_freeze_20260624_150902/reports/master_prompt/MASTER_PROMPT_IMPLEMENTATION_REPORT.md,.md,11076,SAFE_DELETE_CANDIDATE,cache or local restoration backup; never delete before confirmation
.codex_backups/v3_baseline_freeze_20260624_150902/reports/master_prompt/PAH_unique_calibration.csv,.csv,768,SAFE_DELETE_CANDIDATE,cache or local restoration backup; never delete before confirmation
.codex_backups/v3_baseline_freeze_20260624_150902/reports/master_prompt/PAH_unique_calibration_curve.png,.png,78342,SAFE_DELETE_CANDIDATE,cache or local restoration backup; never delete before confirmation
.codex_backups/v3_baseline_freeze_20260624_150902/reports/master_prompt/ablation_fold_results.csv,.csv,11575,SAFE_DELETE_CANDIDATE,cache or local restoration backup; never delete before confirmation
.codex_backups/v3_baseline_freeze_20260624_150902/reports/master_prompt/ablation_summary.csv,.csv,3810,SAFE_DELETE_CANDIDATE,cache or local restoration backup; never delete before confirmation
.codex_backups/v3_baseline_freeze_20260624_150902/reports/master_prompt/critical_implementation_checklist.csv,.csv,1950,SAFE_DELETE_CANDIDATE,cache or local restoration backup; never delete before confirmation
.codex_backups/v3_baseline_freeze_20260624_150902/reports/master_prompt/final_panel_unique_predictions.csv,.csv,19465,SAFE_DELETE_CANDIDATE,cache or local restoration backup; never delete before confirmation
.codex_backups/v3_baseline_freeze_20260624_150902/reports/master_prompt/l0_model_fold_metrics.csv,.csv,1359,SAFE_DELETE_CANDIDATE,cache or local restoration backup; never delete before confirmation
.codex_backups/v3_baseline_freeze_20260624_150902/reports/master_prompt/l0_model_summary.csv,.csv,590,SAFE_DELETE_CANDIDATE,cache or local restoration backup; never delete before confirmation
.codex_backups/v3_baseline_freeze_20260624_150902/reports/master_prompt/l0_stack_oof_predictions.csv,.csv,426464,SAFE_DELETE_CANDIDATE,cache or local restoration backup; never delete before confirmation
.codex_backups/v3_baseline_freeze_20260624_150902/reports/master_prompt/lgbm_best_params_resumable.json,.json,291,SAFE_DELETE_CANDIDATE,cache or local restoration backup; never delete before confirmation
.codex_backups/v3_baseline_freeze_20260624_150902/reports/master_prompt/lgbm_optuna_convergence.png,.png,94800,SAFE_DELETE_CANDIDATE,cache or local restoration backup; never delete before confirmation
.codex_backups/v3_baseline_freeze_20260624_150902/reports/master_prompt/lgbm_optuna_trials_resumable.csv,.csv,16006,SAFE_DELETE_CANDIDATE,cache or local restoration backup; never delete before confirmation
.codex_backups/v3_baseline_freeze_20260624_150902/reports/master_prompt/lightgbm_oof_predictions.csv,.csv,140654,SAFE_DELETE_CANDIDATE,cache or local restoration backup; never delete before confirmation
.codex_backups/v3_baseline_freeze_20260624_150902/reports/master_prompt/optuna_lgbm_study.sqlite3,.sqlite3,454656,SAFE_DELETE_CANDIDATE,cache or local restoration backup; never delete before confirmation
.codex_backups/v3_baseline_freeze_20260624_150902/reports/master_prompt/overlap_summary.csv,.csv,483,SAFE_DELETE_CANDIDATE,cache or local restoration backup; never delete before confirmation
.codex_backups/v3_baseline_freeze_20260624_150902/reports/master_prompt/panel_unique_bootstrap_ci.csv,.csv,1537,SAFE_DELETE_CANDIDATE,cache or local restoration backup; never delete before confirmation
.codex_backups/v3_baseline_freeze_20260624_150902/reports/master_prompt/statistical_tests.csv,.csv,491,SAFE_DELETE_CANDIDATE,cache or local restoration backup; never delete before confirmation
.codex_backups/v3_baseline_freeze_20260624_150902/reports/model_diagnosis.md,.md,393,SAFE_DELETE_CANDIDATE,cache or local restoration backup; never delete before confirmation
.codex_backups/v3_baseline_freeze_20260624_150902/reports/model_performance_audit.md,.md,2735,SAFE_DELETE_CANDIDATE,cache or local restoration backup; never delete before confirmation
.codex_backups/v3_baseline_freeze_20260624_150902/reports/model_performance_improvement_report.md,.md,6204,SAFE_DELETE_CANDIDATE,cache or local restoration backup; never delete before confirmation
.codex_backups/v3_baseline_freeze_20260624_150902/reports/model_zoo_summary.md,.md,1878,SAFE_DELETE_CANDIDATE,cache or local restoration backup; never delete before confirmation
.codex_backups/v3_baseline_freeze_20260624_150902/reports/optuna_medical_optimization_report.md,.md,3682,SAFE_DELETE_CANDIDATE,cache or local restoration backup; never delete before confirmation
.codex_backups/v3_baseline_freeze_20260624_150902/reports/panel_specific_final_interpretation.md,.md,549,SAFE_DELETE_CANDIDATE,cache or local restoration backup; never delete before confirmation
.codex_backups/v3_baseline_freeze_20260624_150902/reports/tables/acmg_feature_mapping.csv,.csv,616,SAFE_DELETE_CANDIDATE,cache or local restoration backup; never delete before confirmation
.codex_backups/v3_baseline_freeze_20260624_150902/reports/tables/advanced_threshold_comparison.csv,.csv,25260,SAFE_DELETE_CANDIDATE,cache or local restoration backup; never delete before confirmation
.codex_backups/v3_baseline_freeze_20260624_150902/reports/tables/all_evaluation_metrics.csv,.csv,9901,SAFE_DELETE_CANDIDATE,cache or local restoration backup; never delete before confirmation
.codex_backups/v3_baseline_freeze_20260624_150902/reports/tables/baseline_results.csv,.csv,1922,SAFE_DELETE_CANDIDATE,cache or local restoration backup; never delete before confirmation
.codex_backups/v3_baseline_freeze_20260624_150902/reports/tables/calibration_comparison.csv,.csv,3183,SAFE_DELETE_CANDIDATE,cache or local restoration backup; never delete before confirmation
.codex_backups/v3_baseline_freeze_20260624_150902/reports/tables/calibration_decision_matrix.csv,.csv,2381,SAFE_DELETE_CANDIDATE,cache or local restoration backup; never delete before confirmation
.codex_backups/v3_baseline_freeze_20260624_150902/reports/tables/class_distribution_by_dataset.csv,.csv,329,SAFE_DELETE_CANDIDATE,cache or local restoration backup; never delete before confirmation
.codex_backups/v3_baseline_freeze_20260624_150902/reports/tables/correlation_matrix_top_features.csv,.csv,20678,SAFE_DELETE_CANDIDATE,cache or local restoration backup; never delete before confirmation
.codex_backups/v3_baseline_freeze_20260624_150902/reports/tables/dataset_summary.csv,.csv,251,SAFE_DELETE_CANDIDATE,cache or local restoration backup; never delete before confirmation
.codex_backups/v3_baseline_freeze_20260624_150902/reports/tables/error_analysis.csv,.csv,4952,SAFE_DELETE_CANDIDATE,cache or local restoration backup; never delete before confirmation
.codex_backups/v3_baseline_freeze_20260624_150902/reports/tables/error_analysis_key_features.csv,.csv,1227,SAFE_DELETE_CANDIDATE,cache or local restoration backup; never delete before confirmation
.codex_backups/v3_baseline_freeze_20260624_150902/reports/tables/experiment_comparison.csv,.csv,2707,SAFE_DELETE_CANDIDATE,cache or local restoration backup; never delete before confirmation
.codex_backups/v3_baseline_freeze_20260624_150902/reports/tables/feature_group_ablation_results.csv,.csv,2075,SAFE_DELETE_CANDIDATE,cache or local restoration backup; never delete before confirmation
.codex_backups/v3_baseline_freeze_20260624_150902/reports/tables/feature_importance.csv,.csv,10363,SAFE_DELETE_CANDIDATE,cache or local restoration backup; never delete before confirmation
.codex_backups/v3_baseline_freeze_20260624_150902/reports/tables/feature_importance_top30.csv,.csv,837,SAFE_DELETE_CANDIDATE,cache or local restoration backup; never delete before confirmation
.codex_backups/v3_baseline_freeze_20260624_150902/reports/tables/final_acmg_feature_mapping.csv,.csv,2341,SAFE_DELETE_CANDIDATE,cache or local restoration backup; never delete before confirmation
.codex_backups/v3_baseline_freeze_20260624_150902/reports/tables/final_ensemble_comparison.csv,.csv,9108,SAFE_DELETE_CANDIDATE,cache or local restoration backup; never delete before confirmation
.codex_backups/v3_baseline_freeze_20260624_150902/reports/tables/final_ensemble_weights.csv,.csv,8258,SAFE_DELETE_CANDIDATE,cache or local restoration backup; never delete before confirmation
.codex_backups/v3_baseline_freeze_20260624_150902/reports/tables/final_error_group_feature_summary.csv,.csv,21766,SAFE_DELETE_CANDIDATE,cache or local restoration backup; never delete before confirmation
.codex_backups/v3_baseline_freeze_20260624_150902/reports/tables/final_evaluation_metrics.csv,.csv,1205,SAFE_DELETE_CANDIDATE,cache or local restoration backup; never delete before confirmation
.codex_backups/v3_baseline_freeze_20260624_150902/reports/tables/final_false_negative_cases.csv,.csv,37625,SAFE_DELETE_CANDIDATE,cache or local restoration backup; never delete before confirmation
.codex_backups/v3_baseline_freeze_20260624_150902/reports/tables/final_false_positive_cases.csv,.csv,61902,SAFE_DELETE_CANDIDATE,cache or local restoration backup; never delete before confirmation
.codex_backups/v3_baseline_freeze_20260624_150902/reports/tables/final_feature_importance_top30.csv,.csv,365,SAFE_DELETE_CANDIDATE,cache or local restoration backup; never delete before confirmation
.codex_backups/v3_baseline_freeze_20260624_150902/reports/tables/final_medical_metric_comparison.csv,.csv,3170,SAFE_DELETE_CANDIDATE,cache or local restoration backup; never delete before confirmation
.codex_backups/v3_baseline_freeze_20260624_150902/reports/tables/final_metric_verification_audit.csv,.csv,596,SAFE_DELETE_CANDIDATE,cache or local restoration backup; never delete before confirmation
.codex_backups/v3_baseline_freeze_20260624_150902/reports/tables/final_model_selection_table.csv,.csv,5985,SAFE_DELETE_CANDIDATE,cache or local restoration backup; never delete before confirmation
.codex_backups/v3_baseline_freeze_20260624_150902/reports/tables/final_panel_specific_metrics.csv,.csv,1129,SAFE_DELETE_CANDIDATE,cache or local restoration backup; never delete before confirmation
.codex_backups/v3_baseline_freeze_20260624_150902/reports/tables/final_selection_board.csv,.csv,17186,SAFE_DELETE_CANDIDATE,cache or local restoration backup; never delete before confirmation
.codex_backups/v3_baseline_freeze_20260624_150902/reports/tables/fold_threshold_stability.csv,.csv,5546,SAFE_DELETE_CANDIDATE,cache or local restoration backup; never delete before confirmation
.codex_backups/v3_baseline_freeze_20260624_150902/reports/tables/main_model_cv_results.csv,.csv,3750,SAFE_DELETE_CANDIDATE,cache or local restoration backup; never delete before confirmation
.codex_backups/v3_baseline_freeze_20260624_150902/reports/tables/missingness_by_feature_group.csv,.csv,541,SAFE_DELETE_CANDIDATE,cache or local restoration backup; never delete before confirmation
.codex_backups/v3_baseline_freeze_20260624_150902/reports/tables/missingness_summary.csv,.csv,45816,SAFE_DELETE_CANDIDATE,cache or local restoration backup; never delete before confirmation
.codex_backups/v3_baseline_freeze_20260624_150902/reports/tables/model_comparison_metrics.csv,.csv,860,SAFE_DELETE_CANDIDATE,cache or local restoration backup; never delete before confirmation
.codex_backups/v3_baseline_freeze_20260624_150902/reports/tables/model_diagnosis_summary.csv,.csv,359,SAFE_DELETE_CANDIDATE,cache or local restoration backup; never delete before confirmation
.codex_backups/v3_baseline_freeze_20260624_150902/reports/tables/model_zoo_fold_metrics.csv,.csv,15198,SAFE_DELETE_CANDIDATE,cache or local restoration backup; never delete before confirmation
.codex_backups/v3_baseline_freeze_20260624_150902/reports/tables/model_zoo_metrics.csv,.csv,6526,SAFE_DELETE_CANDIDATE,cache or local restoration backup; never delete before confirmation
.codex_backups/v3_baseline_freeze_20260624_150902/reports/tables/optuna_before_after_comparison.csv,.csv,1182,SAFE_DELETE_CANDIDATE,cache or local restoration backup; never delete before confirmation
.codex_backups/v3_baseline_freeze_20260624_150902/reports/tables/optuna_medical_best_params.csv,.csv,332,SAFE_DELETE_CANDIDATE,cache or local restoration backup; never delete before confirmation
.codex_backups/v3_baseline_freeze_20260624_150902/reports/tables/optuna_medical_candidate_fold_metrics.csv,.csv,2484,SAFE_DELETE_CANDIDATE,cache or local restoration backup; never delete before confirmation
.codex_backups/v3_baseline_freeze_20260624_150902/reports/tables/optuna_medical_candidate_overfitting_gaps.csv,.csv,356,SAFE_DELETE_CANDIDATE,cache or local restoration backup; never delete before confirmation
.codex_backups/v3_baseline_freeze_20260624_150902/reports/tables/optuna_medical_trials.csv,.csv,34021,SAFE_DELETE_CANDIDATE,cache or local restoration backup; never delete before confirmation
.codex_backups/v3_baseline_freeze_20260624_150902/reports/tables/overfitting_gap_analysis.csv,.csv,5684,SAFE_DELETE_CANDIDATE,cache or local restoration backup; never delete before confirmation
.codex_backups/v3_baseline_freeze_20260624_150902/reports/tables/overlap_summary.csv,.csv,483,SAFE_DELETE_CANDIDATE,cache or local restoration backup; never delete before confirmation
.codex_backups/v3_baseline_freeze_20260624_150902/reports/tables/panel_generalization_results.csv,.csv,147,SAFE_DELETE_CANDIDATE,cache or local restoration backup; never delete before confirmation
.codex_backups/v3_baseline_freeze_20260624_150902/reports/tables/panel_specific_error_analysis.csv,.csv,42275,SAFE_DELETE_CANDIDATE,cache or local restoration backup; never delete before confirmation
.codex_backups/v3_baseline_freeze_20260624_150902/reports/tables/panel_unique_bootstrap_ci.csv,.csv,1513,SAFE_DELETE_CANDIDATE,cache or local restoration backup; never delete before confirmation
.codex_backups/v3_baseline_freeze_20260624_150902/reports/tables/phase10_before_after_comparison.csv,.csv,1717,SAFE_DELETE_CANDIDATE,cache or local restoration backup; never delete before confirmation
.codex_backups/v3_baseline_freeze_20260624_150902/reports/tables/threshold_optimization.csv,.csv,14527,SAFE_DELETE_CANDIDATE,cache or local restoration backup; never delete before confirmation
.codex_backups/v3_baseline_freeze_20260624_150902/reports/tables/threshold_results.csv,.csv,170,SAFE_DELETE_CANDIDATE,cache or local restoration backup; never delete before confirmation
.codex_backups/v3_baseline_freeze_20260624_150902/reports/tables/validation_split_diagnostics.csv,.csv,375,SAFE_DELETE_CANDIDATE,cache or local restoration backup; never delete before confirmation
.codex_backups/v3_baseline_freeze_20260624_150902/reports/test_evaluation/tables/test_schema_audit.csv,.csv,2,SAFE_DELETE_CANDIDATE,cache or local restoration backup; never delete before confirmation
.codex_backups/v3_baseline_freeze_20260624_150902/reports/test_evaluation/test_data_discovery.md,.md,518,SAFE_DELETE_CANDIDATE,cache or local restoration backup; never delete before confirmation
.pytest_cache/.gitignore,,39,LEGACY_ARCHIVE,retain as evidence pending archive execution
.pytest_cache/CACHEDIR.TAG,.tag,191,LEGACY_ARCHIVE,retain as evidence pending archive execution
.pytest_cache/README.md,.md,310,PROTECTED_DO_NOT_TOUCH,"raw data, reproducibility documentation, or tests"
.pytest_cache/v/cache/nodeids,,1683,LEGACY_ARCHIVE,retain as evidence pending archive execution
README.md,.md,7893,PROTECTED_DO_NOT_TOUCH,"raw data, reproducibility documentation, or tests"
__pycache__/run_pipeline.cpython-312.pyc,.pyc,38597,SAFE_DELETE_CANDIDATE,cache or local restoration backup; never delete before confirmation
artifacts/metrics/experiments/experiment_001_initial/all_evaluation_metrics.csv,.csv,9901,LEGACY_ARCHIVE,useful previous evidence or generated visualization
artifacts/metrics/experiments/experiment_001_initial/config.json,.json,174,LEGACY_ARCHIVE,useful previous evidence or generated visualization
artifacts/metrics/experiments/experiment_001_initial/diagnosis.md,.md,212,LEGACY_ARCHIVE,useful previous evidence or generated visualization
artifacts/metrics/experiments/experiment_001_initial/error_analysis.csv,.csv,4952,LEGACY_ARCHIVE,useful previous evidence or generated visualization
artifacts/metrics/experiments/experiment_001_initial/feature_importance.csv,.csv,10363,LEGACY_ARCHIVE,useful previous evidence or generated visualization
artifacts/metrics/experiments/experiment_001_initial/main_model_cv_results.csv,.csv,3750,LEGACY_ARCHIVE,useful previous evidence or generated visualization
artifacts/metrics/experiments/experiment_001_initial/metrics.csv,.csv,2439,LEGACY_ARCHIVE,useful previous evidence or generated visualization
artifacts/metrics/experiments/experiment_001_initial/panel_generalization_results.csv,.csv,147,LEGACY_ARCHIVE,useful previous evidence or generated visualization
artifacts/metrics/experiments/experiment_001_initial/threshold_results.csv,.csv,170,LEGACY_ARCHIVE,useful previous evidence or generated visualization
artifacts/metrics/experiments/experiment_002_f1_threshold/config.json,.json,188,LEGACY_ARCHIVE,useful previous evidence or generated visualization
artifacts/metrics/experiments/experiment_002_f1_threshold/diagnosis.md,.md,205,LEGACY_ARCHIVE,useful previous evidence or generated visualization
artifacts/metrics/experiments/experiment_002_f1_threshold/metrics.csv,.csv,2439,LEGACY_ARCHIVE,useful previous evidence or generated visualization
artifacts/metrics/experiments/experiment_003_youden_threshold/config.json,.json,189,LEGACY_ARCHIVE,useful previous evidence or generated visualization
artifacts/metrics/experiments/experiment_003_youden_threshold/diagnosis.md,.md,186,LEGACY_ARCHIVE,useful previous evidence or generated visualization
artifacts/metrics/experiments/experiment_003_youden_threshold/metrics.csv,.csv,2439,LEGACY_ARCHIVE,useful previous evidence or generated visualization
artifacts/metrics/experiments/experiment_004_extra_trees/config.json,.json,189,LEGACY_ARCHIVE,useful previous evidence or generated visualization
artifacts/metrics/experiments/experiment_004_extra_trees/diagnosis.md,.md,148,LEGACY_ARCHIVE,useful previous evidence or generated visualization
artifacts/metrics/experiments/experiment_004_extra_trees/metrics.csv,.csv,1145,LEGACY_ARCHIVE,useful previous evidence or generated visualization
artifacts/metrics/experiments/experiment_005_catboost/config.json,.json,189,LEGACY_ARCHIVE,useful previous evidence or generated visualization
artifacts/metrics/experiments/experiment_005_catboost/diagnosis.md,.md,142,LEGACY_ARCHIVE,useful previous evidence or generated visualization
artifacts/metrics/experiments/experiment_005_catboost/metrics.csv,.csv,1136,LEGACY_ARCHIVE,useful previous evidence or generated visualization
artifacts/metrics/experiments/experiment_006_ensemble_stack/config.json,.json,189,LEGACY_ARCHIVE,useful previous evidence or generated visualization
artifacts/metrics/experiments/experiment_006_ensemble_stack/diagnosis.md,.md,165,LEGACY_ARCHIVE,useful previous evidence or generated visualization
artifacts/metrics/experiments/experiment_006_ensemble_stack/metrics.csv,.csv,1153,LEGACY_ARCHIVE,useful previous evidence or generated visualization
artifacts/metrics/experiments/experiment_007_lr_ek_only/config.json,.json,188,LEGACY_ARCHIVE,useful previous evidence or generated visualization
artifacts/metrics/experiments/experiment_007_lr_ek_only/diagnosis.md,.md,172,LEGACY_ARCHIVE,useful previous evidence or generated visualization
artifacts/metrics/experiments/experiment_007_lr_ek_only/metrics.csv,.csv,2222,LEGACY_ARCHIVE,useful previous evidence or generated visualization
artifacts/metrics/experiments/experiment_008_ek_only_features/config.json,.json,177,LEGACY_ARCHIVE,useful previous evidence or generated visualization
artifacts/metrics/experiments/experiment_008_ek_only_features/diagnosis.md,.md,160,LEGACY_ARCHIVE,useful previous evidence or generated visualization
artifacts/metrics/experiments/experiment_008_ek_only_features/metrics.csv,.csv,427,LEGACY_ARCHIVE,useful previous evidence or generated visualization
artifacts/metrics/experiments/experiment_009_al_only_features/config.json,.json,177,LEGACY_ARCHIVE,useful previous evidence or generated visualization
artifacts/metrics/experiments/experiment_009_al_only_features/diagnosis.md,.md,160,LEGACY_ARCHIVE,useful previous evidence or generated visualization
artifacts/metrics/experiments/experiment_009_al_only_features/metrics.csv,.csv,427,LEGACY_ARCHIVE,useful previous evidence or generated visualization
artifacts/metrics/experiments/experiment_010_engineered_only/config.json,.json,177,LEGACY_ARCHIVE,useful previous evidence or generated visualization
artifacts/metrics/experiments/experiment_010_engineered_only/diagnosis.md,.md,175,LEGACY_ARCHIVE,useful previous evidence or generated visualization
artifacts/metrics/experiments/experiment_010_engineered_only/metrics.csv,.csv,441,LEGACY_ARCHIVE,useful previous evidence or generated visualization
artifacts/metrics/experiments/lightgbm_balanced_regularized/config.json,.json,327,LEGACY_ARCHIVE,useful previous evidence or generated visualization
artifacts/metrics/experiments/lightgbm_balanced_regularized/metrics.csv,.csv,782,LEGACY_ARCHIVE,useful previous evidence or generated visualization
artifacts/metrics/experiments/lightgbm_conservative_regularized/config.json,.json,327,LEGACY_ARCHIVE,useful previous evidence or generated visualization
artifacts/metrics/experiments/lightgbm_conservative_regularized/metrics.csv,.csv,806,LEGACY_ARCHIVE,useful previous evidence or generated visualization
artifacts/metrics/experiments/lightgbm_current_best/config.json,.json,291,LEGACY_ARCHIVE,useful previous evidence or generated visualization
artifacts/metrics/experiments/lightgbm_current_best/metrics.csv,.csv,736,LEGACY_ARCHIVE,useful previous evidence or generated visualization
artifacts/metrics/experiments/lightgbm_high_capacity_controlled/config.json,.json,330,LEGACY_ARCHIVE,useful previous evidence or generated visualization
artifacts/metrics/experiments/lightgbm_high_capacity_controlled/metrics.csv,.csv,793,LEGACY_ARCHIVE,useful previous evidence or generated visualization
artifacts/metrics/feature_list.json,.json,5696,LEGACY_ARCHIVE,report or experiment output not required for direct inference
artifacts/metrics/final_config.json,.json,712,PROTECTED_DO_NOT_TOUCH,protected final artifact
artifacts/metrics/final_feature_list.json,.json,5696,PROTECTED_DO_NOT_TOUCH,protected final artifact
artifacts/metrics/final_metrics.json,.json,1465,PROTECTED_DO_NOT_TOUCH,protected final artifact
artifacts/metrics/final_model_decision.json,.json,7382,PROTECTED_DO_NOT_TOUCH,protected final artifact
artifacts/metrics/final_threshold.json,.json,250,PROTECTED_DO_NOT_TOUCH,protected final artifact
artifacts/metrics/optuna_medical_best_params.json,.json,2766,LEGACY_ARCHIVE,report or experiment output not required for direct inference
artifacts/models/experiments/experiment_001_initial/README.md,.md,153,PROTECTED_DO_NOT_TOUCH,"raw data, reproducibility documentation, or tests"
artifacts/models/experiments/experiment_002_f1_threshold/README.md,.md,153,PROTECTED_DO_NOT_TOUCH,"raw data, reproducibility documentation, or tests"
artifacts/models/experiments/experiment_003_youden_threshold/README.md,.md,153,PROTECTED_DO_NOT_TOUCH,"raw data, reproducibility documentation, or tests"
artifacts/models/experiments/experiment_004_extra_trees/README.md,.md,153,PROTECTED_DO_NOT_TOUCH,"raw data, reproducibility documentation, or tests"
artifacts/models/experiments/experiment_005_catboost/README.md,.md,153,PROTECTED_DO_NOT_TOUCH,"raw data, reproducibility documentation, or tests"
artifacts/models/experiments/experiment_006_ensemble_stack/README.md,.md,153,PROTECTED_DO_NOT_TOUCH,"raw data, reproducibility documentation, or tests"
artifacts/models/experiments/experiment_007_lr_ek_only/README.md,.md,153,PROTECTED_DO_NOT_TOUCH,"raw data, reproducibility documentation, or tests"
artifacts/models/experiments/experiment_008_ek_only_features/README.md,.md,153,PROTECTED_DO_NOT_TOUCH,"raw data, reproducibility documentation, or tests"
artifacts/models/experiments/experiment_009_al_only_features/README.md,.md,153,PROTECTED_DO_NOT_TOUCH,"raw data, reproducibility documentation, or tests"
artifacts/models/experiments/experiment_010_engineered_only/README.md,.md,153,PROTECTED_DO_NOT_TOUCH,"raw data, reproducibility documentation, or tests"
artifacts/models/final_model.pkl,.pkl,1217444,PROTECTED_DO_NOT_TOUCH,protected final artifact
artifacts/models/final_model_columns.txt,.txt,3495,PROTECTED_DO_NOT_TOUCH,protected final artifact
artifacts/models/lightgbm_final.joblib,.joblib,9797876,LEGACY_ARCHIVE,report or experiment output not required for direct inference
artifacts/models/model_columns.txt,.txt,3495,LEGACY_ARCHIVE,report or experiment output not required for direct inference
artifacts/predictions/final_ensemble_oof_predictions.csv,.csv,408134,PROTECTED_DO_NOT_TOUCH,protected final artifact
artifacts/predictions/final_ensemble_panel_predictions.csv,.csv,52933,PROTECTED_DO_NOT_TOUCH,protected final artifact
artifacts/predictions/final_master_cv_predictions.csv,.csv,220660,PROTECTED_DO_NOT_TOUCH,protected final artifact
artifacts/predictions/final_panel_predictions.csv,.csv,29330,PROTECTED_DO_NOT_TOUCH,protected final artifact
artifacts/predictions/master_cv_model_predictions_phase9.csv,.csv,1178574,LEGACY_ARCHIVE,report or experiment output not required for direct inference
artifacts/predictions/model_zoo_folds/fold_0_predictions.csv,.csv,69533,LEGACY_ARCHIVE,report or experiment output not required for direct inference
artifacts/predictions/model_zoo_folds/fold_1_predictions.csv,.csv,69073,LEGACY_ARCHIVE,report or experiment output not required for direct inference
artifacts/predictions/model_zoo_folds/fold_2_predictions.csv,.csv,69039,LEGACY_ARCHIVE,report or experiment output not required for direct inference
artifacts/predictions/model_zoo_folds/fold_3_predictions.csv,.csv,69999,LEGACY_ARCHIVE,report or experiment output not required for direct inference
artifacts/predictions/model_zoo_folds/fold_4_predictions.csv,.csv,70372,LEGACY_ARCHIVE,report or experiment output not required for direct inference
artifacts/predictions/model_zoo_oof_predictions.csv,.csv,317968,LEGACY_ARCHIVE,report or experiment output not required for direct inference
artifacts/predictions/model_zoo_panel_predictions.csv,.csv,41687,LEGACY_ARCHIVE,report or experiment output not required for direct inference
artifacts/predictions/oof_predictions.csv,.csv,140654,LEGACY_ARCHIVE,report or experiment output not required for direct inference
artifacts/predictions/optuna_medical_candidate_oof_predictions.csv,.csv,190893,LEGACY_ARCHIVE,report or experiment output not required for direct inference
artifacts/predictions/optuna_medical_candidate_panel_predictions.csv,.csv,19912,LEGACY_ARCHIVE,report or experiment output not required for direct inference
artifacts/predictions/panel_unique_model_predictions_phase9.csv,.csv,21316,LEGACY_ARCHIVE,report or experiment output not required for direct inference
artifacts/predictions/panel_unique_predictions.csv,.csv,19465,LEGACY_ARCHIVE,report or experiment output not required for direct inference
artifacts/preprocessors/feature_engineer.joblib,.joblib,40787,LEGACY_ARCHIVE,report or experiment output not required for direct inference
artifacts/preprocessors/final_preprocessor.pkl,.pkl,40787,PROTECTED_DO_NOT_TOUCH,protected final artifact
catboost_info/catboost_training.json,.json,19447,LEGACY_ARCHIVE,retain as evidence pending archive execution
catboost_info/learn/events.out.tfevents,.tfevents,10870,LEGACY_ARCHIVE,retain as evidence pending archive execution
catboost_info/learn_error.tsv,.tsv,3275,LEGACY_ARCHIVE,retain as evidence pending archive execution
catboost_info/time_left.tsv,.tsv,2868,LEGACY_ARCHIVE,retain as evidence pending archive execution
data/processed/adsiz_dokuman_extracted.txt,.txt,12175,LEGACY_ARCHIVE,retain as evidence pending archive execution
data/processed/binary_al_flag_columns.txt,.txt,806,LEGACY_ARCHIVE,retain as evidence pending archive execution
data/processed/cftr_engineered.csv,.csv,352456,LEGACY_ARCHIVE,retain as evidence pending archive execution
data/processed/cftr_prepared.csv,.csv,281583,LEGACY_ARCHIVE,retain as evidence pending archive execution
data/processed/cftr_unique.csv,.csv,95961,LEGACY_ARCHIVE,retain as evidence pending archive execution
data/processed/cftr_unique_engineered.csv,.csv,118296,LEGACY_ARCHIVE,retain as evidence pending archive execution
data/processed/codex_repository_pdf_extracted.txt,.txt,17571,LEGACY_ARCHIVE,retain as evidence pending archive execution
data/processed/engineered_feature_columns.txt,.txt,924,LEGACY_ARCHIVE,retain as evidence pending archive execution
data/processed/first_section_overlap_summary.csv,.csv,483,LEGACY_ARCHIVE,retain as evidence pending archive execution
data/processed/kanser_engineered.csv,.csv,897755,LEGACY_ARCHIVE,retain as evidence pending archive execution
data/processed/kanser_prepared.csv,.csv,661299,LEGACY_ARCHIVE,retain as evidence pending archive execution
data/processed/kanser_unique.csv,.csv,307386,LEGACY_ARCHIVE,retain as evidence pending archive execution
data/processed/kanser_unique_engineered.csv,.csv,395794,LEGACY_ARCHIVE,retain as evidence pending archive execution
data/processed/lgbm_best_params.json,.json,297,LEGACY_ARCHIVE,retain as evidence pending archive execution
data/processed/lgbm_optuna_trials.csv,.csv,425,LEGACY_ARCHIVE,retain as evidence pending archive execution
data/processed/master_contamination_aware_fold_summary.csv,.csv,375,LEGACY_ARCHIVE,retain as evidence pending archive execution
data/processed/master_contamination_aware_folds.csv,.csv,78088,LEGACY_ARCHIVE,retain as evidence pending archive execution
data/processed/master_engineered.csv,.csv,6936387,LEGACY_ARCHIVE,retain as evidence pending archive execution
data/processed/master_prepared.csv,.csv,5169930,LEGACY_ARCHIVE,retain as evidence pending archive execution
data/processed/model_performance_improvement_plan_extracted.txt,.txt,16348,LEGACY_ARCHIVE,retain as evidence pending archive execution
data/processed/model_training_cv_results.csv,.csv,14625,LEGACY_ARCHIVE,retain as evidence pending archive execution
data/processed/model_training_cv_summary.csv,.csv,2287,LEGACY_ARCHIVE,retain as evidence pending archive execution
data/processed/pah_engineered.csv,.csv,1048535,LEGACY_ARCHIVE,retain as evidence pending archive execution
data/processed/pah_prepared.csv,.csv,815650,LEGACY_ARCHIVE,retain as evidence pending archive execution
data/processed/pah_unique.csv,.csv,241962,LEGACY_ARCHIVE,retain as evidence pending archive execution
data/processed/pah_unique_engineered.csv,.csv,315372,LEGACY_ARCHIVE,retain as evidence pending archive execution
data/processed/panel_unique_lightgbm_results.csv,.csv,2413,LEGACY_ARCHIVE,retain as evidence pending archive execution
data/processed/pdr_template_extracted.txt,.txt,5759,LEGACY_ARCHIVE,retain as evidence pending archive execution
data/processed/phase9_pdf_extracted.txt,.txt,5705,LEGACY_ARCHIVE,retain as evidence pending archive execution
data/processed/prompt_pdf_extracted.txt,.txt,24448,LEGACY_ARCHIVE,retain as evidence pending archive execution
data/processed/sartname_pdf_extracted.txt,.txt,40848,LEGACY_ARCHIVE,retain as evidence pending archive execution
models/feature_engineer.joblib,.joblib,40787,LEGACY_ARCHIVE,retain as evidence pending archive execution
models/lightgbm_final.joblib,.joblib,9797876,LEGACY_ARCHIVE,retain as evidence pending archive execution
models/model_columns.txt,.txt,3495,LEGACY_ARCHIVE,retain as evidence pending archive execution
notebooks/01_data_understanding.ipynb,.ipynb,2593,LEGACY_ARCHIVE,useful previous evidence or generated visualization
notebooks/02_feature_engineering_and_validation.ipynb,.ipynb,2568,LEGACY_ARCHIVE,useful previous evidence or generated visualization
notebooks/03_model_training_and_evaluation.ipynb,.ipynb,2836,LEGACY_ARCHIVE,useful previous evidence or generated visualization
notebooks/04_explainability_and_report_outputs.ipynb,.ipynb,2447,LEGACY_ARCHIVE,useful previous evidence or generated visualization
reports/calibration_decision_review.md,.md,2787,LEGACY_ARCHIVE,report or experiment output not required for direct inference
reports/current_results_verification.md,.md,995,LEGACY_ARCHIVE,report or experiment output not required for direct inference
reports/eda/EDA_MODEL_BRIDGE.md,.md,8368,LEGACY_ARCHIVE,useful previous evidence or generated visualization
reports/eda/EDA_REPORT.md,.md,43480,LEGACY_ARCHIVE,useful previous evidence or generated visualization
reports/eda/TEKNOFEST2026_EDA.ipynb,.ipynb,28779,LEGACY_ARCHIVE,useful previous evidence or generated visualization
reports/eda/TEKNOFEST2026_EDA_EXECUTED.ipynb,.ipynb,417453,LEGACY_ARCHIVE,useful previous evidence or generated visualization
reports/eda/figures/al_pca_cumulative_variance.png,.png,58350,LEGACY_ARCHIVE,useful previous evidence or generated visualization
reports/eda/figures/eda_model_feature_alignment.png,.png,50241,LEGACY_ARCHIVE,useful previous evidence or generated visualization
reports/eda/figures/ek_spearman_correlation.png,.png,50477,LEGACY_ARCHIVE,useful previous evidence or generated visualization
reports/eda/figures/missingness_top80.png,.png,128762,LEGACY_ARCHIVE,useful previous evidence or generated visualization
reports/eda/figures/top10_numeric_boxplots.png,.png,110355,LEGACY_ARCHIVE,useful previous evidence or generated visualization
reports/eda/tables/eda_model_feature_alignment.csv,.csv,30605,LEGACY_ARCHIVE,useful previous evidence or generated visualization
reports/eda/tables/eda_panel_model_alignment.csv,.csv,409,LEGACY_ARCHIVE,useful previous evidence or generated visualization
reports/eda/tables/eda_to_model_decision_bridge.csv,.csv,1639,LEGACY_ARCHIVE,useful previous evidence or generated visualization
reports/eda/tables/phase1_constant_near_constant.csv,.csv,1721,LEGACY_ARCHIVE,useful previous evidence or generated visualization
reports/eda/tables/phase1_missingness_bands.csv,.csv,65,LEGACY_ARCHIVE,useful previous evidence or generated visualization
reports/eda/tables/phase1_missingness_profile.csv,.csv,13688,LEGACY_ARCHIVE,useful previous evidence or generated visualization
reports/eda/tables/phase1_overlaps.csv,.csv,233,LEGACY_ARCHIVE,useful previous evidence or generated visualization
reports/eda/tables/phase1_schema_class_balance.csv,.csv,298,LEGACY_ARCHIVE,useful previous evidence or generated visualization
reports/eda/tables/phase2_aa_frequency.csv,.csv,619,LEGACY_ARCHIVE,useful previous evidence or generated visualization
reports/eda/tables/phase2_aa_nonstandard_codes.csv,.csv,127,LEGACY_ARCHIVE,useful previous evidence or generated visualization
reports/eda/tables/phase2_aa_pairs.csv,.csv,1205,LEGACY_ARCHIVE,useful previous evidence or generated visualization
reports/eda/tables/phase2_al_distribution_summary.csv,.csv,48880,LEGACY_ARCHIVE,useful previous evidence or generated visualization
reports/eda/tables/phase2_al_groups_by_n_notna.csv,.csv,384,LEGACY_ARCHIVE,useful previous evidence or generated visualization
reports/eda/tables/phase2_cat_label_rates.csv,.csv,4145,LEGACY_ARCHIVE,useful previous evidence or generated visualization
reports/eda/tables/phase2_cat_summary.csv,.csv,280,LEGACY_ARCHIVE,useful previous evidence or generated visualization
reports/eda/tables/phase2_ek_spearman_correlation.csv,.csv,1535,LEGACY_ARCHIVE,useful previous evidence or generated visualization
reports/eda/tables/phase2_ek_summary.csv,.csv,1364,LEGACY_ARCHIVE,useful previous evidence or generated visualization
reports/eda/tables/phase3_missingness_as_feature.csv,.csv,36720,LEGACY_ARCHIVE,useful previous evidence or generated visualization
reports/eda/tables/phase3_numeric_auc_ranked.csv,.csv,28559,LEGACY_ARCHIVE,useful previous evidence or generated visualization
reports/eda/tables/phase4_al_pca.csv,.csv,974,LEGACY_ARCHIVE,useful previous evidence or generated visualization
reports/eda/tables/phase4_al_triplet_correlations.csv,.csv,8540,LEGACY_ARCHIVE,useful previous evidence or generated visualization
reports/eda/tables/phase4_cross_group_spearman.csv,.csv,4537,LEGACY_ARCHIVE,useful previous evidence or generated visualization
reports/eda/tables/phase4_high_cross_group_correlations.csv,.csv,173,LEGACY_ARCHIVE,useful previous evidence or generated visualization
reports/eda/tables/phase4_leakage_suspects.csv,.csv,79,LEGACY_ARCHIVE,useful previous evidence or generated visualization
reports/eda/tables/phase5_panel_unique_vs_shared.csv,.csv,536,LEGACY_ARCHIVE,useful previous evidence or generated visualization
reports/eda/tables/phase5_top10_cross_dataset_shift.csv,.csv,4119,LEGACY_ARCHIVE,useful previous evidence or generated visualization
reports/eda/tables/phase6_acmg_interpretation.csv,.csv,3298,LEGACY_ARCHIVE,useful previous evidence or generated visualization
reports/eda_notebook_outputs/figures/al_pca_cumulative_variance.png,.png,58350,LEGACY_ARCHIVE,useful previous evidence or generated visualization
reports/eda_notebook_outputs/figures/ek_spearman_correlation.png,.png,50477,LEGACY_ARCHIVE,useful previous evidence or generated visualization
reports/eda_notebook_outputs/figures/missingness_top80.png,.png,130462,LEGACY_ARCHIVE,useful previous evidence or generated visualization
reports/eda_notebook_outputs/figures/top10_numeric_boxplots.png,.png,110355,LEGACY_ARCHIVE,useful previous evidence or generated visualization
reports/eda_notebook_outputs/tables/phase1_constant_near_constant.csv,.csv,1721,LEGACY_ARCHIVE,report or experiment output not required for direct inference
reports/eda_notebook_outputs/tables/phase1_missingness_profile.csv,.csv,13688,LEGACY_ARCHIVE,report or experiment output not required for direct inference
reports/eda_notebook_outputs/tables/phase1_overlaps.csv,.csv,233,LEGACY_ARCHIVE,report or experiment output not required for direct inference
reports/eda_notebook_outputs/tables/phase1_schema_class_balance.csv,.csv,298,LEGACY_ARCHIVE,report or experiment output not required for direct inference
reports/eda_notebook_outputs/tables/phase2_aa_frequency.csv,.csv,619,LEGACY_ARCHIVE,report or experiment output not required for direct inference
reports/eda_notebook_outputs/tables/phase2_aa_pairs.csv,.csv,1205,LEGACY_ARCHIVE,report or experiment output not required for direct inference
reports/eda_notebook_outputs/tables/phase2_al_distribution_summary.csv,.csv,48880,LEGACY_ARCHIVE,report or experiment output not required for direct inference
reports/eda_notebook_outputs/tables/phase2_al_groups_by_n_notna.csv,.csv,384,LEGACY_ARCHIVE,report or experiment output not required for direct inference
reports/eda_notebook_outputs/tables/phase2_cat_label_rates.csv,.csv,4145,LEGACY_ARCHIVE,report or experiment output not required for direct inference
reports/eda_notebook_outputs/tables/phase2_cat_summary.csv,.csv,280,LEGACY_ARCHIVE,report or experiment output not required for direct inference
reports/eda_notebook_outputs/tables/phase2_ek_spearman_correlation.csv,.csv,1535,LEGACY_ARCHIVE,report or experiment output not required for direct inference
reports/eda_notebook_outputs/tables/phase2_ek_summary.csv,.csv,1364,LEGACY_ARCHIVE,report or experiment output not required for direct inference
reports/eda_notebook_outputs/tables/phase3_missingness_as_feature.csv,.csv,29754,LEGACY_ARCHIVE,report or experiment output not required for direct inference
reports/eda_notebook_outputs/tables/phase3_numeric_auc_ranked.csv,.csv,28559,LEGACY_ARCHIVE,report or experiment output not required for direct inference
reports/eda_notebook_outputs/tables/phase4_al_pca.csv,.csv,974,LEGACY_ARCHIVE,report or experiment output not required for direct inference
reports/eda_notebook_outputs/tables/phase4_al_triplet_correlations.csv,.csv,8540,LEGACY_ARCHIVE,report or experiment output not required for direct inference
reports/eda_notebook_outputs/tables/phase4_cross_group_spearman.csv,.csv,4537,LEGACY_ARCHIVE,report or experiment output not required for direct inference
reports/eda_notebook_outputs/tables/phase4_high_cross_group_correlations.csv,.csv,173,LEGACY_ARCHIVE,report or experiment output not required for direct inference
reports/eda_notebook_outputs/tables/phase4_leakage_suspects.csv,.csv,79,LEGACY_ARCHIVE,report or experiment output not required for direct inference
reports/eda_notebook_outputs/tables/phase5_panel_unique_vs_shared.csv,.csv,536,LEGACY_ARCHIVE,report or experiment output not required for direct inference
reports/eda_notebook_outputs/tables/phase5_top10_cross_dataset_shift.csv,.csv,4119,LEGACY_ARCHIVE,report or experiment output not required for direct inference
reports/eda_notebook_outputs/tables/phase6_acmg_interpretation.csv,.csv,3298,LEGACY_ARCHIVE,report or experiment output not required for direct inference
reports/explainability/acmg_feature_mapping.csv,.csv,616,LEGACY_ARCHIVE,report or experiment output not required for direct inference
reports/explainability/shap_beeswarm.png,.png,307620,LEGACY_ARCHIVE,useful previous evidence or generated visualization
reports/explainability/shap_case_confusion_matrix.csv,.csv,46,LEGACY_ARCHIVE,report or experiment output not required for direct inference
reports/explainability/shap_case_panel_unique_confusion_matrix.csv,.csv,44,LEGACY_ARCHIVE,report or experiment output not required for direct inference
reports/explainability/shap_dependence_EK7_by_EK9.png,.png,229937,LEGACY_ARCHIVE,useful previous evidence or generated visualization
reports/explainability/shap_dependence_npops_by_maxAF.png,.png,67010,LEGACY_ARCHIVE,useful previous evidence or generated visualization
reports/explainability/shap_global_bar.png,.png,62847,LEGACY_ARCHIVE,useful previous evidence or generated visualization
reports/explainability/shap_global_importance.csv,.csv,10363,LEGACY_ARCHIVE,report or experiment output not required for direct inference
reports/explainability/shap_group_importance.csv,.csv,249,LEGACY_ARCHIVE,report or experiment output not required for direct inference
reports/explainability/shap_waterfall_01_TP.png,.png,133876,LEGACY_ARCHIVE,useful previous evidence or generated visualization
reports/explainability/shap_waterfall_02_TP.png,.png,131617,LEGACY_ARCHIVE,useful previous evidence or generated visualization
reports/explainability/shap_waterfall_03_TP.png,.png,130778,LEGACY_ARCHIVE,useful previous evidence or generated visualization
reports/explainability/shap_waterfall_04_TP.png,.png,137533,LEGACY_ARCHIVE,useful previous evidence or generated visualization
reports/explainability/shap_waterfall_05_TP.png,.png,134504,LEGACY_ARCHIVE,useful previous evidence or generated visualization
reports/explainability/shap_waterfall_06_TN.png,.png,136261,LEGACY_ARCHIVE,useful previous evidence or generated visualization
reports/explainability/shap_waterfall_07_TN.png,.png,133897,LEGACY_ARCHIVE,useful previous evidence or generated visualization
reports/explainability/shap_waterfall_08_TN.png,.png,138396,LEGACY_ARCHIVE,useful previous evidence or generated visualization
reports/explainability/shap_waterfall_09_TN.png,.png,134452,LEGACY_ARCHIVE,useful previous evidence or generated visualization
reports/explainability/shap_waterfall_10_TN.png,.png,136567,LEGACY_ARCHIVE,useful previous evidence or generated visualization
reports/explainability/shap_waterfall_11_FN.png,.png,134323,LEGACY_ARCHIVE,useful previous evidence or generated visualization
reports/explainability/shap_waterfall_12_FN.png,.png,134323,LEGACY_ARCHIVE,useful previous evidence or generated visualization
reports/explainability/shap_waterfall_13_FN.png,.png,134323,LEGACY_ARCHIVE,useful previous evidence or generated visualization
reports/explainability/shap_waterfall_14_FN.png,.png,134323,LEGACY_ARCHIVE,useful previous evidence or generated visualization
reports/explainability/shap_waterfall_15_FN.png,.png,134323,LEGACY_ARCHIVE,useful previous evidence or generated visualization
reports/explainability/shap_waterfall_cases.csv,.csv,637,LEGACY_ARCHIVE,report or experiment output not required for direct inference
reports/explainability/shap_waterfall_panel_unique_01_TP.png,.png,132859,LEGACY_ARCHIVE,useful previous evidence or generated visualization
reports/explainability/shap_waterfall_panel_unique_02_TP.png,.png,128819,LEGACY_ARCHIVE,useful previous evidence or generated visualization
reports/explainability/shap_waterfall_panel_unique_03_TP.png,.png,133895,LEGACY_ARCHIVE,useful previous evidence or generated visualization
reports/explainability/shap_waterfall_panel_unique_04_TP.png,.png,127364,LEGACY_ARCHIVE,useful previous evidence or generated visualization
reports/explainability/shap_waterfall_panel_unique_05_TP.png,.png,133598,LEGACY_ARCHIVE,useful previous evidence or generated visualization
reports/explainability/shap_waterfall_panel_unique_06_TN.png,.png,138733,LEGACY_ARCHIVE,useful previous evidence or generated visualization
reports/explainability/shap_waterfall_panel_unique_07_TN.png,.png,139032,LEGACY_ARCHIVE,useful previous evidence or generated visualization
reports/explainability/shap_waterfall_panel_unique_08_TN.png,.png,141393,LEGACY_ARCHIVE,useful previous evidence or generated visualization
reports/explainability/shap_waterfall_panel_unique_09_TN.png,.png,143636,LEGACY_ARCHIVE,useful previous evidence or generated visualization
reports/explainability/shap_waterfall_panel_unique_10_TN.png,.png,136851,LEGACY_ARCHIVE,useful previous evidence or generated visualization
reports/explainability/shap_waterfall_panel_unique_11_FP.png,.png,134863,LEGACY_ARCHIVE,useful previous evidence or generated visualization
reports/explainability/shap_waterfall_panel_unique_12_FP.png,.png,126874,LEGACY_ARCHIVE,useful previous evidence or generated visualization
reports/explainability/shap_waterfall_panel_unique_13_FP.png,.png,135930,LEGACY_ARCHIVE,useful previous evidence or generated visualization
reports/explainability/shap_waterfall_panel_unique_14_FP.png,.png,134442,LEGACY_ARCHIVE,useful previous evidence or generated visualization
reports/explainability/shap_waterfall_panel_unique_15_FP.png,.png,130992,LEGACY_ARCHIVE,useful previous evidence or generated visualization
reports/explainability/shap_waterfall_panel_unique_16_FN.png,.png,134805,LEGACY_ARCHIVE,useful previous evidence or generated visualization
reports/explainability/shap_waterfall_panel_unique_17_FN.png,.png,133000,LEGACY_ARCHIVE,useful previous evidence or generated visualization
reports/explainability/shap_waterfall_panel_unique_18_FN.png,.png,130986,LEGACY_ARCHIVE,useful previous evidence or generated visualization
reports/explainability/shap_waterfall_panel_unique_19_FN.png,.png,131881,LEGACY_ARCHIVE,useful previous evidence or generated visualization
reports/explainability/shap_waterfall_panel_unique_20_FN.png,.png,134323,LEGACY_ARCHIVE,useful previous evidence or generated visualization
reports/explainability/shap_waterfall_panel_unique_cases.csv,.csv,1086,LEGACY_ARCHIVE,report or experiment output not required for direct inference
reports/figures/advanced_threshold_comparison.png,.png,86591,LEGACY_ARCHIVE,useful previous evidence or generated visualization
reports/figures/brier_logloss_comparison.png,.png,42803,LEGACY_ARCHIVE,useful previous evidence or generated visualization
reports/figures/calibration_curves.png,.png,127938,LEGACY_ARCHIVE,useful previous evidence or generated visualization
reports/figures/class_distribution_by_dataset.png,.png,136109,LEGACY_ARCHIVE,useful previous evidence or generated visualization
reports/figures/confusion_matrix_cftr_unique.png,.png,84102,LEGACY_ARCHIVE,useful previous evidence or generated visualization
reports/figures/confusion_matrix_kanser_unique.png,.png,92877,LEGACY_ARCHIVE,useful previous evidence or generated visualization
reports/figures/confusion_matrix_master.png,.png,108099,LEGACY_ARCHIVE,useful previous evidence or generated visualization
reports/figures/confusion_matrix_pah_unique.png,.png,89661,LEGACY_ARCHIVE,useful previous evidence or generated visualization
reports/figures/confusion_matrix_panel_unique_combined.png,.png,95487,LEGACY_ARCHIVE,useful previous evidence or generated visualization
reports/figures/correlation_matrix_top_features.png,.png,335912,LEGACY_ARCHIVE,useful previous evidence or generated visualization
reports/figures/error_analysis_key_features.png,.png,184959,LEGACY_ARCHIVE,useful previous evidence or generated visualization
reports/figures/experiments/experiment_001_initial/advanced_threshold_comparison.png,.png,86591,LEGACY_ARCHIVE,useful previous evidence or generated visualization
reports/figures/experiments/experiment_001_initial/brier_logloss_comparison.png,.png,42803,LEGACY_ARCHIVE,useful previous evidence or generated visualization
reports/figures/experiments/experiment_001_initial/calibration_curves.png,.png,127938,LEGACY_ARCHIVE,useful previous evidence or generated visualization
reports/figures/experiments/experiment_001_initial/class_distribution_by_dataset.png,.png,136109,LEGACY_ARCHIVE,useful previous evidence or generated visualization
reports/figures/experiments/experiment_001_initial/confusion_matrix_cftr_unique.png,.png,84102,LEGACY_ARCHIVE,useful previous evidence or generated visualization
reports/figures/experiments/experiment_001_initial/confusion_matrix_kanser_unique.png,.png,92877,LEGACY_ARCHIVE,useful previous evidence or generated visualization
reports/figures/experiments/experiment_001_initial/confusion_matrix_master.png,.png,108099,LEGACY_ARCHIVE,useful previous evidence or generated visualization
reports/figures/experiments/experiment_001_initial/confusion_matrix_pah_unique.png,.png,89661,LEGACY_ARCHIVE,useful previous evidence or generated visualization
reports/figures/experiments/experiment_001_initial/confusion_matrix_panel_unique_combined.png,.png,95487,LEGACY_ARCHIVE,useful previous evidence or generated visualization
reports/figures/experiments/experiment_001_initial/correlation_matrix_top_features.png,.png,335912,LEGACY_ARCHIVE,useful previous evidence or generated visualization
reports/figures/experiments/experiment_001_initial/error_analysis_key_features.png,.png,184959,LEGACY_ARCHIVE,useful previous evidence or generated visualization
reports/figures/experiments/experiment_001_initial/feature_group_ablation_comparison.png,.png,105542,LEGACY_ARCHIVE,useful previous evidence or generated visualization
reports/figures/experiments/experiment_001_initial/feature_importance.png,.png,62847,LEGACY_ARCHIVE,useful previous evidence or generated visualization
reports/figures/experiments/experiment_001_initial/feature_importance_top30.png,.png,152299,LEGACY_ARCHIVE,useful previous evidence or generated visualization
reports/figures/experiments/experiment_001_initial/final_calibration_curve.png,.png,127938,LEGACY_ARCHIVE,useful previous evidence or generated visualization
reports/figures/experiments/experiment_001_initial/final_calibration_decision_plot.png,.png,57585,LEGACY_ARCHIVE,useful previous evidence or generated visualization
reports/figures/experiments/experiment_001_initial/final_confusion_matrix_master.png,.png,108099,LEGACY_ARCHIVE,useful previous evidence or generated visualization
reports/figures/experiments/experiment_001_initial/final_error_group_feature_distributions.png,.png,87133,LEGACY_ARCHIVE,useful previous evidence or generated visualization
reports/figures/experiments/experiment_001_initial/final_feature_importance.png,.png,62847,LEGACY_ARCHIVE,useful previous evidence or generated visualization
reports/figures/experiments/experiment_001_initial/final_feature_importance_top30.png,.png,87821,LEGACY_ARCHIVE,useful previous evidence or generated visualization
reports/figures/experiments/experiment_001_initial/final_fp_fn_feature_contrast.png,.png,61488,LEGACY_ARCHIVE,useful previous evidence or generated visualization
reports/figures/experiments/experiment_001_initial/final_model_comparison.png,.png,107813,LEGACY_ARCHIVE,useful previous evidence or generated visualization
reports/figures/experiments/experiment_001_initial/final_panel_specific_confusion_matrices.png,.png,36958,LEGACY_ARCHIVE,useful previous evidence or generated visualization
reports/figures/experiments/experiment_001_initial/final_panel_specific_metric_comparison.png,.png,61429,LEGACY_ARCHIVE,useful previous evidence or generated visualization
reports/figures/experiments/experiment_001_initial/final_pr_curve_master.png,.png,114868,LEGACY_ARCHIVE,useful previous evidence or generated visualization
reports/figures/experiments/experiment_001_initial/final_roc_curve_master.png,.png,129207,LEGACY_ARCHIVE,useful previous evidence or generated visualization
reports/figures/experiments/experiment_001_initial/final_threshold_analysis.png,.png,119718,LEGACY_ARCHIVE,useful previous evidence or generated visualization
reports/figures/experiments/experiment_001_initial/fold_threshold_distribution.png,.png,39189,LEGACY_ARCHIVE,useful previous evidence or generated visualization
reports/figures/experiments/experiment_001_initial/missingness_by_feature_group.png,.png,84214,LEGACY_ARCHIVE,useful previous evidence or generated visualization
reports/figures/experiments/experiment_001_initial/model_comparison.png,.png,66194,LEGACY_ARCHIVE,useful previous evidence or generated visualization
reports/figures/experiments/experiment_001_initial/model_comparison_metrics.png,.png,218707,LEGACY_ARCHIVE,useful previous evidence or generated visualization
reports/figures/experiments/experiment_001_initial/optuna_medical_optimization_history.png,.png,96262,LEGACY_ARCHIVE,useful previous evidence or generated visualization
reports/figures/experiments/experiment_001_initial/optuna_param_importance.png,.png,53561,LEGACY_ARCHIVE,useful previous evidence or generated visualization
reports/figures/experiments/experiment_001_initial/panel_confusion_matrices.png,.png,43865,LEGACY_ARCHIVE,useful previous evidence or generated visualization
reports/figures/experiments/experiment_001_initial/panel_error_feature_distributions.png,.png,124442,LEGACY_ARCHIVE,useful previous evidence or generated visualization
reports/figures/experiments/experiment_001_initial/phase10_before_after_comparison.png,.png,81403,LEGACY_ARCHIVE,useful previous evidence or generated visualization
reports/figures/experiments/experiment_001_initial/pr_curve_master.png,.png,114868,LEGACY_ARCHIVE,useful previous evidence or generated visualization
reports/figures/experiments/experiment_001_initial/pr_curve_panel_unique.png,.png,154268,LEGACY_ARCHIVE,useful previous evidence or generated visualization
reports/figures/experiments/experiment_001_initial/roc_curve_master.png,.png,129207,LEGACY_ARCHIVE,useful previous evidence or generated visualization
reports/figures/experiments/experiment_001_initial/roc_curve_panel_unique.png,.png,147580,LEGACY_ARCHIVE,useful previous evidence or generated visualization
reports/figures/experiments/experiment_001_initial/threshold_comparison.png,.png,25939,LEGACY_ARCHIVE,useful previous evidence or generated visualization
reports/figures/experiments/experiment_001_initial/threshold_metric_curves.png,.png,119718,LEGACY_ARCHIVE,useful previous evidence or generated visualization
reports/figures/experiments/experiment_001_initial/threshold_optimization.png,.png,220571,LEGACY_ARCHIVE,useful previous evidence or generated visualization
reports/figures/experiments/experiment_001_initial/train_vs_validation_metrics.png,.png,106006,LEGACY_ARCHIVE,useful previous evidence or generated visualization
reports/figures/feature_group_ablation_comparison.png,.png,105542,LEGACY_ARCHIVE,useful previous evidence or generated visualization
reports/figures/feature_importance.png,.png,62847,LEGACY_ARCHIVE,useful previous evidence or generated visualization
reports/figures/feature_importance_top30.png,.png,152299,LEGACY_ARCHIVE,useful previous evidence or generated visualization
reports/figures/final_calibration_curve.png,.png,127938,LEGACY_ARCHIVE,useful previous evidence or generated visualization
reports/figures/final_calibration_decision_plot.png,.png,57585,LEGACY_ARCHIVE,useful previous evidence or generated visualization
reports/figures/final_confusion_matrix_master.png,.png,108099,LEGACY_ARCHIVE,useful previous evidence or generated visualization
reports/figures/final_error_group_feature_distributions.png,.png,87133,LEGACY_ARCHIVE,useful previous evidence or generated visualization
reports/figures/final_feature_importance.png,.png,62847,LEGACY_ARCHIVE,useful previous evidence or generated visualization
reports/figures/final_feature_importance_top30.png,.png,87821,LEGACY_ARCHIVE,useful previous evidence or generated visualization
reports/figures/final_fp_fn_feature_contrast.png,.png,61488,LEGACY_ARCHIVE,useful previous evidence or generated visualization
reports/figures/final_model_comparison.png,.png,107813,LEGACY_ARCHIVE,useful previous evidence or generated visualization
reports/figures/final_panel_specific_confusion_matrices.png,.png,36958,LEGACY_ARCHIVE,useful previous evidence or generated visualization
reports/figures/final_panel_specific_metric_comparison.png,.png,61429,LEGACY_ARCHIVE,useful previous evidence or generated visualization
reports/figures/final_pr_curve_master.png,.png,114868,LEGACY_ARCHIVE,useful previous evidence or generated visualization
reports/figures/final_roc_curve_master.png,.png,129207,LEGACY_ARCHIVE,useful previous evidence or generated visualization
reports/figures/final_threshold_analysis.png,.png,119718,LEGACY_ARCHIVE,useful previous evidence or generated visualization
reports/figures/fold_threshold_distribution.png,.png,39189,LEGACY_ARCHIVE,useful previous evidence or generated visualization
reports/figures/missingness_by_feature_group.png,.png,84214,LEGACY_ARCHIVE,useful previous evidence or generated visualization
reports/figures/model_comparison.png,.png,66194,LEGACY_ARCHIVE,useful previous evidence or generated visualization
reports/figures/model_comparison_metrics.png,.png,218707,LEGACY_ARCHIVE,useful previous evidence or generated visualization
reports/figures/optuna_medical_optimization_history.png,.png,96262,LEGACY_ARCHIVE,useful previous evidence or generated visualization
reports/figures/optuna_param_importance.png,.png,53561,LEGACY_ARCHIVE,useful previous evidence or generated visualization
reports/figures/panel_confusion_matrices.png,.png,43663,LEGACY_ARCHIVE,useful previous evidence or generated visualization
reports/figures/panel_error_feature_distributions.png,.png,124442,LEGACY_ARCHIVE,useful previous evidence or generated visualization
reports/figures/phase10_before_after_comparison.png,.png,81403,LEGACY_ARCHIVE,useful previous evidence or generated visualization
reports/figures/pr_curve_master.png,.png,114868,LEGACY_ARCHIVE,useful previous evidence or generated visualization
reports/figures/pr_curve_panel_unique.png,.png,154268,LEGACY_ARCHIVE,useful previous evidence or generated visualization
reports/figures/roc_curve_master.png,.png,129207,LEGACY_ARCHIVE,useful previous evidence or generated visualization
reports/figures/roc_curve_panel_unique.png,.png,147580,LEGACY_ARCHIVE,useful previous evidence or generated visualization
reports/figures/threshold_comparison.png,.png,25939,LEGACY_ARCHIVE,useful previous evidence or generated visualization
reports/figures/threshold_metric_curves.png,.png,119718,LEGACY_ARCHIVE,useful previous evidence or generated visualization
reports/figures/threshold_optimization.png,.png,220571,LEGACY_ARCHIVE,useful previous evidence or generated visualization
reports/figures/train_vs_validation_metrics.png,.png,106006,LEGACY_ARCHIVE,useful previous evidence or generated visualization
reports/final_competition_repository_audit.md,.md,3199,LEGACY_ARCHIVE,report or experiment output not required for direct inference
reports/final_ensemble_decision.md,.md,2732,LEGACY_ARCHIVE,report or experiment output not required for direct inference
reports/final_feature_interpretation.md,.md,705,LEGACY_ARCHIVE,report or experiment output not required for direct inference
reports/final_inference_audit.md,.md,215,LEGACY_ARCHIVE,report or experiment output not required for direct inference
reports/final_medical_metric_summary.md,.md,2908,LEGACY_ARCHIVE,report or experiment output not required for direct inference
reports/final_metric_verification_audit.md,.md,1453,LEGACY_ARCHIVE,report or experiment output not required for direct inference
reports/final_model_report_summary.md,.md,3708,LEGACY_ARCHIVE,report or experiment output not required for direct inference
reports/final_model_selection_decision.md,.md,11407,LEGACY_ARCHIVE,report or experiment output not required for direct inference
reports/final_model_strength_statement.md,.md,753,LEGACY_ARCHIVE,report or experiment output not required for direct inference
reports/final_performance_analysis.md,.md,3527,LEGACY_ARCHIVE,report or experiment output not required for direct inference
reports/final_test_performance_report.md,.md,1300,LEGACY_ARCHIVE,report or experiment output not required for direct inference
reports/implementation_checklist.md,.md,5485,LEGACY_ARCHIVE,report or experiment output not required for direct inference
reports/master_prompt/CFTR_unique_calibration.csv,.csv,657,LEGACY_ARCHIVE,useful previous evidence or generated visualization
reports/master_prompt/CFTR_unique_calibration_curve.png,.png,82766,LEGACY_ARCHIVE,useful previous evidence or generated visualization
reports/master_prompt/KANSER_unique_calibration.csv,.csv,751,LEGACY_ARCHIVE,useful previous evidence or generated visualization
reports/master_prompt/KANSER_unique_calibration_curve.png,.png,72375,LEGACY_ARCHIVE,useful previous evidence or generated visualization
reports/master_prompt/MASTER_PROMPT_IMPLEMENTATION_REPORT.md,.md,11076,LEGACY_ARCHIVE,useful previous evidence or generated visualization
reports/master_prompt/PAH_unique_calibration.csv,.csv,768,LEGACY_ARCHIVE,useful previous evidence or generated visualization
reports/master_prompt/PAH_unique_calibration_curve.png,.png,78342,LEGACY_ARCHIVE,useful previous evidence or generated visualization
reports/master_prompt/ablation_fold_results.csv,.csv,11575,LEGACY_ARCHIVE,useful previous evidence or generated visualization
reports/master_prompt/ablation_summary.csv,.csv,3810,LEGACY_ARCHIVE,useful previous evidence or generated visualization
reports/master_prompt/critical_implementation_checklist.csv,.csv,1950,LEGACY_ARCHIVE,useful previous evidence or generated visualization
reports/master_prompt/final_panel_unique_predictions.csv,.csv,19465,LEGACY_ARCHIVE,useful previous evidence or generated visualization
reports/master_prompt/l0_model_fold_metrics.csv,.csv,1359,LEGACY_ARCHIVE,useful previous evidence or generated visualization
reports/master_prompt/l0_model_summary.csv,.csv,590,LEGACY_ARCHIVE,useful previous evidence or generated visualization
reports/master_prompt/l0_stack_oof_predictions.csv,.csv,426464,LEGACY_ARCHIVE,useful previous evidence or generated visualization
reports/master_prompt/lgbm_best_params_resumable.json,.json,291,LEGACY_ARCHIVE,useful previous evidence or generated visualization
reports/master_prompt/lgbm_optuna_convergence.png,.png,94800,LEGACY_ARCHIVE,useful previous evidence or generated visualization
reports/master_prompt/lgbm_optuna_trials_resumable.csv,.csv,16006,LEGACY_ARCHIVE,useful previous evidence or generated visualization
reports/master_prompt/lightgbm_oof_predictions.csv,.csv,140654,LEGACY_ARCHIVE,useful previous evidence or generated visualization
reports/master_prompt/optuna_lgbm_study.sqlite3,.sqlite3,454656,LEGACY_ARCHIVE,useful previous evidence or generated visualization
reports/master_prompt/overlap_summary.csv,.csv,483,LEGACY_ARCHIVE,useful previous evidence or generated visualization
reports/master_prompt/panel_unique_bootstrap_ci.csv,.csv,1537,LEGACY_ARCHIVE,useful previous evidence or generated visualization
reports/master_prompt/statistical_tests.csv,.csv,491,LEGACY_ARCHIVE,useful previous evidence or generated visualization
reports/model_diagnosis.md,.md,393,LEGACY_ARCHIVE,report or experiment output not required for direct inference
reports/model_performance_audit.md,.md,2735,LEGACY_ARCHIVE,report or experiment output not required for direct inference
reports/model_performance_improvement_report.md,.md,6204,LEGACY_ARCHIVE,report or experiment output not required for direct inference
reports/model_zoo_summary.md,.md,1878,LEGACY_ARCHIVE,report or experiment output not required for direct inference
reports/optuna_medical_optimization_report.md,.md,3682,LEGACY_ARCHIVE,report or experiment output not required for direct inference
reports/panel_specific_final_interpretation.md,.md,549,LEGACY_ARCHIVE,report or experiment output not required for direct inference
reports/tables/acmg_feature_mapping.csv,.csv,616,LEGACY_ARCHIVE,report or experiment output not required for direct inference
reports/tables/advanced_threshold_comparison.csv,.csv,25260,LEGACY_ARCHIVE,report or experiment output not required for direct inference
reports/tables/all_evaluation_metrics.csv,.csv,9901,LEGACY_ARCHIVE,report or experiment output not required for direct inference
reports/tables/baseline_results.csv,.csv,1922,LEGACY_ARCHIVE,report or experiment output not required for direct inference
reports/tables/calibration_comparison.csv,.csv,3183,LEGACY_ARCHIVE,report or experiment output not required for direct inference
reports/tables/calibration_decision_matrix.csv,.csv,2381,LEGACY_ARCHIVE,report or experiment output not required for direct inference
reports/tables/class_distribution_by_dataset.csv,.csv,329,LEGACY_ARCHIVE,report or experiment output not required for direct inference
reports/tables/correlation_matrix_top_features.csv,.csv,20678,LEGACY_ARCHIVE,report or experiment output not required for direct inference
reports/tables/dataset_summary.csv,.csv,251,LEGACY_ARCHIVE,report or experiment output not required for direct inference
reports/tables/error_analysis.csv,.csv,4952,LEGACY_ARCHIVE,report or experiment output not required for direct inference
reports/tables/error_analysis_key_features.csv,.csv,1227,LEGACY_ARCHIVE,report or experiment output not required for direct inference
reports/tables/experiment_comparison.csv,.csv,2707,LEGACY_ARCHIVE,report or experiment output not required for direct inference
reports/tables/feature_group_ablation_results.csv,.csv,2075,LEGACY_ARCHIVE,report or experiment output not required for direct inference
reports/tables/feature_importance.csv,.csv,10363,LEGACY_ARCHIVE,report or experiment output not required for direct inference
reports/tables/feature_importance_top30.csv,.csv,837,LEGACY_ARCHIVE,report or experiment output not required for direct inference
reports/tables/final_acmg_feature_mapping.csv,.csv,2341,LEGACY_ARCHIVE,report or experiment output not required for direct inference
reports/tables/final_ensemble_comparison.csv,.csv,9108,LEGACY_ARCHIVE,report or experiment output not required for direct inference
reports/tables/final_ensemble_weights.csv,.csv,8258,LEGACY_ARCHIVE,report or experiment output not required for direct inference
reports/tables/final_error_group_feature_summary.csv,.csv,21766,LEGACY_ARCHIVE,report or experiment output not required for direct inference
reports/tables/final_evaluation_metrics.csv,.csv,1205,LEGACY_ARCHIVE,report or experiment output not required for direct inference
reports/tables/final_false_negative_cases.csv,.csv,37625,LEGACY_ARCHIVE,report or experiment output not required for direct inference
reports/tables/final_false_positive_cases.csv,.csv,61902,LEGACY_ARCHIVE,report or experiment output not required for direct inference
reports/tables/final_feature_importance_top30.csv,.csv,365,LEGACY_ARCHIVE,report or experiment output not required for direct inference
reports/tables/final_medical_metric_comparison.csv,.csv,3170,LEGACY_ARCHIVE,report or experiment output not required for direct inference
reports/tables/final_metric_verification_audit.csv,.csv,596,LEGACY_ARCHIVE,report or experiment output not required for direct inference
reports/tables/final_model_selection_table.csv,.csv,5985,LEGACY_ARCHIVE,report or experiment output not required for direct inference
reports/tables/final_panel_specific_metrics.csv,.csv,1129,LEGACY_ARCHIVE,report or experiment output not required for direct inference
reports/tables/final_selection_board.csv,.csv,17186,LEGACY_ARCHIVE,report or experiment output not required for direct inference
reports/tables/fold_threshold_stability.csv,.csv,5546,LEGACY_ARCHIVE,report or experiment output not required for direct inference
reports/tables/main_model_cv_results.csv,.csv,3750,LEGACY_ARCHIVE,report or experiment output not required for direct inference
reports/tables/missingness_by_feature_group.csv,.csv,541,LEGACY_ARCHIVE,report or experiment output not required for direct inference
reports/tables/missingness_summary.csv,.csv,45816,LEGACY_ARCHIVE,report or experiment output not required for direct inference
reports/tables/model_comparison_metrics.csv,.csv,860,LEGACY_ARCHIVE,report or experiment output not required for direct inference
reports/tables/model_diagnosis_summary.csv,.csv,359,LEGACY_ARCHIVE,report or experiment output not required for direct inference
reports/tables/model_zoo_fold_metrics.csv,.csv,15198,LEGACY_ARCHIVE,report or experiment output not required for direct inference
reports/tables/model_zoo_metrics.csv,.csv,6526,LEGACY_ARCHIVE,report or experiment output not required for direct inference
reports/tables/optuna_before_after_comparison.csv,.csv,1182,LEGACY_ARCHIVE,report or experiment output not required for direct inference
reports/tables/optuna_medical_best_params.csv,.csv,332,LEGACY_ARCHIVE,report or experiment output not required for direct inference
reports/tables/optuna_medical_candidate_fold_metrics.csv,.csv,2484,LEGACY_ARCHIVE,report or experiment output not required for direct inference
reports/tables/optuna_medical_candidate_overfitting_gaps.csv,.csv,356,LEGACY_ARCHIVE,report or experiment output not required for direct inference
reports/tables/optuna_medical_trials.csv,.csv,34021,LEGACY_ARCHIVE,report or experiment output not required for direct inference
reports/tables/overfitting_gap_analysis.csv,.csv,5684,LEGACY_ARCHIVE,report or experiment output not required for direct inference
reports/tables/overlap_summary.csv,.csv,483,LEGACY_ARCHIVE,report or experiment output not required for direct inference
reports/tables/panel_generalization_results.csv,.csv,147,LEGACY_ARCHIVE,report or experiment output not required for direct inference
reports/tables/panel_specific_error_analysis.csv,.csv,42275,LEGACY_ARCHIVE,report or experiment output not required for direct inference
reports/tables/panel_unique_bootstrap_ci.csv,.csv,1513,LEGACY_ARCHIVE,report or experiment output not required for direct inference
reports/tables/phase10_before_after_comparison.csv,.csv,1717,LEGACY_ARCHIVE,report or experiment output not required for direct inference
reports/tables/threshold_optimization.csv,.csv,14527,LEGACY_ARCHIVE,report or experiment output not required for direct inference
reports/tables/threshold_results.csv,.csv,170,LEGACY_ARCHIVE,report or experiment output not required for direct inference
reports/tables/validation_split_diagnostics.csv,.csv,375,LEGACY_ARCHIVE,report or experiment output not required for direct inference
reports/test_evaluation/tables/test_schema_audit.csv,.csv,2,LEGACY_ARCHIVE,report or experiment output not required for direct inference
reports/test_evaluation/test_data_discovery.md,.md,518,LEGACY_ARCHIVE,report or experiment output not required for direct inference
reports/v2/archive_plan.csv,.csv,65337,LEGACY_ARCHIVE,report or experiment output not required for direct inference
reports/v2/archive_plan.md,.md,296,LEGACY_ARCHIVE,report or experiment output not required for direct inference
reports/v2/baseline_file_inventory.csv,.csv,797,LEGACY_ARCHIVE,report or experiment output not required for direct inference
reports/v2/baseline_metrics.json,.json,435,LEGACY_ARCHIVE,report or experiment output not required for direct inference
reports/v2/baseline_state_manifest.md,.md,853,LEGACY_ARCHIVE,report or experiment output not required for direct inference
reports/v2/repository_cleanup_audit.md,.md,649,LEGACY_ARCHIVE,report or experiment output not required for direct inference
reports/v2/repository_file_classification.csv,.csv,308385,LEGACY_ARCHIVE,report or experiment output not required for direct inference
reports/v3/00_baseline_freeze.md,.md,882,LEGACY_ARCHIVE,report or experiment output not required for direct inference
reports/v3/baseline_artifact_manifest.csv,.csv,858,LEGACY_ARCHIVE,report or experiment output not required for direct inference
reports/v3/baseline_metrics.json,.json,1953,LEGACY_ARCHIVE,report or experiment output not required for direct inference
reports/v3/baseline_reproduction_log.md,.md,412,LEGACY_ARCHIVE,report or experiment output not required for direct inference
requirements.txt,.txt,284,PROTECTED_DO_NOT_TOUCH,"raw data, reproducibility documentation, or tests"
run_pipeline.py,.py,29106,CORE_V2_KEEP,active protected pipeline dependency
scripts/__pycache__/create_eda_notebook.cpython-312.pyc,.pyc,22091,SAFE_DELETE_CANDIDATE,cache or local restoration backup; never delete before confirmation
scripts/__pycache__/run_final_selection_board.cpython-312.pyc,.pyc,1453,SAFE_DELETE_CANDIDATE,cache or local restoration backup; never delete before confirmation
scripts/__pycache__/run_final_test_evaluation.cpython-312.pyc,.pyc,3397,SAFE_DELETE_CANDIDATE,cache or local restoration backup; never delete before confirmation
scripts/__pycache__/run_optuna_lgbm_study.cpython-312.pyc,.pyc,22490,SAFE_DELETE_CANDIDATE,cache or local restoration backup; never delete before confirmation
scripts/build_fifth_section_explainability.py,.py,1141,CORE_V2_KEEP,script retained pending dependency audit
scripts/build_validation_strategy.py,.py,1863,CORE_V2_KEEP,script retained pending dependency audit
scripts/create_eda_model_bridge.py,.py,7346,CORE_V2_KEEP,script retained pending dependency audit
scripts/create_eda_notebook.py,.py,21394,CORE_V2_KEEP,script retained pending dependency audit
scripts/create_required_notebooks.py,.py,5994,CORE_V2_KEEP,script retained pending dependency audit
scripts/engineer_second_section.py,.py,2286,CORE_V2_KEEP,script retained pending dependency audit
scripts/execute_eda_notebook.py,.py,654,CORE_V2_KEEP,script retained pending dependency audit
scripts/generate_final_report_assets.py,.py,960,CORE_V2_KEEP,script retained pending dependency audit
scripts/generate_final_submission.py,.py,1546,CORE_V2_KEEP,script retained pending dependency audit
scripts/prepare_first_section.py,.py,1636,CORE_V2_KEEP,script retained pending dependency audit
scripts/run_final_competition_pipeline.py,.py,1072,CORE_V2_KEEP,script retained pending dependency audit
scripts/run_final_ensemble.py,.py,684,CORE_V2_KEEP,script retained pending dependency audit
scripts/run_final_model_zoo.py,.py,1261,CORE_V2_KEEP,script retained pending dependency audit
scripts/run_final_selection_board.py,.py,758,CORE_V2_KEEP,script retained pending dependency audit
scripts/run_final_test_evaluation.py,.py,2494,CORE_V2_KEEP,script retained pending dependency audit
scripts/run_master_prompt_requirements.py,.py,8485,CORE_V2_KEEP,script retained pending dependency audit
scripts/run_medical_metric_audit.py,.py,7625,CORE_V2_KEEP,script retained pending dependency audit
scripts/run_model_performance_improvement.py,.py,14076,CORE_V2_KEEP,active protected pipeline dependency
scripts/run_optuna_lgbm_study.py,.py,16680,CORE_V2_KEEP,script retained pending dependency audit
scripts/run_pdf_eda_prompt.py,.py,847,CORE_V2_KEEP,script retained pending dependency audit
scripts/run_phase9_outputs.py,.py,917,CORE_V2_KEEP,script retained pending dependency audit
scripts/train_fourth_section.py,.py,2169,CORE_V2_KEEP,script retained pending dependency audit
scripts/v2_repository_cleanup_audit.py,.py,3681,CORE_V2_KEEP,script retained pending dependency audit
scripts/v3_baseline_freeze.py,.py,4524,CORE_V2_KEEP,script retained pending dependency audit
src/__init__.py,.py,1,CORE_V2_KEEP,script retained pending dependency audit
src/__pycache__/advanced_bio_features.cpython-312.pyc,.pyc,21478,SAFE_DELETE_CANDIDATE,cache or local restoration backup; never delete before confirmation
src/__pycache__/baselines.cpython-312.pyc,.pyc,3413,SAFE_DELETE_CANDIDATE,cache or local restoration backup; never delete before confirmation
src/__pycache__/config.cpython-312.pyc,.pyc,866,SAFE_DELETE_CANDIDATE,cache or local restoration backup; never delete before confirmation
src/__pycache__/data_loading.cpython-312.pyc,.pyc,4271,SAFE_DELETE_CANDIDATE,cache or local restoration backup; never delete before confirmation
src/__pycache__/evaluation.cpython-312.pyc,.pyc,8192,SAFE_DELETE_CANDIDATE,cache or local restoration backup; never delete before confirmation
src/__pycache__/feature_stability_selection.cpython-312.pyc,.pyc,24863,SAFE_DELETE_CANDIDATE,cache or local restoration backup; never delete before confirmation
src/__pycache__/final_ensembling.cpython-312.pyc,.pyc,20467,SAFE_DELETE_CANDIDATE,cache or local restoration backup; never delete before confirmation
src/__pycache__/final_inference.cpython-312.pyc,.pyc,10001,SAFE_DELETE_CANDIDATE,cache or local restoration backup; never delete before confirmation
src/__pycache__/final_model_zoo.cpython-312.pyc,.pyc,20693,SAFE_DELETE_CANDIDATE,cache or local restoration backup; never delete before confirmation
src/__pycache__/final_selection_board.cpython-312.pyc,.pyc,34738,SAFE_DELETE_CANDIDATE,cache or local restoration backup; never delete before confirmation
src/__pycache__/final_test_evaluation.cpython-312.pyc,.pyc,21663,SAFE_DELETE_CANDIDATE,cache or local restoration backup; never delete before confirmation
src/__pycache__/final_thresholding.cpython-312.pyc,.pyc,8628,SAFE_DELETE_CANDIDATE,cache or local restoration backup; never delete before confirmation
src/__pycache__/medical_metrics.cpython-312.pyc,.pyc,10775,SAFE_DELETE_CANDIDATE,cache or local restoration backup; never delete before confirmation
src/__pycache__/phase10_improvements.cpython-312.pyc,.pyc,98911,SAFE_DELETE_CANDIDATE,cache or local restoration backup; never delete before confirmation
src/__pycache__/phase9_outputs.cpython-312.pyc,.pyc,37418,SAFE_DELETE_CANDIDATE,cache or local restoration backup; never delete before confirmation
src/advanced_bio_features.py,.py,13845,CORE_V2_KEEP,script retained pending dependency audit
src/baselines.py,.py,2120,CORE_V2_KEEP,script retained pending dependency audit
src/calibration.py,.py,292,CORE_V2_KEEP,script retained pending dependency audit
src/config.py,.py,555,CORE_V2_KEEP,script retained pending dependency audit
src/data_loading.py,.py,2401,CORE_V2_KEEP,script retained pending dependency audit
src/ensembling.py,.py,120,CORE_V2_KEEP,script retained pending dependency audit
src/error_analysis.py,.py,471,CORE_V2_KEEP,script retained pending dependency audit
src/evaluation.py,.py,5688,CORE_V2_KEEP,script retained pending dependency audit
src/explainability.py,.py,95,CORE_V2_KEEP,script retained pending dependency audit
src/feature_stability_selection.py,.py,17787,CORE_V2_KEEP,script retained pending dependency audit
src/features.py,.py,401,CORE_V2_KEEP,script retained pending dependency audit
src/final_calibration.py,.py,8729,CORE_V2_KEEP,active protected pipeline dependency
src/final_competition_pipeline.py,.py,8957,CORE_V2_KEEP,active protected pipeline dependency
src/final_ensembling.py,.py,15150,CORE_V2_KEEP,active protected pipeline dependency
src/final_error_analysis.py,.py,6738,CORE_V2_KEEP,active protected pipeline dependency
src/final_inference.py,.py,6457,CORE_V2_KEEP,active protected pipeline dependency
src/final_model_zoo.py,.py,15782,CORE_V2_KEEP,active protected pipeline dependency
src/final_report_assets.py,.py,7649,CORE_V2_KEEP,active protected pipeline dependency
src/final_selection_board.py,.py,29128,CORE_V2_KEEP,active protected pipeline dependency
src/final_test_evaluation.py,.py,12619,CORE_V2_KEEP,active protected pipeline dependency
src/final_thresholding.py,.py,5821,CORE_V2_KEEP,active protected pipeline dependency
src/final_validation.py,.py,7521,CORE_V2_KEEP,active protected pipeline dependency
src/medical_metrics.py,.py,7301,CORE_V2_KEEP,script retained pending dependency audit
src/metrics.py,.py,541,CORE_V2_KEEP,script retained pending dependency audit
src/model_selection.py,.py,175,CORE_V2_KEEP,script retained pending dependency audit
src/models.py,.py,777,CORE_V2_KEEP,script retained pending dependency audit
src/optimization.py,.py,195,CORE_V2_KEEP,script retained pending dependency audit
src/phase10_improvements.py,.py,76501,CORE_V2_KEEP,script retained pending dependency audit
src/phase9_outputs.py,.py,24714,CORE_V2_KEEP,script retained pending dependency audit
src/smoke_test.py,.py,657,CORE_V2_KEEP,script retained pending dependency audit
src/teknofest/__init__.py,.py,68,CORE_V2_KEEP,active protected pipeline dependency
src/teknofest/__pycache__/__init__.cpython-312.pyc,.pyc,241,SAFE_DELETE_CANDIDATE,cache or local restoration backup; never delete before confirmation
src/teknofest/__pycache__/data_prep.cpython-312.pyc,.pyc,7826,SAFE_DELETE_CANDIDATE,cache or local restoration backup; never delete before confirmation
src/teknofest/__pycache__/eda.cpython-312.pyc,.pyc,38075,SAFE_DELETE_CANDIDATE,cache or local restoration backup; never delete before confirmation
src/teknofest/__pycache__/experiments.cpython-312.pyc,.pyc,31537,SAFE_DELETE_CANDIDATE,cache or local restoration backup; never delete before confirmation
src/teknofest/__pycache__/explainability.cpython-312.pyc,.pyc,13334,SAFE_DELETE_CANDIDATE,cache or local restoration backup; never delete before confirmation
src/teknofest/__pycache__/features.cpython-312.pyc,.pyc,14731,SAFE_DELETE_CANDIDATE,cache or local restoration backup; never delete before confirmation
src/teknofest/__pycache__/training.cpython-312.pyc,.pyc,35655,SAFE_DELETE_CANDIDATE,cache or local restoration backup; never delete before confirmation
src/teknofest/__pycache__/validation.cpython-312.pyc,.pyc,5060,SAFE_DELETE_CANDIDATE,cache or local restoration backup; never delete before confirmation
src/teknofest/data_prep.py,.py,4973,CORE_V2_KEEP,active protected pipeline dependency
src/teknofest/eda.py,.py,25988,CORE_V2_KEEP,active protected pipeline dependency
src/teknofest/experiments.py,.py,23359,CORE_V2_KEEP,active protected pipeline dependency
src/teknofest/explainability.py,.py,10418,CORE_V2_KEEP,active protected pipeline dependency
src/teknofest/features.py,.py,8290,CORE_V2_KEEP,active protected pipeline dependency
src/teknofest/training.py,.py,25479,CORE_V2_KEEP,active protected pipeline dependency
src/teknofest/validation.py,.py,2983,CORE_V2_KEEP,active protected pipeline dependency
src/thresholding.py,.py,251,CORE_V2_KEEP,script retained pending dependency audit
src/train_improved.py,.py,777,CORE_V2_KEEP,script retained pending dependency audit
src/utils.py,.py,165,CORE_V2_KEEP,script retained pending dependency audit
src/validation.py,.py,547,CORE_V2_KEEP,script retained pending dependency audit
teknofest2026_artificialintelligenceinhealtcare-main/EDA_Genomics_Competition.ipynb,.ipynb,0,PROTECTED_DO_NOT_TOUCH,"raw data, reproducibility documentation, or tests"
teknofest2026_artificialintelligenceinhealtcare-main/README.md,.md,49,PROTECTED_DO_NOT_TOUCH,"raw data, reproducibility documentation, or tests"
teknofest2026_artificialintelligenceinhealtcare-main/YARISMA_TRAIN_CFTR.csv,.csv,294982,PROTECTED_DO_NOT_TOUCH,"raw data, reproducibility documentation, or tests"
teknofest2026_artificialintelligenceinhealtcare-main/YARISMA_TRAIN_KANSER.csv,.csv,689367,PROTECTED_DO_NOT_TOUCH,"raw data, reproducibility documentation, or tests"
teknofest2026_artificialintelligenceinhealtcare-main/YARISMA_TRAIN_MASTER.csv,.csv,5391576,PROTECTED_DO_NOT_TOUCH,"raw data, reproducibility documentation, or tests"
teknofest2026_artificialintelligenceinhealtcare-main/YARISMA_TRAIN_PAH.csv,.csv,836075,PROTECTED_DO_NOT_TOUCH,"raw data, reproducibility documentation, or tests"
teknofest2026_artificialintelligenceinhealtcare-main/src/config.py,.py,2241,PROTECTED_DO_NOT_TOUCH,"raw data, reproducibility documentation, or tests"
teknofest2026_artificialintelligenceinhealtcare-main/src/feature_engineering.py,.py,2968,PROTECTED_DO_NOT_TOUCH,"raw data, reproducibility documentation, or tests"
teknofest2026_artificialintelligenceinhealtcare-main/src/preprocessing.py,.py,4048,PROTECTED_DO_NOT_TOUCH,"raw data, reproducibility documentation, or tests"
teknofest2026_artificialintelligenceinhealtcare-main/src/utils/config.py,.py,2520,PROTECTED_DO_NOT_TOUCH,"raw data, reproducibility documentation, or tests"
tests/__pycache__/conftest.cpython-312-pytest-9.0.2.pyc,.pyc,727,SAFE_DELETE_CANDIDATE,cache or local restoration backup; never delete before confirmation
tests/__pycache__/test_advanced_bio_features.cpython-312-pytest-9.0.2.pyc,.pyc,2928,SAFE_DELETE_CANDIDATE,cache or local restoration backup; never delete before confirmation
tests/__pycache__/test_data_loading.cpython-312-pytest-9.0.2.pyc,.pyc,3632,SAFE_DELETE_CANDIDATE,cache or local restoration backup; never delete before confirmation
tests/__pycache__/test_ensembling.cpython-312-pytest-9.0.2.pyc,.pyc,5841,SAFE_DELETE_CANDIDATE,cache or local restoration backup; never delete before confirmation
tests/__pycache__/test_evaluation.cpython-312-pytest-9.0.2.pyc,.pyc,1932,SAFE_DELETE_CANDIDATE,cache or local restoration backup; never delete before confirmation
tests/__pycache__/test_features.cpython-312-pytest-9.0.2.pyc,.pyc,4184,SAFE_DELETE_CANDIDATE,cache or local restoration backup; never delete before confirmation
tests/__pycache__/test_final_inference_schema.cpython-312-pytest-9.0.2.pyc,.pyc,4906,SAFE_DELETE_CANDIDATE,cache or local restoration backup; never delete before confirmation
tests/__pycache__/test_final_model_zoo.cpython-312-pytest-9.0.2.pyc,.pyc,1350,SAFE_DELETE_CANDIDATE,cache or local restoration backup; never delete before confirmation
tests/__pycache__/test_final_selection_board.cpython-312-pytest-9.0.2.pyc,.pyc,3329,SAFE_DELETE_CANDIDATE,cache or local restoration backup; never delete before confirmation
tests/__pycache__/test_final_selection_board.cpython-312.pyc,.pyc,1903,SAFE_DELETE_CANDIDATE,cache or local restoration backup; never delete before confirmation
tests/__pycache__/test_fold_safe_target_encoding.cpython-312-pytest-9.0.2.pyc,.pyc,3005,SAFE_DELETE_CANDIDATE,cache or local restoration backup; never delete before confirmation
tests/__pycache__/test_medical_metrics.cpython-312-pytest-9.0.2.pyc,.pyc,4983,SAFE_DELETE_CANDIDATE,cache or local restoration backup; never delete before confirmation
tests/__pycache__/test_medical_optuna.cpython-312-pytest-9.0.2.pyc,.pyc,6117,SAFE_DELETE_CANDIDATE,cache or local restoration backup; never delete before confirmation
tests/__pycache__/test_no_variant_id_leakage.cpython-312-pytest-9.0.2.pyc,.pyc,2452,SAFE_DELETE_CANDIDATE,cache or local restoration backup; never delete before confirmation
tests/__pycache__/test_thresholding.cpython-312-pytest-9.0.2.pyc,.pyc,2874,SAFE_DELETE_CANDIDATE,cache or local restoration backup; never delete before confirmation
tests/__pycache__/test_validation.cpython-312-pytest-9.0.2.pyc,.pyc,3651,SAFE_DELETE_CANDIDATE,cache or local restoration backup; never delete before confirmation
tests/conftest.py,.py,227,PROTECTED_DO_NOT_TOUCH,"raw data, reproducibility documentation, or tests"
tests/test_advanced_bio_features.py,.py,936,PROTECTED_DO_NOT_TOUCH,"raw data, reproducibility documentation, or tests"
tests/test_data_loading.py,.py,582,PROTECTED_DO_NOT_TOUCH,"raw data, reproducibility documentation, or tests"
tests/test_ensembling.py,.py,789,PROTECTED_DO_NOT_TOUCH,"raw data, reproducibility documentation, or tests"
tests/test_evaluation.py,.py,1171,PROTECTED_DO_NOT_TOUCH,"raw data, reproducibility documentation, or tests"
tests/test_features.py,.py,719,PROTECTED_DO_NOT_TOUCH,"raw data, reproducibility documentation, or tests"
tests/test_final_inference_schema.py,.py,2109,PROTECTED_DO_NOT_TOUCH,"raw data, reproducibility documentation, or tests"
tests/test_final_model_zoo.py,.py,398,PROTECTED_DO_NOT_TOUCH,"raw data, reproducibility documentation, or tests"
tests/test_final_selection_board.py,.py,1407,PROTECTED_DO_NOT_TOUCH,"raw data, reproducibility documentation, or tests"
tests/test_fold_safe_target_encoding.py,.py,1245,PROTECTED_DO_NOT_TOUCH,"raw data, reproducibility documentation, or tests"
tests/test_medical_metrics.py,.py,956,PROTECTED_DO_NOT_TOUCH,"raw data, reproducibility documentation, or tests"
tests/test_medical_optuna.py,.py,779,PROTECTED_DO_NOT_TOUCH,"raw data, reproducibility documentation, or tests"
tests/test_no_variant_id_leakage.py,.py,385,PROTECTED_DO_NOT_TOUCH,"raw data, reproducibility documentation, or tests"
tests/test_thresholding.py,.py,520,PROTECTED_DO_NOT_TOUCH,"raw data, reproducibility documentation, or tests"
tests/test_validation.py,.py,745,PROTECTED_DO_NOT_TOUCH,"raw data, reproducibility documentation, or tests"
