file_path,file_type,file_size,modified_time,category,evidence_role,active_or_legacy_status,can_be_archived_later,protected_do_not_touch,reason,related_pipeline_stage
README.md,.md,7893,1782300227.0464542,test,repository evidence,protected_final,no,yes,heuristic audit; source-specific maps govern selection,experiment
requirements.txt,.txt,284,1781636098.5977008,test,repository evidence,protected_final,no,yes,heuristic audit; source-specific maps govern selection,experiment
run_pipeline.py,.py,29106,1781810029.8222027,script,repository evidence,active_core,no,no,heuristic audit; source-specific maps govern selection,experiment
.pytest_cache/.gitignore,,39,1781636460.7249696,unknown,repository evidence,legacy_useful,maybe,no,heuristic audit; source-specific maps govern selection,experiment
.pytest_cache/CACHEDIR.TAG,.tag,191,1781636460.7289886,unknown,repository evidence,legacy_useful,maybe,no,heuristic audit; source-specific maps govern selection,experiment
.pytest_cache/README.md,.md,310,1781636460.7229593,report,repository evidence,legacy_useful,maybe,no,heuristic audit; source-specific maps govern selection,experiment
catboost_info/catboost_training.json,.json,19447,1782093621.143443,metric_table,repository evidence,legacy_useful,maybe,no,heuristic audit; source-specific maps govern selection,experiment
catboost_info/learn_error.tsv,.tsv,3275,1782093621.1414008,unknown,repository evidence,legacy_useful,maybe,no,heuristic audit; source-specific maps govern selection,experiment
catboost_info/time_left.tsv,.tsv,2868,1782093621.143443,unknown,repository evidence,legacy_useful,maybe,no,heuristic audit; source-specific maps govern selection,experiment
models/feature_engineer.joblib,.joblib,40787,1781640132.263795,model_artifact,repository evidence,legacy_useful,maybe,no,heuristic audit; source-specific maps govern selection,experiment
models/lightgbm_final.joblib,.joblib,9797876,1781640132.795956,model_artifact,repository evidence,legacy_useful,maybe,no,heuristic audit; source-specific maps govern selection,final
models/model_columns.txt,.txt,3495,1781640132.7989454,unknown,repository evidence,legacy_useful,maybe,no,heuristic audit; source-specific maps govern selection,experiment
notebooks/01_data_understanding.ipynb,.ipynb,2593,1781641365.8397138,notebook,repository evidence,legacy_useful,maybe,no,heuristic audit; source-specific maps govern selection,experiment
notebooks/02_feature_engineering_and_validation.ipynb,.ipynb,2568,1781641365.8417304,notebook,repository evidence,legacy_useful,maybe,no,heuristic audit; source-specific maps govern selection,experiment
notebooks/03_model_training_and_evaluation.ipynb,.ipynb,2836,1781641365.8455057,notebook,repository evidence,legacy_useful,maybe,no,heuristic audit; source-specific maps govern selection,experiment
notebooks/04_explainability_and_report_outputs.ipynb,.ipynb,2447,1781641365.8515503,notebook,repository evidence,legacy_useful,maybe,no,heuristic audit; source-specific maps govern selection,experiment
reports/calibration_decision_review.md,.md,2787,1782147933.5918183,report,repository evidence,legacy_useful,maybe,no,heuristic audit; source-specific maps govern selection,experiment
reports/current_results_verification.md,.md,995,1782147430.3789842,report,repository evidence,legacy_useful,maybe,no,heuristic audit; source-specific maps govern selection,experiment
reports/final_competition_repository_audit.md,.md,3199,1782090631.6151571,report,repository evidence,legacy_useful,maybe,no,heuristic audit; source-specific maps govern selection,final
reports/final_ensemble_decision.md,.md,2732,1782146528.6782124,report,repository evidence,rejected_experiment,yes,no,heuristic audit; source-specific maps govern selection,final
reports/final_feature_interpretation.md,.md,705,1782147942.4105022,report,repository evidence,legacy_useful,maybe,no,heuristic audit; source-specific maps govern selection,final
reports/final_inference_audit.md,.md,215,1782300291.909849,report,repository evidence,legacy_useful,maybe,no,heuristic audit; source-specific maps govern selection,final
reports/final_medical_metric_summary.md,.md,2908,1782148044.9539545,report,repository evidence,legacy_useful,maybe,no,heuristic audit; source-specific maps govern selection,final
reports/final_metric_verification_audit.md,.md,1453,1782147932.2306952,report,repository evidence,legacy_useful,maybe,no,heuristic audit; source-specific maps govern selection,final
reports/final_model_report_summary.md,.md,3708,1782147942.7848809,report,repository evidence,legacy_useful,maybe,no,heuristic audit; source-specific maps govern selection,final
reports/final_model_selection_decision.md,.md,11407,1782148101.1590407,report,repository evidence,legacy_useful,maybe,no,heuristic audit; source-specific maps govern selection,final
reports/final_model_strength_statement.md,.md,753,1782147942.4273064,report,repository evidence,legacy_useful,maybe,no,heuristic audit; source-specific maps govern selection,final
reports/final_performance_analysis.md,.md,3527,1782147942.5267177,report,repository evidence,legacy_useful,maybe,no,heuristic audit; source-specific maps govern selection,final
reports/final_test_performance_report.md,.md,1300,1782165459.0606632,report,repository evidence,legacy_useful,maybe,no,heuristic audit; source-specific maps govern selection,final
reports/implementation_checklist.md,.md,5485,1782090175.7022004,report,repository evidence,legacy_useful,maybe,no,heuristic audit; source-specific maps govern selection,experiment
reports/model_diagnosis.md,.md,393,1782147429.1190252,report,repository evidence,legacy_useful,maybe,no,heuristic audit; source-specific maps govern selection,experiment
reports/model_performance_audit.md,.md,2735,1781816073.5849152,report,repository evidence,legacy_useful,maybe,no,heuristic audit; source-specific maps govern selection,experiment
reports/model_performance_improvement_report.md,.md,6204,1781816073.7071764,report,repository evidence,legacy_useful,maybe,no,heuristic audit; source-specific maps govern selection,experiment
reports/model_zoo_summary.md,.md,1878,1782093873.2478733,report,repository evidence,rejected_experiment,yes,no,heuristic audit; source-specific maps govern selection,experiment
reports/optuna_medical_optimization_report.md,.md,3682,1782163202.5311084,report,repository evidence,rejected_experiment,yes,no,heuristic audit; source-specific maps govern selection,experiment
reports/panel_specific_final_interpretation.md,.md,549,1782147940.5924537,report,repository evidence,legacy_useful,maybe,no,heuristic audit; source-specific maps govern selection,final
scripts/build_fifth_section_explainability.py,.py,1141,1781629884.4792824,script,repository evidence,legacy_useful,maybe,no,heuristic audit; source-specific maps govern selection,experiment
scripts/build_validation_strategy.py,.py,1863,1781629182.8372993,script,repository evidence,legacy_useful,maybe,no,heuristic audit; source-specific maps govern selection,experiment
scripts/create_eda_model_bridge.py,.py,7346,1781640592.3103755,script,repository evidence,legacy_useful,maybe,no,heuristic audit; source-specific maps govern selection,experiment
scripts/create_eda_notebook.py,.py,21394,1781631007.1110015,script,repository evidence,legacy_useful,maybe,no,heuristic audit; source-specific maps govern selection,experiment
scripts/create_required_notebooks.py,.py,5994,1781641168.4384823,script,repository evidence,legacy_useful,maybe,no,heuristic audit; source-specific maps govern selection,experiment
scripts/engineer_second_section.py,.py,2286,1781626807.6262088,script,repository evidence,legacy_useful,maybe,no,heuristic audit; source-specific maps govern selection,experiment
scripts/execute_eda_notebook.py,.py,654,1781631177.0777273,script,repository evidence,legacy_useful,maybe,no,heuristic audit; source-specific maps govern selection,experiment
scripts/generate_final_report_assets.py,.py,960,1782090022.872289,script,repository evidence,legacy_useful,maybe,no,heuristic audit; source-specific maps govern selection,final
scripts/generate_final_submission.py,.py,1546,1782090018.586056,script,repository evidence,legacy_useful,maybe,no,heuristic audit; source-specific maps govern selection,final
scripts/prepare_first_section.py,.py,1636,1781626459.80719,script,repository evidence,legacy_useful,maybe,no,heuristic audit; source-specific maps govern selection,experiment
scripts/run_final_competition_pipeline.py,.py,1072,1782090037.7638364,script,repository evidence,legacy_useful,maybe,no,heuristic audit; source-specific maps govern selection,final
scripts/run_final_ensemble.py,.py,684,1782146390.0944312,report,repository evidence,rejected_experiment,yes,no,heuristic audit; source-specific maps govern selection,final
scripts/run_final_model_zoo.py,.py,1261,1782091287.0742438,report,repository evidence,rejected_experiment,yes,no,heuristic audit; source-specific maps govern selection,final
scripts/run_final_selection_board.py,.py,758,1782147141.6262257,script,repository evidence,legacy_useful,maybe,no,heuristic audit; source-specific maps govern selection,final
scripts/run_final_test_evaluation.py,.py,2494,1782165442.9933553,script,repository evidence,legacy_useful,maybe,no,heuristic audit; source-specific maps govern selection,final
scripts/run_master_prompt_requirements.py,.py,8485,1781634728.3532457,script,repository evidence,legacy_useful,maybe,no,heuristic audit; source-specific maps govern selection,experiment
scripts/run_medical_metric_audit.py,.py,7625,1782090947.1262703,script,repository evidence,legacy_useful,maybe,no,heuristic audit; source-specific maps govern selection,experiment
scripts/run_model_performance_improvement.py,.py,14076,1782090192.64054,script,repository evidence,active_core,no,no,heuristic audit; source-specific maps govern selection,experiment
scripts/run_optuna_lgbm_study.py,.py,16680,1782161478.311345,report,repository evidence,rejected_experiment,yes,no,heuristic audit; source-specific maps govern selection,experiment
scripts/run_pdf_eda_prompt.py,.py,847,1781630674.970135,script,repository evidence,legacy_useful,maybe,no,heuristic audit; source-specific maps govern selection,experiment
scripts/run_phase9_outputs.py,.py,917,1781641158.0322664,script,repository evidence,legacy_useful,maybe,no,heuristic audit; source-specific maps govern selection,experiment
scripts/train_fourth_section.py,.py,2169,1781629422.5291317,script,repository evidence,legacy_useful,maybe,no,heuristic audit; source-specific maps govern selection,experiment
scripts/v2_repository_cleanup_audit.py,.py,3681,1782300785.6618404,script,repository evidence,legacy_useful,maybe,no,heuristic audit; source-specific maps govern selection,experiment
scripts/v3_baseline_freeze.py,.py,4524,1782299330.5406473,script,repository evidence,legacy_useful,maybe,no,heuristic audit; source-specific maps govern selection,experiment
scripts/v3_evidence_audit.py,.py,8216,1782301000.5288458,script,repository evidence,legacy_useful,maybe,no,heuristic audit; source-specific maps govern selection,experiment
src/advanced_bio_features.py,.py,13845,1782090488.0096495,script,repository evidence,legacy_useful,maybe,no,heuristic audit; source-specific maps govern selection,experiment
src/baselines.py,.py,2120,1781636030.6803575,script,repository evidence,legacy_useful,maybe,no,heuristic audit; source-specific maps govern selection,experiment
src/calibration.py,.py,292,1781815356.1857457,script,repository evidence,legacy_useful,maybe,no,heuristic audit; source-specific maps govern selection,experiment
src/config.py,.py,555,1781636030.6651409,script,repository evidence,legacy_useful,maybe,no,heuristic audit; source-specific maps govern selection,experiment
src/data_loading.py,.py,2401,1781636030.6651409,script,repository evidence,legacy_useful,maybe,no,heuristic audit; source-specific maps govern selection,experiment
src/ensembling.py,.py,120,1781815356.1877556,script,repository evidence,legacy_useful,maybe,no,heuristic audit; source-specific maps govern selection,experiment
src/error_analysis.py,.py,471,1781815356.190742,script,repository evidence,legacy_useful,maybe,no,heuristic audit; source-specific maps govern selection,experiment
src/evaluation.py,.py,5688,1781646360.6766236,script,repository evidence,legacy_useful,maybe,no,heuristic audit; source-specific maps govern selection,experiment
src/explainability.py,.py,95,1781636288.4521816,script,repository evidence,legacy_useful,maybe,no,heuristic audit; source-specific maps govern selection,experiment
src/features.py,.py,401,1781813659.7886822,script,repository evidence,legacy_useful,maybe,no,heuristic audit; source-specific maps govern selection,experiment
src/feature_stability_selection.py,.py,17787,1782090452.2702093,script,repository evidence,legacy_useful,maybe,no,heuristic audit; source-specific maps govern selection,experiment
src/final_calibration.py,.py,8729,1782089427.432475,script,repository evidence,legacy_useful,maybe,no,heuristic audit; source-specific maps govern selection,final
src/final_competition_pipeline.py,.py,8957,1782090374.8172302,script,repository evidence,legacy_useful,maybe,no,heuristic audit; source-specific maps govern selection,final
src/final_ensembling.py,.py,15150,1782146507.1960387,script,repository evidence,legacy_useful,maybe,no,heuristic audit; source-specific maps govern selection,final
src/final_error_analysis.py,.py,6738,1782089580.1163597,script,repository evidence,legacy_useful,maybe,no,heuristic audit; source-specific maps govern selection,final
src/final_inference.py,.py,6457,1782089890.0900376,script,repository evidence,legacy_useful,maybe,no,heuristic audit; source-specific maps govern selection,final
src/final_model_zoo.py,.py,15782,1782093351.8349583,report,repository evidence,rejected_experiment,yes,no,heuristic audit; source-specific maps govern selection,final
src/final_report_assets.py,.py,7649,1782090456.6214602,script,repository evidence,legacy_useful,maybe,no,heuristic audit; source-specific maps govern selection,final
src/final_selection_board.py,.py,29128,1782148087.3350284,script,repository evidence,legacy_useful,maybe,no,heuristic audit; source-specific maps govern selection,final
src/final_test_evaluation.py,.py,12619,1782165442.9896934,script,repository evidence,legacy_useful,maybe,no,heuristic audit; source-specific maps govern selection,final
src/final_thresholding.py,.py,5821,1782089879.987175,script,repository evidence,legacy_useful,maybe,no,heuristic audit; source-specific maps govern selection,final
src/final_validation.py,.py,7521,1782089353.064142,script,repository evidence,legacy_useful,maybe,no,heuristic audit; source-specific maps govern selection,final
src/medical_metrics.py,.py,7301,1782090938.464016,script,repository evidence,legacy_useful,maybe,no,heuristic audit; source-specific maps govern selection,experiment
src/metrics.py,.py,541,1781815356.1797478,script,repository evidence,legacy_useful,maybe,no,heuristic audit; source-specific maps govern selection,experiment
src/models.py,.py,777,1781636030.6833572,script,repository evidence,legacy_useful,maybe,no,heuristic audit; source-specific maps govern selection,experiment
src/model_selection.py,.py,175,1781815356.1887417,script,repository evidence,legacy_useful,maybe,no,heuristic audit; source-specific maps govern selection,experiment
src/optimization.py,.py,195,1781815356.1917443,script,repository evidence,legacy_useful,maybe,no,heuristic audit; source-specific maps govern selection,experiment
src/phase10_improvements.py,.py,76501,1781812237.262364,script,repository evidence,legacy_useful,maybe,no,heuristic audit; source-specific maps govern selection,experiment
src/phase9_outputs.py,.py,24714,1781641144.1529326,script,repository evidence,legacy_useful,maybe,no,heuristic audit; source-specific maps govern selection,experiment
src/smoke_test.py,.py,657,1781636030.6853569,script,repository evidence,legacy_useful,maybe,no,heuristic audit; source-specific maps govern selection,experiment
src/thresholding.py,.py,251,1781815356.1847546,script,repository evidence,legacy_useful,maybe,no,heuristic audit; source-specific maps govern selection,experiment
src/train_improved.py,.py,777,1781815382.802428,script,repository evidence,legacy_useful,maybe,no,heuristic audit; source-specific maps govern selection,experiment
src/utils.py,.py,165,1781636030.6843553,script,repository evidence,legacy_useful,maybe,no,heuristic audit; source-specific maps govern selection,experiment
src/validation.py,.py,547,1781813659.791554,script,repository evidence,legacy_useful,maybe,no,heuristic audit; source-specific maps govern selection,experiment
src/__init__.py,.py,1,1781636288.4500659,script,repository evidence,legacy_useful,maybe,no,heuristic audit; source-specific maps govern selection,experiment
teknofest2026_artificialintelligenceinhealtcare-main/EDA_Genomics_Competition.ipynb,.ipynb,0,1781626265.1033468,test,repository evidence,protected_final,no,yes,heuristic audit; source-specific maps govern selection,experiment
teknofest2026_artificialintelligenceinhealtcare-main/README.md,.md,49,1781626265.1467426,test,repository evidence,protected_final,no,yes,heuristic audit; source-specific maps govern selection,experiment
teknofest2026_artificialintelligenceinhealtcare-main/YARISMA_TRAIN_CFTR.csv,.csv,294982,1781626265.1802435,raw_data,repository evidence,protected_final,no,yes,heuristic audit; source-specific maps govern selection,experiment
teknofest2026_artificialintelligenceinhealtcare-main/YARISMA_TRAIN_KANSER.csv,.csv,689367,1781626265.2199595,raw_data,repository evidence,protected_final,no,yes,heuristic audit; source-specific maps govern selection,experiment
teknofest2026_artificialintelligenceinhealtcare-main/YARISMA_TRAIN_MASTER.csv,.csv,5391576,1781626265.3316495,raw_data,repository evidence,protected_final,no,yes,heuristic audit; source-specific maps govern selection,experiment
teknofest2026_artificialintelligenceinhealtcare-main/YARISMA_TRAIN_PAH.csv,.csv,836075,1781626265.3732073,raw_data,repository evidence,protected_final,no,yes,heuristic audit; source-specific maps govern selection,experiment
tests/conftest.py,.py,227,1781636288.4541936,test,repository evidence,protected_final,no,yes,heuristic audit; source-specific maps govern selection,experiment
tests/test_advanced_bio_features.py,.py,936,1782090101.3787303,test,repository evidence,protected_final,no,yes,heuristic audit; source-specific maps govern selection,experiment
tests/test_data_loading.py,.py,582,1781636098.6059482,test,repository evidence,protected_final,no,yes,heuristic audit; source-specific maps govern selection,experiment
tests/test_ensembling.py,.py,789,1782146390.0981348,test,repository evidence,protected_final,no,yes,heuristic audit; source-specific maps govern selection,experiment
tests/test_evaluation.py,.py,1171,1781646715.5402722,test,repository evidence,protected_final,no,yes,heuristic audit; source-specific maps govern selection,experiment
tests/test_features.py,.py,719,1781636098.6081648,test,repository evidence,protected_final,no,yes,heuristic audit; source-specific maps govern selection,experiment
tests/test_final_inference_schema.py,.py,2109,1782090138.2213867,test,repository evidence,protected_final,no,yes,heuristic audit; source-specific maps govern selection,final
tests/test_final_model_zoo.py,.py,398,1782091289.9801776,test,repository evidence,protected_final,no,yes,heuristic audit; source-specific maps govern selection,final
tests/test_final_selection_board.py,.py,1407,1782147141.6287513,test,repository evidence,protected_final,no,yes,heuristic audit; source-specific maps govern selection,final
tests/test_fold_safe_target_encoding.py,.py,1245,1782090108.7202253,test,repository evidence,protected_final,no,yes,heuristic audit; source-specific maps govern selection,experiment
tests/test_medical_metrics.py,.py,956,1782090941.577183,test,repository evidence,protected_final,no,yes,heuristic audit; source-specific maps govern selection,experiment
tests/test_medical_optuna.py,.py,779,1782161459.7109387,test,repository evidence,protected_final,no,yes,heuristic audit; source-specific maps govern selection,experiment
tests/test_no_variant_id_leakage.py,.py,385,1782090104.9047573,test,repository evidence,protected_final,no,yes,heuristic audit; source-specific maps govern selection,experiment
tests/test_thresholding.py,.py,520,1782090115.4658148,test,repository evidence,protected_final,no,yes,heuristic audit; source-specific maps govern selection,experiment
tests/test_validation.py,.py,745,1781636098.6122,test,repository evidence,protected_final,no,yes,heuristic audit; source-specific maps govern selection,experiment
__pycache__/run_pipeline.cpython-312.pyc,.pyc,38597,1782164230.429142,temporary_or_cache,repository evidence,safe_delete_candidate,yes,no,heuristic audit; source-specific maps govern selection,experiment
.codex_backups/final_test_legacy_eval_20260623_015807/reports/calibration_decision_review.md,.md,2787,1782147933.5918183,temporary_or_cache,repository evidence,safe_delete_candidate,yes,no,heuristic audit; source-specific maps govern selection,final
.codex_backups/final_test_legacy_eval_20260623_015807/reports/current_results_verification.md,.md,995,1782147430.3789842,temporary_or_cache,repository evidence,safe_delete_candidate,yes,no,heuristic audit; source-specific maps govern selection,final
.codex_backups/final_test_legacy_eval_20260623_015807/reports/final_competition_repository_audit.md,.md,3199,1782090631.6151571,temporary_or_cache,repository evidence,safe_delete_candidate,yes,no,heuristic audit; source-specific maps govern selection,final
.codex_backups/final_test_legacy_eval_20260623_015807/reports/final_ensemble_decision.md,.md,2732,1782146528.6782124,temporary_or_cache,repository evidence,safe_delete_candidate,yes,no,heuristic audit; source-specific maps govern selection,final
.codex_backups/final_test_legacy_eval_20260623_015807/reports/final_feature_interpretation.md,.md,705,1782147942.4105022,temporary_or_cache,repository evidence,safe_delete_candidate,yes,no,heuristic audit; source-specific maps govern selection,final
.codex_backups/final_test_legacy_eval_20260623_015807/reports/final_inference_audit.md,.md,215,1782165465.0830903,temporary_or_cache,repository evidence,safe_delete_candidate,yes,no,heuristic audit; source-specific maps govern selection,final
.codex_backups/final_test_legacy_eval_20260623_015807/reports/final_medical_metric_summary.md,.md,2908,1782148044.9539545,temporary_or_cache,repository evidence,safe_delete_candidate,yes,no,heuristic audit; source-specific maps govern selection,final
.codex_backups/final_test_legacy_eval_20260623_015807/reports/final_metric_verification_audit.md,.md,1453,1782147932.2306952,temporary_or_cache,repository evidence,safe_delete_candidate,yes,no,heuristic audit; source-specific maps govern selection,final
.codex_backups/final_test_legacy_eval_20260623_015807/reports/final_model_report_summary.md,.md,3708,1782147942.7848809,temporary_or_cache,repository evidence,safe_delete_candidate,yes,no,heuristic audit; source-specific maps govern selection,final
.codex_backups/final_test_legacy_eval_20260623_015807/reports/final_model_selection_decision.md,.md,11407,1782148101.1590407,temporary_or_cache,repository evidence,safe_delete_candidate,yes,no,heuristic audit; source-specific maps govern selection,final
.codex_backups/final_test_legacy_eval_20260623_015807/reports/final_model_strength_statement.md,.md,753,1782147942.4273064,temporary_or_cache,repository evidence,safe_delete_candidate,yes,no,heuristic audit; source-specific maps govern selection,final
.codex_backups/final_test_legacy_eval_20260623_015807/reports/final_performance_analysis.md,.md,3527,1782147942.5267177,temporary_or_cache,repository evidence,safe_delete_candidate,yes,no,heuristic audit; source-specific maps govern selection,final
.codex_backups/final_test_legacy_eval_20260623_015807/reports/final_test_performance_report.md,.md,1300,1782165459.0606632,temporary_or_cache,repository evidence,safe_delete_candidate,yes,no,heuristic audit; source-specific maps govern selection,final
.codex_backups/final_test_legacy_eval_20260623_015807/reports/implementation_checklist.md,.md,5485,1782090175.7022004,temporary_or_cache,repository evidence,safe_delete_candidate,yes,no,heuristic audit; source-specific maps govern selection,final
.codex_backups/final_test_legacy_eval_20260623_015807/reports/model_diagnosis.md,.md,393,1782147429.1190252,temporary_or_cache,repository evidence,safe_delete_candidate,yes,no,heuristic audit; source-specific maps govern selection,final
.codex_backups/final_test_legacy_eval_20260623_015807/reports/model_performance_audit.md,.md,2735,1781816073.5849152,temporary_or_cache,repository evidence,safe_delete_candidate,yes,no,heuristic audit; source-specific maps govern selection,final
.codex_backups/final_test_legacy_eval_20260623_015807/reports/model_performance_improvement_report.md,.md,6204,1781816073.7071764,temporary_or_cache,repository evidence,safe_delete_candidate,yes,no,heuristic audit; source-specific maps govern selection,final
.codex_backups/final_test_legacy_eval_20260623_015807/reports/model_zoo_summary.md,.md,1878,1782093873.2478733,temporary_or_cache,repository evidence,safe_delete_candidate,yes,no,heuristic audit; source-specific maps govern selection,final
.codex_backups/final_test_legacy_eval_20260623_015807/reports/optuna_medical_optimization_report.md,.md,3682,1782163202.5311084,temporary_or_cache,repository evidence,safe_delete_candidate,yes,no,heuristic audit; source-specific maps govern selection,final
.codex_backups/final_test_legacy_eval_20260623_015807/reports/panel_specific_final_interpretation.md,.md,549,1782147940.5924537,temporary_or_cache,repository evidence,safe_delete_candidate,yes,no,heuristic audit; source-specific maps govern selection,final
.codex_backups/final_test_legacy_eval_20260623_015807/artifacts/metrics/feature_list.json,.json,5696,1782147297.9536505,temporary_or_cache,repository evidence,safe_delete_candidate,yes,no,heuristic audit; source-specific maps govern selection,final
.codex_backups/final_test_legacy_eval_20260623_015807/artifacts/metrics/final_config.json,.json,712,1782147892.9883006,temporary_or_cache,repository evidence,safe_delete_candidate,yes,no,heuristic audit; source-specific maps govern selection,final
.codex_backups/final_test_legacy_eval_20260623_015807/artifacts/metrics/final_feature_list.json,.json,5696,1782147297.9536505,temporary_or_cache,repository evidence,safe_delete_candidate,yes,no,heuristic audit; source-specific maps govern selection,final
.codex_backups/final_test_legacy_eval_20260623_015807/artifacts/metrics/final_metrics.json,.json,1465,1782147892.9862876,temporary_or_cache,repository evidence,safe_delete_candidate,yes,no,heuristic audit; source-specific maps govern selection,final
.codex_backups/final_test_legacy_eval_20260623_015807/artifacts/metrics/final_model_decision.json,.json,7382,1782148100.8135684,temporary_or_cache,repository evidence,safe_delete_candidate,yes,no,heuristic audit; source-specific maps govern selection,final
.codex_backups/final_test_legacy_eval_20260623_015807/artifacts/metrics/final_threshold.json,.json,250,1782147892.9842708,temporary_or_cache,repository evidence,safe_delete_candidate,yes,no,heuristic audit; source-specific maps govern selection,final
.codex_backups/final_test_legacy_eval_20260623_015807/artifacts/metrics/optuna_medical_best_params.json,.json,2766,1782163202.0827844,temporary_or_cache,repository evidence,safe_delete_candidate,yes,no,heuristic audit; source-specific maps govern selection,final
.codex_backups/final_test_legacy_eval_20260623_015807/artifacts/models/final_model.pkl,.pkl,1217444,1782147892.9573295,temporary_or_cache,repository evidence,safe_delete_candidate,yes,no,heuristic audit; source-specific maps govern selection,final
.codex_backups/final_test_legacy_eval_20260623_015807/artifacts/models/final_model_columns.txt,.txt,3495,1782147892.9724417,temporary_or_cache,repository evidence,safe_delete_candidate,yes,no,heuristic audit; source-specific maps govern selection,final
.codex_backups/final_test_legacy_eval_20260623_015807/artifacts/models/lightgbm_final.joblib,.joblib,9797876,1781640132.795956,temporary_or_cache,repository evidence,safe_delete_candidate,yes,no,heuristic audit; source-specific maps govern selection,final
.codex_backups/final_test_legacy_eval_20260623_015807/artifacts/models/model_columns.txt,.txt,3495,1781640132.7989454,temporary_or_cache,repository evidence,safe_delete_candidate,yes,no,heuristic audit; source-specific maps govern selection,final
.codex_backups/final_test_legacy_eval_20260623_015807/artifacts/predictions/final_ensemble_oof_predictions.csv,.csv,408134,1782146528.5375645,temporary_or_cache,repository evidence,safe_delete_candidate,yes,no,heuristic audit; source-specific maps govern selection,final
.codex_backups/final_test_legacy_eval_20260623_015807/artifacts/predictions/final_ensemble_panel_predictions.csv,.csv,52933,1782146528.5534077,temporary_or_cache,repository evidence,safe_delete_candidate,yes,no,heuristic audit; source-specific maps govern selection,final
.codex_backups/final_test_legacy_eval_20260623_015807/artifacts/predictions/final_master_cv_predictions.csv,.csv,220660,1782147927.254013,temporary_or_cache,repository evidence,safe_delete_candidate,yes,no,heuristic audit; source-specific maps govern selection,final
.codex_backups/final_test_legacy_eval_20260623_015807/artifacts/predictions/final_panel_predictions.csv,.csv,29330,1782147927.9692116,temporary_or_cache,repository evidence,safe_delete_candidate,yes,no,heuristic audit; source-specific maps govern selection,final
.codex_backups/final_test_legacy_eval_20260623_015807/artifacts/predictions/master_cv_model_predictions_phase9.csv,.csv,1178574,1782147304.375823,temporary_or_cache,repository evidence,safe_delete_candidate,yes,no,heuristic audit; source-specific maps govern selection,final
.codex_backups/final_test_legacy_eval_20260623_015807/artifacts/predictions/model_zoo_oof_predictions.csv,.csv,317968,1782093873.1795151,temporary_or_cache,repository evidence,safe_delete_candidate,yes,no,heuristic audit; source-specific maps govern selection,final
.codex_backups/final_test_legacy_eval_20260623_015807/artifacts/predictions/model_zoo_panel_predictions.csv,.csv,41687,1782093873.189744,temporary_or_cache,repository evidence,safe_delete_candidate,yes,no,heuristic audit; source-specific maps govern selection,final
.codex_backups/final_test_legacy_eval_20260623_015807/artifacts/predictions/oof_predictions.csv,.csv,140654,1781635061.6934474,temporary_or_cache,repository evidence,safe_delete_candidate,yes,no,heuristic audit; source-specific maps govern selection,final
.codex_backups/final_test_legacy_eval_20260623_015807/artifacts/predictions/optuna_medical_candidate_oof_predictions.csv,.csv,190893,1782163199.875496,temporary_or_cache,repository evidence,safe_delete_candidate,yes,no,heuristic audit; source-specific maps govern selection,final
.codex_backups/final_test_legacy_eval_20260623_015807/artifacts/predictions/optuna_medical_candidate_panel_predictions.csv,.csv,19912,1782163199.882495,temporary_or_cache,repository evidence,safe_delete_candidate,yes,no,heuristic audit; source-specific maps govern selection,final
.codex_backups/final_test_legacy_eval_20260623_015807/artifacts/predictions/panel_unique_model_predictions_phase9.csv,.csv,21316,1782147353.8926191,temporary_or_cache,repository evidence,safe_delete_candidate,yes,no,heuristic audit; source-specific maps govern selection,final
.codex_backups/final_test_legacy_eval_20260623_015807/artifacts/predictions/panel_unique_predictions.csv,.csv,19465,1781640133.454593,temporary_or_cache,repository evidence,safe_delete_candidate,yes,no,heuristic audit; source-specific maps govern selection,final
.codex_backups/final_test_legacy_eval_20260623_015807/artifacts/preprocessors/feature_engineer.joblib,.joblib,40787,1781640132.263795,temporary_or_cache,repository evidence,safe_delete_candidate,yes,no,heuristic audit; source-specific maps govern selection,final
.codex_backups/final_test_legacy_eval_20260623_015807/artifacts/preprocessors/final_preprocessor.pkl,.pkl,40787,1782147892.9684153,temporary_or_cache,repository evidence,safe_delete_candidate,yes,no,heuristic audit; source-specific maps govern selection,final
.codex_backups/final_test_legacy_eval_20260623_015807/artifacts/metrics/experiments/experiment_001_initial/all_evaluation_metrics.csv,.csv,9901,1781646559.6284428,temporary_or_cache,repository evidence,safe_delete_candidate,yes,no,heuristic audit; source-specific maps govern selection,final
.codex_backups/final_test_legacy_eval_20260623_015807/artifacts/metrics/experiments/experiment_001_initial/config.json,.json,174,1782147428.885541,temporary_or_cache,repository evidence,safe_delete_candidate,yes,no,heuristic audit; source-specific maps govern selection,final
.codex_backups/final_test_legacy_eval_20260623_015807/artifacts/metrics/experiments/experiment_001_initial/diagnosis.md,.md,212,1782147428.887556,temporary_or_cache,repository evidence,safe_delete_candidate,yes,no,heuristic audit; source-specific maps govern selection,final
.codex_backups/final_test_legacy_eval_20260623_015807/artifacts/metrics/experiments/experiment_001_initial/error_analysis.csv,.csv,4952,1781645351.8106694,temporary_or_cache,repository evidence,safe_delete_candidate,yes,no,heuristic audit; source-specific maps govern selection,final
.codex_backups/final_test_legacy_eval_20260623_015807/artifacts/metrics/experiments/experiment_001_initial/feature_importance.csv,.csv,10363,1781630045.2625988,temporary_or_cache,repository evidence,safe_delete_candidate,yes,no,heuristic audit; source-specific maps govern selection,final
.codex_backups/final_test_legacy_eval_20260623_015807/artifacts/metrics/experiments/experiment_001_initial/main_model_cv_results.csv,.csv,3750,1781645351.1696656,temporary_or_cache,repository evidence,safe_delete_candidate,yes,no,heuristic audit; source-specific maps govern selection,final
.codex_backups/final_test_legacy_eval_20260623_015807/artifacts/metrics/experiments/experiment_001_initial/metrics.csv,.csv,2439,1782147428.8835256,temporary_or_cache,repository evidence,safe_delete_candidate,yes,no,heuristic audit; source-specific maps govern selection,final
.codex_backups/final_test_legacy_eval_20260623_015807/artifacts/metrics/experiments/experiment_001_initial/panel_generalization_results.csv,.csv,147,1781645351.8048775,temporary_or_cache,repository evidence,safe_delete_candidate,yes,no,heuristic audit; source-specific maps govern selection,final
.codex_backups/final_test_legacy_eval_20260623_015807/artifacts/metrics/experiments/experiment_001_initial/threshold_results.csv,.csv,170,1781645349.800034,temporary_or_cache,repository evidence,safe_delete_candidate,yes,no,heuristic audit; source-specific maps govern selection,final
.codex_backups/final_test_legacy_eval_20260623_015807/artifacts/metrics/experiments/experiment_002_f1_threshold/config.json,.json,188,1782147428.9121616,temporary_or_cache,repository evidence,safe_delete_candidate,yes,no,heuristic audit; source-specific maps govern selection,final
.codex_backups/final_test_legacy_eval_20260623_015807/artifacts/metrics/experiments/experiment_002_f1_threshold/diagnosis.md,.md,205,1782147428.914174,temporary_or_cache,repository evidence,safe_delete_candidate,yes,no,heuristic audit; source-specific maps govern selection,final
.codex_backups/final_test_legacy_eval_20260623_015807/artifacts/metrics/experiments/experiment_002_f1_threshold/metrics.csv,.csv,2439,1782147428.9055772,temporary_or_cache,repository evidence,safe_delete_candidate,yes,no,heuristic audit; source-specific maps govern selection,final
.codex_backups/final_test_legacy_eval_20260623_015807/artifacts/metrics/experiments/experiment_003_youden_threshold/config.json,.json,189,1782147428.929315,temporary_or_cache,repository evidence,safe_delete_candidate,yes,no,heuristic audit; source-specific maps govern selection,final
.codex_backups/final_test_legacy_eval_20260623_015807/artifacts/metrics/experiments/experiment_003_youden_threshold/diagnosis.md,.md,186,1782147428.9313333,temporary_or_cache,repository evidence,safe_delete_candidate,yes,no,heuristic audit; source-specific maps govern selection,final
.codex_backups/final_test_legacy_eval_20260623_015807/artifacts/metrics/experiments/experiment_003_youden_threshold/metrics.csv,.csv,2439,1782147428.9252656,temporary_or_cache,repository evidence,safe_delete_candidate,yes,no,heuristic audit; source-specific maps govern selection,final
.codex_backups/final_test_legacy_eval_20260623_015807/artifacts/metrics/experiments/experiment_004_extra_trees/config.json,.json,189,1782147428.951478,temporary_or_cache,repository evidence,safe_delete_candidate,yes,no,heuristic audit; source-specific maps govern selection,final
.codex_backups/final_test_legacy_eval_20260623_015807/artifacts/metrics/experiments/experiment_004_extra_trees/diagnosis.md,.md,148,1782147428.9535055,temporary_or_cache,repository evidence,safe_delete_candidate,yes,no,heuristic audit; source-specific maps govern selection,final
.codex_backups/final_test_legacy_eval_20260623_015807/artifacts/metrics/experiments/experiment_004_extra_trees/metrics.csv,.csv,1145,1782147428.9497192,temporary_or_cache,repository evidence,safe_delete_candidate,yes,no,heuristic audit; source-specific maps govern selection,final
.codex_backups/final_test_legacy_eval_20260623_015807/artifacts/metrics/experiments/experiment_005_catboost/config.json,.json,189,1782147428.968651,temporary_or_cache,repository evidence,safe_delete_candidate,yes,no,heuristic audit; source-specific maps govern selection,final
.codex_backups/final_test_legacy_eval_20260623_015807/artifacts/metrics/experiments/experiment_005_catboost/diagnosis.md,.md,142,1782147428.970664,temporary_or_cache,repository evidence,safe_delete_candidate,yes,no,heuristic audit; source-specific maps govern selection,final
.codex_backups/final_test_legacy_eval_20260623_015807/artifacts/metrics/experiments/experiment_005_catboost/metrics.csv,.csv,1136,1782147428.9666317,temporary_or_cache,repository evidence,safe_delete_candidate,yes,no,heuristic audit; source-specific maps govern selection,final
.codex_backups/final_test_legacy_eval_20260623_015807/artifacts/metrics/experiments/experiment_006_ensemble_stack/config.json,.json,189,1782147428.986515,temporary_or_cache,repository evidence,safe_delete_candidate,yes,no,heuristic audit; source-specific maps govern selection,final
.codex_backups/final_test_legacy_eval_20260623_015807/artifacts/metrics/experiments/experiment_006_ensemble_stack/diagnosis.md,.md,165,1782147428.9885287,temporary_or_cache,repository evidence,safe_delete_candidate,yes,no,heuristic audit; source-specific maps govern selection,final
.codex_backups/final_test_legacy_eval_20260623_015807/artifacts/metrics/experiments/experiment_006_ensemble_stack/metrics.csv,.csv,1153,1782147428.9845002,temporary_or_cache,repository evidence,safe_delete_candidate,yes,no,heuristic audit; source-specific maps govern selection,final
.codex_backups/final_test_legacy_eval_20260623_015807/artifacts/metrics/experiments/experiment_007_lr_ek_only/config.json,.json,188,1782147429.004387,temporary_or_cache,repository evidence,safe_delete_candidate,yes,no,heuristic audit; source-specific maps govern selection,final
.codex_backups/final_test_legacy_eval_20260623_015807/artifacts/metrics/experiments/experiment_007_lr_ek_only/diagnosis.md,.md,172,1782147429.004387,temporary_or_cache,repository evidence,safe_delete_candidate,yes,no,heuristic audit; source-specific maps govern selection,final
.codex_backups/final_test_legacy_eval_20260623_015807/artifacts/metrics/experiments/experiment_007_lr_ek_only/metrics.csv,.csv,2222,1782147429.0023727,temporary_or_cache,repository evidence,safe_delete_candidate,yes,no,heuristic audit; source-specific maps govern selection,final
.codex_backups/final_test_legacy_eval_20260623_015807/artifacts/metrics/experiments/experiment_008_ek_only_features/config.json,.json,177,1782147429.0301044,temporary_or_cache,repository evidence,safe_delete_candidate,yes,no,heuristic audit; source-specific maps govern selection,final
.codex_backups/final_test_legacy_eval_20260623_015807/artifacts/metrics/experiments/experiment_008_ek_only_features/diagnosis.md,.md,160,1782147429.032118,temporary_or_cache,repository evidence,safe_delete_candidate,yes,no,heuristic audit; source-specific maps govern selection,final
.codex_backups/final_test_legacy_eval_20260623_015807/artifacts/metrics/experiments/experiment_008_ek_only_features/metrics.csv,.csv,427,1782147429.028344,temporary_or_cache,repository evidence,safe_delete_candidate,yes,no,heuristic audit; source-specific maps govern selection,final
.codex_backups/final_test_legacy_eval_20260623_015807/artifacts/metrics/experiments/experiment_009_al_only_features/config.json,.json,177,1782147429.0480032,temporary_or_cache,repository evidence,safe_delete_candidate,yes,no,heuristic audit; source-specific maps govern selection,final
.codex_backups/final_test_legacy_eval_20260623_015807/artifacts/metrics/experiments/experiment_009_al_only_features/diagnosis.md,.md,160,1782147429.0500176,temporary_or_cache,repository evidence,safe_delete_candidate,yes,no,heuristic audit; source-specific maps govern selection,final
.codex_backups/final_test_legacy_eval_20260623_015807/artifacts/metrics/experiments/experiment_009_al_only_features/metrics.csv,.csv,427,1782147429.0480032,temporary_or_cache,repository evidence,safe_delete_candidate,yes,no,heuristic audit; source-specific maps govern selection,final
.codex_backups/final_test_legacy_eval_20260623_015807/artifacts/metrics/experiments/experiment_010_engineered_only/config.json,.json,177,1782147429.0771194,temporary_or_cache,repository evidence,safe_delete_candidate,yes,no,heuristic audit; source-specific maps govern selection,final
.codex_backups/final_test_legacy_eval_20260623_015807/artifacts/metrics/experiments/experiment_010_engineered_only/diagnosis.md,.md,175,1782147429.0791311,temporary_or_cache,repository evidence,safe_delete_candidate,yes,no,heuristic audit; source-specific maps govern selection,final
.codex_backups/final_test_legacy_eval_20260623_015807/artifacts/metrics/experiments/experiment_010_engineered_only/metrics.csv,.csv,441,1782147429.0730908,temporary_or_cache,repository evidence,safe_delete_candidate,yes,no,heuristic audit; source-specific maps govern selection,final
.codex_backups/final_test_legacy_eval_20260623_015807/artifacts/metrics/experiments/lightgbm_balanced_regularized/config.json,.json,327,1781649121.3631434,temporary_or_cache,repository evidence,safe_delete_candidate,yes,no,heuristic audit; source-specific maps govern selection,final
.codex_backups/final_test_legacy_eval_20260623_015807/artifacts/metrics/experiments/lightgbm_balanced_regularized/metrics.csv,.csv,782,1781649121.3692145,temporary_or_cache,repository evidence,safe_delete_candidate,yes,no,heuristic audit; source-specific maps govern selection,final
.codex_backups/final_test_legacy_eval_20260623_015807/artifacts/metrics/experiments/lightgbm_conservative_regularized/config.json,.json,327,1781649019.819878,temporary_or_cache,repository evidence,safe_delete_candidate,yes,no,heuristic audit; source-specific maps govern selection,final
.codex_backups/final_test_legacy_eval_20260623_015807/artifacts/metrics/experiments/lightgbm_conservative_regularized/metrics.csv,.csv,806,1781649019.822642,temporary_or_cache,repository evidence,safe_delete_candidate,yes,no,heuristic audit; source-specific maps govern selection,final
.codex_backups/final_test_legacy_eval_20260623_015807/artifacts/metrics/experiments/lightgbm_current_best/config.json,.json,291,1781648918.8337994,temporary_or_cache,repository evidence,safe_delete_candidate,yes,no,heuristic audit; source-specific maps govern selection,final
.codex_backups/final_test_legacy_eval_20260623_015807/artifacts/metrics/experiments/lightgbm_current_best/metrics.csv,.csv,736,1781648918.8378243,temporary_or_cache,repository evidence,safe_delete_candidate,yes,no,heuristic audit; source-specific maps govern selection,final
.codex_backups/final_test_legacy_eval_20260623_015807/artifacts/metrics/experiments/lightgbm_high_capacity_controlled/config.json,.json,330,1781649289.466484,temporary_or_cache,repository evidence,safe_delete_candidate,yes,no,heuristic audit; source-specific maps govern selection,final
.codex_backups/final_test_legacy_eval_20260623_015807/artifacts/metrics/experiments/lightgbm_high_capacity_controlled/metrics.csv,.csv,793,1781649289.4724865,temporary_or_cache,repository evidence,safe_delete_candidate,yes,no,heuristic audit; source-specific maps govern selection,final
.codex_backups/final_test_legacy_eval_20260623_015807/artifacts/models/experiments/experiment_001_initial/README.md,.md,153,1782147428.8895922,temporary_or_cache,repository evidence,safe_delete_candidate,yes,no,heuristic audit; source-specific maps govern selection,final
.codex_backups/final_test_legacy_eval_20260623_015807/artifacts/models/experiments/experiment_002_f1_threshold/README.md,.md,153,1782147428.9161901,temporary_or_cache,repository evidence,safe_delete_candidate,yes,no,heuristic audit; source-specific maps govern selection,final
.codex_backups/final_test_legacy_eval_20260623_015807/artifacts/models/experiments/experiment_003_youden_threshold/README.md,.md,153,1782147428.9333494,temporary_or_cache,repository evidence,safe_delete_candidate,yes,no,heuristic audit; source-specific maps govern selection,final
.codex_backups/final_test_legacy_eval_20260623_015807/artifacts/models/experiments/experiment_004_extra_trees/README.md,.md,153,1782147428.955519,temporary_or_cache,repository evidence,safe_delete_candidate,yes,no,heuristic audit; source-specific maps govern selection,final
.codex_backups/final_test_legacy_eval_20260623_015807/artifacts/models/experiments/experiment_005_catboost/README.md,.md,153,1782147428.9726748,temporary_or_cache,repository evidence,safe_delete_candidate,yes,no,heuristic audit; source-specific maps govern selection,final
.codex_backups/final_test_legacy_eval_20260623_015807/artifacts/models/experiments/experiment_006_ensemble_stack/README.md,.md,153,1782147428.990541,temporary_or_cache,repository evidence,safe_delete_candidate,yes,no,heuristic audit; source-specific maps govern selection,final
.codex_backups/final_test_legacy_eval_20260623_015807/artifacts/models/experiments/experiment_007_lr_ek_only/README.md,.md,153,1782147429.006402,temporary_or_cache,repository evidence,safe_delete_candidate,yes,no,heuristic audit; source-specific maps govern selection,final
.codex_backups/final_test_legacy_eval_20260623_015807/artifacts/models/experiments/experiment_008_ek_only_features/README.md,.md,153,1782147429.032118,temporary_or_cache,repository evidence,safe_delete_candidate,yes,no,heuristic audit; source-specific maps govern selection,final
.codex_backups/final_test_legacy_eval_20260623_015807/artifacts/models/experiments/experiment_009_al_only_features/README.md,.md,153,1782147429.0520332,temporary_or_cache,repository evidence,safe_delete_candidate,yes,no,heuristic audit; source-specific maps govern selection,final
.codex_backups/final_test_legacy_eval_20260623_015807/artifacts/models/experiments/experiment_010_engineered_only/README.md,.md,153,1782147429.0811422,temporary_or_cache,repository evidence,safe_delete_candidate,yes,no,heuristic audit; source-specific maps govern selection,final
.codex_backups/final_test_legacy_eval_20260623_015807/artifacts/predictions/model_zoo_folds/fold_0_predictions.csv,.csv,69533,1782093872.9907928,temporary_or_cache,repository evidence,safe_delete_candidate,yes,no,heuristic audit; source-specific maps govern selection,final
.codex_backups/final_test_legacy_eval_20260623_015807/artifacts/predictions/model_zoo_folds/fold_1_predictions.csv,.csv,69073,1782093873.0176568,temporary_or_cache,repository evidence,safe_delete_candidate,yes,no,heuristic audit; source-specific maps govern selection,final
.codex_backups/final_test_legacy_eval_20260623_015807/artifacts/predictions/model_zoo_folds/fold_2_predictions.csv,.csv,69039,1782093873.047686,temporary_or_cache,repository evidence,safe_delete_candidate,yes,no,heuristic audit; source-specific maps govern selection,final
.codex_backups/final_test_legacy_eval_20260623_015807/artifacts/predictions/model_zoo_folds/fold_3_predictions.csv,.csv,69999,1782093873.0738282,temporary_or_cache,repository evidence,safe_delete_candidate,yes,no,heuristic audit; source-specific maps govern selection,final
.codex_backups/final_test_legacy_eval_20260623_015807/artifacts/predictions/model_zoo_folds/fold_4_predictions.csv,.csv,70372,1782093873.0928257,temporary_or_cache,repository evidence,safe_delete_candidate,yes,no,heuristic audit; source-specific maps govern selection,final
.codex_backups/final_test_legacy_eval_20260623_015807/reports/eda/EDA_MODEL_BRIDGE.md,.md,8368,1781640602.961192,temporary_or_cache,repository evidence,safe_delete_candidate,yes,no,heuristic audit; source-specific maps govern selection,final
.codex_backups/final_test_legacy_eval_20260623_015807/reports/eda/EDA_REPORT.md,.md,43480,1781640628.3913481,temporary_or_cache,repository evidence,safe_delete_candidate,yes,no,heuristic audit; source-specific maps govern selection,final
.codex_backups/final_test_legacy_eval_20260623_015807/reports/eda/TEKNOFEST2026_EDA.ipynb,.ipynb,28779,1781631039.0475638,temporary_or_cache,repository evidence,safe_delete_candidate,yes,no,heuristic audit; source-specific maps govern selection,final
.codex_backups/final_test_legacy_eval_20260623_015807/reports/eda/TEKNOFEST2026_EDA_EXECUTED.ipynb,.ipynb,417453,1781631308.749245,temporary_or_cache,repository evidence,safe_delete_candidate,yes,no,heuristic audit; source-specific maps govern selection,final
.codex_backups/final_test_legacy_eval_20260623_015807/reports/explainability/acmg_feature_mapping.csv,.csv,616,1781630084.759918,temporary_or_cache,repository evidence,safe_delete_candidate,yes,no,heuristic audit; source-specific maps govern selection,final
.codex_backups/final_test_legacy_eval_20260623_015807/reports/explainability/shap_beeswarm.png,.png,307620,1781630047.5246868,temporary_or_cache,repository evidence,safe_delete_candidate,yes,no,heuristic audit; source-specific maps govern selection,final
.codex_backups/final_test_legacy_eval_20260623_015807/reports/explainability/shap_case_confusion_matrix.csv,.csv,46,1781630062.0806987,temporary_or_cache,repository evidence,safe_delete_candidate,yes,no,heuristic audit; source-specific maps govern selection,final
.codex_backups/final_test_legacy_eval_20260623_015807/reports/explainability/shap_case_panel_unique_confusion_matrix.csv,.csv,44,1781630084.759918,temporary_or_cache,repository evidence,safe_delete_candidate,yes,no,heuristic audit; source-specific maps govern selection,final
.codex_backups/final_test_legacy_eval_20260623_015807/reports/explainability/shap_dependence_EK7_by_EK9.png,.png,229937,1781630048.9922905,temporary_or_cache,repository evidence,safe_delete_candidate,yes,no,heuristic audit; source-specific maps govern selection,final
.codex_backups/final_test_legacy_eval_20260623_015807/reports/explainability/shap_dependence_npops_by_maxAF.png,.png,67010,1781630049.5532389,temporary_or_cache,repository evidence,safe_delete_candidate,yes,no,heuristic audit; source-specific maps govern selection,final
.codex_backups/final_test_legacy_eval_20260623_015807/reports/explainability/shap_global_bar.png,.png,62847,1781630045.6815517,temporary_or_cache,repository evidence,safe_delete_candidate,yes,no,heuristic audit; source-specific maps govern selection,final
.codex_backups/final_test_legacy_eval_20260623_015807/reports/explainability/shap_global_importance.csv,.csv,10363,1781630045.2625988,temporary_or_cache,repository evidence,safe_delete_candidate,yes,no,heuristic audit; source-specific maps govern selection,final
.codex_backups/final_test_legacy_eval_20260623_015807/reports/explainability/shap_group_importance.csv,.csv,249,1781630045.777822,temporary_or_cache,repository evidence,safe_delete_candidate,yes,no,heuristic audit; source-specific maps govern selection,final
.codex_backups/final_test_legacy_eval_20260623_015807/reports/explainability/shap_waterfall_01_TP.png,.png,133876,1781630051.354622,temporary_or_cache,repository evidence,safe_delete_candidate,yes,no,heuristic audit; source-specific maps govern selection,final
.codex_backups/final_test_legacy_eval_20260623_015807/reports/explainability/shap_waterfall_02_TP.png,.png,131617,1781630052.163275,temporary_or_cache,repository evidence,safe_delete_candidate,yes,no,heuristic audit; source-specific maps govern selection,final
.codex_backups/final_test_legacy_eval_20260623_015807/reports/explainability/shap_waterfall_03_TP.png,.png,130778,1781630053.229926,temporary_or_cache,repository evidence,safe_delete_candidate,yes,no,heuristic audit; source-specific maps govern selection,final
.codex_backups/final_test_legacy_eval_20260623_015807/reports/explainability/shap_waterfall_04_TP.png,.png,137533,1781630053.9943473,temporary_or_cache,repository evidence,safe_delete_candidate,yes,no,heuristic audit; source-specific maps govern selection,final
.codex_backups/final_test_legacy_eval_20260623_015807/reports/explainability/shap_waterfall_05_TP.png,.png,134504,1781630054.6689994,temporary_or_cache,repository evidence,safe_delete_candidate,yes,no,heuristic audit; source-specific maps govern selection,final
.codex_backups/final_test_legacy_eval_20260623_015807/reports/explainability/shap_waterfall_06_TN.png,.png,136261,1781630055.3109741,temporary_or_cache,repository evidence,safe_delete_candidate,yes,no,heuristic audit; source-specific maps govern selection,final
.codex_backups/final_test_legacy_eval_20260623_015807/reports/explainability/shap_waterfall_07_TN.png,.png,133897,1781630056.0782342,temporary_or_cache,repository evidence,safe_delete_candidate,yes,no,heuristic audit; source-specific maps govern selection,final
.codex_backups/final_test_legacy_eval_20260623_015807/reports/explainability/shap_waterfall_08_TN.png,.png,138396,1781630056.7453916,temporary_or_cache,repository evidence,safe_delete_candidate,yes,no,heuristic audit; source-specific maps govern selection,final
.codex_backups/final_test_legacy_eval_20260623_015807/reports/explainability/shap_waterfall_09_TN.png,.png,134452,1781630057.4678693,temporary_or_cache,repository evidence,safe_delete_candidate,yes,no,heuristic audit; source-specific maps govern selection,final
.codex_backups/final_test_legacy_eval_20260623_015807/reports/explainability/shap_waterfall_10_TN.png,.png,136567,1781630058.3979268,temporary_or_cache,repository evidence,safe_delete_candidate,yes,no,heuristic audit; source-specific maps govern selection,final
.codex_backups/final_test_legacy_eval_20260623_015807/reports/explainability/shap_waterfall_11_FN.png,.png,134323,1781630059.080777,temporary_or_cache,repository evidence,safe_delete_candidate,yes,no,heuristic audit; source-specific maps govern selection,final
.codex_backups/final_test_legacy_eval_20260623_015807/reports/explainability/shap_waterfall_12_FN.png,.png,134323,1781630059.7784164,temporary_or_cache,repository evidence,safe_delete_candidate,yes,no,heuristic audit; source-specific maps govern selection,final
.codex_backups/final_test_legacy_eval_20260623_015807/reports/explainability/shap_waterfall_13_FN.png,.png,134323,1781630060.446306,temporary_or_cache,repository evidence,safe_delete_candidate,yes,no,heuristic audit; source-specific maps govern selection,final
.codex_backups/final_test_legacy_eval_20260623_015807/reports/explainability/shap_waterfall_14_FN.png,.png,134323,1781630061.1304195,temporary_or_cache,repository evidence,safe_delete_candidate,yes,no,heuristic audit; source-specific maps govern selection,final
.codex_backups/final_test_legacy_eval_20260623_015807/reports/explainability/shap_waterfall_15_FN.png,.png,134323,1781630061.9380515,temporary_or_cache,repository evidence,safe_delete_candidate,yes,no,heuristic audit; source-specific maps govern selection,final
.codex_backups/final_test_legacy_eval_20260623_015807/reports/explainability/shap_waterfall_cases.csv,.csv,637,1781630062.078951,temporary_or_cache,repository evidence,safe_delete_candidate,yes,no,heuristic audit; source-specific maps govern selection,final
.codex_backups/final_test_legacy_eval_20260623_015807/reports/explainability/shap_waterfall_panel_unique_01_TP.png,.png,132859,1781630070.1106324,temporary_or_cache,repository evidence,safe_delete_candidate,yes,no,heuristic audit; source-specific maps govern selection,final
.codex_backups/final_test_legacy_eval_20260623_015807/reports/explainability/shap_waterfall_panel_unique_02_TP.png,.png,128819,1781630070.845415,temporary_or_cache,repository evidence,safe_delete_candidate,yes,no,heuristic audit; source-specific maps govern selection,final
.codex_backups/final_test_legacy_eval_20260623_015807/reports/explainability/shap_waterfall_panel_unique_03_TP.png,.png,133895,1781630071.5105414,temporary_or_cache,repository evidence,safe_delete_candidate,yes,no,heuristic audit; source-specific maps govern selection,final
.codex_backups/final_test_legacy_eval_20260623_015807/reports/explainability/shap_waterfall_panel_unique_04_TP.png,.png,127364,1781630072.311391,temporary_or_cache,repository evidence,safe_delete_candidate,yes,no,heuristic audit; source-specific maps govern selection,final
.codex_backups/final_test_legacy_eval_20260623_015807/reports/explainability/shap_waterfall_panel_unique_05_TP.png,.png,133598,1781630073.0090168,temporary_or_cache,repository evidence,safe_delete_candidate,yes,no,heuristic audit; source-specific maps govern selection,final
.codex_backups/final_test_legacy_eval_20260623_015807/reports/explainability/shap_waterfall_panel_unique_06_TN.png,.png,138733,1781630073.8809175,temporary_or_cache,repository evidence,safe_delete_candidate,yes,no,heuristic audit; source-specific maps govern selection,final
.codex_backups/final_test_legacy_eval_20260623_015807/reports/explainability/shap_waterfall_panel_unique_07_TN.png,.png,139032,1781630074.7171347,temporary_or_cache,repository evidence,safe_delete_candidate,yes,no,heuristic audit; source-specific maps govern selection,final
.codex_backups/final_test_legacy_eval_20260623_015807/reports/explainability/shap_waterfall_panel_unique_08_TN.png,.png,141393,1781630075.3587115,temporary_or_cache,repository evidence,safe_delete_candidate,yes,no,heuristic audit; source-specific maps govern selection,final
.codex_backups/final_test_legacy_eval_20260623_015807/reports/explainability/shap_waterfall_panel_unique_09_TN.png,.png,143636,1781630076.0958605,temporary_or_cache,repository evidence,safe_delete_candidate,yes,no,heuristic audit; source-specific maps govern selection,final
.codex_backups/final_test_legacy_eval_20260623_015807/reports/explainability/shap_waterfall_panel_unique_10_TN.png,.png,136851,1781630076.7410834,temporary_or_cache,repository evidence,safe_delete_candidate,yes,no,heuristic audit; source-specific maps govern selection,final
.codex_backups/final_test_legacy_eval_20260623_015807/reports/explainability/shap_waterfall_panel_unique_11_FP.png,.png,134863,1781630077.684075,temporary_or_cache,repository evidence,safe_delete_candidate,yes,no,heuristic audit; source-specific maps govern selection,final
.codex_backups/final_test_legacy_eval_20260623_015807/reports/explainability/shap_waterfall_panel_unique_12_FP.png,.png,126874,1781630078.5437226,temporary_or_cache,repository evidence,safe_delete_candidate,yes,no,heuristic audit; source-specific maps govern selection,final
.codex_backups/final_test_legacy_eval_20260623_015807/reports/explainability/shap_waterfall_panel_unique_13_FP.png,.png,135930,1781630079.3771174,temporary_or_cache,repository evidence,safe_delete_candidate,yes,no,heuristic audit; source-specific maps govern selection,final
.codex_backups/final_test_legacy_eval_20260623_015807/reports/explainability/shap_waterfall_panel_unique_14_FP.png,.png,134442,1781630080.2406592,temporary_or_cache,repository evidence,safe_delete_candidate,yes,no,heuristic audit; source-specific maps govern selection,final
.codex_backups/final_test_legacy_eval_20260623_015807/reports/explainability/shap_waterfall_panel_unique_15_FP.png,.png,130992,1781630081.1452782,temporary_or_cache,repository evidence,safe_delete_candidate,yes,no,heuristic audit; source-specific maps govern selection,final
.codex_backups/final_test_legacy_eval_20260623_015807/reports/explainability/shap_waterfall_panel_unique_16_FN.png,.png,134805,1781630081.8426542,temporary_or_cache,repository evidence,safe_delete_candidate,yes,no,heuristic audit; source-specific maps govern selection,final
.codex_backups/final_test_legacy_eval_20260623_015807/reports/explainability/shap_waterfall_panel_unique_17_FN.png,.png,133000,1781630082.5079317,temporary_or_cache,repository evidence,safe_delete_candidate,yes,no,heuristic audit; source-specific maps govern selection,final
.codex_backups/final_test_legacy_eval_20260623_015807/reports/explainability/shap_waterfall_panel_unique_18_FN.png,.png,130986,1781630083.1627755,temporary_or_cache,repository evidence,safe_delete_candidate,yes,no,heuristic audit; source-specific maps govern selection,final
.codex_backups/final_test_legacy_eval_20260623_015807/reports/explainability/shap_waterfall_panel_unique_19_FN.png,.png,131881,1781630083.8239102,temporary_or_cache,repository evidence,safe_delete_candidate,yes,no,heuristic audit; source-specific maps govern selection,final
.codex_backups/final_test_legacy_eval_20260623_015807/reports/explainability/shap_waterfall_panel_unique_20_FN.png,.png,134323,1781630084.6225073,temporary_or_cache,repository evidence,safe_delete_candidate,yes,no,heuristic audit; source-specific maps govern selection,final
.codex_backups/final_test_legacy_eval_20260623_015807/reports/explainability/shap_waterfall_panel_unique_cases.csv,.csv,1086,1781630084.759918,temporary_or_cache,repository evidence,safe_delete_candidate,yes,no,heuristic audit; source-specific maps govern selection,final
.codex_backups/final_test_legacy_eval_20260623_015807/reports/figures/advanced_threshold_comparison.png,.png,86591,1782147684.2222698,temporary_or_cache,repository evidence,safe_delete_candidate,yes,no,heuristic audit; source-specific maps govern selection,final
.codex_backups/final_test_legacy_eval_20260623_015807/reports/figures/brier_logloss_comparison.png,.png,42803,1782147856.4787219,temporary_or_cache,repository evidence,safe_delete_candidate,yes,no,heuristic audit; source-specific maps govern selection,final
.codex_backups/final_test_legacy_eval_20260623_015807/reports/figures/calibration_curves.png,.png,127938,1782147856.1523654,temporary_or_cache,repository evidence,safe_delete_candidate,yes,no,heuristic audit; source-specific maps govern selection,final
.codex_backups/final_test_legacy_eval_20260623_015807/reports/figures/class_distribution_by_dataset.png,.png,136109,1782147400.46839,temporary_or_cache,repository evidence,safe_delete_candidate,yes,no,heuristic audit; source-specific maps govern selection,final
.codex_backups/final_test_legacy_eval_20260623_015807/reports/figures/confusion_matrix_cftr_unique.png,.png,84102,1782147378.311429,temporary_or_cache,repository evidence,safe_delete_candidate,yes,no,heuristic audit; source-specific maps govern selection,final
.codex_backups/final_test_legacy_eval_20260623_015807/reports/figures/confusion_matrix_kanser_unique.png,.png,92877,1782147376.3794532,temporary_or_cache,repository evidence,safe_delete_candidate,yes,no,heuristic audit; source-specific maps govern selection,final
.codex_backups/final_test_legacy_eval_20260623_015807/reports/figures/confusion_matrix_master.png,.png,108099,1782147375.4176157,temporary_or_cache,repository evidence,safe_delete_candidate,yes,no,heuristic audit; source-specific maps govern selection,final
.codex_backups/final_test_legacy_eval_20260623_015807/reports/figures/confusion_matrix_pah_unique.png,.png,89661,1782147377.3008099,temporary_or_cache,repository evidence,safe_delete_candidate,yes,no,heuristic audit; source-specific maps govern selection,final
.codex_backups/final_test_legacy_eval_20260623_015807/reports/figures/confusion_matrix_panel_unique_combined.png,.png,95487,1782147379.0600367,temporary_or_cache,repository evidence,safe_delete_candidate,yes,no,heuristic audit; source-specific maps govern selection,final
.codex_backups/final_test_legacy_eval_20260623_015807/reports/figures/correlation_matrix_top_features.png,.png,335912,1782147357.6571162,temporary_or_cache,repository evidence,safe_delete_candidate,yes,no,heuristic audit; source-specific maps govern selection,final
.codex_backups/final_test_legacy_eval_20260623_015807/reports/figures/error_analysis_key_features.png,.png,184959,1782147428.2356942,temporary_or_cache,repository evidence,safe_delete_candidate,yes,no,heuristic audit; source-specific maps govern selection,final
.codex_backups/final_test_legacy_eval_20260623_015807/reports/figures/feature_group_ablation_comparison.png,.png,105542,1782147857.1527815,temporary_or_cache,repository evidence,safe_delete_candidate,yes,no,heuristic audit; source-specific maps govern selection,final
.codex_backups/final_test_legacy_eval_20260623_015807/reports/figures/feature_importance.png,.png,62847,1781630045.6815517,temporary_or_cache,repository evidence,safe_delete_candidate,yes,no,heuristic audit; source-specific maps govern selection,final
.codex_backups/final_test_legacy_eval_20260623_015807/reports/figures/feature_importance_top30.png,.png,152299,1782147399.3926258,temporary_or_cache,repository evidence,safe_delete_candidate,yes,no,heuristic audit; source-specific maps govern selection,final
.codex_backups/final_test_legacy_eval_20260623_015807/reports/figures/final_calibration_curve.png,.png,127938,1782147856.1523654,temporary_or_cache,repository evidence,safe_delete_candidate,yes,no,heuristic audit; source-specific maps govern selection,final
.codex_backups/final_test_legacy_eval_20260623_015807/reports/figures/final_calibration_decision_plot.png,.png,57585,1782147933.380447,temporary_or_cache,repository evidence,safe_delete_candidate,yes,no,heuristic audit; source-specific maps govern selection,final
.codex_backups/final_test_legacy_eval_20260623_015807/reports/figures/final_confusion_matrix_master.png,.png,108099,1782147375.4176157,temporary_or_cache,repository evidence,safe_delete_candidate,yes,no,heuristic audit; source-specific maps govern selection,final
.codex_backups/final_test_legacy_eval_20260623_015807/reports/figures/final_error_group_feature_distributions.png,.png,87133,1782147937.9290562,temporary_or_cache,repository evidence,safe_delete_candidate,yes,no,heuristic audit; source-specific maps govern selection,final
.codex_backups/final_test_legacy_eval_20260623_015807/reports/figures/final_feature_importance.png,.png,62847,1781630045.6815517,temporary_or_cache,repository evidence,safe_delete_candidate,yes,no,heuristic audit; source-specific maps govern selection,final
.codex_backups/final_test_legacy_eval_20260623_015807/reports/figures/final_feature_importance_top30.png,.png,87821,1782147942.1232224,temporary_or_cache,repository evidence,safe_delete_candidate,yes,no,heuristic audit; source-specific maps govern selection,final
.codex_backups/final_test_legacy_eval_20260623_015807/reports/figures/final_fp_fn_feature_contrast.png,.png,61488,1782147938.5905976,temporary_or_cache,repository evidence,safe_delete_candidate,yes,no,heuristic audit; source-specific maps govern selection,final
.codex_backups/final_test_legacy_eval_20260623_015807/reports/figures/final_model_comparison.png,.png,107813,1782147429.8723392,temporary_or_cache,repository evidence,safe_delete_candidate,yes,no,heuristic audit; source-specific maps govern selection,final
.codex_backups/final_test_legacy_eval_20260623_015807/reports/figures/final_panel_specific_confusion_matrices.png,.png,36958,1782147940.416211,temporary_or_cache,repository evidence,safe_delete_candidate,yes,no,heuristic audit; source-specific maps govern selection,final
.codex_backups/final_test_legacy_eval_20260623_015807/reports/figures/final_panel_specific_metric_comparison.png,.png,61429,1782147939.473264,temporary_or_cache,repository evidence,safe_delete_candidate,yes,no,heuristic audit; source-specific maps govern selection,final
.codex_backups/final_test_legacy_eval_20260623_015807/reports/figures/final_pr_curve_master.png,.png,114868,1782147379.9829757,temporary_or_cache,repository evidence,safe_delete_candidate,yes,no,heuristic audit; source-specific maps govern selection,final
.codex_backups/final_test_legacy_eval_20260623_015807/reports/figures/final_roc_curve_master.png,.png,129207,1782147379.579544,temporary_or_cache,repository evidence,safe_delete_candidate,yes,no,heuristic audit; source-specific maps govern selection,final
.codex_backups/final_test_legacy_eval_20260623_015807/reports/figures/final_threshold_analysis.png,.png,119718,1782147683.2161257,temporary_or_cache,repository evidence,safe_delete_candidate,yes,no,heuristic audit; source-specific maps govern selection,final
.codex_backups/final_test_legacy_eval_20260623_015807/reports/figures/fold_threshold_distribution.png,.png,39189,1782147777.9418938,temporary_or_cache,repository evidence,safe_delete_candidate,yes,no,heuristic audit; source-specific maps govern selection,final
.codex_backups/final_test_legacy_eval_20260623_015807/reports/figures/missingness_by_feature_group.png,.png,84214,1782147401.4563568,temporary_or_cache,repository evidence,safe_delete_candidate,yes,no,heuristic audit; source-specific maps govern selection,final
.codex_backups/final_test_legacy_eval_20260623_015807/reports/figures/model_comparison.png,.png,66194,1781814248.442808,temporary_or_cache,repository evidence,safe_delete_candidate,yes,no,heuristic audit; source-specific maps govern selection,final
.codex_backups/final_test_legacy_eval_20260623_015807/reports/figures/model_comparison_metrics.png,.png,218707,1782147398.1837838,temporary_or_cache,repository evidence,safe_delete_candidate,yes,no,heuristic audit; source-specific maps govern selection,final
.codex_backups/final_test_legacy_eval_20260623_015807/reports/figures/optuna_medical_optimization_history.png,.png,96262,1782163200.65353,temporary_or_cache,repository evidence,safe_delete_candidate,yes,no,heuristic audit; source-specific maps govern selection,final
.codex_backups/final_test_legacy_eval_20260623_015807/reports/figures/optuna_param_importance.png,.png,53561,1782163201.9790804,temporary_or_cache,repository evidence,safe_delete_candidate,yes,no,heuristic audit; source-specific maps govern selection,final
.codex_backups/final_test_legacy_eval_20260623_015807/reports/figures/panel_confusion_matrices.png,.png,43663,1782147930.1929781,temporary_or_cache,repository evidence,safe_delete_candidate,yes,no,heuristic audit; source-specific maps govern selection,final
.codex_backups/final_test_legacy_eval_20260623_015807/reports/figures/panel_error_feature_distributions.png,.png,124442,1782147931.6973114,temporary_or_cache,repository evidence,safe_delete_candidate,yes,no,heuristic audit; source-specific maps govern selection,final
.codex_backups/final_test_legacy_eval_20260623_015807/reports/figures/phase10_before_after_comparison.png,.png,81403,1782147932.624202,temporary_or_cache,repository evidence,safe_delete_candidate,yes,no,heuristic audit; source-specific maps govern selection,final
.codex_backups/final_test_legacy_eval_20260623_015807/reports/figures/pr_curve_master.png,.png,114868,1782147379.9829757,temporary_or_cache,repository evidence,safe_delete_candidate,yes,no,heuristic audit; source-specific maps govern selection,final
.codex_backups/final_test_legacy_eval_20260623_015807/reports/figures/pr_curve_panel_unique.png,.png,154268,1782147381.00669,temporary_or_cache,repository evidence,safe_delete_candidate,yes,no,heuristic audit; source-specific maps govern selection,final
.codex_backups/final_test_legacy_eval_20260623_015807/reports/figures/roc_curve_master.png,.png,129207,1782147379.579544,temporary_or_cache,repository evidence,safe_delete_candidate,yes,no,heuristic audit; source-specific maps govern selection,final
.codex_backups/final_test_legacy_eval_20260623_015807/reports/figures/roc_curve_panel_unique.png,.png,147580,1782147380.4838297,temporary_or_cache,repository evidence,safe_delete_candidate,yes,no,heuristic audit; source-specific maps govern selection,final
.codex_backups/final_test_legacy_eval_20260623_015807/reports/figures/threshold_comparison.png,.png,25939,1781814247.7760203,temporary_or_cache,repository evidence,safe_delete_candidate,yes,no,heuristic audit; source-specific maps govern selection,final
.codex_backups/final_test_legacy_eval_20260623_015807/reports/figures/threshold_metric_curves.png,.png,119718,1782147683.2161257,temporary_or_cache,repository evidence,safe_delete_candidate,yes,no,heuristic audit; source-specific maps govern selection,final
.codex_backups/final_test_legacy_eval_20260623_015807/reports/figures/threshold_optimization.png,.png,220571,1782147397.3632097,temporary_or_cache,repository evidence,safe_delete_candidate,yes,no,heuristic audit; source-specific maps govern selection,final
.codex_backups/final_test_legacy_eval_20260623_015807/reports/figures/train_vs_validation_metrics.png,.png,106006,1781649291.6438367,temporary_or_cache,repository evidence,safe_delete_candidate,yes,no,heuristic audit; source-specific maps govern selection,final
.codex_backups/final_test_legacy_eval_20260623_015807/reports/master_prompt/ablation_fold_results.csv,.csv,11575,1781635061.6516545,temporary_or_cache,repository evidence,safe_delete_candidate,yes,no,heuristic audit; source-specific maps govern selection,final
.codex_backups/final_test_legacy_eval_20260623_015807/reports/master_prompt/ablation_summary.csv,.csv,3810,1781635061.655473,temporary_or_cache,repository evidence,safe_delete_candidate,yes,no,heuristic audit; source-specific maps govern selection,final
.codex_backups/final_test_legacy_eval_20260623_015807/reports/master_prompt/CFTR_unique_calibration.csv,.csv,657,1781635327.5407424,temporary_or_cache,repository evidence,safe_delete_candidate,yes,no,heuristic audit; source-specific maps govern selection,final
.codex_backups/final_test_legacy_eval_20260623_015807/reports/master_prompt/CFTR_unique_calibration_curve.png,.png,82766,1781635328.5456653,temporary_or_cache,repository evidence,safe_delete_candidate,yes,no,heuristic audit; source-specific maps govern selection,final
.codex_backups/final_test_legacy_eval_20260623_015807/reports/master_prompt/critical_implementation_checklist.csv,.csv,1950,1781635330.5066552,temporary_or_cache,repository evidence,safe_delete_candidate,yes,no,heuristic audit; source-specific maps govern selection,final
.codex_backups/final_test_legacy_eval_20260623_015807/reports/master_prompt/final_panel_unique_predictions.csv,.csv,19465,1781640133.454593,temporary_or_cache,repository evidence,safe_delete_candidate,yes,no,heuristic audit; source-specific maps govern selection,final
.codex_backups/final_test_legacy_eval_20260623_015807/reports/master_prompt/KANSER_unique_calibration.csv,.csv,751,1781635328.8510358,temporary_or_cache,repository evidence,safe_delete_candidate,yes,no,heuristic audit; source-specific maps govern selection,final
.codex_backups/final_test_legacy_eval_20260623_015807/reports/master_prompt/KANSER_unique_calibration_curve.png,.png,72375,1781635329.493229,temporary_or_cache,repository evidence,safe_delete_candidate,yes,no,heuristic audit; source-specific maps govern selection,final
.codex_backups/final_test_legacy_eval_20260623_015807/reports/master_prompt/l0_model_fold_metrics.csv,.csv,1359,1781635327.4511752,temporary_or_cache,repository evidence,safe_delete_candidate,yes,no,heuristic audit; source-specific maps govern selection,final
.codex_backups/final_test_legacy_eval_20260623_015807/reports/master_prompt/l0_model_summary.csv,.csv,590,1781635327.4572065,temporary_or_cache,repository evidence,safe_delete_candidate,yes,no,heuristic audit; source-specific maps govern selection,final
.codex_backups/final_test_legacy_eval_20260623_015807/reports/master_prompt/l0_stack_oof_predictions.csv,.csv,426464,1781635327.447146,temporary_or_cache,repository evidence,safe_delete_candidate,yes,no,heuristic audit; source-specific maps govern selection,final
.codex_backups/final_test_legacy_eval_20260623_015807/reports/master_prompt/lgbm_best_params_resumable.json,.json,291,1781640024.5522747,temporary_or_cache,repository evidence,safe_delete_candidate,yes,no,heuristic audit; source-specific maps govern selection,final
.codex_backups/final_test_legacy_eval_20260623_015807/reports/master_prompt/lgbm_optuna_convergence.png,.png,94800,1781640025.3221538,temporary_or_cache,repository evidence,safe_delete_candidate,yes,no,heuristic audit; source-specific maps govern selection,final
.codex_backups/final_test_legacy_eval_20260623_015807/reports/master_prompt/lgbm_optuna_trials_resumable.csv,.csv,16006,1781640024.5502603,temporary_or_cache,repository evidence,safe_delete_candidate,yes,no,heuristic audit; source-specific maps govern selection,final
.codex_backups/final_test_legacy_eval_20260623_015807/reports/master_prompt/lightgbm_oof_predictions.csv,.csv,140654,1781635061.6934474,temporary_or_cache,repository evidence,safe_delete_candidate,yes,no,heuristic audit; source-specific maps govern selection,final
.codex_backups/final_test_legacy_eval_20260623_015807/reports/master_prompt/MASTER_PROMPT_IMPLEMENTATION_REPORT.md,.md,11076,1781635330.6787632,temporary_or_cache,repository evidence,safe_delete_candidate,yes,no,heuristic audit; source-specific maps govern selection,final
.codex_backups/final_test_legacy_eval_20260623_015807/reports/master_prompt/optuna_lgbm_study.sqlite3,.sqlite3,454656,1782163177.3670416,temporary_or_cache,repository evidence,safe_delete_candidate,yes,no,heuristic audit; source-specific maps govern selection,final
.codex_backups/final_test_legacy_eval_20260623_015807/reports/master_prompt/overlap_summary.csv,.csv,483,1781634837.4360993,temporary_or_cache,repository evidence,safe_delete_candidate,yes,no,heuristic audit; source-specific maps govern selection,final
.codex_backups/final_test_legacy_eval_20260623_015807/reports/master_prompt/PAH_unique_calibration.csv,.csv,768,1781635329.6762788,temporary_or_cache,repository evidence,safe_delete_candidate,yes,no,heuristic audit; source-specific maps govern selection,final
.codex_backups/final_test_legacy_eval_20260623_015807/reports/master_prompt/PAH_unique_calibration_curve.png,.png,78342,1781635330.2689967,temporary_or_cache,repository evidence,safe_delete_candidate,yes,no,heuristic audit; source-specific maps govern selection,final
.codex_backups/final_test_legacy_eval_20260623_015807/reports/master_prompt/panel_unique_bootstrap_ci.csv,.csv,1537,1781635229.4142025,temporary_or_cache,repository evidence,safe_delete_candidate,yes,no,heuristic audit; source-specific maps govern selection,final
.codex_backups/final_test_legacy_eval_20260623_015807/reports/master_prompt/statistical_tests.csv,.csv,491,1781635330.496593,temporary_or_cache,repository evidence,safe_delete_candidate,yes,no,heuristic audit; source-specific maps govern selection,final
.codex_backups/final_test_legacy_eval_20260623_015807/reports/tables/acmg_feature_mapping.csv,.csv,616,1781630084.759918,temporary_or_cache,repository evidence,safe_delete_candidate,yes,no,heuristic audit; source-specific maps govern selection,final
.codex_backups/final_test_legacy_eval_20260623_015807/reports/tables/advanced_threshold_comparison.csv,.csv,25260,1782147662.4592743,temporary_or_cache,repository evidence,safe_delete_candidate,yes,no,heuristic audit; source-specific maps govern selection,final
.codex_backups/final_test_legacy_eval_20260623_015807/reports/tables/all_evaluation_metrics.csv,.csv,9901,1782147354.0372188,temporary_or_cache,repository evidence,safe_delete_candidate,yes,no,heuristic audit; source-specific maps govern selection,final
.codex_backups/final_test_legacy_eval_20260623_015807/reports/tables/baseline_results.csv,.csv,1922,1781814220.575037,temporary_or_cache,repository evidence,safe_delete_candidate,yes,no,heuristic audit; source-specific maps govern selection,final
.codex_backups/final_test_legacy_eval_20260623_015807/reports/tables/calibration_comparison.csv,.csv,3183,1782147855.817795,temporary_or_cache,repository evidence,safe_delete_candidate,yes,no,heuristic audit; source-specific maps govern selection,final
.codex_backups/final_test_legacy_eval_20260623_015807/reports/tables/calibration_decision_matrix.csv,.csv,2381,1782147932.8200006,temporary_or_cache,repository evidence,safe_delete_candidate,yes,no,heuristic audit; source-specific maps govern selection,final
.codex_backups/final_test_legacy_eval_20260623_015807/reports/tables/class_distribution_by_dataset.csv,.csv,329,1782147399.6743643,temporary_or_cache,repository evidence,safe_delete_candidate,yes,no,heuristic audit; source-specific maps govern selection,final
.codex_backups/final_test_legacy_eval_20260623_015807/reports/tables/correlation_matrix_top_features.csv,.csv,20678,1782147355.1251843,temporary_or_cache,repository evidence,safe_delete_candidate,yes,no,heuristic audit; source-specific maps govern selection,final
.codex_backups/final_test_legacy_eval_20260623_015807/reports/tables/dataset_summary.csv,.csv,251,1782147296.6833,temporary_or_cache,repository evidence,safe_delete_candidate,yes,no,heuristic audit; source-specific maps govern selection,final
.codex_backups/final_test_legacy_eval_20260623_015807/reports/tables/error_analysis.csv,.csv,4952,1781814248.7052252,temporary_or_cache,repository evidence,safe_delete_candidate,yes,no,heuristic audit; source-specific maps govern selection,final
.codex_backups/final_test_legacy_eval_20260623_015807/reports/tables/error_analysis_key_features.csv,.csv,1227,1782147425.331966,temporary_or_cache,repository evidence,safe_delete_candidate,yes,no,heuristic audit; source-specific maps govern selection,final
.codex_backups/final_test_legacy_eval_20260623_015807/reports/tables/experiment_comparison.csv,.csv,2707,1782147428.8716466,temporary_or_cache,repository evidence,safe_delete_candidate,yes,no,heuristic audit; source-specific maps govern selection,final
.codex_backups/final_test_legacy_eval_20260623_015807/reports/tables/feature_group_ablation_results.csv,.csv,2075,1782147856.699786,temporary_or_cache,repository evidence,safe_delete_candidate,yes,no,heuristic audit; source-specific maps govern selection,final
.codex_backups/final_test_legacy_eval_20260623_015807/reports/tables/feature_importance.csv,.csv,10363,1781630045.2625988,temporary_or_cache,repository evidence,safe_delete_candidate,yes,no,heuristic audit; source-specific maps govern selection,final
.codex_backups/final_test_legacy_eval_20260623_015807/reports/tables/feature_importance_top30.csv,.csv,837,1782147398.3214128,temporary_or_cache,repository evidence,safe_delete_candidate,yes,no,heuristic audit; source-specific maps govern selection,final
.codex_backups/final_test_legacy_eval_20260623_015807/reports/tables/final_acmg_feature_mapping.csv,.csv,2341,1782147942.4024675,temporary_or_cache,repository evidence,safe_delete_candidate,yes,no,heuristic audit; source-specific maps govern selection,final
.codex_backups/final_test_legacy_eval_20260623_015807/reports/tables/final_ensemble_comparison.csv,.csv,9108,1782146528.5594506,temporary_or_cache,repository evidence,safe_delete_candidate,yes,no,heuristic audit; source-specific maps govern selection,final
.codex_backups/final_test_legacy_eval_20260623_015807/reports/tables/final_ensemble_weights.csv,.csv,8258,1782146528.5654933,temporary_or_cache,repository evidence,safe_delete_candidate,yes,no,heuristic audit; source-specific maps govern selection,final
.codex_backups/final_test_legacy_eval_20260623_015807/reports/tables/final_error_group_feature_summary.csv,.csv,21766,1782147936.0494661,temporary_or_cache,repository evidence,safe_delete_candidate,yes,no,heuristic audit; source-specific maps govern selection,final
.codex_backups/final_test_legacy_eval_20260623_015807/reports/tables/final_evaluation_metrics.csv,.csv,1205,1782147892.9805043,temporary_or_cache,repository evidence,safe_delete_candidate,yes,no,heuristic audit; source-specific maps govern selection,final
.codex_backups/final_test_legacy_eval_20260623_015807/reports/tables/final_false_negative_cases.csv,.csv,37625,1782147936.1322055,temporary_or_cache,repository evidence,safe_delete_candidate,yes,no,heuristic audit; source-specific maps govern selection,final
.codex_backups/final_test_legacy_eval_20260623_015807/reports/tables/final_false_positive_cases.csv,.csv,61902,1782147936.1102235,temporary_or_cache,repository evidence,safe_delete_candidate,yes,no,heuristic audit; source-specific maps govern selection,final
.codex_backups/final_test_legacy_eval_20260623_015807/reports/tables/final_feature_importance_top30.csv,.csv,365,1782147940.6496737,temporary_or_cache,repository evidence,safe_delete_candidate,yes,no,heuristic audit; source-specific maps govern selection,final
.codex_backups/final_test_legacy_eval_20260623_015807/reports/tables/final_medical_metric_comparison.csv,.csv,3170,1782148044.723537,temporary_or_cache,repository evidence,safe_delete_candidate,yes,no,heuristic audit; source-specific maps govern selection,final
.codex_backups/final_test_legacy_eval_20260623_015807/reports/tables/final_metric_verification_audit.csv,.csv,596,1782147932.1936657,temporary_or_cache,repository evidence,safe_delete_candidate,yes,no,heuristic audit; source-specific maps govern selection,final
.codex_backups/final_test_legacy_eval_20260623_015807/reports/tables/final_model_selection_table.csv,.csv,5985,1782147857.3027718,temporary_or_cache,repository evidence,safe_delete_candidate,yes,no,heuristic audit; source-specific maps govern selection,final
.codex_backups/final_test_legacy_eval_20260623_015807/reports/tables/final_panel_specific_metrics.csv,.csv,1129,1782147938.903659,temporary_or_cache,repository evidence,safe_delete_candidate,yes,no,heuristic audit; source-specific maps govern selection,final
.codex_backups/final_test_legacy_eval_20260623_015807/reports/tables/final_selection_board.csv,.csv,17186,1782148100.7778134,temporary_or_cache,repository evidence,safe_delete_candidate,yes,no,heuristic audit; source-specific maps govern selection,final
.codex_backups/final_test_legacy_eval_20260623_015807/reports/tables/fold_threshold_stability.csv,.csv,5546,1782147777.546834,temporary_or_cache,repository evidence,safe_delete_candidate,yes,no,heuristic audit; source-specific maps govern selection,final
.codex_backups/final_test_legacy_eval_20260623_015807/reports/tables/main_model_cv_results.csv,.csv,3750,1781814247.9208121,temporary_or_cache,repository evidence,safe_delete_candidate,yes,no,heuristic audit; source-specific maps govern selection,final
.codex_backups/final_test_legacy_eval_20260623_015807/reports/tables/missingness_by_feature_group.csv,.csv,541,1782147400.9009173,temporary_or_cache,repository evidence,safe_delete_candidate,yes,no,heuristic audit; source-specific maps govern selection,final
.codex_backups/final_test_legacy_eval_20260623_015807/reports/tables/missingness_summary.csv,.csv,45816,1782147296.6921186,temporary_or_cache,repository evidence,safe_delete_candidate,yes,no,heuristic audit; source-specific maps govern selection,final
.codex_backups/final_test_legacy_eval_20260623_015807/reports/tables/model_comparison_metrics.csv,.csv,860,1782147397.5069828,temporary_or_cache,repository evidence,safe_delete_candidate,yes,no,heuristic audit; source-specific maps govern selection,final
.codex_backups/final_test_legacy_eval_20260623_015807/reports/tables/model_diagnosis_summary.csv,.csv,359,1782147429.1169934,temporary_or_cache,repository evidence,safe_delete_candidate,yes,no,heuristic audit; source-specific maps govern selection,final
.codex_backups/final_test_legacy_eval_20260623_015807/reports/tables/model_zoo_fold_metrics.csv,.csv,15198,1782093873.2036774,temporary_or_cache,repository evidence,safe_delete_candidate,yes,no,heuristic audit; source-specific maps govern selection,final
.codex_backups/final_test_legacy_eval_20260623_015807/reports/tables/model_zoo_metrics.csv,.csv,6526,1782093873.1980035,temporary_or_cache,repository evidence,safe_delete_candidate,yes,no,heuristic audit; source-specific maps govern selection,final
.codex_backups/final_test_legacy_eval_20260623_015807/reports/tables/optuna_before_after_comparison.csv,.csv,1182,1782163199.8518882,temporary_or_cache,repository evidence,safe_delete_candidate,yes,no,heuristic audit; source-specific maps govern selection,final
.codex_backups/final_test_legacy_eval_20260623_015807/reports/tables/optuna_medical_best_params.csv,.csv,332,1782163199.8478608,temporary_or_cache,repository evidence,safe_delete_candidate,yes,no,heuristic audit; source-specific maps govern selection,final
.codex_backups/final_test_legacy_eval_20260623_015807/reports/tables/optuna_medical_candidate_fold_metrics.csv,.csv,2484,1782163199.882495,temporary_or_cache,repository evidence,safe_delete_candidate,yes,no,heuristic audit; source-specific maps govern selection,final
.codex_backups/final_test_legacy_eval_20260623_015807/reports/tables/optuna_medical_candidate_overfitting_gaps.csv,.csv,356,1782163199.882495,temporary_or_cache,repository evidence,safe_delete_candidate,yes,no,heuristic audit; source-specific maps govern selection,final
.codex_backups/final_test_legacy_eval_20260623_015807/reports/tables/optuna_medical_trials.csv,.csv,34021,1782163199.8420792,temporary_or_cache,repository evidence,safe_delete_candidate,yes,no,heuristic audit; source-specific maps govern selection,final
.codex_backups/final_test_legacy_eval_20260623_015807/reports/tables/overfitting_gap_analysis.csv,.csv,5684,1781649289.5892336,temporary_or_cache,repository evidence,safe_delete_candidate,yes,no,heuristic audit; source-specific maps govern selection,final
.codex_backups/final_test_legacy_eval_20260623_015807/reports/tables/overlap_summary.csv,.csv,483,1782147296.7420583,temporary_or_cache,repository evidence,safe_delete_candidate,yes,no,heuristic audit; source-specific maps govern selection,final
.codex_backups/final_test_legacy_eval_20260623_015807/reports/tables/panel_generalization_results.csv,.csv,147,1781814248.6972253,temporary_or_cache,repository evidence,safe_delete_candidate,yes,no,heuristic audit; source-specific maps govern selection,final
.codex_backups/final_test_legacy_eval_20260623_015807/reports/tables/panel_specific_error_analysis.csv,.csv,42275,1782147929.5931165,temporary_or_cache,repository evidence,safe_delete_candidate,yes,no,heuristic audit; source-specific maps govern selection,final
.codex_backups/final_test_legacy_eval_20260623_015807/reports/tables/panel_unique_bootstrap_ci.csv,.csv,1513,1781645589.024821,temporary_or_cache,repository evidence,safe_delete_candidate,yes,no,heuristic audit; source-specific maps govern selection,final
.codex_backups/final_test_legacy_eval_20260623_015807/reports/tables/phase10_before_after_comparison.csv,.csv,1717,1782147932.2472045,temporary_or_cache,repository evidence,safe_delete_candidate,yes,no,heuristic audit; source-specific maps govern selection,final
.codex_backups/final_test_legacy_eval_20260623_015807/reports/tables/threshold_optimization.csv,.csv,14527,1782147396.6660054,temporary_or_cache,repository evidence,safe_delete_candidate,yes,no,heuristic audit; source-specific maps govern selection,final
.codex_backups/final_test_legacy_eval_20260623_015807/reports/tables/threshold_results.csv,.csv,170,1781814245.7454045,temporary_or_cache,repository evidence,safe_delete_candidate,yes,no,heuristic audit; source-specific maps govern selection,final
.codex_backups/final_test_legacy_eval_20260623_015807/reports/tables/validation_split_diagnostics.csv,.csv,375,1782147296.9464903,temporary_or_cache,repository evidence,safe_delete_candidate,yes,no,heuristic audit; source-specific maps govern selection,final
.codex_backups/final_test_legacy_eval_20260623_015807/reports/test_evaluation/test_data_discovery.md,.md,518,1782165459.0557702,temporary_or_cache,repository evidence,safe_delete_candidate,yes,no,heuristic audit; source-specific maps govern selection,final
.codex_backups/final_test_legacy_eval_20260623_015807/reports/eda/figures/al_pca_cumulative_variance.png,.png,58350,1781630786.4690588,temporary_or_cache,repository evidence,safe_delete_candidate,yes,no,heuristic audit; source-specific maps govern selection,final
.codex_backups/final_test_legacy_eval_20260623_015807/reports/eda/figures/eda_model_feature_alignment.png,.png,50241,1781640602.655391,temporary_or_cache,repository evidence,safe_delete_candidate,yes,no,heuristic audit; source-specific maps govern selection,final
.codex_backups/final_test_legacy_eval_20260623_015807/reports/eda/figures/ek_spearman_correlation.png,.png,50477,1781630779.0488303,temporary_or_cache,repository evidence,safe_delete_candidate,yes,no,heuristic audit; source-specific maps govern selection,final
.codex_backups/final_test_legacy_eval_20260623_015807/reports/eda/figures/missingness_top80.png,.png,128762,1781630775.3261528,temporary_or_cache,repository evidence,safe_delete_candidate,yes,no,heuristic audit; source-specific maps govern selection,final
.codex_backups/final_test_legacy_eval_20260623_015807/reports/eda/figures/top10_numeric_boxplots.png,.png,110355,1781630783.2628007,temporary_or_cache,repository evidence,safe_delete_candidate,yes,no,heuristic audit; source-specific maps govern selection,final
.codex_backups/final_test_legacy_eval_20260623_015807/reports/eda/tables/eda_model_feature_alignment.csv,.csv,30605,1781640602.8044558,temporary_or_cache,repository evidence,safe_delete_candidate,yes,no,heuristic audit; source-specific maps govern selection,final
.codex_backups/final_test_legacy_eval_20260623_015807/reports/eda/tables/eda_panel_model_alignment.csv,.csv,409,1781640602.8081698,temporary_or_cache,repository evidence,safe_delete_candidate,yes,no,heuristic audit; source-specific maps govern selection,final
.codex_backups/final_test_legacy_eval_20260623_015807/reports/eda/tables/eda_to_model_decision_bridge.csv,.csv,1639,1781640602.8121097,temporary_or_cache,repository evidence,safe_delete_candidate,yes,no,heuristic audit; source-specific maps govern selection,final
.codex_backups/final_test_legacy_eval_20260623_015807/reports/eda/tables/phase1_constant_near_constant.csv,.csv,1721,1781630773.9238548,temporary_or_cache,repository evidence,safe_delete_candidate,yes,no,heuristic audit; source-specific maps govern selection,final
.codex_backups/final_test_legacy_eval_20260623_015807/reports/eda/tables/phase1_missingness_bands.csv,.csv,65,1781630773.9911308,temporary_or_cache,repository evidence,safe_delete_candidate,yes,no,heuristic audit; source-specific maps govern selection,final
.codex_backups/final_test_legacy_eval_20260623_015807/reports/eda/tables/phase1_missingness_profile.csv,.csv,13688,1781630773.9891198,temporary_or_cache,repository evidence,safe_delete_candidate,yes,no,heuristic audit; source-specific maps govern selection,final
.codex_backups/final_test_legacy_eval_20260623_015807/reports/eda/tables/phase1_overlaps.csv,.csv,233,1781630773.5675411,temporary_or_cache,repository evidence,safe_delete_candidate,yes,no,heuristic audit; source-specific maps govern selection,final
.codex_backups/final_test_legacy_eval_20260623_015807/reports/eda/tables/phase1_schema_class_balance.csv,.csv,298,1781630773.416092,temporary_or_cache,repository evidence,safe_delete_candidate,yes,no,heuristic audit; source-specific maps govern selection,final
.codex_backups/final_test_legacy_eval_20260623_015807/reports/eda/tables/phase2_aa_frequency.csv,.csv,619,1781630779.245296,temporary_or_cache,repository evidence,safe_delete_candidate,yes,no,heuristic audit; source-specific maps govern selection,final
.codex_backups/final_test_legacy_eval_20260623_015807/reports/eda/tables/phase2_aa_nonstandard_codes.csv,.csv,127,1781630779.2690392,temporary_or_cache,repository evidence,safe_delete_candidate,yes,no,heuristic audit; source-specific maps govern selection,final
.codex_backups/final_test_legacy_eval_20260623_015807/reports/eda/tables/phase2_aa_pairs.csv,.csv,1205,1781630779.2570605,temporary_or_cache,repository evidence,safe_delete_candidate,yes,no,heuristic audit; source-specific maps govern selection,final
.codex_backups/final_test_legacy_eval_20260623_015807/reports/eda/tables/phase2_al_distribution_summary.csv,.csv,48880,1781630777.4938831,temporary_or_cache,repository evidence,safe_delete_candidate,yes,no,heuristic audit; source-specific maps govern selection,final
.codex_backups/final_test_legacy_eval_20260623_015807/reports/eda/tables/phase2_al_groups_by_n_notna.csv,.csv,384,1781630777.5041785,temporary_or_cache,repository evidence,safe_delete_candidate,yes,no,heuristic audit; source-specific maps govern selection,final
.codex_backups/final_test_legacy_eval_20260623_015807/reports/eda/tables/phase2_cat_label_rates.csv,.csv,4145,1781630778.41022,temporary_or_cache,repository evidence,safe_delete_candidate,yes,no,heuristic audit; source-specific maps govern selection,final
.codex_backups/final_test_legacy_eval_20260623_015807/reports/eda/tables/phase2_cat_summary.csv,.csv,280,1781630778.3998725,temporary_or_cache,repository evidence,safe_delete_candidate,yes,no,heuristic audit; source-specific maps govern selection,final
.codex_backups/final_test_legacy_eval_20260623_015807/reports/eda/tables/phase2_ek_spearman_correlation.csv,.csv,1535,1781630779.2364013,temporary_or_cache,repository evidence,safe_delete_candidate,yes,no,heuristic audit; source-specific maps govern selection,final
.codex_backups/final_test_legacy_eval_20260623_015807/reports/eda/tables/phase2_ek_summary.csv,.csv,1364,1781630778.446193,temporary_or_cache,repository evidence,safe_delete_candidate,yes,no,heuristic audit; source-specific maps govern selection,final
.codex_backups/final_test_legacy_eval_20260623_015807/reports/eda/tables/phase3_missingness_as_feature.csv,.csv,36720,1781630785.1929584,temporary_or_cache,repository evidence,safe_delete_candidate,yes,no,heuristic audit; source-specific maps govern selection,final
.codex_backups/final_test_legacy_eval_20260623_015807/reports/eda/tables/phase3_numeric_auc_ranked.csv,.csv,28559,1781630781.3051312,temporary_or_cache,repository evidence,safe_delete_candidate,yes,no,heuristic audit; source-specific maps govern selection,final
.codex_backups/final_test_legacy_eval_20260623_015807/reports/eda/tables/phase4_al_pca.csv,.csv,974,1781630786.614694,temporary_or_cache,repository evidence,safe_delete_candidate,yes,no,heuristic audit; source-specific maps govern selection,final
.codex_backups/final_test_legacy_eval_20260623_015807/reports/eda/tables/phase4_al_triplet_correlations.csv,.csv,8540,1781630785.4436731,temporary_or_cache,repository evidence,safe_delete_candidate,yes,no,heuristic audit; source-specific maps govern selection,final
.codex_backups/final_test_legacy_eval_20260623_015807/reports/eda/tables/phase4_cross_group_spearman.csv,.csv,4537,1781630785.5100904,temporary_or_cache,repository evidence,safe_delete_candidate,yes,no,heuristic audit; source-specific maps govern selection,final
.codex_backups/final_test_legacy_eval_20260623_015807/reports/eda/tables/phase4_high_cross_group_correlations.csv,.csv,173,1781630785.5169148,temporary_or_cache,repository evidence,safe_delete_candidate,yes,no,heuristic audit; source-specific maps govern selection,final
.codex_backups/final_test_legacy_eval_20260623_015807/reports/eda/tables/phase4_leakage_suspects.csv,.csv,79,1781630786.6188467,temporary_or_cache,repository evidence,safe_delete_candidate,yes,no,heuristic audit; source-specific maps govern selection,final
.codex_backups/final_test_legacy_eval_20260623_015807/reports/eda/tables/phase5_panel_unique_vs_shared.csv,.csv,536,1781630787.8501284,temporary_or_cache,repository evidence,safe_delete_candidate,yes,no,heuristic audit; source-specific maps govern selection,final
.codex_backups/final_test_legacy_eval_20260623_015807/reports/eda/tables/phase5_top10_cross_dataset_shift.csv,.csv,4119,1781630787.057578,temporary_or_cache,repository evidence,safe_delete_candidate,yes,no,heuristic audit; source-specific maps govern selection,final
.codex_backups/final_test_legacy_eval_20260623_015807/reports/eda/tables/phase6_acmg_interpretation.csv,.csv,3298,1781630787.8564482,temporary_or_cache,repository evidence,safe_delete_candidate,yes,no,heuristic audit; source-specific maps govern selection,final
.codex_backups/final_test_legacy_eval_20260623_015807/reports/eda_notebook_outputs/figures/al_pca_cumulative_variance.png,.png,58350,1781631304.4450939,temporary_or_cache,repository evidence,safe_delete_candidate,yes,no,heuristic audit; source-specific maps govern selection,final
.codex_backups/final_test_legacy_eval_20260623_015807/reports/eda_notebook_outputs/figures/ek_spearman_correlation.png,.png,50477,1781631291.0614507,temporary_or_cache,repository evidence,safe_delete_candidate,yes,no,heuristic audit; source-specific maps govern selection,final
.codex_backups/final_test_legacy_eval_20260623_015807/reports/eda_notebook_outputs/figures/missingness_top80.png,.png,130462,1781631284.9772508,temporary_or_cache,repository evidence,safe_delete_candidate,yes,no,heuristic audit; source-specific maps govern selection,final
.codex_backups/final_test_legacy_eval_20260623_015807/reports/eda_notebook_outputs/figures/top10_numeric_boxplots.png,.png,110355,1781631299.9254391,temporary_or_cache,repository evidence,safe_delete_candidate,yes,no,heuristic audit; source-specific maps govern selection,final
.codex_backups/final_test_legacy_eval_20260623_015807/reports/eda_notebook_outputs/tables/phase1_constant_near_constant.csv,.csv,1721,1781631283.7849038,temporary_or_cache,repository evidence,safe_delete_candidate,yes,no,heuristic audit; source-specific maps govern selection,final
.codex_backups/final_test_legacy_eval_20260623_015807/reports/eda_notebook_outputs/tables/phase1_missingness_profile.csv,.csv,13688,1781631283.8422153,temporary_or_cache,repository evidence,safe_delete_candidate,yes,no,heuristic audit; source-specific maps govern selection,final
.codex_backups/final_test_legacy_eval_20260623_015807/reports/eda_notebook_outputs/tables/phase1_overlaps.csv,.csv,233,1781631283.4980545,temporary_or_cache,repository evidence,safe_delete_candidate,yes,no,heuristic audit; source-specific maps govern selection,final
.codex_backups/final_test_legacy_eval_20260623_015807/reports/eda_notebook_outputs/tables/phase1_schema_class_balance.csv,.csv,298,1781631283.297918,temporary_or_cache,repository evidence,safe_delete_candidate,yes,no,heuristic audit; source-specific maps govern selection,final
.codex_backups/final_test_legacy_eval_20260623_015807/reports/eda_notebook_outputs/tables/phase2_aa_frequency.csv,.csv,619,1781631291.5290456,temporary_or_cache,repository evidence,safe_delete_candidate,yes,no,heuristic audit; source-specific maps govern selection,final
.codex_backups/final_test_legacy_eval_20260623_015807/reports/eda_notebook_outputs/tables/phase2_aa_pairs.csv,.csv,1205,1781631291.5483415,temporary_or_cache,repository evidence,safe_delete_candidate,yes,no,heuristic audit; source-specific maps govern selection,final
.codex_backups/final_test_legacy_eval_20260623_015807/reports/eda_notebook_outputs/tables/phase2_al_distribution_summary.csv,.csv,48880,1781631288.9183722,temporary_or_cache,repository evidence,safe_delete_candidate,yes,no,heuristic audit; source-specific maps govern selection,final
.codex_backups/final_test_legacy_eval_20260623_015807/reports/eda_notebook_outputs/tables/phase2_al_groups_by_n_notna.csv,.csv,384,1781631288.9375405,temporary_or_cache,repository evidence,safe_delete_candidate,yes,no,heuristic audit; source-specific maps govern selection,final
.codex_backups/final_test_legacy_eval_20260623_015807/reports/eda_notebook_outputs/tables/phase2_cat_label_rates.csv,.csv,4145,1781631290.2956016,temporary_or_cache,repository evidence,safe_delete_candidate,yes,no,heuristic audit; source-specific maps govern selection,final
.codex_backups/final_test_legacy_eval_20260623_015807/reports/eda_notebook_outputs/tables/phase2_cat_summary.csv,.csv,280,1781631290.290273,temporary_or_cache,repository evidence,safe_delete_candidate,yes,no,heuristic audit; source-specific maps govern selection,final
.codex_backups/final_test_legacy_eval_20260623_015807/reports/eda_notebook_outputs/tables/phase2_ek_spearman_correlation.csv,.csv,1535,1781631290.457364,temporary_or_cache,repository evidence,safe_delete_candidate,yes,no,heuristic audit; source-specific maps govern selection,final
.codex_backups/final_test_legacy_eval_20260623_015807/reports/eda_notebook_outputs/tables/phase2_ek_summary.csv,.csv,1364,1781631290.395697,temporary_or_cache,repository evidence,safe_delete_candidate,yes,no,heuristic audit; source-specific maps govern selection,final
.codex_backups/final_test_legacy_eval_20260623_015807/reports/eda_notebook_outputs/tables/phase3_missingness_as_feature.csv,.csv,29754,1781631296.769734,temporary_or_cache,repository evidence,safe_delete_candidate,yes,no,heuristic audit; source-specific maps govern selection,final
.codex_backups/final_test_legacy_eval_20260623_015807/reports/eda_notebook_outputs/tables/phase3_numeric_auc_ranked.csv,.csv,28559,1781631294.83849,temporary_or_cache,repository evidence,safe_delete_candidate,yes,no,heuristic audit; source-specific maps govern selection,final
.codex_backups/final_test_legacy_eval_20260623_015807/reports/eda_notebook_outputs/tables/phase4_al_pca.csv,.csv,974,1781631303.8631487,temporary_or_cache,repository evidence,safe_delete_candidate,yes,no,heuristic audit; source-specific maps govern selection,final
.codex_backups/final_test_legacy_eval_20260623_015807/reports/eda_notebook_outputs/tables/phase4_al_triplet_correlations.csv,.csv,8540,1781631302.969027,temporary_or_cache,repository evidence,safe_delete_candidate,yes,no,heuristic audit; source-specific maps govern selection,final
.codex_backups/final_test_legacy_eval_20260623_015807/reports/eda_notebook_outputs/tables/phase4_cross_group_spearman.csv,.csv,4537,1781631303.1294737,temporary_or_cache,repository evidence,safe_delete_candidate,yes,no,heuristic audit; source-specific maps govern selection,final
.codex_backups/final_test_legacy_eval_20260623_015807/reports/eda_notebook_outputs/tables/phase4_high_cross_group_correlations.csv,.csv,173,1781631303.1456125,temporary_or_cache,repository evidence,safe_delete_candidate,yes,no,heuristic audit; source-specific maps govern selection,final
.codex_backups/final_test_legacy_eval_20260623_015807/reports/eda_notebook_outputs/tables/phase4_leakage_suspects.csv,.csv,79,1781631304.8152707,temporary_or_cache,repository evidence,safe_delete_candidate,yes,no,heuristic audit; source-specific maps govern selection,final
.codex_backups/final_test_legacy_eval_20260623_015807/reports/eda_notebook_outputs/tables/phase5_panel_unique_vs_shared.csv,.csv,536,1781631306.7685204,temporary_or_cache,repository evidence,safe_delete_candidate,yes,no,heuristic audit; source-specific maps govern selection,final
.codex_backups/final_test_legacy_eval_20260623_015807/reports/eda_notebook_outputs/tables/phase5_top10_cross_dataset_shift.csv,.csv,4119,1781631305.1784267,temporary_or_cache,repository evidence,safe_delete_candidate,yes,no,heuristic audit; source-specific maps govern selection,final
.codex_backups/final_test_legacy_eval_20260623_015807/reports/eda_notebook_outputs/tables/phase6_acmg_interpretation.csv,.csv,3298,1781631306.8861322,temporary_or_cache,repository evidence,safe_delete_candidate,yes,no,heuristic audit; source-specific maps govern selection,final
.codex_backups/final_test_legacy_eval_20260623_015807/reports/figures/experiments/experiment_001_initial/advanced_threshold_comparison.png,.png,86591,1781648679.3485985,temporary_or_cache,repository evidence,safe_delete_candidate,yes,no,heuristic audit; source-specific maps govern selection,final
.codex_backups/final_test_legacy_eval_20260623_015807/reports/figures/experiments/experiment_001_initial/brier_logloss_comparison.png,.png,42803,1781648782.9654033,temporary_or_cache,repository evidence,safe_delete_candidate,yes,no,heuristic audit; source-specific maps govern selection,final
.codex_backups/final_test_legacy_eval_20260623_015807/reports/figures/experiments/experiment_001_initial/calibration_curves.png,.png,127938,1781648782.5050404,temporary_or_cache,repository evidence,safe_delete_candidate,yes,no,heuristic audit; source-specific maps govern selection,final
.codex_backups/final_test_legacy_eval_20260623_015807/reports/figures/experiments/experiment_001_initial/class_distribution_by_dataset.png,.png,136109,1781646603.7564251,temporary_or_cache,repository evidence,safe_delete_candidate,yes,no,heuristic audit; source-specific maps govern selection,final
.codex_backups/final_test_legacy_eval_20260623_015807/reports/figures/experiments/experiment_001_initial/confusion_matrix_cftr_unique.png,.png,84102,1781646581.319234,temporary_or_cache,repository evidence,safe_delete_candidate,yes,no,heuristic audit; source-specific maps govern selection,final
.codex_backups/final_test_legacy_eval_20260623_015807/reports/figures/experiments/experiment_001_initial/confusion_matrix_kanser_unique.png,.png,92877,1781646579.426136,temporary_or_cache,repository evidence,safe_delete_candidate,yes,no,heuristic audit; source-specific maps govern selection,final
.codex_backups/final_test_legacy_eval_20260623_015807/reports/figures/experiments/experiment_001_initial/confusion_matrix_master.png,.png,108099,1781646578.6262467,temporary_or_cache,repository evidence,safe_delete_candidate,yes,no,heuristic audit; source-specific maps govern selection,final
.codex_backups/final_test_legacy_eval_20260623_015807/reports/figures/experiments/experiment_001_initial/confusion_matrix_pah_unique.png,.png,89661,1781646580.3159144,temporary_or_cache,repository evidence,safe_delete_candidate,yes,no,heuristic audit; source-specific maps govern selection,final
.codex_backups/final_test_legacy_eval_20260623_015807/reports/figures/experiments/experiment_001_initial/confusion_matrix_panel_unique_combined.png,.png,95487,1781646582.2441325,temporary_or_cache,repository evidence,safe_delete_candidate,yes,no,heuristic audit; source-specific maps govern selection,final
.codex_backups/final_test_legacy_eval_20260623_015807/reports/figures/experiments/experiment_001_initial/correlation_matrix_top_features.png,.png,335912,1781646562.866516,temporary_or_cache,repository evidence,safe_delete_candidate,yes,no,heuristic audit; source-specific maps govern selection,final
.codex_backups/final_test_legacy_eval_20260623_015807/reports/figures/experiments/experiment_001_initial/error_analysis_key_features.png,.png,184959,1781646623.563907,temporary_or_cache,repository evidence,safe_delete_candidate,yes,no,heuristic audit; source-specific maps govern selection,final
.codex_backups/final_test_legacy_eval_20260623_015807/reports/figures/experiments/experiment_001_initial/feature_group_ablation_comparison.png,.png,105542,1781649292.901658,temporary_or_cache,repository evidence,safe_delete_candidate,yes,no,heuristic audit; source-specific maps govern selection,final
.codex_backups/final_test_legacy_eval_20260623_015807/reports/figures/experiments/experiment_001_initial/feature_importance.png,.png,62847,1781630045.6815517,temporary_or_cache,repository evidence,safe_delete_candidate,yes,no,heuristic audit; source-specific maps govern selection,final
.codex_backups/final_test_legacy_eval_20260623_015807/reports/figures/experiments/experiment_001_initial/feature_importance_top30.png,.png,152299,1781646602.8577204,temporary_or_cache,repository evidence,safe_delete_candidate,yes,no,heuristic audit; source-specific maps govern selection,final
.codex_backups/final_test_legacy_eval_20260623_015807/reports/figures/experiments/experiment_001_initial/final_calibration_curve.png,.png,127938,1781648782.5050404,temporary_or_cache,repository evidence,safe_delete_candidate,yes,no,heuristic audit; source-specific maps govern selection,final
.codex_backups/final_test_legacy_eval_20260623_015807/reports/figures/experiments/experiment_001_initial/final_calibration_decision_plot.png,.png,57585,1781812257.5306861,temporary_or_cache,repository evidence,safe_delete_candidate,yes,no,heuristic audit; source-specific maps govern selection,final
.codex_backups/final_test_legacy_eval_20260623_015807/reports/figures/experiments/experiment_001_initial/final_confusion_matrix_master.png,.png,108099,1781648478.546499,temporary_or_cache,repository evidence,safe_delete_candidate,yes,no,heuristic audit; source-specific maps govern selection,final
.codex_backups/final_test_legacy_eval_20260623_015807/reports/figures/experiments/experiment_001_initial/final_error_group_feature_distributions.png,.png,87133,1781812167.5157337,temporary_or_cache,repository evidence,safe_delete_candidate,yes,no,heuristic audit; source-specific maps govern selection,final
.codex_backups/final_test_legacy_eval_20260623_015807/reports/figures/experiments/experiment_001_initial/final_feature_importance.png,.png,62847,1781630045.6815517,temporary_or_cache,repository evidence,safe_delete_candidate,yes,no,heuristic audit; source-specific maps govern selection,final
.codex_backups/final_test_legacy_eval_20260623_015807/reports/figures/experiments/experiment_001_initial/final_feature_importance_top30.png,.png,87821,1781812171.2410417,temporary_or_cache,repository evidence,safe_delete_candidate,yes,no,heuristic audit; source-specific maps govern selection,final
.codex_backups/final_test_legacy_eval_20260623_015807/reports/figures/experiments/experiment_001_initial/final_fp_fn_feature_contrast.png,.png,61488,1781812168.211178,temporary_or_cache,repository evidence,safe_delete_candidate,yes,no,heuristic audit; source-specific maps govern selection,final
.codex_backups/final_test_legacy_eval_20260623_015807/reports/figures/experiments/experiment_001_initial/final_model_comparison.png,.png,107813,1781646625.9793649,temporary_or_cache,repository evidence,safe_delete_candidate,yes,no,heuristic audit; source-specific maps govern selection,final
.codex_backups/final_test_legacy_eval_20260623_015807/reports/figures/experiments/experiment_001_initial/final_panel_specific_confusion_matrices.png,.png,36958,1781812170.2258584,temporary_or_cache,repository evidence,safe_delete_candidate,yes,no,heuristic audit; source-specific maps govern selection,final
.codex_backups/final_test_legacy_eval_20260623_015807/reports/figures/experiments/experiment_001_initial/final_panel_specific_metric_comparison.png,.png,61429,1781812169.16269,temporary_or_cache,repository evidence,safe_delete_candidate,yes,no,heuristic audit; source-specific maps govern selection,final
.codex_backups/final_test_legacy_eval_20260623_015807/reports/figures/experiments/experiment_001_initial/final_pr_curve_master.png,.png,114868,1781648482.0984569,temporary_or_cache,repository evidence,safe_delete_candidate,yes,no,heuristic audit; source-specific maps govern selection,final
.codex_backups/final_test_legacy_eval_20260623_015807/reports/figures/experiments/experiment_001_initial/final_roc_curve_master.png,.png,129207,1781648481.5066822,temporary_or_cache,repository evidence,safe_delete_candidate,yes,no,heuristic audit; source-specific maps govern selection,final
.codex_backups/final_test_legacy_eval_20260623_015807/reports/figures/experiments/experiment_001_initial/final_threshold_analysis.png,.png,119718,1781648678.5715191,temporary_or_cache,repository evidence,safe_delete_candidate,yes,no,heuristic audit; source-specific maps govern selection,final
.codex_backups/final_test_legacy_eval_20260623_015807/reports/figures/experiments/experiment_001_initial/fold_threshold_distribution.png,.png,39189,1781648736.6026633,temporary_or_cache,repository evidence,safe_delete_candidate,yes,no,heuristic audit; source-specific maps govern selection,final
.codex_backups/final_test_legacy_eval_20260623_015807/reports/figures/experiments/experiment_001_initial/missingness_by_feature_group.png,.png,84214,1781646604.5893722,temporary_or_cache,repository evidence,safe_delete_candidate,yes,no,heuristic audit; source-specific maps govern selection,final
.codex_backups/final_test_legacy_eval_20260623_015807/reports/figures/experiments/experiment_001_initial/model_comparison.png,.png,66194,1781645351.620504,temporary_or_cache,repository evidence,safe_delete_candidate,yes,no,heuristic audit; source-specific maps govern selection,final
.codex_backups/final_test_legacy_eval_20260623_015807/reports/figures/experiments/experiment_001_initial/model_comparison_metrics.png,.png,218707,1781646601.4989383,temporary_or_cache,repository evidence,safe_delete_candidate,yes,no,heuristic audit; source-specific maps govern selection,final
.codex_backups/final_test_legacy_eval_20260623_015807/reports/figures/experiments/experiment_001_initial/optuna_medical_optimization_history.png,.png,96262,1782163200.65353,temporary_or_cache,repository evidence,safe_delete_candidate,yes,no,heuristic audit; source-specific maps govern selection,final
.codex_backups/final_test_legacy_eval_20260623_015807/reports/figures/experiments/experiment_001_initial/optuna_param_importance.png,.png,53561,1782163201.9790804,temporary_or_cache,repository evidence,safe_delete_candidate,yes,no,heuristic audit; source-specific maps govern selection,final
.codex_backups/final_test_legacy_eval_20260623_015807/reports/figures/experiments/experiment_001_initial/panel_confusion_matrices.png,.png,43865,1781649295.7342422,temporary_or_cache,repository evidence,safe_delete_candidate,yes,no,heuristic audit; source-specific maps govern selection,final
.codex_backups/final_test_legacy_eval_20260623_015807/reports/figures/experiments/experiment_001_initial/panel_error_feature_distributions.png,.png,124442,1781649298.618883,temporary_or_cache,repository evidence,safe_delete_candidate,yes,no,heuristic audit; source-specific maps govern selection,final
.codex_backups/final_test_legacy_eval_20260623_015807/reports/figures/experiments/experiment_001_initial/phase10_before_after_comparison.png,.png,81403,1781812162.20112,temporary_or_cache,repository evidence,safe_delete_candidate,yes,no,heuristic audit; source-specific maps govern selection,final
.codex_backups/final_test_legacy_eval_20260623_015807/reports/figures/experiments/experiment_001_initial/pr_curve_master.png,.png,114868,1781646583.651016,temporary_or_cache,repository evidence,safe_delete_candidate,yes,no,heuristic audit; source-specific maps govern selection,final
.codex_backups/final_test_legacy_eval_20260623_015807/reports/figures/experiments/experiment_001_initial/pr_curve_panel_unique.png,.png,154268,1781646585.9427228,temporary_or_cache,repository evidence,safe_delete_candidate,yes,no,heuristic audit; source-specific maps govern selection,final
.codex_backups/final_test_legacy_eval_20260623_015807/reports/figures/experiments/experiment_001_initial/roc_curve_master.png,.png,129207,1781646582.9820454,temporary_or_cache,repository evidence,safe_delete_candidate,yes,no,heuristic audit; source-specific maps govern selection,final
.codex_backups/final_test_legacy_eval_20260623_015807/reports/figures/experiments/experiment_001_initial/roc_curve_panel_unique.png,.png,147580,1781646584.615459,temporary_or_cache,repository evidence,safe_delete_candidate,yes,no,heuristic audit; source-specific maps govern selection,final
.codex_backups/final_test_legacy_eval_20260623_015807/reports/figures/experiments/experiment_001_initial/threshold_comparison.png,.png,25939,1781645351.0591152,temporary_or_cache,repository evidence,safe_delete_candidate,yes,no,heuristic audit; source-specific maps govern selection,final
.codex_backups/final_test_legacy_eval_20260623_015807/reports/figures/experiments/experiment_001_initial/threshold_metric_curves.png,.png,119718,1781648678.5715191,temporary_or_cache,repository evidence,safe_delete_candidate,yes,no,heuristic audit; source-specific maps govern selection,final
.codex_backups/final_test_legacy_eval_20260623_015807/reports/figures/experiments/experiment_001_initial/threshold_optimization.png,.png,220571,1781646600.2217436,temporary_or_cache,repository evidence,safe_delete_candidate,yes,no,heuristic audit; source-specific maps govern selection,final
.codex_backups/final_test_legacy_eval_20260623_015807/reports/figures/experiments/experiment_001_initial/train_vs_validation_metrics.png,.png,106006,1781649291.6438367,temporary_or_cache,repository evidence,safe_delete_candidate,yes,no,heuristic audit; source-specific maps govern selection,final
.codex_backups/final_test_legacy_eval_20260623_015807/reports/test_evaluation/tables/test_schema_audit.csv,.csv,2,1782165459.0557702,temporary_or_cache,repository evidence,safe_delete_candidate,yes,no,heuristic audit; source-specific maps govern selection,final
.codex_backups/optuna_legacy_eval_20260623_012155/reports/calibration_decision_review.md,.md,2787,1782147933.5918183,temporary_or_cache,repository evidence,safe_delete_candidate,yes,no,heuristic audit; source-specific maps govern selection,experiment
.codex_backups/optuna_legacy_eval_20260623_012155/reports/current_results_verification.md,.md,995,1782147430.3789842,temporary_or_cache,repository evidence,safe_delete_candidate,yes,no,heuristic audit; source-specific maps govern selection,experiment
.codex_backups/optuna_legacy_eval_20260623_012155/reports/final_competition_repository_audit.md,.md,3199,1782090631.6151571,temporary_or_cache,repository evidence,safe_delete_candidate,yes,no,heuristic audit; source-specific maps govern selection,final
.codex_backups/optuna_legacy_eval_20260623_012155/reports/final_ensemble_decision.md,.md,2732,1782146528.6782124,temporary_or_cache,repository evidence,safe_delete_candidate,yes,no,heuristic audit; source-specific maps govern selection,final
.codex_backups/optuna_legacy_eval_20260623_012155/reports/final_feature_interpretation.md,.md,705,1782147942.4105022,temporary_or_cache,repository evidence,safe_delete_candidate,yes,no,heuristic audit; source-specific maps govern selection,final
.codex_backups/optuna_legacy_eval_20260623_012155/reports/final_inference_audit.md,.md,215,1782160826.9848852,temporary_or_cache,repository evidence,safe_delete_candidate,yes,no,heuristic audit; source-specific maps govern selection,final
.codex_backups/optuna_legacy_eval_20260623_012155/reports/final_medical_metric_summary.md,.md,2908,1782148044.9539545,temporary_or_cache,repository evidence,safe_delete_candidate,yes,no,heuristic audit; source-specific maps govern selection,final
.codex_backups/optuna_legacy_eval_20260623_012155/reports/final_metric_verification_audit.md,.md,1453,1782147932.2306952,temporary_or_cache,repository evidence,safe_delete_candidate,yes,no,heuristic audit; source-specific maps govern selection,final
.codex_backups/optuna_legacy_eval_20260623_012155/reports/final_model_report_summary.md,.md,3708,1782147942.7848809,temporary_or_cache,repository evidence,safe_delete_candidate,yes,no,heuristic audit; source-specific maps govern selection,final
.codex_backups/optuna_legacy_eval_20260623_012155/reports/final_model_selection_decision.md,.md,11407,1782148101.1590407,temporary_or_cache,repository evidence,safe_delete_candidate,yes,no,heuristic audit; source-specific maps govern selection,final
.codex_backups/optuna_legacy_eval_20260623_012155/reports/final_model_strength_statement.md,.md,753,1782147942.4273064,temporary_or_cache,repository evidence,safe_delete_candidate,yes,no,heuristic audit; source-specific maps govern selection,final
.codex_backups/optuna_legacy_eval_20260623_012155/reports/final_performance_analysis.md,.md,3527,1782147942.5267177,temporary_or_cache,repository evidence,safe_delete_candidate,yes,no,heuristic audit; source-specific maps govern selection,final
.codex_backups/optuna_legacy_eval_20260623_012155/reports/implementation_checklist.md,.md,5485,1782090175.7022004,temporary_or_cache,repository evidence,safe_delete_candidate,yes,no,heuristic audit; source-specific maps govern selection,experiment
.codex_backups/optuna_legacy_eval_20260623_012155/reports/model_diagnosis.md,.md,393,1782147429.1190252,temporary_or_cache,repository evidence,safe_delete_candidate,yes,no,heuristic audit; source-specific maps govern selection,experiment
.codex_backups/optuna_legacy_eval_20260623_012155/reports/model_performance_audit.md,.md,2735,1781816073.5849152,temporary_or_cache,repository evidence,safe_delete_candidate,yes,no,heuristic audit; source-specific maps govern selection,experiment
.codex_backups/optuna_legacy_eval_20260623_012155/reports/model_performance_improvement_report.md,.md,6204,1781816073.7071764,temporary_or_cache,repository evidence,safe_delete_candidate,yes,no,heuristic audit; source-specific maps govern selection,experiment
.codex_backups/optuna_legacy_eval_20260623_012155/reports/model_zoo_summary.md,.md,1878,1782093873.2478733,temporary_or_cache,repository evidence,safe_delete_candidate,yes,no,heuristic audit; source-specific maps govern selection,experiment
.codex_backups/optuna_legacy_eval_20260623_012155/reports/optuna_medical_optimization_report.md,.md,3682,1782163202.5311084,temporary_or_cache,repository evidence,safe_delete_candidate,yes,no,heuristic audit; source-specific maps govern selection,experiment
.codex_backups/optuna_legacy_eval_20260623_012155/reports/panel_specific_final_interpretation.md,.md,549,1782147940.5924537,temporary_or_cache,repository evidence,safe_delete_candidate,yes,no,heuristic audit; source-specific maps govern selection,final
.codex_backups/optuna_legacy_eval_20260623_012155/artifacts/metrics/feature_list.json,.json,5696,1782147297.9536505,temporary_or_cache,repository evidence,safe_delete_candidate,yes,no,heuristic audit; source-specific maps govern selection,experiment
.codex_backups/optuna_legacy_eval_20260623_012155/artifacts/metrics/final_config.json,.json,712,1782147892.9883006,temporary_or_cache,repository evidence,safe_delete_candidate,yes,no,heuristic audit; source-specific maps govern selection,final
.codex_backups/optuna_legacy_eval_20260623_012155/artifacts/metrics/final_feature_list.json,.json,5696,1782147297.9536505,temporary_or_cache,repository evidence,safe_delete_candidate,yes,no,heuristic audit; source-specific maps govern selection,final
.codex_backups/optuna_legacy_eval_20260623_012155/artifacts/metrics/final_metrics.json,.json,1465,1782147892.9862876,temporary_or_cache,repository evidence,safe_delete_candidate,yes,no,heuristic audit; source-specific maps govern selection,final
.codex_backups/optuna_legacy_eval_20260623_012155/artifacts/metrics/final_model_decision.json,.json,7382,1782148100.8135684,temporary_or_cache,repository evidence,safe_delete_candidate,yes,no,heuristic audit; source-specific maps govern selection,final
.codex_backups/optuna_legacy_eval_20260623_012155/artifacts/metrics/final_threshold.json,.json,250,1782147892.9842708,temporary_or_cache,repository evidence,safe_delete_candidate,yes,no,heuristic audit; source-specific maps govern selection,final
.codex_backups/optuna_legacy_eval_20260623_012155/artifacts/metrics/optuna_medical_best_params.json,.json,2766,1782163202.0827844,temporary_or_cache,repository evidence,safe_delete_candidate,yes,no,heuristic audit; source-specific maps govern selection,experiment
.codex_backups/optuna_legacy_eval_20260623_012155/artifacts/models/final_model.pkl,.pkl,1217444,1782147892.9573295,temporary_or_cache,repository evidence,safe_delete_candidate,yes,no,heuristic audit; source-specific maps govern selection,final
.codex_backups/optuna_legacy_eval_20260623_012155/artifacts/models/final_model_columns.txt,.txt,3495,1782147892.9724417,temporary_or_cache,repository evidence,safe_delete_candidate,yes,no,heuristic audit; source-specific maps govern selection,final
.codex_backups/optuna_legacy_eval_20260623_012155/artifacts/models/lightgbm_final.joblib,.joblib,9797876,1781640132.795956,temporary_or_cache,repository evidence,safe_delete_candidate,yes,no,heuristic audit; source-specific maps govern selection,final
.codex_backups/optuna_legacy_eval_20260623_012155/artifacts/models/model_columns.txt,.txt,3495,1781640132.7989454,temporary_or_cache,repository evidence,safe_delete_candidate,yes,no,heuristic audit; source-specific maps govern selection,experiment
.codex_backups/optuna_legacy_eval_20260623_012155/artifacts/predictions/final_ensemble_oof_predictions.csv,.csv,408134,1782146528.5375645,temporary_or_cache,repository evidence,safe_delete_candidate,yes,no,heuristic audit; source-specific maps govern selection,final
.codex_backups/optuna_legacy_eval_20260623_012155/artifacts/predictions/final_ensemble_panel_predictions.csv,.csv,52933,1782146528.5534077,temporary_or_cache,repository evidence,safe_delete_candidate,yes,no,heuristic audit; source-specific maps govern selection,final
.codex_backups/optuna_legacy_eval_20260623_012155/artifacts/predictions/final_master_cv_predictions.csv,.csv,220660,1782147927.254013,temporary_or_cache,repository evidence,safe_delete_candidate,yes,no,heuristic audit; source-specific maps govern selection,final
.codex_backups/optuna_legacy_eval_20260623_012155/artifacts/predictions/final_panel_predictions.csv,.csv,29330,1782147927.9692116,temporary_or_cache,repository evidence,safe_delete_candidate,yes,no,heuristic audit; source-specific maps govern selection,final
.codex_backups/optuna_legacy_eval_20260623_012155/artifacts/predictions/master_cv_model_predictions_phase9.csv,.csv,1178574,1782147304.375823,temporary_or_cache,repository evidence,safe_delete_candidate,yes,no,heuristic audit; source-specific maps govern selection,experiment
.codex_backups/optuna_legacy_eval_20260623_012155/artifacts/predictions/model_zoo_oof_predictions.csv,.csv,317968,1782093873.1795151,temporary_or_cache,repository evidence,safe_delete_candidate,yes,no,heuristic audit; source-specific maps govern selection,experiment
.codex_backups/optuna_legacy_eval_20260623_012155/artifacts/predictions/model_zoo_panel_predictions.csv,.csv,41687,1782093873.189744,temporary_or_cache,repository evidence,safe_delete_candidate,yes,no,heuristic audit; source-specific maps govern selection,experiment
.codex_backups/optuna_legacy_eval_20260623_012155/artifacts/predictions/oof_predictions.csv,.csv,140654,1781635061.6934474,temporary_or_cache,repository evidence,safe_delete_candidate,yes,no,heuristic audit; source-specific maps govern selection,experiment
.codex_backups/optuna_legacy_eval_20260623_012155/artifacts/predictions/optuna_medical_candidate_oof_predictions.csv,.csv,190893,1782163199.875496,temporary_or_cache,repository evidence,safe_delete_candidate,yes,no,heuristic audit; source-specific maps govern selection,experiment
.codex_backups/optuna_legacy_eval_20260623_012155/artifacts/predictions/optuna_medical_candidate_panel_predictions.csv,.csv,19912,1782163199.882495,temporary_or_cache,repository evidence,safe_delete_candidate,yes,no,heuristic audit; source-specific maps govern selection,experiment
.codex_backups/optuna_legacy_eval_20260623_012155/artifacts/predictions/panel_unique_model_predictions_phase9.csv,.csv,21316,1782147353.8926191,temporary_or_cache,repository evidence,safe_delete_candidate,yes,no,heuristic audit; source-specific maps govern selection,experiment
.codex_backups/optuna_legacy_eval_20260623_012155/artifacts/predictions/panel_unique_predictions.csv,.csv,19465,1781640133.454593,temporary_or_cache,repository evidence,safe_delete_candidate,yes,no,heuristic audit; source-specific maps govern selection,experiment
.codex_backups/optuna_legacy_eval_20260623_012155/artifacts/preprocessors/feature_engineer.joblib,.joblib,40787,1781640132.263795,temporary_or_cache,repository evidence,safe_delete_candidate,yes,no,heuristic audit; source-specific maps govern selection,experiment
.codex_backups/optuna_legacy_eval_20260623_012155/artifacts/preprocessors/final_preprocessor.pkl,.pkl,40787,1782147892.9684153,temporary_or_cache,repository evidence,safe_delete_candidate,yes,no,heuristic audit; source-specific maps govern selection,final
.codex_backups/optuna_legacy_eval_20260623_012155/artifacts/metrics/experiments/experiment_001_initial/all_evaluation_metrics.csv,.csv,9901,1781646559.6284428,temporary_or_cache,repository evidence,safe_delete_candidate,yes,no,heuristic audit; source-specific maps govern selection,experiment
.codex_backups/optuna_legacy_eval_20260623_012155/artifacts/metrics/experiments/experiment_001_initial/config.json,.json,174,1782147428.885541,temporary_or_cache,repository evidence,safe_delete_candidate,yes,no,heuristic audit; source-specific maps govern selection,experiment
.codex_backups/optuna_legacy_eval_20260623_012155/artifacts/metrics/experiments/experiment_001_initial/diagnosis.md,.md,212,1782147428.887556,temporary_or_cache,repository evidence,safe_delete_candidate,yes,no,heuristic audit; source-specific maps govern selection,experiment
.codex_backups/optuna_legacy_eval_20260623_012155/artifacts/metrics/experiments/experiment_001_initial/error_analysis.csv,.csv,4952,1781645351.8106694,temporary_or_cache,repository evidence,safe_delete_candidate,yes,no,heuristic audit; source-specific maps govern selection,experiment
.codex_backups/optuna_legacy_eval_20260623_012155/artifacts/metrics/experiments/experiment_001_initial/feature_importance.csv,.csv,10363,1781630045.2625988,temporary_or_cache,repository evidence,safe_delete_candidate,yes,no,heuristic audit; source-specific maps govern selection,experiment
.codex_backups/optuna_legacy_eval_20260623_012155/artifacts/metrics/experiments/experiment_001_initial/main_model_cv_results.csv,.csv,3750,1781645351.1696656,temporary_or_cache,repository evidence,safe_delete_candidate,yes,no,heuristic audit; source-specific maps govern selection,experiment
.codex_backups/optuna_legacy_eval_20260623_012155/artifacts/metrics/experiments/experiment_001_initial/metrics.csv,.csv,2439,1782147428.8835256,temporary_or_cache,repository evidence,safe_delete_candidate,yes,no,heuristic audit; source-specific maps govern selection,experiment
.codex_backups/optuna_legacy_eval_20260623_012155/artifacts/metrics/experiments/experiment_001_initial/panel_generalization_results.csv,.csv,147,1781645351.8048775,temporary_or_cache,repository evidence,safe_delete_candidate,yes,no,heuristic audit; source-specific maps govern selection,experiment
.codex_backups/optuna_legacy_eval_20260623_012155/artifacts/metrics/experiments/experiment_001_initial/threshold_results.csv,.csv,170,1781645349.800034,temporary_or_cache,repository evidence,safe_delete_candidate,yes,no,heuristic audit; source-specific maps govern selection,experiment
.codex_backups/optuna_legacy_eval_20260623_012155/artifacts/metrics/experiments/experiment_002_f1_threshold/config.json,.json,188,1782147428.9121616,temporary_or_cache,repository evidence,safe_delete_candidate,yes,no,heuristic audit; source-specific maps govern selection,experiment
.codex_backups/optuna_legacy_eval_20260623_012155/artifacts/metrics/experiments/experiment_002_f1_threshold/diagnosis.md,.md,205,1782147428.914174,temporary_or_cache,repository evidence,safe_delete_candidate,yes,no,heuristic audit; source-specific maps govern selection,experiment
.codex_backups/optuna_legacy_eval_20260623_012155/artifacts/metrics/experiments/experiment_002_f1_threshold/metrics.csv,.csv,2439,1782147428.9055772,temporary_or_cache,repository evidence,safe_delete_candidate,yes,no,heuristic audit; source-specific maps govern selection,experiment
.codex_backups/optuna_legacy_eval_20260623_012155/artifacts/metrics/experiments/experiment_003_youden_threshold/config.json,.json,189,1782147428.929315,temporary_or_cache,repository evidence,safe_delete_candidate,yes,no,heuristic audit; source-specific maps govern selection,experiment
.codex_backups/optuna_legacy_eval_20260623_012155/artifacts/metrics/experiments/experiment_003_youden_threshold/diagnosis.md,.md,186,1782147428.9313333,temporary_or_cache,repository evidence,safe_delete_candidate,yes,no,heuristic audit; source-specific maps govern selection,experiment
.codex_backups/optuna_legacy_eval_20260623_012155/artifacts/metrics/experiments/experiment_003_youden_threshold/metrics.csv,.csv,2439,1782147428.9252656,temporary_or_cache,repository evidence,safe_delete_candidate,yes,no,heuristic audit; source-specific maps govern selection,experiment
.codex_backups/optuna_legacy_eval_20260623_012155/artifacts/metrics/experiments/experiment_004_extra_trees/config.json,.json,189,1782147428.951478,temporary_or_cache,repository evidence,safe_delete_candidate,yes,no,heuristic audit; source-specific maps govern selection,experiment
.codex_backups/optuna_legacy_eval_20260623_012155/artifacts/metrics/experiments/experiment_004_extra_trees/diagnosis.md,.md,148,1782147428.9535055,temporary_or_cache,repository evidence,safe_delete_candidate,yes,no,heuristic audit; source-specific maps govern selection,experiment
.codex_backups/optuna_legacy_eval_20260623_012155/artifacts/metrics/experiments/experiment_004_extra_trees/metrics.csv,.csv,1145,1782147428.9497192,temporary_or_cache,repository evidence,safe_delete_candidate,yes,no,heuristic audit; source-specific maps govern selection,experiment
.codex_backups/optuna_legacy_eval_20260623_012155/artifacts/metrics/experiments/experiment_005_catboost/config.json,.json,189,1782147428.968651,temporary_or_cache,repository evidence,safe_delete_candidate,yes,no,heuristic audit; source-specific maps govern selection,experiment
.codex_backups/optuna_legacy_eval_20260623_012155/artifacts/metrics/experiments/experiment_005_catboost/diagnosis.md,.md,142,1782147428.970664,temporary_or_cache,repository evidence,safe_delete_candidate,yes,no,heuristic audit; source-specific maps govern selection,experiment
.codex_backups/optuna_legacy_eval_20260623_012155/artifacts/metrics/experiments/experiment_005_catboost/metrics.csv,.csv,1136,1782147428.9666317,temporary_or_cache,repository evidence,safe_delete_candidate,yes,no,heuristic audit; source-specific maps govern selection,experiment
.codex_backups/optuna_legacy_eval_20260623_012155/artifacts/metrics/experiments/experiment_006_ensemble_stack/config.json,.json,189,1782147428.986515,temporary_or_cache,repository evidence,safe_delete_candidate,yes,no,heuristic audit; source-specific maps govern selection,experiment
.codex_backups/optuna_legacy_eval_20260623_012155/artifacts/metrics/experiments/experiment_006_ensemble_stack/diagnosis.md,.md,165,1782147428.9885287,temporary_or_cache,repository evidence,safe_delete_candidate,yes,no,heuristic audit; source-specific maps govern selection,experiment
.codex_backups/optuna_legacy_eval_20260623_012155/artifacts/metrics/experiments/experiment_006_ensemble_stack/metrics.csv,.csv,1153,1782147428.9845002,temporary_or_cache,repository evidence,safe_delete_candidate,yes,no,heuristic audit; source-specific maps govern selection,experiment
.codex_backups/optuna_legacy_eval_20260623_012155/artifacts/metrics/experiments/experiment_007_lr_ek_only/config.json,.json,188,1782147429.004387,temporary_or_cache,repository evidence,safe_delete_candidate,yes,no,heuristic audit; source-specific maps govern selection,experiment
.codex_backups/optuna_legacy_eval_20260623_012155/artifacts/metrics/experiments/experiment_007_lr_ek_only/diagnosis.md,.md,172,1782147429.004387,temporary_or_cache,repository evidence,safe_delete_candidate,yes,no,heuristic audit; source-specific maps govern selection,experiment
.codex_backups/optuna_legacy_eval_20260623_012155/artifacts/metrics/experiments/experiment_007_lr_ek_only/metrics.csv,.csv,2222,1782147429.0023727,temporary_or_cache,repository evidence,safe_delete_candidate,yes,no,heuristic audit; source-specific maps govern selection,experiment
.codex_backups/optuna_legacy_eval_20260623_012155/artifacts/metrics/experiments/experiment_008_ek_only_features/config.json,.json,177,1782147429.0301044,temporary_or_cache,repository evidence,safe_delete_candidate,yes,no,heuristic audit; source-specific maps govern selection,experiment
.codex_backups/optuna_legacy_eval_20260623_012155/artifacts/metrics/experiments/experiment_008_ek_only_features/diagnosis.md,.md,160,1782147429.032118,temporary_or_cache,repository evidence,safe_delete_candidate,yes,no,heuristic audit; source-specific maps govern selection,experiment
.codex_backups/optuna_legacy_eval_20260623_012155/artifacts/metrics/experiments/experiment_008_ek_only_features/metrics.csv,.csv,427,1782147429.028344,temporary_or_cache,repository evidence,safe_delete_candidate,yes,no,heuristic audit; source-specific maps govern selection,experiment
.codex_backups/optuna_legacy_eval_20260623_012155/artifacts/metrics/experiments/experiment_009_al_only_features/config.json,.json,177,1782147429.0480032,temporary_or_cache,repository evidence,safe_delete_candidate,yes,no,heuristic audit; source-specific maps govern selection,experiment
.codex_backups/optuna_legacy_eval_20260623_012155/artifacts/metrics/experiments/experiment_009_al_only_features/diagnosis.md,.md,160,1782147429.0500176,temporary_or_cache,repository evidence,safe_delete_candidate,yes,no,heuristic audit; source-specific maps govern selection,experiment
.codex_backups/optuna_legacy_eval_20260623_012155/artifacts/metrics/experiments/experiment_009_al_only_features/metrics.csv,.csv,427,1782147429.0480032,temporary_or_cache,repository evidence,safe_delete_candidate,yes,no,heuristic audit; source-specific maps govern selection,experiment
.codex_backups/optuna_legacy_eval_20260623_012155/artifacts/metrics/experiments/experiment_010_engineered_only/config.json,.json,177,1782147429.0771194,temporary_or_cache,repository evidence,safe_delete_candidate,yes,no,heuristic audit; source-specific maps govern selection,experiment
.codex_backups/optuna_legacy_eval_20260623_012155/artifacts/metrics/experiments/experiment_010_engineered_only/diagnosis.md,.md,175,1782147429.0791311,temporary_or_cache,repository evidence,safe_delete_candidate,yes,no,heuristic audit; source-specific maps govern selection,experiment
.codex_backups/optuna_legacy_eval_20260623_012155/artifacts/metrics/experiments/experiment_010_engineered_only/metrics.csv,.csv,441,1782147429.0730908,temporary_or_cache,repository evidence,safe_delete_candidate,yes,no,heuristic audit; source-specific maps govern selection,experiment
.codex_backups/optuna_legacy_eval_20260623_012155/artifacts/metrics/experiments/lightgbm_balanced_regularized/config.json,.json,327,1781649121.3631434,temporary_or_cache,repository evidence,safe_delete_candidate,yes,no,heuristic audit; source-specific maps govern selection,experiment
.codex_backups/optuna_legacy_eval_20260623_012155/artifacts/metrics/experiments/lightgbm_balanced_regularized/metrics.csv,.csv,782,1781649121.3692145,temporary_or_cache,repository evidence,safe_delete_candidate,yes,no,heuristic audit; source-specific maps govern selection,experiment
.codex_backups/optuna_legacy_eval_20260623_012155/artifacts/metrics/experiments/lightgbm_conservative_regularized/config.json,.json,327,1781649019.819878,temporary_or_cache,repository evidence,safe_delete_candidate,yes,no,heuristic audit; source-specific maps govern selection,experiment
.codex_backups/optuna_legacy_eval_20260623_012155/artifacts/metrics/experiments/lightgbm_conservative_regularized/metrics.csv,.csv,806,1781649019.822642,temporary_or_cache,repository evidence,safe_delete_candidate,yes,no,heuristic audit; source-specific maps govern selection,experiment
.codex_backups/optuna_legacy_eval_20260623_012155/artifacts/metrics/experiments/lightgbm_current_best/config.json,.json,291,1781648918.8337994,temporary_or_cache,repository evidence,safe_delete_candidate,yes,no,heuristic audit; source-specific maps govern selection,experiment
.codex_backups/optuna_legacy_eval_20260623_012155/artifacts/metrics/experiments/lightgbm_current_best/metrics.csv,.csv,736,1781648918.8378243,temporary_or_cache,repository evidence,safe_delete_candidate,yes,no,heuristic audit; source-specific maps govern selection,experiment
.codex_backups/optuna_legacy_eval_20260623_012155/artifacts/metrics/experiments/lightgbm_high_capacity_controlled/config.json,.json,330,1781649289.466484,temporary_or_cache,repository evidence,safe_delete_candidate,yes,no,heuristic audit; source-specific maps govern selection,experiment
.codex_backups/optuna_legacy_eval_20260623_012155/artifacts/metrics/experiments/lightgbm_high_capacity_controlled/metrics.csv,.csv,793,1781649289.4724865,temporary_or_cache,repository evidence,safe_delete_candidate,yes,no,heuristic audit; source-specific maps govern selection,experiment
.codex_backups/optuna_legacy_eval_20260623_012155/artifacts/models/experiments/experiment_001_initial/README.md,.md,153,1782147428.8895922,temporary_or_cache,repository evidence,safe_delete_candidate,yes,no,heuristic audit; source-specific maps govern selection,experiment
.codex_backups/optuna_legacy_eval_20260623_012155/artifacts/models/experiments/experiment_002_f1_threshold/README.md,.md,153,1782147428.9161901,temporary_or_cache,repository evidence,safe_delete_candidate,yes,no,heuristic audit; source-specific maps govern selection,experiment
.codex_backups/optuna_legacy_eval_20260623_012155/artifacts/models/experiments/experiment_003_youden_threshold/README.md,.md,153,1782147428.9333494,temporary_or_cache,repository evidence,safe_delete_candidate,yes,no,heuristic audit; source-specific maps govern selection,experiment
.codex_backups/optuna_legacy_eval_20260623_012155/artifacts/models/experiments/experiment_004_extra_trees/README.md,.md,153,1782147428.955519,temporary_or_cache,repository evidence,safe_delete_candidate,yes,no,heuristic audit; source-specific maps govern selection,experiment
.codex_backups/optuna_legacy_eval_20260623_012155/artifacts/models/experiments/experiment_005_catboost/README.md,.md,153,1782147428.9726748,temporary_or_cache,repository evidence,safe_delete_candidate,yes,no,heuristic audit; source-specific maps govern selection,experiment
.codex_backups/optuna_legacy_eval_20260623_012155/artifacts/models/experiments/experiment_006_ensemble_stack/README.md,.md,153,1782147428.990541,temporary_or_cache,repository evidence,safe_delete_candidate,yes,no,heuristic audit; source-specific maps govern selection,experiment
.codex_backups/optuna_legacy_eval_20260623_012155/artifacts/models/experiments/experiment_007_lr_ek_only/README.md,.md,153,1782147429.006402,temporary_or_cache,repository evidence,safe_delete_candidate,yes,no,heuristic audit; source-specific maps govern selection,experiment
.codex_backups/optuna_legacy_eval_20260623_012155/artifacts/models/experiments/experiment_008_ek_only_features/README.md,.md,153,1782147429.032118,temporary_or_cache,repository evidence,safe_delete_candidate,yes,no,heuristic audit; source-specific maps govern selection,experiment
.codex_backups/optuna_legacy_eval_20260623_012155/artifacts/models/experiments/experiment_009_al_only_features/README.md,.md,153,1782147429.0520332,temporary_or_cache,repository evidence,safe_delete_candidate,yes,no,heuristic audit; source-specific maps govern selection,experiment
.codex_backups/optuna_legacy_eval_20260623_012155/artifacts/models/experiments/experiment_010_engineered_only/README.md,.md,153,1782147429.0811422,temporary_or_cache,repository evidence,safe_delete_candidate,yes,no,heuristic audit; source-specific maps govern selection,experiment
.codex_backups/optuna_legacy_eval_20260623_012155/artifacts/predictions/model_zoo_folds/fold_0_predictions.csv,.csv,69533,1782093872.9907928,temporary_or_cache,repository evidence,safe_delete_candidate,yes,no,heuristic audit; source-specific maps govern selection,experiment
.codex_backups/optuna_legacy_eval_20260623_012155/artifacts/predictions/model_zoo_folds/fold_1_predictions.csv,.csv,69073,1782093873.0176568,temporary_or_cache,repository evidence,safe_delete_candidate,yes,no,heuristic audit; source-specific maps govern selection,experiment
.codex_backups/optuna_legacy_eval_20260623_012155/artifacts/predictions/model_zoo_folds/fold_2_predictions.csv,.csv,69039,1782093873.047686,temporary_or_cache,repository evidence,safe_delete_candidate,yes,no,heuristic audit; source-specific maps govern selection,experiment
.codex_backups/optuna_legacy_eval_20260623_012155/artifacts/predictions/model_zoo_folds/fold_3_predictions.csv,.csv,69999,1782093873.0738282,temporary_or_cache,repository evidence,safe_delete_candidate,yes,no,heuristic audit; source-specific maps govern selection,experiment
.codex_backups/optuna_legacy_eval_20260623_012155/artifacts/predictions/model_zoo_folds/fold_4_predictions.csv,.csv,70372,1782093873.0928257,temporary_or_cache,repository evidence,safe_delete_candidate,yes,no,heuristic audit; source-specific maps govern selection,experiment
.codex_backups/optuna_legacy_eval_20260623_012155/reports/eda/EDA_MODEL_BRIDGE.md,.md,8368,1781640602.961192,temporary_or_cache,repository evidence,safe_delete_candidate,yes,no,heuristic audit; source-specific maps govern selection,experiment
.codex_backups/optuna_legacy_eval_20260623_012155/reports/eda/EDA_REPORT.md,.md,43480,1781640628.3913481,temporary_or_cache,repository evidence,safe_delete_candidate,yes,no,heuristic audit; source-specific maps govern selection,experiment
.codex_backups/optuna_legacy_eval_20260623_012155/reports/eda/TEKNOFEST2026_EDA.ipynb,.ipynb,28779,1781631039.0475638,temporary_or_cache,repository evidence,safe_delete_candidate,yes,no,heuristic audit; source-specific maps govern selection,experiment
.codex_backups/optuna_legacy_eval_20260623_012155/reports/eda/TEKNOFEST2026_EDA_EXECUTED.ipynb,.ipynb,417453,1781631308.749245,temporary_or_cache,repository evidence,safe_delete_candidate,yes,no,heuristic audit; source-specific maps govern selection,experiment
.codex_backups/optuna_legacy_eval_20260623_012155/reports/explainability/acmg_feature_mapping.csv,.csv,616,1781630084.759918,temporary_or_cache,repository evidence,safe_delete_candidate,yes,no,heuristic audit; source-specific maps govern selection,experiment
.codex_backups/optuna_legacy_eval_20260623_012155/reports/explainability/shap_beeswarm.png,.png,307620,1781630047.5246868,temporary_or_cache,repository evidence,safe_delete_candidate,yes,no,heuristic audit; source-specific maps govern selection,experiment
.codex_backups/optuna_legacy_eval_20260623_012155/reports/explainability/shap_case_confusion_matrix.csv,.csv,46,1781630062.0806987,temporary_or_cache,repository evidence,safe_delete_candidate,yes,no,heuristic audit; source-specific maps govern selection,experiment
.codex_backups/optuna_legacy_eval_20260623_012155/reports/explainability/shap_case_panel_unique_confusion_matrix.csv,.csv,44,1781630084.759918,temporary_or_cache,repository evidence,safe_delete_candidate,yes,no,heuristic audit; source-specific maps govern selection,experiment
.codex_backups/optuna_legacy_eval_20260623_012155/reports/explainability/shap_dependence_EK7_by_EK9.png,.png,229937,1781630048.9922905,temporary_or_cache,repository evidence,safe_delete_candidate,yes,no,heuristic audit; source-specific maps govern selection,experiment
.codex_backups/optuna_legacy_eval_20260623_012155/reports/explainability/shap_dependence_npops_by_maxAF.png,.png,67010,1781630049.5532389,temporary_or_cache,repository evidence,safe_delete_candidate,yes,no,heuristic audit; source-specific maps govern selection,experiment
.codex_backups/optuna_legacy_eval_20260623_012155/reports/explainability/shap_global_bar.png,.png,62847,1781630045.6815517,temporary_or_cache,repository evidence,safe_delete_candidate,yes,no,heuristic audit; source-specific maps govern selection,experiment
.codex_backups/optuna_legacy_eval_20260623_012155/reports/explainability/shap_global_importance.csv,.csv,10363,1781630045.2625988,temporary_or_cache,repository evidence,safe_delete_candidate,yes,no,heuristic audit; source-specific maps govern selection,experiment
.codex_backups/optuna_legacy_eval_20260623_012155/reports/explainability/shap_group_importance.csv,.csv,249,1781630045.777822,temporary_or_cache,repository evidence,safe_delete_candidate,yes,no,heuristic audit; source-specific maps govern selection,experiment
.codex_backups/optuna_legacy_eval_20260623_012155/reports/explainability/shap_waterfall_01_TP.png,.png,133876,1781630051.354622,temporary_or_cache,repository evidence,safe_delete_candidate,yes,no,heuristic audit; source-specific maps govern selection,experiment
.codex_backups/optuna_legacy_eval_20260623_012155/reports/explainability/shap_waterfall_02_TP.png,.png,131617,1781630052.163275,temporary_or_cache,repository evidence,safe_delete_candidate,yes,no,heuristic audit; source-specific maps govern selection,experiment
.codex_backups/optuna_legacy_eval_20260623_012155/reports/explainability/shap_waterfall_03_TP.png,.png,130778,1781630053.229926,temporary_or_cache,repository evidence,safe_delete_candidate,yes,no,heuristic audit; source-specific maps govern selection,experiment
.codex_backups/optuna_legacy_eval_20260623_012155/reports/explainability/shap_waterfall_04_TP.png,.png,137533,1781630053.9943473,temporary_or_cache,repository evidence,safe_delete_candidate,yes,no,heuristic audit; source-specific maps govern selection,experiment
.codex_backups/optuna_legacy_eval_20260623_012155/reports/explainability/shap_waterfall_05_TP.png,.png,134504,1781630054.6689994,temporary_or_cache,repository evidence,safe_delete_candidate,yes,no,heuristic audit; source-specific maps govern selection,experiment
.codex_backups/optuna_legacy_eval_20260623_012155/reports/explainability/shap_waterfall_06_TN.png,.png,136261,1781630055.3109741,temporary_or_cache,repository evidence,safe_delete_candidate,yes,no,heuristic audit; source-specific maps govern selection,experiment
.codex_backups/optuna_legacy_eval_20260623_012155/reports/explainability/shap_waterfall_07_TN.png,.png,133897,1781630056.0782342,temporary_or_cache,repository evidence,safe_delete_candidate,yes,no,heuristic audit; source-specific maps govern selection,experiment
.codex_backups/optuna_legacy_eval_20260623_012155/reports/explainability/shap_waterfall_08_TN.png,.png,138396,1781630056.7453916,temporary_or_cache,repository evidence,safe_delete_candidate,yes,no,heuristic audit; source-specific maps govern selection,experiment
.codex_backups/optuna_legacy_eval_20260623_012155/reports/explainability/shap_waterfall_09_TN.png,.png,134452,1781630057.4678693,temporary_or_cache,repository evidence,safe_delete_candidate,yes,no,heuristic audit; source-specific maps govern selection,experiment
.codex_backups/optuna_legacy_eval_20260623_012155/reports/explainability/shap_waterfall_10_TN.png,.png,136567,1781630058.3979268,temporary_or_cache,repository evidence,safe_delete_candidate,yes,no,heuristic audit; source-specific maps govern selection,experiment
.codex_backups/optuna_legacy_eval_20260623_012155/reports/explainability/shap_waterfall_11_FN.png,.png,134323,1781630059.080777,temporary_or_cache,repository evidence,safe_delete_candidate,yes,no,heuristic audit; source-specific maps govern selection,experiment
.codex_backups/optuna_legacy_eval_20260623_012155/reports/explainability/shap_waterfall_12_FN.png,.png,134323,1781630059.7784164,temporary_or_cache,repository evidence,safe_delete_candidate,yes,no,heuristic audit; source-specific maps govern selection,experiment
.codex_backups/optuna_legacy_eval_20260623_012155/reports/explainability/shap_waterfall_13_FN.png,.png,134323,1781630060.446306,temporary_or_cache,repository evidence,safe_delete_candidate,yes,no,heuristic audit; source-specific maps govern selection,experiment
.codex_backups/optuna_legacy_eval_20260623_012155/reports/explainability/shap_waterfall_14_FN.png,.png,134323,1781630061.1304195,temporary_or_cache,repository evidence,safe_delete_candidate,yes,no,heuristic audit; source-specific maps govern selection,experiment
.codex_backups/optuna_legacy_eval_20260623_012155/reports/explainability/shap_waterfall_15_FN.png,.png,134323,1781630061.9380515,temporary_or_cache,repository evidence,safe_delete_candidate,yes,no,heuristic audit; source-specific maps govern selection,experiment
.codex_backups/optuna_legacy_eval_20260623_012155/reports/explainability/shap_waterfall_cases.csv,.csv,637,1781630062.078951,temporary_or_cache,repository evidence,safe_delete_candidate,yes,no,heuristic audit; source-specific maps govern selection,experiment
.codex_backups/optuna_legacy_eval_20260623_012155/reports/explainability/shap_waterfall_panel_unique_01_TP.png,.png,132859,1781630070.1106324,temporary_or_cache,repository evidence,safe_delete_candidate,yes,no,heuristic audit; source-specific maps govern selection,experiment
.codex_backups/optuna_legacy_eval_20260623_012155/reports/explainability/shap_waterfall_panel_unique_02_TP.png,.png,128819,1781630070.845415,temporary_or_cache,repository evidence,safe_delete_candidate,yes,no,heuristic audit; source-specific maps govern selection,experiment
.codex_backups/optuna_legacy_eval_20260623_012155/reports/explainability/shap_waterfall_panel_unique_03_TP.png,.png,133895,1781630071.5105414,temporary_or_cache,repository evidence,safe_delete_candidate,yes,no,heuristic audit; source-specific maps govern selection,experiment
.codex_backups/optuna_legacy_eval_20260623_012155/reports/explainability/shap_waterfall_panel_unique_04_TP.png,.png,127364,1781630072.311391,temporary_or_cache,repository evidence,safe_delete_candidate,yes,no,heuristic audit; source-specific maps govern selection,experiment
.codex_backups/optuna_legacy_eval_20260623_012155/reports/explainability/shap_waterfall_panel_unique_05_TP.png,.png,133598,1781630073.0090168,temporary_or_cache,repository evidence,safe_delete_candidate,yes,no,heuristic audit; source-specific maps govern selection,experiment
.codex_backups/optuna_legacy_eval_20260623_012155/reports/explainability/shap_waterfall_panel_unique_06_TN.png,.png,138733,1781630073.8809175,temporary_or_cache,repository evidence,safe_delete_candidate,yes,no,heuristic audit; source-specific maps govern selection,experiment
.codex_backups/optuna_legacy_eval_20260623_012155/reports/explainability/shap_waterfall_panel_unique_07_TN.png,.png,139032,1781630074.7171347,temporary_or_cache,repository evidence,safe_delete_candidate,yes,no,heuristic audit; source-specific maps govern selection,experiment
.codex_backups/optuna_legacy_eval_20260623_012155/reports/explainability/shap_waterfall_panel_unique_08_TN.png,.png,141393,1781630075.3587115,temporary_or_cache,repository evidence,safe_delete_candidate,yes,no,heuristic audit; source-specific maps govern selection,experiment
.codex_backups/optuna_legacy_eval_20260623_012155/reports/explainability/shap_waterfall_panel_unique_09_TN.png,.png,143636,1781630076.0958605,temporary_or_cache,repository evidence,safe_delete_candidate,yes,no,heuristic audit; source-specific maps govern selection,experiment
.codex_backups/optuna_legacy_eval_20260623_012155/reports/explainability/shap_waterfall_panel_unique_10_TN.png,.png,136851,1781630076.7410834,temporary_or_cache,repository evidence,safe_delete_candidate,yes,no,heuristic audit; source-specific maps govern selection,experiment
.codex_backups/optuna_legacy_eval_20260623_012155/reports/explainability/shap_waterfall_panel_unique_11_FP.png,.png,134863,1781630077.684075,temporary_or_cache,repository evidence,safe_delete_candidate,yes,no,heuristic audit; source-specific maps govern selection,experiment
.codex_backups/optuna_legacy_eval_20260623_012155/reports/explainability/shap_waterfall_panel_unique_12_FP.png,.png,126874,1781630078.5437226,temporary_or_cache,repository evidence,safe_delete_candidate,yes,no,heuristic audit; source-specific maps govern selection,experiment
.codex_backups/optuna_legacy_eval_20260623_012155/reports/explainability/shap_waterfall_panel_unique_13_FP.png,.png,135930,1781630079.3771174,temporary_or_cache,repository evidence,safe_delete_candidate,yes,no,heuristic audit; source-specific maps govern selection,experiment
.codex_backups/optuna_legacy_eval_20260623_012155/reports/explainability/shap_waterfall_panel_unique_14_FP.png,.png,134442,1781630080.2406592,temporary_or_cache,repository evidence,safe_delete_candidate,yes,no,heuristic audit; source-specific maps govern selection,experiment
.codex_backups/optuna_legacy_eval_20260623_012155/reports/explainability/shap_waterfall_panel_unique_15_FP.png,.png,130992,1781630081.1452782,temporary_or_cache,repository evidence,safe_delete_candidate,yes,no,heuristic audit; source-specific maps govern selection,experiment
.codex_backups/optuna_legacy_eval_20260623_012155/reports/explainability/shap_waterfall_panel_unique_16_FN.png,.png,134805,1781630081.8426542,temporary_or_cache,repository evidence,safe_delete_candidate,yes,no,heuristic audit; source-specific maps govern selection,experiment
.codex_backups/optuna_legacy_eval_20260623_012155/reports/explainability/shap_waterfall_panel_unique_17_FN.png,.png,133000,1781630082.5079317,temporary_or_cache,repository evidence,safe_delete_candidate,yes,no,heuristic audit; source-specific maps govern selection,experiment
.codex_backups/optuna_legacy_eval_20260623_012155/reports/explainability/shap_waterfall_panel_unique_18_FN.png,.png,130986,1781630083.1627755,temporary_or_cache,repository evidence,safe_delete_candidate,yes,no,heuristic audit; source-specific maps govern selection,experiment
.codex_backups/optuna_legacy_eval_20260623_012155/reports/explainability/shap_waterfall_panel_unique_19_FN.png,.png,131881,1781630083.8239102,temporary_or_cache,repository evidence,safe_delete_candidate,yes,no,heuristic audit; source-specific maps govern selection,experiment
.codex_backups/optuna_legacy_eval_20260623_012155/reports/explainability/shap_waterfall_panel_unique_20_FN.png,.png,134323,1781630084.6225073,temporary_or_cache,repository evidence,safe_delete_candidate,yes,no,heuristic audit; source-specific maps govern selection,experiment
.codex_backups/optuna_legacy_eval_20260623_012155/reports/explainability/shap_waterfall_panel_unique_cases.csv,.csv,1086,1781630084.759918,temporary_or_cache,repository evidence,safe_delete_candidate,yes,no,heuristic audit; source-specific maps govern selection,experiment
.codex_backups/optuna_legacy_eval_20260623_012155/reports/figures/advanced_threshold_comparison.png,.png,86591,1782147684.2222698,temporary_or_cache,repository evidence,safe_delete_candidate,yes,no,heuristic audit; source-specific maps govern selection,experiment
.codex_backups/optuna_legacy_eval_20260623_012155/reports/figures/brier_logloss_comparison.png,.png,42803,1782147856.4787219,temporary_or_cache,repository evidence,safe_delete_candidate,yes,no,heuristic audit; source-specific maps govern selection,experiment
.codex_backups/optuna_legacy_eval_20260623_012155/reports/figures/calibration_curves.png,.png,127938,1782147856.1523654,temporary_or_cache,repository evidence,safe_delete_candidate,yes,no,heuristic audit; source-specific maps govern selection,experiment
.codex_backups/optuna_legacy_eval_20260623_012155/reports/figures/class_distribution_by_dataset.png,.png,136109,1782147400.46839,temporary_or_cache,repository evidence,safe_delete_candidate,yes,no,heuristic audit; source-specific maps govern selection,experiment
.codex_backups/optuna_legacy_eval_20260623_012155/reports/figures/confusion_matrix_cftr_unique.png,.png,84102,1782147378.311429,temporary_or_cache,repository evidence,safe_delete_candidate,yes,no,heuristic audit; source-specific maps govern selection,experiment
.codex_backups/optuna_legacy_eval_20260623_012155/reports/figures/confusion_matrix_kanser_unique.png,.png,92877,1782147376.3794532,temporary_or_cache,repository evidence,safe_delete_candidate,yes,no,heuristic audit; source-specific maps govern selection,experiment
.codex_backups/optuna_legacy_eval_20260623_012155/reports/figures/confusion_matrix_master.png,.png,108099,1782147375.4176157,temporary_or_cache,repository evidence,safe_delete_candidate,yes,no,heuristic audit; source-specific maps govern selection,experiment
.codex_backups/optuna_legacy_eval_20260623_012155/reports/figures/confusion_matrix_pah_unique.png,.png,89661,1782147377.3008099,temporary_or_cache,repository evidence,safe_delete_candidate,yes,no,heuristic audit; source-specific maps govern selection,experiment
.codex_backups/optuna_legacy_eval_20260623_012155/reports/figures/confusion_matrix_panel_unique_combined.png,.png,95487,1782147379.0600367,temporary_or_cache,repository evidence,safe_delete_candidate,yes,no,heuristic audit; source-specific maps govern selection,experiment
.codex_backups/optuna_legacy_eval_20260623_012155/reports/figures/correlation_matrix_top_features.png,.png,335912,1782147357.6571162,temporary_or_cache,repository evidence,safe_delete_candidate,yes,no,heuristic audit; source-specific maps govern selection,experiment
.codex_backups/optuna_legacy_eval_20260623_012155/reports/figures/error_analysis_key_features.png,.png,184959,1782147428.2356942,temporary_or_cache,repository evidence,safe_delete_candidate,yes,no,heuristic audit; source-specific maps govern selection,experiment
.codex_backups/optuna_legacy_eval_20260623_012155/reports/figures/feature_group_ablation_comparison.png,.png,105542,1782147857.1527815,temporary_or_cache,repository evidence,safe_delete_candidate,yes,no,heuristic audit; source-specific maps govern selection,experiment
.codex_backups/optuna_legacy_eval_20260623_012155/reports/figures/feature_importance.png,.png,62847,1781630045.6815517,temporary_or_cache,repository evidence,safe_delete_candidate,yes,no,heuristic audit; source-specific maps govern selection,experiment
.codex_backups/optuna_legacy_eval_20260623_012155/reports/figures/feature_importance_top30.png,.png,152299,1782147399.3926258,temporary_or_cache,repository evidence,safe_delete_candidate,yes,no,heuristic audit; source-specific maps govern selection,experiment
.codex_backups/optuna_legacy_eval_20260623_012155/reports/figures/final_calibration_curve.png,.png,127938,1782147856.1523654,temporary_or_cache,repository evidence,safe_delete_candidate,yes,no,heuristic audit; source-specific maps govern selection,final
.codex_backups/optuna_legacy_eval_20260623_012155/reports/figures/final_calibration_decision_plot.png,.png,57585,1782147933.380447,temporary_or_cache,repository evidence,safe_delete_candidate,yes,no,heuristic audit; source-specific maps govern selection,final
.codex_backups/optuna_legacy_eval_20260623_012155/reports/figures/final_confusion_matrix_master.png,.png,108099,1782147375.4176157,temporary_or_cache,repository evidence,safe_delete_candidate,yes,no,heuristic audit; source-specific maps govern selection,final
.codex_backups/optuna_legacy_eval_20260623_012155/reports/figures/final_error_group_feature_distributions.png,.png,87133,1782147937.9290562,temporary_or_cache,repository evidence,safe_delete_candidate,yes,no,heuristic audit; source-specific maps govern selection,final
.codex_backups/optuna_legacy_eval_20260623_012155/reports/figures/final_feature_importance.png,.png,62847,1781630045.6815517,temporary_or_cache,repository evidence,safe_delete_candidate,yes,no,heuristic audit; source-specific maps govern selection,final
.codex_backups/optuna_legacy_eval_20260623_012155/reports/figures/final_feature_importance_top30.png,.png,87821,1782147942.1232224,temporary_or_cache,repository evidence,safe_delete_candidate,yes,no,heuristic audit; source-specific maps govern selection,final
.codex_backups/optuna_legacy_eval_20260623_012155/reports/figures/final_fp_fn_feature_contrast.png,.png,61488,1782147938.5905976,temporary_or_cache,repository evidence,safe_delete_candidate,yes,no,heuristic audit; source-specific maps govern selection,final
.codex_backups/optuna_legacy_eval_20260623_012155/reports/figures/final_model_comparison.png,.png,107813,1782147429.8723392,temporary_or_cache,repository evidence,safe_delete_candidate,yes,no,heuristic audit; source-specific maps govern selection,final
.codex_backups/optuna_legacy_eval_20260623_012155/reports/figures/final_panel_specific_confusion_matrices.png,.png,36958,1782147940.416211,temporary_or_cache,repository evidence,safe_delete_candidate,yes,no,heuristic audit; source-specific maps govern selection,final
.codex_backups/optuna_legacy_eval_20260623_012155/reports/figures/final_panel_specific_metric_comparison.png,.png,61429,1782147939.473264,temporary_or_cache,repository evidence,safe_delete_candidate,yes,no,heuristic audit; source-specific maps govern selection,final
.codex_backups/optuna_legacy_eval_20260623_012155/reports/figures/final_pr_curve_master.png,.png,114868,1782147379.9829757,temporary_or_cache,repository evidence,safe_delete_candidate,yes,no,heuristic audit; source-specific maps govern selection,final
.codex_backups/optuna_legacy_eval_20260623_012155/reports/figures/final_roc_curve_master.png,.png,129207,1782147379.579544,temporary_or_cache,repository evidence,safe_delete_candidate,yes,no,heuristic audit; source-specific maps govern selection,final
.codex_backups/optuna_legacy_eval_20260623_012155/reports/figures/final_threshold_analysis.png,.png,119718,1782147683.2161257,temporary_or_cache,repository evidence,safe_delete_candidate,yes,no,heuristic audit; source-specific maps govern selection,final
.codex_backups/optuna_legacy_eval_20260623_012155/reports/figures/fold_threshold_distribution.png,.png,39189,1782147777.9418938,temporary_or_cache,repository evidence,safe_delete_candidate,yes,no,heuristic audit; source-specific maps govern selection,experiment
.codex_backups/optuna_legacy_eval_20260623_012155/reports/figures/missingness_by_feature_group.png,.png,84214,1782147401.4563568,temporary_or_cache,repository evidence,safe_delete_candidate,yes,no,heuristic audit; source-specific maps govern selection,experiment
.codex_backups/optuna_legacy_eval_20260623_012155/reports/figures/model_comparison.png,.png,66194,1781814248.442808,temporary_or_cache,repository evidence,safe_delete_candidate,yes,no,heuristic audit; source-specific maps govern selection,experiment
.codex_backups/optuna_legacy_eval_20260623_012155/reports/figures/model_comparison_metrics.png,.png,218707,1782147398.1837838,temporary_or_cache,repository evidence,safe_delete_candidate,yes,no,heuristic audit; source-specific maps govern selection,experiment
.codex_backups/optuna_legacy_eval_20260623_012155/reports/figures/optuna_medical_optimization_history.png,.png,96262,1782163200.65353,temporary_or_cache,repository evidence,safe_delete_candidate,yes,no,heuristic audit; source-specific maps govern selection,experiment
.codex_backups/optuna_legacy_eval_20260623_012155/reports/figures/optuna_param_importance.png,.png,53561,1782163201.9790804,temporary_or_cache,repository evidence,safe_delete_candidate,yes,no,heuristic audit; source-specific maps govern selection,experiment
.codex_backups/optuna_legacy_eval_20260623_012155/reports/figures/panel_confusion_matrices.png,.png,43663,1782147930.1929781,temporary_or_cache,repository evidence,safe_delete_candidate,yes,no,heuristic audit; source-specific maps govern selection,experiment
.codex_backups/optuna_legacy_eval_20260623_012155/reports/figures/panel_error_feature_distributions.png,.png,124442,1782147931.6973114,temporary_or_cache,repository evidence,safe_delete_candidate,yes,no,heuristic audit; source-specific maps govern selection,experiment
.codex_backups/optuna_legacy_eval_20260623_012155/reports/figures/phase10_before_after_comparison.png,.png,81403,1782147932.624202,temporary_or_cache,repository evidence,safe_delete_candidate,yes,no,heuristic audit; source-specific maps govern selection,experiment
.codex_backups/optuna_legacy_eval_20260623_012155/reports/figures/pr_curve_master.png,.png,114868,1782147379.9829757,temporary_or_cache,repository evidence,safe_delete_candidate,yes,no,heuristic audit; source-specific maps govern selection,experiment
.codex_backups/optuna_legacy_eval_20260623_012155/reports/figures/pr_curve_panel_unique.png,.png,154268,1782147381.00669,temporary_or_cache,repository evidence,safe_delete_candidate,yes,no,heuristic audit; source-specific maps govern selection,experiment
.codex_backups/optuna_legacy_eval_20260623_012155/reports/figures/roc_curve_master.png,.png,129207,1782147379.579544,temporary_or_cache,repository evidence,safe_delete_candidate,yes,no,heuristic audit; source-specific maps govern selection,experiment
.codex_backups/optuna_legacy_eval_20260623_012155/reports/figures/roc_curve_panel_unique.png,.png,147580,1782147380.4838297,temporary_or_cache,repository evidence,safe_delete_candidate,yes,no,heuristic audit; source-specific maps govern selection,experiment
.codex_backups/optuna_legacy_eval_20260623_012155/reports/figures/threshold_comparison.png,.png,25939,1781814247.7760203,temporary_or_cache,repository evidence,safe_delete_candidate,yes,no,heuristic audit; source-specific maps govern selection,experiment
.codex_backups/optuna_legacy_eval_20260623_012155/reports/figures/threshold_metric_curves.png,.png,119718,1782147683.2161257,temporary_or_cache,repository evidence,safe_delete_candidate,yes,no,heuristic audit; source-specific maps govern selection,experiment
.codex_backups/optuna_legacy_eval_20260623_012155/reports/figures/threshold_optimization.png,.png,220571,1782147397.3632097,temporary_or_cache,repository evidence,safe_delete_candidate,yes,no,heuristic audit; source-specific maps govern selection,experiment
.codex_backups/optuna_legacy_eval_20260623_012155/reports/figures/train_vs_validation_metrics.png,.png,106006,1781649291.6438367,temporary_or_cache,repository evidence,safe_delete_candidate,yes,no,heuristic audit; source-specific maps govern selection,experiment
.codex_backups/optuna_legacy_eval_20260623_012155/reports/master_prompt/ablation_fold_results.csv,.csv,11575,1781635061.6516545,temporary_or_cache,repository evidence,safe_delete_candidate,yes,no,heuristic audit; source-specific maps govern selection,experiment
.codex_backups/optuna_legacy_eval_20260623_012155/reports/master_prompt/ablation_summary.csv,.csv,3810,1781635061.655473,temporary_or_cache,repository evidence,safe_delete_candidate,yes,no,heuristic audit; source-specific maps govern selection,experiment
.codex_backups/optuna_legacy_eval_20260623_012155/reports/master_prompt/CFTR_unique_calibration.csv,.csv,657,1781635327.5407424,temporary_or_cache,repository evidence,safe_delete_candidate,yes,no,heuristic audit; source-specific maps govern selection,experiment
.codex_backups/optuna_legacy_eval_20260623_012155/reports/master_prompt/CFTR_unique_calibration_curve.png,.png,82766,1781635328.5456653,temporary_or_cache,repository evidence,safe_delete_candidate,yes,no,heuristic audit; source-specific maps govern selection,experiment
.codex_backups/optuna_legacy_eval_20260623_012155/reports/master_prompt/critical_implementation_checklist.csv,.csv,1950,1781635330.5066552,temporary_or_cache,repository evidence,safe_delete_candidate,yes,no,heuristic audit; source-specific maps govern selection,experiment
.codex_backups/optuna_legacy_eval_20260623_012155/reports/master_prompt/final_panel_unique_predictions.csv,.csv,19465,1781640133.454593,temporary_or_cache,repository evidence,safe_delete_candidate,yes,no,heuristic audit; source-specific maps govern selection,final
.codex_backups/optuna_legacy_eval_20260623_012155/reports/master_prompt/KANSER_unique_calibration.csv,.csv,751,1781635328.8510358,temporary_or_cache,repository evidence,safe_delete_candidate,yes,no,heuristic audit; source-specific maps govern selection,experiment
.codex_backups/optuna_legacy_eval_20260623_012155/reports/master_prompt/KANSER_unique_calibration_curve.png,.png,72375,1781635329.493229,temporary_or_cache,repository evidence,safe_delete_candidate,yes,no,heuristic audit; source-specific maps govern selection,experiment
.codex_backups/optuna_legacy_eval_20260623_012155/reports/master_prompt/l0_model_fold_metrics.csv,.csv,1359,1781635327.4511752,temporary_or_cache,repository evidence,safe_delete_candidate,yes,no,heuristic audit; source-specific maps govern selection,experiment
.codex_backups/optuna_legacy_eval_20260623_012155/reports/master_prompt/l0_model_summary.csv,.csv,590,1781635327.4572065,temporary_or_cache,repository evidence,safe_delete_candidate,yes,no,heuristic audit; source-specific maps govern selection,experiment
.codex_backups/optuna_legacy_eval_20260623_012155/reports/master_prompt/l0_stack_oof_predictions.csv,.csv,426464,1781635327.447146,temporary_or_cache,repository evidence,safe_delete_candidate,yes,no,heuristic audit; source-specific maps govern selection,experiment
.codex_backups/optuna_legacy_eval_20260623_012155/reports/master_prompt/lgbm_best_params_resumable.json,.json,291,1781640024.5522747,temporary_or_cache,repository evidence,safe_delete_candidate,yes,no,heuristic audit; source-specific maps govern selection,experiment
.codex_backups/optuna_legacy_eval_20260623_012155/reports/master_prompt/lgbm_optuna_convergence.png,.png,94800,1781640025.3221538,temporary_or_cache,repository evidence,safe_delete_candidate,yes,no,heuristic audit; source-specific maps govern selection,experiment
.codex_backups/optuna_legacy_eval_20260623_012155/reports/master_prompt/lgbm_optuna_trials_resumable.csv,.csv,16006,1781640024.5502603,temporary_or_cache,repository evidence,safe_delete_candidate,yes,no,heuristic audit; source-specific maps govern selection,experiment
.codex_backups/optuna_legacy_eval_20260623_012155/reports/master_prompt/lightgbm_oof_predictions.csv,.csv,140654,1781635061.6934474,temporary_or_cache,repository evidence,safe_delete_candidate,yes,no,heuristic audit; source-specific maps govern selection,experiment
.codex_backups/optuna_legacy_eval_20260623_012155/reports/master_prompt/MASTER_PROMPT_IMPLEMENTATION_REPORT.md,.md,11076,1781635330.6787632,temporary_or_cache,repository evidence,safe_delete_candidate,yes,no,heuristic audit; source-specific maps govern selection,experiment
.codex_backups/optuna_legacy_eval_20260623_012155/reports/master_prompt/optuna_lgbm_study.sqlite3,.sqlite3,454656,1782163177.3670416,temporary_or_cache,repository evidence,safe_delete_candidate,yes,no,heuristic audit; source-specific maps govern selection,experiment
.codex_backups/optuna_legacy_eval_20260623_012155/reports/master_prompt/overlap_summary.csv,.csv,483,1781634837.4360993,temporary_or_cache,repository evidence,safe_delete_candidate,yes,no,heuristic audit; source-specific maps govern selection,experiment
.codex_backups/optuna_legacy_eval_20260623_012155/reports/master_prompt/PAH_unique_calibration.csv,.csv,768,1781635329.6762788,temporary_or_cache,repository evidence,safe_delete_candidate,yes,no,heuristic audit; source-specific maps govern selection,experiment
.codex_backups/optuna_legacy_eval_20260623_012155/reports/master_prompt/PAH_unique_calibration_curve.png,.png,78342,1781635330.2689967,temporary_or_cache,repository evidence,safe_delete_candidate,yes,no,heuristic audit; source-specific maps govern selection,experiment
.codex_backups/optuna_legacy_eval_20260623_012155/reports/master_prompt/panel_unique_bootstrap_ci.csv,.csv,1537,1781635229.4142025,temporary_or_cache,repository evidence,safe_delete_candidate,yes,no,heuristic audit; source-specific maps govern selection,experiment
.codex_backups/optuna_legacy_eval_20260623_012155/reports/master_prompt/statistical_tests.csv,.csv,491,1781635330.496593,temporary_or_cache,repository evidence,safe_delete_candidate,yes,no,heuristic audit; source-specific maps govern selection,experiment
.codex_backups/optuna_legacy_eval_20260623_012155/reports/tables/acmg_feature_mapping.csv,.csv,616,1781630084.759918,temporary_or_cache,repository evidence,safe_delete_candidate,yes,no,heuristic audit; source-specific maps govern selection,experiment
.codex_backups/optuna_legacy_eval_20260623_012155/reports/tables/advanced_threshold_comparison.csv,.csv,25260,1782147662.4592743,temporary_or_cache,repository evidence,safe_delete_candidate,yes,no,heuristic audit; source-specific maps govern selection,experiment
.codex_backups/optuna_legacy_eval_20260623_012155/reports/tables/all_evaluation_metrics.csv,.csv,9901,1782147354.0372188,temporary_or_cache,repository evidence,safe_delete_candidate,yes,no,heuristic audit; source-specific maps govern selection,experiment
.codex_backups/optuna_legacy_eval_20260623_012155/reports/tables/baseline_results.csv,.csv,1922,1781814220.575037,temporary_or_cache,repository evidence,safe_delete_candidate,yes,no,heuristic audit; source-specific maps govern selection,experiment
.codex_backups/optuna_legacy_eval_20260623_012155/reports/tables/calibration_comparison.csv,.csv,3183,1782147855.817795,temporary_or_cache,repository evidence,safe_delete_candidate,yes,no,heuristic audit; source-specific maps govern selection,experiment
.codex_backups/optuna_legacy_eval_20260623_012155/reports/tables/calibration_decision_matrix.csv,.csv,2381,1782147932.8200006,temporary_or_cache,repository evidence,safe_delete_candidate,yes,no,heuristic audit; source-specific maps govern selection,experiment
.codex_backups/optuna_legacy_eval_20260623_012155/reports/tables/class_distribution_by_dataset.csv,.csv,329,1782147399.6743643,temporary_or_cache,repository evidence,safe_delete_candidate,yes,no,heuristic audit; source-specific maps govern selection,experiment
.codex_backups/optuna_legacy_eval_20260623_012155/reports/tables/correlation_matrix_top_features.csv,.csv,20678,1782147355.1251843,temporary_or_cache,repository evidence,safe_delete_candidate,yes,no,heuristic audit; source-specific maps govern selection,experiment
.codex_backups/optuna_legacy_eval_20260623_012155/reports/tables/dataset_summary.csv,.csv,251,1782147296.6833,temporary_or_cache,repository evidence,safe_delete_candidate,yes,no,heuristic audit; source-specific maps govern selection,experiment
.codex_backups/optuna_legacy_eval_20260623_012155/reports/tables/error_analysis.csv,.csv,4952,1781814248.7052252,temporary_or_cache,repository evidence,safe_delete_candidate,yes,no,heuristic audit; source-specific maps govern selection,experiment
.codex_backups/optuna_legacy_eval_20260623_012155/reports/tables/error_analysis_key_features.csv,.csv,1227,1782147425.331966,temporary_or_cache,repository evidence,safe_delete_candidate,yes,no,heuristic audit; source-specific maps govern selection,experiment
.codex_backups/optuna_legacy_eval_20260623_012155/reports/tables/experiment_comparison.csv,.csv,2707,1782147428.8716466,temporary_or_cache,repository evidence,safe_delete_candidate,yes,no,heuristic audit; source-specific maps govern selection,experiment
.codex_backups/optuna_legacy_eval_20260623_012155/reports/tables/feature_group_ablation_results.csv,.csv,2075,1782147856.699786,temporary_or_cache,repository evidence,safe_delete_candidate,yes,no,heuristic audit; source-specific maps govern selection,experiment
.codex_backups/optuna_legacy_eval_20260623_012155/reports/tables/feature_importance.csv,.csv,10363,1781630045.2625988,temporary_or_cache,repository evidence,safe_delete_candidate,yes,no,heuristic audit; source-specific maps govern selection,experiment
.codex_backups/optuna_legacy_eval_20260623_012155/reports/tables/feature_importance_top30.csv,.csv,837,1782147398.3214128,temporary_or_cache,repository evidence,safe_delete_candidate,yes,no,heuristic audit; source-specific maps govern selection,experiment
.codex_backups/optuna_legacy_eval_20260623_012155/reports/tables/final_acmg_feature_mapping.csv,.csv,2341,1782147942.4024675,temporary_or_cache,repository evidence,safe_delete_candidate,yes,no,heuristic audit; source-specific maps govern selection,final
.codex_backups/optuna_legacy_eval_20260623_012155/reports/tables/final_ensemble_comparison.csv,.csv,9108,1782146528.5594506,temporary_or_cache,repository evidence,safe_delete_candidate,yes,no,heuristic audit; source-specific maps govern selection,final
.codex_backups/optuna_legacy_eval_20260623_012155/reports/tables/final_ensemble_weights.csv,.csv,8258,1782146528.5654933,temporary_or_cache,repository evidence,safe_delete_candidate,yes,no,heuristic audit; source-specific maps govern selection,final
.codex_backups/optuna_legacy_eval_20260623_012155/reports/tables/final_error_group_feature_summary.csv,.csv,21766,1782147936.0494661,temporary_or_cache,repository evidence,safe_delete_candidate,yes,no,heuristic audit; source-specific maps govern selection,final
.codex_backups/optuna_legacy_eval_20260623_012155/reports/tables/final_evaluation_metrics.csv,.csv,1205,1782147892.9805043,temporary_or_cache,repository evidence,safe_delete_candidate,yes,no,heuristic audit; source-specific maps govern selection,final
.codex_backups/optuna_legacy_eval_20260623_012155/reports/tables/final_false_negative_cases.csv,.csv,37625,1782147936.1322055,temporary_or_cache,repository evidence,safe_delete_candidate,yes,no,heuristic audit; source-specific maps govern selection,final
.codex_backups/optuna_legacy_eval_20260623_012155/reports/tables/final_false_positive_cases.csv,.csv,61902,1782147936.1102235,temporary_or_cache,repository evidence,safe_delete_candidate,yes,no,heuristic audit; source-specific maps govern selection,final
.codex_backups/optuna_legacy_eval_20260623_012155/reports/tables/final_feature_importance_top30.csv,.csv,365,1782147940.6496737,temporary_or_cache,repository evidence,safe_delete_candidate,yes,no,heuristic audit; source-specific maps govern selection,final
.codex_backups/optuna_legacy_eval_20260623_012155/reports/tables/final_medical_metric_comparison.csv,.csv,3170,1782148044.723537,temporary_or_cache,repository evidence,safe_delete_candidate,yes,no,heuristic audit; source-specific maps govern selection,final
.codex_backups/optuna_legacy_eval_20260623_012155/reports/tables/final_metric_verification_audit.csv,.csv,596,1782147932.1936657,temporary_or_cache,repository evidence,safe_delete_candidate,yes,no,heuristic audit; source-specific maps govern selection,final
.codex_backups/optuna_legacy_eval_20260623_012155/reports/tables/final_model_selection_table.csv,.csv,5985,1782147857.3027718,temporary_or_cache,repository evidence,safe_delete_candidate,yes,no,heuristic audit; source-specific maps govern selection,final
.codex_backups/optuna_legacy_eval_20260623_012155/reports/tables/final_panel_specific_metrics.csv,.csv,1129,1782147938.903659,temporary_or_cache,repository evidence,safe_delete_candidate,yes,no,heuristic audit; source-specific maps govern selection,final
.codex_backups/optuna_legacy_eval_20260623_012155/reports/tables/final_selection_board.csv,.csv,17186,1782148100.7778134,temporary_or_cache,repository evidence,safe_delete_candidate,yes,no,heuristic audit; source-specific maps govern selection,final
.codex_backups/optuna_legacy_eval_20260623_012155/reports/tables/fold_threshold_stability.csv,.csv,5546,1782147777.546834,temporary_or_cache,repository evidence,safe_delete_candidate,yes,no,heuristic audit; source-specific maps govern selection,experiment
.codex_backups/optuna_legacy_eval_20260623_012155/reports/tables/main_model_cv_results.csv,.csv,3750,1781814247.9208121,temporary_or_cache,repository evidence,safe_delete_candidate,yes,no,heuristic audit; source-specific maps govern selection,experiment
.codex_backups/optuna_legacy_eval_20260623_012155/reports/tables/missingness_by_feature_group.csv,.csv,541,1782147400.9009173,temporary_or_cache,repository evidence,safe_delete_candidate,yes,no,heuristic audit; source-specific maps govern selection,experiment
.codex_backups/optuna_legacy_eval_20260623_012155/reports/tables/missingness_summary.csv,.csv,45816,1782147296.6921186,temporary_or_cache,repository evidence,safe_delete_candidate,yes,no,heuristic audit; source-specific maps govern selection,experiment
.codex_backups/optuna_legacy_eval_20260623_012155/reports/tables/model_comparison_metrics.csv,.csv,860,1782147397.5069828,temporary_or_cache,repository evidence,safe_delete_candidate,yes,no,heuristic audit; source-specific maps govern selection,experiment
.codex_backups/optuna_legacy_eval_20260623_012155/reports/tables/model_diagnosis_summary.csv,.csv,359,1782147429.1169934,temporary_or_cache,repository evidence,safe_delete_candidate,yes,no,heuristic audit; source-specific maps govern selection,experiment
.codex_backups/optuna_legacy_eval_20260623_012155/reports/tables/model_zoo_fold_metrics.csv,.csv,15198,1782093873.2036774,temporary_or_cache,repository evidence,safe_delete_candidate,yes,no,heuristic audit; source-specific maps govern selection,experiment
.codex_backups/optuna_legacy_eval_20260623_012155/reports/tables/model_zoo_metrics.csv,.csv,6526,1782093873.1980035,temporary_or_cache,repository evidence,safe_delete_candidate,yes,no,heuristic audit; source-specific maps govern selection,experiment
.codex_backups/optuna_legacy_eval_20260623_012155/reports/tables/optuna_before_after_comparison.csv,.csv,1182,1782163199.8518882,temporary_or_cache,repository evidence,safe_delete_candidate,yes,no,heuristic audit; source-specific maps govern selection,experiment
.codex_backups/optuna_legacy_eval_20260623_012155/reports/tables/optuna_medical_best_params.csv,.csv,332,1782163199.8478608,temporary_or_cache,repository evidence,safe_delete_candidate,yes,no,heuristic audit; source-specific maps govern selection,experiment
.codex_backups/optuna_legacy_eval_20260623_012155/reports/tables/optuna_medical_candidate_fold_metrics.csv,.csv,2484,1782163199.882495,temporary_or_cache,repository evidence,safe_delete_candidate,yes,no,heuristic audit; source-specific maps govern selection,experiment
.codex_backups/optuna_legacy_eval_20260623_012155/reports/tables/optuna_medical_candidate_overfitting_gaps.csv,.csv,356,1782163199.882495,temporary_or_cache,repository evidence,safe_delete_candidate,yes,no,heuristic audit; source-specific maps govern selection,experiment
.codex_backups/optuna_legacy_eval_20260623_012155/reports/tables/optuna_medical_trials.csv,.csv,34021,1782163199.8420792,temporary_or_cache,repository evidence,safe_delete_candidate,yes,no,heuristic audit; source-specific maps govern selection,experiment
.codex_backups/optuna_legacy_eval_20260623_012155/reports/tables/overfitting_gap_analysis.csv,.csv,5684,1781649289.5892336,temporary_or_cache,repository evidence,safe_delete_candidate,yes,no,heuristic audit; source-specific maps govern selection,experiment
.codex_backups/optuna_legacy_eval_20260623_012155/reports/tables/overlap_summary.csv,.csv,483,1782147296.7420583,temporary_or_cache,repository evidence,safe_delete_candidate,yes,no,heuristic audit; source-specific maps govern selection,experiment
.codex_backups/optuna_legacy_eval_20260623_012155/reports/tables/panel_generalization_results.csv,.csv,147,1781814248.6972253,temporary_or_cache,repository evidence,safe_delete_candidate,yes,no,heuristic audit; source-specific maps govern selection,experiment
.codex_backups/optuna_legacy_eval_20260623_012155/reports/tables/panel_specific_error_analysis.csv,.csv,42275,1782147929.5931165,temporary_or_cache,repository evidence,safe_delete_candidate,yes,no,heuristic audit; source-specific maps govern selection,experiment
.codex_backups/optuna_legacy_eval_20260623_012155/reports/tables/panel_unique_bootstrap_ci.csv,.csv,1513,1781645589.024821,temporary_or_cache,repository evidence,safe_delete_candidate,yes,no,heuristic audit; source-specific maps govern selection,experiment
.codex_backups/optuna_legacy_eval_20260623_012155/reports/tables/phase10_before_after_comparison.csv,.csv,1717,1782147932.2472045,temporary_or_cache,repository evidence,safe_delete_candidate,yes,no,heuristic audit; source-specific maps govern selection,experiment
.codex_backups/optuna_legacy_eval_20260623_012155/reports/tables/threshold_optimization.csv,.csv,14527,1782147396.6660054,temporary_or_cache,repository evidence,safe_delete_candidate,yes,no,heuristic audit; source-specific maps govern selection,experiment
.codex_backups/optuna_legacy_eval_20260623_012155/reports/tables/threshold_results.csv,.csv,170,1781814245.7454045,temporary_or_cache,repository evidence,safe_delete_candidate,yes,no,heuristic audit; source-specific maps govern selection,experiment
.codex_backups/optuna_legacy_eval_20260623_012155/reports/tables/validation_split_diagnostics.csv,.csv,375,1782147296.9464903,temporary_or_cache,repository evidence,safe_delete_candidate,yes,no,heuristic audit; source-specific maps govern selection,experiment
.codex_backups/optuna_legacy_eval_20260623_012155/reports/eda/figures/al_pca_cumulative_variance.png,.png,58350,1781630786.4690588,temporary_or_cache,repository evidence,safe_delete_candidate,yes,no,heuristic audit; source-specific maps govern selection,experiment
.codex_backups/optuna_legacy_eval_20260623_012155/reports/eda/figures/eda_model_feature_alignment.png,.png,50241,1781640602.655391,temporary_or_cache,repository evidence,safe_delete_candidate,yes,no,heuristic audit; source-specific maps govern selection,experiment
.codex_backups/optuna_legacy_eval_20260623_012155/reports/eda/figures/ek_spearman_correlation.png,.png,50477,1781630779.0488303,temporary_or_cache,repository evidence,safe_delete_candidate,yes,no,heuristic audit; source-specific maps govern selection,experiment
.codex_backups/optuna_legacy_eval_20260623_012155/reports/eda/figures/missingness_top80.png,.png,128762,1781630775.3261528,temporary_or_cache,repository evidence,safe_delete_candidate,yes,no,heuristic audit; source-specific maps govern selection,experiment
.codex_backups/optuna_legacy_eval_20260623_012155/reports/eda/figures/top10_numeric_boxplots.png,.png,110355,1781630783.2628007,temporary_or_cache,repository evidence,safe_delete_candidate,yes,no,heuristic audit; source-specific maps govern selection,experiment
.codex_backups/optuna_legacy_eval_20260623_012155/reports/eda/tables/eda_model_feature_alignment.csv,.csv,30605,1781640602.8044558,temporary_or_cache,repository evidence,safe_delete_candidate,yes,no,heuristic audit; source-specific maps govern selection,experiment
.codex_backups/optuna_legacy_eval_20260623_012155/reports/eda/tables/eda_panel_model_alignment.csv,.csv,409,1781640602.8081698,temporary_or_cache,repository evidence,safe_delete_candidate,yes,no,heuristic audit; source-specific maps govern selection,experiment
.codex_backups/optuna_legacy_eval_20260623_012155/reports/eda/tables/eda_to_model_decision_bridge.csv,.csv,1639,1781640602.8121097,temporary_or_cache,repository evidence,safe_delete_candidate,yes,no,heuristic audit; source-specific maps govern selection,experiment
.codex_backups/optuna_legacy_eval_20260623_012155/reports/eda/tables/phase1_constant_near_constant.csv,.csv,1721,1781630773.9238548,temporary_or_cache,repository evidence,safe_delete_candidate,yes,no,heuristic audit; source-specific maps govern selection,experiment
.codex_backups/optuna_legacy_eval_20260623_012155/reports/eda/tables/phase1_missingness_bands.csv,.csv,65,1781630773.9911308,temporary_or_cache,repository evidence,safe_delete_candidate,yes,no,heuristic audit; source-specific maps govern selection,experiment
.codex_backups/optuna_legacy_eval_20260623_012155/reports/eda/tables/phase1_missingness_profile.csv,.csv,13688,1781630773.9891198,temporary_or_cache,repository evidence,safe_delete_candidate,yes,no,heuristic audit; source-specific maps govern selection,experiment
.codex_backups/optuna_legacy_eval_20260623_012155/reports/eda/tables/phase1_overlaps.csv,.csv,233,1781630773.5675411,temporary_or_cache,repository evidence,safe_delete_candidate,yes,no,heuristic audit; source-specific maps govern selection,experiment
.codex_backups/optuna_legacy_eval_20260623_012155/reports/eda/tables/phase1_schema_class_balance.csv,.csv,298,1781630773.416092,temporary_or_cache,repository evidence,safe_delete_candidate,yes,no,heuristic audit; source-specific maps govern selection,experiment
.codex_backups/optuna_legacy_eval_20260623_012155/reports/eda/tables/phase2_aa_frequency.csv,.csv,619,1781630779.245296,temporary_or_cache,repository evidence,safe_delete_candidate,yes,no,heuristic audit; source-specific maps govern selection,experiment
.codex_backups/optuna_legacy_eval_20260623_012155/reports/eda/tables/phase2_aa_nonstandard_codes.csv,.csv,127,1781630779.2690392,temporary_or_cache,repository evidence,safe_delete_candidate,yes,no,heuristic audit; source-specific maps govern selection,experiment
.codex_backups/optuna_legacy_eval_20260623_012155/reports/eda/tables/phase2_aa_pairs.csv,.csv,1205,1781630779.2570605,temporary_or_cache,repository evidence,safe_delete_candidate,yes,no,heuristic audit; source-specific maps govern selection,experiment
.codex_backups/optuna_legacy_eval_20260623_012155/reports/eda/tables/phase2_al_distribution_summary.csv,.csv,48880,1781630777.4938831,temporary_or_cache,repository evidence,safe_delete_candidate,yes,no,heuristic audit; source-specific maps govern selection,experiment
.codex_backups/optuna_legacy_eval_20260623_012155/reports/eda/tables/phase2_al_groups_by_n_notna.csv,.csv,384,1781630777.5041785,temporary_or_cache,repository evidence,safe_delete_candidate,yes,no,heuristic audit; source-specific maps govern selection,experiment
.codex_backups/optuna_legacy_eval_20260623_012155/reports/eda/tables/phase2_cat_label_rates.csv,.csv,4145,1781630778.41022,temporary_or_cache,repository evidence,safe_delete_candidate,yes,no,heuristic audit; source-specific maps govern selection,experiment
.codex_backups/optuna_legacy_eval_20260623_012155/reports/eda/tables/phase2_cat_summary.csv,.csv,280,1781630778.3998725,temporary_or_cache,repository evidence,safe_delete_candidate,yes,no,heuristic audit; source-specific maps govern selection,experiment
.codex_backups/optuna_legacy_eval_20260623_012155/reports/eda/tables/phase2_ek_spearman_correlation.csv,.csv,1535,1781630779.2364013,temporary_or_cache,repository evidence,safe_delete_candidate,yes,no,heuristic audit; source-specific maps govern selection,experiment
.codex_backups/optuna_legacy_eval_20260623_012155/reports/eda/tables/phase2_ek_summary.csv,.csv,1364,1781630778.446193,temporary_or_cache,repository evidence,safe_delete_candidate,yes,no,heuristic audit; source-specific maps govern selection,experiment
.codex_backups/optuna_legacy_eval_20260623_012155/reports/eda/tables/phase3_missingness_as_feature.csv,.csv,36720,1781630785.1929584,temporary_or_cache,repository evidence,safe_delete_candidate,yes,no,heuristic audit; source-specific maps govern selection,experiment
.codex_backups/optuna_legacy_eval_20260623_012155/reports/eda/tables/phase3_numeric_auc_ranked.csv,.csv,28559,1781630781.3051312,temporary_or_cache,repository evidence,safe_delete_candidate,yes,no,heuristic audit; source-specific maps govern selection,experiment
.codex_backups/optuna_legacy_eval_20260623_012155/reports/eda/tables/phase4_al_pca.csv,.csv,974,1781630786.614694,temporary_or_cache,repository evidence,safe_delete_candidate,yes,no,heuristic audit; source-specific maps govern selection,experiment
.codex_backups/optuna_legacy_eval_20260623_012155/reports/eda/tables/phase4_al_triplet_correlations.csv,.csv,8540,1781630785.4436731,temporary_or_cache,repository evidence,safe_delete_candidate,yes,no,heuristic audit; source-specific maps govern selection,experiment
.codex_backups/optuna_legacy_eval_20260623_012155/reports/eda/tables/phase4_cross_group_spearman.csv,.csv,4537,1781630785.5100904,temporary_or_cache,repository evidence,safe_delete_candidate,yes,no,heuristic audit; source-specific maps govern selection,experiment
.codex_backups/optuna_legacy_eval_20260623_012155/reports/eda/tables/phase4_high_cross_group_correlations.csv,.csv,173,1781630785.5169148,temporary_or_cache,repository evidence,safe_delete_candidate,yes,no,heuristic audit; source-specific maps govern selection,experiment
.codex_backups/optuna_legacy_eval_20260623_012155/reports/eda/tables/phase4_leakage_suspects.csv,.csv,79,1781630786.6188467,temporary_or_cache,repository evidence,safe_delete_candidate,yes,no,heuristic audit; source-specific maps govern selection,experiment
.codex_backups/optuna_legacy_eval_20260623_012155/reports/eda/tables/phase5_panel_unique_vs_shared.csv,.csv,536,1781630787.8501284,temporary_or_cache,repository evidence,safe_delete_candidate,yes,no,heuristic audit; source-specific maps govern selection,experiment
.codex_backups/optuna_legacy_eval_20260623_012155/reports/eda/tables/phase5_top10_cross_dataset_shift.csv,.csv,4119,1781630787.057578,temporary_or_cache,repository evidence,safe_delete_candidate,yes,no,heuristic audit; source-specific maps govern selection,experiment
.codex_backups/optuna_legacy_eval_20260623_012155/reports/eda/tables/phase6_acmg_interpretation.csv,.csv,3298,1781630787.8564482,temporary_or_cache,repository evidence,safe_delete_candidate,yes,no,heuristic audit; source-specific maps govern selection,experiment
.codex_backups/optuna_legacy_eval_20260623_012155/reports/eda_notebook_outputs/figures/al_pca_cumulative_variance.png,.png,58350,1781631304.4450939,temporary_or_cache,repository evidence,safe_delete_candidate,yes,no,heuristic audit; source-specific maps govern selection,experiment
.codex_backups/optuna_legacy_eval_20260623_012155/reports/eda_notebook_outputs/figures/ek_spearman_correlation.png,.png,50477,1781631291.0614507,temporary_or_cache,repository evidence,safe_delete_candidate,yes,no,heuristic audit; source-specific maps govern selection,experiment
.codex_backups/optuna_legacy_eval_20260623_012155/reports/eda_notebook_outputs/figures/missingness_top80.png,.png,130462,1781631284.9772508,temporary_or_cache,repository evidence,safe_delete_candidate,yes,no,heuristic audit; source-specific maps govern selection,experiment
.codex_backups/optuna_legacy_eval_20260623_012155/reports/eda_notebook_outputs/figures/top10_numeric_boxplots.png,.png,110355,1781631299.9254391,temporary_or_cache,repository evidence,safe_delete_candidate,yes,no,heuristic audit; source-specific maps govern selection,experiment
.codex_backups/optuna_legacy_eval_20260623_012155/reports/eda_notebook_outputs/tables/phase1_constant_near_constant.csv,.csv,1721,1781631283.7849038,temporary_or_cache,repository evidence,safe_delete_candidate,yes,no,heuristic audit; source-specific maps govern selection,experiment
.codex_backups/optuna_legacy_eval_20260623_012155/reports/eda_notebook_outputs/tables/phase1_missingness_profile.csv,.csv,13688,1781631283.8422153,temporary_or_cache,repository evidence,safe_delete_candidate,yes,no,heuristic audit; source-specific maps govern selection,experiment
.codex_backups/optuna_legacy_eval_20260623_012155/reports/eda_notebook_outputs/tables/phase1_overlaps.csv,.csv,233,1781631283.4980545,temporary_or_cache,repository evidence,safe_delete_candidate,yes,no,heuristic audit; source-specific maps govern selection,experiment
.codex_backups/optuna_legacy_eval_20260623_012155/reports/eda_notebook_outputs/tables/phase1_schema_class_balance.csv,.csv,298,1781631283.297918,temporary_or_cache,repository evidence,safe_delete_candidate,yes,no,heuristic audit; source-specific maps govern selection,experiment
.codex_backups/optuna_legacy_eval_20260623_012155/reports/eda_notebook_outputs/tables/phase2_aa_frequency.csv,.csv,619,1781631291.5290456,temporary_or_cache,repository evidence,safe_delete_candidate,yes,no,heuristic audit; source-specific maps govern selection,experiment
.codex_backups/optuna_legacy_eval_20260623_012155/reports/eda_notebook_outputs/tables/phase2_aa_pairs.csv,.csv,1205,1781631291.5483415,temporary_or_cache,repository evidence,safe_delete_candidate,yes,no,heuristic audit; source-specific maps govern selection,experiment
.codex_backups/optuna_legacy_eval_20260623_012155/reports/eda_notebook_outputs/tables/phase2_al_distribution_summary.csv,.csv,48880,1781631288.9183722,temporary_or_cache,repository evidence,safe_delete_candidate,yes,no,heuristic audit; source-specific maps govern selection,experiment
.codex_backups/optuna_legacy_eval_20260623_012155/reports/eda_notebook_outputs/tables/phase2_al_groups_by_n_notna.csv,.csv,384,1781631288.9375405,temporary_or_cache,repository evidence,safe_delete_candidate,yes,no,heuristic audit; source-specific maps govern selection,experiment
.codex_backups/optuna_legacy_eval_20260623_012155/reports/eda_notebook_outputs/tables/phase2_cat_label_rates.csv,.csv,4145,1781631290.2956016,temporary_or_cache,repository evidence,safe_delete_candidate,yes,no,heuristic audit; source-specific maps govern selection,experiment
.codex_backups/optuna_legacy_eval_20260623_012155/reports/eda_notebook_outputs/tables/phase2_cat_summary.csv,.csv,280,1781631290.290273,temporary_or_cache,repository evidence,safe_delete_candidate,yes,no,heuristic audit; source-specific maps govern selection,experiment
.codex_backups/optuna_legacy_eval_20260623_012155/reports/eda_notebook_outputs/tables/phase2_ek_spearman_correlation.csv,.csv,1535,1781631290.457364,temporary_or_cache,repository evidence,safe_delete_candidate,yes,no,heuristic audit; source-specific maps govern selection,experiment
.codex_backups/optuna_legacy_eval_20260623_012155/reports/eda_notebook_outputs/tables/phase2_ek_summary.csv,.csv,1364,1781631290.395697,temporary_or_cache,repository evidence,safe_delete_candidate,yes,no,heuristic audit; source-specific maps govern selection,experiment
.codex_backups/optuna_legacy_eval_20260623_012155/reports/eda_notebook_outputs/tables/phase3_missingness_as_feature.csv,.csv,29754,1781631296.769734,temporary_or_cache,repository evidence,safe_delete_candidate,yes,no,heuristic audit; source-specific maps govern selection,experiment
.codex_backups/optuna_legacy_eval_20260623_012155/reports/eda_notebook_outputs/tables/phase3_numeric_auc_ranked.csv,.csv,28559,1781631294.83849,temporary_or_cache,repository evidence,safe_delete_candidate,yes,no,heuristic audit; source-specific maps govern selection,experiment
.codex_backups/optuna_legacy_eval_20260623_012155/reports/eda_notebook_outputs/tables/phase4_al_pca.csv,.csv,974,1781631303.8631487,temporary_or_cache,repository evidence,safe_delete_candidate,yes,no,heuristic audit; source-specific maps govern selection,experiment
.codex_backups/optuna_legacy_eval_20260623_012155/reports/eda_notebook_outputs/tables/phase4_al_triplet_correlations.csv,.csv,8540,1781631302.969027,temporary_or_cache,repository evidence,safe_delete_candidate,yes,no,heuristic audit; source-specific maps govern selection,experiment
.codex_backups/optuna_legacy_eval_20260623_012155/reports/eda_notebook_outputs/tables/phase4_cross_group_spearman.csv,.csv,4537,1781631303.1294737,temporary_or_cache,repository evidence,safe_delete_candidate,yes,no,heuristic audit; source-specific maps govern selection,experiment
.codex_backups/optuna_legacy_eval_20260623_012155/reports/eda_notebook_outputs/tables/phase4_high_cross_group_correlations.csv,.csv,173,1781631303.1456125,temporary_or_cache,repository evidence,safe_delete_candidate,yes,no,heuristic audit; source-specific maps govern selection,experiment
.codex_backups/optuna_legacy_eval_20260623_012155/reports/eda_notebook_outputs/tables/phase4_leakage_suspects.csv,.csv,79,1781631304.8152707,temporary_or_cache,repository evidence,safe_delete_candidate,yes,no,heuristic audit; source-specific maps govern selection,experiment
.codex_backups/optuna_legacy_eval_20260623_012155/reports/eda_notebook_outputs/tables/phase5_panel_unique_vs_shared.csv,.csv,536,1781631306.7685204,temporary_or_cache,repository evidence,safe_delete_candidate,yes,no,heuristic audit; source-specific maps govern selection,experiment
.codex_backups/optuna_legacy_eval_20260623_012155/reports/eda_notebook_outputs/tables/phase5_top10_cross_dataset_shift.csv,.csv,4119,1781631305.1784267,temporary_or_cache,repository evidence,safe_delete_candidate,yes,no,heuristic audit; source-specific maps govern selection,experiment
.codex_backups/optuna_legacy_eval_20260623_012155/reports/eda_notebook_outputs/tables/phase6_acmg_interpretation.csv,.csv,3298,1781631306.8861322,temporary_or_cache,repository evidence,safe_delete_candidate,yes,no,heuristic audit; source-specific maps govern selection,experiment
.codex_backups/optuna_legacy_eval_20260623_012155/reports/figures/experiments/experiment_001_initial/advanced_threshold_comparison.png,.png,86591,1781648679.3485985,temporary_or_cache,repository evidence,safe_delete_candidate,yes,no,heuristic audit; source-specific maps govern selection,experiment
.codex_backups/optuna_legacy_eval_20260623_012155/reports/figures/experiments/experiment_001_initial/brier_logloss_comparison.png,.png,42803,1781648782.9654033,temporary_or_cache,repository evidence,safe_delete_candidate,yes,no,heuristic audit; source-specific maps govern selection,experiment
.codex_backups/optuna_legacy_eval_20260623_012155/reports/figures/experiments/experiment_001_initial/calibration_curves.png,.png,127938,1781648782.5050404,temporary_or_cache,repository evidence,safe_delete_candidate,yes,no,heuristic audit; source-specific maps govern selection,experiment
.codex_backups/optuna_legacy_eval_20260623_012155/reports/figures/experiments/experiment_001_initial/class_distribution_by_dataset.png,.png,136109,1781646603.7564251,temporary_or_cache,repository evidence,safe_delete_candidate,yes,no,heuristic audit; source-specific maps govern selection,experiment
.codex_backups/optuna_legacy_eval_20260623_012155/reports/figures/experiments/experiment_001_initial/confusion_matrix_cftr_unique.png,.png,84102,1781646581.319234,temporary_or_cache,repository evidence,safe_delete_candidate,yes,no,heuristic audit; source-specific maps govern selection,experiment
.codex_backups/optuna_legacy_eval_20260623_012155/reports/figures/experiments/experiment_001_initial/confusion_matrix_kanser_unique.png,.png,92877,1781646579.426136,temporary_or_cache,repository evidence,safe_delete_candidate,yes,no,heuristic audit; source-specific maps govern selection,experiment
.codex_backups/optuna_legacy_eval_20260623_012155/reports/figures/experiments/experiment_001_initial/confusion_matrix_master.png,.png,108099,1781646578.6262467,temporary_or_cache,repository evidence,safe_delete_candidate,yes,no,heuristic audit; source-specific maps govern selection,experiment
.codex_backups/optuna_legacy_eval_20260623_012155/reports/figures/experiments/experiment_001_initial/confusion_matrix_pah_unique.png,.png,89661,1781646580.3159144,temporary_or_cache,repository evidence,safe_delete_candidate,yes,no,heuristic audit; source-specific maps govern selection,experiment
.codex_backups/optuna_legacy_eval_20260623_012155/reports/figures/experiments/experiment_001_initial/confusion_matrix_panel_unique_combined.png,.png,95487,1781646582.2441325,temporary_or_cache,repository evidence,safe_delete_candidate,yes,no,heuristic audit; source-specific maps govern selection,experiment
.codex_backups/optuna_legacy_eval_20260623_012155/reports/figures/experiments/experiment_001_initial/correlation_matrix_top_features.png,.png,335912,1781646562.866516,temporary_or_cache,repository evidence,safe_delete_candidate,yes,no,heuristic audit; source-specific maps govern selection,experiment
.codex_backups/optuna_legacy_eval_20260623_012155/reports/figures/experiments/experiment_001_initial/error_analysis_key_features.png,.png,184959,1781646623.563907,temporary_or_cache,repository evidence,safe_delete_candidate,yes,no,heuristic audit; source-specific maps govern selection,experiment
.codex_backups/optuna_legacy_eval_20260623_012155/reports/figures/experiments/experiment_001_initial/feature_group_ablation_comparison.png,.png,105542,1781649292.901658,temporary_or_cache,repository evidence,safe_delete_candidate,yes,no,heuristic audit; source-specific maps govern selection,experiment
.codex_backups/optuna_legacy_eval_20260623_012155/reports/figures/experiments/experiment_001_initial/feature_importance.png,.png,62847,1781630045.6815517,temporary_or_cache,repository evidence,safe_delete_candidate,yes,no,heuristic audit; source-specific maps govern selection,experiment
.codex_backups/optuna_legacy_eval_20260623_012155/reports/figures/experiments/experiment_001_initial/feature_importance_top30.png,.png,152299,1781646602.8577204,temporary_or_cache,repository evidence,safe_delete_candidate,yes,no,heuristic audit; source-specific maps govern selection,experiment
.codex_backups/optuna_legacy_eval_20260623_012155/reports/figures/experiments/experiment_001_initial/final_calibration_curve.png,.png,127938,1781648782.5050404,temporary_or_cache,repository evidence,safe_delete_candidate,yes,no,heuristic audit; source-specific maps govern selection,final
.codex_backups/optuna_legacy_eval_20260623_012155/reports/figures/experiments/experiment_001_initial/final_calibration_decision_plot.png,.png,57585,1781812257.5306861,temporary_or_cache,repository evidence,safe_delete_candidate,yes,no,heuristic audit; source-specific maps govern selection,final
.codex_backups/optuna_legacy_eval_20260623_012155/reports/figures/experiments/experiment_001_initial/final_confusion_matrix_master.png,.png,108099,1781648478.546499,temporary_or_cache,repository evidence,safe_delete_candidate,yes,no,heuristic audit; source-specific maps govern selection,final
.codex_backups/optuna_legacy_eval_20260623_012155/reports/figures/experiments/experiment_001_initial/final_error_group_feature_distributions.png,.png,87133,1781812167.5157337,temporary_or_cache,repository evidence,safe_delete_candidate,yes,no,heuristic audit; source-specific maps govern selection,final
.codex_backups/optuna_legacy_eval_20260623_012155/reports/figures/experiments/experiment_001_initial/final_feature_importance.png,.png,62847,1781630045.6815517,temporary_or_cache,repository evidence,safe_delete_candidate,yes,no,heuristic audit; source-specific maps govern selection,final
.codex_backups/optuna_legacy_eval_20260623_012155/reports/figures/experiments/experiment_001_initial/final_feature_importance_top30.png,.png,87821,1781812171.2410417,temporary_or_cache,repository evidence,safe_delete_candidate,yes,no,heuristic audit; source-specific maps govern selection,final
.codex_backups/optuna_legacy_eval_20260623_012155/reports/figures/experiments/experiment_001_initial/final_fp_fn_feature_contrast.png,.png,61488,1781812168.211178,temporary_or_cache,repository evidence,safe_delete_candidate,yes,no,heuristic audit; source-specific maps govern selection,final
.codex_backups/optuna_legacy_eval_20260623_012155/reports/figures/experiments/experiment_001_initial/final_model_comparison.png,.png,107813,1781646625.9793649,temporary_or_cache,repository evidence,safe_delete_candidate,yes,no,heuristic audit; source-specific maps govern selection,final
.codex_backups/optuna_legacy_eval_20260623_012155/reports/figures/experiments/experiment_001_initial/final_panel_specific_confusion_matrices.png,.png,36958,1781812170.2258584,temporary_or_cache,repository evidence,safe_delete_candidate,yes,no,heuristic audit; source-specific maps govern selection,final
.codex_backups/optuna_legacy_eval_20260623_012155/reports/figures/experiments/experiment_001_initial/final_panel_specific_metric_comparison.png,.png,61429,1781812169.16269,temporary_or_cache,repository evidence,safe_delete_candidate,yes,no,heuristic audit; source-specific maps govern selection,final
.codex_backups/optuna_legacy_eval_20260623_012155/reports/figures/experiments/experiment_001_initial/final_pr_curve_master.png,.png,114868,1781648482.0984569,temporary_or_cache,repository evidence,safe_delete_candidate,yes,no,heuristic audit; source-specific maps govern selection,final
.codex_backups/optuna_legacy_eval_20260623_012155/reports/figures/experiments/experiment_001_initial/final_roc_curve_master.png,.png,129207,1781648481.5066822,temporary_or_cache,repository evidence,safe_delete_candidate,yes,no,heuristic audit; source-specific maps govern selection,final
.codex_backups/optuna_legacy_eval_20260623_012155/reports/figures/experiments/experiment_001_initial/final_threshold_analysis.png,.png,119718,1781648678.5715191,temporary_or_cache,repository evidence,safe_delete_candidate,yes,no,heuristic audit; source-specific maps govern selection,final
.codex_backups/optuna_legacy_eval_20260623_012155/reports/figures/experiments/experiment_001_initial/fold_threshold_distribution.png,.png,39189,1781648736.6026633,temporary_or_cache,repository evidence,safe_delete_candidate,yes,no,heuristic audit; source-specific maps govern selection,experiment
.codex_backups/optuna_legacy_eval_20260623_012155/reports/figures/experiments/experiment_001_initial/missingness_by_feature_group.png,.png,84214,1781646604.5893722,temporary_or_cache,repository evidence,safe_delete_candidate,yes,no,heuristic audit; source-specific maps govern selection,experiment
.codex_backups/optuna_legacy_eval_20260623_012155/reports/figures/experiments/experiment_001_initial/model_comparison.png,.png,66194,1781645351.620504,temporary_or_cache,repository evidence,safe_delete_candidate,yes,no,heuristic audit; source-specific maps govern selection,experiment
.codex_backups/optuna_legacy_eval_20260623_012155/reports/figures/experiments/experiment_001_initial/model_comparison_metrics.png,.png,218707,1781646601.4989383,temporary_or_cache,repository evidence,safe_delete_candidate,yes,no,heuristic audit; source-specific maps govern selection,experiment
.codex_backups/optuna_legacy_eval_20260623_012155/reports/figures/experiments/experiment_001_initial/panel_confusion_matrices.png,.png,43865,1781649295.7342422,temporary_or_cache,repository evidence,safe_delete_candidate,yes,no,heuristic audit; source-specific maps govern selection,experiment
.codex_backups/optuna_legacy_eval_20260623_012155/reports/figures/experiments/experiment_001_initial/panel_error_feature_distributions.png,.png,124442,1781649298.618883,temporary_or_cache,repository evidence,safe_delete_candidate,yes,no,heuristic audit; source-specific maps govern selection,experiment
.codex_backups/optuna_legacy_eval_20260623_012155/reports/figures/experiments/experiment_001_initial/phase10_before_after_comparison.png,.png,81403,1781812162.20112,temporary_or_cache,repository evidence,safe_delete_candidate,yes,no,heuristic audit; source-specific maps govern selection,experiment
.codex_backups/optuna_legacy_eval_20260623_012155/reports/figures/experiments/experiment_001_initial/pr_curve_master.png,.png,114868,1781646583.651016,temporary_or_cache,repository evidence,safe_delete_candidate,yes,no,heuristic audit; source-specific maps govern selection,experiment
.codex_backups/optuna_legacy_eval_20260623_012155/reports/figures/experiments/experiment_001_initial/pr_curve_panel_unique.png,.png,154268,1781646585.9427228,temporary_or_cache,repository evidence,safe_delete_candidate,yes,no,heuristic audit; source-specific maps govern selection,experiment
.codex_backups/optuna_legacy_eval_20260623_012155/reports/figures/experiments/experiment_001_initial/roc_curve_master.png,.png,129207,1781646582.9820454,temporary_or_cache,repository evidence,safe_delete_candidate,yes,no,heuristic audit; source-specific maps govern selection,experiment
.codex_backups/optuna_legacy_eval_20260623_012155/reports/figures/experiments/experiment_001_initial/roc_curve_panel_unique.png,.png,147580,1781646584.615459,temporary_or_cache,repository evidence,safe_delete_candidate,yes,no,heuristic audit; source-specific maps govern selection,experiment
.codex_backups/optuna_legacy_eval_20260623_012155/reports/figures/experiments/experiment_001_initial/threshold_comparison.png,.png,25939,1781645351.0591152,temporary_or_cache,repository evidence,safe_delete_candidate,yes,no,heuristic audit; source-specific maps govern selection,experiment
.codex_backups/optuna_legacy_eval_20260623_012155/reports/figures/experiments/experiment_001_initial/threshold_metric_curves.png,.png,119718,1781648678.5715191,temporary_or_cache,repository evidence,safe_delete_candidate,yes,no,heuristic audit; source-specific maps govern selection,experiment
.codex_backups/optuna_legacy_eval_20260623_012155/reports/figures/experiments/experiment_001_initial/threshold_optimization.png,.png,220571,1781646600.2217436,temporary_or_cache,repository evidence,safe_delete_candidate,yes,no,heuristic audit; source-specific maps govern selection,experiment
.codex_backups/optuna_legacy_eval_20260623_012155/reports/figures/experiments/experiment_001_initial/train_vs_validation_metrics.png,.png,106006,1781649291.6438367,temporary_or_cache,repository evidence,safe_delete_candidate,yes,no,heuristic audit; source-specific maps govern selection,experiment
.codex_backups/v3_baseline_freeze_20260624_150902/reports/calibration_decision_review.md,.md,2787,1782147933.5918183,temporary_or_cache,repository evidence,safe_delete_candidate,yes,no,heuristic audit; source-specific maps govern selection,experiment
.codex_backups/v3_baseline_freeze_20260624_150902/reports/current_results_verification.md,.md,995,1782147430.3789842,temporary_or_cache,repository evidence,safe_delete_candidate,yes,no,heuristic audit; source-specific maps govern selection,experiment
.codex_backups/v3_baseline_freeze_20260624_150902/reports/final_competition_repository_audit.md,.md,3199,1782090631.6151571,temporary_or_cache,repository evidence,safe_delete_candidate,yes,no,heuristic audit; source-specific maps govern selection,final
.codex_backups/v3_baseline_freeze_20260624_150902/reports/final_ensemble_decision.md,.md,2732,1782146528.6782124,temporary_or_cache,repository evidence,safe_delete_candidate,yes,no,heuristic audit; source-specific maps govern selection,final
.codex_backups/v3_baseline_freeze_20260624_150902/reports/final_feature_interpretation.md,.md,705,1782147942.4105022,temporary_or_cache,repository evidence,safe_delete_candidate,yes,no,heuristic audit; source-specific maps govern selection,final
.codex_backups/v3_baseline_freeze_20260624_150902/reports/final_inference_audit.md,.md,215,1782166149.3644013,temporary_or_cache,repository evidence,safe_delete_candidate,yes,no,heuristic audit; source-specific maps govern selection,final
.codex_backups/v3_baseline_freeze_20260624_150902/reports/final_medical_metric_summary.md,.md,2908,1782148044.9539545,temporary_or_cache,repository evidence,safe_delete_candidate,yes,no,heuristic audit; source-specific maps govern selection,final
.codex_backups/v3_baseline_freeze_20260624_150902/reports/final_metric_verification_audit.md,.md,1453,1782147932.2306952,temporary_or_cache,repository evidence,safe_delete_candidate,yes,no,heuristic audit; source-specific maps govern selection,final
.codex_backups/v3_baseline_freeze_20260624_150902/reports/final_model_report_summary.md,.md,3708,1782147942.7848809,temporary_or_cache,repository evidence,safe_delete_candidate,yes,no,heuristic audit; source-specific maps govern selection,final
.codex_backups/v3_baseline_freeze_20260624_150902/reports/final_model_selection_decision.md,.md,11407,1782148101.1590407,temporary_or_cache,repository evidence,safe_delete_candidate,yes,no,heuristic audit; source-specific maps govern selection,final
.codex_backups/v3_baseline_freeze_20260624_150902/reports/final_model_strength_statement.md,.md,753,1782147942.4273064,temporary_or_cache,repository evidence,safe_delete_candidate,yes,no,heuristic audit; source-specific maps govern selection,final
.codex_backups/v3_baseline_freeze_20260624_150902/reports/final_performance_analysis.md,.md,3527,1782147942.5267177,temporary_or_cache,repository evidence,safe_delete_candidate,yes,no,heuristic audit; source-specific maps govern selection,final
.codex_backups/v3_baseline_freeze_20260624_150902/reports/final_test_performance_report.md,.md,1300,1782165459.0606632,temporary_or_cache,repository evidence,safe_delete_candidate,yes,no,heuristic audit; source-specific maps govern selection,final
.codex_backups/v3_baseline_freeze_20260624_150902/reports/implementation_checklist.md,.md,5485,1782090175.7022004,temporary_or_cache,repository evidence,safe_delete_candidate,yes,no,heuristic audit; source-specific maps govern selection,experiment
.codex_backups/v3_baseline_freeze_20260624_150902/reports/model_diagnosis.md,.md,393,1782147429.1190252,temporary_or_cache,repository evidence,safe_delete_candidate,yes,no,heuristic audit; source-specific maps govern selection,experiment
.codex_backups/v3_baseline_freeze_20260624_150902/reports/model_performance_audit.md,.md,2735,1781816073.5849152,temporary_or_cache,repository evidence,safe_delete_candidate,yes,no,heuristic audit; source-specific maps govern selection,experiment
.codex_backups/v3_baseline_freeze_20260624_150902/reports/model_performance_improvement_report.md,.md,6204,1781816073.7071764,temporary_or_cache,repository evidence,safe_delete_candidate,yes,no,heuristic audit; source-specific maps govern selection,experiment
.codex_backups/v3_baseline_freeze_20260624_150902/reports/model_zoo_summary.md,.md,1878,1782093873.2478733,temporary_or_cache,repository evidence,safe_delete_candidate,yes,no,heuristic audit; source-specific maps govern selection,experiment
.codex_backups/v3_baseline_freeze_20260624_150902/reports/optuna_medical_optimization_report.md,.md,3682,1782163202.5311084,temporary_or_cache,repository evidence,safe_delete_candidate,yes,no,heuristic audit; source-specific maps govern selection,experiment
.codex_backups/v3_baseline_freeze_20260624_150902/reports/panel_specific_final_interpretation.md,.md,549,1782147940.5924537,temporary_or_cache,repository evidence,safe_delete_candidate,yes,no,heuristic audit; source-specific maps govern selection,final
.codex_backups/v3_baseline_freeze_20260624_150902/artifacts/metrics/feature_list.json,.json,5696,1782147297.9536505,temporary_or_cache,repository evidence,safe_delete_candidate,yes,no,heuristic audit; source-specific maps govern selection,experiment
.codex_backups/v3_baseline_freeze_20260624_150902/artifacts/metrics/final_config.json,.json,712,1782147892.9883006,temporary_or_cache,repository evidence,safe_delete_candidate,yes,no,heuristic audit; source-specific maps govern selection,final
.codex_backups/v3_baseline_freeze_20260624_150902/artifacts/metrics/final_feature_list.json,.json,5696,1782147297.9536505,temporary_or_cache,repository evidence,safe_delete_candidate,yes,no,heuristic audit; source-specific maps govern selection,final
.codex_backups/v3_baseline_freeze_20260624_150902/artifacts/metrics/final_metrics.json,.json,1465,1782147892.9862876,temporary_or_cache,repository evidence,safe_delete_candidate,yes,no,heuristic audit; source-specific maps govern selection,final
.codex_backups/v3_baseline_freeze_20260624_150902/artifacts/metrics/final_model_decision.json,.json,7382,1782148100.8135684,temporary_or_cache,repository evidence,safe_delete_candidate,yes,no,heuristic audit; source-specific maps govern selection,final
.codex_backups/v3_baseline_freeze_20260624_150902/artifacts/metrics/final_threshold.json,.json,250,1782147892.9842708,temporary_or_cache,repository evidence,safe_delete_candidate,yes,no,heuristic audit; source-specific maps govern selection,final
.codex_backups/v3_baseline_freeze_20260624_150902/artifacts/metrics/optuna_medical_best_params.json,.json,2766,1782163202.0827844,temporary_or_cache,repository evidence,safe_delete_candidate,yes,no,heuristic audit; source-specific maps govern selection,experiment
.codex_backups/v3_baseline_freeze_20260624_150902/artifacts/models/final_model.pkl,.pkl,1217444,1782147892.9573295,temporary_or_cache,repository evidence,safe_delete_candidate,yes,no,heuristic audit; source-specific maps govern selection,final
.codex_backups/v3_baseline_freeze_20260624_150902/artifacts/models/final_model_columns.txt,.txt,3495,1782147892.9724417,temporary_or_cache,repository evidence,safe_delete_candidate,yes,no,heuristic audit; source-specific maps govern selection,final
.codex_backups/v3_baseline_freeze_20260624_150902/artifacts/models/lightgbm_final.joblib,.joblib,9797876,1781640132.795956,temporary_or_cache,repository evidence,safe_delete_candidate,yes,no,heuristic audit; source-specific maps govern selection,final
.codex_backups/v3_baseline_freeze_20260624_150902/artifacts/models/model_columns.txt,.txt,3495,1781640132.7989454,temporary_or_cache,repository evidence,safe_delete_candidate,yes,no,heuristic audit; source-specific maps govern selection,experiment
.codex_backups/v3_baseline_freeze_20260624_150902/artifacts/predictions/final_ensemble_oof_predictions.csv,.csv,408134,1782146528.5375645,temporary_or_cache,repository evidence,safe_delete_candidate,yes,no,heuristic audit; source-specific maps govern selection,final
.codex_backups/v3_baseline_freeze_20260624_150902/artifacts/predictions/final_ensemble_panel_predictions.csv,.csv,52933,1782146528.5534077,temporary_or_cache,repository evidence,safe_delete_candidate,yes,no,heuristic audit; source-specific maps govern selection,final
.codex_backups/v3_baseline_freeze_20260624_150902/artifacts/predictions/final_master_cv_predictions.csv,.csv,220660,1782147927.254013,temporary_or_cache,repository evidence,safe_delete_candidate,yes,no,heuristic audit; source-specific maps govern selection,final
.codex_backups/v3_baseline_freeze_20260624_150902/artifacts/predictions/final_panel_predictions.csv,.csv,29330,1782147927.9692116,temporary_or_cache,repository evidence,safe_delete_candidate,yes,no,heuristic audit; source-specific maps govern selection,final
.codex_backups/v3_baseline_freeze_20260624_150902/artifacts/predictions/master_cv_model_predictions_phase9.csv,.csv,1178574,1782147304.375823,temporary_or_cache,repository evidence,safe_delete_candidate,yes,no,heuristic audit; source-specific maps govern selection,experiment
.codex_backups/v3_baseline_freeze_20260624_150902/artifacts/predictions/model_zoo_oof_predictions.csv,.csv,317968,1782093873.1795151,temporary_or_cache,repository evidence,safe_delete_candidate,yes,no,heuristic audit; source-specific maps govern selection,experiment
.codex_backups/v3_baseline_freeze_20260624_150902/artifacts/predictions/model_zoo_panel_predictions.csv,.csv,41687,1782093873.189744,temporary_or_cache,repository evidence,safe_delete_candidate,yes,no,heuristic audit; source-specific maps govern selection,experiment
.codex_backups/v3_baseline_freeze_20260624_150902/artifacts/predictions/oof_predictions.csv,.csv,140654,1781635061.6934474,temporary_or_cache,repository evidence,safe_delete_candidate,yes,no,heuristic audit; source-specific maps govern selection,experiment
.codex_backups/v3_baseline_freeze_20260624_150902/artifacts/predictions/optuna_medical_candidate_oof_predictions.csv,.csv,190893,1782163199.875496,temporary_or_cache,repository evidence,safe_delete_candidate,yes,no,heuristic audit; source-specific maps govern selection,experiment
.codex_backups/v3_baseline_freeze_20260624_150902/artifacts/predictions/optuna_medical_candidate_panel_predictions.csv,.csv,19912,1782163199.882495,temporary_or_cache,repository evidence,safe_delete_candidate,yes,no,heuristic audit; source-specific maps govern selection,experiment
.codex_backups/v3_baseline_freeze_20260624_150902/artifacts/predictions/panel_unique_model_predictions_phase9.csv,.csv,21316,1782147353.8926191,temporary_or_cache,repository evidence,safe_delete_candidate,yes,no,heuristic audit; source-specific maps govern selection,experiment
.codex_backups/v3_baseline_freeze_20260624_150902/artifacts/predictions/panel_unique_predictions.csv,.csv,19465,1781640133.454593,temporary_or_cache,repository evidence,safe_delete_candidate,yes,no,heuristic audit; source-specific maps govern selection,experiment
.codex_backups/v3_baseline_freeze_20260624_150902/artifacts/preprocessors/feature_engineer.joblib,.joblib,40787,1781640132.263795,temporary_or_cache,repository evidence,safe_delete_candidate,yes,no,heuristic audit; source-specific maps govern selection,experiment
.codex_backups/v3_baseline_freeze_20260624_150902/artifacts/preprocessors/final_preprocessor.pkl,.pkl,40787,1782147892.9684153,temporary_or_cache,repository evidence,safe_delete_candidate,yes,no,heuristic audit; source-specific maps govern selection,final
.codex_backups/v3_baseline_freeze_20260624_150902/artifacts/metrics/experiments/experiment_001_initial/all_evaluation_metrics.csv,.csv,9901,1781646559.6284428,temporary_or_cache,repository evidence,safe_delete_candidate,yes,no,heuristic audit; source-specific maps govern selection,experiment
.codex_backups/v3_baseline_freeze_20260624_150902/artifacts/metrics/experiments/experiment_001_initial/config.json,.json,174,1782147428.885541,temporary_or_cache,repository evidence,safe_delete_candidate,yes,no,heuristic audit; source-specific maps govern selection,experiment
.codex_backups/v3_baseline_freeze_20260624_150902/artifacts/metrics/experiments/experiment_001_initial/diagnosis.md,.md,212,1782147428.887556,temporary_or_cache,repository evidence,safe_delete_candidate,yes,no,heuristic audit; source-specific maps govern selection,experiment
.codex_backups/v3_baseline_freeze_20260624_150902/artifacts/metrics/experiments/experiment_001_initial/error_analysis.csv,.csv,4952,1781645351.8106694,temporary_or_cache,repository evidence,safe_delete_candidate,yes,no,heuristic audit; source-specific maps govern selection,experiment
.codex_backups/v3_baseline_freeze_20260624_150902/artifacts/metrics/experiments/experiment_001_initial/feature_importance.csv,.csv,10363,1781630045.2625988,temporary_or_cache,repository evidence,safe_delete_candidate,yes,no,heuristic audit; source-specific maps govern selection,experiment
.codex_backups/v3_baseline_freeze_20260624_150902/artifacts/metrics/experiments/experiment_001_initial/main_model_cv_results.csv,.csv,3750,1781645351.1696656,temporary_or_cache,repository evidence,safe_delete_candidate,yes,no,heuristic audit; source-specific maps govern selection,experiment
.codex_backups/v3_baseline_freeze_20260624_150902/artifacts/metrics/experiments/experiment_001_initial/metrics.csv,.csv,2439,1782147428.8835256,temporary_or_cache,repository evidence,safe_delete_candidate,yes,no,heuristic audit; source-specific maps govern selection,experiment
.codex_backups/v3_baseline_freeze_20260624_150902/artifacts/metrics/experiments/experiment_001_initial/panel_generalization_results.csv,.csv,147,1781645351.8048775,temporary_or_cache,repository evidence,safe_delete_candidate,yes,no,heuristic audit; source-specific maps govern selection,experiment
.codex_backups/v3_baseline_freeze_20260624_150902/artifacts/metrics/experiments/experiment_001_initial/threshold_results.csv,.csv,170,1781645349.800034,temporary_or_cache,repository evidence,safe_delete_candidate,yes,no,heuristic audit; source-specific maps govern selection,experiment
.codex_backups/v3_baseline_freeze_20260624_150902/artifacts/metrics/experiments/experiment_002_f1_threshold/config.json,.json,188,1782147428.9121616,temporary_or_cache,repository evidence,safe_delete_candidate,yes,no,heuristic audit; source-specific maps govern selection,experiment
.codex_backups/v3_baseline_freeze_20260624_150902/artifacts/metrics/experiments/experiment_002_f1_threshold/diagnosis.md,.md,205,1782147428.914174,temporary_or_cache,repository evidence,safe_delete_candidate,yes,no,heuristic audit; source-specific maps govern selection,experiment
.codex_backups/v3_baseline_freeze_20260624_150902/artifacts/metrics/experiments/experiment_002_f1_threshold/metrics.csv,.csv,2439,1782147428.9055772,temporary_or_cache,repository evidence,safe_delete_candidate,yes,no,heuristic audit; source-specific maps govern selection,experiment
.codex_backups/v3_baseline_freeze_20260624_150902/artifacts/metrics/experiments/experiment_003_youden_threshold/config.json,.json,189,1782147428.929315,temporary_or_cache,repository evidence,safe_delete_candidate,yes,no,heuristic audit; source-specific maps govern selection,experiment
.codex_backups/v3_baseline_freeze_20260624_150902/artifacts/metrics/experiments/experiment_003_youden_threshold/diagnosis.md,.md,186,1782147428.9313333,temporary_or_cache,repository evidence,safe_delete_candidate,yes,no,heuristic audit; source-specific maps govern selection,experiment
.codex_backups/v3_baseline_freeze_20260624_150902/artifacts/metrics/experiments/experiment_003_youden_threshold/metrics.csv,.csv,2439,1782147428.9252656,temporary_or_cache,repository evidence,safe_delete_candidate,yes,no,heuristic audit; source-specific maps govern selection,experiment
.codex_backups/v3_baseline_freeze_20260624_150902/artifacts/metrics/experiments/experiment_004_extra_trees/config.json,.json,189,1782147428.951478,temporary_or_cache,repository evidence,safe_delete_candidate,yes,no,heuristic audit; source-specific maps govern selection,experiment
.codex_backups/v3_baseline_freeze_20260624_150902/artifacts/metrics/experiments/experiment_004_extra_trees/diagnosis.md,.md,148,1782147428.9535055,temporary_or_cache,repository evidence,safe_delete_candidate,yes,no,heuristic audit; source-specific maps govern selection,experiment
.codex_backups/v3_baseline_freeze_20260624_150902/artifacts/metrics/experiments/experiment_004_extra_trees/metrics.csv,.csv,1145,1782147428.9497192,temporary_or_cache,repository evidence,safe_delete_candidate,yes,no,heuristic audit; source-specific maps govern selection,experiment
.codex_backups/v3_baseline_freeze_20260624_150902/artifacts/metrics/experiments/experiment_005_catboost/config.json,.json,189,1782147428.968651,temporary_or_cache,repository evidence,safe_delete_candidate,yes,no,heuristic audit; source-specific maps govern selection,experiment
.codex_backups/v3_baseline_freeze_20260624_150902/artifacts/metrics/experiments/experiment_005_catboost/diagnosis.md,.md,142,1782147428.970664,temporary_or_cache,repository evidence,safe_delete_candidate,yes,no,heuristic audit; source-specific maps govern selection,experiment
.codex_backups/v3_baseline_freeze_20260624_150902/artifacts/metrics/experiments/experiment_005_catboost/metrics.csv,.csv,1136,1782147428.9666317,temporary_or_cache,repository evidence,safe_delete_candidate,yes,no,heuristic audit; source-specific maps govern selection,experiment
.codex_backups/v3_baseline_freeze_20260624_150902/artifacts/metrics/experiments/experiment_006_ensemble_stack/config.json,.json,189,1782147428.986515,temporary_or_cache,repository evidence,safe_delete_candidate,yes,no,heuristic audit; source-specific maps govern selection,experiment
.codex_backups/v3_baseline_freeze_20260624_150902/artifacts/metrics/experiments/experiment_006_ensemble_stack/diagnosis.md,.md,165,1782147428.9885287,temporary_or_cache,repository evidence,safe_delete_candidate,yes,no,heuristic audit; source-specific maps govern selection,experiment
.codex_backups/v3_baseline_freeze_20260624_150902/artifacts/metrics/experiments/experiment_006_ensemble_stack/metrics.csv,.csv,1153,1782147428.9845002,temporary_or_cache,repository evidence,safe_delete_candidate,yes,no,heuristic audit; source-specific maps govern selection,experiment
.codex_backups/v3_baseline_freeze_20260624_150902/artifacts/metrics/experiments/experiment_007_lr_ek_only/config.json,.json,188,1782147429.004387,temporary_or_cache,repository evidence,safe_delete_candidate,yes,no,heuristic audit; source-specific maps govern selection,experiment
.codex_backups/v3_baseline_freeze_20260624_150902/artifacts/metrics/experiments/experiment_007_lr_ek_only/diagnosis.md,.md,172,1782147429.004387,temporary_or_cache,repository evidence,safe_delete_candidate,yes,no,heuristic audit; source-specific maps govern selection,experiment
.codex_backups/v3_baseline_freeze_20260624_150902/artifacts/metrics/experiments/experiment_007_lr_ek_only/metrics.csv,.csv,2222,1782147429.0023727,temporary_or_cache,repository evidence,safe_delete_candidate,yes,no,heuristic audit; source-specific maps govern selection,experiment
.codex_backups/v3_baseline_freeze_20260624_150902/artifacts/metrics/experiments/experiment_008_ek_only_features/config.json,.json,177,1782147429.0301044,temporary_or_cache,repository evidence,safe_delete_candidate,yes,no,heuristic audit; source-specific maps govern selection,experiment
.codex_backups/v3_baseline_freeze_20260624_150902/artifacts/metrics/experiments/experiment_008_ek_only_features/diagnosis.md,.md,160,1782147429.032118,temporary_or_cache,repository evidence,safe_delete_candidate,yes,no,heuristic audit; source-specific maps govern selection,experiment
.codex_backups/v3_baseline_freeze_20260624_150902/artifacts/metrics/experiments/experiment_008_ek_only_features/metrics.csv,.csv,427,1782147429.028344,temporary_or_cache,repository evidence,safe_delete_candidate,yes,no,heuristic audit; source-specific maps govern selection,experiment
.codex_backups/v3_baseline_freeze_20260624_150902/artifacts/metrics/experiments/experiment_009_al_only_features/config.json,.json,177,1782147429.0480032,temporary_or_cache,repository evidence,safe_delete_candidate,yes,no,heuristic audit; source-specific maps govern selection,experiment
.codex_backups/v3_baseline_freeze_20260624_150902/artifacts/metrics/experiments/experiment_009_al_only_features/diagnosis.md,.md,160,1782147429.0500176,temporary_or_cache,repository evidence,safe_delete_candidate,yes,no,heuristic audit; source-specific maps govern selection,experiment
.codex_backups/v3_baseline_freeze_20260624_150902/artifacts/metrics/experiments/experiment_009_al_only_features/metrics.csv,.csv,427,1782147429.0480032,temporary_or_cache,repository evidence,safe_delete_candidate,yes,no,heuristic audit; source-specific maps govern selection,experiment
.codex_backups/v3_baseline_freeze_20260624_150902/artifacts/metrics/experiments/experiment_010_engineered_only/config.json,.json,177,1782147429.0771194,temporary_or_cache,repository evidence,safe_delete_candidate,yes,no,heuristic audit; source-specific maps govern selection,experiment
.codex_backups/v3_baseline_freeze_20260624_150902/artifacts/metrics/experiments/experiment_010_engineered_only/diagnosis.md,.md,175,1782147429.0791311,temporary_or_cache,repository evidence,safe_delete_candidate,yes,no,heuristic audit; source-specific maps govern selection,experiment
.codex_backups/v3_baseline_freeze_20260624_150902/artifacts/metrics/experiments/experiment_010_engineered_only/metrics.csv,.csv,441,1782147429.0730908,temporary_or_cache,repository evidence,safe_delete_candidate,yes,no,heuristic audit; source-specific maps govern selection,experiment
.codex_backups/v3_baseline_freeze_20260624_150902/artifacts/metrics/experiments/lightgbm_balanced_regularized/config.json,.json,327,1781649121.3631434,temporary_or_cache,repository evidence,safe_delete_candidate,yes,no,heuristic audit; source-specific maps govern selection,experiment
.codex_backups/v3_baseline_freeze_20260624_150902/artifacts/metrics/experiments/lightgbm_balanced_regularized/metrics.csv,.csv,782,1781649121.3692145,temporary_or_cache,repository evidence,safe_delete_candidate,yes,no,heuristic audit; source-specific maps govern selection,experiment
.codex_backups/v3_baseline_freeze_20260624_150902/artifacts/metrics/experiments/lightgbm_conservative_regularized/config.json,.json,327,1781649019.819878,temporary_or_cache,repository evidence,safe_delete_candidate,yes,no,heuristic audit; source-specific maps govern selection,experiment
.codex_backups/v3_baseline_freeze_20260624_150902/artifacts/metrics/experiments/lightgbm_conservative_regularized/metrics.csv,.csv,806,1781649019.822642,temporary_or_cache,repository evidence,safe_delete_candidate,yes,no,heuristic audit; source-specific maps govern selection,experiment
.codex_backups/v3_baseline_freeze_20260624_150902/artifacts/metrics/experiments/lightgbm_current_best/config.json,.json,291,1781648918.8337994,temporary_or_cache,repository evidence,safe_delete_candidate,yes,no,heuristic audit; source-specific maps govern selection,experiment
.codex_backups/v3_baseline_freeze_20260624_150902/artifacts/metrics/experiments/lightgbm_current_best/metrics.csv,.csv,736,1781648918.8378243,temporary_or_cache,repository evidence,safe_delete_candidate,yes,no,heuristic audit; source-specific maps govern selection,experiment
.codex_backups/v3_baseline_freeze_20260624_150902/artifacts/metrics/experiments/lightgbm_high_capacity_controlled/config.json,.json,330,1781649289.466484,temporary_or_cache,repository evidence,safe_delete_candidate,yes,no,heuristic audit; source-specific maps govern selection,experiment
.codex_backups/v3_baseline_freeze_20260624_150902/artifacts/metrics/experiments/lightgbm_high_capacity_controlled/metrics.csv,.csv,793,1781649289.4724865,temporary_or_cache,repository evidence,safe_delete_candidate,yes,no,heuristic audit; source-specific maps govern selection,experiment
.codex_backups/v3_baseline_freeze_20260624_150902/artifacts/models/experiments/experiment_001_initial/README.md,.md,153,1782147428.8895922,temporary_or_cache,repository evidence,safe_delete_candidate,yes,no,heuristic audit; source-specific maps govern selection,experiment
.codex_backups/v3_baseline_freeze_20260624_150902/artifacts/models/experiments/experiment_002_f1_threshold/README.md,.md,153,1782147428.9161901,temporary_or_cache,repository evidence,safe_delete_candidate,yes,no,heuristic audit; source-specific maps govern selection,experiment
.codex_backups/v3_baseline_freeze_20260624_150902/artifacts/models/experiments/experiment_003_youden_threshold/README.md,.md,153,1782147428.9333494,temporary_or_cache,repository evidence,safe_delete_candidate,yes,no,heuristic audit; source-specific maps govern selection,experiment
.codex_backups/v3_baseline_freeze_20260624_150902/artifacts/models/experiments/experiment_004_extra_trees/README.md,.md,153,1782147428.955519,temporary_or_cache,repository evidence,safe_delete_candidate,yes,no,heuristic audit; source-specific maps govern selection,experiment
.codex_backups/v3_baseline_freeze_20260624_150902/artifacts/models/experiments/experiment_005_catboost/README.md,.md,153,1782147428.9726748,temporary_or_cache,repository evidence,safe_delete_candidate,yes,no,heuristic audit; source-specific maps govern selection,experiment
.codex_backups/v3_baseline_freeze_20260624_150902/artifacts/models/experiments/experiment_006_ensemble_stack/README.md,.md,153,1782147428.990541,temporary_or_cache,repository evidence,safe_delete_candidate,yes,no,heuristic audit; source-specific maps govern selection,experiment
.codex_backups/v3_baseline_freeze_20260624_150902/artifacts/models/experiments/experiment_007_lr_ek_only/README.md,.md,153,1782147429.006402,temporary_or_cache,repository evidence,safe_delete_candidate,yes,no,heuristic audit; source-specific maps govern selection,experiment
.codex_backups/v3_baseline_freeze_20260624_150902/artifacts/models/experiments/experiment_008_ek_only_features/README.md,.md,153,1782147429.032118,temporary_or_cache,repository evidence,safe_delete_candidate,yes,no,heuristic audit; source-specific maps govern selection,experiment
.codex_backups/v3_baseline_freeze_20260624_150902/artifacts/models/experiments/experiment_009_al_only_features/README.md,.md,153,1782147429.0520332,temporary_or_cache,repository evidence,safe_delete_candidate,yes,no,heuristic audit; source-specific maps govern selection,experiment
.codex_backups/v3_baseline_freeze_20260624_150902/artifacts/models/experiments/experiment_010_engineered_only/README.md,.md,153,1782147429.0811422,temporary_or_cache,repository evidence,safe_delete_candidate,yes,no,heuristic audit; source-specific maps govern selection,experiment
.codex_backups/v3_baseline_freeze_20260624_150902/artifacts/predictions/model_zoo_folds/fold_0_predictions.csv,.csv,69533,1782093872.9907928,temporary_or_cache,repository evidence,safe_delete_candidate,yes,no,heuristic audit; source-specific maps govern selection,experiment
.codex_backups/v3_baseline_freeze_20260624_150902/artifacts/predictions/model_zoo_folds/fold_1_predictions.csv,.csv,69073,1782093873.0176568,temporary_or_cache,repository evidence,safe_delete_candidate,yes,no,heuristic audit; source-specific maps govern selection,experiment
.codex_backups/v3_baseline_freeze_20260624_150902/artifacts/predictions/model_zoo_folds/fold_2_predictions.csv,.csv,69039,1782093873.047686,temporary_or_cache,repository evidence,safe_delete_candidate,yes,no,heuristic audit; source-specific maps govern selection,experiment
.codex_backups/v3_baseline_freeze_20260624_150902/artifacts/predictions/model_zoo_folds/fold_3_predictions.csv,.csv,69999,1782093873.0738282,temporary_or_cache,repository evidence,safe_delete_candidate,yes,no,heuristic audit; source-specific maps govern selection,experiment
.codex_backups/v3_baseline_freeze_20260624_150902/artifacts/predictions/model_zoo_folds/fold_4_predictions.csv,.csv,70372,1782093873.0928257,temporary_or_cache,repository evidence,safe_delete_candidate,yes,no,heuristic audit; source-specific maps govern selection,experiment
.codex_backups/v3_baseline_freeze_20260624_150902/reports/eda/EDA_MODEL_BRIDGE.md,.md,8368,1781640602.961192,temporary_or_cache,repository evidence,safe_delete_candidate,yes,no,heuristic audit; source-specific maps govern selection,experiment
.codex_backups/v3_baseline_freeze_20260624_150902/reports/eda/EDA_REPORT.md,.md,43480,1781640628.3913481,temporary_or_cache,repository evidence,safe_delete_candidate,yes,no,heuristic audit; source-specific maps govern selection,experiment
.codex_backups/v3_baseline_freeze_20260624_150902/reports/eda/TEKNOFEST2026_EDA.ipynb,.ipynb,28779,1781631039.0475638,temporary_or_cache,repository evidence,safe_delete_candidate,yes,no,heuristic audit; source-specific maps govern selection,experiment
.codex_backups/v3_baseline_freeze_20260624_150902/reports/eda/TEKNOFEST2026_EDA_EXECUTED.ipynb,.ipynb,417453,1781631308.749245,temporary_or_cache,repository evidence,safe_delete_candidate,yes,no,heuristic audit; source-specific maps govern selection,experiment
.codex_backups/v3_baseline_freeze_20260624_150902/reports/explainability/acmg_feature_mapping.csv,.csv,616,1781630084.759918,temporary_or_cache,repository evidence,safe_delete_candidate,yes,no,heuristic audit; source-specific maps govern selection,experiment
.codex_backups/v3_baseline_freeze_20260624_150902/reports/explainability/shap_beeswarm.png,.png,307620,1781630047.5246868,temporary_or_cache,repository evidence,safe_delete_candidate,yes,no,heuristic audit; source-specific maps govern selection,experiment
.codex_backups/v3_baseline_freeze_20260624_150902/reports/explainability/shap_case_confusion_matrix.csv,.csv,46,1781630062.0806987,temporary_or_cache,repository evidence,safe_delete_candidate,yes,no,heuristic audit; source-specific maps govern selection,experiment
.codex_backups/v3_baseline_freeze_20260624_150902/reports/explainability/shap_case_panel_unique_confusion_matrix.csv,.csv,44,1781630084.759918,temporary_or_cache,repository evidence,safe_delete_candidate,yes,no,heuristic audit; source-specific maps govern selection,experiment
.codex_backups/v3_baseline_freeze_20260624_150902/reports/explainability/shap_dependence_EK7_by_EK9.png,.png,229937,1781630048.9922905,temporary_or_cache,repository evidence,safe_delete_candidate,yes,no,heuristic audit; source-specific maps govern selection,experiment
.codex_backups/v3_baseline_freeze_20260624_150902/reports/explainability/shap_dependence_npops_by_maxAF.png,.png,67010,1781630049.5532389,temporary_or_cache,repository evidence,safe_delete_candidate,yes,no,heuristic audit; source-specific maps govern selection,experiment
.codex_backups/v3_baseline_freeze_20260624_150902/reports/explainability/shap_global_bar.png,.png,62847,1781630045.6815517,temporary_or_cache,repository evidence,safe_delete_candidate,yes,no,heuristic audit; source-specific maps govern selection,experiment
.codex_backups/v3_baseline_freeze_20260624_150902/reports/explainability/shap_global_importance.csv,.csv,10363,1781630045.2625988,temporary_or_cache,repository evidence,safe_delete_candidate,yes,no,heuristic audit; source-specific maps govern selection,experiment
.codex_backups/v3_baseline_freeze_20260624_150902/reports/explainability/shap_group_importance.csv,.csv,249,1781630045.777822,temporary_or_cache,repository evidence,safe_delete_candidate,yes,no,heuristic audit; source-specific maps govern selection,experiment
.codex_backups/v3_baseline_freeze_20260624_150902/reports/explainability/shap_waterfall_01_TP.png,.png,133876,1781630051.354622,temporary_or_cache,repository evidence,safe_delete_candidate,yes,no,heuristic audit; source-specific maps govern selection,experiment
.codex_backups/v3_baseline_freeze_20260624_150902/reports/explainability/shap_waterfall_02_TP.png,.png,131617,1781630052.163275,temporary_or_cache,repository evidence,safe_delete_candidate,yes,no,heuristic audit; source-specific maps govern selection,experiment
.codex_backups/v3_baseline_freeze_20260624_150902/reports/explainability/shap_waterfall_03_TP.png,.png,130778,1781630053.229926,temporary_or_cache,repository evidence,safe_delete_candidate,yes,no,heuristic audit; source-specific maps govern selection,experiment
.codex_backups/v3_baseline_freeze_20260624_150902/reports/explainability/shap_waterfall_04_TP.png,.png,137533,1781630053.9943473,temporary_or_cache,repository evidence,safe_delete_candidate,yes,no,heuristic audit; source-specific maps govern selection,experiment
.codex_backups/v3_baseline_freeze_20260624_150902/reports/explainability/shap_waterfall_05_TP.png,.png,134504,1781630054.6689994,temporary_or_cache,repository evidence,safe_delete_candidate,yes,no,heuristic audit; source-specific maps govern selection,experiment
.codex_backups/v3_baseline_freeze_20260624_150902/reports/explainability/shap_waterfall_06_TN.png,.png,136261,1781630055.3109741,temporary_or_cache,repository evidence,safe_delete_candidate,yes,no,heuristic audit; source-specific maps govern selection,experiment
.codex_backups/v3_baseline_freeze_20260624_150902/reports/explainability/shap_waterfall_07_TN.png,.png,133897,1781630056.0782342,temporary_or_cache,repository evidence,safe_delete_candidate,yes,no,heuristic audit; source-specific maps govern selection,experiment
.codex_backups/v3_baseline_freeze_20260624_150902/reports/explainability/shap_waterfall_08_TN.png,.png,138396,1781630056.7453916,temporary_or_cache,repository evidence,safe_delete_candidate,yes,no,heuristic audit; source-specific maps govern selection,experiment
.codex_backups/v3_baseline_freeze_20260624_150902/reports/explainability/shap_waterfall_09_TN.png,.png,134452,1781630057.4678693,temporary_or_cache,repository evidence,safe_delete_candidate,yes,no,heuristic audit; source-specific maps govern selection,experiment
.codex_backups/v3_baseline_freeze_20260624_150902/reports/explainability/shap_waterfall_10_TN.png,.png,136567,1781630058.3979268,temporary_or_cache,repository evidence,safe_delete_candidate,yes,no,heuristic audit; source-specific maps govern selection,experiment
.codex_backups/v3_baseline_freeze_20260624_150902/reports/explainability/shap_waterfall_11_FN.png,.png,134323,1781630059.080777,temporary_or_cache,repository evidence,safe_delete_candidate,yes,no,heuristic audit; source-specific maps govern selection,experiment
.codex_backups/v3_baseline_freeze_20260624_150902/reports/explainability/shap_waterfall_12_FN.png,.png,134323,1781630059.7784164,temporary_or_cache,repository evidence,safe_delete_candidate,yes,no,heuristic audit; source-specific maps govern selection,experiment
.codex_backups/v3_baseline_freeze_20260624_150902/reports/explainability/shap_waterfall_13_FN.png,.png,134323,1781630060.446306,temporary_or_cache,repository evidence,safe_delete_candidate,yes,no,heuristic audit; source-specific maps govern selection,experiment
.codex_backups/v3_baseline_freeze_20260624_150902/reports/explainability/shap_waterfall_14_FN.png,.png,134323,1781630061.1304195,temporary_or_cache,repository evidence,safe_delete_candidate,yes,no,heuristic audit; source-specific maps govern selection,experiment
.codex_backups/v3_baseline_freeze_20260624_150902/reports/explainability/shap_waterfall_15_FN.png,.png,134323,1781630061.9380515,temporary_or_cache,repository evidence,safe_delete_candidate,yes,no,heuristic audit; source-specific maps govern selection,experiment
.codex_backups/v3_baseline_freeze_20260624_150902/reports/explainability/shap_waterfall_cases.csv,.csv,637,1781630062.078951,temporary_or_cache,repository evidence,safe_delete_candidate,yes,no,heuristic audit; source-specific maps govern selection,experiment
.codex_backups/v3_baseline_freeze_20260624_150902/reports/explainability/shap_waterfall_panel_unique_01_TP.png,.png,132859,1781630070.1106324,temporary_or_cache,repository evidence,safe_delete_candidate,yes,no,heuristic audit; source-specific maps govern selection,experiment
.codex_backups/v3_baseline_freeze_20260624_150902/reports/explainability/shap_waterfall_panel_unique_02_TP.png,.png,128819,1781630070.845415,temporary_or_cache,repository evidence,safe_delete_candidate,yes,no,heuristic audit; source-specific maps govern selection,experiment
.codex_backups/v3_baseline_freeze_20260624_150902/reports/explainability/shap_waterfall_panel_unique_03_TP.png,.png,133895,1781630071.5105414,temporary_or_cache,repository evidence,safe_delete_candidate,yes,no,heuristic audit; source-specific maps govern selection,experiment
.codex_backups/v3_baseline_freeze_20260624_150902/reports/explainability/shap_waterfall_panel_unique_04_TP.png,.png,127364,1781630072.311391,temporary_or_cache,repository evidence,safe_delete_candidate,yes,no,heuristic audit; source-specific maps govern selection,experiment
.codex_backups/v3_baseline_freeze_20260624_150902/reports/explainability/shap_waterfall_panel_unique_05_TP.png,.png,133598,1781630073.0090168,temporary_or_cache,repository evidence,safe_delete_candidate,yes,no,heuristic audit; source-specific maps govern selection,experiment
.codex_backups/v3_baseline_freeze_20260624_150902/reports/explainability/shap_waterfall_panel_unique_06_TN.png,.png,138733,1781630073.8809175,temporary_or_cache,repository evidence,safe_delete_candidate,yes,no,heuristic audit; source-specific maps govern selection,experiment
.codex_backups/v3_baseline_freeze_20260624_150902/reports/explainability/shap_waterfall_panel_unique_07_TN.png,.png,139032,1781630074.7171347,temporary_or_cache,repository evidence,safe_delete_candidate,yes,no,heuristic audit; source-specific maps govern selection,experiment
.codex_backups/v3_baseline_freeze_20260624_150902/reports/explainability/shap_waterfall_panel_unique_08_TN.png,.png,141393,1781630075.3587115,temporary_or_cache,repository evidence,safe_delete_candidate,yes,no,heuristic audit; source-specific maps govern selection,experiment
.codex_backups/v3_baseline_freeze_20260624_150902/reports/explainability/shap_waterfall_panel_unique_09_TN.png,.png,143636,1781630076.0958605,temporary_or_cache,repository evidence,safe_delete_candidate,yes,no,heuristic audit; source-specific maps govern selection,experiment
.codex_backups/v3_baseline_freeze_20260624_150902/reports/explainability/shap_waterfall_panel_unique_10_TN.png,.png,136851,1781630076.7410834,temporary_or_cache,repository evidence,safe_delete_candidate,yes,no,heuristic audit; source-specific maps govern selection,experiment
.codex_backups/v3_baseline_freeze_20260624_150902/reports/explainability/shap_waterfall_panel_unique_11_FP.png,.png,134863,1781630077.684075,temporary_or_cache,repository evidence,safe_delete_candidate,yes,no,heuristic audit; source-specific maps govern selection,experiment
.codex_backups/v3_baseline_freeze_20260624_150902/reports/explainability/shap_waterfall_panel_unique_12_FP.png,.png,126874,1781630078.5437226,temporary_or_cache,repository evidence,safe_delete_candidate,yes,no,heuristic audit; source-specific maps govern selection,experiment
.codex_backups/v3_baseline_freeze_20260624_150902/reports/explainability/shap_waterfall_panel_unique_13_FP.png,.png,135930,1781630079.3771174,temporary_or_cache,repository evidence,safe_delete_candidate,yes,no,heuristic audit; source-specific maps govern selection,experiment
.codex_backups/v3_baseline_freeze_20260624_150902/reports/explainability/shap_waterfall_panel_unique_14_FP.png,.png,134442,1781630080.2406592,temporary_or_cache,repository evidence,safe_delete_candidate,yes,no,heuristic audit; source-specific maps govern selection,experiment
.codex_backups/v3_baseline_freeze_20260624_150902/reports/explainability/shap_waterfall_panel_unique_15_FP.png,.png,130992,1781630081.1452782,temporary_or_cache,repository evidence,safe_delete_candidate,yes,no,heuristic audit; source-specific maps govern selection,experiment
.codex_backups/v3_baseline_freeze_20260624_150902/reports/explainability/shap_waterfall_panel_unique_16_FN.png,.png,134805,1781630081.8426542,temporary_or_cache,repository evidence,safe_delete_candidate,yes,no,heuristic audit; source-specific maps govern selection,experiment
.codex_backups/v3_baseline_freeze_20260624_150902/reports/explainability/shap_waterfall_panel_unique_17_FN.png,.png,133000,1781630082.5079317,temporary_or_cache,repository evidence,safe_delete_candidate,yes,no,heuristic audit; source-specific maps govern selection,experiment
.codex_backups/v3_baseline_freeze_20260624_150902/reports/explainability/shap_waterfall_panel_unique_18_FN.png,.png,130986,1781630083.1627755,temporary_or_cache,repository evidence,safe_delete_candidate,yes,no,heuristic audit; source-specific maps govern selection,experiment
.codex_backups/v3_baseline_freeze_20260624_150902/reports/explainability/shap_waterfall_panel_unique_19_FN.png,.png,131881,1781630083.8239102,temporary_or_cache,repository evidence,safe_delete_candidate,yes,no,heuristic audit; source-specific maps govern selection,experiment
.codex_backups/v3_baseline_freeze_20260624_150902/reports/explainability/shap_waterfall_panel_unique_20_FN.png,.png,134323,1781630084.6225073,temporary_or_cache,repository evidence,safe_delete_candidate,yes,no,heuristic audit; source-specific maps govern selection,experiment
.codex_backups/v3_baseline_freeze_20260624_150902/reports/explainability/shap_waterfall_panel_unique_cases.csv,.csv,1086,1781630084.759918,temporary_or_cache,repository evidence,safe_delete_candidate,yes,no,heuristic audit; source-specific maps govern selection,experiment
.codex_backups/v3_baseline_freeze_20260624_150902/reports/figures/advanced_threshold_comparison.png,.png,86591,1782147684.2222698,temporary_or_cache,repository evidence,safe_delete_candidate,yes,no,heuristic audit; source-specific maps govern selection,experiment
.codex_backups/v3_baseline_freeze_20260624_150902/reports/figures/brier_logloss_comparison.png,.png,42803,1782147856.4787219,temporary_or_cache,repository evidence,safe_delete_candidate,yes,no,heuristic audit; source-specific maps govern selection,experiment
.codex_backups/v3_baseline_freeze_20260624_150902/reports/figures/calibration_curves.png,.png,127938,1782147856.1523654,temporary_or_cache,repository evidence,safe_delete_candidate,yes,no,heuristic audit; source-specific maps govern selection,experiment
.codex_backups/v3_baseline_freeze_20260624_150902/reports/figures/class_distribution_by_dataset.png,.png,136109,1782147400.46839,temporary_or_cache,repository evidence,safe_delete_candidate,yes,no,heuristic audit; source-specific maps govern selection,experiment
.codex_backups/v3_baseline_freeze_20260624_150902/reports/figures/confusion_matrix_cftr_unique.png,.png,84102,1782147378.311429,temporary_or_cache,repository evidence,safe_delete_candidate,yes,no,heuristic audit; source-specific maps govern selection,experiment
.codex_backups/v3_baseline_freeze_20260624_150902/reports/figures/confusion_matrix_kanser_unique.png,.png,92877,1782147376.3794532,temporary_or_cache,repository evidence,safe_delete_candidate,yes,no,heuristic audit; source-specific maps govern selection,experiment
.codex_backups/v3_baseline_freeze_20260624_150902/reports/figures/confusion_matrix_master.png,.png,108099,1782147375.4176157,temporary_or_cache,repository evidence,safe_delete_candidate,yes,no,heuristic audit; source-specific maps govern selection,experiment
.codex_backups/v3_baseline_freeze_20260624_150902/reports/figures/confusion_matrix_pah_unique.png,.png,89661,1782147377.3008099,temporary_or_cache,repository evidence,safe_delete_candidate,yes,no,heuristic audit; source-specific maps govern selection,experiment
.codex_backups/v3_baseline_freeze_20260624_150902/reports/figures/confusion_matrix_panel_unique_combined.png,.png,95487,1782147379.0600367,temporary_or_cache,repository evidence,safe_delete_candidate,yes,no,heuristic audit; source-specific maps govern selection,experiment
.codex_backups/v3_baseline_freeze_20260624_150902/reports/figures/correlation_matrix_top_features.png,.png,335912,1782147357.6571162,temporary_or_cache,repository evidence,safe_delete_candidate,yes,no,heuristic audit; source-specific maps govern selection,experiment
.codex_backups/v3_baseline_freeze_20260624_150902/reports/figures/error_analysis_key_features.png,.png,184959,1782147428.2356942,temporary_or_cache,repository evidence,safe_delete_candidate,yes,no,heuristic audit; source-specific maps govern selection,experiment
.codex_backups/v3_baseline_freeze_20260624_150902/reports/figures/feature_group_ablation_comparison.png,.png,105542,1782147857.1527815,temporary_or_cache,repository evidence,safe_delete_candidate,yes,no,heuristic audit; source-specific maps govern selection,experiment
.codex_backups/v3_baseline_freeze_20260624_150902/reports/figures/feature_importance.png,.png,62847,1781630045.6815517,temporary_or_cache,repository evidence,safe_delete_candidate,yes,no,heuristic audit; source-specific maps govern selection,experiment
.codex_backups/v3_baseline_freeze_20260624_150902/reports/figures/feature_importance_top30.png,.png,152299,1782147399.3926258,temporary_or_cache,repository evidence,safe_delete_candidate,yes,no,heuristic audit; source-specific maps govern selection,experiment
.codex_backups/v3_baseline_freeze_20260624_150902/reports/figures/final_calibration_curve.png,.png,127938,1782147856.1523654,temporary_or_cache,repository evidence,safe_delete_candidate,yes,no,heuristic audit; source-specific maps govern selection,final
.codex_backups/v3_baseline_freeze_20260624_150902/reports/figures/final_calibration_decision_plot.png,.png,57585,1782147933.380447,temporary_or_cache,repository evidence,safe_delete_candidate,yes,no,heuristic audit; source-specific maps govern selection,final
.codex_backups/v3_baseline_freeze_20260624_150902/reports/figures/final_confusion_matrix_master.png,.png,108099,1782147375.4176157,temporary_or_cache,repository evidence,safe_delete_candidate,yes,no,heuristic audit; source-specific maps govern selection,final
.codex_backups/v3_baseline_freeze_20260624_150902/reports/figures/final_error_group_feature_distributions.png,.png,87133,1782147937.9290562,temporary_or_cache,repository evidence,safe_delete_candidate,yes,no,heuristic audit; source-specific maps govern selection,final
.codex_backups/v3_baseline_freeze_20260624_150902/reports/figures/final_feature_importance.png,.png,62847,1781630045.6815517,temporary_or_cache,repository evidence,safe_delete_candidate,yes,no,heuristic audit; source-specific maps govern selection,final
.codex_backups/v3_baseline_freeze_20260624_150902/reports/figures/final_feature_importance_top30.png,.png,87821,1782147942.1232224,temporary_or_cache,repository evidence,safe_delete_candidate,yes,no,heuristic audit; source-specific maps govern selection,final
.codex_backups/v3_baseline_freeze_20260624_150902/reports/figures/final_fp_fn_feature_contrast.png,.png,61488,1782147938.5905976,temporary_or_cache,repository evidence,safe_delete_candidate,yes,no,heuristic audit; source-specific maps govern selection,final
.codex_backups/v3_baseline_freeze_20260624_150902/reports/figures/final_model_comparison.png,.png,107813,1782147429.8723392,temporary_or_cache,repository evidence,safe_delete_candidate,yes,no,heuristic audit; source-specific maps govern selection,final
.codex_backups/v3_baseline_freeze_20260624_150902/reports/figures/final_panel_specific_confusion_matrices.png,.png,36958,1782147940.416211,temporary_or_cache,repository evidence,safe_delete_candidate,yes,no,heuristic audit; source-specific maps govern selection,final
.codex_backups/v3_baseline_freeze_20260624_150902/reports/figures/final_panel_specific_metric_comparison.png,.png,61429,1782147939.473264,temporary_or_cache,repository evidence,safe_delete_candidate,yes,no,heuristic audit; source-specific maps govern selection,final
.codex_backups/v3_baseline_freeze_20260624_150902/reports/figures/final_pr_curve_master.png,.png,114868,1782147379.9829757,temporary_or_cache,repository evidence,safe_delete_candidate,yes,no,heuristic audit; source-specific maps govern selection,final
.codex_backups/v3_baseline_freeze_20260624_150902/reports/figures/final_roc_curve_master.png,.png,129207,1782147379.579544,temporary_or_cache,repository evidence,safe_delete_candidate,yes,no,heuristic audit; source-specific maps govern selection,final
.codex_backups/v3_baseline_freeze_20260624_150902/reports/figures/final_threshold_analysis.png,.png,119718,1782147683.2161257,temporary_or_cache,repository evidence,safe_delete_candidate,yes,no,heuristic audit; source-specific maps govern selection,final
.codex_backups/v3_baseline_freeze_20260624_150902/reports/figures/fold_threshold_distribution.png,.png,39189,1782147777.9418938,temporary_or_cache,repository evidence,safe_delete_candidate,yes,no,heuristic audit; source-specific maps govern selection,experiment
.codex_backups/v3_baseline_freeze_20260624_150902/reports/figures/missingness_by_feature_group.png,.png,84214,1782147401.4563568,temporary_or_cache,repository evidence,safe_delete_candidate,yes,no,heuristic audit; source-specific maps govern selection,experiment
.codex_backups/v3_baseline_freeze_20260624_150902/reports/figures/model_comparison.png,.png,66194,1781814248.442808,temporary_or_cache,repository evidence,safe_delete_candidate,yes,no,heuristic audit; source-specific maps govern selection,experiment
.codex_backups/v3_baseline_freeze_20260624_150902/reports/figures/model_comparison_metrics.png,.png,218707,1782147398.1837838,temporary_or_cache,repository evidence,safe_delete_candidate,yes,no,heuristic audit; source-specific maps govern selection,experiment
.codex_backups/v3_baseline_freeze_20260624_150902/reports/figures/optuna_medical_optimization_history.png,.png,96262,1782163200.65353,temporary_or_cache,repository evidence,safe_delete_candidate,yes,no,heuristic audit; source-specific maps govern selection,experiment
.codex_backups/v3_baseline_freeze_20260624_150902/reports/figures/optuna_param_importance.png,.png,53561,1782163201.9790804,temporary_or_cache,repository evidence,safe_delete_candidate,yes,no,heuristic audit; source-specific maps govern selection,experiment
.codex_backups/v3_baseline_freeze_20260624_150902/reports/figures/panel_confusion_matrices.png,.png,43663,1782147930.1929781,temporary_or_cache,repository evidence,safe_delete_candidate,yes,no,heuristic audit; source-specific maps govern selection,experiment
.codex_backups/v3_baseline_freeze_20260624_150902/reports/figures/panel_error_feature_distributions.png,.png,124442,1782147931.6973114,temporary_or_cache,repository evidence,safe_delete_candidate,yes,no,heuristic audit; source-specific maps govern selection,experiment
.codex_backups/v3_baseline_freeze_20260624_150902/reports/figures/phase10_before_after_comparison.png,.png,81403,1782147932.624202,temporary_or_cache,repository evidence,safe_delete_candidate,yes,no,heuristic audit; source-specific maps govern selection,experiment
.codex_backups/v3_baseline_freeze_20260624_150902/reports/figures/pr_curve_master.png,.png,114868,1782147379.9829757,temporary_or_cache,repository evidence,safe_delete_candidate,yes,no,heuristic audit; source-specific maps govern selection,experiment
.codex_backups/v3_baseline_freeze_20260624_150902/reports/figures/pr_curve_panel_unique.png,.png,154268,1782147381.00669,temporary_or_cache,repository evidence,safe_delete_candidate,yes,no,heuristic audit; source-specific maps govern selection,experiment
.codex_backups/v3_baseline_freeze_20260624_150902/reports/figures/roc_curve_master.png,.png,129207,1782147379.579544,temporary_or_cache,repository evidence,safe_delete_candidate,yes,no,heuristic audit; source-specific maps govern selection,experiment
.codex_backups/v3_baseline_freeze_20260624_150902/reports/figures/roc_curve_panel_unique.png,.png,147580,1782147380.4838297,temporary_or_cache,repository evidence,safe_delete_candidate,yes,no,heuristic audit; source-specific maps govern selection,experiment
.codex_backups/v3_baseline_freeze_20260624_150902/reports/figures/threshold_comparison.png,.png,25939,1781814247.7760203,temporary_or_cache,repository evidence,safe_delete_candidate,yes,no,heuristic audit; source-specific maps govern selection,experiment
.codex_backups/v3_baseline_freeze_20260624_150902/reports/figures/threshold_metric_curves.png,.png,119718,1782147683.2161257,temporary_or_cache,repository evidence,safe_delete_candidate,yes,no,heuristic audit; source-specific maps govern selection,experiment
.codex_backups/v3_baseline_freeze_20260624_150902/reports/figures/threshold_optimization.png,.png,220571,1782147397.3632097,temporary_or_cache,repository evidence,safe_delete_candidate,yes,no,heuristic audit; source-specific maps govern selection,experiment
.codex_backups/v3_baseline_freeze_20260624_150902/reports/figures/train_vs_validation_metrics.png,.png,106006,1781649291.6438367,temporary_or_cache,repository evidence,safe_delete_candidate,yes,no,heuristic audit; source-specific maps govern selection,experiment
.codex_backups/v3_baseline_freeze_20260624_150902/reports/master_prompt/ablation_fold_results.csv,.csv,11575,1781635061.6516545,temporary_or_cache,repository evidence,safe_delete_candidate,yes,no,heuristic audit; source-specific maps govern selection,experiment
.codex_backups/v3_baseline_freeze_20260624_150902/reports/master_prompt/ablation_summary.csv,.csv,3810,1781635061.655473,temporary_or_cache,repository evidence,safe_delete_candidate,yes,no,heuristic audit; source-specific maps govern selection,experiment
.codex_backups/v3_baseline_freeze_20260624_150902/reports/master_prompt/CFTR_unique_calibration.csv,.csv,657,1781635327.5407424,temporary_or_cache,repository evidence,safe_delete_candidate,yes,no,heuristic audit; source-specific maps govern selection,experiment
.codex_backups/v3_baseline_freeze_20260624_150902/reports/master_prompt/CFTR_unique_calibration_curve.png,.png,82766,1781635328.5456653,temporary_or_cache,repository evidence,safe_delete_candidate,yes,no,heuristic audit; source-specific maps govern selection,experiment
.codex_backups/v3_baseline_freeze_20260624_150902/reports/master_prompt/critical_implementation_checklist.csv,.csv,1950,1781635330.5066552,temporary_or_cache,repository evidence,safe_delete_candidate,yes,no,heuristic audit; source-specific maps govern selection,experiment
.codex_backups/v3_baseline_freeze_20260624_150902/reports/master_prompt/final_panel_unique_predictions.csv,.csv,19465,1781640133.454593,temporary_or_cache,repository evidence,safe_delete_candidate,yes,no,heuristic audit; source-specific maps govern selection,final
.codex_backups/v3_baseline_freeze_20260624_150902/reports/master_prompt/KANSER_unique_calibration.csv,.csv,751,1781635328.8510358,temporary_or_cache,repository evidence,safe_delete_candidate,yes,no,heuristic audit; source-specific maps govern selection,experiment
.codex_backups/v3_baseline_freeze_20260624_150902/reports/master_prompt/KANSER_unique_calibration_curve.png,.png,72375,1781635329.493229,temporary_or_cache,repository evidence,safe_delete_candidate,yes,no,heuristic audit; source-specific maps govern selection,experiment
.codex_backups/v3_baseline_freeze_20260624_150902/reports/master_prompt/l0_model_fold_metrics.csv,.csv,1359,1781635327.4511752,temporary_or_cache,repository evidence,safe_delete_candidate,yes,no,heuristic audit; source-specific maps govern selection,experiment
.codex_backups/v3_baseline_freeze_20260624_150902/reports/master_prompt/l0_model_summary.csv,.csv,590,1781635327.4572065,temporary_or_cache,repository evidence,safe_delete_candidate,yes,no,heuristic audit; source-specific maps govern selection,experiment
.codex_backups/v3_baseline_freeze_20260624_150902/reports/master_prompt/l0_stack_oof_predictions.csv,.csv,426464,1781635327.447146,temporary_or_cache,repository evidence,safe_delete_candidate,yes,no,heuristic audit; source-specific maps govern selection,experiment
.codex_backups/v3_baseline_freeze_20260624_150902/reports/master_prompt/lgbm_best_params_resumable.json,.json,291,1781640024.5522747,temporary_or_cache,repository evidence,safe_delete_candidate,yes,no,heuristic audit; source-specific maps govern selection,experiment
.codex_backups/v3_baseline_freeze_20260624_150902/reports/master_prompt/lgbm_optuna_convergence.png,.png,94800,1781640025.3221538,temporary_or_cache,repository evidence,safe_delete_candidate,yes,no,heuristic audit; source-specific maps govern selection,experiment
.codex_backups/v3_baseline_freeze_20260624_150902/reports/master_prompt/lgbm_optuna_trials_resumable.csv,.csv,16006,1781640024.5502603,temporary_or_cache,repository evidence,safe_delete_candidate,yes,no,heuristic audit; source-specific maps govern selection,experiment
.codex_backups/v3_baseline_freeze_20260624_150902/reports/master_prompt/lightgbm_oof_predictions.csv,.csv,140654,1781635061.6934474,temporary_or_cache,repository evidence,safe_delete_candidate,yes,no,heuristic audit; source-specific maps govern selection,experiment
.codex_backups/v3_baseline_freeze_20260624_150902/reports/master_prompt/MASTER_PROMPT_IMPLEMENTATION_REPORT.md,.md,11076,1781635330.6787632,temporary_or_cache,repository evidence,safe_delete_candidate,yes,no,heuristic audit; source-specific maps govern selection,experiment
.codex_backups/v3_baseline_freeze_20260624_150902/reports/master_prompt/optuna_lgbm_study.sqlite3,.sqlite3,454656,1782163177.3670416,temporary_or_cache,repository evidence,safe_delete_candidate,yes,no,heuristic audit; source-specific maps govern selection,experiment
.codex_backups/v3_baseline_freeze_20260624_150902/reports/master_prompt/overlap_summary.csv,.csv,483,1781634837.4360993,temporary_or_cache,repository evidence,safe_delete_candidate,yes,no,heuristic audit; source-specific maps govern selection,experiment
.codex_backups/v3_baseline_freeze_20260624_150902/reports/master_prompt/PAH_unique_calibration.csv,.csv,768,1781635329.6762788,temporary_or_cache,repository evidence,safe_delete_candidate,yes,no,heuristic audit; source-specific maps govern selection,experiment
.codex_backups/v3_baseline_freeze_20260624_150902/reports/master_prompt/PAH_unique_calibration_curve.png,.png,78342,1781635330.2689967,temporary_or_cache,repository evidence,safe_delete_candidate,yes,no,heuristic audit; source-specific maps govern selection,experiment
.codex_backups/v3_baseline_freeze_20260624_150902/reports/master_prompt/panel_unique_bootstrap_ci.csv,.csv,1537,1781635229.4142025,temporary_or_cache,repository evidence,safe_delete_candidate,yes,no,heuristic audit; source-specific maps govern selection,experiment
.codex_backups/v3_baseline_freeze_20260624_150902/reports/master_prompt/statistical_tests.csv,.csv,491,1781635330.496593,temporary_or_cache,repository evidence,safe_delete_candidate,yes,no,heuristic audit; source-specific maps govern selection,experiment
.codex_backups/v3_baseline_freeze_20260624_150902/reports/tables/acmg_feature_mapping.csv,.csv,616,1781630084.759918,temporary_or_cache,repository evidence,safe_delete_candidate,yes,no,heuristic audit; source-specific maps govern selection,experiment
.codex_backups/v3_baseline_freeze_20260624_150902/reports/tables/advanced_threshold_comparison.csv,.csv,25260,1782147662.4592743,temporary_or_cache,repository evidence,safe_delete_candidate,yes,no,heuristic audit; source-specific maps govern selection,experiment
.codex_backups/v3_baseline_freeze_20260624_150902/reports/tables/all_evaluation_metrics.csv,.csv,9901,1782147354.0372188,temporary_or_cache,repository evidence,safe_delete_candidate,yes,no,heuristic audit; source-specific maps govern selection,experiment
.codex_backups/v3_baseline_freeze_20260624_150902/reports/tables/baseline_results.csv,.csv,1922,1781814220.575037,temporary_or_cache,repository evidence,safe_delete_candidate,yes,no,heuristic audit; source-specific maps govern selection,experiment
.codex_backups/v3_baseline_freeze_20260624_150902/reports/tables/calibration_comparison.csv,.csv,3183,1782147855.817795,temporary_or_cache,repository evidence,safe_delete_candidate,yes,no,heuristic audit; source-specific maps govern selection,experiment
.codex_backups/v3_baseline_freeze_20260624_150902/reports/tables/calibration_decision_matrix.csv,.csv,2381,1782147932.8200006,temporary_or_cache,repository evidence,safe_delete_candidate,yes,no,heuristic audit; source-specific maps govern selection,experiment
.codex_backups/v3_baseline_freeze_20260624_150902/reports/tables/class_distribution_by_dataset.csv,.csv,329,1782147399.6743643,temporary_or_cache,repository evidence,safe_delete_candidate,yes,no,heuristic audit; source-specific maps govern selection,experiment
.codex_backups/v3_baseline_freeze_20260624_150902/reports/tables/correlation_matrix_top_features.csv,.csv,20678,1782147355.1251843,temporary_or_cache,repository evidence,safe_delete_candidate,yes,no,heuristic audit; source-specific maps govern selection,experiment
.codex_backups/v3_baseline_freeze_20260624_150902/reports/tables/dataset_summary.csv,.csv,251,1782147296.6833,temporary_or_cache,repository evidence,safe_delete_candidate,yes,no,heuristic audit; source-specific maps govern selection,experiment
.codex_backups/v3_baseline_freeze_20260624_150902/reports/tables/error_analysis.csv,.csv,4952,1781814248.7052252,temporary_or_cache,repository evidence,safe_delete_candidate,yes,no,heuristic audit; source-specific maps govern selection,experiment
.codex_backups/v3_baseline_freeze_20260624_150902/reports/tables/error_analysis_key_features.csv,.csv,1227,1782147425.331966,temporary_or_cache,repository evidence,safe_delete_candidate,yes,no,heuristic audit; source-specific maps govern selection,experiment
.codex_backups/v3_baseline_freeze_20260624_150902/reports/tables/experiment_comparison.csv,.csv,2707,1782147428.8716466,temporary_or_cache,repository evidence,safe_delete_candidate,yes,no,heuristic audit; source-specific maps govern selection,experiment
.codex_backups/v3_baseline_freeze_20260624_150902/reports/tables/feature_group_ablation_results.csv,.csv,2075,1782147856.699786,temporary_or_cache,repository evidence,safe_delete_candidate,yes,no,heuristic audit; source-specific maps govern selection,experiment
.codex_backups/v3_baseline_freeze_20260624_150902/reports/tables/feature_importance.csv,.csv,10363,1781630045.2625988,temporary_or_cache,repository evidence,safe_delete_candidate,yes,no,heuristic audit; source-specific maps govern selection,experiment
.codex_backups/v3_baseline_freeze_20260624_150902/reports/tables/feature_importance_top30.csv,.csv,837,1782147398.3214128,temporary_or_cache,repository evidence,safe_delete_candidate,yes,no,heuristic audit; source-specific maps govern selection,experiment
.codex_backups/v3_baseline_freeze_20260624_150902/reports/tables/final_acmg_feature_mapping.csv,.csv,2341,1782147942.4024675,temporary_or_cache,repository evidence,safe_delete_candidate,yes,no,heuristic audit; source-specific maps govern selection,final
.codex_backups/v3_baseline_freeze_20260624_150902/reports/tables/final_ensemble_comparison.csv,.csv,9108,1782146528.5594506,temporary_or_cache,repository evidence,safe_delete_candidate,yes,no,heuristic audit; source-specific maps govern selection,final
.codex_backups/v3_baseline_freeze_20260624_150902/reports/tables/final_ensemble_weights.csv,.csv,8258,1782146528.5654933,temporary_or_cache,repository evidence,safe_delete_candidate,yes,no,heuristic audit; source-specific maps govern selection,final
.codex_backups/v3_baseline_freeze_20260624_150902/reports/tables/final_error_group_feature_summary.csv,.csv,21766,1782147936.0494661,temporary_or_cache,repository evidence,safe_delete_candidate,yes,no,heuristic audit; source-specific maps govern selection,final
.codex_backups/v3_baseline_freeze_20260624_150902/reports/tables/final_evaluation_metrics.csv,.csv,1205,1782147892.9805043,temporary_or_cache,repository evidence,safe_delete_candidate,yes,no,heuristic audit; source-specific maps govern selection,final
.codex_backups/v3_baseline_freeze_20260624_150902/reports/tables/final_false_negative_cases.csv,.csv,37625,1782147936.1322055,temporary_or_cache,repository evidence,safe_delete_candidate,yes,no,heuristic audit; source-specific maps govern selection,final
.codex_backups/v3_baseline_freeze_20260624_150902/reports/tables/final_false_positive_cases.csv,.csv,61902,1782147936.1102235,temporary_or_cache,repository evidence,safe_delete_candidate,yes,no,heuristic audit; source-specific maps govern selection,final
.codex_backups/v3_baseline_freeze_20260624_150902/reports/tables/final_feature_importance_top30.csv,.csv,365,1782147940.6496737,temporary_or_cache,repository evidence,safe_delete_candidate,yes,no,heuristic audit; source-specific maps govern selection,final
.codex_backups/v3_baseline_freeze_20260624_150902/reports/tables/final_medical_metric_comparison.csv,.csv,3170,1782148044.723537,temporary_or_cache,repository evidence,safe_delete_candidate,yes,no,heuristic audit; source-specific maps govern selection,final
.codex_backups/v3_baseline_freeze_20260624_150902/reports/tables/final_metric_verification_audit.csv,.csv,596,1782147932.1936657,temporary_or_cache,repository evidence,safe_delete_candidate,yes,no,heuristic audit; source-specific maps govern selection,final
.codex_backups/v3_baseline_freeze_20260624_150902/reports/tables/final_model_selection_table.csv,.csv,5985,1782147857.3027718,temporary_or_cache,repository evidence,safe_delete_candidate,yes,no,heuristic audit; source-specific maps govern selection,final
.codex_backups/v3_baseline_freeze_20260624_150902/reports/tables/final_panel_specific_metrics.csv,.csv,1129,1782147938.903659,temporary_or_cache,repository evidence,safe_delete_candidate,yes,no,heuristic audit; source-specific maps govern selection,final
.codex_backups/v3_baseline_freeze_20260624_150902/reports/tables/final_selection_board.csv,.csv,17186,1782148100.7778134,temporary_or_cache,repository evidence,safe_delete_candidate,yes,no,heuristic audit; source-specific maps govern selection,final
.codex_backups/v3_baseline_freeze_20260624_150902/reports/tables/fold_threshold_stability.csv,.csv,5546,1782147777.546834,temporary_or_cache,repository evidence,safe_delete_candidate,yes,no,heuristic audit; source-specific maps govern selection,experiment
.codex_backups/v3_baseline_freeze_20260624_150902/reports/tables/main_model_cv_results.csv,.csv,3750,1781814247.9208121,temporary_or_cache,repository evidence,safe_delete_candidate,yes,no,heuristic audit; source-specific maps govern selection,experiment
.codex_backups/v3_baseline_freeze_20260624_150902/reports/tables/missingness_by_feature_group.csv,.csv,541,1782147400.9009173,temporary_or_cache,repository evidence,safe_delete_candidate,yes,no,heuristic audit; source-specific maps govern selection,experiment
.codex_backups/v3_baseline_freeze_20260624_150902/reports/tables/missingness_summary.csv,.csv,45816,1782147296.6921186,temporary_or_cache,repository evidence,safe_delete_candidate,yes,no,heuristic audit; source-specific maps govern selection,experiment
.codex_backups/v3_baseline_freeze_20260624_150902/reports/tables/model_comparison_metrics.csv,.csv,860,1782147397.5069828,temporary_or_cache,repository evidence,safe_delete_candidate,yes,no,heuristic audit; source-specific maps govern selection,experiment
.codex_backups/v3_baseline_freeze_20260624_150902/reports/tables/model_diagnosis_summary.csv,.csv,359,1782147429.1169934,temporary_or_cache,repository evidence,safe_delete_candidate,yes,no,heuristic audit; source-specific maps govern selection,experiment
.codex_backups/v3_baseline_freeze_20260624_150902/reports/tables/model_zoo_fold_metrics.csv,.csv,15198,1782093873.2036774,temporary_or_cache,repository evidence,safe_delete_candidate,yes,no,heuristic audit; source-specific maps govern selection,experiment
.codex_backups/v3_baseline_freeze_20260624_150902/reports/tables/model_zoo_metrics.csv,.csv,6526,1782093873.1980035,temporary_or_cache,repository evidence,safe_delete_candidate,yes,no,heuristic audit; source-specific maps govern selection,experiment
.codex_backups/v3_baseline_freeze_20260624_150902/reports/tables/optuna_before_after_comparison.csv,.csv,1182,1782163199.8518882,temporary_or_cache,repository evidence,safe_delete_candidate,yes,no,heuristic audit; source-specific maps govern selection,experiment
.codex_backups/v3_baseline_freeze_20260624_150902/reports/tables/optuna_medical_best_params.csv,.csv,332,1782163199.8478608,temporary_or_cache,repository evidence,safe_delete_candidate,yes,no,heuristic audit; source-specific maps govern selection,experiment
.codex_backups/v3_baseline_freeze_20260624_150902/reports/tables/optuna_medical_candidate_fold_metrics.csv,.csv,2484,1782163199.882495,temporary_or_cache,repository evidence,safe_delete_candidate,yes,no,heuristic audit; source-specific maps govern selection,experiment
.codex_backups/v3_baseline_freeze_20260624_150902/reports/tables/optuna_medical_candidate_overfitting_gaps.csv,.csv,356,1782163199.882495,temporary_or_cache,repository evidence,safe_delete_candidate,yes,no,heuristic audit; source-specific maps govern selection,experiment
.codex_backups/v3_baseline_freeze_20260624_150902/reports/tables/optuna_medical_trials.csv,.csv,34021,1782163199.8420792,temporary_or_cache,repository evidence,safe_delete_candidate,yes,no,heuristic audit; source-specific maps govern selection,experiment
.codex_backups/v3_baseline_freeze_20260624_150902/reports/tables/overfitting_gap_analysis.csv,.csv,5684,1781649289.5892336,temporary_or_cache,repository evidence,safe_delete_candidate,yes,no,heuristic audit; source-specific maps govern selection,experiment
.codex_backups/v3_baseline_freeze_20260624_150902/reports/tables/overlap_summary.csv,.csv,483,1782147296.7420583,temporary_or_cache,repository evidence,safe_delete_candidate,yes,no,heuristic audit; source-specific maps govern selection,experiment
.codex_backups/v3_baseline_freeze_20260624_150902/reports/tables/panel_generalization_results.csv,.csv,147,1781814248.6972253,temporary_or_cache,repository evidence,safe_delete_candidate,yes,no,heuristic audit; source-specific maps govern selection,experiment
.codex_backups/v3_baseline_freeze_20260624_150902/reports/tables/panel_specific_error_analysis.csv,.csv,42275,1782147929.5931165,temporary_or_cache,repository evidence,safe_delete_candidate,yes,no,heuristic audit; source-specific maps govern selection,experiment
.codex_backups/v3_baseline_freeze_20260624_150902/reports/tables/panel_unique_bootstrap_ci.csv,.csv,1513,1781645589.024821,temporary_or_cache,repository evidence,safe_delete_candidate,yes,no,heuristic audit; source-specific maps govern selection,experiment
.codex_backups/v3_baseline_freeze_20260624_150902/reports/tables/phase10_before_after_comparison.csv,.csv,1717,1782147932.2472045,temporary_or_cache,repository evidence,safe_delete_candidate,yes,no,heuristic audit; source-specific maps govern selection,experiment
.codex_backups/v3_baseline_freeze_20260624_150902/reports/tables/threshold_optimization.csv,.csv,14527,1782147396.6660054,temporary_or_cache,repository evidence,safe_delete_candidate,yes,no,heuristic audit; source-specific maps govern selection,experiment
.codex_backups/v3_baseline_freeze_20260624_150902/reports/tables/threshold_results.csv,.csv,170,1781814245.7454045,temporary_or_cache,repository evidence,safe_delete_candidate,yes,no,heuristic audit; source-specific maps govern selection,experiment
.codex_backups/v3_baseline_freeze_20260624_150902/reports/tables/validation_split_diagnostics.csv,.csv,375,1782147296.9464903,temporary_or_cache,repository evidence,safe_delete_candidate,yes,no,heuristic audit; source-specific maps govern selection,experiment
.codex_backups/v3_baseline_freeze_20260624_150902/reports/test_evaluation/test_data_discovery.md,.md,518,1782165459.0557702,temporary_or_cache,repository evidence,safe_delete_candidate,yes,no,heuristic audit; source-specific maps govern selection,experiment
.codex_backups/v3_baseline_freeze_20260624_150902/reports/eda/figures/al_pca_cumulative_variance.png,.png,58350,1781630786.4690588,temporary_or_cache,repository evidence,safe_delete_candidate,yes,no,heuristic audit; source-specific maps govern selection,experiment
.codex_backups/v3_baseline_freeze_20260624_150902/reports/eda/figures/eda_model_feature_alignment.png,.png,50241,1781640602.655391,temporary_or_cache,repository evidence,safe_delete_candidate,yes,no,heuristic audit; source-specific maps govern selection,experiment
.codex_backups/v3_baseline_freeze_20260624_150902/reports/eda/figures/ek_spearman_correlation.png,.png,50477,1781630779.0488303,temporary_or_cache,repository evidence,safe_delete_candidate,yes,no,heuristic audit; source-specific maps govern selection,experiment
.codex_backups/v3_baseline_freeze_20260624_150902/reports/eda/figures/missingness_top80.png,.png,128762,1781630775.3261528,temporary_or_cache,repository evidence,safe_delete_candidate,yes,no,heuristic audit; source-specific maps govern selection,experiment
.codex_backups/v3_baseline_freeze_20260624_150902/reports/eda/figures/top10_numeric_boxplots.png,.png,110355,1781630783.2628007,temporary_or_cache,repository evidence,safe_delete_candidate,yes,no,heuristic audit; source-specific maps govern selection,experiment
.codex_backups/v3_baseline_freeze_20260624_150902/reports/eda/tables/eda_model_feature_alignment.csv,.csv,30605,1781640602.8044558,temporary_or_cache,repository evidence,safe_delete_candidate,yes,no,heuristic audit; source-specific maps govern selection,experiment
.codex_backups/v3_baseline_freeze_20260624_150902/reports/eda/tables/eda_panel_model_alignment.csv,.csv,409,1781640602.8081698,temporary_or_cache,repository evidence,safe_delete_candidate,yes,no,heuristic audit; source-specific maps govern selection,experiment
.codex_backups/v3_baseline_freeze_20260624_150902/reports/eda/tables/eda_to_model_decision_bridge.csv,.csv,1639,1781640602.8121097,temporary_or_cache,repository evidence,safe_delete_candidate,yes,no,heuristic audit; source-specific maps govern selection,experiment
.codex_backups/v3_baseline_freeze_20260624_150902/reports/eda/tables/phase1_constant_near_constant.csv,.csv,1721,1781630773.9238548,temporary_or_cache,repository evidence,safe_delete_candidate,yes,no,heuristic audit; source-specific maps govern selection,experiment
.codex_backups/v3_baseline_freeze_20260624_150902/reports/eda/tables/phase1_missingness_bands.csv,.csv,65,1781630773.9911308,temporary_or_cache,repository evidence,safe_delete_candidate,yes,no,heuristic audit; source-specific maps govern selection,experiment
.codex_backups/v3_baseline_freeze_20260624_150902/reports/eda/tables/phase1_missingness_profile.csv,.csv,13688,1781630773.9891198,temporary_or_cache,repository evidence,safe_delete_candidate,yes,no,heuristic audit; source-specific maps govern selection,experiment
.codex_backups/v3_baseline_freeze_20260624_150902/reports/eda/tables/phase1_overlaps.csv,.csv,233,1781630773.5675411,temporary_or_cache,repository evidence,safe_delete_candidate,yes,no,heuristic audit; source-specific maps govern selection,experiment
.codex_backups/v3_baseline_freeze_20260624_150902/reports/eda/tables/phase1_schema_class_balance.csv,.csv,298,1781630773.416092,temporary_or_cache,repository evidence,safe_delete_candidate,yes,no,heuristic audit; source-specific maps govern selection,experiment
.codex_backups/v3_baseline_freeze_20260624_150902/reports/eda/tables/phase2_aa_frequency.csv,.csv,619,1781630779.245296,temporary_or_cache,repository evidence,safe_delete_candidate,yes,no,heuristic audit; source-specific maps govern selection,experiment
.codex_backups/v3_baseline_freeze_20260624_150902/reports/eda/tables/phase2_aa_nonstandard_codes.csv,.csv,127,1781630779.2690392,temporary_or_cache,repository evidence,safe_delete_candidate,yes,no,heuristic audit; source-specific maps govern selection,experiment
.codex_backups/v3_baseline_freeze_20260624_150902/reports/eda/tables/phase2_aa_pairs.csv,.csv,1205,1781630779.2570605,temporary_or_cache,repository evidence,safe_delete_candidate,yes,no,heuristic audit; source-specific maps govern selection,experiment
.codex_backups/v3_baseline_freeze_20260624_150902/reports/eda/tables/phase2_al_distribution_summary.csv,.csv,48880,1781630777.4938831,temporary_or_cache,repository evidence,safe_delete_candidate,yes,no,heuristic audit; source-specific maps govern selection,experiment
.codex_backups/v3_baseline_freeze_20260624_150902/reports/eda/tables/phase2_al_groups_by_n_notna.csv,.csv,384,1781630777.5041785,temporary_or_cache,repository evidence,safe_delete_candidate,yes,no,heuristic audit; source-specific maps govern selection,experiment
.codex_backups/v3_baseline_freeze_20260624_150902/reports/eda/tables/phase2_cat_label_rates.csv,.csv,4145,1781630778.41022,temporary_or_cache,repository evidence,safe_delete_candidate,yes,no,heuristic audit; source-specific maps govern selection,experiment
.codex_backups/v3_baseline_freeze_20260624_150902/reports/eda/tables/phase2_cat_summary.csv,.csv,280,1781630778.3998725,temporary_or_cache,repository evidence,safe_delete_candidate,yes,no,heuristic audit; source-specific maps govern selection,experiment
.codex_backups/v3_baseline_freeze_20260624_150902/reports/eda/tables/phase2_ek_spearman_correlation.csv,.csv,1535,1781630779.2364013,temporary_or_cache,repository evidence,safe_delete_candidate,yes,no,heuristic audit; source-specific maps govern selection,experiment
.codex_backups/v3_baseline_freeze_20260624_150902/reports/eda/tables/phase2_ek_summary.csv,.csv,1364,1781630778.446193,temporary_or_cache,repository evidence,safe_delete_candidate,yes,no,heuristic audit; source-specific maps govern selection,experiment
.codex_backups/v3_baseline_freeze_20260624_150902/reports/eda/tables/phase3_missingness_as_feature.csv,.csv,36720,1781630785.1929584,temporary_or_cache,repository evidence,safe_delete_candidate,yes,no,heuristic audit; source-specific maps govern selection,experiment
.codex_backups/v3_baseline_freeze_20260624_150902/reports/eda/tables/phase3_numeric_auc_ranked.csv,.csv,28559,1781630781.3051312,temporary_or_cache,repository evidence,safe_delete_candidate,yes,no,heuristic audit; source-specific maps govern selection,experiment
.codex_backups/v3_baseline_freeze_20260624_150902/reports/eda/tables/phase4_al_pca.csv,.csv,974,1781630786.614694,temporary_or_cache,repository evidence,safe_delete_candidate,yes,no,heuristic audit; source-specific maps govern selection,experiment
.codex_backups/v3_baseline_freeze_20260624_150902/reports/eda/tables/phase4_al_triplet_correlations.csv,.csv,8540,1781630785.4436731,temporary_or_cache,repository evidence,safe_delete_candidate,yes,no,heuristic audit; source-specific maps govern selection,experiment
.codex_backups/v3_baseline_freeze_20260624_150902/reports/eda/tables/phase4_cross_group_spearman.csv,.csv,4537,1781630785.5100904,temporary_or_cache,repository evidence,safe_delete_candidate,yes,no,heuristic audit; source-specific maps govern selection,experiment
.codex_backups/v3_baseline_freeze_20260624_150902/reports/eda/tables/phase4_high_cross_group_correlations.csv,.csv,173,1781630785.5169148,temporary_or_cache,repository evidence,safe_delete_candidate,yes,no,heuristic audit; source-specific maps govern selection,experiment
.codex_backups/v3_baseline_freeze_20260624_150902/reports/eda/tables/phase4_leakage_suspects.csv,.csv,79,1781630786.6188467,temporary_or_cache,repository evidence,safe_delete_candidate,yes,no,heuristic audit; source-specific maps govern selection,experiment
.codex_backups/v3_baseline_freeze_20260624_150902/reports/eda/tables/phase5_panel_unique_vs_shared.csv,.csv,536,1781630787.8501284,temporary_or_cache,repository evidence,safe_delete_candidate,yes,no,heuristic audit; source-specific maps govern selection,experiment
.codex_backups/v3_baseline_freeze_20260624_150902/reports/eda/tables/phase5_top10_cross_dataset_shift.csv,.csv,4119,1781630787.057578,temporary_or_cache,repository evidence,safe_delete_candidate,yes,no,heuristic audit; source-specific maps govern selection,experiment
.codex_backups/v3_baseline_freeze_20260624_150902/reports/eda/tables/phase6_acmg_interpretation.csv,.csv,3298,1781630787.8564482,temporary_or_cache,repository evidence,safe_delete_candidate,yes,no,heuristic audit; source-specific maps govern selection,experiment
.codex_backups/v3_baseline_freeze_20260624_150902/reports/eda_notebook_outputs/figures/al_pca_cumulative_variance.png,.png,58350,1781631304.4450939,temporary_or_cache,repository evidence,safe_delete_candidate,yes,no,heuristic audit; source-specific maps govern selection,experiment
.codex_backups/v3_baseline_freeze_20260624_150902/reports/eda_notebook_outputs/figures/ek_spearman_correlation.png,.png,50477,1781631291.0614507,temporary_or_cache,repository evidence,safe_delete_candidate,yes,no,heuristic audit; source-specific maps govern selection,experiment
.codex_backups/v3_baseline_freeze_20260624_150902/reports/eda_notebook_outputs/figures/missingness_top80.png,.png,130462,1781631284.9772508,temporary_or_cache,repository evidence,safe_delete_candidate,yes,no,heuristic audit; source-specific maps govern selection,experiment
.codex_backups/v3_baseline_freeze_20260624_150902/reports/eda_notebook_outputs/figures/top10_numeric_boxplots.png,.png,110355,1781631299.9254391,temporary_or_cache,repository evidence,safe_delete_candidate,yes,no,heuristic audit; source-specific maps govern selection,experiment
.codex_backups/v3_baseline_freeze_20260624_150902/reports/eda_notebook_outputs/tables/phase1_constant_near_constant.csv,.csv,1721,1781631283.7849038,temporary_or_cache,repository evidence,safe_delete_candidate,yes,no,heuristic audit; source-specific maps govern selection,experiment
.codex_backups/v3_baseline_freeze_20260624_150902/reports/eda_notebook_outputs/tables/phase1_missingness_profile.csv,.csv,13688,1781631283.8422153,temporary_or_cache,repository evidence,safe_delete_candidate,yes,no,heuristic audit; source-specific maps govern selection,experiment
.codex_backups/v3_baseline_freeze_20260624_150902/reports/eda_notebook_outputs/tables/phase1_overlaps.csv,.csv,233,1781631283.4980545,temporary_or_cache,repository evidence,safe_delete_candidate,yes,no,heuristic audit; source-specific maps govern selection,experiment
.codex_backups/v3_baseline_freeze_20260624_150902/reports/eda_notebook_outputs/tables/phase1_schema_class_balance.csv,.csv,298,1781631283.297918,temporary_or_cache,repository evidence,safe_delete_candidate,yes,no,heuristic audit; source-specific maps govern selection,experiment
.codex_backups/v3_baseline_freeze_20260624_150902/reports/eda_notebook_outputs/tables/phase2_aa_frequency.csv,.csv,619,1781631291.5290456,temporary_or_cache,repository evidence,safe_delete_candidate,yes,no,heuristic audit; source-specific maps govern selection,experiment
.codex_backups/v3_baseline_freeze_20260624_150902/reports/eda_notebook_outputs/tables/phase2_aa_pairs.csv,.csv,1205,1781631291.5483415,temporary_or_cache,repository evidence,safe_delete_candidate,yes,no,heuristic audit; source-specific maps govern selection,experiment
.codex_backups/v3_baseline_freeze_20260624_150902/reports/eda_notebook_outputs/tables/phase2_al_distribution_summary.csv,.csv,48880,1781631288.9183722,temporary_or_cache,repository evidence,safe_delete_candidate,yes,no,heuristic audit; source-specific maps govern selection,experiment
.codex_backups/v3_baseline_freeze_20260624_150902/reports/eda_notebook_outputs/tables/phase2_al_groups_by_n_notna.csv,.csv,384,1781631288.9375405,temporary_or_cache,repository evidence,safe_delete_candidate,yes,no,heuristic audit; source-specific maps govern selection,experiment
.codex_backups/v3_baseline_freeze_20260624_150902/reports/eda_notebook_outputs/tables/phase2_cat_label_rates.csv,.csv,4145,1781631290.2956016,temporary_or_cache,repository evidence,safe_delete_candidate,yes,no,heuristic audit; source-specific maps govern selection,experiment
.codex_backups/v3_baseline_freeze_20260624_150902/reports/eda_notebook_outputs/tables/phase2_cat_summary.csv,.csv,280,1781631290.290273,temporary_or_cache,repository evidence,safe_delete_candidate,yes,no,heuristic audit; source-specific maps govern selection,experiment
.codex_backups/v3_baseline_freeze_20260624_150902/reports/eda_notebook_outputs/tables/phase2_ek_spearman_correlation.csv,.csv,1535,1781631290.457364,temporary_or_cache,repository evidence,safe_delete_candidate,yes,no,heuristic audit; source-specific maps govern selection,experiment
.codex_backups/v3_baseline_freeze_20260624_150902/reports/eda_notebook_outputs/tables/phase2_ek_summary.csv,.csv,1364,1781631290.395697,temporary_or_cache,repository evidence,safe_delete_candidate,yes,no,heuristic audit; source-specific maps govern selection,experiment
.codex_backups/v3_baseline_freeze_20260624_150902/reports/eda_notebook_outputs/tables/phase3_missingness_as_feature.csv,.csv,29754,1781631296.769734,temporary_or_cache,repository evidence,safe_delete_candidate,yes,no,heuristic audit; source-specific maps govern selection,experiment
.codex_backups/v3_baseline_freeze_20260624_150902/reports/eda_notebook_outputs/tables/phase3_numeric_auc_ranked.csv,.csv,28559,1781631294.83849,temporary_or_cache,repository evidence,safe_delete_candidate,yes,no,heuristic audit; source-specific maps govern selection,experiment
.codex_backups/v3_baseline_freeze_20260624_150902/reports/eda_notebook_outputs/tables/phase4_al_pca.csv,.csv,974,1781631303.8631487,temporary_or_cache,repository evidence,safe_delete_candidate,yes,no,heuristic audit; source-specific maps govern selection,experiment
.codex_backups/v3_baseline_freeze_20260624_150902/reports/eda_notebook_outputs/tables/phase4_al_triplet_correlations.csv,.csv,8540,1781631302.969027,temporary_or_cache,repository evidence,safe_delete_candidate,yes,no,heuristic audit; source-specific maps govern selection,experiment
.codex_backups/v3_baseline_freeze_20260624_150902/reports/eda_notebook_outputs/tables/phase4_cross_group_spearman.csv,.csv,4537,1781631303.1294737,temporary_or_cache,repository evidence,safe_delete_candidate,yes,no,heuristic audit; source-specific maps govern selection,experiment
.codex_backups/v3_baseline_freeze_20260624_150902/reports/eda_notebook_outputs/tables/phase4_high_cross_group_correlations.csv,.csv,173,1781631303.1456125,temporary_or_cache,repository evidence,safe_delete_candidate,yes,no,heuristic audit; source-specific maps govern selection,experiment
.codex_backups/v3_baseline_freeze_20260624_150902/reports/eda_notebook_outputs/tables/phase4_leakage_suspects.csv,.csv,79,1781631304.8152707,temporary_or_cache,repository evidence,safe_delete_candidate,yes,no,heuristic audit; source-specific maps govern selection,experiment
.codex_backups/v3_baseline_freeze_20260624_150902/reports/eda_notebook_outputs/tables/phase5_panel_unique_vs_shared.csv,.csv,536,1781631306.7685204,temporary_or_cache,repository evidence,safe_delete_candidate,yes,no,heuristic audit; source-specific maps govern selection,experiment
.codex_backups/v3_baseline_freeze_20260624_150902/reports/eda_notebook_outputs/tables/phase5_top10_cross_dataset_shift.csv,.csv,4119,1781631305.1784267,temporary_or_cache,repository evidence,safe_delete_candidate,yes,no,heuristic audit; source-specific maps govern selection,experiment
.codex_backups/v3_baseline_freeze_20260624_150902/reports/eda_notebook_outputs/tables/phase6_acmg_interpretation.csv,.csv,3298,1781631306.8861322,temporary_or_cache,repository evidence,safe_delete_candidate,yes,no,heuristic audit; source-specific maps govern selection,experiment
.codex_backups/v3_baseline_freeze_20260624_150902/reports/figures/experiments/experiment_001_initial/advanced_threshold_comparison.png,.png,86591,1781648679.3485985,temporary_or_cache,repository evidence,safe_delete_candidate,yes,no,heuristic audit; source-specific maps govern selection,experiment
.codex_backups/v3_baseline_freeze_20260624_150902/reports/figures/experiments/experiment_001_initial/brier_logloss_comparison.png,.png,42803,1781648782.9654033,temporary_or_cache,repository evidence,safe_delete_candidate,yes,no,heuristic audit; source-specific maps govern selection,experiment
.codex_backups/v3_baseline_freeze_20260624_150902/reports/figures/experiments/experiment_001_initial/calibration_curves.png,.png,127938,1781648782.5050404,temporary_or_cache,repository evidence,safe_delete_candidate,yes,no,heuristic audit; source-specific maps govern selection,experiment
.codex_backups/v3_baseline_freeze_20260624_150902/reports/figures/experiments/experiment_001_initial/class_distribution_by_dataset.png,.png,136109,1781646603.7564251,temporary_or_cache,repository evidence,safe_delete_candidate,yes,no,heuristic audit; source-specific maps govern selection,experiment
.codex_backups/v3_baseline_freeze_20260624_150902/reports/figures/experiments/experiment_001_initial/confusion_matrix_cftr_unique.png,.png,84102,1781646581.319234,temporary_or_cache,repository evidence,safe_delete_candidate,yes,no,heuristic audit; source-specific maps govern selection,experiment
.codex_backups/v3_baseline_freeze_20260624_150902/reports/figures/experiments/experiment_001_initial/confusion_matrix_kanser_unique.png,.png,92877,1781646579.426136,temporary_or_cache,repository evidence,safe_delete_candidate,yes,no,heuristic audit; source-specific maps govern selection,experiment
.codex_backups/v3_baseline_freeze_20260624_150902/reports/figures/experiments/experiment_001_initial/confusion_matrix_master.png,.png,108099,1781646578.6262467,temporary_or_cache,repository evidence,safe_delete_candidate,yes,no,heuristic audit; source-specific maps govern selection,experiment
.codex_backups/v3_baseline_freeze_20260624_150902/reports/figures/experiments/experiment_001_initial/confusion_matrix_pah_unique.png,.png,89661,1781646580.3159144,temporary_or_cache,repository evidence,safe_delete_candidate,yes,no,heuristic audit; source-specific maps govern selection,experiment
.codex_backups/v3_baseline_freeze_20260624_150902/reports/figures/experiments/experiment_001_initial/confusion_matrix_panel_unique_combined.png,.png,95487,1781646582.2441325,temporary_or_cache,repository evidence,safe_delete_candidate,yes,no,heuristic audit; source-specific maps govern selection,experiment
.codex_backups/v3_baseline_freeze_20260624_150902/reports/figures/experiments/experiment_001_initial/correlation_matrix_top_features.png,.png,335912,1781646562.866516,temporary_or_cache,repository evidence,safe_delete_candidate,yes,no,heuristic audit; source-specific maps govern selection,experiment
.codex_backups/v3_baseline_freeze_20260624_150902/reports/figures/experiments/experiment_001_initial/error_analysis_key_features.png,.png,184959,1781646623.563907,temporary_or_cache,repository evidence,safe_delete_candidate,yes,no,heuristic audit; source-specific maps govern selection,experiment
.codex_backups/v3_baseline_freeze_20260624_150902/reports/figures/experiments/experiment_001_initial/feature_group_ablation_comparison.png,.png,105542,1781649292.901658,temporary_or_cache,repository evidence,safe_delete_candidate,yes,no,heuristic audit; source-specific maps govern selection,experiment
.codex_backups/v3_baseline_freeze_20260624_150902/reports/figures/experiments/experiment_001_initial/feature_importance.png,.png,62847,1781630045.6815517,temporary_or_cache,repository evidence,safe_delete_candidate,yes,no,heuristic audit; source-specific maps govern selection,experiment
.codex_backups/v3_baseline_freeze_20260624_150902/reports/figures/experiments/experiment_001_initial/feature_importance_top30.png,.png,152299,1781646602.8577204,temporary_or_cache,repository evidence,safe_delete_candidate,yes,no,heuristic audit; source-specific maps govern selection,experiment
.codex_backups/v3_baseline_freeze_20260624_150902/reports/figures/experiments/experiment_001_initial/final_calibration_curve.png,.png,127938,1781648782.5050404,temporary_or_cache,repository evidence,safe_delete_candidate,yes,no,heuristic audit; source-specific maps govern selection,final
.codex_backups/v3_baseline_freeze_20260624_150902/reports/figures/experiments/experiment_001_initial/final_calibration_decision_plot.png,.png,57585,1781812257.5306861,temporary_or_cache,repository evidence,safe_delete_candidate,yes,no,heuristic audit; source-specific maps govern selection,final
.codex_backups/v3_baseline_freeze_20260624_150902/reports/figures/experiments/experiment_001_initial/final_confusion_matrix_master.png,.png,108099,1781648478.546499,temporary_or_cache,repository evidence,safe_delete_candidate,yes,no,heuristic audit; source-specific maps govern selection,final
.codex_backups/v3_baseline_freeze_20260624_150902/reports/figures/experiments/experiment_001_initial/final_error_group_feature_distributions.png,.png,87133,1781812167.5157337,temporary_or_cache,repository evidence,safe_delete_candidate,yes,no,heuristic audit; source-specific maps govern selection,final
.codex_backups/v3_baseline_freeze_20260624_150902/reports/figures/experiments/experiment_001_initial/final_feature_importance.png,.png,62847,1781630045.6815517,temporary_or_cache,repository evidence,safe_delete_candidate,yes,no,heuristic audit; source-specific maps govern selection,final
.codex_backups/v3_baseline_freeze_20260624_150902/reports/figures/experiments/experiment_001_initial/final_feature_importance_top30.png,.png,87821,1781812171.2410417,temporary_or_cache,repository evidence,safe_delete_candidate,yes,no,heuristic audit; source-specific maps govern selection,final
.codex_backups/v3_baseline_freeze_20260624_150902/reports/figures/experiments/experiment_001_initial/final_fp_fn_feature_contrast.png,.png,61488,1781812168.211178,temporary_or_cache,repository evidence,safe_delete_candidate,yes,no,heuristic audit; source-specific maps govern selection,final
.codex_backups/v3_baseline_freeze_20260624_150902/reports/figures/experiments/experiment_001_initial/final_model_comparison.png,.png,107813,1781646625.9793649,temporary_or_cache,repository evidence,safe_delete_candidate,yes,no,heuristic audit; source-specific maps govern selection,final
.codex_backups/v3_baseline_freeze_20260624_150902/reports/figures/experiments/experiment_001_initial/final_panel_specific_confusion_matrices.png,.png,36958,1781812170.2258584,temporary_or_cache,repository evidence,safe_delete_candidate,yes,no,heuristic audit; source-specific maps govern selection,final
.codex_backups/v3_baseline_freeze_20260624_150902/reports/figures/experiments/experiment_001_initial/final_panel_specific_metric_comparison.png,.png,61429,1781812169.16269,temporary_or_cache,repository evidence,safe_delete_candidate,yes,no,heuristic audit; source-specific maps govern selection,final
.codex_backups/v3_baseline_freeze_20260624_150902/reports/figures/experiments/experiment_001_initial/final_pr_curve_master.png,.png,114868,1781648482.0984569,temporary_or_cache,repository evidence,safe_delete_candidate,yes,no,heuristic audit; source-specific maps govern selection,final
.codex_backups/v3_baseline_freeze_20260624_150902/reports/figures/experiments/experiment_001_initial/final_roc_curve_master.png,.png,129207,1781648481.5066822,temporary_or_cache,repository evidence,safe_delete_candidate,yes,no,heuristic audit; source-specific maps govern selection,final
.codex_backups/v3_baseline_freeze_20260624_150902/reports/figures/experiments/experiment_001_initial/final_threshold_analysis.png,.png,119718,1781648678.5715191,temporary_or_cache,repository evidence,safe_delete_candidate,yes,no,heuristic audit; source-specific maps govern selection,final
.codex_backups/v3_baseline_freeze_20260624_150902/reports/figures/experiments/experiment_001_initial/fold_threshold_distribution.png,.png,39189,1781648736.6026633,temporary_or_cache,repository evidence,safe_delete_candidate,yes,no,heuristic audit; source-specific maps govern selection,experiment
.codex_backups/v3_baseline_freeze_20260624_150902/reports/figures/experiments/experiment_001_initial/missingness_by_feature_group.png,.png,84214,1781646604.5893722,temporary_or_cache,repository evidence,safe_delete_candidate,yes,no,heuristic audit; source-specific maps govern selection,experiment
.codex_backups/v3_baseline_freeze_20260624_150902/reports/figures/experiments/experiment_001_initial/model_comparison.png,.png,66194,1781645351.620504,temporary_or_cache,repository evidence,safe_delete_candidate,yes,no,heuristic audit; source-specific maps govern selection,experiment
.codex_backups/v3_baseline_freeze_20260624_150902/reports/figures/experiments/experiment_001_initial/model_comparison_metrics.png,.png,218707,1781646601.4989383,temporary_or_cache,repository evidence,safe_delete_candidate,yes,no,heuristic audit; source-specific maps govern selection,experiment
.codex_backups/v3_baseline_freeze_20260624_150902/reports/figures/experiments/experiment_001_initial/optuna_medical_optimization_history.png,.png,96262,1782163200.65353,temporary_or_cache,repository evidence,safe_delete_candidate,yes,no,heuristic audit; source-specific maps govern selection,experiment
.codex_backups/v3_baseline_freeze_20260624_150902/reports/figures/experiments/experiment_001_initial/optuna_param_importance.png,.png,53561,1782163201.9790804,temporary_or_cache,repository evidence,safe_delete_candidate,yes,no,heuristic audit; source-specific maps govern selection,experiment
.codex_backups/v3_baseline_freeze_20260624_150902/reports/figures/experiments/experiment_001_initial/panel_confusion_matrices.png,.png,43865,1781649295.7342422,temporary_or_cache,repository evidence,safe_delete_candidate,yes,no,heuristic audit; source-specific maps govern selection,experiment
.codex_backups/v3_baseline_freeze_20260624_150902/reports/figures/experiments/experiment_001_initial/panel_error_feature_distributions.png,.png,124442,1781649298.618883,temporary_or_cache,repository evidence,safe_delete_candidate,yes,no,heuristic audit; source-specific maps govern selection,experiment
.codex_backups/v3_baseline_freeze_20260624_150902/reports/figures/experiments/experiment_001_initial/phase10_before_after_comparison.png,.png,81403,1781812162.20112,temporary_or_cache,repository evidence,safe_delete_candidate,yes,no,heuristic audit; source-specific maps govern selection,experiment
.codex_backups/v3_baseline_freeze_20260624_150902/reports/figures/experiments/experiment_001_initial/pr_curve_master.png,.png,114868,1781646583.651016,temporary_or_cache,repository evidence,safe_delete_candidate,yes,no,heuristic audit; source-specific maps govern selection,experiment
.codex_backups/v3_baseline_freeze_20260624_150902/reports/figures/experiments/experiment_001_initial/pr_curve_panel_unique.png,.png,154268,1781646585.9427228,temporary_or_cache,repository evidence,safe_delete_candidate,yes,no,heuristic audit; source-specific maps govern selection,experiment
.codex_backups/v3_baseline_freeze_20260624_150902/reports/figures/experiments/experiment_001_initial/roc_curve_master.png,.png,129207,1781646582.9820454,temporary_or_cache,repository evidence,safe_delete_candidate,yes,no,heuristic audit; source-specific maps govern selection,experiment
.codex_backups/v3_baseline_freeze_20260624_150902/reports/figures/experiments/experiment_001_initial/roc_curve_panel_unique.png,.png,147580,1781646584.615459,temporary_or_cache,repository evidence,safe_delete_candidate,yes,no,heuristic audit; source-specific maps govern selection,experiment
.codex_backups/v3_baseline_freeze_20260624_150902/reports/figures/experiments/experiment_001_initial/threshold_comparison.png,.png,25939,1781645351.0591152,temporary_or_cache,repository evidence,safe_delete_candidate,yes,no,heuristic audit; source-specific maps govern selection,experiment
.codex_backups/v3_baseline_freeze_20260624_150902/reports/figures/experiments/experiment_001_initial/threshold_metric_curves.png,.png,119718,1781648678.5715191,temporary_or_cache,repository evidence,safe_delete_candidate,yes,no,heuristic audit; source-specific maps govern selection,experiment
.codex_backups/v3_baseline_freeze_20260624_150902/reports/figures/experiments/experiment_001_initial/threshold_optimization.png,.png,220571,1781646600.2217436,temporary_or_cache,repository evidence,safe_delete_candidate,yes,no,heuristic audit; source-specific maps govern selection,experiment
.codex_backups/v3_baseline_freeze_20260624_150902/reports/figures/experiments/experiment_001_initial/train_vs_validation_metrics.png,.png,106006,1781649291.6438367,temporary_or_cache,repository evidence,safe_delete_candidate,yes,no,heuristic audit; source-specific maps govern selection,experiment
.codex_backups/v3_baseline_freeze_20260624_150902/reports/test_evaluation/tables/test_schema_audit.csv,.csv,2,1782165459.0557702,temporary_or_cache,repository evidence,safe_delete_candidate,yes,no,heuristic audit; source-specific maps govern selection,experiment
.pytest_cache/v/cache/nodeids,,1683,1782300299.3783784,unknown,repository evidence,legacy_useful,maybe,no,heuristic audit; source-specific maps govern selection,experiment
artifacts/metrics/feature_list.json,.json,5696,1782147297.9536505,metric_table,repository evidence,legacy_useful,maybe,no,heuristic audit; source-specific maps govern selection,experiment
artifacts/metrics/final_config.json,.json,712,1782147892.9883006,model_artifact,repository evidence,protected_final,no,yes,heuristic audit; source-specific maps govern selection,final
artifacts/metrics/final_feature_list.json,.json,5696,1782147297.9536505,model_artifact,repository evidence,protected_final,no,yes,heuristic audit; source-specific maps govern selection,final
artifacts/metrics/final_metrics.json,.json,1465,1782147892.9862876,model_artifact,repository evidence,protected_final,no,yes,heuristic audit; source-specific maps govern selection,final
artifacts/metrics/final_model_decision.json,.json,7382,1782148100.8135684,model_artifact,repository evidence,protected_final,no,yes,heuristic audit; source-specific maps govern selection,final
artifacts/metrics/final_threshold.json,.json,250,1782147892.9842708,model_artifact,repository evidence,protected_final,no,yes,heuristic audit; source-specific maps govern selection,final
artifacts/metrics/optuna_medical_best_params.json,.json,2766,1782163202.0827844,report,repository evidence,rejected_experiment,yes,no,heuristic audit; source-specific maps govern selection,experiment
artifacts/models/final_model.pkl,.pkl,1217444,1782147892.9573295,model_artifact,repository evidence,protected_final,no,yes,heuristic audit; source-specific maps govern selection,final
artifacts/models/final_model_columns.txt,.txt,3495,1782147892.9724417,model_artifact,repository evidence,protected_final,no,yes,heuristic audit; source-specific maps govern selection,final
artifacts/models/lightgbm_final.joblib,.joblib,9797876,1781640132.795956,model_artifact,repository evidence,legacy_useful,maybe,no,heuristic audit; source-specific maps govern selection,final
artifacts/models/model_columns.txt,.txt,3495,1781640132.7989454,unknown,repository evidence,legacy_useful,maybe,no,heuristic audit; source-specific maps govern selection,experiment
artifacts/predictions/final_ensemble_oof_predictions.csv,.csv,408134,1782146528.5375645,prediction_artifact,repository evidence,protected_final,no,yes,heuristic audit; source-specific maps govern selection,final
artifacts/predictions/final_ensemble_panel_predictions.csv,.csv,52933,1782146528.5534077,prediction_artifact,repository evidence,protected_final,no,yes,heuristic audit; source-specific maps govern selection,final
artifacts/predictions/final_master_cv_predictions.csv,.csv,220660,1782147927.254013,prediction_artifact,repository evidence,protected_final,no,yes,heuristic audit; source-specific maps govern selection,final
artifacts/predictions/final_panel_predictions.csv,.csv,29330,1782147927.9692116,prediction_artifact,repository evidence,protected_final,no,yes,heuristic audit; source-specific maps govern selection,final
artifacts/predictions/master_cv_model_predictions_phase9.csv,.csv,1178574,1782147304.375823,prediction_artifact,repository evidence,legacy_useful,maybe,no,heuristic audit; source-specific maps govern selection,experiment
artifacts/predictions/model_zoo_oof_predictions.csv,.csv,317968,1782093873.1795151,prediction_artifact,repository evidence,legacy_useful,maybe,no,heuristic audit; source-specific maps govern selection,experiment
artifacts/predictions/model_zoo_panel_predictions.csv,.csv,41687,1782093873.189744,prediction_artifact,repository evidence,legacy_useful,maybe,no,heuristic audit; source-specific maps govern selection,experiment
artifacts/predictions/oof_predictions.csv,.csv,140654,1781635061.6934474,prediction_artifact,repository evidence,legacy_useful,maybe,no,heuristic audit; source-specific maps govern selection,experiment
artifacts/predictions/optuna_medical_candidate_oof_predictions.csv,.csv,190893,1782163199.875496,prediction_artifact,repository evidence,legacy_useful,maybe,no,heuristic audit; source-specific maps govern selection,experiment
artifacts/predictions/optuna_medical_candidate_panel_predictions.csv,.csv,19912,1782163199.882495,prediction_artifact,repository evidence,legacy_useful,maybe,no,heuristic audit; source-specific maps govern selection,experiment
artifacts/predictions/panel_unique_model_predictions_phase9.csv,.csv,21316,1782147353.8926191,prediction_artifact,repository evidence,legacy_useful,maybe,no,heuristic audit; source-specific maps govern selection,experiment
artifacts/predictions/panel_unique_predictions.csv,.csv,19465,1781640133.454593,prediction_artifact,repository evidence,legacy_useful,maybe,no,heuristic audit; source-specific maps govern selection,experiment
artifacts/preprocessors/feature_engineer.joblib,.joblib,40787,1781640132.263795,model_artifact,repository evidence,legacy_useful,maybe,no,heuristic audit; source-specific maps govern selection,experiment
artifacts/preprocessors/final_preprocessor.pkl,.pkl,40787,1782147892.9684153,model_artifact,repository evidence,protected_final,no,yes,heuristic audit; source-specific maps govern selection,final
artifacts/metrics/experiments/experiment_001_initial/all_evaluation_metrics.csv,.csv,9901,1781646559.6284428,metric_table,repository evidence,legacy_useful,maybe,no,heuristic audit; source-specific maps govern selection,experiment
artifacts/metrics/experiments/experiment_001_initial/config.json,.json,174,1782147428.885541,metric_table,repository evidence,legacy_useful,maybe,no,heuristic audit; source-specific maps govern selection,experiment
artifacts/metrics/experiments/experiment_001_initial/diagnosis.md,.md,212,1782147428.887556,report,repository evidence,legacy_useful,maybe,no,heuristic audit; source-specific maps govern selection,experiment
artifacts/metrics/experiments/experiment_001_initial/error_analysis.csv,.csv,4952,1781645351.8106694,metric_table,repository evidence,legacy_useful,maybe,no,heuristic audit; source-specific maps govern selection,experiment
artifacts/metrics/experiments/experiment_001_initial/feature_importance.csv,.csv,10363,1781630045.2625988,metric_table,repository evidence,legacy_useful,maybe,no,heuristic audit; source-specific maps govern selection,experiment
artifacts/metrics/experiments/experiment_001_initial/main_model_cv_results.csv,.csv,3750,1781645351.1696656,metric_table,repository evidence,legacy_useful,maybe,no,heuristic audit; source-specific maps govern selection,experiment
artifacts/metrics/experiments/experiment_001_initial/metrics.csv,.csv,2439,1782147428.8835256,metric_table,repository evidence,legacy_useful,maybe,no,heuristic audit; source-specific maps govern selection,experiment
artifacts/metrics/experiments/experiment_001_initial/panel_generalization_results.csv,.csv,147,1781645351.8048775,metric_table,repository evidence,legacy_useful,maybe,no,heuristic audit; source-specific maps govern selection,experiment
artifacts/metrics/experiments/experiment_001_initial/threshold_results.csv,.csv,170,1781645349.800034,metric_table,repository evidence,legacy_useful,maybe,no,heuristic audit; source-specific maps govern selection,experiment
artifacts/metrics/experiments/experiment_002_f1_threshold/config.json,.json,188,1782147428.9121616,metric_table,repository evidence,legacy_useful,maybe,no,heuristic audit; source-specific maps govern selection,experiment
artifacts/metrics/experiments/experiment_002_f1_threshold/diagnosis.md,.md,205,1782147428.914174,report,repository evidence,legacy_useful,maybe,no,heuristic audit; source-specific maps govern selection,experiment
artifacts/metrics/experiments/experiment_002_f1_threshold/metrics.csv,.csv,2439,1782147428.9055772,metric_table,repository evidence,legacy_useful,maybe,no,heuristic audit; source-specific maps govern selection,experiment
artifacts/metrics/experiments/experiment_003_youden_threshold/config.json,.json,189,1782147428.929315,metric_table,repository evidence,legacy_useful,maybe,no,heuristic audit; source-specific maps govern selection,experiment
artifacts/metrics/experiments/experiment_003_youden_threshold/diagnosis.md,.md,186,1782147428.9313333,report,repository evidence,legacy_useful,maybe,no,heuristic audit; source-specific maps govern selection,experiment
artifacts/metrics/experiments/experiment_003_youden_threshold/metrics.csv,.csv,2439,1782147428.9252656,metric_table,repository evidence,legacy_useful,maybe,no,heuristic audit; source-specific maps govern selection,experiment
artifacts/metrics/experiments/experiment_004_extra_trees/config.json,.json,189,1782147428.951478,metric_table,repository evidence,legacy_useful,maybe,no,heuristic audit; source-specific maps govern selection,experiment
artifacts/metrics/experiments/experiment_004_extra_trees/diagnosis.md,.md,148,1782147428.9535055,report,repository evidence,legacy_useful,maybe,no,heuristic audit; source-specific maps govern selection,experiment
artifacts/metrics/experiments/experiment_004_extra_trees/metrics.csv,.csv,1145,1782147428.9497192,metric_table,repository evidence,legacy_useful,maybe,no,heuristic audit; source-specific maps govern selection,experiment
artifacts/metrics/experiments/experiment_005_catboost/config.json,.json,189,1782147428.968651,metric_table,repository evidence,legacy_useful,maybe,no,heuristic audit; source-specific maps govern selection,experiment
artifacts/metrics/experiments/experiment_005_catboost/diagnosis.md,.md,142,1782147428.970664,report,repository evidence,legacy_useful,maybe,no,heuristic audit; source-specific maps govern selection,experiment
artifacts/metrics/experiments/experiment_005_catboost/metrics.csv,.csv,1136,1782147428.9666317,metric_table,repository evidence,legacy_useful,maybe,no,heuristic audit; source-specific maps govern selection,experiment
artifacts/metrics/experiments/experiment_006_ensemble_stack/config.json,.json,189,1782147428.986515,report,repository evidence,rejected_experiment,yes,no,heuristic audit; source-specific maps govern selection,experiment
artifacts/metrics/experiments/experiment_006_ensemble_stack/diagnosis.md,.md,165,1782147428.9885287,report,repository evidence,rejected_experiment,yes,no,heuristic audit; source-specific maps govern selection,experiment
artifacts/metrics/experiments/experiment_006_ensemble_stack/metrics.csv,.csv,1153,1782147428.9845002,report,repository evidence,rejected_experiment,yes,no,heuristic audit; source-specific maps govern selection,experiment
artifacts/metrics/experiments/experiment_007_lr_ek_only/config.json,.json,188,1782147429.004387,metric_table,repository evidence,legacy_useful,maybe,no,heuristic audit; source-specific maps govern selection,experiment
artifacts/metrics/experiments/experiment_007_lr_ek_only/diagnosis.md,.md,172,1782147429.004387,report,repository evidence,legacy_useful,maybe,no,heuristic audit; source-specific maps govern selection,experiment
artifacts/metrics/experiments/experiment_007_lr_ek_only/metrics.csv,.csv,2222,1782147429.0023727,metric_table,repository evidence,legacy_useful,maybe,no,heuristic audit; source-specific maps govern selection,experiment
artifacts/metrics/experiments/experiment_008_ek_only_features/config.json,.json,177,1782147429.0301044,metric_table,repository evidence,legacy_useful,maybe,no,heuristic audit; source-specific maps govern selection,experiment
artifacts/metrics/experiments/experiment_008_ek_only_features/diagnosis.md,.md,160,1782147429.032118,report,repository evidence,legacy_useful,maybe,no,heuristic audit; source-specific maps govern selection,experiment
artifacts/metrics/experiments/experiment_008_ek_only_features/metrics.csv,.csv,427,1782147429.028344,metric_table,repository evidence,legacy_useful,maybe,no,heuristic audit; source-specific maps govern selection,experiment
artifacts/metrics/experiments/experiment_009_al_only_features/config.json,.json,177,1782147429.0480032,metric_table,repository evidence,legacy_useful,maybe,no,heuristic audit; source-specific maps govern selection,experiment
artifacts/metrics/experiments/experiment_009_al_only_features/diagnosis.md,.md,160,1782147429.0500176,report,repository evidence,legacy_useful,maybe,no,heuristic audit; source-specific maps govern selection,experiment
artifacts/metrics/experiments/experiment_009_al_only_features/metrics.csv,.csv,427,1782147429.0480032,metric_table,repository evidence,legacy_useful,maybe,no,heuristic audit; source-specific maps govern selection,experiment
artifacts/metrics/experiments/experiment_010_engineered_only/config.json,.json,177,1782147429.0771194,metric_table,repository evidence,legacy_useful,maybe,no,heuristic audit; source-specific maps govern selection,experiment
artifacts/metrics/experiments/experiment_010_engineered_only/diagnosis.md,.md,175,1782147429.0791311,report,repository evidence,legacy_useful,maybe,no,heuristic audit; source-specific maps govern selection,experiment
artifacts/metrics/experiments/experiment_010_engineered_only/metrics.csv,.csv,441,1782147429.0730908,metric_table,repository evidence,legacy_useful,maybe,no,heuristic audit; source-specific maps govern selection,experiment
artifacts/metrics/experiments/lightgbm_balanced_regularized/config.json,.json,327,1781649121.3631434,metric_table,repository evidence,legacy_useful,maybe,no,heuristic audit; source-specific maps govern selection,experiment
artifacts/metrics/experiments/lightgbm_balanced_regularized/metrics.csv,.csv,782,1781649121.3692145,metric_table,repository evidence,legacy_useful,maybe,no,heuristic audit; source-specific maps govern selection,experiment
artifacts/metrics/experiments/lightgbm_conservative_regularized/config.json,.json,327,1781649019.819878,metric_table,repository evidence,legacy_useful,maybe,no,heuristic audit; source-specific maps govern selection,experiment
artifacts/metrics/experiments/lightgbm_conservative_regularized/metrics.csv,.csv,806,1781649019.822642,metric_table,repository evidence,legacy_useful,maybe,no,heuristic audit; source-specific maps govern selection,experiment
artifacts/metrics/experiments/lightgbm_current_best/config.json,.json,291,1781648918.8337994,metric_table,repository evidence,legacy_useful,maybe,no,heuristic audit; source-specific maps govern selection,experiment
artifacts/metrics/experiments/lightgbm_current_best/metrics.csv,.csv,736,1781648918.8378243,metric_table,repository evidence,legacy_useful,maybe,no,heuristic audit; source-specific maps govern selection,experiment
artifacts/metrics/experiments/lightgbm_high_capacity_controlled/config.json,.json,330,1781649289.466484,metric_table,repository evidence,legacy_useful,maybe,no,heuristic audit; source-specific maps govern selection,experiment
artifacts/metrics/experiments/lightgbm_high_capacity_controlled/metrics.csv,.csv,793,1781649289.4724865,metric_table,repository evidence,legacy_useful,maybe,no,heuristic audit; source-specific maps govern selection,experiment
artifacts/models/experiments/experiment_001_initial/README.md,.md,153,1782147428.8895922,report,repository evidence,legacy_useful,maybe,no,heuristic audit; source-specific maps govern selection,experiment
artifacts/models/experiments/experiment_002_f1_threshold/README.md,.md,153,1782147428.9161901,report,repository evidence,legacy_useful,maybe,no,heuristic audit; source-specific maps govern selection,experiment
artifacts/models/experiments/experiment_003_youden_threshold/README.md,.md,153,1782147428.9333494,report,repository evidence,legacy_useful,maybe,no,heuristic audit; source-specific maps govern selection,experiment
artifacts/models/experiments/experiment_004_extra_trees/README.md,.md,153,1782147428.955519,report,repository evidence,legacy_useful,maybe,no,heuristic audit; source-specific maps govern selection,experiment
artifacts/models/experiments/experiment_005_catboost/README.md,.md,153,1782147428.9726748,report,repository evidence,legacy_useful,maybe,no,heuristic audit; source-specific maps govern selection,experiment
artifacts/models/experiments/experiment_006_ensemble_stack/README.md,.md,153,1782147428.990541,report,repository evidence,rejected_experiment,yes,no,heuristic audit; source-specific maps govern selection,experiment
artifacts/models/experiments/experiment_007_lr_ek_only/README.md,.md,153,1782147429.006402,report,repository evidence,legacy_useful,maybe,no,heuristic audit; source-specific maps govern selection,experiment
artifacts/models/experiments/experiment_008_ek_only_features/README.md,.md,153,1782147429.032118,report,repository evidence,legacy_useful,maybe,no,heuristic audit; source-specific maps govern selection,experiment
artifacts/models/experiments/experiment_009_al_only_features/README.md,.md,153,1782147429.0520332,report,repository evidence,legacy_useful,maybe,no,heuristic audit; source-specific maps govern selection,experiment
artifacts/models/experiments/experiment_010_engineered_only/README.md,.md,153,1782147429.0811422,report,repository evidence,legacy_useful,maybe,no,heuristic audit; source-specific maps govern selection,experiment
artifacts/predictions/model_zoo_folds/fold_0_predictions.csv,.csv,69533,1782093872.9907928,prediction_artifact,repository evidence,legacy_useful,maybe,no,heuristic audit; source-specific maps govern selection,experiment
artifacts/predictions/model_zoo_folds/fold_1_predictions.csv,.csv,69073,1782093873.0176568,prediction_artifact,repository evidence,legacy_useful,maybe,no,heuristic audit; source-specific maps govern selection,experiment
artifacts/predictions/model_zoo_folds/fold_2_predictions.csv,.csv,69039,1782093873.047686,prediction_artifact,repository evidence,legacy_useful,maybe,no,heuristic audit; source-specific maps govern selection,experiment
artifacts/predictions/model_zoo_folds/fold_3_predictions.csv,.csv,69999,1782093873.0738282,prediction_artifact,repository evidence,legacy_useful,maybe,no,heuristic audit; source-specific maps govern selection,experiment
artifacts/predictions/model_zoo_folds/fold_4_predictions.csv,.csv,70372,1782093873.0928257,prediction_artifact,repository evidence,legacy_useful,maybe,no,heuristic audit; source-specific maps govern selection,experiment
catboost_info/learn/events.out.tfevents,.tfevents,10870,1782093621.1414008,unknown,repository evidence,legacy_useful,maybe,no,heuristic audit; source-specific maps govern selection,experiment
data/processed/adsiz_dokuman_extracted.txt,.txt,12175,1781630515.7256687,unknown,repository evidence,legacy_useful,maybe,no,heuristic audit; source-specific maps govern selection,experiment
data/processed/binary_al_flag_columns.txt,.txt,806,1781626871.401579,unknown,repository evidence,legacy_useful,maybe,no,heuristic audit; source-specific maps govern selection,experiment
data/processed/cftr_engineered.csv,.csv,352456,1781626871.1923325,metric_table,repository evidence,legacy_useful,maybe,no,heuristic audit; source-specific maps govern selection,experiment
data/processed/cftr_prepared.csv,.csv,281583,1781626580.9065297,metric_table,repository evidence,legacy_useful,maybe,no,heuristic audit; source-specific maps govern selection,experiment
data/processed/cftr_unique.csv,.csv,95961,1781626581.0721686,metric_table,repository evidence,legacy_useful,maybe,no,heuristic audit; source-specific maps govern selection,experiment
data/processed/cftr_unique_engineered.csv,.csv,118296,1781626871.3975356,metric_table,repository evidence,legacy_useful,maybe,no,heuristic audit; source-specific maps govern selection,experiment
data/processed/codex_repository_pdf_extracted.txt,.txt,17571,1781635826.9731026,unknown,repository evidence,legacy_useful,maybe,no,heuristic audit; source-specific maps govern selection,experiment
data/processed/engineered_feature_columns.txt,.txt,924,1781626871.3995552,unknown,repository evidence,legacy_useful,maybe,no,heuristic audit; source-specific maps govern selection,experiment
data/processed/first_section_overlap_summary.csv,.csv,483,1781626579.0740514,metric_table,repository evidence,legacy_useful,maybe,no,heuristic audit; source-specific maps govern selection,experiment
data/processed/kanser_engineered.csv,.csv,897755,1781626870.833445,metric_table,repository evidence,legacy_useful,maybe,no,heuristic audit; source-specific maps govern selection,experiment
data/processed/kanser_prepared.csv,.csv,661299,1781626580.6051967,metric_table,repository evidence,legacy_useful,maybe,no,heuristic audit; source-specific maps govern selection,experiment
data/processed/kanser_unique.csv,.csv,307386,1781626580.9830368,metric_table,repository evidence,legacy_useful,maybe,no,heuristic audit; source-specific maps govern selection,experiment
data/processed/kanser_unique_engineered.csv,.csv,395794,1781626871.2728975,metric_table,repository evidence,legacy_useful,maybe,no,heuristic audit; source-specific maps govern selection,experiment
data/processed/lgbm_best_params.json,.json,297,1781629518.9393594,metric_table,repository evidence,legacy_useful,maybe,no,heuristic audit; source-specific maps govern selection,experiment
data/processed/lgbm_optuna_trials.csv,.csv,425,1781629518.937603,report,repository evidence,rejected_experiment,yes,no,heuristic audit; source-specific maps govern selection,experiment
data/processed/master_contamination_aware_folds.csv,.csv,78088,1781629212.6050003,metric_table,repository evidence,legacy_useful,maybe,no,heuristic audit; source-specific maps govern selection,experiment
data/processed/master_contamination_aware_fold_summary.csv,.csv,375,1781629212.6090589,metric_table,repository evidence,legacy_useful,maybe,no,heuristic audit; source-specific maps govern selection,experiment
data/processed/master_engineered.csv,.csv,6936387,1781626870.573177,metric_table,repository evidence,legacy_useful,maybe,no,heuristic audit; source-specific maps govern selection,experiment
data/processed/master_prepared.csv,.csv,5169930,1781626580.429151,metric_table,repository evidence,legacy_useful,maybe,no,heuristic audit; source-specific maps govern selection,experiment
data/processed/model_performance_improvement_plan_extracted.txt,.txt,16348,1781815231.7789302,unknown,repository evidence,legacy_useful,maybe,no,heuristic audit; source-specific maps govern selection,experiment
data/processed/model_training_cv_results.csv,.csv,14625,1781629562.5334637,metric_table,repository evidence,legacy_useful,maybe,no,heuristic audit; source-specific maps govern selection,experiment
data/processed/model_training_cv_summary.csv,.csv,2287,1781629562.557328,metric_table,repository evidence,legacy_useful,maybe,no,heuristic audit; source-specific maps govern selection,experiment
data/processed/pah_engineered.csv,.csv,1048535,1781626871.1083896,metric_table,repository evidence,legacy_useful,maybe,no,heuristic audit; source-specific maps govern selection,experiment
data/processed/pah_prepared.csv,.csv,815650,1781626580.8441978,metric_table,repository evidence,legacy_useful,maybe,no,heuristic audit; source-specific maps govern selection,experiment
data/processed/pah_unique.csv,.csv,241962,1781626581.0432582,metric_table,repository evidence,legacy_useful,maybe,no,heuristic audit; source-specific maps govern selection,experiment
data/processed/pah_unique_engineered.csv,.csv,315372,1781626871.3699386,metric_table,repository evidence,legacy_useful,maybe,no,heuristic audit; source-specific maps govern selection,experiment
data/processed/panel_unique_lightgbm_results.csv,.csv,2413,1781629589.931947,metric_table,repository evidence,legacy_useful,maybe,no,heuristic audit; source-specific maps govern selection,experiment
data/processed/pdr_template_extracted.txt,.txt,5759,1781635937.2634687,unknown,repository evidence,legacy_useful,maybe,no,heuristic audit; source-specific maps govern selection,experiment
data/processed/phase9_pdf_extracted.txt,.txt,5705,1781640943.9065773,unknown,repository evidence,legacy_useful,maybe,no,heuristic audit; source-specific maps govern selection,experiment
data/processed/prompt_pdf_extracted.txt,.txt,24448,1781631795.056343,unknown,repository evidence,legacy_useful,maybe,no,heuristic audit; source-specific maps govern selection,experiment
data/processed/sartname_pdf_extracted.txt,.txt,40848,1781635945.1172712,unknown,repository evidence,legacy_useful,maybe,no,heuristic audit; source-specific maps govern selection,experiment
reports/eda/EDA_MODEL_BRIDGE.md,.md,8368,1781640602.961192,report,repository evidence,legacy_useful,maybe,no,heuristic audit; source-specific maps govern selection,experiment
reports/eda/EDA_REPORT.md,.md,43480,1781640628.3913481,report,repository evidence,legacy_useful,maybe,no,heuristic audit; source-specific maps govern selection,experiment
reports/eda/TEKNOFEST2026_EDA.ipynb,.ipynb,28779,1781631039.0475638,notebook,repository evidence,legacy_useful,maybe,no,heuristic audit; source-specific maps govern selection,experiment
reports/eda/TEKNOFEST2026_EDA_EXECUTED.ipynb,.ipynb,417453,1781631308.749245,notebook,repository evidence,legacy_useful,maybe,no,heuristic audit; source-specific maps govern selection,experiment
reports/explainability/acmg_feature_mapping.csv,.csv,616,1781630084.759918,metric_table,repository evidence,legacy_useful,maybe,no,heuristic audit; source-specific maps govern selection,experiment
reports/explainability/shap_beeswarm.png,.png,307620,1781630047.5246868,figure,repository evidence,legacy_useful,maybe,no,heuristic audit; source-specific maps govern selection,experiment
reports/explainability/shap_case_confusion_matrix.csv,.csv,46,1781630062.0806987,metric_table,repository evidence,legacy_useful,maybe,no,heuristic audit; source-specific maps govern selection,experiment
reports/explainability/shap_case_panel_unique_confusion_matrix.csv,.csv,44,1781630084.759918,metric_table,repository evidence,legacy_useful,maybe,no,heuristic audit; source-specific maps govern selection,experiment
reports/explainability/shap_dependence_EK7_by_EK9.png,.png,229937,1781630048.9922905,figure,repository evidence,legacy_useful,maybe,no,heuristic audit; source-specific maps govern selection,experiment
reports/explainability/shap_dependence_npops_by_maxAF.png,.png,67010,1781630049.5532389,figure,repository evidence,legacy_useful,maybe,no,heuristic audit; source-specific maps govern selection,experiment
reports/explainability/shap_global_bar.png,.png,62847,1781630045.6815517,figure,repository evidence,legacy_useful,maybe,no,heuristic audit; source-specific maps govern selection,experiment
reports/explainability/shap_global_importance.csv,.csv,10363,1781630045.2625988,metric_table,repository evidence,legacy_useful,maybe,no,heuristic audit; source-specific maps govern selection,experiment
reports/explainability/shap_group_importance.csv,.csv,249,1781630045.777822,metric_table,repository evidence,legacy_useful,maybe,no,heuristic audit; source-specific maps govern selection,experiment
reports/explainability/shap_waterfall_01_TP.png,.png,133876,1781630051.354622,figure,repository evidence,legacy_useful,maybe,no,heuristic audit; source-specific maps govern selection,experiment
reports/explainability/shap_waterfall_02_TP.png,.png,131617,1781630052.163275,figure,repository evidence,legacy_useful,maybe,no,heuristic audit; source-specific maps govern selection,experiment
reports/explainability/shap_waterfall_03_TP.png,.png,130778,1781630053.229926,figure,repository evidence,legacy_useful,maybe,no,heuristic audit; source-specific maps govern selection,experiment
reports/explainability/shap_waterfall_04_TP.png,.png,137533,1781630053.9943473,figure,repository evidence,legacy_useful,maybe,no,heuristic audit; source-specific maps govern selection,experiment
reports/explainability/shap_waterfall_05_TP.png,.png,134504,1781630054.6689994,figure,repository evidence,legacy_useful,maybe,no,heuristic audit; source-specific maps govern selection,experiment
reports/explainability/shap_waterfall_06_TN.png,.png,136261,1781630055.3109741,figure,repository evidence,legacy_useful,maybe,no,heuristic audit; source-specific maps govern selection,experiment
reports/explainability/shap_waterfall_07_TN.png,.png,133897,1781630056.0782342,figure,repository evidence,legacy_useful,maybe,no,heuristic audit; source-specific maps govern selection,experiment
reports/explainability/shap_waterfall_08_TN.png,.png,138396,1781630056.7453916,figure,repository evidence,legacy_useful,maybe,no,heuristic audit; source-specific maps govern selection,experiment
reports/explainability/shap_waterfall_09_TN.png,.png,134452,1781630057.4678693,figure,repository evidence,legacy_useful,maybe,no,heuristic audit; source-specific maps govern selection,experiment
reports/explainability/shap_waterfall_10_TN.png,.png,136567,1781630058.3979268,figure,repository evidence,legacy_useful,maybe,no,heuristic audit; source-specific maps govern selection,experiment
reports/explainability/shap_waterfall_11_FN.png,.png,134323,1781630059.080777,figure,repository evidence,legacy_useful,maybe,no,heuristic audit; source-specific maps govern selection,experiment
reports/explainability/shap_waterfall_12_FN.png,.png,134323,1781630059.7784164,figure,repository evidence,legacy_useful,maybe,no,heuristic audit; source-specific maps govern selection,experiment
reports/explainability/shap_waterfall_13_FN.png,.png,134323,1781630060.446306,figure,repository evidence,legacy_useful,maybe,no,heuristic audit; source-specific maps govern selection,experiment
reports/explainability/shap_waterfall_14_FN.png,.png,134323,1781630061.1304195,figure,repository evidence,legacy_useful,maybe,no,heuristic audit; source-specific maps govern selection,experiment
reports/explainability/shap_waterfall_15_FN.png,.png,134323,1781630061.9380515,figure,repository evidence,legacy_useful,maybe,no,heuristic audit; source-specific maps govern selection,experiment
reports/explainability/shap_waterfall_cases.csv,.csv,637,1781630062.078951,metric_table,repository evidence,legacy_useful,maybe,no,heuristic audit; source-specific maps govern selection,experiment
reports/explainability/shap_waterfall_panel_unique_01_TP.png,.png,132859,1781630070.1106324,figure,repository evidence,legacy_useful,maybe,no,heuristic audit; source-specific maps govern selection,experiment
reports/explainability/shap_waterfall_panel_unique_02_TP.png,.png,128819,1781630070.845415,figure,repository evidence,legacy_useful,maybe,no,heuristic audit; source-specific maps govern selection,experiment
reports/explainability/shap_waterfall_panel_unique_03_TP.png,.png,133895,1781630071.5105414,figure,repository evidence,legacy_useful,maybe,no,heuristic audit; source-specific maps govern selection,experiment
reports/explainability/shap_waterfall_panel_unique_04_TP.png,.png,127364,1781630072.311391,figure,repository evidence,legacy_useful,maybe,no,heuristic audit; source-specific maps govern selection,experiment
reports/explainability/shap_waterfall_panel_unique_05_TP.png,.png,133598,1781630073.0090168,figure,repository evidence,legacy_useful,maybe,no,heuristic audit; source-specific maps govern selection,experiment
reports/explainability/shap_waterfall_panel_unique_06_TN.png,.png,138733,1781630073.8809175,figure,repository evidence,legacy_useful,maybe,no,heuristic audit; source-specific maps govern selection,experiment
reports/explainability/shap_waterfall_panel_unique_07_TN.png,.png,139032,1781630074.7171347,figure,repository evidence,legacy_useful,maybe,no,heuristic audit; source-specific maps govern selection,experiment
reports/explainability/shap_waterfall_panel_unique_08_TN.png,.png,141393,1781630075.3587115,figure,repository evidence,legacy_useful,maybe,no,heuristic audit; source-specific maps govern selection,experiment
reports/explainability/shap_waterfall_panel_unique_09_TN.png,.png,143636,1781630076.0958605,figure,repository evidence,legacy_useful,maybe,no,heuristic audit; source-specific maps govern selection,experiment
reports/explainability/shap_waterfall_panel_unique_10_TN.png,.png,136851,1781630076.7410834,figure,repository evidence,legacy_useful,maybe,no,heuristic audit; source-specific maps govern selection,experiment
reports/explainability/shap_waterfall_panel_unique_11_FP.png,.png,134863,1781630077.684075,figure,repository evidence,legacy_useful,maybe,no,heuristic audit; source-specific maps govern selection,experiment
reports/explainability/shap_waterfall_panel_unique_12_FP.png,.png,126874,1781630078.5437226,figure,repository evidence,legacy_useful,maybe,no,heuristic audit; source-specific maps govern selection,experiment
reports/explainability/shap_waterfall_panel_unique_13_FP.png,.png,135930,1781630079.3771174,figure,repository evidence,legacy_useful,maybe,no,heuristic audit; source-specific maps govern selection,experiment
reports/explainability/shap_waterfall_panel_unique_14_FP.png,.png,134442,1781630080.2406592,figure,repository evidence,legacy_useful,maybe,no,heuristic audit; source-specific maps govern selection,experiment
reports/explainability/shap_waterfall_panel_unique_15_FP.png,.png,130992,1781630081.1452782,figure,repository evidence,legacy_useful,maybe,no,heuristic audit; source-specific maps govern selection,experiment
reports/explainability/shap_waterfall_panel_unique_16_FN.png,.png,134805,1781630081.8426542,figure,repository evidence,legacy_useful,maybe,no,heuristic audit; source-specific maps govern selection,experiment
reports/explainability/shap_waterfall_panel_unique_17_FN.png,.png,133000,1781630082.5079317,figure,repository evidence,legacy_useful,maybe,no,heuristic audit; source-specific maps govern selection,experiment
reports/explainability/shap_waterfall_panel_unique_18_FN.png,.png,130986,1781630083.1627755,figure,repository evidence,legacy_useful,maybe,no,heuristic audit; source-specific maps govern selection,experiment
reports/explainability/shap_waterfall_panel_unique_19_FN.png,.png,131881,1781630083.8239102,figure,repository evidence,legacy_useful,maybe,no,heuristic audit; source-specific maps govern selection,experiment
reports/explainability/shap_waterfall_panel_unique_20_FN.png,.png,134323,1781630084.6225073,figure,repository evidence,legacy_useful,maybe,no,heuristic audit; source-specific maps govern selection,experiment
reports/explainability/shap_waterfall_panel_unique_cases.csv,.csv,1086,1781630084.759918,metric_table,repository evidence,legacy_useful,maybe,no,heuristic audit; source-specific maps govern selection,experiment
reports/figures/advanced_threshold_comparison.png,.png,86591,1782147684.2222698,figure,repository evidence,legacy_useful,maybe,no,heuristic audit; source-specific maps govern selection,experiment
reports/figures/brier_logloss_comparison.png,.png,42803,1782147856.4787219,figure,repository evidence,legacy_useful,maybe,no,heuristic audit; source-specific maps govern selection,experiment
reports/figures/calibration_curves.png,.png,127938,1782147856.1523654,figure,repository evidence,legacy_useful,maybe,no,heuristic audit; source-specific maps govern selection,experiment
reports/figures/class_distribution_by_dataset.png,.png,136109,1782147400.46839,figure,repository evidence,legacy_useful,maybe,no,heuristic audit; source-specific maps govern selection,experiment
reports/figures/confusion_matrix_cftr_unique.png,.png,84102,1782147378.311429,figure,repository evidence,legacy_useful,maybe,no,heuristic audit; source-specific maps govern selection,experiment
reports/figures/confusion_matrix_kanser_unique.png,.png,92877,1782147376.3794532,figure,repository evidence,legacy_useful,maybe,no,heuristic audit; source-specific maps govern selection,experiment
reports/figures/confusion_matrix_master.png,.png,108099,1782147375.4176157,figure,repository evidence,legacy_useful,maybe,no,heuristic audit; source-specific maps govern selection,experiment
reports/figures/confusion_matrix_pah_unique.png,.png,89661,1782147377.3008099,figure,repository evidence,legacy_useful,maybe,no,heuristic audit; source-specific maps govern selection,experiment
reports/figures/confusion_matrix_panel_unique_combined.png,.png,95487,1782147379.0600367,figure,repository evidence,legacy_useful,maybe,no,heuristic audit; source-specific maps govern selection,experiment
reports/figures/correlation_matrix_top_features.png,.png,335912,1782147357.6571162,figure,repository evidence,legacy_useful,maybe,no,heuristic audit; source-specific maps govern selection,experiment
reports/figures/error_analysis_key_features.png,.png,184959,1782147428.2356942,figure,repository evidence,legacy_useful,maybe,no,heuristic audit; source-specific maps govern selection,experiment
reports/figures/feature_group_ablation_comparison.png,.png,105542,1782147857.1527815,figure,repository evidence,legacy_useful,maybe,no,heuristic audit; source-specific maps govern selection,experiment
reports/figures/feature_importance.png,.png,62847,1781630045.6815517,figure,repository evidence,legacy_useful,maybe,no,heuristic audit; source-specific maps govern selection,experiment
reports/figures/feature_importance_top30.png,.png,152299,1782147399.3926258,figure,repository evidence,legacy_useful,maybe,no,heuristic audit; source-specific maps govern selection,experiment
reports/figures/final_calibration_curve.png,.png,127938,1782147856.1523654,figure,repository evidence,legacy_useful,maybe,no,heuristic audit; source-specific maps govern selection,final
reports/figures/final_calibration_decision_plot.png,.png,57585,1782147933.380447,figure,repository evidence,legacy_useful,maybe,no,heuristic audit; source-specific maps govern selection,final
reports/figures/final_confusion_matrix_master.png,.png,108099,1782147375.4176157,figure,repository evidence,legacy_useful,maybe,no,heuristic audit; source-specific maps govern selection,final
reports/figures/final_error_group_feature_distributions.png,.png,87133,1782147937.9290562,figure,repository evidence,legacy_useful,maybe,no,heuristic audit; source-specific maps govern selection,final
reports/figures/final_feature_importance.png,.png,62847,1781630045.6815517,figure,repository evidence,legacy_useful,maybe,no,heuristic audit; source-specific maps govern selection,final
reports/figures/final_feature_importance_top30.png,.png,87821,1782147942.1232224,figure,repository evidence,legacy_useful,maybe,no,heuristic audit; source-specific maps govern selection,final
reports/figures/final_fp_fn_feature_contrast.png,.png,61488,1782147938.5905976,figure,repository evidence,legacy_useful,maybe,no,heuristic audit; source-specific maps govern selection,final
reports/figures/final_model_comparison.png,.png,107813,1782147429.8723392,figure,repository evidence,legacy_useful,maybe,no,heuristic audit; source-specific maps govern selection,final
reports/figures/final_panel_specific_confusion_matrices.png,.png,36958,1782147940.416211,figure,repository evidence,legacy_useful,maybe,no,heuristic audit; source-specific maps govern selection,final
reports/figures/final_panel_specific_metric_comparison.png,.png,61429,1782147939.473264,figure,repository evidence,legacy_useful,maybe,no,heuristic audit; source-specific maps govern selection,final
reports/figures/final_pr_curve_master.png,.png,114868,1782147379.9829757,figure,repository evidence,legacy_useful,maybe,no,heuristic audit; source-specific maps govern selection,final
reports/figures/final_roc_curve_master.png,.png,129207,1782147379.579544,figure,repository evidence,legacy_useful,maybe,no,heuristic audit; source-specific maps govern selection,final
reports/figures/final_threshold_analysis.png,.png,119718,1782147683.2161257,figure,repository evidence,legacy_useful,maybe,no,heuristic audit; source-specific maps govern selection,final
reports/figures/fold_threshold_distribution.png,.png,39189,1782147777.9418938,figure,repository evidence,legacy_useful,maybe,no,heuristic audit; source-specific maps govern selection,experiment
reports/figures/missingness_by_feature_group.png,.png,84214,1782147401.4563568,figure,repository evidence,legacy_useful,maybe,no,heuristic audit; source-specific maps govern selection,experiment
reports/figures/model_comparison.png,.png,66194,1781814248.442808,figure,repository evidence,legacy_useful,maybe,no,heuristic audit; source-specific maps govern selection,experiment
reports/figures/model_comparison_metrics.png,.png,218707,1782147398.1837838,figure,repository evidence,legacy_useful,maybe,no,heuristic audit; source-specific maps govern selection,experiment
reports/figures/optuna_medical_optimization_history.png,.png,96262,1782163200.65353,report,repository evidence,rejected_experiment,yes,no,heuristic audit; source-specific maps govern selection,experiment
reports/figures/optuna_param_importance.png,.png,53561,1782163201.9790804,report,repository evidence,rejected_experiment,yes,no,heuristic audit; source-specific maps govern selection,experiment
reports/figures/panel_confusion_matrices.png,.png,43663,1782147930.1929781,figure,repository evidence,legacy_useful,maybe,no,heuristic audit; source-specific maps govern selection,experiment
reports/figures/panel_error_feature_distributions.png,.png,124442,1782147931.6973114,figure,repository evidence,legacy_useful,maybe,no,heuristic audit; source-specific maps govern selection,experiment
reports/figures/phase10_before_after_comparison.png,.png,81403,1782147932.624202,figure,repository evidence,legacy_useful,maybe,no,heuristic audit; source-specific maps govern selection,experiment
reports/figures/pr_curve_master.png,.png,114868,1782147379.9829757,figure,repository evidence,legacy_useful,maybe,no,heuristic audit; source-specific maps govern selection,experiment
reports/figures/pr_curve_panel_unique.png,.png,154268,1782147381.00669,figure,repository evidence,legacy_useful,maybe,no,heuristic audit; source-specific maps govern selection,experiment
reports/figures/roc_curve_master.png,.png,129207,1782147379.579544,figure,repository evidence,legacy_useful,maybe,no,heuristic audit; source-specific maps govern selection,experiment
reports/figures/roc_curve_panel_unique.png,.png,147580,1782147380.4838297,figure,repository evidence,legacy_useful,maybe,no,heuristic audit; source-specific maps govern selection,experiment
reports/figures/threshold_comparison.png,.png,25939,1781814247.7760203,figure,repository evidence,legacy_useful,maybe,no,heuristic audit; source-specific maps govern selection,experiment
reports/figures/threshold_metric_curves.png,.png,119718,1782147683.2161257,figure,repository evidence,legacy_useful,maybe,no,heuristic audit; source-specific maps govern selection,experiment
reports/figures/threshold_optimization.png,.png,220571,1782147397.3632097,figure,repository evidence,legacy_useful,maybe,no,heuristic audit; source-specific maps govern selection,experiment
reports/figures/train_vs_validation_metrics.png,.png,106006,1781649291.6438367,figure,repository evidence,legacy_useful,maybe,no,heuristic audit; source-specific maps govern selection,experiment
reports/master_prompt/ablation_fold_results.csv,.csv,11575,1781635061.6516545,report,repository evidence,rejected_experiment,yes,no,heuristic audit; source-specific maps govern selection,experiment
reports/master_prompt/ablation_summary.csv,.csv,3810,1781635061.655473,report,repository evidence,rejected_experiment,yes,no,heuristic audit; source-specific maps govern selection,experiment
reports/master_prompt/CFTR_unique_calibration.csv,.csv,657,1781635327.5407424,report,repository evidence,rejected_experiment,yes,no,heuristic audit; source-specific maps govern selection,experiment
reports/master_prompt/CFTR_unique_calibration_curve.png,.png,82766,1781635328.5456653,report,repository evidence,rejected_experiment,yes,no,heuristic audit; source-specific maps govern selection,experiment
reports/master_prompt/critical_implementation_checklist.csv,.csv,1950,1781635330.5066552,report,repository evidence,rejected_experiment,yes,no,heuristic audit; source-specific maps govern selection,experiment
reports/master_prompt/final_panel_unique_predictions.csv,.csv,19465,1781640133.454593,report,repository evidence,rejected_experiment,yes,no,heuristic audit; source-specific maps govern selection,final
reports/master_prompt/KANSER_unique_calibration.csv,.csv,751,1781635328.8510358,report,repository evidence,rejected_experiment,yes,no,heuristic audit; source-specific maps govern selection,experiment
reports/master_prompt/KANSER_unique_calibration_curve.png,.png,72375,1781635329.493229,report,repository evidence,rejected_experiment,yes,no,heuristic audit; source-specific maps govern selection,experiment
reports/master_prompt/l0_model_fold_metrics.csv,.csv,1359,1781635327.4511752,report,repository evidence,rejected_experiment,yes,no,heuristic audit; source-specific maps govern selection,experiment
reports/master_prompt/l0_model_summary.csv,.csv,590,1781635327.4572065,report,repository evidence,rejected_experiment,yes,no,heuristic audit; source-specific maps govern selection,experiment
reports/master_prompt/l0_stack_oof_predictions.csv,.csv,426464,1781635327.447146,report,repository evidence,rejected_experiment,yes,no,heuristic audit; source-specific maps govern selection,experiment
reports/master_prompt/lgbm_best_params_resumable.json,.json,291,1781640024.5522747,report,repository evidence,rejected_experiment,yes,no,heuristic audit; source-specific maps govern selection,experiment
reports/master_prompt/lgbm_optuna_convergence.png,.png,94800,1781640025.3221538,report,repository evidence,rejected_experiment,yes,no,heuristic audit; source-specific maps govern selection,experiment
reports/master_prompt/lgbm_optuna_trials_resumable.csv,.csv,16006,1781640024.5502603,report,repository evidence,rejected_experiment,yes,no,heuristic audit; source-specific maps govern selection,experiment
reports/master_prompt/lightgbm_oof_predictions.csv,.csv,140654,1781635061.6934474,report,repository evidence,rejected_experiment,yes,no,heuristic audit; source-specific maps govern selection,experiment
reports/master_prompt/MASTER_PROMPT_IMPLEMENTATION_REPORT.md,.md,11076,1781635330.6787632,report,repository evidence,rejected_experiment,yes,no,heuristic audit; source-specific maps govern selection,experiment
reports/master_prompt/optuna_lgbm_study.sqlite3,.sqlite3,454656,1782163177.3670416,report,repository evidence,rejected_experiment,yes,no,heuristic audit; source-specific maps govern selection,experiment
reports/master_prompt/overlap_summary.csv,.csv,483,1781634837.4360993,report,repository evidence,rejected_experiment,yes,no,heuristic audit; source-specific maps govern selection,experiment
reports/master_prompt/PAH_unique_calibration.csv,.csv,768,1781635329.6762788,report,repository evidence,rejected_experiment,yes,no,heuristic audit; source-specific maps govern selection,experiment
reports/master_prompt/PAH_unique_calibration_curve.png,.png,78342,1781635330.2689967,report,repository evidence,rejected_experiment,yes,no,heuristic audit; source-specific maps govern selection,experiment
reports/master_prompt/panel_unique_bootstrap_ci.csv,.csv,1537,1781635229.4142025,report,repository evidence,rejected_experiment,yes,no,heuristic audit; source-specific maps govern selection,experiment
reports/master_prompt/statistical_tests.csv,.csv,491,1781635330.496593,report,repository evidence,rejected_experiment,yes,no,heuristic audit; source-specific maps govern selection,experiment
reports/tables/acmg_feature_mapping.csv,.csv,616,1781630084.759918,metric_table,repository evidence,legacy_useful,maybe,no,heuristic audit; source-specific maps govern selection,experiment
reports/tables/advanced_threshold_comparison.csv,.csv,25260,1782147662.4592743,metric_table,repository evidence,legacy_useful,maybe,no,heuristic audit; source-specific maps govern selection,experiment
reports/tables/all_evaluation_metrics.csv,.csv,9901,1782147354.0372188,metric_table,repository evidence,legacy_useful,maybe,no,heuristic audit; source-specific maps govern selection,experiment
reports/tables/baseline_results.csv,.csv,1922,1781814220.575037,metric_table,repository evidence,legacy_useful,maybe,no,heuristic audit; source-specific maps govern selection,experiment
reports/tables/calibration_comparison.csv,.csv,3183,1782147855.817795,metric_table,repository evidence,legacy_useful,maybe,no,heuristic audit; source-specific maps govern selection,experiment
reports/tables/calibration_decision_matrix.csv,.csv,2381,1782147932.8200006,metric_table,repository evidence,legacy_useful,maybe,no,heuristic audit; source-specific maps govern selection,experiment
reports/tables/class_distribution_by_dataset.csv,.csv,329,1782147399.6743643,metric_table,repository evidence,legacy_useful,maybe,no,heuristic audit; source-specific maps govern selection,experiment
reports/tables/correlation_matrix_top_features.csv,.csv,20678,1782147355.1251843,metric_table,repository evidence,legacy_useful,maybe,no,heuristic audit; source-specific maps govern selection,experiment
reports/tables/dataset_summary.csv,.csv,251,1782147296.6833,metric_table,repository evidence,legacy_useful,maybe,no,heuristic audit; source-specific maps govern selection,experiment
reports/tables/error_analysis.csv,.csv,4952,1781814248.7052252,metric_table,repository evidence,legacy_useful,maybe,no,heuristic audit; source-specific maps govern selection,experiment
reports/tables/error_analysis_key_features.csv,.csv,1227,1782147425.331966,metric_table,repository evidence,legacy_useful,maybe,no,heuristic audit; source-specific maps govern selection,experiment
reports/tables/experiment_comparison.csv,.csv,2707,1782147428.8716466,metric_table,repository evidence,legacy_useful,maybe,no,heuristic audit; source-specific maps govern selection,experiment
reports/tables/feature_group_ablation_results.csv,.csv,2075,1782147856.699786,metric_table,repository evidence,legacy_useful,maybe,no,heuristic audit; source-specific maps govern selection,experiment
reports/tables/feature_importance.csv,.csv,10363,1781630045.2625988,metric_table,repository evidence,legacy_useful,maybe,no,heuristic audit; source-specific maps govern selection,experiment
reports/tables/feature_importance_top30.csv,.csv,837,1782147398.3214128,metric_table,repository evidence,legacy_useful,maybe,no,heuristic audit; source-specific maps govern selection,experiment
reports/tables/final_acmg_feature_mapping.csv,.csv,2341,1782147942.4024675,metric_table,repository evidence,legacy_useful,maybe,no,heuristic audit; source-specific maps govern selection,final
reports/tables/final_ensemble_comparison.csv,.csv,9108,1782146528.5594506,report,repository evidence,rejected_experiment,yes,no,heuristic audit; source-specific maps govern selection,final
reports/tables/final_ensemble_weights.csv,.csv,8258,1782146528.5654933,report,repository evidence,rejected_experiment,yes,no,heuristic audit; source-specific maps govern selection,final
reports/tables/final_error_group_feature_summary.csv,.csv,21766,1782147936.0494661,metric_table,repository evidence,legacy_useful,maybe,no,heuristic audit; source-specific maps govern selection,final
reports/tables/final_evaluation_metrics.csv,.csv,1205,1782147892.9805043,metric_table,repository evidence,legacy_useful,maybe,no,heuristic audit; source-specific maps govern selection,final
reports/tables/final_false_negative_cases.csv,.csv,37625,1782147936.1322055,metric_table,repository evidence,legacy_useful,maybe,no,heuristic audit; source-specific maps govern selection,final
reports/tables/final_false_positive_cases.csv,.csv,61902,1782147936.1102235,metric_table,repository evidence,legacy_useful,maybe,no,heuristic audit; source-specific maps govern selection,final
reports/tables/final_feature_importance_top30.csv,.csv,365,1782147940.6496737,metric_table,repository evidence,legacy_useful,maybe,no,heuristic audit; source-specific maps govern selection,final
reports/tables/final_medical_metric_comparison.csv,.csv,3170,1782148044.723537,metric_table,repository evidence,legacy_useful,maybe,no,heuristic audit; source-specific maps govern selection,final
reports/tables/final_metric_verification_audit.csv,.csv,596,1782147932.1936657,metric_table,repository evidence,legacy_useful,maybe,no,heuristic audit; source-specific maps govern selection,final
reports/tables/final_model_selection_table.csv,.csv,5985,1782147857.3027718,metric_table,repository evidence,legacy_useful,maybe,no,heuristic audit; source-specific maps govern selection,final
reports/tables/final_panel_specific_metrics.csv,.csv,1129,1782147938.903659,metric_table,repository evidence,legacy_useful,maybe,no,heuristic audit; source-specific maps govern selection,final
reports/tables/final_selection_board.csv,.csv,17186,1782148100.7778134,metric_table,repository evidence,legacy_useful,maybe,no,heuristic audit; source-specific maps govern selection,final
reports/tables/fold_threshold_stability.csv,.csv,5546,1782147777.546834,metric_table,repository evidence,legacy_useful,maybe,no,heuristic audit; source-specific maps govern selection,experiment
reports/tables/main_model_cv_results.csv,.csv,3750,1781814247.9208121,metric_table,repository evidence,legacy_useful,maybe,no,heuristic audit; source-specific maps govern selection,experiment
reports/tables/missingness_by_feature_group.csv,.csv,541,1782147400.9009173,metric_table,repository evidence,legacy_useful,maybe,no,heuristic audit; source-specific maps govern selection,experiment
reports/tables/missingness_summary.csv,.csv,45816,1782147296.6921186,metric_table,repository evidence,legacy_useful,maybe,no,heuristic audit; source-specific maps govern selection,experiment
reports/tables/model_comparison_metrics.csv,.csv,860,1782147397.5069828,metric_table,repository evidence,legacy_useful,maybe,no,heuristic audit; source-specific maps govern selection,experiment
reports/tables/model_diagnosis_summary.csv,.csv,359,1782147429.1169934,metric_table,repository evidence,legacy_useful,maybe,no,heuristic audit; source-specific maps govern selection,experiment
reports/tables/model_zoo_fold_metrics.csv,.csv,15198,1782093873.2036774,report,repository evidence,rejected_experiment,yes,no,heuristic audit; source-specific maps govern selection,experiment
reports/tables/model_zoo_metrics.csv,.csv,6526,1782093873.1980035,report,repository evidence,rejected_experiment,yes,no,heuristic audit; source-specific maps govern selection,experiment
reports/tables/optuna_before_after_comparison.csv,.csv,1182,1782163199.8518882,report,repository evidence,rejected_experiment,yes,no,heuristic audit; source-specific maps govern selection,experiment
reports/tables/optuna_medical_best_params.csv,.csv,332,1782163199.8478608,report,repository evidence,rejected_experiment,yes,no,heuristic audit; source-specific maps govern selection,experiment
reports/tables/optuna_medical_candidate_fold_metrics.csv,.csv,2484,1782163199.882495,report,repository evidence,rejected_experiment,yes,no,heuristic audit; source-specific maps govern selection,experiment
reports/tables/optuna_medical_candidate_overfitting_gaps.csv,.csv,356,1782163199.882495,report,repository evidence,rejected_experiment,yes,no,heuristic audit; source-specific maps govern selection,experiment
reports/tables/optuna_medical_trials.csv,.csv,34021,1782163199.8420792,report,repository evidence,rejected_experiment,yes,no,heuristic audit; source-specific maps govern selection,experiment
reports/tables/overfitting_gap_analysis.csv,.csv,5684,1781649289.5892336,metric_table,repository evidence,legacy_useful,maybe,no,heuristic audit; source-specific maps govern selection,experiment
reports/tables/overlap_summary.csv,.csv,483,1782147296.7420583,metric_table,repository evidence,legacy_useful,maybe,no,heuristic audit; source-specific maps govern selection,experiment
reports/tables/panel_generalization_results.csv,.csv,147,1781814248.6972253,metric_table,repository evidence,legacy_useful,maybe,no,heuristic audit; source-specific maps govern selection,experiment
reports/tables/panel_specific_error_analysis.csv,.csv,42275,1782147929.5931165,metric_table,repository evidence,legacy_useful,maybe,no,heuristic audit; source-specific maps govern selection,experiment
reports/tables/panel_unique_bootstrap_ci.csv,.csv,1513,1781645589.024821,metric_table,repository evidence,legacy_useful,maybe,no,heuristic audit; source-specific maps govern selection,experiment
reports/tables/phase10_before_after_comparison.csv,.csv,1717,1782147932.2472045,metric_table,repository evidence,legacy_useful,maybe,no,heuristic audit; source-specific maps govern selection,experiment
reports/tables/threshold_optimization.csv,.csv,14527,1782147396.6660054,metric_table,repository evidence,legacy_useful,maybe,no,heuristic audit; source-specific maps govern selection,experiment
reports/tables/threshold_results.csv,.csv,170,1781814245.7454045,metric_table,repository evidence,legacy_useful,maybe,no,heuristic audit; source-specific maps govern selection,experiment
reports/tables/validation_split_diagnostics.csv,.csv,375,1782147296.9464903,metric_table,repository evidence,legacy_useful,maybe,no,heuristic audit; source-specific maps govern selection,experiment
reports/test_evaluation/test_data_discovery.md,.md,518,1782165459.0557702,report,repository evidence,legacy_useful,maybe,no,heuristic audit; source-specific maps govern selection,experiment
reports/v2/archive_plan.csv,.csv,65932,1782300815.511604,metric_table,repository evidence,legacy_useful,maybe,no,heuristic audit; source-specific maps govern selection,experiment
reports/v2/archive_plan.md,.md,296,1782300815.94046,report,repository evidence,legacy_useful,maybe,no,heuristic audit; source-specific maps govern selection,experiment
reports/v2/baseline_file_inventory.csv,.csv,797,1782300584.6006196,metric_table,repository evidence,legacy_useful,maybe,no,heuristic audit; source-specific maps govern selection,experiment
reports/v2/baseline_metrics.json,.json,435,1782300584.5983045,metric_table,repository evidence,legacy_useful,maybe,no,heuristic audit; source-specific maps govern selection,experiment
reports/v2/baseline_state_manifest.md,.md,853,1782300584.5963073,report,repository evidence,legacy_useful,maybe,no,heuristic audit; source-specific maps govern selection,experiment
reports/v2/repository_cleanup_audit.md,.md,649,1782300815.9384468,report,repository evidence,legacy_useful,maybe,no,heuristic audit; source-specific maps govern selection,experiment
reports/v2/repository_file_classification.csv,.csv,308876,1782300815.4985895,metric_table,repository evidence,legacy_useful,maybe,no,heuristic audit; source-specific maps govern selection,experiment
reports/v3/00_baseline_freeze.md,.md,882,1782300267.5511644,report,repository evidence,legacy_useful,maybe,no,heuristic audit; source-specific maps govern selection,experiment
reports/v3/baseline_artifact_manifest.csv,.csv,858,1782300267.1064913,metric_table,repository evidence,legacy_useful,maybe,no,heuristic audit; source-specific maps govern selection,experiment
reports/v3/baseline_metrics.json,.json,1953,1782300267.0467665,metric_table,repository evidence,legacy_useful,maybe,no,heuristic audit; source-specific maps govern selection,experiment
reports/v3/baseline_reproduction_log.md,.md,412,1782300267.5511644,report,repository evidence,legacy_useful,maybe,no,heuristic audit; source-specific maps govern selection,experiment
reports/eda/figures/al_pca_cumulative_variance.png,.png,58350,1781630786.4690588,figure,repository evidence,legacy_useful,maybe,no,heuristic audit; source-specific maps govern selection,experiment
reports/eda/figures/eda_model_feature_alignment.png,.png,50241,1781640602.655391,figure,repository evidence,legacy_useful,maybe,no,heuristic audit; source-specific maps govern selection,experiment
reports/eda/figures/ek_spearman_correlation.png,.png,50477,1781630779.0488303,figure,repository evidence,legacy_useful,maybe,no,heuristic audit; source-specific maps govern selection,experiment
reports/eda/figures/missingness_top80.png,.png,128762,1781630775.3261528,figure,repository evidence,legacy_useful,maybe,no,heuristic audit; source-specific maps govern selection,experiment
reports/eda/figures/top10_numeric_boxplots.png,.png,110355,1781630783.2628007,figure,repository evidence,legacy_useful,maybe,no,heuristic audit; source-specific maps govern selection,experiment
reports/eda/tables/eda_model_feature_alignment.csv,.csv,30605,1781640602.8044558,metric_table,repository evidence,legacy_useful,maybe,no,heuristic audit; source-specific maps govern selection,experiment
reports/eda/tables/eda_panel_model_alignment.csv,.csv,409,1781640602.8081698,metric_table,repository evidence,legacy_useful,maybe,no,heuristic audit; source-specific maps govern selection,experiment
reports/eda/tables/eda_to_model_decision_bridge.csv,.csv,1639,1781640602.8121097,metric_table,repository evidence,legacy_useful,maybe,no,heuristic audit; source-specific maps govern selection,experiment
reports/eda/tables/phase1_constant_near_constant.csv,.csv,1721,1781630773.9238548,metric_table,repository evidence,legacy_useful,maybe,no,heuristic audit; source-specific maps govern selection,experiment
reports/eda/tables/phase1_missingness_bands.csv,.csv,65,1781630773.9911308,metric_table,repository evidence,legacy_useful,maybe,no,heuristic audit; source-specific maps govern selection,experiment
reports/eda/tables/phase1_missingness_profile.csv,.csv,13688,1781630773.9891198,metric_table,repository evidence,legacy_useful,maybe,no,heuristic audit; source-specific maps govern selection,experiment
reports/eda/tables/phase1_overlaps.csv,.csv,233,1781630773.5675411,metric_table,repository evidence,legacy_useful,maybe,no,heuristic audit; source-specific maps govern selection,experiment
reports/eda/tables/phase1_schema_class_balance.csv,.csv,298,1781630773.416092,metric_table,repository evidence,legacy_useful,maybe,no,heuristic audit; source-specific maps govern selection,experiment
reports/eda/tables/phase2_aa_frequency.csv,.csv,619,1781630779.245296,metric_table,repository evidence,legacy_useful,maybe,no,heuristic audit; source-specific maps govern selection,experiment
reports/eda/tables/phase2_aa_nonstandard_codes.csv,.csv,127,1781630779.2690392,metric_table,repository evidence,legacy_useful,maybe,no,heuristic audit; source-specific maps govern selection,experiment
reports/eda/tables/phase2_aa_pairs.csv,.csv,1205,1781630779.2570605,metric_table,repository evidence,legacy_useful,maybe,no,heuristic audit; source-specific maps govern selection,experiment
reports/eda/tables/phase2_al_distribution_summary.csv,.csv,48880,1781630777.4938831,metric_table,repository evidence,legacy_useful,maybe,no,heuristic audit; source-specific maps govern selection,experiment
reports/eda/tables/phase2_al_groups_by_n_notna.csv,.csv,384,1781630777.5041785,metric_table,repository evidence,legacy_useful,maybe,no,heuristic audit; source-specific maps govern selection,experiment
reports/eda/tables/phase2_cat_label_rates.csv,.csv,4145,1781630778.41022,metric_table,repository evidence,legacy_useful,maybe,no,heuristic audit; source-specific maps govern selection,experiment
reports/eda/tables/phase2_cat_summary.csv,.csv,280,1781630778.3998725,metric_table,repository evidence,legacy_useful,maybe,no,heuristic audit; source-specific maps govern selection,experiment
reports/eda/tables/phase2_ek_spearman_correlation.csv,.csv,1535,1781630779.2364013,metric_table,repository evidence,legacy_useful,maybe,no,heuristic audit; source-specific maps govern selection,experiment
reports/eda/tables/phase2_ek_summary.csv,.csv,1364,1781630778.446193,metric_table,repository evidence,legacy_useful,maybe,no,heuristic audit; source-specific maps govern selection,experiment
reports/eda/tables/phase3_missingness_as_feature.csv,.csv,36720,1781630785.1929584,metric_table,repository evidence,legacy_useful,maybe,no,heuristic audit; source-specific maps govern selection,experiment
reports/eda/tables/phase3_numeric_auc_ranked.csv,.csv,28559,1781630781.3051312,metric_table,repository evidence,legacy_useful,maybe,no,heuristic audit; source-specific maps govern selection,experiment
reports/eda/tables/phase4_al_pca.csv,.csv,974,1781630786.614694,metric_table,repository evidence,legacy_useful,maybe,no,heuristic audit; source-specific maps govern selection,experiment
reports/eda/tables/phase4_al_triplet_correlations.csv,.csv,8540,1781630785.4436731,metric_table,repository evidence,legacy_useful,maybe,no,heuristic audit; source-specific maps govern selection,experiment
reports/eda/tables/phase4_cross_group_spearman.csv,.csv,4537,1781630785.5100904,metric_table,repository evidence,legacy_useful,maybe,no,heuristic audit; source-specific maps govern selection,experiment
reports/eda/tables/phase4_high_cross_group_correlations.csv,.csv,173,1781630785.5169148,metric_table,repository evidence,legacy_useful,maybe,no,heuristic audit; source-specific maps govern selection,experiment
reports/eda/tables/phase4_leakage_suspects.csv,.csv,79,1781630786.6188467,metric_table,repository evidence,legacy_useful,maybe,no,heuristic audit; source-specific maps govern selection,experiment
reports/eda/tables/phase5_panel_unique_vs_shared.csv,.csv,536,1781630787.8501284,metric_table,repository evidence,legacy_useful,maybe,no,heuristic audit; source-specific maps govern selection,experiment
reports/eda/tables/phase5_top10_cross_dataset_shift.csv,.csv,4119,1781630787.057578,metric_table,repository evidence,legacy_useful,maybe,no,heuristic audit; source-specific maps govern selection,experiment
reports/eda/tables/phase6_acmg_interpretation.csv,.csv,3298,1781630787.8564482,metric_table,repository evidence,legacy_useful,maybe,no,heuristic audit; source-specific maps govern selection,experiment
reports/eda_notebook_outputs/figures/al_pca_cumulative_variance.png,.png,58350,1781631304.4450939,figure,repository evidence,legacy_useful,maybe,no,heuristic audit; source-specific maps govern selection,experiment
reports/eda_notebook_outputs/figures/ek_spearman_correlation.png,.png,50477,1781631291.0614507,figure,repository evidence,legacy_useful,maybe,no,heuristic audit; source-specific maps govern selection,experiment
reports/eda_notebook_outputs/figures/missingness_top80.png,.png,130462,1781631284.9772508,figure,repository evidence,legacy_useful,maybe,no,heuristic audit; source-specific maps govern selection,experiment
reports/eda_notebook_outputs/figures/top10_numeric_boxplots.png,.png,110355,1781631299.9254391,figure,repository evidence,legacy_useful,maybe,no,heuristic audit; source-specific maps govern selection,experiment
reports/eda_notebook_outputs/tables/phase1_constant_near_constant.csv,.csv,1721,1781631283.7849038,metric_table,repository evidence,legacy_useful,maybe,no,heuristic audit; source-specific maps govern selection,experiment
reports/eda_notebook_outputs/tables/phase1_missingness_profile.csv,.csv,13688,1781631283.8422153,metric_table,repository evidence,legacy_useful,maybe,no,heuristic audit; source-specific maps govern selection,experiment
reports/eda_notebook_outputs/tables/phase1_overlaps.csv,.csv,233,1781631283.4980545,metric_table,repository evidence,legacy_useful,maybe,no,heuristic audit; source-specific maps govern selection,experiment
reports/eda_notebook_outputs/tables/phase1_schema_class_balance.csv,.csv,298,1781631283.297918,metric_table,repository evidence,legacy_useful,maybe,no,heuristic audit; source-specific maps govern selection,experiment
reports/eda_notebook_outputs/tables/phase2_aa_frequency.csv,.csv,619,1781631291.5290456,metric_table,repository evidence,legacy_useful,maybe,no,heuristic audit; source-specific maps govern selection,experiment
reports/eda_notebook_outputs/tables/phase2_aa_pairs.csv,.csv,1205,1781631291.5483415,metric_table,repository evidence,legacy_useful,maybe,no,heuristic audit; source-specific maps govern selection,experiment
reports/eda_notebook_outputs/tables/phase2_al_distribution_summary.csv,.csv,48880,1781631288.9183722,metric_table,repository evidence,legacy_useful,maybe,no,heuristic audit; source-specific maps govern selection,experiment
reports/eda_notebook_outputs/tables/phase2_al_groups_by_n_notna.csv,.csv,384,1781631288.9375405,metric_table,repository evidence,legacy_useful,maybe,no,heuristic audit; source-specific maps govern selection,experiment
reports/eda_notebook_outputs/tables/phase2_cat_label_rates.csv,.csv,4145,1781631290.2956016,metric_table,repository evidence,legacy_useful,maybe,no,heuristic audit; source-specific maps govern selection,experiment
reports/eda_notebook_outputs/tables/phase2_cat_summary.csv,.csv,280,1781631290.290273,metric_table,repository evidence,legacy_useful,maybe,no,heuristic audit; source-specific maps govern selection,experiment
reports/eda_notebook_outputs/tables/phase2_ek_spearman_correlation.csv,.csv,1535,1781631290.457364,metric_table,repository evidence,legacy_useful,maybe,no,heuristic audit; source-specific maps govern selection,experiment
reports/eda_notebook_outputs/tables/phase2_ek_summary.csv,.csv,1364,1781631290.395697,metric_table,repository evidence,legacy_useful,maybe,no,heuristic audit; source-specific maps govern selection,experiment
reports/eda_notebook_outputs/tables/phase3_missingness_as_feature.csv,.csv,29754,1781631296.769734,metric_table,repository evidence,legacy_useful,maybe,no,heuristic audit; source-specific maps govern selection,experiment
reports/eda_notebook_outputs/tables/phase3_numeric_auc_ranked.csv,.csv,28559,1781631294.83849,metric_table,repository evidence,legacy_useful,maybe,no,heuristic audit; source-specific maps govern selection,experiment
reports/eda_notebook_outputs/tables/phase4_al_pca.csv,.csv,974,1781631303.8631487,metric_table,repository evidence,legacy_useful,maybe,no,heuristic audit; source-specific maps govern selection,experiment
reports/eda_notebook_outputs/tables/phase4_al_triplet_correlations.csv,.csv,8540,1781631302.969027,metric_table,repository evidence,legacy_useful,maybe,no,heuristic audit; source-specific maps govern selection,experiment
reports/eda_notebook_outputs/tables/phase4_cross_group_spearman.csv,.csv,4537,1781631303.1294737,metric_table,repository evidence,legacy_useful,maybe,no,heuristic audit; source-specific maps govern selection,experiment
reports/eda_notebook_outputs/tables/phase4_high_cross_group_correlations.csv,.csv,173,1781631303.1456125,metric_table,repository evidence,legacy_useful,maybe,no,heuristic audit; source-specific maps govern selection,experiment
reports/eda_notebook_outputs/tables/phase4_leakage_suspects.csv,.csv,79,1781631304.8152707,metric_table,repository evidence,legacy_useful,maybe,no,heuristic audit; source-specific maps govern selection,experiment
reports/eda_notebook_outputs/tables/phase5_panel_unique_vs_shared.csv,.csv,536,1781631306.7685204,metric_table,repository evidence,legacy_useful,maybe,no,heuristic audit; source-specific maps govern selection,experiment
reports/eda_notebook_outputs/tables/phase5_top10_cross_dataset_shift.csv,.csv,4119,1781631305.1784267,metric_table,repository evidence,legacy_useful,maybe,no,heuristic audit; source-specific maps govern selection,experiment
reports/eda_notebook_outputs/tables/phase6_acmg_interpretation.csv,.csv,3298,1781631306.8861322,metric_table,repository evidence,legacy_useful,maybe,no,heuristic audit; source-specific maps govern selection,experiment
reports/figures/experiments/experiment_001_initial/advanced_threshold_comparison.png,.png,86591,1781648679.3485985,figure,repository evidence,legacy_useful,maybe,no,heuristic audit; source-specific maps govern selection,experiment
reports/figures/experiments/experiment_001_initial/brier_logloss_comparison.png,.png,42803,1781648782.9654033,figure,repository evidence,legacy_useful,maybe,no,heuristic audit; source-specific maps govern selection,experiment
reports/figures/experiments/experiment_001_initial/calibration_curves.png,.png,127938,1781648782.5050404,figure,repository evidence,legacy_useful,maybe,no,heuristic audit; source-specific maps govern selection,experiment
reports/figures/experiments/experiment_001_initial/class_distribution_by_dataset.png,.png,136109,1781646603.7564251,figure,repository evidence,legacy_useful,maybe,no,heuristic audit; source-specific maps govern selection,experiment
reports/figures/experiments/experiment_001_initial/confusion_matrix_cftr_unique.png,.png,84102,1781646581.319234,figure,repository evidence,legacy_useful,maybe,no,heuristic audit; source-specific maps govern selection,experiment
reports/figures/experiments/experiment_001_initial/confusion_matrix_kanser_unique.png,.png,92877,1781646579.426136,figure,repository evidence,legacy_useful,maybe,no,heuristic audit; source-specific maps govern selection,experiment
reports/figures/experiments/experiment_001_initial/confusion_matrix_master.png,.png,108099,1781646578.6262467,figure,repository evidence,legacy_useful,maybe,no,heuristic audit; source-specific maps govern selection,experiment
reports/figures/experiments/experiment_001_initial/confusion_matrix_pah_unique.png,.png,89661,1781646580.3159144,figure,repository evidence,legacy_useful,maybe,no,heuristic audit; source-specific maps govern selection,experiment
reports/figures/experiments/experiment_001_initial/confusion_matrix_panel_unique_combined.png,.png,95487,1781646582.2441325,figure,repository evidence,legacy_useful,maybe,no,heuristic audit; source-specific maps govern selection,experiment
reports/figures/experiments/experiment_001_initial/correlation_matrix_top_features.png,.png,335912,1781646562.866516,figure,repository evidence,legacy_useful,maybe,no,heuristic audit; source-specific maps govern selection,experiment
reports/figures/experiments/experiment_001_initial/error_analysis_key_features.png,.png,184959,1781646623.563907,figure,repository evidence,legacy_useful,maybe,no,heuristic audit; source-specific maps govern selection,experiment
reports/figures/experiments/experiment_001_initial/feature_group_ablation_comparison.png,.png,105542,1781649292.901658,figure,repository evidence,legacy_useful,maybe,no,heuristic audit; source-specific maps govern selection,experiment
reports/figures/experiments/experiment_001_initial/feature_importance.png,.png,62847,1781630045.6815517,figure,repository evidence,legacy_useful,maybe,no,heuristic audit; source-specific maps govern selection,experiment
reports/figures/experiments/experiment_001_initial/feature_importance_top30.png,.png,152299,1781646602.8577204,figure,repository evidence,legacy_useful,maybe,no,heuristic audit; source-specific maps govern selection,experiment
reports/figures/experiments/experiment_001_initial/final_calibration_curve.png,.png,127938,1781648782.5050404,figure,repository evidence,legacy_useful,maybe,no,heuristic audit; source-specific maps govern selection,final
reports/figures/experiments/experiment_001_initial/final_calibration_decision_plot.png,.png,57585,1781812257.5306861,figure,repository evidence,legacy_useful,maybe,no,heuristic audit; source-specific maps govern selection,final
reports/figures/experiments/experiment_001_initial/final_confusion_matrix_master.png,.png,108099,1781648478.546499,figure,repository evidence,legacy_useful,maybe,no,heuristic audit; source-specific maps govern selection,final
reports/figures/experiments/experiment_001_initial/final_error_group_feature_distributions.png,.png,87133,1781812167.5157337,figure,repository evidence,legacy_useful,maybe,no,heuristic audit; source-specific maps govern selection,final
reports/figures/experiments/experiment_001_initial/final_feature_importance.png,.png,62847,1781630045.6815517,figure,repository evidence,legacy_useful,maybe,no,heuristic audit; source-specific maps govern selection,final
reports/figures/experiments/experiment_001_initial/final_feature_importance_top30.png,.png,87821,1781812171.2410417,figure,repository evidence,legacy_useful,maybe,no,heuristic audit; source-specific maps govern selection,final
reports/figures/experiments/experiment_001_initial/final_fp_fn_feature_contrast.png,.png,61488,1781812168.211178,figure,repository evidence,legacy_useful,maybe,no,heuristic audit; source-specific maps govern selection,final
reports/figures/experiments/experiment_001_initial/final_model_comparison.png,.png,107813,1781646625.9793649,figure,repository evidence,legacy_useful,maybe,no,heuristic audit; source-specific maps govern selection,final
reports/figures/experiments/experiment_001_initial/final_panel_specific_confusion_matrices.png,.png,36958,1781812170.2258584,figure,repository evidence,legacy_useful,maybe,no,heuristic audit; source-specific maps govern selection,final
reports/figures/experiments/experiment_001_initial/final_panel_specific_metric_comparison.png,.png,61429,1781812169.16269,figure,repository evidence,legacy_useful,maybe,no,heuristic audit; source-specific maps govern selection,final
reports/figures/experiments/experiment_001_initial/final_pr_curve_master.png,.png,114868,1781648482.0984569,figure,repository evidence,legacy_useful,maybe,no,heuristic audit; source-specific maps govern selection,final
reports/figures/experiments/experiment_001_initial/final_roc_curve_master.png,.png,129207,1781648481.5066822,figure,repository evidence,legacy_useful,maybe,no,heuristic audit; source-specific maps govern selection,final
reports/figures/experiments/experiment_001_initial/final_threshold_analysis.png,.png,119718,1781648678.5715191,figure,repository evidence,legacy_useful,maybe,no,heuristic audit; source-specific maps govern selection,final
reports/figures/experiments/experiment_001_initial/fold_threshold_distribution.png,.png,39189,1781648736.6026633,figure,repository evidence,legacy_useful,maybe,no,heuristic audit; source-specific maps govern selection,experiment
reports/figures/experiments/experiment_001_initial/missingness_by_feature_group.png,.png,84214,1781646604.5893722,figure,repository evidence,legacy_useful,maybe,no,heuristic audit; source-specific maps govern selection,experiment
reports/figures/experiments/experiment_001_initial/model_comparison.png,.png,66194,1781645351.620504,figure,repository evidence,legacy_useful,maybe,no,heuristic audit; source-specific maps govern selection,experiment
reports/figures/experiments/experiment_001_initial/model_comparison_metrics.png,.png,218707,1781646601.4989383,figure,repository evidence,legacy_useful,maybe,no,heuristic audit; source-specific maps govern selection,experiment
reports/figures/experiments/experiment_001_initial/optuna_medical_optimization_history.png,.png,96262,1782163200.65353,report,repository evidence,rejected_experiment,yes,no,heuristic audit; source-specific maps govern selection,experiment
reports/figures/experiments/experiment_001_initial/optuna_param_importance.png,.png,53561,1782163201.9790804,report,repository evidence,rejected_experiment,yes,no,heuristic audit; source-specific maps govern selection,experiment
reports/figures/experiments/experiment_001_initial/panel_confusion_matrices.png,.png,43865,1781649295.7342422,figure,repository evidence,legacy_useful,maybe,no,heuristic audit; source-specific maps govern selection,experiment
reports/figures/experiments/experiment_001_initial/panel_error_feature_distributions.png,.png,124442,1781649298.618883,figure,repository evidence,legacy_useful,maybe,no,heuristic audit; source-specific maps govern selection,experiment
reports/figures/experiments/experiment_001_initial/phase10_before_after_comparison.png,.png,81403,1781812162.20112,figure,repository evidence,legacy_useful,maybe,no,heuristic audit; source-specific maps govern selection,experiment
reports/figures/experiments/experiment_001_initial/pr_curve_master.png,.png,114868,1781646583.651016,figure,repository evidence,legacy_useful,maybe,no,heuristic audit; source-specific maps govern selection,experiment
reports/figures/experiments/experiment_001_initial/pr_curve_panel_unique.png,.png,154268,1781646585.9427228,figure,repository evidence,legacy_useful,maybe,no,heuristic audit; source-specific maps govern selection,experiment
reports/figures/experiments/experiment_001_initial/roc_curve_master.png,.png,129207,1781646582.9820454,figure,repository evidence,legacy_useful,maybe,no,heuristic audit; source-specific maps govern selection,experiment
reports/figures/experiments/experiment_001_initial/roc_curve_panel_unique.png,.png,147580,1781646584.615459,figure,repository evidence,legacy_useful,maybe,no,heuristic audit; source-specific maps govern selection,experiment
reports/figures/experiments/experiment_001_initial/threshold_comparison.png,.png,25939,1781645351.0591152,figure,repository evidence,legacy_useful,maybe,no,heuristic audit; source-specific maps govern selection,experiment
reports/figures/experiments/experiment_001_initial/threshold_metric_curves.png,.png,119718,1781648678.5715191,figure,repository evidence,legacy_useful,maybe,no,heuristic audit; source-specific maps govern selection,experiment
reports/figures/experiments/experiment_001_initial/threshold_optimization.png,.png,220571,1781646600.2217436,figure,repository evidence,legacy_useful,maybe,no,heuristic audit; source-specific maps govern selection,experiment
reports/figures/experiments/experiment_001_initial/train_vs_validation_metrics.png,.png,106006,1781649291.6438367,figure,repository evidence,legacy_useful,maybe,no,heuristic audit; source-specific maps govern selection,experiment
reports/test_evaluation/tables/test_schema_audit.csv,.csv,2,1782165459.0557702,metric_table,repository evidence,legacy_useful,maybe,no,heuristic audit; source-specific maps govern selection,experiment
scripts/__pycache__/create_eda_notebook.cpython-312.pyc,.pyc,22091,1781655675.1545892,temporary_or_cache,repository evidence,safe_delete_candidate,yes,no,heuristic audit; source-specific maps govern selection,experiment
scripts/__pycache__/run_final_selection_board.cpython-312.pyc,.pyc,1453,1782147153.8197112,temporary_or_cache,repository evidence,safe_delete_candidate,yes,no,heuristic audit; source-specific maps govern selection,final
scripts/__pycache__/run_final_test_evaluation.cpython-312.pyc,.pyc,3397,1782165452.5598447,temporary_or_cache,repository evidence,safe_delete_candidate,yes,no,heuristic audit; source-specific maps govern selection,final
scripts/__pycache__/run_optuna_lgbm_study.cpython-312.pyc,.pyc,22490,1782161484.3365371,temporary_or_cache,repository evidence,safe_delete_candidate,yes,no,heuristic audit; source-specific maps govern selection,experiment
src/teknofest/data_prep.py,.py,4973,1781626569.7241755,script,repository evidence,active_core,no,no,heuristic audit; source-specific maps govern selection,experiment
src/teknofest/eda.py,.py,25988,1781630759.905082,script,repository evidence,active_core,no,no,heuristic audit; source-specific maps govern selection,experiment
src/teknofest/experiments.py,.py,23359,1781633848.7593408,script,repository evidence,active_core,no,no,heuristic audit; source-specific maps govern selection,experiment
src/teknofest/explainability.py,.py,10418,1781629991.1079516,script,repository evidence,active_core,no,no,heuristic audit; source-specific maps govern selection,experiment
src/teknofest/features.py,.py,8290,1781626855.5663855,script,repository evidence,active_core,no,no,heuristic audit; source-specific maps govern selection,experiment
src/teknofest/training.py,.py,25479,1782161315.0288446,script,repository evidence,active_core,no,no,heuristic audit; source-specific maps govern selection,experiment
src/teknofest/validation.py,.py,2983,1781629182.824554,script,repository evidence,active_core,no,no,heuristic audit; source-specific maps govern selection,experiment
src/teknofest/__init__.py,.py,68,1781626459.802788,script,repository evidence,active_core,no,no,heuristic audit; source-specific maps govern selection,experiment
src/__pycache__/advanced_bio_features.cpython-312.pyc,.pyc,21478,1782090987.7616608,temporary_or_cache,repository evidence,safe_delete_candidate,yes,no,heuristic audit; source-specific maps govern selection,experiment
src/__pycache__/baselines.cpython-312.pyc,.pyc,3413,1782147285.1305766,temporary_or_cache,repository evidence,safe_delete_candidate,yes,no,heuristic audit; source-specific maps govern selection,experiment
src/__pycache__/config.cpython-312.pyc,.pyc,866,1781816149.7724934,temporary_or_cache,repository evidence,safe_delete_candidate,yes,no,heuristic audit; source-specific maps govern selection,experiment
src/__pycache__/data_loading.cpython-312.pyc,.pyc,4271,1781816147.351705,temporary_or_cache,repository evidence,safe_delete_candidate,yes,no,heuristic audit; source-specific maps govern selection,experiment
src/__pycache__/evaluation.cpython-312.pyc,.pyc,8192,1782090995.4339478,temporary_or_cache,repository evidence,safe_delete_candidate,yes,no,heuristic audit; source-specific maps govern selection,experiment
src/__pycache__/feature_stability_selection.cpython-312.pyc,.pyc,24863,1782090996.8558235,temporary_or_cache,repository evidence,safe_delete_candidate,yes,no,heuristic audit; source-specific maps govern selection,experiment
src/__pycache__/final_ensembling.cpython-312.pyc,.pyc,20467,1782146517.8661416,temporary_or_cache,repository evidence,safe_delete_candidate,yes,no,heuristic audit; source-specific maps govern selection,final
src/__pycache__/final_inference.cpython-312.pyc,.pyc,10001,1782090995.6003268,temporary_or_cache,repository evidence,safe_delete_candidate,yes,no,heuristic audit; source-specific maps govern selection,final
src/__pycache__/final_model_zoo.cpython-312.pyc,.pyc,20693,1782093386.4105568,temporary_or_cache,repository evidence,safe_delete_candidate,yes,no,heuristic audit; source-specific maps govern selection,final
src/__pycache__/final_selection_board.cpython-312.pyc,.pyc,34738,1782148092.0730853,temporary_or_cache,repository evidence,safe_delete_candidate,yes,no,heuristic audit; source-specific maps govern selection,final
src/__pycache__/final_test_evaluation.cpython-312.pyc,.pyc,21663,1782165452.4823432,temporary_or_cache,repository evidence,safe_delete_candidate,yes,no,heuristic audit; source-specific maps govern selection,final
src/__pycache__/final_thresholding.cpython-312.pyc,.pyc,8628,1782090993.0142057,temporary_or_cache,repository evidence,safe_delete_candidate,yes,no,heuristic audit; source-specific maps govern selection,final
src/__pycache__/medical_metrics.cpython-312.pyc,.pyc,10775,1782090962.290215,temporary_or_cache,repository evidence,safe_delete_candidate,yes,no,heuristic audit; source-specific maps govern selection,experiment
src/__pycache__/phase10_improvements.cpython-312.pyc,.pyc,98911,1782147290.9365985,temporary_or_cache,repository evidence,safe_delete_candidate,yes,no,heuristic audit; source-specific maps govern selection,experiment
src/__pycache__/phase9_outputs.cpython-312.pyc,.pyc,37418,1782147290.8617709,temporary_or_cache,repository evidence,safe_delete_candidate,yes,no,heuristic audit; source-specific maps govern selection,experiment
src/teknofest/__pycache__/data_prep.cpython-312.pyc,.pyc,7826,1781655675.3801782,temporary_or_cache,repository evidence,safe_delete_candidate,yes,no,heuristic audit; source-specific maps govern selection,experiment
src/teknofest/__pycache__/eda.cpython-312.pyc,.pyc,38075,1781655675.4989307,temporary_or_cache,repository evidence,safe_delete_candidate,yes,no,heuristic audit; source-specific maps govern selection,experiment
src/teknofest/__pycache__/experiments.cpython-312.pyc,.pyc,31537,1782147291.0260816,temporary_or_cache,repository evidence,safe_delete_candidate,yes,no,heuristic audit; source-specific maps govern selection,experiment
src/teknofest/__pycache__/explainability.cpython-312.pyc,.pyc,13334,1781655675.6099968,temporary_or_cache,repository evidence,safe_delete_candidate,yes,no,heuristic audit; source-specific maps govern selection,experiment
src/teknofest/__pycache__/features.cpython-312.pyc,.pyc,14731,1781655675.7399578,temporary_or_cache,repository evidence,safe_delete_candidate,yes,no,heuristic audit; source-specific maps govern selection,experiment
src/teknofest/__pycache__/training.cpython-312.pyc,.pyc,35655,1782161484.2858818,temporary_or_cache,repository evidence,safe_delete_candidate,yes,no,heuristic audit; source-specific maps govern selection,experiment
src/teknofest/__pycache__/validation.cpython-312.pyc,.pyc,5060,1781655675.9665325,temporary_or_cache,repository evidence,safe_delete_candidate,yes,no,heuristic audit; source-specific maps govern selection,experiment
src/teknofest/__pycache__/__init__.cpython-312.pyc,.pyc,241,1781655675.2519796,temporary_or_cache,repository evidence,safe_delete_candidate,yes,no,heuristic audit; source-specific maps govern selection,experiment
teknofest2026_artificialintelligenceinhealtcare-main/src/config.py,.py,2241,1781626265.4070392,test,repository evidence,protected_final,no,yes,heuristic audit; source-specific maps govern selection,experiment
teknofest2026_artificialintelligenceinhealtcare-main/src/feature_engineering.py,.py,2968,1781626265.4394708,test,repository evidence,protected_final,no,yes,heuristic audit; source-specific maps govern selection,experiment
teknofest2026_artificialintelligenceinhealtcare-main/src/preprocessing.py,.py,4048,1781626265.4720953,test,repository evidence,protected_final,no,yes,heuristic audit; source-specific maps govern selection,experiment
teknofest2026_artificialintelligenceinhealtcare-main/src/utils/config.py,.py,2520,1781626265.5030682,test,repository evidence,protected_final,no,yes,heuristic audit; source-specific maps govern selection,experiment
tests/__pycache__/conftest.cpython-312-pytest-9.0.2.pyc,.pyc,727,1782090985.8740916,temporary_or_cache,repository evidence,safe_delete_candidate,yes,no,heuristic audit; source-specific maps govern selection,experiment
tests/__pycache__/test_advanced_bio_features.cpython-312-pytest-9.0.2.pyc,.pyc,2928,1782090986.263429,temporary_or_cache,repository evidence,safe_delete_candidate,yes,no,heuristic audit; source-specific maps govern selection,experiment
tests/__pycache__/test_data_loading.cpython-312-pytest-9.0.2.pyc,.pyc,3632,1782090987.8055036,temporary_or_cache,repository evidence,safe_delete_candidate,yes,no,heuristic audit; source-specific maps govern selection,experiment
tests/__pycache__/test_ensembling.cpython-312-pytest-9.0.2.pyc,.pyc,5841,1782146444.7578483,temporary_or_cache,repository evidence,safe_delete_candidate,yes,no,heuristic audit; source-specific maps govern selection,experiment
tests/__pycache__/test_evaluation.cpython-312-pytest-9.0.2.pyc,.pyc,1932,1782090995.3912306,temporary_or_cache,repository evidence,safe_delete_candidate,yes,no,heuristic audit; source-specific maps govern selection,experiment
tests/__pycache__/test_features.cpython-312-pytest-9.0.2.pyc,.pyc,4184,1782090995.4598477,temporary_or_cache,repository evidence,safe_delete_candidate,yes,no,heuristic audit; source-specific maps govern selection,experiment
tests/__pycache__/test_final_inference_schema.cpython-312-pytest-9.0.2.pyc,.pyc,4906,1782090995.5806978,temporary_or_cache,repository evidence,safe_delete_candidate,yes,no,heuristic audit; source-specific maps govern selection,final
tests/__pycache__/test_final_model_zoo.cpython-312-pytest-9.0.2.pyc,.pyc,1350,1782093972.5703385,temporary_or_cache,repository evidence,safe_delete_candidate,yes,no,heuristic audit; source-specific maps govern selection,final
tests/__pycache__/test_final_selection_board.cpython-312-pytest-9.0.2.pyc,.pyc,3329,1782147256.03224,temporary_or_cache,repository evidence,safe_delete_candidate,yes,no,heuristic audit; source-specific maps govern selection,final
tests/__pycache__/test_final_selection_board.cpython-312.pyc,.pyc,1903,1782147153.8278875,temporary_or_cache,repository evidence,safe_delete_candidate,yes,no,heuristic audit; source-specific maps govern selection,final
tests/__pycache__/test_fold_safe_target_encoding.cpython-312-pytest-9.0.2.pyc,.pyc,3005,1782090996.7753968,temporary_or_cache,repository evidence,safe_delete_candidate,yes,no,heuristic audit; source-specific maps govern selection,experiment
tests/__pycache__/test_medical_metrics.cpython-312-pytest-9.0.2.pyc,.pyc,4983,1782090996.8038082,temporary_or_cache,repository evidence,safe_delete_candidate,yes,no,heuristic audit; source-specific maps govern selection,experiment
tests/__pycache__/test_medical_optuna.cpython-312-pytest-9.0.2.pyc,.pyc,6117,1782161469.6039214,temporary_or_cache,repository evidence,safe_delete_candidate,yes,no,heuristic audit; source-specific maps govern selection,experiment
tests/__pycache__/test_no_variant_id_leakage.cpython-312-pytest-9.0.2.pyc,.pyc,2452,1782090996.8196838,temporary_or_cache,repository evidence,safe_delete_candidate,yes,no,heuristic audit; source-specific maps govern selection,experiment
tests/__pycache__/test_thresholding.cpython-312-pytest-9.0.2.pyc,.pyc,2874,1782090996.9147286,temporary_or_cache,repository evidence,safe_delete_candidate,yes,no,heuristic audit; source-specific maps govern selection,experiment
tests/__pycache__/test_validation.cpython-312-pytest-9.0.2.pyc,.pyc,3651,1782090996.9637592,temporary_or_cache,repository evidence,safe_delete_candidate,yes,no,heuristic audit; source-specific maps govern selection,experiment
